row_type,row_id,paper_year,question_number_or_topic_id,text_preview,flags,sample_reason,decision,notes,assign_topic_id,difficulty,stimulus_preview
question,991f23ad-3a4c-4ec2-af4e-e55303337e87,2011,250,"""Over - dependence on bureaucracy for bringing about socio - economic development in India has proved to be dysfunctional."" Comment.",no_primary_tag,flagged,,,5ce990b6-c928-44fd-84e6-f90dd20925aa,,
question,3f7f9d4b-aaa8-4862-84f6-9f448bea3e6f,2011,251,"""The performance of Lok Ayuktas in various States has been uneven."" Comment with examples.",no_primary_tag,flagged,,,96208cf6-989f-409f-af4c-d2644a8784be,,
question,9e495670-ec7d-4327-ab55-f2ec905be297,2011,252,Explain with appropriate illustrations the interface between political culture and bureaucratic culture in contemporary India.,no_primary_tag,flagged,,,645563c0-9b32-4e2e-a67e-dbebdaec789f,,
question,37724c35-5a46-4e47-a625-fa5c2e8d752b,2011,253,Discuss the evolution of the role of the Prime Minister's Office (PMO) since independence.,no_primary_tag,flagged,,,a43230e6-23a4-4552-a4a5-7e0cd60fb234,,
question,ffc3c5dc-29b8-49ba-ad8b-6ce1af260936,2011,254,"""Administrative reforms get diluted because of constant tinkering on the margin rather than a holistic transformation."" Discuss the statemen",no_primary_tag,flagged,,,45a6d742-154d-4fbb-acd2-05d48f79fee5,,
question,63bf8660-aef2-44b3-a6a0-10b25dcac489,2011,255,"Comment on the following statement: ""The Comptroller and Auditor - General (CAG) of India is a prosecutor with a law that hobbles its functi",no_primary_tag,flagged,,,82844689-d4fa-4edc-a3f1-4c82620b0e73,,
question,3277b616-e029-4b1b-bdd8-507b5c89d368,2011,256,"""Indian federalism is passing through a state of potential maturity."" Discuss this statement in the context of the views of the Commission o",no_primary_tag,flagged,,,963f4c27-d719-4bb3-b224-f6667d079211,,
question,7f67e032-958b-432c-8fa4-8ee7a6cd9128,2011,257,"""The theme of Police Reforms continues to haunt the Parliament."" In the light of this statement, discuss the state of Criminal Justice Syste",no_primary_tag,flagged,,,48590ba7-b646-4efe-93b7-66f3d5a05cc6,,
question,39092570-0d19-42a4-b2ca-8fd0770ad265,2011,258,'Performance Appraisal Systems' with special reference to the Performance Management and Evaluation System (PMES) are expected to transform ,no_primary_tag,flagged,,,6a3f1148-7456-479e-a93e-ae04138547cd,,
question,bb596c31-cdf0-464e-b5d0-904547497877,2011,259,"""The real problem of administrative reforms in India at the State and the local levels is that they are imposed from above."" Comment.",no_primary_tag,flagged,,,12059ea5-7446-481e-b34e-a9277eb44639,,
question,495a739c-08f4-4682-9717-2616bb3798d7,2011,260,Discuss the basic principles of 'New Localism' as a part of the global - local debate.,no_primary_tag,flagged,,,24968146-e9bb-4cd8-8578-cd97a27e9305,,
question,090ad49b-996c-498e-8d74-076de1f81137,2011,261,"""Absence of District Planning Committees in a large number of planning at the district level."" Examine the above statement with examples.",no_primary_tag,flagged,,,abca61f0-ae41-4b6b-9705-f3ed583744f6,,
question,b287a2a3-1c67-4afa-8602-5ac98efcb28f,2011,262,"(i) ""One Lok Pal, howsoever strong it may be, cannot eliminate corruption in the politico- administrative system in India."" Comment. www.lot",no_primary_tag,flagged,,,96208cf6-989f-409f-af4c-d2644a8784be,,
question,67e83c00-b58e-4c0a-a3fe-625900f2b219,2011,263,"""Grievance redressal system is perhaps the weakest link in India's civil service management."" Comment. (b) ""Community policing has become a ",no_primary_tag,flagged,,,8452c359-db7a-4e3f-80ac-005c38e75dad,,
question,cfc629aa-fa63-4564-8e9a-4ab04c80c03b,2011,264,Can the holding company's structure act as an institutional change to add to efficiency? Give your answer with appropriate illustrations.,no_primary_tag,flagged,,,bc8bbb58-3aef-4988-8c5a-8e3b3230c9a8,,
question,00d4650d-32bb-4a49-932a-178c81a66df7,2011,265,Examine the institutional vulnerability of municipal governance in the midst of an emerging spectre of multiple partnerships.,no_primary_tag,flagged,,,c3e3024b-5f0c-428f-8e8c-8ec45d4c95a0,,
question,5422cfc2-cd45-4e47-8e67-42c9379714b4,2011,266,(i) Identify the different conceptual categories of disasters.,no_primary_tag,flagged,,,d7d54e3a-afa5-4349-b292-098f1257b730,,
question,f1541fb4-880a-40ce-914b-f52917149c6e,2011,267,"Write a note on the new culture of disaster management. (b) ""Disaster insurance is desirable but not an easy proposition to implement."" Illu",no_primary_tag,flagged,,,d7d54e3a-afa5-4349-b292-098f1257b730,,
question,c5c9981a-7888-4af7-837b-bbfc54604991,2012,250,"""The Mughal Administrative System was military rule by nature and a form of centralised despotism."" Analyse.",no_primary_tag,flagged,,,efe5f805-e241-4f9b-adb7-c2499ba4b2c4,,
question,8395e37a-1221-4b45-a948-37baea7865c0,2012,251,"'Judges should not govern the country. They can lay down a law, not interfere with governance.' Discuss.",no_primary_tag,flagged,,,cc75d6af-7b1c-43c3-bc47-68f74d908bb2,,
question,6407fc8a-8004-4819-8586-d974dab4b557,2012,252,Critically examine the variables in the composition and functioning of Cabinet Committees.,no_primary_tag,flagged,,,a43230e6-23a4-4552-a4a5-7e0cd60fb234,,
question,5716d71f-3978-4975-b1f8-0dfb41dadcf5,2012,253,"""'Memorandum of Understanding' scheme between the Government and Public enterprises has forced public undertakings to improve their overall ",no_primary_tag,flagged,,,3a97f920-c289-41ef-83b0-4f470f1204b3,,
question,6af7d1d0-e30b-4abf-95a1-a869a3514bff,2012,254,To what extent has the 74th Constitutional Amendment Act created a 'federation within a federation' in India?,no_primary_tag,flagged,,,445f4be1-91c3-4598-88ba-38cda3a2ea1c,,
question,14090990-a9f1-40cc-8583-4516cbeb29a6,2012,255,"""The success and prestige enjoyed by a Chief Secretary depend, to a large extent, upon his equations with the varied sets of people and inst",no_primary_tag,flagged,,,708b15be-1f1d-43ec-9686-7e66562f372c,,
question,eb13f4a4-5edf-496a-a9bf-790e05754a6f,2012,256,"In the exercise of his/her functions, the President of India is a mere 'Convenient working hypothesis'. Do you agree with this view? Justify",no_primary_tag,flagged,,,cc75d6af-7b1c-43c3-bc47-68f74d908bb2,,
question,ba8d70f6-46d3-4e5a-a38f-396e95b601f3,2012,257,'Parliamentary Departmental Committees have played their role effectively in analysing the demands for grants.' Evaluate.,no_primary_tag,flagged,,,bd7c091c-e67e-4fef-9796-28aeef7fffab,,
question,f4056bec-46a0-4037-a32e-07787251b8e6,2012,258,(i) Explain the emerging ambiguity in respect Collector in the wake of the 73 rd Constitutional Amendment Act.,no_primary_tag,flagged,,,2335708c-9aa0-4eee-901e-facde46aa9fe,,
question,1acec4c4-724b-4e37-a3fe-12a0faf0a992,2012,259,"Justify 'indicative' planning in the context of LPG. (c) 'Parliament is an independent institution, not to be seen as an extension of govern",no_primary_tag,flagged,,,5c0bada2-886d-40ff-af33-3d71ba3f661b,,
question,48f719d4-72c5-4508-b8e0-21e6900056ef,2012,260,'The authority of the Governor in the discretionary field is not unrestrained. If it is misused … the President can check him/her and if nec,non_ascii_suspect;no_primary_tag,flagged,,,9effe33d-2b90-4b39-82a3-14f4c4281fd5,,
question,c42d3d85-5b97-45e1-9ad1-c6e116000ff3,2012,261,Discuss the recommendations of the Sarkaria Commission in respect of the National Development Council for improving Centre-State planning re,no_primary_tag,flagged,,,4d66d3af-d945-47ea-96b8-d73601943ef2,,
question,c25bfd42-dec9-4a03-bdf6-773e40ec8041,2012,262,'The Arthashastra is a book of political realism.' Elaborate.,no_primary_tag,flagged,,,e3e84062-d6fe-4fe8-a97c-87b9804c857d,,
question,4427cd79-913b-42fb-aa9b-9adff8143fdc,2012,263,"'Bureaucrats should not play politics, but understand how politics works.' Comment.",no_primary_tag,flagged,,,3c1a5edc-0129-4062-8348-8c99d9b52c2a,,
question,b4c67631-9013-4163-8a72-7f8e7ba6e38c,2012,264,'Good governance is closely aligned with effective democratic governance.' Elaborate.,no_primary_tag,flagged,,,4cfab548-52f2-4c28-8e86-07b89a4f1820,,
question,8aa663c4-08ef-48f0-b10d-1ba9ec9c5492,2012,265,'Corruption is more of an environmental that an administrative problem.' Discuss.,no_primary_tag,flagged,,,96208cf6-989f-409f-af4c-d2644a8784be,,
question,2687e6bd-7e6a-4b59-b15a-939425259578,2012,266,'Questions represent a powerful technique of parliamentary control over expenditure.' Explain.,no_primary_tag,flagged,,,bd7c091c-e67e-4fef-9796-28aeef7fffab,,
question,c350014c-de74-4de4-8b57-92ae729d6238,2012,267,'Panchayati Raj Institutions are still affected by State control and domination by bureaucracy.' Do you agree?,no_primary_tag,flagged,,,2cb735d0-d6c2-4cc2-b46a-3022646d914f,,
question,36d63c0c-26c9-4154-a134-15e9f69fb50b,2012,268,"Local self-government in India is the interplay of several factors - historical, ideological, and administrative. Critically examine these f",no_primary_tag,flagged,,,0b6707bc-7d78-4ca6-b9e7-8377ae9ea937,,
question,6b719439-4c48-44f8-8e9a-d8353a233a78,2012,269,"'Efforts made towards administrative reforms so far have been lacking in congruence between strategy, structure and substance.' Discuss with",no_primary_tag,flagged,,,45a6d742-154d-4fbb-acd2-05d48f79fee5,,
question,1b2ee55a-6bb0-4ed3-9969-d432a01396b4,2012,270,Indian administration is yet to fully appreciate and adopt the benefits of Information Technology. Elucidate.,no_primary_tag,flagged,,,4cfab548-52f2-4c28-8e86-07b89a4f1820,,
question,e89f5e32-f072-49a9-a8c4-8224b62f4805,2012,271,What is an output - based performance budgeting system? Analyse this system in the context of India.,no_primary_tag,flagged,,,d58ee399-68a2-4406-ab6a-49876488b4d8,,
question,be8cfa11-899d-4111-b384-d1ebde0a7aab,2012,272,NGOs demand greater autonomy from the State and are now 'new actors' in development. How effective are they as instruments of decentralisati,no_primary_tag,flagged,,,f21ac201-c82f-42f6-a6bc-f75c156d2219,,
question,9ee9d127-52d7-433b-834f-671e6fe8ff74,2012,273,"Compare and contrast the Padmanabhaiah, Ribeiro and Mallinath Committee Reports.",no_primary_tag,flagged,,,10d075a3-282e-4568-a460-707a1174ee28,,
question,a8c31a08-df28-4203-9985-6059c84c1cc2,2012,274,"""Even though law and order administration is a State subject in the Indian Constitution, it is paradoxical that the para-military and other ",no_primary_tag,flagged,,,2ae2838c-e494-4790-a348-5fce3380923b,,
question,3ec78d65-5c88-45e6-b10d-b32b63291ab4,2012,275,How does New Localism impact Centre-State-Local relations in the era of LPG? www.lotusarise.com.,no_primary_tag,flagged,,,24968146-e9bb-4cd8-8578-cd97a27e9305,,
question,652aeb54-d137-493a-ba4e-e7871ffb2578,2013,250,"""The Charter Act of 1853 marked the beginning of parliamentary system in India."" Explain.",no_primary_tag,flagged,,,64917456-6901-4f5c-bdba-cd190be51156,,
question,b7a8058f-43ba-43f4-9539-bc7898e85cf8,2013,251,"""Civil service neutrality is founded on the application of the principles of Rule of Law."" Comment.",no_primary_tag,flagged,,,a18cb1b7-d6ef-4834-baa7-232780443236,,
question,60528737-9493-4d18-bdf8-2dbc189e6f7d,2013,252,"""The second generation reforms in the Panchayati Raj institutions have changed Panchayats from an agency of development at local level into ",no_primary_tag,flagged,,,2cb735d0-d6c2-4cc2-b46a-3022646d914f,,
question,ec0e71c2-03a5-48c1-af9b-9b0375798674,2013,253,"""Finance Commission in India performs the job of statistics aggregation."" Comment.",no_primary_tag,flagged,,,6940ad06-8783-43f9-a75c-cd4aa8ba012d,,
question,6a164c50-6959-480d-a636-0d8ccd93833f,2013,254,"""Planning enables comprehensive and scientific understanding of problems."" Examine the statement in the context of planning methodology.",no_primary_tag,flagged,,,cf507b01-ede1-4a3d-9ef9-c6ba62f80a91,,
question,cd0abd81-8849-4142-889e-067f60138f33,2013,255,"""Bureaucratic agencies, characterized by established procedures, specialization, leadership, clear objectives, are not ideal to handle disas",no_primary_tag,flagged,,,3c1a5edc-0129-4062-8348-8c99d9b52c2a,,
question,426bfdaf-2410-49f1-9ff7-1c3c207cc71d,2013,256,"""The liberal-democratic ideology of the West influenced the shaping of value premises of the Indian Constitution."" Discuss.",no_primary_tag,flagged,,,8f4410ff-d252-42ab-8cf3-744cca508002,,
question,3429f951-28e7-4e41-a804-bb3c852b1092,2013,257,"""Autonomy to public sector undertakings is a myth."" Analyse in the context of the use of government expenditures by politicians who control ",no_primary_tag,flagged,,,3a97f920-c289-41ef-83b0-4f470f1204b3,,
question,696c51a4-b37f-403d-843d-bf6e962140ab,2013,258,"""Laws are enacted without involving the police in the conception stage, with the result implementation of these laws leaves much to be desir",no_primary_tag,flagged,,,48590ba7-b646-4efe-93b7-66f3d5a05cc6,,
question,4e27d3eb-cb46-442c-b0bf-31bee4889684,2013,259,"""Central Secretariat is the nodal agency for administering the Union subjects and establishing coordination among the various activities of ",no_primary_tag,flagged,,,5b9b2288-5468-4012-b888-99e8628b3969,,
question,5e1799ac-8ce8-446b-b1f2-1e50ad5783df,2013,260,Is there a need to dispense with the Office of the Governor? Examine in the context of coalition governments.,no_primary_tag,flagged,,,9effe33d-2b90-4b39-82a3-14f4c4281fd5,,
question,e30b0416-d488-4083-a187-9a9cd26f3870,2013,261,"""There is a tendency of centralism in Indian federalism, but it is not because of its institutional framework but because of its socialist g",no_primary_tag,flagged,,,963f4c27-d719-4bb3-b224-f6667d079211,,
question,53347274-42bc-40ea-94a7-116f561c7870,2013,262,"""Use of Information and Communication Technology (ICT) in Panchayat's functions enhances efficiency, transparency and accountability and als",no_primary_tag,flagged,,,2cb735d0-d6c2-4cc2-b46a-3022646d914f,,
question,7c00e9a0-9a9c-43fd-ba34-77a052d426cf,2013,263,"""Judicial review of administrative tribunal's decisions defeats the very objective of establishing tribunals."" Comment with reference to Cen",no_primary_tag,flagged,,,cc75d6af-7b1c-43c3-bc47-68f74d908bb2,,
question,9065a418-20f3-405b-a25f-b2480cfd26ea,2013,264,"""Public Administration today tends to be less public in quantitative terms, but more responsive to public needs than before in qualitative t",no_primary_tag,flagged,,,d198e299-4aa1-4158-a86c-9f0d6359ade0,,
question,fabbafa9-bde6-4da5-9417-1367a483942d,2013,265,"""performance budgeting failed because it was applied to sectors/programmes where quantitative evaluation was not feasible."" Examine the prin",no_primary_tag,flagged,,,d58ee399-68a2-4406-ab6a-49876488b4d8,,
question,a1f5dd21-a943-4519-8bfc-acbf1962f801,2013,266,"""The design of the Indian Police was to subjugate the Indian people in the aftermath of 1857."" Analyse in the context of the Indian Police A",no_primary_tag,flagged,,,67c6e768-4801-49fd-9007-ad7f4d915aaf,,
question,aa635d2d-a501-4767-b0b3-4ab0a1525600,2013,267,"""Reducing the size (geographical area) of the district will provide relief to the overburdened and overworked collector."" Comment.",no_primary_tag,flagged,,,6bffeba0-eb17-4b90-ab68-da7dd5340f6d,,
question,eb350689-e19a-4da5-9205-aead7bd19a1f,2013,268,"""The concept of social audit is more comprehensive than that of traditional audit."" Comment.",no_primary_tag,flagged,,,67226106-2d9e-4082-96bb-1395064e73a7,,
question,8279d558-6ca6-4792-af2f-740656c49b98,2013,269,"""Gandhian model of decentralization is similar to the process of reinventing governance."" Analyse in the context of good governance.",no_primary_tag,flagged,,,2cb735d0-d6c2-4cc2-b46a-3022646d914f,,
question,ba893321-ae02-4ebe-8bd3-4d36e6d7c405,2013,270,"""Accounting is the essence of producing promptly and clearly the facts relating to financial conditions and operations that are required as ",no_primary_tag,flagged,,,67226106-2d9e-4082-96bb-1395064e73a7,,
question,77d89d44-2d56-4966-a4e6-77e5ae772971,2013,271,Explain the important recommendations of V. T. Krishnamachary Committee (1962) on Indian and State Administrative Services and problems of D,no_primary_tag,flagged,,,08451573-1ff9-40ba-91a3-83adc319e9da,,
question,3717e055-b4df-49ea-b88a-40f770d7652b,2013,272,"""The 73rd Amendment, it is felt, may accentuate fiscal indiscipline by establishing between States and Local Governments a system of transfe",no_primary_tag,flagged,,,61748dcc-d4b0-4655-a94c-adaad6d0ae73,,
question,57024505-a732-4b3e-b6af-7d3ce003df74,2013,273,"""Municipal Administration in India faces both structural and operational challenges."" Examine in the context of post-74th Amendment Act.",no_primary_tag,flagged,,,b71d3c18-9739-4ed5-90c9-08a3f32c5377,,
question,5a3f3415-b0d1-4181-bd04-b517a8c8fe17,2013,274,"""Self-Help Groups (SHGs) have contributed to a change in the role of rural women in development - from symbolic participation to empowerment",no_primary_tag,flagged,,,fa10053c-eb51-4c79-a058-79fc36f918db,,
question,d439aafc-0781-4e31-bad5-9a7e1451d3fb,2013,275,"""There is both criminalisation of politics and politicisation of criminals in India."" Examine and identify the challenges they cause for law",no_primary_tag,flagged,,,74412a1f-2d17-4d88-8bad-085823a67096,,
question,d0ea970a-0193-4ea7-a548-027469466a42,2013,276,"""The basic ethical problem for an administrator is to determine how he/she can use discretionary power in a way that is consistent with demo",no_primary_tag,flagged,,,e762148e-008f-4bde-8053-d40a0571a2e3,,
question,a900ca2c-4ced-4570-b63a-0de6e45a0087,2013,277,Justify the constitutional provision to treat certain expenditure as charged upon the Consolidated Fund of India. www.lotusarise.com.,no_primary_tag,flagged,,,bd7c091c-e67e-4fef-9796-28aeef7fffab,,
question,78061af5-06c4-4434-99b0-38fc18ac2c78,2014,250,"Ethics in public services has been the central concern of Kautilya's Arthashastra."" Critically examine the statement.",no_primary_tag,flagged,,,e3e84062-d6fe-4fe8-a97c-87b9804c857d,,
question,3cf6ca4c-63e0-4c74-918d-ada86844fc85,2014,251,Discuss the valuable premise of constitutionalism in India which the bureaucracy cannot violate.,no_primary_tag,flagged,,,b76962e2-b2a1-41aa-a4a8-67c52403d8d2,,
question,948fa7f6-5d48-4b6d-9f6a-757ae8fbe259,2014,252,"The functional role of Prime Minister's office (PMO) depends on the Prime Minister's policy orientation, personality and style of administra",no_primary_tag,flagged,,,a43230e6-23a4-4552-a4a5-7e0cd60fb234,,
question,a53fa165-7431-4c94-87b5-8be7e4f25b57,2014,253,"Despite the adoption of decentralised planning, participatory initiative remain marginalised and divisive live in many regions. Discuss.",no_primary_tag,flagged,,,abca61f0-ae41-4b6b-9705-f3ed583744f6,,
question,3ccf8e24-3987-48d8-a201-47c1b936f605,2014,254,"""The Centre State relations have acquired new dimensions in recent times due to several political parties being in power at the Centre and t",no_primary_tag,flagged,,,963f4c27-d719-4bb3-b224-f6667d079211,,
question,6ff7b96e-bce0-4358-8420-4855b87c876b,2014,255,"""Public sector undertakings must learn to survive and be entrepreneurial, without assured government budgetary support."" In the light of the",no_primary_tag,flagged,,,3a97f920-c289-41ef-83b0-4f470f1204b3,,
question,dfe85090-0af2-426a-8f95-56774c70dbc3,2014,256,"""Indian administration is said to be characterised by its three features viz. Weberian structures, Kautilyan practice and Gandhian rhetoric.",no_primary_tag,flagged,,,3c1a5edc-0129-4062-8348-8c99d9b52c2a,,
question,dbe4328a-cb73-4506-b36c-35b36bb2a916,2014,257,"""District collector is a legacy of the British Raj and has largely remained insulated from the demands of contemporary professionalism."" Dis",no_primary_tag,flagged,,,2335708c-9aa0-4eee-901e-facde46aa9fe,,
question,b6375912-4250-4b37-b716-8332dfb960be,2014,258,"""Gender responsive budgeting has infused greater accountability of planning departments towards women empowerment programs."" Examine the sta",no_primary_tag,flagged,,,d58ee399-68a2-4406-ab6a-49876488b4d8,,
question,7ea9daca-354c-46c3-b0c2-24fe9b0d8983,2014,259,"""The gubernatorial position of the Governor is comfortably placed in the fuzzy area between 'Withdrawal of the pleasure of the President' an",no_primary_tag,flagged,,,9effe33d-2b90-4b39-82a3-14f4c4281fd5,,
question,025a6ad9-001a-46dd-80a7-150dbefe5b6d,2014,260,"""Beneath the soft outer shell of democratic administrative framework lies unscathed the steel frame of Indian administration which has survi",no_primary_tag,flagged,,,3c1a5edc-0129-4062-8348-8c99d9b52c2a,,
question,b2b21e49-bac8-48ed-8a5e-589c90c18d0a,2014,261,"""Management of intragovernmental relations is as important as that of intragovernmental relations."" Examine its impact upon the performance ",no_primary_tag,flagged,,,4799cec7-baf0-467a-a1ec-1ce499639c22,,
question,00d35bbb-3adf-43b6-b54d-a355ea604466,2014,262,How far do you agree with the view that national development Council could resonate the demands of the state governments as long as planning,no_primary_tag,flagged,,,4d66d3af-d945-47ea-96b8-d73601943ef2,,
question,bca590be-6052-49d7-85fa-1d10e54370ae,2014,263,Critically examine the statement: 'Thana' (police station) as the last bastion of the waning British administrative legacy in India.,no_primary_tag,flagged,,,48590ba7-b646-4efe-93b7-66f3d5a05cc6,,
question,8ba6e196-5124-4905-bc13-e78dacd0bf3b,2014,264,"Discuss the changes in the powers of Controller and Auditor General (CAG) of India, following a recent Supreme Court judgement concerning a ",no_primary_tag,flagged,,,82844689-d4fa-4edc-a3f1-4c82620b0e73,,
question,8b1f00ae-8cdc-4ebb-a3de-d285453f4443,2014,265,Parliamentary committees bring about accountability and public expenditure. Discuss.,no_primary_tag,flagged,,,bd7c091c-e67e-4fef-9796-28aeef7fffab,,
question,b0d90763-f25c-4cf4-9467-6be07e05e3a7,2014,266,Do you think that the role of Panchayati Raj should go beyond development Adminis-tration? Give reasons for your answer.,no_primary_tag,flagged,,,2cb735d0-d6c2-4cc2-b46a-3022646d914f,,
question,6dff2638-a18b-4d7a-a1c1-06dc4a8322f9,2014,267,"""Police - public relations are a story of insincere efforts made on both sides."" Elaborate.",no_primary_tag,flagged,,,48590ba7-b646-4efe-93b7-66f3d5a05cc6,,
question,6d53d6a5-3114-4136-9133-ce5fddff0441,2014,268,"""From coalition government to one-party dominance is a big change that is bound to affect the governmental system."" Explain why and how.",no_primary_tag,flagged,,,7fb67c2e-ac30-4d50-89bb-04ecf325af36,,
question,f81c1437-44ca-47c7-a92d-0d5809522add,2014,269,Assess the role of honest and upright civil servants in regulatory and development administration in India. Give examples to substantiate yo,no_primary_tag,flagged,,,e762148e-008f-4bde-8053-d40a0571a2e3,,
question,dcd37bc1-1835-4656-bb0d-b1367d1b062a,2014,270,"""Social auditing of flagship programmes of the Central government facilitates the performance of the Comptroller and Auditor-General."" Elabo",no_primary_tag,flagged,,,67226106-2d9e-4082-96bb-1395064e73a7,,
question,9e08f29e-2496-47a4-bca4-04287e1b06ae,2014,271,Explain the notion of one hundred 'smart cities' and its likely impact on India's urbanization.,no_primary_tag,flagged,,,9e6c9836-55ea-4bcb-8132-b21edef321cc,,
question,6513af94-d182-4996-abb2-5ea19dae8a1d,2014,272,Elaborate the features of the grievance redressal mechanism of the civil services in India. Does this mechanism satisfy the objectives of it,no_primary_tag,flagged,,,8452c359-db7a-4e3f-80ac-005c38e75dad,,
question,35bae982-04af-426f-883d-592255558e73,2014,273,The 13th Finance Commission highlighted an indispensable need to improve the finances of rural and urban level bodies. Does this make local ,no_primary_tag,flagged,,,6940ad06-8783-43f9-a75c-cd4aa8ba012d,,
question,14671fc9-439c-40b5-9b62-121d9a96526b,2014,274,"""Unimplemented reforms in administration weaken the administrative reforms process most."" Do you agree? Give your answer citing specific cas",no_primary_tag,flagged,,,12059ea5-7446-481e-b34e-a9277eb44639,,
question,1cfb2f0a-0039-461e-a71d-90a8342cb437,2014,275,Discuss the need for civil service neutrality in development administration. Suggest some measures for achieving and strengthening it in pra,no_primary_tag,flagged,,,a18cb1b7-d6ef-4834-baa7-232780443236,,
question,f042fd5c-3102-4784-85cf-aa6f13aa557f,2014,276,"Supreme Court ruling on 31st October, 2013 in respect of bureaucracy's functioning would help achieve good governance. Analyze this ruling a",no_primary_tag,flagged,,,029f9e7e-b90d-4c4c-97fe-0ddd64d025d7,,
question,bb4f5212-1861-4064-8665-db75fbb81fe9,2014,277,Do you think that the Central para-military police forces have proven more effective than the State police service? Give your answer objecti,no_primary_tag,flagged,,,2ae2838c-e494-4790-a348-5fce3380923b,,
question,17dd4a58-c04f-4744-b7d1-e1031b8fe7c2,2015,250,"""Democracy within bureaucracy is likely to reduce its effectiveness."" Do you agree with this view? Argue your case.",no_primary_tag,flagged,,,3c1a5edc-0129-4062-8348-8c99d9b52c2a,,
question,b3f69ce9-a669-4770-aa21-b63ab38e7d4d,2015,251,"""District Collector's role in the development process has been overemphasised."" Comment on the statement.",no_primary_tag,flagged,,,2335708c-9aa0-4eee-901e-facde46aa9fe,,
question,e0b334ab-3353-4ada-9427-cd0a438beadb,2015,252,Why has District Planning been marginalised in many States and remained prominent in a few States? Explain.,no_primary_tag,flagged,,,abca61f0-ae41-4b6b-9705-f3ed583744f6,,
question,833fa32b-f3e4-4d01-a588-f0b17ca670d4,2015,253,"""Ordinance-making power of the Executive needs to be suitably restrained."" Examine it critically.",no_primary_tag,flagged,,,cc75d6af-7b1c-43c3-bc47-68f74d908bb2,,
question,8ca281f6-835b-4b83-b757-2dfe641919fb,2015,254,"""'Minimum government, maximum governance' is not just a slogan but a philosophy of administration with enormous potentialities.' Do you agre",no_primary_tag,flagged,,,4cfab548-52f2-4c28-8e86-07b89a4f1820,,
question,d97d4b9e-a3e8-4a61-9c33-4ce6776222e2,2015,255,To what extent has political culture influenced the administrative culture of India? Explain.,no_primary_tag,flagged,,,645563c0-9b32-4e2e-a67e-dbebdaec789f,,
question,a2238160-17da-4190-9609-6813ecac99eb,2015,256,Briefly discuss the main recommendations of the Punchhi Commission (2010) on Centre-State relations for transforming Indian Federal System.,no_primary_tag,flagged,,,963f4c27-d719-4bb3-b224-f6667d079211,,
question,11f387b1-d855-41ca-ab40-f670a7924a85,2015,257,"As Dr. B.R. Ambedkar observed, ""the organs of the Constitution can provide the organs of the State, but the final outcome of the governance ",no_primary_tag,flagged,,,8f4410ff-d252-42ab-8cf3-744cca508002,,
question,2b20bd2b-92a9-47db-9c25-94d58ad10bf2,2015,258,"The objectives, approaches and organisational arrangements for decision-making of the NITI Aayog aim at restoring the federal character of t",no_primary_tag,flagged,,,4d66d3af-d945-47ea-96b8-d73601943ef2,,
question,583bbf9f-4de2-4f25-b157-6cb1cf358699,2015,259,Explain fully how a balance can be struck between autonomy and accountability of India's public enterprises.,no_primary_tag,flagged,,,3a97f920-c289-41ef-83b0-4f470f1204b3,,
question,980f1365-7bcc-4d7b-bb62-6792685e0ded,2015,260,"""Decentralised governance must serve as an instrument of realising social change and social justice."" Comment on the statement.",no_primary_tag,flagged,,,2cb735d0-d6c2-4cc2-b46a-3022646d914f,,
question,bdda8559-b18b-4715-971f-ef7d4621d4e0,2015,261,"Discuss the arguments for and against the National Judicial Appointments Commission Act, 2014.",no_primary_tag,flagged,,,cc75d6af-7b1c-43c3-bc47-68f74d908bb2,,
question,d3e49987-3824-4e72-bc40-1e096263a66d,2015,262,"""In very recent time, the role of the State Governor is found to be more of diplomatic than administrative nature."" Comment on the statement",no_primary_tag,flagged,,,9effe33d-2b90-4b39-82a3-14f4c4281fd5,,
question,8aa41699-0f0d-4d3d-8749-052f3a24f221,2015,263,Comment on the recent changes in the approach and methodology of devolution of responsibilities and transfer of funds from the Union to the ,no_primary_tag,flagged,,,6940ad06-8783-43f9-a75c-cd4aa8ba012d,,
question,f6e4e184-70bf-405a-a282-a722e6d000d5,2015,264,Critically examine the concept of community policing as a tool for improving public-police relations. www.lotusarise.com.,no_primary_tag,flagged,,,48590ba7-b646-4efe-93b7-66f3d5a05cc6,,
question,ec317c7b-38c8-49de-a833-da15543ff789,2015,265,Explain how budget can be used as a political instrument.,no_primary_tag,flagged,,,d58ee399-68a2-4406-ab6a-49876488b4d8,,
question,ce390391-e947-44f4-a0eb-30283cf5d3fe,2015,266,"""Most Civil Servants in India are competent administrators, but they pay little attention to encourage people's Comment on the statement.",no_primary_tag,flagged,,,e762148e-008f-4bde-8053-d40a0571a2e3,,
question,b2fccd37-a46c-4181-9e33-d43b06996bb7,2015,267,"Do you think that the functioning of Panchayati Raj Institutions (PRIs), in practice, reflects genuine devolution of powers and resources? G",no_primary_tag,flagged,,,2cb735d0-d6c2-4cc2-b46a-3022646d914f,,
question,b6e7bea8-5249-48e5-a5c8-13d8589b1307,2015,268,"""Information Communication Technology (ICT) improves the quality of public service delivery, but fails to check bribery."" Comment.",no_primary_tag,flagged,,,4cfab548-52f2-4c28-8e86-07b89a4f1820,,
question,a08b3758-1ad0-4ed0-a450-26e511bf44a8,2015,269,"""Excellent ideas but poor implementation have charactersed the administrative reforms in India since Independence."" Critically examine the s",no_primary_tag,flagged,,,12059ea5-7446-481e-b34e-a9277eb44639,,
question,7b81ea6b-b8b8-4e14-8850-b5fbb07b232c,2015,270,Do you agree that there has been a serious governance-deficit in development administration in India? Give reasons for your answer and add y,no_primary_tag,flagged,,,5ce990b6-c928-44fd-84e6-f90dd20925aa,,
question,46540366-d46e-48c3-8291-a9dc7b3aa4fa,2015,271,What are the major concerns of the Second Administrative Reforms Commission on Civil Service reforms? Indicate the current status of their i,no_primary_tag,flagged,,,45a6d742-154d-4fbb-acd2-05d48f79fee5,,
question,0230982a-6904-4944-a7ae-0eddaaadaca1,2015,272,How do the Union Government policies on Smart and AMRUT Cities address the problems of management of urban development? Explain.,no_primary_tag,flagged,,,b71d3c18-9739-4ed5-90c9-08a3f32c5377,,
question,0c426071-290f-49d5-97d6-5b688407c80a,2015,273,Discuss the significance and role of the Central Paramilitary Forces in maintaining law and order and countering insurgency as well as terro,no_primary_tag,flagged,,,2ae2838c-e494-4790-a348-5fce3380923b,,
question,c667b3cc-d0fd-4031-b8e8-cbb5157061db,2015,274,Discuss the major highlights of the reforms introduced from time-to-time in Central Civil Services Conduct Rules and add your own comments.,no_primary_tag,flagged,,,de7712c6-f586-44fa-98f1-7b1db58621d5,,
question,8979754a-8b77-4127-a168-11a4b1163fcf,2015,275,"""Municipal governance in India is not sufficiently prepared to meet the challenges of frequent natural disasters."" Elucidate the statement a",no_primary_tag,flagged,,,c3e3024b-5f0c-428f-8e8c-8ec45d4c95a0,,
question,8c4d0850-ed7b-483f-a139-745a8af9a50b,2015,276,Discuss critically the salient features of the National Investigation Agency (NIA) regarding its purposes and jurisdiction.,no_primary_tag,flagged,,,a8c53356-6480-4515-8a21-862cbe946d06,,
question,8af3d3f0-4457-4de6-a2c5-7dc3b229f718,2015,277,Argue the case for and against creating Indian Public Enterprises and Industrial Service for boosting the moribund public sector in India. w,no_primary_tag,flagged,,,029f9e7e-b90d-4c4c-97fe-0ddd64d025d7,,
question,169c2537-cd55-40e6-905a-65c0e2baf6eb,2016,250,"""The Regulating Act of 1773 not only introduced values in administration but also laid the foundation of centralized administration in India",no_primary_tag,flagged,,,64917456-6901-4f5c-bdba-cd190be51156,,
question,33f57133-196b-459c-9916-1b1eb19b5491,2016,251,Do you think that some of the ideals enshrined in the Preamble of the Constitution remain only on paper even today? Critically evaluate.,no_primary_tag,flagged,,,8f4410ff-d252-42ab-8cf3-744cca508002,,
question,011e8c3f-3ad9-4bba-9da9-89e1b953207f,2016,252,Examine the efficacy of the measures taken to redefine and execute cooperative federalism in India.,no_primary_tag,flagged,,,963f4c27-d719-4bb3-b224-f6667d079211,,
question,01a2691a-5cc6-4fd3-a173-d8a481cc1c70,2016,253,"Evaluate the performance and efficacy of the Maharatna, Navratna and Miniratna type of Public Sector Undertakings in the context of Liberali",no_primary_tag,flagged,,,bc8bbb58-3aef-4988-8c5a-8e3b3230c9a8,,
question,dd72d9ce-85ca-4620-82fb-f60e62c92bc2,2016,254,"""The growing prominence of NGOs in development areas is strongly related to the declining legitimacy of the State."" Explain.",no_primary_tag,flagged,,,f21ac201-c82f-42f6-a6bc-f75c156d2219,,
question,e5607c71-7a9e-4453-b6e1-293471611af4,2016,255,"""In contemporary times, Kautilya's Arthashastra is relations than in economic affairs."" Analyse the statement.",no_primary_tag,flagged,,,e3e84062-d6fe-4fe8-a97c-87b9804c857d,,
question,21e99d09-590f-40a3-a7f2-89bf2438553f,2016,256,"""Dominant centralized administration is correlated with decisive and authoritative leadership provided by the Prime Minister's Office."" Expl",no_primary_tag,flagged,,,645563c0-9b32-4e2e-a67e-dbebdaec789f,,
question,a0eb8d9f-8480-44b3-a03c-668399996cbe,2016,257,"""A significant legacy of the Mughal rule in India is a well-organized revenue administration at the State and District Levels."" Comment.",no_primary_tag,flagged,,,e0bdd29c-0085-471c-9906-4e799c618ac4,,
question,4be04f89-da60-47d4-bd30-e87b239b89ae,2016,258,What factors have led to the expansion of the role of the Ministry of Home Affairs? How can it coordinate its affairs more effectively with ,no_primary_tag,flagged,,,5b9b2288-5468-4012-b888-99e8628b3969,,
question,0b8f42bd-7d16-4d43-ace8-cda78aaeaec5,2016,259,"""Introduction of G>S>T> (Goods and Services Tax) no doubt has economic benefits, but tends to compromise the States' inherent right to impos",no_primary_tag,flagged,,,963f4c27-d719-4bb3-b224-f6667d079211,,
question,098978e3-4c72-4fc3-8d7b-46a42e7ebc6f,2016,260,"""Planning in India has failed to meet the challenges of economic development and social change."" Discuss the statement in the context of the",no_primary_tag,flagged,,,cf507b01-ede1-4a3d-9ef9-c6ba62f80a91,,
question,93634481-c8d7-40af-924d-f38a07240e38,2016,261,"""The absence of congruence of views on appointments to judiciary between the Supreme Court and the Union Government has had an adverse impac",no_primary_tag,flagged,,,cc75d6af-7b1c-43c3-bc47-68f74d908bb2,,
question,274460be-e3b7-426c-a642-c30263d49cdd,2016,262,"""The separation between regulatory and development functions in many States has not only weakened the District Collector but also developmen",no_primary_tag,flagged,,,518e36f0-85c2-4245-8ee0-27cf5345a75f,,
question,9dba5605-eb4a-47eb-8e46-391edbb344c4,2016,263,"""Legislatures have become a place for infighting rather than for proper policy making."" Comment in the context of the working of State Gover",no_primary_tag,flagged,,,cc75d6af-7b1c-43c3-bc47-68f74d908bb2,,
question,214dfce8-2d23-4845-b30d-c38474ea7ecd,2016,264,"""Autonomy granted to higher civil servants tends to increase their creativity and productivity."" Argue the case to make the civil service mo",no_primary_tag,flagged,,,de7712c6-f586-44fa-98f1-7b1db58621d5,,
question,99b5414d-421c-4490-9b07-955e61465627,2016,265,Justify the budgetary support support to nationalized banks to overcome the Assets (NPA).,no_primary_tag,flagged,,,30d9e061-8f12-4cfe-b237-4a0c44020503,,
question,c6184d72-9cda-4574-87a9-e5373ef1b3a5,2016,266,"""National Green Tribunal is viewed by many critics as a hindrance to economic development"" Evaluate the statement and give arguments in supp",no_primary_tag,flagged,,,518e36f0-85c2-4245-8ee0-27cf5345a75f,,
question,c81989d7-f822-4027-b758-eefd3b6d0fc1,2016,267,Is training of police in India still a reflection of the colonial mindset? Give reasons for your answer.,no_primary_tag,flagged,,,48590ba7-b646-4efe-93b7-66f3d5a05cc6,,
question,58b20cc7-b307-4f21-ab83-74b5af201975,2016,268,"""The concept of 'new localism' is related to the emerging nature of the relationship between the State Governments and local government bodi",no_primary_tag,flagged,,,24968146-e9bb-4cd8-8578-cd97a27e9305,,
question,79956036-cc02-44b7-847f-312904e1312a,2016,269,"""The goals of good governance will remain utopian if local government, responsible for providing all basic services directly to the citizens",no_primary_tag,flagged,,,b71d3c18-9739-4ed5-90c9-08a3f32c5377,,
question,1f3f599b-c0dd-4f42-90b1-5e5ff45d3b2c,2016,270,Explain how the National Disaster Management Plan (NDMP) provides a framework and direction to the government agencies for all phases of dis,no_primary_tag,flagged,,,d7d54e3a-afa5-4349-b292-098f1257b730,,
question,92190690-4fbe-4b41-8c63-2f2fc9d2b0e6,2016,271,What merits do you foresee in the proposed merger of the Railway Budget with the General Budget?,no_primary_tag,flagged,,,d58ee399-68a2-4406-ab6a-49876488b4d8,,
question,2a36a88a-555c-4d71-9c14-d96557484441,2016,272,"""The Right to Information Act is a path-breaking legislation which signals the march from derkness of secrecy to dawn of transparency."" What",no_primary_tag,flagged,,,4cfab548-52f2-4c28-8e86-07b89a4f1820,,
question,6aadbbee-60e8-4ec9-8f65-583159e9ca74,2016,273,"""The objectives of fiscal devolution to local bodies as mandated by the 73rd and 74th Constitutional Amendment Acts has been derailed by the",no_primary_tag,flagged,,,61748dcc-d4b0-4655-a94c-adaad6d0ae73,,
question,c22a299a-529c-481a-a91b-7e01c8b44a59,2016,274,"""The initiative of the Income Tax Development on disclosure of black money has had a mixed response."" Give suggestions for tackling this com",no_primary_tag,flagged,,,96208cf6-989f-409f-af4c-d2644a8784be,,
question,3830f674-39cb-4437-aa40-c2228754c7bd,2016,275,Do you agree that the Seventh Pay Commission's recommendations do not reflect and correlate the need for civil services reforms and accounta,no_primary_tag,flagged,,,6a3f1148-7456-479e-a93e-ae04138547cd,,
question,c9c9eb52-32ed-43b9-b300-ce2c56987b10,2016,276,"""In a democratic polity, any conception of ethics and integrity in public life most encompass not only politicians and civil servants but al",no_primary_tag,flagged,,,e762148e-008f-4bde-8053-d40a0571a2e3,,
question,b9b3fb80-7467-40c7-8db1-9d93f7cafe42,2016,277,"""Police reforms in India have remained a contentious issue"". Critically analyse. www.lotusarise.com.",no_primary_tag,flagged,,,48590ba7-b646-4efe-93b7-66f3d5a05cc6,,
question,bb9d48dc-2a70-4999-be20-e4115c1a5529,2017,250,"""Constitutionalism is the foundation of the administrative edifice in India."" Discuss.",no_primary_tag,flagged,,,b76962e2-b2a1-41aa-a4a8-67c52403d8d2,,
question,f1dc372e-aeb6-4417-a5a0-f6235c247521,2017,251,"""The status and functioning of the Cabinet Secretariat face a stiff challenge from the Prime Minister's Office (PMO)."" Argue both in favour ",no_primary_tag,flagged,,,a43230e6-23a4-4552-a4a5-7e0cd60fb234,,
question,46c12877-dde6-460e-b11d-40cf3d51da13,2017,252,"""Effectiveness of local self-government institutions is hampered due to the lack of capacity building of the elected representatives."" Elabo",no_primary_tag,flagged,,,2cb735d0-d6c2-4cc2-b46a-3022646d914f,,
question,adb074ba-2568-4742-875b-815d7981caa6,2017,253,"""Public Sector Undertakings (PSUs) in India face tough competition from the private enterprises and Multi-National Corporations (MNCs)."" Exp",no_primary_tag,flagged,,,3a97f920-c289-41ef-83b0-4f470f1204b3,,
question,95027a97-3ea2-45d2-9d7d-4a9cb50095e6,2017,254,Do you think that 'All India Judicial Service (AIJS) would contribute to timely delivery of justice to the citizens? Argue your case.,no_primary_tag,flagged,,,cc75d6af-7b1c-43c3-bc47-68f74d908bb2,,
question,91f34af0-bd43-4d0e-8f7c-16ca54cdd843,2017,255,"""The market reforms have not infringed the basic structure of the Constitution of India, but have largely compromised the realisation of the",no_primary_tag,flagged,,,2053b47c-45ee-4562-8fcc-c74411ec3fae,,
question,fb4f44d7-dfa2-45d9-8b0e-cd73afe068ff,2017,256,"""The idea of lateral entry into the Civil Services would energise Indian administration."" What are its possible advantages and limitations?",no_primary_tag,flagged,,,de7712c6-f586-44fa-98f1-7b1db58621d5,,
question,f4905d04-824f-498b-9340-ec6c1df294d2,2017,257,"""pro-Active Governance And Timely Implementation (PRAGATI) is an innovative project of the Union Government."" Discuss its features and modal",no_primary_tag,flagged,,,4cfab548-52f2-4c28-8e86-07b89a4f1820,,
question,52f964e0-d5d5-4003-a6a8-1331e3591882,2017,258,"""The position of the Council of Ministers in a State is reduced to that of a body of secretaries in the presence of a domineering Chief Mini",no_primary_tag,flagged,,,708b15be-1f1d-43ec-9686-7e66562f372c,,
question,9bd05155-45b1-4ede-a0a6-17ea8c1bdcb4,2017,259,"""Indianisation of Public Services is a slow but steady process."" Explain.",no_primary_tag,flagged,,,948f65fa-ea4d-4158-9a67-3fdc0823cd8f,,
question,7b591574-19d3-4bca-adc6-eb3c38842ae4,2017,260,"""Digitalisation of land records is a necessary but not sufficient precondition for ensuring transparent distict administration."" Explain.",no_primary_tag,flagged,,,e0bdd29c-0085-471c-9906-4e799c618ac4,,
question,43e57b05-16b2-46cc-9a27-b4d278246cc8,2017,261,"""Bureaucracy has to make a balance between the need for environmental sustainability and developmental imperatives."" Discuss.",no_primary_tag,flagged,,,5ce990b6-c928-44fd-84e6-f90dd20925aa,,
question,cbc2ed81-e04d-4fd7-9b65-4b45a6472daf,2017,262,"""The Chief Secretary is often termed as the alter ego of the Chief Minister."" Discuss, with examples, the dynamics of their relationships in",no_primary_tag,flagged,,,708b15be-1f1d-43ec-9686-7e66562f372c,,
question,39cee80a-dc68-4fb8-8a3d-9b341f43d1e5,2017,263,"""District Planning Committee (DPC) has been the weakest structure in the local-government mechanism in India."" Analyse with examples.",no_primary_tag,flagged,,,abca61f0-ae41-4b6b-9705-f3ed583744f6,,
question,b94f9fea-cc87-495a-be88-891922503320,2017,264,"""The institution of Gram Sabha has very little connection with the Gandhian spirit of direct democracy."" Critically examine.",no_primary_tag,flagged,,,2cb735d0-d6c2-4cc2-b46a-3022646d914f,,
question,ccb9cc8c-2cad-4d1a-bd5d-1c31f02aa2a9,2017,265,"""There is a need for greater inclusion of technocrats governance in India."" Do you agree? Elucidate. www.lotusarise.com.",no_primary_tag,flagged,,,de7712c6-f586-44fa-98f1-7b1db58621d5,,
question,fd28eb17-44cd-4649-98f1-201464b2caad,2017,266,"""Civil Servants should avoid airing grievances in the media."" In this context, discuss the grievance redressal mechanism available to the Ci",no_primary_tag,flagged,,,3463b10a-6ab6-46c6-8ccb-cfdfef10e6f4,,
question,d231d4b3-f7fa-4384-b027-855c47027995,2017,267,Do you think that the Public Service Guarantee Acts passed by various State Governments are an extension of the Citizen Charters? Give reaso,no_primary_tag,flagged,,,d198e299-4aa1-4158-a86c-9f0d6359ade0,,
question,12a25879-0994-49ea-b83a-5ec2bbc1e4e2,2017,268,"""The Office of the Controller General of Accounts (CGA) is expected to strengthen public financial management in India."" Discuss its mandate",no_primary_tag,flagged,,,82844689-d4fa-4edc-a3f1-4c82620b0e73,,
question,c2536fa4-a343-440d-9e36-722beaae58b0,2017,269,"""The Prime Minister's Awards for Excellence in Public Administration encourage good governance initiatives."" Discuss some such initiatives b",no_primary_tag,flagged,,,4cfab548-52f2-4c28-8e86-07b89a4f1820,,
question,2821a688-d9dc-4c73-b94d-1bba6ad55549,2017,270,"""Implementation of goods and Services Tax (GST) has led to a paradigm shift in the Centre-State relations, both financially and politically.",no_primary_tag,flagged,,,963f4c27-d719-4bb3-b224-f6667d079211,,
question,51506c8b-775e-4b0f-887b-82bd75bc6073,2017,271,"""The Right to Information (RTI) has started its journey but is far from its destination."" Comment.",no_primary_tag,flagged,,,d198e299-4aa1-4158-a86c-9f0d6359ade0,,
question,16dd03a4-8490-4da1-862c-50cd99ae37ec,2017,272,"'Disaster preparedness and management has become an important component of district administration in India."" Discuss with suitable illustra",no_primary_tag,flagged,,,d7d54e3a-afa5-4349-b292-098f1257b730,,
question,58bb87f9-1a82-4781-886a-cf5792c001ba,2017,273,In view of the contemporary internal scenario should 'law and order' be made a part of the Concurrent List of the Constitution of India? Jus,no_primary_tag,flagged,,,ac630e66-a095-4e47-9e20-597a1633d260,,
question,db0ccb76-a8c0-4f5b-922f-0a44440ec3c8,2017,274,"""The image of Indian Police can be improved if its structure and orientations are transformed radically."" Do you agree? Elaborate.",no_primary_tag,flagged,,,48590ba7-b646-4efe-93b7-66f3d5a05cc6,,
question,ed7ef6f9-3743-4f3f-8e90-d7601fd97f8b,2017,275,"Discuss, with suitable examples, the emerging challenges faced by the Regulatory Commissions as the arbitrating agents between the State and",no_primary_tag,flagged,,,518e36f0-85c2-4245-8ee0-27cf5345a75f,,
question,a851197c-a36b-4a84-ba6f-19d24df5c4e5,2017,276,"""The 'policy of non-action' regarding the institutional mechanisms and legal provisions to eradicate corruption is a feature of Indian admin",no_primary_tag,flagged,,,96208cf6-989f-409f-af4c-d2644a8784be,,
question,abf46b8d-8962-4586-8519-3dd370a5a0c2,2017,277,"""The Second Administrative Reforms Commission (ARC) makes a strong case for the principle of subsidiarity."" Elaborate. www.lotusarise.com.",no_primary_tag,flagged,,,45a6d742-154d-4fbb-acd2-05d48f79fee5,,
question,8ce8169b-85e1-4351-af14-e051f6e5a594,2018,250,"""A government next-door is the government that matters most for the people."" Discuss the statement with special reference to the values of l",no_primary_tag,flagged,,,2cb735d0-d6c2-4cc2-b46a-3022646d914f,,
question,2f3f69f6-bbe9-467b-bd00-119bd323d2d5,2018,251,"""The philosophy of the Westminster model is at odds with the political culture of India."" Critically analyse.",no_primary_tag,flagged,,,645563c0-9b32-4e2e-a67e-dbebdaec789f,,
question,d7f4d170-f67a-4a59-9045-0880fee7a71a,2018,252,"""The attached offices and subordinate offices are integral to the functioning of the Cabinet Secretariat."" Discuss.",no_primary_tag,flagged,,,650771b0-0b56-4e54-84ff-34ffcec255aa,,
question,8298fcf3-46eb-48d5-8934-869f4c2b7b0e,2018,253,It is apprehended that lateral entry will lead to politicisation of bureaucracy. Do you agree? Justify.,no_primary_tag,flagged,,,de7712c6-f586-44fa-98f1-7b1db58621d5,,
question,2450f8ba-7d2d-43cc-bf0e-f6f7cb49c5f2,2018,254,"""Contracting out tasks without effective accountability mechanisms can be counter-productive for effective service delivery."" Comment.",no_primary_tag,flagged,,,3a97f920-c289-41ef-83b0-4f470f1204b3,,
question,5a4f1dab-249b-4e24-aa07-ecdd3ad2710c,2018,255,"""The market-driven profitability concerns have shaken the foundation of the public sector undertakings."" Do you agree? Give reasons.",no_primary_tag,flagged,,,eb92ad3a-a335-436f-bb97-487cdb9488d1,,
question,5cfeb4c2-45d1-4df8-b7a6-9da3f9b92c32,2018,256,It is argued that the NITI Aayog has broken the edifice of planning into fragments. Comment.,no_primary_tag,flagged,,,4d66d3af-d945-47ea-96b8-d73601943ef2,,
question,5d315d8f-313c-4e75-bd9d-7ae3d96ce1e1,2018,257,"""Autonomy of civil society is crucial for responsive and effective administration."" Examine the statement.",no_primary_tag,flagged,,,d198e299-4aa1-4158-a86c-9f0d6359ade0,,
question,3129b67e-98d8-4250-86d1-481a80f7fe7b,2018,258,Critically examine the criteria adopted by the 15th Finance Commission for allocation of resources to States. What have been the major issue,no_primary_tag,flagged,,,6940ad06-8783-43f9-a75c-cd4aa8ba012d,,
question,c770d795-bb54-4ff3-a028-40a75e9f3bf4,2018,259,"""In the coalition era with elusive majority of a single party in the State Legislature, the role of the Governor becomes even more challengi",no_primary_tag,flagged,,,9effe33d-2b90-4b39-82a3-14f4c4281fd5,,
question,f0697ec8-bd06-4c81-a3d1-2eed3fe5a2b4,2018,260,"""Development management advocates self-sustaining customer-friendly institutions at the district level."" Comment.",no_primary_tag,flagged,,,ac630e66-a095-4e47-9e20-597a1633d260,,
question,d0b4db03-765e-48ab-853f-e057b0a420b5,2018,261,"""Climate change issues pose new challenges for district administration to be proactive."" Elaborate.",no_primary_tag,flagged,,,d7d54e3a-afa5-4349-b292-098f1257b730,,
question,8b879fcd-134a-4608-aeff-dbe53e4b54cb,2018,262,"""Judicial overreach to a large extent is a consequence of ineffective executive."" Examine.",no_primary_tag,flagged,,,cc75d6af-7b1c-43c3-bc47-68f74d908bb2,,
question,9414f3d9-7c54-4ec0-9c58-ccd08e5dc35a,2018,263,"""In the transition from the State-led economy to the market economy, India should rely more on 'indicative planning'."" Do you agree? Explain",no_primary_tag,flagged,,,2053b47c-45ee-4562-8fcc-c74411ec3fae,,
question,570a79c1-90ce-42d1-8e6b-eeeaf2535d07,2018,264,"""The 'enablers' and 'facilitators' are yet to replace the 'inspectors' and 'controllers' in the civil service in India."" Do you agree? Justi",no_primary_tag,flagged,,,4cfab548-52f2-4c28-8e86-07b89a4f1820,,
question,39cb676a-836a-4fbb-a90e-c54f23046001,2018,265,"""Financial inclusion needs legal backing but it also requires increasing awareness for it to become a reality."" Discuss. www.lotusarise.com.",no_primary_tag,flagged,,,afbe840d-b394-4a82-95a5-052d441f6667,,
question,7be558d4-eff7-4b87-b3c5-c816dac42fe2,2018,266,"""Gender budgeting requires rethinking beyond allocations to become a powerful tool of gender mainstreaming."" Discuss.",no_primary_tag,flagged,,,d58ee399-68a2-4406-ab6a-49876488b4d8,,
question,dcc91cc0-16a1-435d-bf52-9b948191377f,2018,267,"""Social audit has lent a critical edge to the implementation of programmes such as MGNREGA."" Comment.",no_primary_tag,flagged,,,fa10053c-eb51-4c79-a058-79fc36f918db,,
question,8ada0012-99ff-4d1c-88e6-24ac85886057,2018,268,"""The AFSPA debate reveals that the Indian paramilitary forces are caught between the imperatives of national security and protection of huma",no_primary_tag,flagged,,,2ae2838c-e494-4790-a348-5fce3380923b,,
question,d67d3af6-4a57-4b6a-8c84-ee90d28a7dd1,2018,269,"""Competency mapping is important for effective allocation of responsibilities to administrators."" Do you thing that a generalist administrat",no_primary_tag,flagged,,,6a3f1148-7456-479e-a93e-ae04138547cd,,
question,cb7ca263-8f19-4879-ba3e-550277e28bd1,2018,270,"""The recommendations of various commissions on administrative reforms have not made a radical departure from the Paul Appleby Report."" Do yo",no_primary_tag,flagged,,,45a6d742-154d-4fbb-acd2-05d48f79fee5,,
question,1639cae6-debd-45d9-aaed-7ab957c5f7d2,2018,271,"""Performance management requires identification of indicators and measures to ensure that goals are achieved efficiently."" Discuss.",no_primary_tag,flagged,,,6a3f1148-7456-479e-a93e-ae04138547cd,,
question,a397150b-cad2-4e97-b577-5acb90f32352,2018,272,"""Rural development programmes have failed to effectively address the problems of small and marginal farmers."" Analyse and give suggestions.",no_primary_tag,flagged,,,fa10053c-eb51-4c79-a058-79fc36f918db,,
question,b87c597f-f253-48cb-a254-8693e9f3668c,2018,273,"""In the Network Era the TRAI has the challenging task of protecting the Net Neutrality from digital aggression."" Comment.",no_primary_tag,flagged,,,518e36f0-85c2-4245-8ee0-27cf5345a75f,,
question,0ae7db19-6aff-45b0-a58d-dcb76cb3a085,2018,274,"""Neighbourhood management provides an appropriate exclusion in the urban development scenario."" Comment.",no_primary_tag,flagged,,,24968146-e9bb-4cd8-8578-cd97a27e9305,,
question,7fb29513-ae61-415f-89ee-dba0e60c7af4,2018,275,"""Effective public grievance redressal requires administrative commitment. But process reengineering can help prevent some grievances."" Discu",no_primary_tag,flagged,,,8452c359-db7a-4e3f-80ac-005c38e75dad,,
question,8ff00789-8ae9-41b7-8a9f-5a7c610d3adb,2018,276,"""Institutional change is a necessary but not a sufficient condition for reducing criminalisation of politics."" Examine.",no_primary_tag,flagged,,,74412a1f-2d17-4d88-8bad-085823a67096,,
question,3f210d4a-1337-41f3-8fce-9eab5591474e,2018,277,"""The disempowerment and depoliticization of urban local government has happened in multiple ways."" Comment. www.lotusarise.com.",no_primary_tag,flagged,,,445f4be1-91c3-4598-88ba-38cda3a2ea1c,,
question,76cb118d-27a6-4ee3-9cd3-60f285ce0fae,2019,250,"In the text of Arthashastra, ""the State is neither a Police State nor merely a tax gathering State."" Comment.",no_primary_tag,flagged,,,e3e84062-d6fe-4fe8-a97c-87b9804c857d,,
question,9dd1b349-b91a-4e45-9b18-ab18867cf354,2019,251,The economic reforms have significantly infringed the basic values. Discuss.,no_primary_tag,flagged,,,2053b47c-45ee-4562-8fcc-c74411ec3fae,,
question,8611d83c-3628-4277-9754-734b4594c17c,2019,252,"Macaulay's ideas on Indian Civil Service corresponded to the elite theory of bureaucracy, which continue to persist. Do you agree? Justify.",no_primary_tag,flagged,,,948f65fa-ea4d-4158-9a67-3fdc0823cd8f,,
question,5fa56580-bd08-4249-9dfd-ee964885f4da,2019,253,There has been an opinion that the ethos of Indian Judicial System continue to be colonial. Suggest measures for raising the level of judici,no_primary_tag,flagged,,,cc75d6af-7b1c-43c3-bc47-68f74d908bb2,,
question,fb1db860-4610-4386-a368-6bc360b54b0a,2019,254,"Various commissions have reiterated the crucial role of the Governor in Indian system of governance, but the successive governments have not",no_primary_tag,flagged,,,9effe33d-2b90-4b39-82a3-14f4c4281fd5,,
question,49350cc0-2475-42b0-8a3a-3393b09cfbe7,2019,255,"Article 356 acts ""very much like the proverbial bolt from the blue … without giving an opportunity or notice to the State Government to corr",non_ascii_suspect;no_primary_tag,flagged,,,963f4c27-d719-4bb3-b224-f6667d079211,,
question,e24f689d-8146-485b-8342-162a7b311eb0,2019,256,"Public Sector Undertakings were expected to take the Indian economy to the 'commanding heights', instead the successive governments have bee",no_primary_tag,flagged,,,eb92ad3a-a335-436f-bb97-487cdb9488d1,,
question,88cbd530-6463-405e-82fe-1b978341c619,2019,257,Emerging developmental aspirations of the society necessitate the constitutional amendment to change the present safeguards available to the,no_primary_tag,flagged,,,abca61f0-ae41-4b6b-9705-f3ed583744f6,,
question,24e19131-3f4a-4285-b89c-57f7443a010c,2019,258,"""Strong PMO is anti-thesis to the feature of collective responsibility of Council of Ministers."" Examine the issues in relation to the posit",non_ascii_suspect;no_primary_tag,flagged,,,a43230e6-23a4-4552-a4a5-7e0cd60fb234,,
question,5f04fdde-b2f7-41d9-b4eb-4a3ceb24a48d,2019,259,Capacity issues relating to employees have hampered the implementation of several government programmes. Trace the reasons in the context of,no_primary_tag,flagged,,,de7712c6-f586-44fa-98f1-7b1db58621d5,,
question,efd7de28-d4a5-456f-a72c-0f6638550f3b,2019,260,The strategy to deal with the non-performing assets of banks may lead to overburdened taxpayers. Examine the role of government to protect t,no_primary_tag,flagged,,,afbe840d-b394-4a82-95a5-052d441f6667,,
question,0e3d60d7-9df1-488c-9bb6-1376268db7e8,2019,261,"Considerable attention has been paid to the restructuring of the administrative systems at the Central and local levels, but very few reform",no_primary_tag,flagged,,,45a6d742-154d-4fbb-acd2-05d48f79fee5,,
question,44b69c53-c1f2-49f1-8015-beed6bc25879,2019,262,It is observed that non-functioning of District Planning Committees is preventing the convergence of rural and urban planning needs. Do you ,no_primary_tag,flagged,,,abca61f0-ae41-4b6b-9705-f3ed583744f6,,
question,ec91e321-bdaf-45ba-be22-0c0ea0f7608d,2019,263,The police-public interface is punctuated with distrust and fear. Suggest how the police can reform its image in the eyes of the public.,no_primary_tag,flagged,,,48590ba7-b646-4efe-93b7-66f3d5a05cc6,,
question,5eefe837-e490-4c8a-a1bd-d8ffe608597f,2019,264,The evidences suggest that the dream of deliberative democracy could not be realized in practice at the grassroot level. Evaluate the impedi,no_primary_tag,flagged,,,2cb735d0-d6c2-4cc2-b46a-3022646d914f,,
question,45414fc1-1053-4159-b8ce-13971a1dfca1,2019,265,"""The RTI has started its journey, but is far from its destination."" In the view of the statement, examine the present status of the RTI move",no_primary_tag,flagged,,,4cfab548-52f2-4c28-8e86-07b89a4f1820,,
question,04890811-95fe-4b70-85f0-3516f7b0b4ca,2019,266,The concept of new localism arrangement may defeat the very purpose of local self-governance. Do you agree? Justify.,no_primary_tag,flagged,,,24968146-e9bb-4cd8-8578-cd97a27e9305,,
question,87833869-26f2-4f8f-afe0-bd7412b5edeb,2019,267,Effective 'Performance Management System' needs to precede ''taking deadwood out' from bureaucracy. Comment.,no_primary_tag,flagged,,,6a3f1148-7456-479e-a93e-ae04138547cd,,
question,5af39049-17b5-42ba-8a04-8930e7bcca74,2019,268,All weather rural connectivity scheme to even unconnected rural habitations has the potential to transform the rural economy. Do you agree? ,no_primary_tag,flagged,,,fa10053c-eb51-4c79-a058-79fc36f918db,,
question,a0717d42-5286-4421-8c1a-cda6f849f6d8,2019,269,"The office of the District Collector has merely become a bureau for funnelling government schemes, collecting statistics and an officer on a",no_primary_tag,flagged,,,2335708c-9aa0-4eee-901e-facde46aa9fe,,
question,07707119-78f9-46bb-8e08-f7257c9ff0bc,2019,270,Minimal accountability being the dominant norm in the political system' the Lokpal can only be an ideal institution with limited effectivene,no_primary_tag,flagged,,,96208cf6-989f-409f-af4c-d2644a8784be,,
question,c58d7370-8d11-4098-9bd6-935b349726ea,2019,271,"'Sevottam Scheme' had great potential to reform service delivery, but opportunity is frittered away. Comment.",no_primary_tag,flagged,,,d198e299-4aa1-4158-a86c-9f0d6359ade0,,
question,badbec46-42d2-4049-b696-3f10451eba5f,2019,272,The National Policy on Disaster Management envisages a paradigm shift from hitherto reactive post-disaster relief centric regime to more pro,no_primary_tag,flagged,,,d7d54e3a-afa5-4349-b292-098f1257b730,,
question,47a542e8-9994-44ab-ac72-9ef9e685f4bf,2019,273,"Efforts to strengthen State Finance Commissions have faced apathy of State Governments over the years, which has also affected the successiv",no_primary_tag,flagged,,,6940ad06-8783-43f9-a75c-cd4aa8ba012d,,
question,8ad78280-4f2e-4e61-913c-42edcecbbcfd,2019,274,Accountability of regulatory bodies would address the problem of over-regulation and help make them truly facilitators. Analyze the present ,no_primary_tag,flagged,,,518e36f0-85c2-4245-8ee0-27cf5345a75f,,
question,e6c4a151-2f2b-4331-89ed-b7825e996cb7,2019,275,"'NITI Aayog' has changed the way India strategized for economic development, but its effectiveness is yet to be seen, especially when its fi",no_primary_tag,flagged,,,4d66d3af-d945-47ea-96b8-d73601943ef2,,
question,f997ae55-4c16-40cb-b596-6ee17f68e76e,2019,276,"Even though the law and order administration is a State subject, it is paradoxical that the Central agencies-NIA or paramilitary forces unde",no_primary_tag,flagged,,,2ae2838c-e494-4790-a348-5fce3380923b,,
question,6a3e13dc-5225-422a-9e6d-430d7aeaa82f,2019,277,Performance grants devolved by Finance Commission of India have increased the financial accountability of the local bodies. Elaborate. www.l,no_primary_tag,flagged,,,6940ad06-8783-43f9-a75c-cd4aa8ba012d,,
question,249968e2-5f00-4587-8469-076f4ede663e,2020,250,Mughal administration incorporated a combination of indian and extra-Indian clements. Discuss. www.lotusarise.com.,no_primary_tag,flagged,,,efe5f805-e241-4f9b-adb7-c2499ba4b2c4,,
question,9723124e-53d2-4c08-9491-88d73cb851e9,2020,251,There is a constant and continuous collision between bureaucratic values and democratic values which adversely affects development. Do you a,no_primary_tag,flagged,,,3c1a5edc-0129-4062-8348-8c99d9b52c2a,,
question,4ee3fbe4-955b-400b-8d81-23a33255ab5d,2020,252,Parliamentary committees are at the deliberative core of parliamentary work which is crucial for refining legislations. Elucidate.,no_primary_tag,flagged,,,bd7c091c-e67e-4fef-9796-28aeef7fffab,,
question,3b5ba4c5-24a4-451b-9342-06bcd74f8ee4,2020,253,"Considering India's diversity, the planning pattern of 'one-size-fits-all' was discarded in favour of indicative planning. To what extent ha",no_primary_tag,flagged,,,cf507b01-ede1-4a3d-9ef9-c6ba62f80a91,,
question,1784f8f4-6cc4-43e5-af48-970ef86e78f4,2020,254,"Even if all the States combine together, they cannot have their way decision-making in the GST Council, unless the Union agrees to it. Analy",no_primary_tag,flagged,,,4d66d3af-d945-47ea-96b8-d73601943ef2,,
question,5fbf0f1b-1b48-4e8a-b374-4aa26af1410f,2020,255,District administration is the most important unit in governance. Most of the Central and State Government schemes and programmes are direct,no_primary_tag,flagged,,,6bffeba0-eb17-4b90-ab68-da7dd5340f6d,,
question,90b82b35-3a12-48d8-9293-6cad0c47fc19,2020,256,"The structural part of the Constitution of India is to a large extent derived from the Government of India Act, 1935, whereas its philosophi",no_primary_tag,flagged,,,64917456-6901-4f5c-bdba-cd190be51156,,
question,47b2393a-a400-4441-bdf2-54f670d15f4d,2020,257,The public services in India are an evolution of the British Raj. Trace the Indianization of the services.,no_primary_tag,flagged,,,948f65fa-ea4d-4158-9a67-3fdc0823cd8f,,
question,82d3ed31-2cf7-4c5f-940c-7b92b247094b,2020,258,Does the privatization of key public sector bodies augur well for welfarisin in India? Discuss with suitable illustrations.,no_primary_tag,flagged,,,2053b47c-45ee-4562-8fcc-c74411ec3fae,,
question,8d3e3423-fb81-4cf9-83c8-0ea3a5a7b8c4,2020,259,The spirit of democratic values requires that the independence of judiciary remains absolute. It is high time that the All India Judicial Se,no_primary_tag,flagged,,,cc75d6af-7b1c-43c3-bc47-68f74d908bb2,,
question,9ccab605-4c2d-4871-9a12-70b8ce1d94d0,2020,260,To strengthen the Election Commission of India and its commissioners is the need of the hour. Suggest measures to make it more independent a,no_primary_tag,flagged,,,518e36f0-85c2-4245-8ee0-27cf5345a75f,,
question,88519ce5-fc61-439b-99f4-26564ad805a2,2020,261,"Examine the National Health Policy in the context of the current pandomia situation, Identify the problems and suggest improvements.",no_primary_tag,flagged,,,4cfab548-52f2-4c28-8e86-07b89a4f1820,,
question,6f8c674a-3f42-4d27-b384-56c06bde4163,2020,262,The Speaker of the State Assembly has assumed a significant role in formations and dissolutions of governmenta. Examine under the circumstan,no_primary_tag,flagged,,,cc75d6af-7b1c-43c3-bc47-68f74d908bb2,,
question,362aa566-47de-47d6-b5d5-76f23c90bc2f,2020,263,"At the district level, police functions under the overall supervision and control of the District Magistrate. Comment.",no_primary_tag,flagged,,,2335708c-9aa0-4eee-901e-facde46aa9fe,,
question,f26719c1-f65f-4c9b-ab72-95bbdca0bbce,2020,264,Political neutrality of civil servants has been regarded as one of the cardinal principles in democrntic governments. Is its sanctity being ,no_primary_tag,flagged,,,a18cb1b7-d6ef-4834-baa7-232780443236,,
question,72d3de14-3763-4e2c-9c7b-a91725b4e57a,2020,265,Budget is anindicntor of financial health of a polity which is reflected in the statement of income and expenditure. Discuss.,no_primary_tag,flagged,,,d58ee399-68a2-4406-ab6a-49876488b4d8,,
question,e98ccb38-4288-4ccc-8cbf-89740f498a3a,2020,266,Panchayati Raj Institutions are still plagued by State control and domination of bureaucracy. Argue your casc.,no_primary_tag,flagged,,,2cb735d0-d6c2-4cc2-b46a-3022646d914f,,
question,09f6ef3e-9c5f-4f8b-bb54-bcab27ef767b,2020,267,Urban local governance is perpetually afflicted with lack of financial autonomy and starvation of funds. Elaborate. www.lotusarise.com.,no_primary_tag,flagged,,,c3e3024b-5f0c-428f-8e8c-8ec45d4c95a0,,
question,8fc05bf9-1c9c-452d-a540-11b5b0d2627f,2020,268,There has been a long-standing demand for separation of police investigation from prosecution. Analyze its merits and demerits.,no_primary_tag,flagged,,,48590ba7-b646-4efe-93b7-66f3d5a05cc6,,
question,9a6c62c1-cde5-41bf-b2d0-fc1eba71d992,2020,269,The office of the Comptroller and Auditor General of India stands on the pillar of autonomy. Discuss the major lacunae in the functioning of,no_primary_tag,flagged,,,82844689-d4fa-4edc-a3f1-4c82620b0e73,,
question,29c70e7b-acef-4c77-9f74-dfc82c6488ad,2020,270,Implementation of administrative reforms is humongous and arduous. What lacks the push to realize the changes?,no_primary_tag,flagged,,,12059ea5-7446-481e-b34e-a9277eb44639,,
question,186d5842-8fe9-41d9-953d-c38b64883443,2020,271,Immediate post-retirement appointments of high officers of governmen have become a new trend. Discuss its pros and cons.,no_primary_tag,flagged,,,1b4a75e0-3cd4-4627-8f23-8d505e6de402,,
question,3eaa585d-de76-4c95-840f-ce1516293cad,2020,272,Ward committees in urban local governance have remained more tigers. The ideal of realizing effective people's participation in collabor wit,no_primary_tag,flagged,,,b71d3c18-9739-4ed5-90c9-08a3f32c5377,,
question,6f3e2b3b-05f5-442d-a34d-c229726acd3b,2020,273,Police needs to be made accountable and freed from the grip of politics. It is a big challenge not only for law and order but also for the d,no_primary_tag,flagged,,,48590ba7-b646-4efe-93b7-66f3d5a05cc6,,
question,aecc3572-a0de-4f30-9f5f-65f9d6235529,2020,274,Civil servants are trained to follow rules and procedures so much that they become bureaucrazy. Do you agree? Justify.,no_primary_tag,flagged,,,de7712c6-f586-44fa-98f1-7b1db58621d5,,
question,863cf2da-0bc9-4e01-8c80-9bfab7117091,2020,275,"""There are adequate legal mechanisms to address corruption malpractices in administration, but they have failed to curb the mea any noticeab",no_primary_tag,flagged,,,96208cf6-989f-409f-af4c-d2644a8784be,,
question,adcd8f1c-09b3-4931-89ac-cdf3cd43bac0,2020,276,"Despite the constitutional provisions for representation, the voice weaker of sections is not having the desired impact in the realms of Pan",no_primary_tag,flagged,,,8f4410ff-d252-42ab-8cf3-744cca508002,,
question,34f77eba-0e57-4959-98f0-97456c14c588,2020,277,"Ideally citizen-administration interface is supposed to be based on trustworthiness and purposesulness, in reality it is observed to be plag",no_primary_tag,flagged,,,d198e299-4aa1-4158-a86c-9f0d6359ade0,,
question,c530b58e-b69c-4ce1-b2f7-e56953d527dd,2021,250,The Preamble to the Constitution of India provides a foundational framework of ideals and values for the Indian administration. Discuss.,no_primary_tag,flagged,,,8f4410ff-d252-42ab-8cf3-744cca508002,,
question,4371cb03-7edb-444e-9fd3-66ab452df545,2021,251,Examine the extent to which the ideal of Constitutionalism as 'government by limited powers has been a functional realityin India.,no_primary_tag,flagged,,,b76962e2-b2a1-41aa-a4a8-67c52403d8d2,,
question,117f5c30-a7dd-4cf2-80ca-06dd9a8a98ed,2021,252,Red-tapism is a major obstacle to the implementation of 'good governance. Comment.,no_primary_tag,flagged,,,4cfab548-52f2-4c28-8e86-07b89a4f1820,,
question,03d218f9-bda6-4f03-aa00-e83ec17c074e,2021,253,The role and status of the Speaker in parliamentary system have their foundation in the Speaker's stance on neutrality. Comment.,no_primary_tag,flagged,,,cc75d6af-7b1c-43c3-bc47-68f74d908bb2,,
question,92dabef3-613b-4c7c-9a9e-9ab89660e69e,2021,254,The Union government develops and practices strategies to administer increasing number of existing local government services by sidelining l,no_primary_tag,flagged,,,4799cec7-baf0-467a-a1ec-1ce499639c22,,
question,b1a2deaa-c61a-4cf7-af57-ef7505434d6d,2021,255,"Kautilya envisages protection, welfare and prosperity of the State and its people as the utmost concern of a ruler. In this context, discuss",no_primary_tag,flagged,,,e3e84062-d6fe-4fe8-a97c-87b9804c857d,,
question,04aade8a-3f8f-4cef-8810-76664b2e7bef,2021,256,"District Collector is the mostimportantfunctionary in district administration in India. In light of the above statement, discuss the multidi",no_primary_tag,flagged,,,2335708c-9aa0-4eee-901e-facde46aa9fe,,
question,45991f38-729f-4ac4-8bb4-6ff5846353d5,2021,257,"The role of the Governor isofa sagacious counsellor, mediator and arbitrator rather than that of an active politician. In this context, exam",no_primary_tag,flagged,,,9effe33d-2b90-4b39-82a3-14f4c4281fd5,,
question,76eb87b7-b62f-4fe2-a167-39a04c62fe33,2021,258,Recruitment is the cornerstone of the whole public personnel structure and it revolves around the problem of attracting the best. Discuss th,no_primary_tag,flagged,,,de7712c6-f586-44fa-98f1-7b1db58621d5,,
question,c461c93d-540a-4c18-8053-7f3f478d58b1,2021,259,"Traditionally structured administrative systems have outlived their utility. Discuss as how administrative reforms can revamp, restru ure an",no_primary_tag,flagged,,,45a6d742-154d-4fbb-acd2-05d48f79fee5,,
question,6b3be0e2-7ddc-4d47-b273-be3fa9ab105e,2021,260,The govemment policy of large scale privatization of the key sectors of economy may afect India's economic health. Comment.,no_primary_tag,flagged,,,2053b47c-45ee-4562-8fcc-c74411ec3fae,,
question,66efc75a-6927-47a3-9ebd-3d5e542733ca,2021,261,As a constitutionally mandated body the Finance Commission stands at the centre of fiscal federalism. Evaluate the role of Finance Commissio,no_primary_tag,flagged,,,6940ad06-8783-43f9-a75c-cd4aa8ba012d,,
question,f3d9fba9-2da5-4826-8cbd-97cfd140bf8e,2021,262,No rural development strategy can succeed unless it is complemented by appropriate Panchayati Raj Institutions. Examine the statement.,no_primary_tag,flagged,,,2cb735d0-d6c2-4cc2-b46a-3022646d914f,,
question,3db8a2b7-006e-42ee-856f-15fdc2b14fd1,2021,263,NITI Aayog has been constituted to implement the goal of co-operative federalism. Discuss. www.lotusarise.com.,no_primary_tag,flagged,,,4d66d3af-d945-47ea-96b8-d73601943ef2,,
question,8a575419-b8ce-4ab7-b14f-6daf9e056715,2021,264,Responsibility and accountability are two major goals of Good Governance. Discuss the statement in the context of lndian administration.,no_primary_tag,flagged,,,4cfab548-52f2-4c28-8e86-07b89a4f1820,,
question,07de5e2e-67d7-487b-818f-e58ce956dacb,2021,265,The Prime Minister's Office has become a powertul institution in itself by virtue of its role in decision- making on strategic issues of utm,no_primary_tag,flagged,,,a43230e6-23a4-4552-a4a5-7e0cd60fb234,,
question,97984e70-e32e-4116-946b-7f98d26a323d,2021,266,Well planned and goal oriented training programmes arc the backbonc of thc civil service system in India. Examine the statenment.,no_primary_tag,flagged,,,de7712c6-f586-44fa-98f1-7b1db58621d5,,
question,e2ac68ef-c0d6-45e6-a491-bc980233a065,2021,267,Budget proposals in the Parliament/ State Legislatures fail to ensurc their cffective scrutiny. the factors which constrain effective scruti,no_primary_tag,flagged,,,bd7c091c-e67e-4fef-9796-28aeef7fffab,,
question,5446f40e-6f8d-4ad5-852c-6747576b6f05,2021,268,73rd and 74th Constitutional Amendment Acts aimed at making the third tier of government powerfül and effective for democratic decentralizat,non_ascii_suspect;no_primary_tag,flagged,,,61748dcc-d4b0-4655-a94c-adaad6d0ae73,,
question,4d893b42-4693-4e4c-aebb-02c470b1803e,2021,269,National Human Rights Commission is handicapped by its jurisdictional limitations of not being able to investigate the cases of violation of,no_primary_tag,flagged,,,09255c99-ff6f-480c-8289-5329ca582d27,,
question,27b5effe-619b-4a23-939b-14f9e3c3a299,2021,270,Contemporary urbanismadvocates the integration of diverse modes of urban planning and management concerns. Discuss the above statement in li,no_primary_tag,flagged,,,9e6c9836-55ea-4bcb-8132-b21edef321cc,,
question,360c45e5-9cda-4187-a735-df21ba36416a,2021,271,Rural development programmes are designed to facilitate multifaceted growth of rural poor. Evaluate the role of some key rural development p,no_primary_tag,flagged,,,fa10053c-eb51-4c79-a058-79fc36f918db,,
question,4b2cdd37-15da-4337-9ca0-e47423654181,2021,272,Police-public relations in India need to be improved. Suggest measures to strengthen relations between police and public.,no_primary_tag,flagged,,,48590ba7-b646-4efe-93b7-66f3d5a05cc6,,
question,6dd8794f-4374-4234-a808-980de60026e4,2021,273,"In past two decades India's public policy on Disaster Management has shifted its focus from rescue, relief and rehabilitation efforts to hol",no_primary_tag,flagged,,,d7d54e3a-afa5-4349-b292-098f1257b730,,
question,6617ad8a-230c-41be-adcf-e835e9fca6b4,2021,274,The institutional legacy of 'well-entrenched state' affected the post-reforms promises in India. Explain the statement in the light of econo,no_primary_tag,flagged,,,2053b47c-45ee-4562-8fcc-c74411ec3fae,,
question,7295f0d8-956c-41cf-97ac-4957262ce9ab,2021,275,Do you agree with the view that the civil service in India is losing its neutral and anonymous character ? Argue your case. www.lotusarise.c,no_primary_tag,flagged,,,a18cb1b7-d6ef-4834-baa7-232780443236,,
question,acace47c-4b12-4437-aa6a-42d553d13bd1,2022,250,"""Mughal administrative system was centralised despotism"". Comment.",no_primary_tag,flagged,,,efe5f805-e241-4f9b-adb7-c2499ba4b2c4,,
question,0aa76f70-1e7e-4e9a-8ffc-a388bb1335a8,2022,251,"""The office of the District Collector admirably survived the changing times from colonialism to the present times"". Comment.",no_primary_tag,flagged,,,2335708c-9aa0-4eee-901e-facde46aa9fe,,
question,635e2c68-51b0-4401-9f03-9b108d95c8c1,2022,252,"""The smooth transaction of business in Ministries and Departments depends on the role played by Cabinet Secretariat"". Discuss. www.lotusaris",no_primary_tag,flagged,,,5b9b2288-5468-4012-b888-99e8628b3969,,
question,f56c84b7-c6f6-450d-8128-e2029af162fe,2022,253,"""The Government of India Act, 1935 is the most important source of Indian constitution"". Identify its features.",no_primary_tag,flagged,,,64917456-6901-4f5c-bdba-cd190be51156,,
question,1951a310-e248-4a7d-b69b-c03137d870d3,2022,254,"""The Chief Secretary is the chief communication link between the state and central government"". Explain.",no_primary_tag,flagged,,,708b15be-1f1d-43ec-9686-7e66562f372c,,
question,1c98173d-f32b-4903-b900-6cc1360e047b,2022,255,"""The Indian federal structure is largely symmetric albeit with some asymmetric features"". Examine the status of States and Union Territories",no_primary_tag,flagged,,,963f4c27-d719-4bb3-b224-f6667d079211,,
question,1e8b33e2-ee93-44d8-8a92-10554e24f253,2022,256,The Atmanirbhar Bharat Abhiyaan is a progressive policy. Analyse.,no_primary_tag,flagged,,,4cfab548-52f2-4c28-8e86-07b89a4f1820,,
question,551ca664-4585-4fe3-bc0a-e4a9101798b6,2022,257,"""Indicative Planning, is a middle path of planning and market mechanism to ensure coordination between public and private activities."" Expla",no_primary_tag,flagged,,,5c0bada2-886d-40ff-af33-3d71ba3f661b,,
question,26622015-7d0d-4411-b053-278b71a108f1,2022,258,"""The New Economic Reforms during the past three decades have not only reduced the scope of industrial licensing and areas reserved exclusive",no_primary_tag,flagged,,,2053b47c-45ee-4562-8fcc-c74411ec3fae,,
question,262a64ac-bb3a-4e7a-a77f-49d80e13f370,2022,259,"""National Institution for Transforming India (NITI) Ayog has become super cabinet in formulating the development agenda of our country"". Exa",no_primary_tag,flagged,,,4d66d3af-d945-47ea-96b8-d73601943ef2,,
question,7dd0bd6e-707d-47a1-a8b5-c0d5d8e72d14,2022,260,"Despite the constitutional status, the District planning committees remained a in preparation and non-entity implementation of plans. Discus",no_primary_tag,flagged,,,abca61f0-ae41-4b6b-9705-f3ed583744f6,,
question,82ef2651-1c9c-4eb3-a238-b25515f94b88,2022,261,"""The Indian judicial system has failed to deliver justice expeditiously"". Examine the challenges faced by the judiciary and suggest measures",no_primary_tag,flagged,,,cc75d6af-7b1c-43c3-bc47-68f74d908bb2,,
question,669dd73d-edef-4f78-8e62-a31ff1442459,2022,262,"Analyse the specific areas of controversies with regard to Union-State financial relations, particularly in the context of one nation - one ",no_primary_tag,flagged,,,963f4c27-d719-4bb3-b224-f6667d079211,,
question,dee26ff8-a2b1-4555-8883-6d9749a1b449,2022,263,Examine the role of central government in adjudication of disputes relating to water of interstate rivers.,no_primary_tag,flagged,,,963f4c27-d719-4bb3-b224-f6667d079211,,
question,1c30036a-d1f3-44f5-8236-6fb0b4a1330d,2022,264,Examine the lateral entry recruitment in government in the context of Part XIV of the Indian Constitution.,no_primary_tag,flagged,,,029f9e7e-b90d-4c4c-97fe-0ddd64d025d7,,
question,66e43101-d4f6-4b21-977a-56c9350659af,2022,265,Examine the role of Securities and Exchange Board of India (SEBI) in protecting the interests of the investors in securities.,no_primary_tag,flagged,,,518e36f0-85c2-4245-8ee0-27cf5345a75f,,
question,9b17c376-2af6-4587-b82f-923f27400f85,2022,266,Citizens charters in India have not succeeded in their objectives in making administrative system citizen centric. Do you agree? Give reason,no_primary_tag,flagged,,,d198e299-4aa1-4158-a86c-9f0d6359ade0,,
question,c84ab340-0de6-40d2-a2af-e7645bece439,2022,267,"Following the onset of globalisation, the traditional bureaucratic model appears to have lost its significance. Comment.",no_primary_tag,flagged,,,3c1a5edc-0129-4062-8348-8c99d9b52c2a,,
question,d598455d-0b00-48f0-8ba6-51c8db31c5f2,2022,268,"""The financial suitability of the Urban local bodies can become a reality only when they receive their due share of public finances."" Explai",no_primary_tag,flagged,,,c3e3024b-5f0c-428f-8e8c-8ec45d4c95a0,,
question,aaf7b986-e7b8-4e28-b0a1-9e50b3a68661,2022,269,The recommendations of National Finance Commissions are more norms based than the need based. In the light of this statement analyse the ter,no_primary_tag,flagged,,,6940ad06-8783-43f9-a75c-cd4aa8ba012d,,
question,162b8894-ae24-4b48-887f-51dafc92a4e8,2022,270,"""The objective of Mission Karmyogi is to enhance capacity building of Indian Civil Servants and improve governance.""Discuss.",no_primary_tag,flagged,,,de7712c6-f586-44fa-98f1-7b1db58621d5,,
question,c9184acf-9d43-4189-a652-36fa51dcd489,2022,271,Parliamentary control over administration is no substitute for judicial control. Comment. www.lotusarise.com.,no_primary_tag,flagged,,,bd7c091c-e67e-4fef-9796-28aeef7fffab,,
question,5ceeb1a3-b0dc-4474-bab1-4f682805850d,2022,272,"In India, for the upliftment of majority of people, governmental intervention remains a central fact of life. Nevertheless, the effective im",no_primary_tag,flagged,,,5ce990b6-c928-44fd-84e6-f90dd20925aa,,
question,29710fa8-2a58-4d20-a2fa-73db3a0d9cca,2022,273,Comptroller and Auditor General (CAG) is today a primary cause of widespread and paralysing unwillingness on the part of government institut,no_primary_tag,flagged,,,82844689-d4fa-4edc-a3f1-4c82620b0e73,,
question,311d4a8a-5707-4cac-89c5-35b85a914516,2022,274,"Do you think that the new localism relegate the spirit of 74th Constitutional Amendment Act, 1992?",no_primary_tag,flagged,,,24968146-e9bb-4cd8-8578-cd97a27e9305,,
question,e8846231-4c36-4670-880b-7739686d8353,2022,275,"The main objective of Panchayats (Extension to Scheduled Areas) Act, 1996 is to enable tribal society to assume control over their livelihoo",no_primary_tag,flagged,,,2cb735d0-d6c2-4cc2-b46a-3022646d914f,,
question,13c2ac9d-3037-4f0b-ace2-af57d0a5688f,2022,276,"The effectiveness of law and order administration depends on cooperative attitudes of people towards police, than bringing reforms in the st",no_primary_tag,flagged,,,ac630e66-a095-4e47-9e20-597a1633d260,,
question,f5335343-81a3-4bfc-9955-7ac8d4932f46,2022,277,Examine the role of Lokpal in ensuring transparency and accountability in Indian administration. www.lotusarise.com.,no_primary_tag,flagged,,,96208cf6-989f-409f-af4c-d2644a8784be,,
question,ed8a8b5d-cc01-4632-8fec-1c88c98dbe79,2023,250,"""Kautliya's Arthashastra is a theoretical work on the state and Statecraft."" Comment.",no_primary_tag,flagged,,,e3e84062-d6fe-4fe8-a97c-87b9804c857d,,
question,b75a3b32-0776-4032-9af2-552074ab209a,2023,251,"Critics, sometimes, argue that bureaucracy is an impediment to a nation's development. Analyse.",no_primary_tag,flagged,,,5ce990b6-c928-44fd-84e6-f90dd20925aa,,
question,f61c4af0-2e15-4abd-93f3-7b6e8f3a9779,2023,252,"""Indicative Planning, is a middle path of planning and market mechanism to ensure coordination between public and private activities."" Expla",no_primary_tag,flagged,,,5c0bada2-886d-40ff-af33-3d71ba3f661b,,
question,e16d1240-ae6d-4bd4-9dd8-3231c956a4d0,2023,253,Is it true that the Finance Commission has been lending Financial strength to the local bodies in India? Argue in favour of your response.,no_primary_tag,flagged,,,6940ad06-8783-43f9-a75c-cd4aa8ba012d,,
question,e09047b4-3b62-4ab1-8281-6702157925c6,2023,254,"""Parliamentary democracy in India envisages elected head as the real executive of a State."" Discuss. www.lotusarise.com.",no_primary_tag,flagged,,,9effe33d-2b90-4b39-82a3-14f4c4281fd5,,
question,75a90377-b3c9-4a2c-a306-19140584510d,2023,255,"""Indian Prime Minister is more empowered than his British counterpart in the Westminster model of democracy."" Elucidate.",no_primary_tag,flagged,,,a43230e6-23a4-4552-a4a5-7e0cd60fb234,,
question,fdb66a5d-c9d4-4647-bde3-a76fbc8d13a4,2023,256,"Post-amendment period Panchayats have become a platform of competitive politics, but could not emerge as an agency of planning and service d",no_primary_tag,flagged,,,2cb735d0-d6c2-4cc2-b46a-3022646d914f,,
question,632c32a3-80b7-4e0d-9065-8057f8f6a48f,2023,257,"Former Chief Justice of India, Dipak Misra observed: ""An efficient judiciary is the hallmark of a great nation."" Comment.",no_primary_tag,flagged,,,cc75d6af-7b1c-43c3-bc47-68f74d908bb2,,
question,17c8adfe-a571-49cc-9361-87335e04d1de,2023,258,"India has significantly advanced in its development goals, increased efficiency in the public sector and unlocked innovation in private sect",no_primary_tag,flagged,,,4cfab548-52f2-4c28-8e86-07b89a4f1820,,
question,8b7a3861-3d37-4a3b-9f39-461f4f7a65b9,2023,259,"""Attempts to prepare unified and holistic plans for the country are complex and full of challenges."" Discuss.",no_primary_tag,flagged,,,cf507b01-ede1-4a3d-9ef9-c6ba62f80a91,,
question,760b6cf5-671e-4318-ae92-fedfa20f6225,2023,260,"""Excessive political interference in development process has become a cause of concern in achieving national goals. Examine.",no_primary_tag,flagged,,,ac630e66-a095-4e47-9e20-597a1633d260,,
question,707541ad-66d3-426e-9ce7-aa5e7855e03d,2023,261,"""There shall be Council of Ministers with the Chief Minister at the head to aid and advise the Governor in the exercise of his functions, ex",non_ascii_suspect;no_primary_tag,flagged,,,708b15be-1f1d-43ec-9686-7e66562f372c,,
question,59243c09-662c-490a-83a2-7deb8e2f2a45,2023,262,"""There is a need to redefine and realign the functions of the Deputy Commissioner/ District Collector. Elaborate.",no_primary_tag,flagged,,,2335708c-9aa0-4eee-901e-facde46aa9fe,,
question,be4c065e-a531-44db-b998-558d20fbb0bb,2023,263,Examine Project Bharatmala-Road to prosperity-launched in 2017.,no_primary_tag,flagged,,,fa10053c-eb51-4c79-a058-79fc36f918db,,
question,a9e2e846-f5c4-46f6-adf2-ab4025ff6527,2023,264,The district training component of Induction Training of IAS officers requires to be revisited. Examine.,no_primary_tag,flagged,,,de7712c6-f586-44fa-98f1-7b1db58621d5,,
question,63b6c821-134c-4803-a471-ed078f07909b,2023,265,"""Mission Antyodaya strives to realise the vision of poverty-free India."" Examine.",no_primary_tag,flagged,,,fa10053c-eb51-4c79-a058-79fc36f918db,,
question,952f5203-28b2-4b9e-b9e6-559342490c13,2023,266,"The dynamics of coalitions vary with the nature of leadership, political parties and contemporary political conditions. Analyse.",no_primary_tag,flagged,,,7fb67c2e-ac30-4d50-89bb-04ecf325af36,,
question,5890bf8e-c376-4b1f-a6de-1d07a631c651,2023,267,"Computerization of treasuries has revolutionised the accounting and budget planning process, Comment.",no_primary_tag,flagged,,,67226106-2d9e-4082-96bb-1395064e73a7,,
question,58822bd2-effe-4e89-8169-fb8118e5f88a,2023,268,Do you agree that code of ethics and code of conduct for ministers would help in upholding higher standards of their constitutional and ethi,no_primary_tag,flagged,,,1b4a75e0-3cd4-4627-8f23-8d505e6de402,,
question,e9783c55-ffac-4243-9842-2a262979a231,2023,269,"""Civil Service Reforms along with a transparent transfer policy will go a long way in insulating civil servants from undesired political pul",no_primary_tag,flagged,,,6a3f1148-7456-479e-a93e-ae04138547cd,,
question,e79cc2db-10e7-42fe-8c6a-3c353ff06b93,2023,270,"""The withdrawal of AFSPA from Tripura has sent a positive signal across the state and North-Eastern Region."" Do you think that now it is an ",no_primary_tag,flagged,,,1dd52f92-8ec3-4d02-b9bf-7649565b7de4,,
question,b1ded5ba-d713-40cc-b871-0a5596469d6b,2023,271,The Swachh Bharat Abhiyan is by far the most significant cleanliness campaign by the Government of India. Comment.,no_primary_tag,flagged,,,4cfab548-52f2-4c28-8e86-07b89a4f1820,,
question,b23cc45e-893e-4ef0-9e55-00fed56daacc,2023,272,Accountability of the Executive to the Parliament in the domain of financial administration is secured through CAG reports. Discuss.,no_primary_tag,flagged,,,bd7c091c-e67e-4fef-9796-28aeef7fffab,,
question,bcddb876-28c9-41b8-88ef-f1d20affcc8d,2023,273,The government response to the Supreme Court's judgement on Police Reforms has been lackadaisical. www.lotusarise.com The reasons are multip,no_primary_tag,flagged,,,48590ba7-b646-4efe-93b7-66f3d5a05cc6,,
question,43966927-eae4-4cd0-8a1e-63916d47c615,2023,274,Disasters can push the world's poorest deeper into poverty. Do you think that a a comprehensive strategy to deal with such vulnerabilities i,no_primary_tag,flagged,,,d7d54e3a-afa5-4349-b292-098f1257b730,,
question,2fa81cd7-07e2-4243-b575-69812add62cb,2023,275,"In the context of the Second Administrative Reforms Commission recommendations, evaluate Public- Private Partnership (PPP) as a preferred mo",no_primary_tag,flagged,,,45a6d742-154d-4fbb-acd2-05d48f79fee5,,
question,4835e6aa-5377-4c09-8825-10ac4017ad61,2023,276,"In 2011, India ratified the United Nations Convention Against Corruption (UNCAC). Evaluate the existing legal framework for fulfilling this ",no_primary_tag,flagged,,,96208cf6-989f-409f-af4c-d2644a8784be,,
question,95cdde58-d6be-4146-b54d-7c967a1db29e,2023,277,Shyama Prasad Mukherji Rurban Mission is a cluster-based approach of converging rural development efforts of different departments of the go,no_primary_tag,flagged,,,fa10053c-eb51-4c79-a058-79fc36f918db,,
question,f02ba653-1aac-4b8c-9c4e-ac67981fc1e4,2024,250,"""Ethics in Public services has been the main concern of Kautilya's Arthashastra."" Examine the statement.",no_primary_tag,flagged,,,e3e84062-d6fe-4fe8-a97c-87b9804c857d,,
question,1061a2cb-b7a5-4d00-9f70-32a9663c5850,2024,251,"""The Mughal Administration was by nature centralized."" Analyse.",no_primary_tag,flagged,,,efe5f805-e241-4f9b-adb7-c2499ba4b2c4,,
question,cbdddb9d-ae48-4994-bd35-e76ea14368b1,2024,252,"""Autonomy to Public Undertakings is a myth."" Analyse.",no_primary_tag,flagged,,,3a97f920-c289-41ef-83b0-4f470f1204b3,,
question,ee83148d-79bb-4275-80b5-31bfdbf38b8b,2024,253,"""It should be people's Prime Minister Office (PMO), it can't be Prime Minister's PMO."" Comment.",no_primary_tag,flagged,,,a43230e6-23a4-4552-a4a5-7e0cd60fb234,,
question,a3d3f3fa-05cc-4177-a620-be503000e60d,2024,254,"""Implementation of Goods and Services Tax (GST) has led to a Paradigm shift in the centre-state relations, both financially and politically.",no_primary_tag,flagged,,,963f4c27-d719-4bb3-b224-f6667d079211,,
question,eaed2f79-59f4-4242-89d0-6d2c61cbbdf8,2024,255,The National Data and Analysis Platform (NDAP) of NITI Aayog facilitates a robust ecosystem to promote democratization and inclusivity in de,no_primary_tag,flagged,,,4d66d3af-d945-47ea-96b8-d73601943ef2,,
question,bfac4e73-3b65-4150-9e44-c0cf26050a58,2024,256,Examine the impact on administration in view of changing relations between political and permanent executive.,no_primary_tag,flagged,,,4799cec7-baf0-467a-a1ec-1ce499639c22,,
question,51f5e1f7-5bb9-4bab-98b5-60879366a079,2024,257,Decentralized planning enhances economic development and social justice. Analyse.,no_primary_tag,flagged,,,abca61f0-ae41-4b6b-9705-f3ed583744f6,,
question,091b2319-5e7f-485a-be0b-dd19f07bb351,2024,258,"""The role of State Finance Commission in distribution of finances between state and local governments is vital."" Discuss.",no_primary_tag,flagged,,,6940ad06-8783-43f9-a75c-cd4aa8ba012d,,
question,60f64aa8-7904-4ce2-846d-c4d386806def,2024,259,"""Centre-state relations are undergoing a drastic change."" Elaborate.",no_primary_tag,flagged,,,963f4c27-d719-4bb3-b224-f6667d079211,,
question,59ff683f-364d-4a47-a114-d093d0aef439,2024,260,"""There has been a strain in relations between Governor and State governments in the recent past."" Examine.",no_primary_tag,flagged,,,9effe33d-2b90-4b39-82a3-14f4c4281fd5,,
question,771f578f-9bdc-4b53-8107-cad18e22d286,2024,261,Public sector undertakings have been the bedrock of welfarism in India for many decades. Evaluate the pros and cons of current disinvestment,no_primary_tag,flagged,,,eb92ad3a-a335-436f-bb97-487cdb9488d1,,
question,28d54301-ed6c-4be7-bfe0-167ebea8778d,2024,262,"""The collegium system of appointments to higher judiciary has been the cornerstone of independence of judiciary. It has remained as the subj",no_primary_tag,flagged,,,cc75d6af-7b1c-43c3-bc47-68f74d908bb2,,
question,5f3c8044-e7c2-4ce0-a680-9c5a7276b231,2024,263,The concept of bureaucratic authoritarianism is one of the models of non-democratic rules. Explain. www.lotusarise.com.,no_primary_tag,flagged,,,3c1a5edc-0129-4062-8348-8c99d9b52c2a,,
question,f0513c7e-ddff-4436-a3b8-f44fcb9acffc,2024,264,The constitutional stature provided to the Public Service Commissions accord them autonomy to work towards fair recruitments. Comment.,no_primary_tag,flagged,,,029f9e7e-b90d-4c4c-97fe-0ddd64d025d7,,
question,82c23dbe-dcd0-408d-9b59-f7f3f2dbe38f,2024,265,"""The neutrality of civil service has become a myth."" Comment.",no_primary_tag,flagged,,,a18cb1b7-d6ef-4834-baa7-232780443236,,
question,4610fbd8-6eeb-41a7-a2c2-c5f84c83b1cf,2024,266,Examine the role of Telecom Regulatory Authority of India (TRAI) in protecting the rights of the consumers.,no_primary_tag,flagged,,,518e36f0-85c2-4245-8ee0-27cf5345a75f,,
question,a26fea92-e32f-4d4c-ab06-12bec5a2a87c,2024,267,"""Parliamentary control over public expenditure is declining."" Comment.",no_primary_tag,flagged,,,bd7c091c-e67e-4fef-9796-28aeef7fffab,,
question,496b0422-fa76-4278-8f52-df5313c52b31,2024,268,"The Liberalization, Privatization, and Globalization (LPG) has enhanced the participation of private sector in Indian Economy. Comment.",no_primary_tag,flagged,,,2053b47c-45ee-4562-8fcc-c74411ec3fae,,
question,1e324070-3d61-4190-b5c3-578f79fa1fba,2024,269,"""The success of administrative reforms in a country like India depends upon the political will."" Comment.",no_primary_tag,flagged,,,45a6d742-154d-4fbb-acd2-05d48f79fee5,,
question,ae1c9bf0-6153-4304-b43e-21442a14a4a3,2024,270,The journey of transformation of local governance has been long. Examine the challenges to realise the spirit of gram swaraj.,no_primary_tag,flagged,,,2cb735d0-d6c2-4cc2-b46a-3022646d914f,,
question,b711d185-e15d-47a2-a744-e9a37ad92dc2,2024,271,What aims and objectives was the Capacity Building Commission established for? Evaluate how far it has come in realising the goals.,no_primary_tag,flagged,,,de7712c6-f586-44fa-98f1-7b1db58621d5,,
question,5ceac9b5-ad20-4656-ad09-56c7ce29ea41,2024,272,"The separation of police, investigation, and prosecution has its own benefits and challenges. Analyse in context of recent developments.",no_primary_tag,flagged,,,48590ba7-b646-4efe-93b7-66f3d5a05cc6,,
question,fd90ab6f-4ee3-4270-aa46-79bd5d92633d,2024,273,Lack of financial resources and independence in managing local funding is hindering the economic and social development of urban areas. Disc,no_primary_tag,flagged,,,c3e3024b-5f0c-428f-8e8c-8ec45d4c95a0,,
question,b56d2fb0-15f5-46b7-ab7f-8a1b6bd7e40b,2024,274,National Investigation Agency (NIA) is playing an important role in countering terrorism. Comment.,no_primary_tag,flagged,,,1dd52f92-8ec3-4d02-b9bf-7649565b7de4,,
question,e7521087-eff3-44ba-9a07-001ae4e8dd9b,2024,275,"""Police-public relations are poor in India. What measures are required to strengthen these relations?""",no_primary_tag,flagged,,,48590ba7-b646-4efe-93b7-66f3d5a05cc6,,
question,99d2effd-beb5-426d-9d21-4da613581cd3,2024,276,The office of the Comptroller and Auditor General of India and its functioning is away from the public eye. Still it is one of the most impo,no_primary_tag,flagged,,,82844689-d4fa-4edc-a3f1-4c82620b0e73,,
question,4546f1d0-0e8d-4f94-816f-d599d44fc0be,2024,277,Critically examine the problems of administration in coalition regimes. www.lotusarise.com.,no_primary_tag,flagged,,,7fb67c2e-ac30-4d50-89bb-04ecf325af36,,
question,18ccae55-ed36-4d4f-8112-406e376d9b10,2025,250,Arthashastra of Kautilya means the science of economics of livelihood of the people. Comment.,no_primary_tag,flagged,,,e3e84062-d6fe-4fe8-a97c-87b9804c857d,,
question,d2a17a17-2c68-45ab-bb12-12127a7a3e0d,2025,251,Trace the reasons for limited effectiveness of the NITI Aayog.,no_primary_tag,flagged,,,4d66d3af-d945-47ea-96b8-d73601943ef2,,
question,70cef938-0734-4432-ba25-737b18385b0a,2025,252,Highlight the constitutional provisions and judicial interventions to promote gender equality in India.,no_primary_tag,flagged,,,8f4410ff-d252-42ab-8cf3-744cca508002,,
question,e24113dd-843a-4313-a66a-40b9fc0721ce,2025,253,"In contemporary times, the District Collector should prioritize teamwork over hierarchical structures. Comment.",no_primary_tag,flagged,,,2335708c-9aa0-4eee-901e-facde46aa9fe,,
question,182b07cf-8218-4ebd-9c74-2ddec45e768d,2025,254,Examine the significance of field organizations in enhancing policy implementation of projects like MGNREGA and Swachh Bharat Mission.,no_primary_tag,flagged,,,93de6be0-f24d-4aba-8c75-335c0ddd168b,,
question,2d35b8a9-fff2-4679-b521-96f9ab3b132c,2025,255,"""The colonial legacy is responsible for many administrative problems in independent India as the role of company agents and traders evolved ",no_primary_tag,flagged,,,64917456-6901-4f5c-bdba-cd190be51156,,
question,0214e6a3-2c3e-4128-8692-43bf7633c703,2025,256,"Despite the division of subjects, the Union Government contributes towards subjects in the State and Concurrent Lists. Discuss its pros and ",no_primary_tag,flagged,,,963f4c27-d719-4bb3-b224-f6667d079211,,
question,716f3f47-ef1e-42ef-b847-4abfa46ce838,2025,257,Divergent political interests and financial constraints hinder the spirit of 'cooperative federalism'. Comment.,no_primary_tag,flagged,,,963f4c27-d719-4bb3-b224-f6667d079211,,
question,038d8854-b0da-4bed-bf8b-2bdac4d6c354,2025,258,"While the Constitution offers a strong framework for decentralized and accountable governance, the real test lies in how institutions, civil",no_primary_tag,flagged,,,2cb735d0-d6c2-4cc2-b46a-3022646d914f,,
question,7ee714ed-da8d-43ff-bafa-762989ca84bd,2025,259,"Liberalization of Indian economy has forced public enterprises to enhance their efficiency, but the effects of these reforms have been a top",no_primary_tag,flagged,,,2053b47c-45ee-4562-8fcc-c74411ec3fae,,
question,de46629f-9618-4e9b-9aad-81b02c0e920d,2025,260,Centre-State administrative relations are a matter of debate as constitutional provisions created a strong Centre. Discuss.,no_primary_tag,flagged,,,963f4c27-d719-4bb3-b224-f6667d079211,,
question,3329fc43-3670-47b4-ab53-c7838bdecb59,2025,261,Experience of various States suggests that reorganization of districts was prompted more by politico- populist convenience rather than ease ,no_primary_tag,flagged,,,6bffeba0-eb17-4b90-ab68-da7dd5340f6d,,
question,020c2a14-8b15-412f-8d78-9423a6f349a7,2025,262,Lack of clear demarcation of roles between the State Secretariat and the Directorate has serious implications for policy making and policy i,no_primary_tag,flagged,,,c466c98e-dc34-4ae3-a339-7c86a59fffae,,
question,a4d52e68-68ca-4dba-901b-ca3c540c049b,2025,263,"Decentralized planning in India signifies a shift towards context-sensitive development, but inadequate resources and local politics complic",no_primary_tag,flagged,,,abca61f0-ae41-4b6b-9705-f3ed583744f6,,
question,eec1e19f-201c-46ca-9ac2-9c43e782f84c,2025,264,Low cyber awareness among officials is causing cyber security issues in the administration. Comment.,no_primary_tag,flagged,,,4cfab548-52f2-4c28-8e86-07b89a4f1820,,
question,8cd7836e-f99e-41b8-8554-48725facd7b6,2025,265,The 'guillotine' hastens the budgetary process to meet the timeline. Evaluate the procedure.,no_primary_tag,flagged,,,bd7c091c-e67e-4fef-9796-28aeef7fffab,,
question,4e940069-4c21-4b3c-99ab-9e79817912b2,2025,266,New localism plays aa crucial role in empowering the local actors. Expand.,no_primary_tag,flagged,,,24968146-e9bb-4cd8-8578-cd97a27e9305,,
question,5da75a2a-0b8d-4c1c-8f93-57a80a745b89,2025,267,Gram Sabha aims to enlist community participation. Explain.,no_primary_tag,flagged,,,2cb735d0-d6c2-4cc2-b46a-3022646d914f,,
question,bf4f960f-4c3d-4907-a527-f24fbc65244c,2025,268,Identify the implementation challenges and issues of the Government e-Marketplace (GeМ).,non_ascii_suspect;no_primary_tag,flagged,,,4cfab548-52f2-4c28-8e86-07b89a4f1820,,
question,59aa8b40-0349-47eb-a945-79d0f95e71e7,2025,269,Centralized Public Grievance Redress and Monitoring System (CPGRAMS) does not effectively address local level issues. Give your opinion.,no_primary_tag,flagged,,,8452c359-db7a-4e3f-80ac-005c38e75dad,,
question,3fa20afb-eba5-43d1-a73e-786778a87916,2025,270,Do you think 'Aadhaar' initiative has promoted inclusive governance and administrative credibility? Throw light.,no_primary_tag,flagged,,,d198e299-4aa1-4158-a86c-9f0d6359ade0,,
question,ceffbb25-8daf-4e3e-9e25-5bfd46cc4ff8,2025,271,Smart Policing and Community Policing programmes have been initiated to address socio-technological challenges in law and order. Discuss.,no_primary_tag,flagged,,,48590ba7-b646-4efe-93b7-66f3d5a05cc6,,
question,9501a50e-ba15-4aef-8bcf-d6c5a7102c63,2025,272,"Many elected women representatives in local governments in India, especially from marginalized backgrounds, often struggle to govern effecti",no_primary_tag,flagged,,,2cb735d0-d6c2-4cc2-b46a-3022646d914f,,
question,2853075a-025e-4169-bcb0-d3233373b1c6,2025,273,Budget is the pivot around which the whole financial administration revolves. Discuss the socio-economic and political implications of budge,no_primary_tag,flagged,,,d58ee399-68a2-4406-ab6a-49876488b4d8,,
question,40b96fa0-03a1-4eeb-881d-b2e1cc59fb16,2025,274,Assess the role of Government Process Reengineering (GPR) in promoting good governance.,no_primary_tag,flagged,,,4cfab548-52f2-4c28-8e86-07b89a4f1820,,
question,f82ae59a-86f1-48e6-8111-d91d79fc089d,2025,275,"Metropolitan cities are providing major portions of national wealth, but their governance is fraught with intricate institutional relationsh",no_primary_tag,flagged,,,b71d3c18-9739-4ed5-90c9-08a3f32c5377,,
question,e562d451-27ba-41c0-8aa4-a4b4aa0070f3,2025,276,Training and capacity building represent different scope and objectives. Explain the key differences.,no_primary_tag,flagged,,,de7712c6-f586-44fa-98f1-7b1db58621d5,,
question,41428fa7-d348-4e9f-ae27-54d7d77ad2aa,2025,277,Artificial Intelligence (AI) has emerged as an innovative tool in disaster management. Illustrate with examples. 10 www.lotusarise.com.,no_primary_tag,flagged,,,d7d54e3a-afa5-4349-b292-098f1257b730,,
