question_id,pyq_paper_id,year,question_number,stored_key_label,stored_key_text,upsc_key_label,upsc_key_text,solved_answer,solvable,current_correct_option_id,new_correct_option_id,applies,verdict,confidence,note
9914d3fe-4c7c-4faf-b7ce-6542cd5462e9,586d515e-2d3d-485d-a944-3983e4569e53,2023,1,d,Neither 1 nor 2,d,Neither 1 nor 2,not solvable: missing passage,no,48f7fcec-884c-4e92-81c3-3ad3d66a438e,,no,MATCH,medium,stored key equals UPSC key by letter; not independently solvable; stem: missing passage; working: Question refers to a passage that is not in the stem.
b58d1d16-d4d3-41f1-9704-2d77d3818bcc,586d515e-2d3d-485d-a944-3983e4569e53,2023,2,c,Segregation of municipal solid waste is the first step in ensuring the success of waste-to-energy plants.,c,Segregation of municipal solid waste is the first step in ensuring the success of waste-to-energy plants.,not solvable: missing passage,no,7ac1a585-403b-40a2-98c5-2614c0a448bf,,no,MATCH,medium,stored key equals UPSC key by letter; not independently solvable; stem: missing passage; working: Question refers to a passage that is not in the stem.
38721bc7-a427-4b73-8a75-e2a2ecf3ec48,586d515e-2d3d-485d-a944-3983e4569e53,2023,3,b,2 only,b,2 only,not solvable: missing passage,no,0790ee8c-16d7-4666-be31-19ebf4769122,,no,MATCH,medium,stored key equals UPSC key by letter; not independently solvable; stem: missing passage; working: Question refers to a passage that is not in the stem.
5507ac9e-e1a5-469c-918d-d5b98e317f59,586d515e-2d3d-485d-a944-3983e4569e53,2023,4,c,"In India, farmers need to be guided and helped to make their organic farming sustainable.",c,"In India, farmers need to be guided and helped to make their organic farming sustainable.",not solvable: missing passage,no,7c4e3a16-f520-4fa6-a9dc-9079f6238a1c,,no,MATCH,medium,stored key equals UPSC key by letter; not independently solvable; stem: missing passage; working: Question refers to a passage that is not in the stem.
758ad0cd-4a83-40b3-87b8-0f7e95b3d073,586d515e-2d3d-485d-a944-3983e4569e53,2023,5,b,2 and 3 only,b,2 and 3 only,not solvable: missing passage,no,1c28671e-5809-4b6c-9db3-6ca093f3edc5,,no,MATCH,medium,stored key equals UPSC key by letter; not independently solvable; stem: missing passage; working: Question refers to a passage that is not in the stem.
9f6a6d66-23aa-4806-a053-928db230d7fc,586d515e-2d3d-485d-a944-3983e4569e53,2023,6,c,Both 1 and 2,c,Both 1 and 2,Both 1 and 2,yes,8d4f6624-01d3-4427-9221-0d32d11400e2,,no,MATCH,high,"working: Stmt1: 13+19+25+27+37+53=174, +1=175 true. Stmt2: all except black 20+26+28+38+54=166, +1=167 true."
4f0d9653-6dca-4eb3-955f-4e7c193542fa,586d515e-2d3d-485d-a944-3983e4569e53,2023,7,d,SODBHU,d,SODBHU,SODBHU,yes,6f66dba5-d7f4-467b-841c-64f2af802598,,no,MATCH,high,"working: Each letter +3: Z->C,E->H,R->U,O->R; PLAYER -> SODBHU."
74a46c34-8a4d-49b8-8a9f-3041885bbda5,586d515e-2d3d-485d-a944-3983e4569e53,2023,8,d,All five,d,All five,All five,yes,d0c6da63-3aa1-47d3-b8f6-946049c0f3cf,,no,MATCH,high,"working: Chain C=D>F>A>B, E youngest; each statement needed to exclude someone from being oldest (1 excludes B, 3 excludes E, 2 ties C,D, 4 puts D above F, 5 puts F above A). All five."
2ef082f0-61e0-4949-8388-d56ba154b052,586d515e-2d3d-485d-a944-3983e4569e53,2023,9,c,All four statement together are sufficient to answer the Question.,c,All four statement together are sufficient to answer the Question.,All four statement together are sufficient to answer the Question.,yes,8f4355de-41a3-474d-92e4-eaed782bfe68,,no,MATCH,high,"working: 2+4: A is D's daughter (sister of C); 3: E is D's son so E is A's brother; 1: B is A's spouse -> E is B's brother-in-law. Needs all four (without 2, D not linked to A/C). Assumes A and C are full sisters."
1fd58c72-2cb6-4483-a2e3-1642018897d0,586d515e-2d3d-485d-a944-3983e4569e53,2023,10,d,"83, 89, 91, 97",d,"83, 89, 91, 97","83, 89, 91, 97",yes,cd5c6d58-b1b4-4ac0-a967-dc1581e66208,,no,MATCH,high,"working: All numbers in a,b,c are prime; group d contains 91=7x13 (composite)."
c1516fcc-ab83-48e3-82c6-3757c87ca7d7,586d515e-2d3d-485d-a944-3983e4569e53,2023,11,b,Knee-jerk reactions cannot but an evidence-based approach will be more effective.,b,Knee-jerk reactions cannot but an evidence-based approach will be more effective.,not solvable: missing passage,no,7924e9a7-6d02-4a11-bbb7-d9b02924624f,,no,MATCH,medium,stored key equals UPSC key by letter; not independently solvable; stem: missing passage; working: Question refers to a passage that is not in the stem.
4848d708-0fb3-46b1-8502-f4cfdb13a8a5,586d515e-2d3d-485d-a944-3983e4569e53,2023,12,b,Good corporate governance improves the credibility of the firms.,b,Good corporate governance improves the credibility of the firms.,not solvable: missing passage,no,207a713d-1d2d-4e34-981a-ab5e079c6864,,no,MATCH,medium,stored key equals UPSC key by letter; not independently solvable; stem: missing passage; working: Question refers to a passage that is not in the stem.
38eaa9c7-0212-4ffd-9723-45879e2c1f28,586d515e-2d3d-485d-a944-3983e4569e53,2023,13,b,Elephants are the keystone species and they benefit the biodiversity.,b,Elephants are the keystone species and they benefit the biodiversity.,not solvable: missing passage,no,4d0378f1-a955-449c-82d2-73bd7b1d4fe0,,no,MATCH,medium,stored key equals UPSC key by letter; not independently solvable; stem: missing passage; working: Question refers to a passage that is not in the stem.
2c4e3802-2a48-4a19-b509-234613200048,586d515e-2d3d-485d-a944-3983e4569e53,2023,14,a,6,a,6,6,yes,44113890-bd26-47e9-afad-13c3743ce787,,no,MATCH,high,"stem: operator symbol garbled (U+F0C5 private-use glyph); working: Rule: sum of digits of (a+b+c): 26->8, 50->5, 49->13 (4+9); 23+4+15=42 -> 6. Operator glyph is a private-use char (U+F0C5, likely a circled operator) but rule is recoverable from examples."
88f1b3ce-d874-4bb8-b400-ee49b0079230,586d515e-2d3d-485d-a944-3983e4569e53,2023,15,c,12,c,12,12,yes,b6e92e55-4273-447a-bbce-bdcd69d60bc4,,no,MATCH,high,working: x | 7x+96 iff x | 96 = 2^5*3 -> 6*2=12 divisors.
b5343502-0159-477b-8079-c768688b00d4,586d515e-2d3d-485d-a944-3983e4569e53,2023,16,b,225,b,225,225,yes,f0e0708b-7067-4aea-965f-1e892125dbc2,,no,MATCH,high,"working: Use 9,8,7,6: sum 30 split 15+15 (9+6, 8+7) -> 225."
53be0d3f-2702-41ed-951d-19a291d1f623,586d515e-2d3d-485d-a944-3983e4569e53,2023,17,a,11,a,11,11,yes,1d407e34-a841-4af4-af6d-b7727e18f5b9,,no,MATCH,high,working: int('9'*99) % 13 = 11 (python).
64dd65ef-2694-433a-8b8c-887ceef8e167,586d515e-2d3d-485d-a944-3983e4569e53,2023,18,c,81,c,81,81,yes,0cd66e93-b733-4183-bae2-498f5db4689e,,no,MATCH,high,"working: 111111111^2 = 12345678987654321, digit sum 81."
ae2889c3-e1fb-4bf9-8e3f-72234864b216,586d515e-2d3d-485d-a944-3983e4569e53,2023,19,b,: 856,b,: 856,: 856,yes,1d93a016-9cb4-4bdb-88d3-a1ef4ac744ec,,no,MATCH,high,"working: 10-99: tens 45*10=450, units 45*9=405 -> 855; plus 100 -> 1; total 856."
ccdfafc4-77e6-4215-b78b-0bf0b94e33a2,586d515e-2d3d-485d-a944-3983e4569e53,2023,20,c,20,c,20,20,yes,7c8fa5bd-6845-4aea-897f-1ac6121a7514,,no,MATCH,high,"working: 6 points, max 2 per side so no 3 collinear (points not at vertices): C(6,3)=20."
442dfccf-0f71-4ed6-aca7-c9543a1ec50c,586d515e-2d3d-485d-a944-3983e4569e53,2023,21,c,Waiting to deal with carbon emissions until technology improves is not a wise strategy.,c,Waiting to deal with carbon emissions until technology improves is not a wise strategy.,not solvable: missing passage,no,373ac309-c474-439c-b3e9-42c0f8353b3b,,no,MATCH,medium,stored key equals UPSC key by letter; not independently solvable; stem: missing passage; working: Question refers to a passage that is not in the stem.
5713b301-9e4f-45e3-9dfc-b674659093c4,586d515e-2d3d-485d-a944-3983e4569e53,2023,22,a,We are likely to spend more money on cure than prevention.,a,We are likely to spend more money on cure than prevention.,not solvable: missing passage,no,747f5478-74c1-4284-8bea-ebb4468e5840,,no,MATCH,medium,stored key equals UPSC key by letter; not independently solvable; stem: missing passage; working: Question refers to a passage that is not in the stem.
3e67301f-e267-4dab-8c1a-11ce08fb3ce5,586d515e-2d3d-485d-a944-3983e4569e53,2023,23,b,We must place food-based nutrition at the centre of our policy debate.,b,We must place food-based nutrition at the centre of our policy debate.,not solvable: missing passage,no,b879a0b3-f2be-4964-bc5e-91ca09d7d1e7,,no,MATCH,medium,stored key equals UPSC key by letter; not independently solvable; stem: missing passage; working: Question refers to a passage that is not in the stem.
9fc935d5-2fba-464c-b210-7cd0bdae1278,586d515e-2d3d-485d-a944-3983e4569e53,2023,24,a,1 Only,a,1 Only,1 Only,yes,f883849d-4ce8-46a0-8451-dc9c2ec002b7,,no,MATCH,high,"working: Stmt1 parity = parity of p+q+r+s+t = #odds=2 -> even always. Stmt2 parity = parity of q+t, which can be either. Only 1."
d68aa28f-cdeb-4b67-adcc-3e30094cacbd,586d515e-2d3d-485d-a944-3983e4569e53,2023,25,d,"1, 2 and 3",d,"1, 2 and 3","1, 2 and 3",yes,f01f7643-266b-43be-9bb7-4cc517f30b1b,,no,MATCH,high,"stem: math expression flattened: '(p+c)(p-c)' formatting lost, possibly a fraction; answer same either way; working: Stem likely (p+c)(p-c) (fraction/product garbled). 1: p=2,c=4 -> 6*(-2)=-12 even (also (2+6)/(2-6)=-2 even if a fraction). 2: p=2,c=9 -> 13 odd. 3: 3*9=27 odd. All three."
21d44ca6-cfa8-41c0-95b9-d71133f596aa,586d515e-2d3d-485d-a944-3983e4569e53,2023,26,a,18,a,18,18,yes,843a20c9-ea1d-4996-971c-59faeb24f410,,no,MATCH,high,"working: Brute force: unique 936*4=3744, digits distinct non-zero; A+B+C=18."
fcf0348c-0949-4fa7-bb15-85c3d27e50e2,586d515e-2d3d-485d-a944-3983e4569e53,2023,27,d,"7, 11 and 13",d,"7, 11 and 13","7, 11 and 13",yes,80ea6491-8b44-4fbf-83eb-c77322bcd378,,no,MATCH,high,working: XYZXYZ = XYZ*1001 = XYZ*7*11*13.
742ad453-e543-40a7-86c2-a35fee794625,586d515e-2d3d-485d-a944-3983e4569e53,2023,28,a,27,a,27,27,yes,02544f1a-009f-4632-a6fb-2c1cb5ca6d97,,no,MATCH,high,working: 5x5x5 block; fully surrounded = inner 3x3x3 = 27.
5a551187-a792-4e8a-b988-0ad2c9142f29,586d515e-2d3d-485d-a944-3983e4569e53,2023,29,c,36,c,36,36,yes,8e5737a9-4772-4044-9e0f-d982aad82140,,no,MATCH,high,"working: Odd positions get 1,1,3,3: 4!/(2!2!)=6; even positions 2,2,4,4: 6; 6*6=36."
f5f779d0-7456-4b16-8dcd-5d26f64d9734,586d515e-2d3d-485d-a944-3983e4569e53,2023,30,a,1 Only,a,1 Only,1 Only,yes,01458f9f-f70f-4b08-bcf9-19bc0c64d373,,no,MATCH,high,"working: Rates per 48: A 6, B 3, C 4; 3-day cycle 13. After 9 days 39, day10 (A) 45, day11 (B) 48 -> finishes on day 11. Day 1 Monday -> day 11 Thursday. Stmt1 true, stmt2 (10 days) false. If Sunday were a holiday it would finish Friday (neither) -- interpretation assumes continuous daily rotation."
0900fcc2-8738-4d30-b674-20f62ae07f1e,586d515e-2d3d-485d-a944-3983e4569e53,2023,31,a,"A national, pragmatic, legal and policy framework for water allocation should be made.",a,"A national, pragmatic, legal and policy framework for water allocation should be made.",not solvable: missing passage,no,ac2bd925-d672-4467-a855-b3ef08b6ab09,,no,MATCH,medium,stored key equals UPSC key by letter; not independently solvable; stem: missing passage; working: Question refers to a passage that is not in the stem.
4606591d-a95a-43e7-8474-f180360460a9,586d515e-2d3d-485d-a944-3983e4569e53,2023,32,d,"For rapid economic growth as envisaged by us, attention should be paid to health and nutrition of the people.",d,"For rapid economic growth as envisaged by us, attention should be paid to health and nutrition of the people.",not solvable: missing passage,no,e8b209d6-ae5f-4193-98c1-3bfcbd73f9cc,,no,MATCH,medium,stored key equals UPSC key by letter; not independently solvable; stem: missing passage; working: Question refers to a passage that is not in the stem.
6598b7e2-4f3b-4fe2-8c6f-16edcd0786db,586d515e-2d3d-485d-a944-3983e4569e53,2023,33,c,Risk perceptions of farmers are important for motivating them for taking adaptation decisions.,c,Risk perceptions of farmers are important for motivating them for taking adaptation decisions.,not solvable: missing passage,no,49f4ce7a-5e9b-4297-8b9c-b5345d59d7d9,,no,MATCH,medium,stored key equals UPSC key by letter; not independently solvable; stem: missing passage; working: Question refers to a passage that is not in the stem.
4c51e927-8c5b-41d6-b1a7-9ee551cb208f,586d515e-2d3d-485d-a944-3983e4569e53,2023,34,d,45,d,45,45,yes,c87d848f-96a7-4535-ac34-f80a21522627,,no,MATCH,high,working: Worst case: 18 white + 16 black + all 10 same-foot red shoes = 44; 45th gives a red pair. Assumes left/right shoes (a pair needs one of each foot); if shoes interchangeable answer would be 36 (option b).
ba467736-aa86-4491-809f-4bcd89d1ad2c,586d515e-2d3d-485d-a944-3983e4569e53,2023,35,b,19,b,19,19,yes,236e1d22-9ede-42e2-85c6-aa1ccfc19df5,,no,MATCH,high,"working: Count nonneg (b,c) with 4b+6c<=25 (singles fill rest): 19 solutions."
544615ce-d415-4d9e-bf5f-53d64f0065d6,586d515e-2d3d-485d-a944-3983e4569e53,2023,36,b,2 only,b,2 only,2 only,yes,4e66ee65-28cf-4b08-88e0-819512a12a08,,no,MATCH,high,"working: Exactly one wrong is impossible (stmt1 false). Exactly two correct: C(4,2)*D2=6*1=6 (stmt2 true)."
e25407f5-2f63-43c1-9704-b1d4c33c8c8a,586d515e-2d3d-485d-a944-3983e4569e53,2023,37,a,0,a,0,0,yes,1c546aa9-225f-4ea6-89be-43af08cda3b5,,no,MATCH,high,"working: 85*95 contributes 25, 96 contributes 4 -> divisible by 100; remainder 0."
4747af21-c241-41c1-b8e2-37ec222bb5ea,586d515e-2d3d-485d-a944-3983e4569e53,2023,38,a,2,a,2,2,yes,d90a9cb5-02a5-4535-9cc7-4baf5437e328,,no,MATCH,high,"stem: exponent rendered inline (superscript lost) but unambiguous; working: Exponent 9*7*5*3*1=945; unit digit of 2^945, 945 mod 4=1 -> 2."
8b604303-e73a-4f31-828b-d4184ee3d987,586d515e-2d3d-485d-a944-3983e4569e53,2023,39,d,31,d,31,31,yes,0bb35dd3-c4d1-47fa-81b8-22af6ae14ab3,,no,MATCH,high,working: Brute force all ABC+DEF=1111 with distinct non-zero digits: sum always 31.
1bb5296c-757f-47d3-af35-73e27f4e0ed9,586d515e-2d3d-485d-a944-3983e4569e53,2023,40,c,8,c,8,8,yes,2dd51a47-80dd-47c7-addf-282ee579bf52,,no,MATCH,high,working: Brute force min n/digitsum over 100-999: n=199 (199/19); 9-1=8.
272b709b-da1e-46ae-ae7c-618821017b7b,586d515e-2d3d-485d-a944-3983e4569e53,2023,41,b,Unemployment must be seen as a function of rising education and aspirations of young Indians.,b,Unemployment must be seen as a function of rising education and aspirations of young Indians.,not solvable: passage not present,no,7d2c63db-e765-4042-9a2a-80ac8fc0fde5,,no,MATCH,medium,stored key equals UPSC key by letter; not independently solvable; stem: passage not present; working: Question depends on a reading passage absent from the stem.
ab12b2cc-5b46-4ba0-ae3e-b0b4c49bef29,586d515e-2d3d-485d-a944-3983e4569e53,2023,42,b,It is not desirable to have Governments managed by empirical statesmen unless well mixed with others who are grounded in learning and reflect wisdom.,b,It is not desirable to have Governments managed by empirical statesmen unless well mixed with others who are grounded in learning and reflect wisdom.,not solvable: passage not present,no,210509a1-81bf-48f1-9f99-79ed0a0f4f49,,no,MATCH,medium,stored key equals UPSC key by letter; not independently solvable; stem: passage not present; working: Question depends on a reading passage absent from the stem.
dac51d8e-bb92-42e5-8cfa-a0baa010a165,586d515e-2d3d-485d-a944-3983e4569e53,2023,43,d,Liberty,d,Liberty,not solvable: passage not present,no,2249e362-cd87-4fbe-92a2-dea278b729e5,,no,MATCH,medium,stored key equals UPSC key by letter; not independently solvable; stem: passage not present; working: Question depends on a reading passage absent from the stem.
4616efe2-106b-4f30-8441-e418e809913f,586d515e-2d3d-485d-a944-3983e4569e53,2023,44,d,4,d,4,4,yes,4603eddf-e689-4a8f-aa2c-ed3d1e5e21db,,no,MATCH,medium,solve has more than one defensible reading; UPSC key selects the stored option; stem: garbled symbols: exponent flattened (2^192 printed as 2192); working: Stem reads '2192' (superscript lost). Intended 2^192: even powers of 2 mod 6 = 4 -> 4. Literal 2192 = 6*365+2 -> remainder 2 (option c). Both readings reach an option.
e769ae03-8eae-492f-956e-fab84957aeb9,586d515e-2d3d-485d-a944-3983e4569e53,2023,45,d,DDCA,d,DDCA,DDCA,yes,31bd07e6-beb3-4349-a100-41234da722cf,,no,MATCH,high,"working: 20 chars in blocks of 4 as rotations: ABCD DABC CDAB BCDA ABCD; blanks = D,D,C,A -> DDCA."
d1958b30-2571-4b91-b06d-3370270009b8,586d515e-2d3d-485d-a944-3983e4569e53,2023,46,a,6,a,6,6,yes,ade80c7b-2050-4dae-97c9-2f44da27ebd3,,no,MATCH,high,"working: Enumerated all distinct digits: unique AB=12, CD=34, DEF=408, GHI=567 (digits 1-9 excl none repeated). A+B+C=1+2+3=6."
8642f4ad-be55-4a02-b21c-7941785a9b2a,586d515e-2d3d-485d-a944-3983e4569e53,2023,47,d,Neither 1 nor 2,d,Neither 1 nor 2,Neither 1 nor 2,yes,15308211-e262-4d23-aeee-1a016404c8ad,,no,MATCH,high,"working: False statement => neither R nor S selected; exactly one of P,Q; T free. Max 2 selected, S never selected. Enumerated 32 subsets: neither conclusion holds."
f6816103-9d83-4f28-b4a0-ba12f10819ed,586d515e-2d3d-485d-a944-3983e4569e53,2023,48,a,1 Only,a,1 Only,1 Only,yes,1f24f38f-f470-42e0-95e7-e6afc6d0af57,,no,MATCH,high,"working: Truth table over 32 assignments satisfying I and II: 1 holds in all (T true => not(R and S); if P true then S true so R false); 2 fails (Q true, P false allowed)."
d1295203-36c6-4373-b24d-620abce53197,586d515e-2d3d-485d-a944-3983e4569e53,2023,49,a,1 Only,a,1 Only,1 Only,yes,ae169f4d-b7e7-46ce-9dea-35077301d113,,no,MATCH,high,"working: Interior cubes (7-2)(5-2)(3-2)=15 -> 1 true. Green(5x3)/blue(7x3) shared edges run along 3cm: 1 non-corner cube x 4 edges = 4, not 6 -> 2 false."
ac9d5654-446a-4929-ab29-027cbddb48d6,586d515e-2d3d-485d-a944-3983e4569e53,2023,50,c,Two,c,Two,Two,yes,fcc965f5-d3e6-4ab4-949f-afa1cb2c93e0,,no,MATCH,high,working: Reverse-sorted: TSSRPONNMLIIIIIHEEECB vs INCOMPREHENSIBILITIES; matches at positions 13 and 15 (1-based) -> two.
02ce3aea-1830-4944-93d9-8a61e194ad1e,586d515e-2d3d-485d-a944-3983e4569e53,2023,51,d,"In our lives, having too few choices may not be a good thing, but having too many can be equally as difficult.",d,"In our lives, having too few choices may not be a good thing, but having too many can be equally as difficult.",not solvable: passage not present,no,914d6bac-1d23-454d-804d-eb1525e7894a,,no,MATCH,medium,stored key equals UPSC key by letter; not independently solvable; stem: passage not present; working: Question depends on a reading passage absent from the stem.
3961a6b2-0167-4718-8a36-8fd678793221,586d515e-2d3d-485d-a944-3983e4569e53,2023,52,a,1 and 2 only,d,"1, 2 and 3",not solvable: passage not present,no,a43c1493-7640-4d49-8a17-74e9218006ec,57142f5e-8258-4f65-bdc2-b5d23c5af675,yes,CORRECTION,medium,"UPSC final key (d) against stored (a); not independently solvable, so the target text rests on the UPSC letter mapping to the corpus label; stem: passage not present; working: Question depends on a reading passage absent from the stem."
e0b861dc-05ba-4ede-b741-c0f760cda681,586d515e-2d3d-485d-a944-3983e4569e53,2023,53,b,1 and 4,b,1 and 4,not solvable: passage not present,no,08784ec7-a859-4592-a1c3-5090818b317e,,no,MATCH,medium,stored key equals UPSC key by letter; not independently solvable; stem: passage not present; working: Question depends on a reading passage absent from the stem.
bbfd95be-d4d1-41d2-a2ef-25cdea10d256,586d515e-2d3d-485d-a944-3983e4569e53,2023,54,c,Both 1 and 2,c,Both 1 and 2,not solvable: passage not present,no,49d9fc17-3831-474f-847d-79ba93029917,,no,MATCH,medium,stored key equals UPSC key by letter; not independently solvable; stem: passage not present; working: Question depends on a reading passage absent from the stem.
abf7af06-a93e-4ea7-9ca0-004d5e8634e7,586d515e-2d3d-485d-a944-3983e4569e53,2023,55,d,35,d,35,35,yes,a0021ea0-4555-4c0b-a3ea-58a9d28d422a,,no,MATCH,high,"working: Integer solutions of p+q+r+s=396 with 0..100 each = deficits summing to 4 across 4 papers = C(7,3)=35 (brute-force confirmed)."
702861ac-5081-4a14-bbed-cd5115a7d90e,586d515e-2d3d-485d-a944-3983e4569e53,2023,56,c,24,c,24,24,yes,5a35cfca-65cd-47da-9eaa-e8f131cc7109,,no,MATCH,high,working: 3*2*2*2 = 24 (enumerated).
e771c4d7-b18c-4355-9956-2e18028fa819,586d515e-2d3d-485d-a944-3983e4569e53,2023,57,c,8,d,9,9,yes,bcfded8b-30f8-4aa2-b214-5228efe1cc4c,79704d16-27d0-470e-aa02-da0ad22ec5de,yes,CORRECTION,high,"UPSC final key and independent solve agree on (d) against stored (c); working: Exhaustive packing search on 20cm grid (400x220 floor = 20x11 units, tile 7x3 units) gives max 9; e.g. layout found with 9 tiles (area 7.56 of 8.8 m^2). Naive 2-block layout only gives 8."
49f887cc-3b8e-4e28-ab51-7baddc545bb4,586d515e-2d3d-485d-a944-3983e4569e53,2023,58,d,24,d,24,24,yes,7f83dfae-950c-40e2-9b34-910dd00176ab,,no,MATCH,high,working: Task-2 to R or S (2 ways); Task-1 from remaining non-P/Q persons (2 ways: the other of R/S or T); remaining 3 tasks 3! -> 2*2*6=24 (enumerated).
1b919613-e5ed-4ee9-9e00-009d836427f0,586d515e-2d3d-485d-a944-3983e4569e53,2023,59,c,Both 1 and 2,c,Both 1 and 2,Both 1 and 2,yes,917d623e-4733-4166-8c33-e51858250ce9,,no,MATCH,high,"working: DP min coins for exact 78 using {2,5,10,25,50} = 7 (e.g. 50+10+10+2+2+2+2) -> 1 true. On a balance, 50+25+5 vs 2 on other pan = 4 coins < 7 -> 2 true."
088fc30c-f159-4b2f-9aa3-5b0c7f561e79,586d515e-2d3d-485d-a944-3983e4569e53,2023,60,b,Only Conclusion-2 follows from the Statement.,b,Only Conclusion-2 follows from the Statement.,Only Conclusion-2 follows from the Statement.,yes,45a1a436-dc7a-45bb-a6fc-32c57f066164,,no,MATCH,high,"working: P>=Q, P<=T, T<R, R=S. Q=T not forced. S=R>T>=P>=Q so S>Q -> only conclusion 2."
fc73e8d4-a441-4a9c-854b-052a651a2b58,586d515e-2d3d-485d-a944-3983e4569e53,2023,61,d,Agroecosystems should be developed in addition to or along with conventional agriculture.,d,Agroecosystems should be developed in addition to or along with conventional agriculture.,not solvable: passage not present,no,9b4f5a2d-9459-4737-8370-5c033be36887,,no,MATCH,medium,stored key equals UPSC key by letter; not independently solvable; stem: passage not present; working: Question depends on a reading passage absent from the stem.
eff395ab-50d0-4985-9fd3-dab992e9096d,586d515e-2d3d-485d-a944-3983e4569e53,2023,62,a,It is necessary to put proper effluent treatment protocols in place.,a,It is necessary to put proper effluent treatment protocols in place.,not solvable: passage not present,no,46e34fcd-da09-4f92-9c3d-76fd41cab0eb,,no,MATCH,medium,stored key equals UPSC key by letter; not independently solvable; stem: passage not present; working: Question depends on a reading passage absent from the stem.
a0bdf220-c662-4b95-a5fc-e4c394a91959,586d515e-2d3d-485d-a944-3983e4569e53,2023,63,a,"To become a global power, India needs to invest in universal quality education.",a,"To become a global power, India needs to invest in universal quality education.",not solvable: passage not present,no,85c8fd22-1be9-466c-afc5-513800af48b5,,no,MATCH,medium,stored key equals UPSC key by letter; not independently solvable; stem: passage not present; working: Question depends on a reading passage absent from the stem.
a26760a3-9507-40c3-b959-fb110e838a9b,586d515e-2d3d-485d-a944-3983e4569e53,2023,64,b,15,b,15,15,yes,5ebbee67-967e-4f8a-95ab-aa3ea514ff93,,no,MATCH,high,working: Ring after k passes at child 1+k(k+1)/2 mod 40; first k with k(k+1)/2 divisible by 40 is k=15 (120). Wording '(including child-1)' slightly ambiguous; 15 passes.
c605d6fc-8815-47c4-8d60-861999b9ded0,586d515e-2d3d-485d-a944-3983e4569e53,2023,65,b,I,b,I,I,yes,1503252b-cd0d-4dbf-b7fb-c9446b11eb9f,,no,MATCH,high,working: Letter i from Z repeats 2..27 times; total 377 terms; middle = 189th = I.
0d77904e-8e4f-424b-9b72-ad508077abe7,586d515e-2d3d-485d-a944-3983e4569e53,2023,66,d,The Question cannot be answered even by using both the Statements together.,d,The Question cannot be answered even by using both the Statements together.,The Question cannot be answered even by using both the Statements together.,yes,f0f6e76e-0be0-4d61-9a16-7488f7a089db,,no,MATCH,high,"working: pq>0 and p^2>q^2 give same sign and |p|>|q|: p>q if positive, p<q if negative -> undetermined even together."
82d6865c-ade4-433e-9dfa-bb6c8bfb31ba,586d515e-2d3d-485d-a944-3983e4569e53,2023,67,c,"The Question can be answered by using both the Statements together, but cannot be answered using either Statement alone.",c,"The Question can be answered by using both the Statements together, but cannot be answered using either Statement alone.","The Question can be answered by using both the Statements together, but cannot be answered using either Statement alone.",yes,edd3ed17-5ebd-4b24-b99a-94c9cd08581b,,no,MATCH,high,"working: Question reduces to q>r. S1 p>q alone, S2 p<r alone insufficient; together q<p<r gives definite answer (No)."
8b604322-e7e7-497b-94ae-fa14a455d26b,586d515e-2d3d-485d-a944-3983e4569e53,2023,68,a,"The Question can be answered by using one of the Statements alone, but cannot be answered using the other Statement alone.",a,"The Question can be answered by using one of the Statements alone, but cannot be answered using the other Statement alone.","The Question can be answered by using one of the Statements alone, but cannot be answered using the other Statement alone.",yes,5ccc47b5-f067-48d9-9e5c-903947d40949,,no,MATCH,high,"working: Tea∪coffee=120; total = 120 + milk-only. S1 (milk 50) insufficient since milk∩coffee unknown. S2: N=5m, N=120+m -> m=30, N=150. Only S2 sufficient."
46f19baa-4038-46ea-b652-ea8b9067cacd,586d515e-2d3d-485d-a944-3983e4569e53,2023,69,d,The Question cannot be answered even by using both the Statements together.,d,The Question cannot be answered even by using both the Statements together.,The Question cannot be answered even by using both the Statements together.,yes,ae67e8ad-2796-4786-924d-4a0276fa0ece,,no,MATCH,high,"working: S1: digits {1,2,3}: 6 numbers. S2 alone many. Together: 132 and 312 both divisible by 6 -> not unique."
ce487fe5-4ee6-4548-b61a-b7f5cd5a4761,586d515e-2d3d-485d-a944-3983e4569e53,2023,70,b,The Question can be answered by using either Statement alone.,b,The Question can be answered by using either Statement alone.,The Question can be answered by using either Statement alone.,yes,409f3897-7695-42e7-a7e2-88747f72096f,,no,MATCH,high,working: Ages a..a+8. S1: a+8=3a -> a=4. S2: mean a+4=8 -> a=4. Either alone.
54315efe-47a6-4d33-bd10-742db1873af5,586d515e-2d3d-485d-a944-3983e4569e53,2023,71,a,1 only,a,1 only,not solvable: passage not present,no,aba2fd90-b508-4b1a-8f59-9a85214ad08d,,no,MATCH,medium,stored key equals UPSC key by letter; not independently solvable; stem: passage not present; working: Question depends on a reading passage absent from the stem.
2f117185-bd39-4ee5-926c-5627708fe99f,586d515e-2d3d-485d-a944-3983e4569e53,2023,72,a,An enhanced efficiency of use of nitrogen is imperative for both food production and environment.,a,An enhanced efficiency of use of nitrogen is imperative for both food production and environment.,not solvable: passage not present,no,0ceba984-e49e-4a3e-8a12-42d7c4eaf0f9,,no,MATCH,medium,stored key equals UPSC key by letter; not independently solvable; stem: passage not present; working: Question depends on a reading passage absent from the stem.
a64c17ee-f160-49af-849f-b8042d89564b,586d515e-2d3d-485d-a944-3983e4569e53,2023,73,a,Climate justice should be ingrained in detail in the rules of all the new climate compacts/agreements.,a,Climate justice should be ingrained in detail in the rules of all the new climate compacts/agreements.,not solvable: passage not present,no,afb85533-5d8a-47fe-9556-6c5876d5eb50,,no,MATCH,medium,stored key equals UPSC key by letter; not independently solvable; stem: passage not present; working: Question depends on a reading passage absent from the stem.
6c5d9dfc-d744-44d1-95dc-0684fd6d951e,586d515e-2d3d-485d-a944-3983e4569e53,2023,74,c,R < S,c,R < S,R < S,yes,fe9aa8b6-bc25-465e-841a-00c164dd8eb3,,no,MATCH,high,"working: Half-yearly compounding at R yields more than annual at R, so equal amounts need S>R -> R<S (strict, for positive rates)."
1534af12-9b7a-45dc-aabf-7438a2d6f0a3,586d515e-2d3d-485d-a944-3983e4569e53,2023,75,d,9,d,9,9,yes,4da55ae8-a0ab-48a0-9165-4033966befaa,,no,MATCH,high,"working: 1186-31=1155=3*5*7*11; divisors >31: 33,35,55,77,105,165,231,385,1155 = 9."
c348defe-f061-4866-9112-c49a3ad42143,586d515e-2d3d-485d-a944-3983e4569e53,2023,76,c,Both 1 and 2,c,Both 1 and 2,Both 1 and 2,yes,626a2e13-3777-4bb3-8bd5-c45ccc2e5fa2,,no,MATCH,high,"working: 11(p+q+r)=tt0 -> p+q+r=10 or 20 with distinct digits p<q<r: 8 triples. p in {1,2,3,4,5} (5 values), q in {2,3,4,6,7,8} (6 values). Both true."
f1da8e3a-3cbd-44c9-b79b-d375e5bee813,586d515e-2d3d-485d-a944-3983e4569e53,2023,77,a,: 7998,a,: 7998,: 7998,yes,0f1200e5-b72f-472d-a526-d878c1483016,,no,MATCH,high,"stem: options prefixed with ': ' (cosmetic); working: Numbers <2000 start with 1: permutations of 2,3,4 -> 6000 + 222*(2+3+4)*... sum = 7998 (enumerated)."
f2446c58-2254-4026-89e7-9267fca021e7,586d515e-2d3d-485d-a944-3983e4569e53,2023,78,c,12,c,12,12,yes,62a931e0-5855-4f30-9ea4-b4678419081d,,no,MATCH,high,"working: In a circle of 12, each start point gives one clockwise run of 10 consecutive -> 12."
378c3a19-2a4f-44fa-b935-6e5338c113b4,586d515e-2d3d-485d-a944-3983e4569e53,2023,79,b,Thursday,a,Wednesday,Thursday,yes,ac09a9b9-f7a6-447f-bcca-6bf658e5a41b,c6308e99-915c-49b7-9393-7faa7619ea00,yes,CORRECTION,medium,"SOLVE_VS_UPSC: solve -> (b) ""Thursday""; UPSC final key -> (a) ""Wednesday""; UPSC final key (a) against stored (b); the solve has several readings and UPSC selects one of them: UPSC governs; stem: garbled symbols: exponent flattened (10^10 printed as 1010); working: Stem '1010th' is 10^10 with superscript lost. 10^10 mod 7 = 4 -> Sunday+4 = Thursday. Inclusive count (day 1 = today) gives Wednesday (option a). Literal 1010: 1010 mod 7=2 -> Tuesday / Monday, not in options."
e90f9940-89ac-4865-9fe6-1ea60fc64856,586d515e-2d3d-485d-a944-3983e4569e53,2023,80,b,4:10 p.m.,b,4:10 p.m.,4:10 p.m.,yes,b2faddad-fbd0-4cb3-81b0-09b3007928d8,,no,MATCH,high,"working: Full cycles 50,78,120 s; LCM=7800 s = 2h10m -> 4:10 p.m."
2c4a5dba-473a-4ae7-a2a2-66cd3cc6b2e4,9e191ae4-68b9-47bf-9121-6d9d468a7bc5,2024,1,b,2 and 3 only,b,2 and 3 only,not solvable: passage not present,no,2bbb388c-f4f1-4c3f-a3ff-f6cdb6889ebd,,no,MATCH,medium,stored key equals UPSC key by letter; not independently solvable; stem: passage not present; working: Question refers to a passage that is not included in the stem; cannot be answered from the question text.
3539fbdd-6d76-4f49-8c93-4f03f73b4edc,9e191ae4-68b9-47bf-9121-6d9d468a7bc5,2024,2,a,1 only,c,Both 1 and 2,not solvable: passage not present,no,576659bc-54cf-46be-bfd9-6a397554c72c,c086ae7d-0613-4c48-8b00-757198265d50,yes,CORRECTION,medium,"UPSC final key (c) against stored (a); not independently solvable, so the target text rests on the UPSC letter mapping to the corpus label; stem: passage not present; working: Question refers to a passage that is not included in the stem; cannot be answered from the question text."
1162cc71-1661-4116-981f-484d1440bff7,9e191ae4-68b9-47bf-9121-6d9d468a7bc5,2024,3,c,Both 1 and 2,c,Both 1 and 2,not solvable: passage not present,no,ec359755-0a94-45da-b826-a7a538589993,,no,MATCH,medium,stored key equals UPSC key by letter; not independently solvable; stem: passage not present; working: Question refers to a passage that is not included in the stem; cannot be answered from the question text.
82d0955f-843e-4df2-ba94-8303096c89be,9e191ae4-68b9-47bf-9121-6d9d468a7bc5,2024,4,d,Neither 1 nor 2,d,Neither 1 nor 2,not solvable: passage not present,no,6af4de91-fd0b-40cb-976b-17cac0713438,,no,MATCH,medium,stored key equals UPSC key by letter; not independently solvable; stem: passage not present; working: Question refers to a passage that is not included in the stem; cannot be answered from the question text.
9dd12dbe-fe04-40e1-8fc3-1f36f1918482,9e191ae4-68b9-47bf-9121-6d9d468a7bc5,2024,5,b,9,b,9,9,yes,ed3b44df-d338-4b30-8154-ba86221848e2,,no,MATCH,high,working: 64 = 4x4x4; each dimension needs 3 cuts (no rearranging of pieces): 3+3+3 = 9.
6c1bde1c-2a93-40cc-b552-c869271406a3,9e191ae4-68b9-47bf-9121-6d9d468a7bc5,2024,6,d,0,d,0,0,yes,911b77a1-9d4a-4c53-9542-5d9ddf519845,,no,MATCH,high,"working: Exhaustive enumeration of 81 operator choices with each of +,-,x used <=2 times: 5-4-3+2x1 = 0 (also 0 evaluated left-to-right). Minimum non-negative = 0."
091a7301-5342-4840-b5a5-b4da570858c3,9e191ae4-68b9-47bf-9121-6d9d468a7bc5,2024,7,c,20%,c,20%,20%,yes,9229ed16-95d9-4865-940b-fa36f4d1e8bc,,no,MATCH,high,working: M*6k = M'*5k -> M' = 1.2M -> 20% increase.
41c9a42a-6989-4a6e-9287-afb11cbafe35,9e191ae4-68b9-47bf-9121-6d9d468a7bc5,2024,8,c,6 hours 45 minutes,c,6 hours 45 minutes,6 hours 45 minutes,yes,23d631af-2e33-4421-8dff-b3095373d372,,no,MATCH,high,"working: Rates X=1/6, Y=Z=1/8 per hour; brute force over hour sequences with no worker in consecutive hours: best X,Y,X,Y(or Z),X,Y,X: after 6 h done 3/6+3/8=7/8, X finishes 1/8 in 0.75 h -> 6.75 h = 6 h 45 min."
55bb81c9-d4fc-4ee2-ae00-f6f2baf3ad6c,9e191ae4-68b9-47bf-9121-6d9d468a7bc5,2024,9,d,200,d,200,200,yes,5262481d-f221-4cb0-a423-2ac0958a5358,,no,MATCH,high,"stem: garbled symbols: exponents flattened (1^2 x 2^4 ... 25^50 rendered as 12 x 24 ... 2550); working: Stem has lost superscripts: read as 1^2 x 2^4 x 3^6 x ... x 25^50 = prod k^(2k), k=1..25 (literal '12 x 24 x ... x 2550' is not an arithmetic sequence ending at 2550 since 2550/12 not integer). Factors of 5: k=5,10,15,20 give 10+20+30+40=100; k=25 gives 2*50=100; total 200; 2s exceed that -> 200 zeros."
004f4422-206c-4db1-a2fb-8133b2d0c309,9e191ae4-68b9-47bf-9121-6d9d468a7bc5,2024,10,b,"8th January, 2023",b,"8th January, 2023","8th January, 2023",yes,4a23804a-476c-4b3a-a39c-f6e8951f9afb,,no,MATCH,high,"working: Savings 1,3,5,... ; total after n days = n^2. Square and cube -> sixth power -> n a perfect cube: n=1 (Jan 1, not an option) or n=8 -> 64 = 8^2 = 4^3. Jan 8."
2f0ba23b-4ad7-43b6-b1b2-d39726ece143,9e191ae4-68b9-47bf-9121-6d9d468a7bc5,2024,11,a,Curriculum for urban planning courses should have diverse and interdisciplinary approach.,a,Curriculum for urban planning courses should have diverse and interdisciplinary approach.,not solvable: passage not present,no,f2d0571f-ea88-4bf8-8503-bd90c5e9059e,,no,MATCH,medium,stored key equals UPSC key by letter; not independently solvable; stem: passage not present; working: Question refers to a passage that is not included in the stem; cannot be answered from the question text.
302100d5-a1dc-4f70-9f27-351f76b92e9c,9e191ae4-68b9-47bf-9121-6d9d468a7bc5,2024,12,a,1 only,a,1 only,not solvable: passage not present,no,9328ea86-669a-478c-ac3c-76f89ec4f317,,no,MATCH,medium,stored key equals UPSC key by letter; not independently solvable; stem: passage not present; working: Question refers to a passage that is not included in the stem; cannot be answered from the question text.
ab58b89b-a851-4106-b45d-44161d86f9a3,9e191ae4-68b9-47bf-9121-6d9d468a7bc5,2024,13,b,Social media are not ideal or moral institutions but the products built by companies to make profits.,b,Social media are not ideal or moral institutions but the products built by companies to make profits.,not solvable: passage not present,no,7d96ace9-b22f-4300-83dc-1d01dbcd8a80,,no,MATCH,medium,stored key equals UPSC key by letter; not independently solvable; stem: passage not present; working: Question refers to a passage that is not included in the stem; cannot be answered from the question text.
39d3782b-3479-4097-b074-bf49ca0ae601,9e191ae4-68b9-47bf-9121-6d9d468a7bc5,2024,14,c,Both 1 and 2,c,Both 1 and 2,not solvable: passage not present,no,50f7271e-0029-4eb5-b342-77e6a8e184ed,,no,MATCH,medium,stored key equals UPSC key by letter; not independently solvable; stem: passage not present; working: Question refers to a passage that is not included in the stem; cannot be answered from the question text.
2c5726fa-2ab1-4748-a70a-3201e0c7aa74,9e191ae4-68b9-47bf-9121-6d9d468a7bc5,2024,15,b,3 and 37 but not 2,b,3 and 37 but not 2,3 and 37 but not 2,yes,288b12ac-76ca-4348-9a37-36cf90853d16,,no,MATCH,high,"working: 222333+333222 = 555555: odd (not div by 2), digit sum 30 div by 3, 555555 = 37*15015. (Same result if read as 222^333+333^222: mod 2 = 1, mod 3 = 0, mod 37 = 0 computed.)"
60c8c46f-ea1b-43cf-a31b-5bd74a7d71a2,9e191ae4-68b9-47bf-9121-6d9d468a7bc5,2024,16,a,20%,a,20%,20%,yes,9ca144c0-f633-49f8-b14d-4af33c5a0237,,no,MATCH,high,working: Sell mixture at honey CP with 20% gain: water/honey = 20/100 -> 20% water relative to honey.
31a8dc04-b9ad-4796-b662-d1bf7c62fa6c,9e191ae4-68b9-47bf-9121-6d9d468a7bc5,2024,17,d,9,d,9,9,yes,22e8d762-828d-4284-8042-74d040d4c919,,no,MATCH,high,"stem: garbled symbols: 30^30 rendered as 3030; working: Read '3030' as 30^30 (superscript lost) = 3^30 * 10^30; 3^30 unit digit: cycle 3,9,7,1, 30 mod 4 = 2 -> 9."
11d35f1d-a7cb-469c-86e7-8d1392cf67c4,9e191ae4-68b9-47bf-9121-6d9d468a7bc5,2024,18,c,3,c,3,3,yes,563e3a64-d7a6-4ceb-843c-3cc7e8355896,,no,MATCH,high,"working: Divisor d>1 dividing 420 and 426: gcd = 6 -> divisors 2,3,6 (d=1 gives remainder 0) -> 3 numbers."
5f3f7644-c126-4a43-b99a-2a4b44ebae8c,9e191ae4-68b9-47bf-9121-6d9d468a7bc5,2024,19,b,4,b,4,4,yes,fc89827e-f7e8-4f97-85f6-003fc439e1fa,,no,MATCH,high,"working: gcd(399,532) = 133 = 7*19 -> divisors 1,7,19,133 -> 4 bottle sizes."
6c9860e6-1584-4e10-aa4c-fc444f72ee0f,9e191ae4-68b9-47bf-9121-6d9d468a7bc5,2024,20,c,1 and 3 only,c,1 and 3 only,1 and 3 only,yes,66784d48-0bbb-4b2f-8246-defcbe9ea67f,,no,MATCH,high,"working: Primes <10: 2,3,5,7. Sums of 3 distinct: 10,12,14,15. Unit digit 0 yes, 5 yes, 9 no -> 1 and 3 only."
97c86058-851f-4e92-9ab5-a740724d6c98,9e191ae4-68b9-47bf-9121-6d9d468a7bc5,2024,21,d,Neither 1 nor 2,d,Neither 1 nor 2,not solvable: passage not present,no,87feb827-bca3-4a93-a7d2-f4ca71bda6c8,,no,MATCH,medium,stored key equals UPSC key by letter; not independently solvable; stem: passage not present; working: Question refers to a passage that is not included in the stem; cannot be answered from the question text.
0b4e9c6e-f51e-4262-92e8-460387a0b312,9e191ae4-68b9-47bf-9121-6d9d468a7bc5,2024,22,c,Public policy should ensure that competencies and achievements of young people are aligned with their expectations.,c,Public policy should ensure that competencies and achievements of young people are aligned with their expectations.,not solvable: passage not present,no,de8f817d-2c56-44e7-9f7e-b05c03620ee2,,no,MATCH,medium,stored key equals UPSC key by letter; not independently solvable; stem: passage not present; working: Question refers to a passage that is not included in the stem; cannot be answered from the question text.
87e92256-0838-4b4d-81f7-b01a430ba892,9e191ae4-68b9-47bf-9121-6d9d468a7bc5,2024,23,d,Science must pursue truth but be responsible for social welfare.,d,Science must pursue truth but be responsible for social welfare.,not solvable: passage not present,no,0d76f44f-1216-40bf-91a1-7fab1a711bc3,,no,MATCH,medium,stored key equals UPSC key by letter; not independently solvable; stem: passage not present; working: Question refers to a passage that is not included in the stem; cannot be answered from the question text.
1d1637ff-4992-40d2-a78f-9e00dfc979bb,9e191ae4-68b9-47bf-9121-6d9d468a7bc5,2024,24,c,"A, A, C, D",c,"A, A, C, D","A, A, C, D",yes,d1cfc6c5-9e10-4068-8855-7b086e770150,,no,MATCH,high,"working: Split into blocks of 5: [A_BCD][_BBCD][ABC_D][ABC_D]. Fill A,A,C,D -> AABCD ABBCD ABCCD ABCDD: each block doubles A, B, C, D in turn. Other options break the pattern."
f25d0b92-2f37-42b9-87fc-683c0739df64,9e191ae4-68b9-47bf-9121-6d9d468a7bc5,2024,25,a,"₹ 30,000",a,"₹ 30,000","₹ 30,000",yes,27000e7a-56c8-4969-a26d-35b461a59af6,,no,MATCH,high,"working: Shares 1200:800 = 3:2 = 8P:10Q -> P = 15Q/8; P = Q+14000 -> Q = 16000, P = 30000."
87467e49-6581-4340-a4c4-ab13152d1f16,9e191ae4-68b9-47bf-9121-6d9d468a7bc5,2024,26,b,56.25%,b,56.25%,56.25%,yes,72cae084-5d01-4dc3-b32b-983ac7fde858,,no,MATCH,high,working: P = 0.8*0.8R = 0.64R; R/P = 1.5625 -> 56.25% more.
5742f882-98c8-49ec-99e2-8ebeeb018097,9e191ae4-68b9-47bf-9121-6d9d468a7bc5,2024,27,d,93.75%,d,93.75%,93.75%,yes,52808f34-c628-4fbe-b463-a1860adbda43,,no,MATCH,high,"working: Correct 4x, got x/4: change = (4x - x/4)/4x = 15/16 = 93.75%."
fc21fcc9-dfef-4404-ab86-8ccae04d0222,9e191ae4-68b9-47bf-9121-6d9d468a7bc5,2024,28,b,20%,b,20%,20%,yes,f8553dfc-9a96-41d1-aeed-2a536d6138e7,,no,MATCH,high,"working: Failed Eng 20%, Hindi 30%, both 15% -> only one = 5+15 = 20%."
06774a34-5f8e-4e44-b872-502e6b6bd88b,9e191ae4-68b9-47bf-9121-6d9d468a7bc5,2024,29,a,30 years,a,30 years,30 years,yes,8c6dc27e-c321-433d-8636-ccf6aca0b58a,,no,MATCH,high,"working: F-n = S, F = 4(S-n), F+S = 130 -> n = F-S, F = 4(2S-F) -> 5F = 8S -> F = 80, S = 50, difference 30."
494a0ce1-56a7-44a7-99dc-e0c29f47e47f,9e191ae4-68b9-47bf-9121-6d9d468a7bc5,2024,30,d,"1, 2 and 3",d,"1, 2 and 3","1, 2 and 3",yes,696571c9-9034-4944-98ef-2800c2bcb4c7,,no,MATCH,high,working: 1 m^3 = 1000 L; 1 tonne = 1000 kg; 1 ha = 10000 m^2: all correct.
3af241ad-ee0c-44e1-9d70-e2c6d79fbf11,9e191ae4-68b9-47bf-9121-6d9d468a7bc5,2024,31,d,Neither 1 nor 2,d,Neither 1 nor 2,not solvable: passage not present,no,76f20d60-7d5c-4dbb-b6c1-bd0ddd5b3a45,,no,MATCH,medium,stored key equals UPSC key by letter; not independently solvable; stem: passage not present; working: Question refers to a passage that is not included in the stem; cannot be answered from the question text.
223bac19-05a5-4d01-ad50-4baaf8c3d363,9e191ae4-68b9-47bf-9121-6d9d468a7bc5,2024,32,b,2 only,b,2 only,not solvable: passage not present,no,f572879d-2711-4d57-8ec6-5bdc02e5247f,,no,MATCH,medium,stored key equals UPSC key by letter; not independently solvable; stem: passage not present; working: Question refers to a passage that is not included in the stem; cannot be answered from the question text.
6f1d95df-c160-42b1-a094-c07f8885f9fa,9e191ae4-68b9-47bf-9121-6d9d468a7bc5,2024,33,c,local values and universal values,c,local values and universal values,not solvable: passage not present,no,8b758427-60b6-44b3-bdf1-78a4fd56db29,,no,MATCH,medium,stored key equals UPSC key by letter; not independently solvable; stem: passage not present; working: Question refers to a passage that is not included in the stem; cannot be answered from the question text.
3fede841-e44b-4467-945e-d010939e0e51,9e191ae4-68b9-47bf-9121-6d9d468a7bc5,2024,34,a,1 and 2 only,a,1 and 2 only,not solvable: passage not present,no,8fb79478-a1cd-4942-adc7-85041ee39520,,no,MATCH,medium,stored key equals UPSC key by letter; not independently solvable; stem: passage not present; working: Question refers to a passage that is not included in the stem; cannot be answered from the question text.
3dac9e06-64bc-479f-8618-491407bf03b8,9e191ae4-68b9-47bf-9121-6d9d468a7bc5,2024,35,d,8,d,8,8,yes,99bb8757-c70f-43af-b624-e91ceadf8fd2,,no,MATCH,high,"working: X+Y = 11(a+b) = 99 -> a+b = 9 with both digits nonzero (Y two-digit): 18,27,36,45,54,63,72,81 -> 8."
1174a73f-8f35-4d88-bde8-e5739ce798a4,9e191ae4-68b9-47bf-9121-6d9d468a7bc5,2024,36,b,42 kg,b,42 kg,42 kg,yes,189ae177-cbb8-45a6-85d7-80a8dd5804d3,,no,MATCH,high,working: 4 women = 4*63 = 252 kg = 6 boys -> 42 kg.
79ee35f7-4345-48cc-b59a-42df424d3fe3,9e191ae4-68b9-47bf-9121-6d9d468a7bc5,2024,37,a,3 times,a,3 times,3 times,yes,cbbc9945-fa3a-42ff-bfd0-4cd9a6d6dea1,,no,MATCH,high,"working: Coincidences at 10:54 6/11, 12:00, 1:05 5/11 between 10 a.m. and 2 p.m. -> 3."
f0a7aa48-c47c-4632-b93f-6017a048b098,9e191ae4-68b9-47bf-9121-6d9d468a7bc5,2024,38,c,2031,c,2031,2031,yes,427d2308-a257-4ec7-b5d6-1826298a3447,,no,MATCH,high,working: 2025 is non-leap starting Wednesday; first later non-leap year starting Wednesday (checked via datetime) = 2031.
8c03e1ea-165f-4af3-866f-ab0814b7fc48,9e191ae4-68b9-47bf-9121-6d9d468a7bc5,2024,39,d,"1, 2 and 3",d,"1, 2 and 3","1, 2 and 3",yes,cf86c171-051d-4417-be6c-446a6b7d571d,,no,MATCH,high,"stem: garbled symbols: exponents flattened ((p-r)2 for (p-r)^2); working: Reading '2' as square (superscript lost): (p-r)^2*qs even (s even); (q-s)*q^2*s even (s even); (q+r)^2 odd * (p+s) odd = odd. All true -> 1,2,3. If '2' were a multiplier, statement 3 would be even (false) -> 'a'; square reading is the natural one."
449dfb11-ecce-4334-b07b-9237c14c3ccc,9e191ae4-68b9-47bf-9121-6d9d468a7bc5,2024,40,c,17.5°,c,17.5°,17.5°,yes,adc8b2e4-e759-49cd-badc-c1026deb074c,,no,MATCH,high,"working: Hour hand 4*30+25*0.5 = 132.5 deg, minute hand 150 deg -> 17.5 deg."
71ac5f49-795e-4779-b3a5-af66ff18d46e,9e191ae4-68b9-47bf-9121-6d9d468a7bc5,2024,41,c,Both 1 and 2,c,Both 1 and 2,not solvable: passage not present,no,49087ac3-44dd-4208-975c-366cab485705,,no,MATCH,medium,stored key equals UPSC key by letter; not independently solvable; stem: passage not present; working: Inference question on a classroom-learning passage; passage text absent from stem (only statements 1-2 present).
50d27b8e-da2c-438d-8f8f-afc821e05db4,9e191ae4-68b9-47bf-9121-6d9d468a7bc5,2024,42,d,Neither 1 nor 2,d,Neither 1 nor 2,not solvable: passage not present,no,1585faa1-a9df-4e30-af7c-7576f8474704,,no,MATCH,medium,stored key equals UPSC key by letter; not independently solvable; stem: passage not present; working: Assumption question 'based on the above passage'; passage absent.
05112a99-97f9-4ac6-8cfe-c0679059d2b1,9e191ae4-68b9-47bf-9121-6d9d468a7bc5,2024,43,a,1 only,a,1 only,not solvable: passage not present,no,de8e1148-6833-48bd-8900-eca0b56a5f1d,,no,MATCH,medium,stored key equals UPSC key by letter; not independently solvable; stem: passage not present; working: Assumption question on adolescent/parents passage; passage absent.
dc820524-583d-4e9b-a788-6499a226d08d,9e191ae4-68b9-47bf-9121-6d9d468a7bc5,2024,44,a,Parents in general may not be of much help when children are on their way to becoming adults.,a,Parents in general may not be of much help when children are on their way to becoming adults.,not solvable: passage not present,no,32d92401-48a5-4c53-a2f4-0dd1583debda,,no,MATCH,medium,stored key equals UPSC key by letter; not independently solvable; stem: passage not present; working: Central-idea question; passage absent.
7bf92855-4136-4571-ba64-86dde8d62223,9e191ae4-68b9-47bf-9121-6d9d468a7bc5,2024,45,b,56,b,56,56,yes,025622df-bd4d-41da-8428-5c534854cc5f,,no,MATCH,high,"working: Counted digit '5' in 1..260 by enumeration: units 26 + tens 30 (50-59,150-159,250-259) = 56."
72b086c3-cd7a-40ae-a9f9-f717dffb954c,9e191ae4-68b9-47bf-9121-6d9d468a7bc5,2024,46,b,84,b,84,84,yes,f29afc94-49ff-40ab-ae31-3c78aa91d8e0,,no,MATCH,high,"working: Given sequence = 1 followed by blocks (1),(2,1),(3,2,1),... First 28 terms = 1 + blocks 1..6 (21 terms, sum 56) + 7,6,5,4,3,2 (27) = 84. Reading without the leading 1 (blocks k..1, first 28 terms) also gives 84."
8f19bd3c-7d57-451b-9109-b7d003443184,9e191ae4-68b9-47bf-9121-6d9d468a7bc5,2024,47,d,"₹ 1,350",d,"₹ 1,350","₹ 1,350",yes,9f7bcaa2-0c5f-4534-86ff-c294d85764e2,,no,MATCH,high,"working: Q=x, R=1.2x, P=1.25*1.2x=1.5x; 3.7x=3330 -> x=900; P=1350."
4eae5e47-69b4-43ca-acaf-3b507273bb7f,9e191ae4-68b9-47bf-9121-6d9d468a7bc5,2024,48,a,9,a,9,9,yes,4b1f2611-47bc-4edf-b6dc-1901a8d2f42a,,no,MATCH,high,"working: Enumerated distinct digits A,B,C,D,E (A,C nonzero) with AB+CD=100+10C+E: 126 solutions, all have A=9 (needs 10A+B+D=100+E, A=9 forced)."
674838be-c1ee-42a4-a578-ea09fd4628db,9e191ae4-68b9-47bf-9121-6d9d468a7bc5,2024,50,c,Both 1 and 2,c,Both 1 and 2,Both 1 and 2,yes,48430cf7-359d-4f6c-9e1d-74cfccae5ffc,,no,MATCH,high,working: 4o+6m+8a=2(o+2m+5a) -> 2o+2m=2a -> o+m=a (stmt 2 true). (3o+5m+9a)-(4o+6m+8a)=a-o-m=0 (stmt 1 true).
b276ec10-650a-455a-ad95-d2c5cdc8c652,9e191ae4-68b9-47bf-9121-6d9d468a7bc5,2024,51,b,This can be used as one of the methods of carbon sequestration.,b,This can be used as one of the methods of carbon sequestration.,not solvable: passage not present,no,2db4bdb9-dccd-4067-a0d0-9bcb46068013,,no,MATCH,medium,stored key equals UPSC key by letter; not independently solvable; stem: passage not present; working: Suggestion implied by passage (basalt/CO2 mineralisation); passage absent.
7a273537-8a48-4ab1-9b70-811299f3f838,9e191ae4-68b9-47bf-9121-6d9d468a7bc5,2024,52,a,1 only,c,Both 1 and 2,not solvable: passage not present,no,dd8c2643-b746-420e-88b1-9b33c315eee1,7bff65ea-086a-48a9-a047-f3bc9e44e021,yes,CORRECTION,medium,"UPSC final key (c) against stored (a); not independently solvable, so the target text rests on the UPSC letter mapping to the corpus label; stem: passage not present; working: Assumption question on giant icebergs passage; passage absent."
118405c4-ba25-4d52-96da-fc66961446c2,9e191ae4-68b9-47bf-9121-6d9d468a7bc5,2024,53,c,"This finding can help in the development of organic, ecologically sustainable pesticides.",c,"This finding can help in the development of organic, ecologically sustainable pesticides.",not solvable: passage not present,no,a9a69eab-6be2-4bc4-bf92-1845896efab5,,no,MATCH,medium,stored key equals UPSC key by letter; not independently solvable; stem: passage not present; working: Message of passage on caterpillars; passage absent.
f320ce55-ea3c-4536-9f73-c268690207e1,9e191ae4-68b9-47bf-9121-6d9d468a7bc5,2024,54,c,10,c,10,3,yes,2ab51e3f-98f2-4e3a-ab3f-0845519a2134,,no,MATCH,low,"SOLVE_VS_UPSC: solve -> (a) ""3""; UPSC final key -> (c) ""10""; UPSC key and stored key agree; the independent solve disagrees (UPSC governs); stem: possible garbled superscripts ('325 + 227' may be 3^25+2^27, which matches no option); working: Literal stem 325+227=552=2^3*3*23 -> divisible by 3 only (552 mod 7=6, mod 10=2, mod 11=2). If exponents were lost (3^25+2^27), residues mod 3,7,10,11 are 2,4,1,8 -> no option divides; so literal reading used."
cc956f71-3eee-46f6-af16-1dab0df5b4b7,9e191ae4-68b9-47bf-9121-6d9d468a7bc5,2024,59,c,"The Question can be answered by using both the Statements together, but cannot be answered using either Statement alone",c,"The Question can be answered by using both the Statements together, but cannot be answered using either Statement alone","The Question can be answered by using both the Statements together, but cannot be answered using either Statement alone",yes,b8b6178d-18e0-4bbf-8f2e-f9bf6b7717a3,,no,MATCH,high,"working: I: m+n>mn -> (m-1)(n-1)<1 -> n=1 (m>n), m any >=2: not unique. II: mn=24 many pairs. Both: n=1, m=24 unique."
6af0a5f3-4f60-468c-bfb8-2e9a2a46a802,9e191ae4-68b9-47bf-9121-6d9d468a7bc5,2024,60,c,"The Question can be answered by using both the Statements together, but cannot be answered using either Statement alone",c,"The Question can be answered by using both the Statements together, but cannot be answered using either Statement alone","The Question can be answered by using both the Statements together, but cannot be answered using either Statement alone",yes,fc2ef326-5904-428c-90af-2dfd1aeb1a36,,no,MATCH,high,working: Time = size/rate needs both: 12 MB / 2.4 KB/s (5000 s taking 1 MB=1000 KB). Neither alone suffices.
b7919ccf-db7e-4123-8f6a-6362b3d221e6,9e191ae4-68b9-47bf-9121-6d9d468a7bc5,2024,61,a,Responsible media should not distort the real in an ideal democracy.,a,Responsible media should not distort the real in an ideal democracy.,not solvable: passage not present,no,ec7f11af-05f3-465c-a18d-7ada91537205,,no,MATCH,medium,stored key equals UPSC key by letter; not independently solvable; stem: passage not present; working: Crux of passage on media/fake news; passage absent.
aa3205df-0e9f-4311-a6a7-9e334919e78a,9e191ae4-68b9-47bf-9121-6d9d468a7bc5,2024,62,d,Interconnected devices can be at security risk and home users may have privacy risk.,d,Interconnected devices can be at security risk and home users may have privacy risk.,not solvable: passage not present,no,d339c265-4f3a-4cd3-820b-7731b7c369a4,,no,MATCH,medium,stored key equals UPSC key by letter; not independently solvable; stem: passage not present; working: Message of passage on interconnected devices; passage absent.
0a944097-5a35-4421-8d77-f40431e147ae,9e191ae4-68b9-47bf-9121-6d9d468a7bc5,2024,63,c,"Maintaining high environmental standards is now a prerequisite for achieving a steady, sufficient and inclusive growth.",c,"Maintaining high environmental standards is now a prerequisite for achieving a steady, sufficient and inclusive growth.",not solvable: passage not present,no,1e62f439-4433-4ad7-8ae1-50ef60699e0a,,no,MATCH,medium,stored key equals UPSC key by letter; not independently solvable; stem: passage not present; working: Crux of passage on growth/environment; passage absent.
e310b811-0ec0-485e-9add-938c54886dd8,9e191ae4-68b9-47bf-9121-6d9d468a7bc5,2024,64,c,"The Question can be answered by using both the Statements together, but cannot be answered using either Statement alone",c,"The Question can be answered by using both the Statements together, but cannot be answered using either Statement alone","The Question can be answered by using both the Statements together, but cannot be answered using either Statement alone",yes,ee9d5574-16c6-471e-aeee-a29839e17c46,,no,MATCH,high,"working: I alone: infinitely many (x=3y etc). II alone: 6 ordered pairs. Both: enumerated xy=12, x!=y, x/y odd integer -> only (6,2)."
359346a6-e3b5-4d53-bade-e4076c340572,9e191ae4-68b9-47bf-9121-6d9d468a7bc5,2024,65,c,"The Question can be answered by using both the Statements together, but cannot be answered using either Statement alone",c,"The Question can be answered by using both the Statements together, but cannot be answered using either Statement alone","The Question can be answered by using both the Statements together, but cannot be answered using either Statement alone",yes,43189999-4d47-4dab-96c6-befe0a8f477d,,no,MATCH,high,"working: I: X=4/9 of total, Y+Z split unknown. II: Y=2/9, X,Z split unknown. Both: X=4/9, Y=2/9, Z=3/9 -> Y least."
8de740f1-cd04-4692-9283-9e85db22c812,9e191ae4-68b9-47bf-9121-6d9d468a7bc5,2024,66,d,The Question cannot be answered even by using both the Statements together,d,The Question cannot be answered even by using both the Statements together,The Question cannot be answered even by using both the Statements together,yes,3cadfb56-3bb7-41aa-964a-01b8afaff6ca,,no,MATCH,high,"working: Both statements consistent with any class size (e.g. 70,50 plus any number of 60s); count not determined."
412beca7-d6e9-412c-a3f5-8096b7151ab1,9e191ae4-68b9-47bf-9121-6d9d468a7bc5,2024,67,a,"The Question can be answered by using one of the Statements alone, but cannot be answered using the other Statement alone",a,"The Question can be answered by using one of the Statements alone, but cannot be answered using the other Statement alone","The Question can be answered by using one of the Statements alone, but cannot be answered using the other Statement alone",yes,646db55e-38d0-485c-b6a0-64f37db4b8f0,,no,MATCH,high,"working: Enumerated distinct prime triples (primes<300) with prime sum: I (sum<23) -> only (3,5,11); II (contains 5) -> 622 triples, not unique. Statement I alone suffices."
785df2f5-29ca-4566-b551-a9c30bccd030,9e191ae4-68b9-47bf-9121-6d9d468a7bc5,2024,68,d,The Question cannot be answered even by using both the Statements together,d,The Question cannot be answered even by using both the Statements together,The Question cannot be answered even by using both the Statements together,yes,4cc5465f-17a4-4b80-a4f1-4ae6bca42e03,,no,MATCH,high,"working: x=y=1/3: 2x+y=1, x+2y=1 integers but x+y=2/3; x=y=1 gives integer. Both together only give 3(x+y) integer."
b9eeb719-5313-41eb-ae7f-050adf8e9e80,9e191ae4-68b9-47bf-9121-6d9d468a7bc5,2024,69,c,"The Question can be answered by using both the Statements together, but cannot be answered using either Statement alone",c,"The Question can be answered by using both the Statements together, but cannot be answered using either Statement alone","The Question can be answered by using both the Statements together, but cannot be answered using either Statement alone",yes,dbadcfa8-51b9-4e6b-af5f-f143333f54d3,,no,MATCH,medium,"solve has more than one defensible reading; UPSC key selects the stored option; working: p+r=34, q=16 least so p,r>=16. Real-valued prices: I gives p<=17 (not unique), II gives p>=17 (not unique), both give p=r=17 -> c. Caveat: if prices are whole rupees and q strictly least, I alone gives p=17 and II alone gives p=17 -> b. Answer depends on integer-price assumption."
d185e37e-0419-4342-8e50-48656a9e2c10,9e191ae4-68b9-47bf-9121-6d9d468a7bc5,2024,70,d,The Question cannot be answered even by using both the Statements together,d,The Question cannot be answered even by using both the Statements together,The Question cannot be answered even by using both the Statements together,yes,04997698-c4dc-4106-8406-ae9170de26a8,,no,MATCH,high,"working: Adding I and II gives P>R only. Counterexamples satisfying both: (P,Q,R,S)=(5,5,4,6) P not > Q; (6,4,5,5) P>Q."
991219b8-5bbf-46b5-a499-3df34bde9b45,9e191ae4-68b9-47bf-9121-6d9d468a7bc5,2024,71,a,"It is the poetry, not science or religion, which recognizes and accepts imperfections in humans.",d,"In a world of violence, tyranny and bigotry, poetry is a form of dynamic resistance.",not solvable: missing passage,no,2b737b40-2466-4746-8b01-8dc2e41707a3,a6577000-a9d0-4aa9-b2f5-41f633c50b73,yes,CORRECTION,medium,"UPSC final key (d) against stored (a); not independently solvable, so the target text rests on the UPSC letter mapping to the corpus label; stem: missing passage; working: Omitted by the solver pass; added at reconciliation. The stem refers to ""the above passage"" and the passage is not present."
f595b163-eead-4799-84ef-a50ed5cbd975,9e191ae4-68b9-47bf-9121-6d9d468a7bc5,2024,72,d,Neither 1 nor 2,d,Neither 1 nor 2,not solvable: missing passage,no,c9564f5c-5ab6-4124-ac4a-72714554285a,,no,MATCH,medium,"stored key equals UPSC key by letter; not independently solvable; stem: missing passage; working: Omitted by the solver pass; added at reconciliation. The stem refers to ""the above passage"" and the passage is not present."
c13c3151-4dbe-402b-883f-f87413d41c0a,9e191ae4-68b9-47bf-9121-6d9d468a7bc5,2024,73,a,"The Question can be answered by using one of the Statements alone, but cannot be answered using the other Statement alone",a,"The Question can be answered by using one of the Statements alone, but cannot be answered using the other Statement alone","The Question can be answered by using one of the Statements alone, but cannot be answered using the other Statement alone",yes,763f5c3f-7c1c-482f-b777-a5d0cd544fa5,,no,MATCH,high,"working: P=10a+b, Q=10b+a. I alone: difference 9|a-b| any of 9..72. II: 6*sum=11*diff -> 2(a+b)=3|a-b| -> {15,51}, difference 36 unique (enumerated). II alone suffices."
2ecc2229-42c2-4f48-86e0-7285bb82f553,9e191ae4-68b9-47bf-9121-6d9d468a7bc5,2024,74,c,Both SP and RQ,c,Both SP and RQ,Both SP and RQ,yes,115fe269-05ac-4bfc-af5d-9ed1b644696a,,no,MATCH,high,working: Main: Director or Producer. Not Producer (S) implies Director (P); not Director (R) implies Producer (Q). Both SP and RQ valid.
2aa3ea5d-24a9-4666-8b89-fd7074ffb362,9e191ae4-68b9-47bf-9121-6d9d468a7bc5,2024,75,d,–25,d,–25,–25,yes,f49beb54-0221-4a21-8fa3-0ecdec5ba821,,no,MATCH,high,working: Becomes 10 - 30 x 100 / 50 + 25 = 10 - 60 + 25 = -25.
d8758c57-5f4e-4a65-9706-d38c9bb03969,9e191ae4-68b9-47bf-9121-6d9d468a7bc5,2024,76,d,Neither 1 nor 2,d,Neither 1 nor 2,Neither 1 nor 2,yes,a9ed12fe-41ff-4cae-99d6-7ef8adb5f871,,no,MATCH,high,"stem: symbols for 'not greater'/'not less' missing in parentheses (wording suffices); working: R = not greater (<=), S = not less (>=) from wording. 1: 2x>=3y, 3x=4z -> 8z/3>=3y -> 9y<=8z, so 9y>8z false. 2: x<2y, y<=z gives x<2z only; counterexample x=1.5,y=z=1 -> x<=z false."
eccb7e80-8a4e-42e6-a6e6-236c7c39847a,9e191ae4-68b9-47bf-9121-6d9d468a7bc5,2024,77,a,11880,a,11880,11880,yes,34160513-002c-4bc0-a618-4540f0f11fbd,,no,MATCH,high,"working: Product of alphabet positions: 1*2*3*4=24, 5*6*7*8=1680, 9*10*11*12=11880."
6e6b13a6-a4c0-47d7-a758-441ec819b42e,9e191ae4-68b9-47bf-9121-6d9d468a7bc5,2024,78,d,AANERA,d,AANERA,AANERA,yes,00839284-8520-4a8f-acbe-5746c8e4480a,,no,MATCH,high,"working: Reverse word and prefix A: POT->TOP->ATOP, TRAP->PART->APART, ARENA->ANERA->AANERA."
a38a5bb3-c16e-434a-a032-6571d3cc569a,9e191ae4-68b9-47bf-9121-6d9d468a7bc5,2024,79,b,155,b,155,155,yes,d90ab0cf-f9de-40fe-acc5-2877ba644e45,,no,MATCH,high,"working: Term n = n(n^2+n+1): 3,14,39,84,155,258 (6*43=258 checks)."
dce199e2-b0b8-4693-951a-edfce464b095,9e191ae4-68b9-47bf-9121-6d9d468a7bc5,2024,80,b,2,b,2,2,yes,9c6f843e-cf18-41ba-9e9f-acc261f63c72,,no,MATCH,high,"working: Enumerated permutations: Q=3S -> (S,Q)=(4,12) or (5,15); T=R+S+3 unique: S=5,Q=15,R=4,T=12,P=10 -> P+R-T=2."
108c4a0e-dd96-5015-9e38-6a63b2cb5ad5,505b29a0-0d4d-5230-88aa-3bbc525a6db5,2025,1,d,Classroom needs to be reimagined and teaching to be re-invented.,d,Classroom needs to be reimagined and teaching to be re-invented.,not solvable: missing passage,no,cecf377d-7679-578a-bad5-dd7fef80aa54,,no,MATCH,medium,stored key equals UPSC key by letter; not independently solvable; stem: missing passage; working: Stem refers to a passage that is not included in question_text; cannot be answered without it.
59e8ec00-7ab1-5146-bf7a-f769f784f17c,505b29a0-0d4d-5230-88aa-3bbc525a6db5,2025,2,a,I only,a,I only,not solvable: missing passage,no,f88a5fa7-460e-5c65-a419-0ab49b33d7f0,,no,MATCH,medium,stored key equals UPSC key by letter; not independently solvable; stem: missing passage; working: Stem refers to a passage that is not included in question_text; cannot be answered without it.
55f57180-512f-596a-b7d3-ea6160f1e272,505b29a0-0d4d-5230-88aa-3bbc525a6db5,2025,3,b,Animal-based food is far less efficient than grain/plant-based food in terms of production and utilization.,b,Animal-based food is far less efficient than grain/plant-based food in terms of production and utilization.,not solvable: missing passage,no,bcd2a64f-33ca-561c-9dd0-37dc677f6953,,no,MATCH,medium,stored key equals UPSC key by letter; not independently solvable; stem: missing passage; working: Stem refers to a passage that is not included in question_text; cannot be answered without it.
70207b87-6621-5341-82e2-01b0f629c952,505b29a0-0d4d-5230-88aa-3bbc525a6db5,2025,4,b,II only,b,II only,not solvable: missing passage,no,ed6b1bd8-ce4b-50be-97e3-08da58cfeeaa,,no,MATCH,medium,stored key equals UPSC key by letter; not independently solvable; stem: missing passage; working: Stem refers to a passage that is not included in question_text; cannot be answered without it.
8125fee7-06d6-5226-a995-bb31f0c62e45,505b29a0-0d4d-5230-88aa-3bbc525a6db5,2025,5,b,4,b,4,4,yes,1017792a-b8f3-5851-90bd-ea91b01f0f6e,,no,MATCH,high,"working: Factor 5: 385=5*7*11 (1), 1000=2^3*5^3 (3); no other factor has 5 -> v5=4. v7 is far larger (7,343,385,2401,77777=7*11111). n=min=4."
7477a48b-03c0-568e-b45f-81f6e3e24755,505b29a0-0d4d-5230-88aa-3bbc525a6db5,2025,6,b,12,b,12,12,yes,084d4f0d-1785-5978-95ab-2e9d621ea658,,no,MATCH,high,"working: Ratios x0.5, x1, x1.5, x2, x2.5: 24*0.5=12, 12*1=12, 12*1.5=18, 18*2=36, 36*2.5=90. X=12."
f8487157-c623-59c1-b41b-af2d329a2995,505b29a0-0d4d-5230-88aa-3bbc525a6db5,2025,7,b,13,b,13,14,yes,fc47e479-41f0-5424-8570-465a51f8811b,,no,MATCH,medium,"SOLVE_VS_UPSC: solve -> (c) ""14""; UPSC final key -> (b) ""13""; solve has more than one defensible reading; UPSC key selects the stored option; working: Relative speed 8 rounds/h -> meet every 7.5 min at t=7.5k min after 5:00. Window 20..120 min: k=3..16 -> 14 meetings (k=16 is exactly 7:00). If 7:00 endpoint excluded, 13 (option b). Chose inclusive 14."
a9683fd3-76c6-572b-8534-9709b658301d,505b29a0-0d4d-5230-88aa-3bbc525a6db5,2025,8,b,QRPS,b,QRPS,QRPS,yes,0730664d-150b-5707-94c8-975ece29421f,,no,MATCH,high,"working: Evaluated all options with BODMAS: SPRQ=60, QRPS: 60-15*3+20/4=60-45+5=20, QRSP=61.75, SPQR=-73. Only QRPS gives 20."
9fcd2ace-7e32-5a1a-9018-6c59a615cb6d,505b29a0-0d4d-5230-88aa-3bbc525a6db5,2025,9,c,20 m,c,20 m,20 m,yes,9e549b08-a50e-5c63-93af-245653cf2306,,no,MATCH,high,working: L=(v-3)*8/3.6=(v-4)*9/3.6 -> 8v-24=9v-36 -> v=12 km/h; L=9*(5/18)*8=20 m.
e258e791-e95b-5b63-a883-af8856c70622,505b29a0-0d4d-5230-88aa-3bbc525a6db5,2025,10,b,9,b,9,9,yes,3a284115-9128-5388-8d4c-f45a57b54192,,no,MATCH,high,"working: 12345678987654321 = 111111111^2, so N=111111111 has 9 digits (N^2 has 17 digits -> N has 9)."
9f967de9-a961-5556-a986-50b73f1ca23e,505b29a0-0d4d-5230-88aa-3bbc525a6db5,2025,11,a,The benefit of economic reforms percolates down more slowly to the agriculture sector than in other sectors of the economy.,a,The benefit of economic reforms percolates down more slowly to the agriculture sector than in other sectors of the economy.,not solvable: missing passage,no,0badb3b9-6013-5b07-8395-6fec2132146b,,no,MATCH,medium,stored key equals UPSC key by letter; not independently solvable; stem: missing passage; working: Stem refers to a passage that is not included in question_text; cannot be answered without it.
72bd302c-e9bb-5a1c-a8da-2646fc8bd2d8,505b29a0-0d4d-5230-88aa-3bbc525a6db5,2025,12,d,Neither I nor II,d,Neither I nor II,not solvable: missing passage,no,e174a02d-f46c-5368-836a-f52ba738d78e,,no,MATCH,medium,stored key equals UPSC key by letter; not independently solvable; stem: missing passage; working: Stem refers to a passage that is not included in question_text; cannot be answered without it.
8282d48d-b198-5266-861b-9d2e88060a39,505b29a0-0d4d-5230-88aa-3bbc525a6db5,2025,13,a,We need to free the handloom industry from the limited narrative linked to preserving cultural heritage.,a,We need to free the handloom industry from the limited narrative linked to preserving cultural heritage.,not solvable: missing passage,no,b92fcef3-698f-55a4-92d3-61d9bd21db71,,no,MATCH,medium,stored key equals UPSC key by letter; not independently solvable; stem: missing passage; working: Stem refers to a passage that is not included in question_text; cannot be answered without it.
eb26df01-89a8-582e-a5fb-036c8ae0da3b,505b29a0-0d4d-5230-88aa-3bbc525a6db5,2025,14,d,Neither I nor II,d,Neither I nor II,not solvable: missing passage,no,d946c637-67f5-5d31-b47a-5319b383ea8f,,no,MATCH,medium,stored key equals UPSC key by letter; not independently solvable; stem: missing passage; working: Stem refers to a passage that is not included in question_text; cannot be answered without it.
fbaa593a-af4d-52db-a684-c8d24d0f5370,505b29a0-0d4d-5230-88aa-3bbc525a6db5,2025,15,c,22,c,22,22,yes,4f8e0fed-4988-5d7c-8d46-a6d78dc48196,,no,MATCH,high,"working: Brute-force count of n in 1..100 divisible by none of 2,3,5,7,9 = 22 (1 plus numbers coprime to 210)."
3b78d920-1ca1-59b3-a1f9-0e10e45c345b,505b29a0-0d4d-5230-88aa-3bbc525a6db5,2025,16,d,None of the above,d,None of the above,None of the above,yes,e4a6dfb1-b0b1-5673-af11-bfec84e51742,,no,MATCH,high,"working: max(x+y)=8+7=15; min(x-y)=4-7=-3; ratio=-5, not among 6, 15/2, -15/2."
c0de0e70-097c-59a7-81d3-3a9846516bbf,505b29a0-0d4d-5230-88aa-3bbc525a6db5,2025,17,b,5,b,5,5,yes,d53c72c5-c98e-557f-9f3b-4d47ee13e4c3,,no,MATCH,high,"working: Enumerated primes p,k with p^2+k prime <30: (2,3),(2,7),(2,13),(2,19),(3,2) -> k in {2,3,7,13,19}: 5 values."
3e9c5b6a-8789-5a61-80e1-5b989ad97402,505b29a0-0d4d-5230-88aa-3bbc525a6db5,2025,18,d,More than 8,d,More than 8,More than 8,yes,c2fb7dcc-a4bc-5419-9dec-d8dc5b19e5d7,,no,MATCH,high,"working: 1001=7*11*13. Enumerated triples of divisors with LCM 1001, HCF 1: 40 unordered multisets, 32 with three distinct numbers; either way >8."
bd2d5195-3a61-5b2d-9dad-51d86a6e83c0,505b29a0-0d4d-5230-88aa-3bbc525a6db5,2025,19,b,3,b,3,3,yes,382acf70-eb76-5053-ac87-0cb1caf892fe,,no,MATCH,high,"working: Enumerated distinct non-zero digits, Q=3, T<6, PQR-PS=PPT: 132-17=115, 132-18=114, 134-19=115 -> (R,S) in {(2,7),(2,8),(4,9)}: 3."
6adfd0f3-51ac-507e-ad74-8a4ae59d6597,505b29a0-0d4d-5230-88aa-3bbc525a6db5,2025,20,c,"B, C, B, A, C",c,"B, C, B, A, C","B, C, B, A, C",yes,8675502b-e730-52c9-b449-ac264e599e91,,no,MATCH,high,"working: Filling B,C,B,A,C gives ABBCCC ABBCCC ABBCCC (block repeated thrice). Other options break repetition."
ca729d21-0ec6-5162-9270-ed8d23b20b9a,505b29a0-0d4d-5230-88aa-3bbc525a6db5,2025,21,d,India needs to formulate effective climate change mitigation and adaptation strategies at the State/region level.,d,India needs to formulate effective climate change mitigation and adaptation strategies at the State/region level.,not solvable: missing passage,no,e9225c45-2117-5d72-b27f-ef7e35aaed7b,,no,MATCH,medium,stored key equals UPSC key by letter; not independently solvable; stem: missing passage; working: Stem refers to a passage that is not included in question_text; cannot be answered without it.
318fd4c0-c121-5434-8dac-58308680ec3c,505b29a0-0d4d-5230-88aa-3bbc525a6db5,2025,22,a,I only,a,I only,not solvable: missing passage,no,cbdddd36-ded9-5e95-9511-2352d5dcf5b8,,no,MATCH,medium,stored key equals UPSC key by letter; not independently solvable; stem: missing passage; working: Stem refers to a passage that is not included in question_text; cannot be answered without it.
b3727889-d911-57f0-ac72-e5f5caca79da,505b29a0-0d4d-5230-88aa-3bbc525a6db5,2025,23,d,"Insecurity, more than poverty, is the main economic issue that Government policies must address.",d,"Insecurity, more than poverty, is the main economic issue that Government policies must address.",not solvable: missing passage,no,137c81f8-87f5-5b2a-ae29-42b660e19862,,no,MATCH,medium,stored key equals UPSC key by letter; not independently solvable; stem: missing passage; working: Stem refers to a passage that is not included in question_text; cannot be answered without it.
08bbf282-55d6-5521-909c-9ee51ffc9c6a,505b29a0-0d4d-5230-88aa-3bbc525a6db5,2025,24,a,I only,a,I only,not solvable: missing passage,no,a7e2eb87-d884-5a85-9ad2-038a1894ea70,,no,MATCH,medium,stored key equals UPSC key by letter; not independently solvable; stem: missing passage; working: Stem refers to a passage that is not included in question_text; cannot be answered without it.
971766b8-1e5a-5212-821e-fb13b4ff2d71,505b29a0-0d4d-5230-88aa-3bbc525a6db5,2025,25,c,Both I and II,c,Both I and II,Both I and II,yes,47aa3f8b-6c3a-5964-b320-7fb07d4eb39a,,no,MATCH,high,working: 60=3*4*5 -> cuts (3-1)+(4-1)+(5-1)=9 (minimum). Unpainted interior=(3-2)(4-2)(5-2)=6. Both correct.
526f5a2c-bff1-59c2-a869-5af93c6415d5,505b29a0-0d4d-5230-88aa-3bbc525a6db5,2025,26,c,65,c,65,65,yes,2e59e277-c90a-516f-88cc-95fdcb1fce12,,no,MATCH,high,"working: a*b=sqrt(a^2+b^2): 7,24->25; 12,16->20; 16,63->sqrt(256+3969)=65."
bdfc9c1b-e68d-509a-aacb-a46d1968a8d8,505b29a0-0d4d-5230-88aa-3bbc525a6db5,2025,27,b,200 km,b,200 km,200 km,yes,37cd9f1e-4af3-5ccb-9543-dbf912b8ae11,,no,MATCH,high,working: Old spend=2200/16*90=12375. New price 99 -> litres=125 -> km=125*16=2000. Reduce 200 km.
3d20473e-509e-569a-8693-c2905c62bc94,505b29a0-0d4d-5230-88aa-3bbc525a6db5,2025,28,c,1078,c,1078,1078,yes,dc4f1c9f-7a63-52b8-bd7d-a23250c4173b,,no,MATCH,high,working: Remainder = divisor-2 each time -> N = 90k-2 (LCM 90). Smallest 4-digit: 90*12-2=1078.
d0ca1c1f-974d-5165-b167-4a06c9ec477d,505b29a0-0d4d-5230-88aa-3bbc525a6db5,2025,29,d,Neither I nor II,d,Neither I nor II,Neither I nor II,yes,4e2121e3-76f1-5553-9244-bc420179b9cf,,no,MATCH,high,"working: I: B>C<D>E gives no B-E relation (not always). II: S=T<=U=V gives S<=V, equality possible, so not always less. Neither."
b42d9250-b047-5b0f-9fbb-b350cb818e13,505b29a0-0d4d-5230-88aa-3bbc525a6db5,2025,30,c,5,c,5,5,yes,f104c946-ed3a-5a2d-a609-a02aa6a0c12a,,no,MATCH,high,working: Product of odd numbers including 5 -> odd multiple of 5 -> unit digit 5.
a606923b-e693-561f-ae15-d81ccebedd10,505b29a0-0d4d-5230-88aa-3bbc525a6db5,2025,31,c,"Sustenance of livelihood and degradation of ecosystem while being together exacerbate one another, leading to conflicts and imbalance.",c,"Sustenance of livelihood and degradation of ecosystem while being together exacerbate one another, leading to conflicts and imbalance.",not solvable: missing passage,no,29f3c500-538d-50a1-b8c3-f57343f9859d,,no,MATCH,medium,stored key equals UPSC key by letter; not independently solvable; stem: missing passage; working: Stem refers to a passage that is not included in question_text; cannot be answered without it.
f1f5296e-3f1a-526a-8011-376c5e04ee5d,505b29a0-0d4d-5230-88aa-3bbc525a6db5,2025,32,d,Neither I nor II,d,Neither I nor II,not solvable: missing passage,no,234e0ce5-ca27-5e0e-966f-e5e24440629b,,no,MATCH,medium,stored key equals UPSC key by letter; not independently solvable; stem: missing passage; working: Stem refers to a passage that is not included in question_text; cannot be answered without it.
3fc4323c-288c-5337-ac91-91069f5f5600,505b29a0-0d4d-5230-88aa-3bbc525a6db5,2025,33,d,Timing plays a crucial role in the case of green technology development.,d,Timing plays a crucial role in the case of green technology development.,not solvable: missing passage,no,2fe03561-5efc-5119-8c25-477b7aa1661c,,no,MATCH,medium,stored key equals UPSC key by letter; not independently solvable; stem: missing passage; working: Stem refers to a passage that is not included in question_text; cannot be answered without it.
1b5393a8-e294-58dc-88c4-18ab8f155031,505b29a0-0d4d-5230-88aa-3bbc525a6db5,2025,34,c,Both I and II,c,Both I and II,not solvable: missing passage,no,a4757164-fc5a-5bea-bdc0-bf29f3d6e7f0,,no,MATCH,medium,stored key equals UPSC key by letter; not independently solvable; stem: missing passage; working: Stem refers to a passage that is not included in question_text; cannot be answered without it.
51f0367d-818b-5b98-b34d-151d9bc466a7,505b29a0-0d4d-5230-88aa-3bbc525a6db5,2025,35,c,8,c,8,8,yes,d2f12add-da08-5241-a2f6-32cc2dfe6337,,no,MATCH,high,"working: Enumerated N<50 with three distinct divisors summing to N: 6,12,18,24,30,36,42,48 -> 8 (multiples of 6: N/2+N/3+N/6)."
fccc2486-9218-5a14-ae0b-554aa2e6b040,505b29a0-0d4d-5230-88aa-3bbc525a6db5,2025,36,d,More than 6,d,More than 6,"no option matches: Enumerated primes <20 with p-q=q-r. Distinct primes only: triples (3,5,7),(3,7,11),(5,11,17),(3,11,19),(7,13,19) -> sums",yes,a29ae6ea-5f88-5625-978f-1ccaae98a435,,no,MATCH,medium,"stored key equals UPSC key by letter; not independently solvable; working: Enumerated primes <20 with p-q=q-r. Distinct primes only: triples (3,5,7),(3,7,11),(5,11,17),(3,11,19),(7,13,19) -> sums {15,21,33,39}: 4 (option a). If p=q=r allowed: adds 6,9,51,57 -> 8 values (option d, More than 6). Answer depends on whether primes must be distinct."
6a32a9c7-a091-5a34-994d-2264c58b7bcd,505b29a0-0d4d-5230-88aa-3bbc525a6db5,2025,37,c,Three,c,Three,Three,yes,0b766051-4130-58f5-a130-9ada327f4487,,no,MATCH,high,"working: Solutions (3,3,3),(2,4,4),(2,3,6) and permutations -> sums {9,10,11}: three values."
b717f035-63d3-56fd-9345-fef12e7a63c3,505b29a0-0d4d-5230-88aa-3bbc525a6db5,2025,38,b,"July, April",b,"July, April","July, April",yes,b7c08be7-296e-57cc-adbc-09a264a70734,,no,MATCH,high,"working: Month numbers 1,1,12,10,X,3,10,Y,9 step back by 0,1,2,3,4,5,6,7 (mod 12): 10-3=7 July, 3-5=10 Oct ok, 10-6=4 April, 4-7=9 Sept ok."
099188fa-547f-578e-af4e-ab51763167d5,505b29a0-0d4d-5230-88aa-3bbc525a6db5,2025,39,d,Cannot be determined,d,Cannot be determined,Cannot be determined,yes,468547df-4c09-5a77-a6fd-43086edbb35b,,no,MATCH,high,"working: Y took 18 overs, rate N/18; 1.5x rate = N/12 -> ties in 12 overs for every N. Condition is an identity, N not determined."
df740ba9-3ecf-5245-8420-97ae001e1ca1,505b29a0-0d4d-5230-88aa-3bbc525a6db5,2025,40,a,p(10⁴ – k²)² = q × 10⁸,a,p(10⁴ – k²)² = q × 10⁸,p(10⁴ – k²)² = q × 10⁸,yes,df677a44-7fe6-59d3-a693-38dc8a095c0a,,no,MATCH,high,working: q=p(1+k/100)^2(1-k/100)^2=p(10^4-k^2)^2/10^8 -> p(10^4-k^2)^2 = q*10^8.
30bf27a7-228b-5352-a77d-f0066dbdbfe2,505b29a0-0d4d-5230-88aa-3bbc525a6db5,2025,41,b,The present calculation of inflation rate does not correctly measure price rise of individual item/commodity.,b,The present calculation of inflation rate does not correctly measure price rise of individual item/commodity.,not solvable: missing passage,no,bcfd55c1-1856-52a8-8c2e-74c0fee640a9,,no,MATCH,medium,stored key equals UPSC key by letter; not independently solvable; stem: missing passage; working: passage not present; reading-comprehension question cannot be answered from the stem alone
3fdd07ff-9408-5b7f-a8f2-e3822b7cf289,505b29a0-0d4d-5230-88aa-3bbc525a6db5,2025,42,d,Trust is important though it entails risk.,d,Trust is important though it entails risk.,not solvable: missing passage,no,3dbf65c8-0a86-5cf4-b32a-9312e9b02034,,no,MATCH,medium,stored key equals UPSC key by letter; not independently solvable; stem: missing passage; working: passage not present; reading-comprehension question cannot be answered from the stem alone
8b22e00b-41f3-57e3-b21a-f0d72cef0cf2,505b29a0-0d4d-5230-88aa-3bbc525a6db5,2025,43,d,The Question cannot be answered even using any of the Statements.,d,The Question cannot be answered even using any of the Statements.,The Question cannot be answered even using any of the Statements.,yes,62a9aec0-6466-5903-9cf5-a6017a5ccdc8,,no,MATCH,high,working: I alone: Q may also score in last 10 min. II alone: no P info. Together: at 10-min mark Q led by 3 so Q had 3 or 4 then. Case Q 3-0 then Q scores 1: 4-4 draw. Case Q 4-1: P ends 5-4 win. Not determinable.
4115ee5b-d67d-59c7-8a51-f4d6ec494e28,505b29a0-0d4d-5230-88aa-3bbc525a6db5,2025,44,b,The Question can be answered by using either Statement alone.,b,The Question can be answered by using either Statement alone.,The Question can be answered by using either Statement alone.,yes,2de347e9-a215-52ea-9dc3-c7b3f08148fb,,no,MATCH,high,"working: (p+q)^2-4pq=(p-q)^2 >0 iff p!=q. I alone gives p!=q -> yes; II alone gives p!=q -> yes. Without statements p=q possible, so d is false. Either alone suffices."
11b44cbd-6c88-579b-8394-c58cafe0a7a2,505b29a0-0d4d-5230-88aa-3bbc525a6db5,2025,45,d,Cannot be determined due to insufficient data,d,Cannot be determined due to insufficient data,Cannot be determined due to insufficient data,yes,c6d84a40-2923-520c-967c-f451e3669462,,no,MATCH,high,"working: X/Y=Y/Z, X+Y+Z=37 integer enumeration: (9,12,16) and (16,12,9) (plus degenerate zero cases). Both increasing and decreasing orders possible -> cannot be determined."
71b2d2bb-3629-5ea2-8b5f-f3031726e1be,505b29a0-0d4d-5230-88aa-3bbc525a6db5,2025,46,c,Value-I = Value-II,c,Value-I = Value-II,Value-I = Value-II,yes,be8de7ab-47da-5be2-9e83-5e36f891cde4,,no,MATCH,high,"working: Sum 10: max product 25 at p=q=5; p=5,q=5 satisfies p>=-6,q>=-4 and constrained max cannot exceed unconstrained max 25. Value-I=Value-II=25."
e70186cc-ea81-53a2-8dad-1503c38b526d,505b29a0-0d4d-5230-88aa-3bbc525a6db5,2025,47,c,Value-I = Value-II,c,Value-I = Value-II,Value-I = Value-II,yes,f88ec5e9-f495-5946-9606-fd54e9bcf1b9,,no,MATCH,high,working: Value-I: -5..5 average 0 (minimum). Value-II: 0..10 product 0 (minimum since non-negative). Equal.
62c33523-061f-552f-8ea8-94afdf284221,505b29a0-0d4d-5230-88aa-3bbc525a6db5,2025,48,a,k,a,k,k,yes,1c0d071c-dbee-5df4-bf6a-fd9e5d52794b,,no,MATCH,high,"working: p=k+d, q=k-d, p+q+r=3k -> r=k."
15159d2a-b2de-570a-bcbb-ee007be54556,505b29a0-0d4d-5230-88aa-3bbc525a6db5,2025,49,a,I only,a,I only,I only,yes,e5c6054b-a77e-53f5-84fc-77b49731ac54,,no,MATCH,high,working: 0<x<1: x^2>x^3 true (x^2(1-x)>0); x>sqrt(x) false.
7440c9f0-ffd2-5cfa-8622-61309771ad42,505b29a0-0d4d-5230-88aa-3bbc525a6db5,2025,50,c,There can be more than one such number.,c,There can be more than one such number.,There can be more than one such number.,yes,13b05c3a-0a29-5aff-8126-ed326bae64ae,,no,MATCH,high,"working: 9 integers strictly between; e.g. 5,15 -> {10} (one); 1,11 -> {5,10} (two). So can be more than one. Interprets 'between' as exclusive; inclusive gives 2 or 3, same option c."
e83d03f7-40a5-57bc-8d46-d48eb99d4ded,505b29a0-0d4d-5230-88aa-3bbc525a6db5,2025,51,a,Corporate capitalism is important for economic growth of a State and also for democracy.,a,Corporate capitalism is important for economic growth of a State and also for democracy.,not solvable: missing passage,no,802c67c8-0545-56a4-b9d8-95b45cee0d92,,no,MATCH,medium,stored key equals UPSC key by letter; not independently solvable; stem: missing passage; working: passage not present; reading-comprehension question cannot be answered from the stem alone
8f9c1e10-dd32-5dc9-ac21-5e266f903082,505b29a0-0d4d-5230-88aa-3bbc525a6db5,2025,52,c,Both I and II,c,Both I and II,not solvable: missing passage,no,f99811cb-fbd2-55c1-a5ff-d644fc46c43b,,no,MATCH,medium,stored key equals UPSC key by letter; not independently solvable; stem: missing passage; working: passage not present; reading-comprehension question cannot be answered from the stem alone
7606b3e0-722d-5ed1-8471-84da1ed3489a,505b29a0-0d4d-5230-88aa-3bbc525a6db5,2025,53,c,It takes individuals out of a state of isolation and gives them a chance to participate in the common endeavour.,c,It takes individuals out of a state of isolation and gives them a chance to participate in the common endeavour.,not solvable: missing passage,no,8d77844b-a077-5c26-9040-939212ad9c2d,,no,MATCH,medium,stored key equals UPSC key by letter; not independently solvable; stem: missing passage; working: passage not present; reading-comprehension question cannot be answered from the stem alone
8f89546d-0ced-53bc-aa9b-3ea1bd4e075a,505b29a0-0d4d-5230-88aa-3bbc525a6db5,2025,54,c,Both I and II,c,Both I and II,Both I and II,yes,fa03bab6-910d-55ad-8deb-ee5a21c7bc58,,no,MATCH,high,"working: I: n=2 -> 3, both have 2 factors. II: n=2 -> 5 (2.5x), both have 2 factors. Both true."
45909f5c-f1d9-5649-92f5-0b6e6e4873c7,505b29a0-0d4d-5230-88aa-3bbc525a6db5,2025,55,c,31 km,c,31 km,31 km,yes,b2a1a5af-5c03-5932-8f4f-a0a2fc2b27fc,,no,MATCH,high,"working: Coords B(0,0) A(0,-6) C(10,-6) D(10,-12) E(5,-12) F(-9,0) G(-9,-12). D-E-G-F = 5+14+12=31; D-C-A-B-F = 6+10+6+9=31. Either route 31 km."
8f67701d-a80a-5f2f-a20c-d87fa7565477,505b29a0-0d4d-5230-88aa-3bbc525a6db5,2025,56,b,1331,b,1331,1331,yes,b7806809-4ad1-503f-8967-9fa6ad631c5b,,no,MATCH,high,working: 64=4^3 -> 343=7^3; 216=6^3 -> 729=9^3 (cube root +3). 512=8^3 -> 11^3=1331.
7b2cbc06-c889-5205-a669-c5d2c72cc426,505b29a0-0d4d-5230-88aa-3bbc525a6db5,2025,57,a,0,a,0,0,yes,c9a9c0e1-476f-56ee-a53e-a414578f7cc7,,no,MATCH,high,working: 9^k = 3 mod 6 for k>=1; 98 terms -> 294 = 0 mod 6. Python check: 0.
8798cdcd-a73f-5cf5-90d6-216b6a0959c6,505b29a0-0d4d-5230-88aa-3bbc525a6db5,2025,58,d,The Question can be answered even without using any of the Statements.,d,The Question can be answered even without using any of the Statements.,The Question can be answered even without using any of the Statements.,yes,f084fe35-cbde-5de8-925d-e17c1da57eda,,no,MATCH,high,"working: Numbers 1-9 with exactly 4 factors: 6 (1,2,3,6) and 8 (1,2,4,8). Smallest is 6, answerable without statements."
c346db98-cdf5-5efd-96e8-a64b9cd4863c,505b29a0-0d4d-5230-88aa-3bbc525a6db5,2025,59,d,The Question can be answered even without using any of the Statements.,d,The Question can be answered even without using any of the Statements.,The Question can be answered even without using any of the Statements.,yes,16a4b0b0-d27c-5420-874c-e311a0caa6f4,,no,MATCH,high,"working: Brute force distinct nonzero P,Q,R,S with P<=3,Q<=4: PP*PQ=RRSS only 33*34=1122 (P=3,Q=4,R=1,S=2). Unique without statements."
cc197b14-a56c-5188-9dcd-44be994c31a4,505b29a0-0d4d-5230-88aa-3bbc525a6db5,2025,60,d,The Question cannot be answered even using any of the Statements.,d,The Question cannot be answered even using any of the Statements.,"The Question can be answered by using both the Statements together, but cannot be answered using either Statement alone.",yes,7e96530c-fd88-5770-af0a-ac4b4a93d020,,no,MATCH,medium,"SOLVE_VS_UPSC: solve -> (c) ""The Question can be answered by using both the Statements together, but cannot be answered using either Statement alone.""; UPSC final key -> (d) ""The Question cannot be answered even using any of the Statements.""; solve has more than one defensible reading; UPSC key selects the stored option; stem: ambiguous: Q's gender not given; working: Together: R is P's sister so R's father = P's father; Q is father's sibling -> Q is P's paternal uncle/aunt. Neither alone suffices. Gender of Q unknown, so if 'uncle' vs 'aunt' is required the answer is d. Chose c (relation = father's sibling determined)."
20b8d1ca-6eee-5fef-b68f-0ee65591b94d,505b29a0-0d4d-5230-88aa-3bbc525a6db5,2025,61,b,Our total dependence on genetically honed crops entails possible food insecurity.,b,Our total dependence on genetically honed crops entails possible food insecurity.,not solvable: missing passage,no,ced2507f-c3a2-58e1-a63f-e924352d99a5,,no,MATCH,medium,stored key equals UPSC key by letter; not independently solvable; stem: missing passage; working: passage not present; reading-comprehension question cannot be answered from the stem alone
f6a87a91-85ec-5f1d-b592-1206643a6f9f,505b29a0-0d4d-5230-88aa-3bbc525a6db5,2025,62,c,Both I and II,c,Both I and II,not solvable: missing passage,no,fc93857c-0451-5a54-a8fe-7d38ac6f5907,,no,MATCH,medium,stored key equals UPSC key by letter; not independently solvable; stem: missing passage; working: passage not present; reading-comprehension question cannot be answered from the stem alone
4e0f0a0c-8d00-54a8-9aee-fe5f0adcf4ee,505b29a0-0d4d-5230-88aa-3bbc525a6db5,2025,63,d,"In a democracy, the opposition is indispensable for the balance of political power and good governance.",d,"In a democracy, the opposition is indispensable for the balance of political power and good governance.",not solvable: missing passage,no,002a3a03-921c-56ef-af8e-6445b14c8aea,,no,MATCH,medium,stored key equals UPSC key by letter; not independently solvable; stem: missing passage; working: passage not present; reading-comprehension question cannot be answered from the stem alone
52e3d938-1a4d-577f-a81a-aebfc1980eea,505b29a0-0d4d-5230-88aa-3bbc525a6db5,2025,64,d,Neither I nor II,d,Neither I nor II,not solvable: missing passage,no,949e7421-7926-5979-930a-12d6be1e78c6,,no,MATCH,medium,stored key equals UPSC key by letter; not independently solvable; stem: missing passage; working: passage not present; reading-comprehension question cannot be answered from the stem alone
f1a5801c-0a79-57ac-a438-0bc3ae15c169,505b29a0-0d4d-5230-88aa-3bbc525a6db5,2025,65,c,Only four,c,Only four,Only four,yes,b4b73a61-2ba2-5d70-a5fd-47ab6c6b05ed,,no,MATCH,high,"working: Assuming P,Q,R full siblings: S and T are parents of all. I true, III true, IV true, VI true (P is brother -> male). II and V need gender of Q/R (unknown). Four definitely true. If half-siblings allowed, fewer hold - interpretation dependent."
dcdfa617-1b12-58c7-a85a-51972a6b0d51,505b29a0-0d4d-5230-88aa-3bbc525a6db5,2025,66,a,399000,a,399000,399000,yes,a8902e69-fbcd-5326-9547-9dc205cf0b05,,no,MATCH,high,"working: Product of alphabet positions: N14*O15=210, *T20=4200, *E5=21000, *S19=399000."
a7d893c8-bfb0-596d-b1a1-b5e6b68f7ae2,505b29a0-0d4d-5230-88aa-3bbc525a6db5,2025,67,d,71813,d,71813,71813,yes,b0b3a061-279a-52d0-9e1a-1e84ed2afd76,,no,MATCH,high,working: Letter-digit map: F6 R5 A4 N3 C2 E1; G9 E1 R5 M8 A4 N3 Y7. YEMEN = 7 1 8 1 3 = 71813.
359f6a10-a8a5-5ad0-af2f-8eaf43c37be0,505b29a0-0d4d-5230-88aa-3bbc525a6db5,2025,68,b,4,b,4,4,yes,88a168a3-91c4-56e7-b479-4e1abdb4be15,,no,MATCH,high,"working: Enumerated distinct digits, P=3T, T!=0, S=Q+4, Q=R+3: 35291, 63072, 64182, 94183 -> 4."
042ace89-c104-5fc9-a407-5f2519196755,505b29a0-0d4d-5230-88aa-3bbc525a6db5,2025,69,b,4,b,4,4,yes,0f46976c-cb0c-575d-8dc1-a46dedde6c54,,no,MATCH,high,"working: X 18 days, Y 24, Z 16. Combined rate 23/144. Y alone 26/3 days * 1/24 = 52/144. 23n=144-52=92 -> n=4."
63e1255a-7d3d-5c1d-8bb8-2b8b4051c579,505b29a0-0d4d-5230-88aa-3bbc525a6db5,2025,70,c,29,c,29,29,yes,cd0487e6-7529-55b6-aa17-5b1d7a2022da,,no,MATCH,high,"working: Differences are primes 2,3,5,7,11,13: 18+11=29, 29+13=42."
872b98f8-b23b-5e16-9e74-32d5098f8610,505b29a0-0d4d-5230-88aa-3bbc525a6db5,2025,71,b,Low-carbon behaviour in people can be brought about by incentivising them.,b,Low-carbon behaviour in people can be brought about by incentivising them.,not solvable: missing passage,no,30cdda57-2be7-5cc2-aed9-54455773ccb2,,no,MATCH,medium,stored key equals UPSC key by letter; not independently solvable; stem: missing passage; working: passage not present; reading-comprehension question cannot be answered from the stem alone
2835c2ce-f205-5677-a6d6-23fbd0c59508,505b29a0-0d4d-5230-88aa-3bbc525a6db5,2025,72,a,I only,a,I only,not solvable: missing passage,no,eea8b5f0-9aa9-5643-a336-74b8105917c0,,no,MATCH,medium,stored key equals UPSC key by letter; not independently solvable; stem: missing passage; working: passage not present; reading-comprehension question cannot be answered from the stem alone
cbd3ccc1-cc0a-5af0-aa52-f4dfb3e2bcef,505b29a0-0d4d-5230-88aa-3bbc525a6db5,2025,73,c,Circular economy can be beneficial for sustainable growth.,c,Circular economy can be beneficial for sustainable growth.,not solvable: missing passage,no,f33ec312-a422-5b56-a257-781cafc95483,,no,MATCH,medium,stored key equals UPSC key by letter; not independently solvable; stem: missing passage; working: passage not present; reading-comprehension question cannot be answered from the stem alone
d883cc60-34ff-5184-b3b3-842c5361d255,505b29a0-0d4d-5230-88aa-3bbc525a6db5,2025,74,b,II only,b,II only,not solvable: missing passage,no,94ffff89-1175-5f41-81c1-d3062f39ebe8,,no,MATCH,medium,stored key equals UPSC key by letter; not independently solvable; stem: missing passage; working: passage not present; reading-comprehension question cannot be answered from the stem alone
d5f0d350-7a9e-5ef8-b25e-4a68f882454c,505b29a0-0d4d-5230-88aa-3bbc525a6db5,2025,75,d,16 minutes,d,16 minutes,16 minutes,yes,1118027c-8b36-5b11-8d54-a8a37d0b58b3,,no,MATCH,high,"working: Per-pipe rates (% per min): X 5/20=0.25, Y 6.25/10=0.625, Z empties 2.5 total. 10 X=2.5, 5 Y=3.125, Z=-2.5 -> net 3.125%/min; 50/3.125=16 min."
2148de4d-18db-5727-af44-9f0bad86e759,505b29a0-0d4d-5230-88aa-3bbc525a6db5,2025,76,c,2,c,2,2,yes,364de508-77a7-52ec-b800-430ce3e394dd,,no,MATCH,high,"working: 1+2^n mod 4: n=1 -> 3, n>=2 -> 1. Two distinct remainders."
44b3afee-f382-5568-a948-b56b1afafb0f,505b29a0-0d4d-5230-88aa-3bbc525a6db5,2025,77,c,37,c,37,37,yes,441e9f7a-d3de-5a5d-8149-d61094f797f0,,no,MATCH,high,"working: QQQ=111Q=3*37*Q, 481=13*37, Q<=9 not multiple of 13 -> HCF 37."
b5b86096-4927-54a7-a1b4-aaba46708985,505b29a0-0d4d-5230-88aa-3bbc525a6db5,2025,78,d,9,d,9,9,yes,9dd58c85-b645-50f9-bfa1-84461528fa13,,no,MATCH,high,"working: 1-9: 9 digits, 10-99: 180 (total 189). 489-189=300 = 100 three-digit numbers 100..199; 489th digit is last digit of 199 = 9."
3f94d873-1512-5e63-a7fb-e62585fa9b60,505b29a0-0d4d-5230-88aa-3bbc525a6db5,2025,79,d,Cannot be concluded,d,Cannot be concluded,Cannot be concluded,yes,e72f49cc-1f79-55dd-acbe-e04e864f372a,,no,MATCH,medium,"solve has more than one defensible reading; UPSC key selects the stored option; stem: truth-telling condition absent; answer depends on assumed rule; working: No truth-telling condition stated. Enumeration: P guilty -> only P's statements false; Q guilty -> P,R true, Q has one false; R guilty -> all three have a false statement. With 'innocents tell truth' both P and Q feasible -> cannot be concluded. With 'only the thief lies' (liar's statements all false) -> P uniquely."
4b10a361-2644-5719-abc8-1254acf93473,505b29a0-0d4d-5230-88aa-3bbc525a6db5,2025,80,c,Both I and II,c,Both I and II,Both I and II,yes,f27577db-9a4d-5717-b048-024d698b57f8,,no,MATCH,high,"working: Enumerated scores (each team 1 goal total) with points P3 Q2 R1: unique PQ 0-0, PR 1-0, QR 1-1. I true; R scored 1 against Q, II true."
b5a75097-c9b4-4309-a294-0325c3743816,b06305ad-cc93-4c27-b309-1b590f0a3247,2026,1,b,II only,b,II only,II only,yes,8cdaf5a7-7a21-4271-9fee-beff66057165,,no,MATCH,high,"working: f(t)=t+1/t decreases on (0,1): x=0.5,y=0.9 gives f(x)=2.5>f(y)=2.011, so I not always. II: sqrt(1+t^2)/t=sqrt(1+1/t^2) strictly decreasing, so y>x gives smaller value: always true."
963d25b3-a1de-4873-8332-d32b430ab996,b06305ad-cc93-4c27-b309-1b590f0a3247,2026,2,b,5,b,5,5,yes,807ce737-2f92-4b55-9b8f-17656b902756,,no,MATCH,high,"stem: ambiguous: whether removing water counts as a measurement; additions-only answer 12 matches no option; working: Additions only: DP minimum over {1,6,25,100} for 298 = 12 (e.g. 2x100+2x25+8x6), not an option. Allowing pour-back (signed measures): 298 = 3x100 - 2x1 = 5 measures (BFS min 5; 4 impossible). Chose 5 under pour-back reading."
00811a21-389f-43b0-86a6-b9f0b6a645a6,b06305ad-cc93-4c27-b309-1b590f0a3247,2026,3,b,8,b,8,8,yes,f57a64a9-40d8-46f8-a8f0-7a444422d2c7,,no,MATCH,high,"working: Enumerated a(1kg,8..11)+2b+5c+10d=20: 8 solutions: (8,1,0,1),(8,1,2,0),(8,6,0,0),(9,3,1,0),(10,0,0,1),(10,0,2,0),(10,5,0,0),(11,2,1,0)."
b8228f34-a577-4a36-9525-98c54487ee59,b06305ad-cc93-4c27-b309-1b590f0a3247,2026,4,a,16,a,16,16,yes,50e4f141-5789-466e-b059-e64f29e06396,,no,MATCH,high,"working: Identical pieces after 3 cuts: 4 slabs (3 parallel), 6 (2x3 grid or 3 planes through an axis), 8 (3 perpendicular central planes). 4th cut: slabs -> 5 (parallel) or 8 (across all); 8 octants -> 12 (plane parallel to one mid-plane, cutting 4) ; a plane meets at most 7 of 8 octants so max 15, never 16; from 6 pieces max 12. So 16 impossible."
05acf40f-0d64-4977-bf88-c4963ff98fdc,b06305ad-cc93-4c27-b309-1b590f0a3247,2026,5,b,3,b,3,3,yes,bb59fa03-f3a0-415b-9c10-c37fd69e2983,,no,MATCH,high,working: 100/n=4 -> n=25. Second correction 56-81=-25 -> average -1. y=x+4-1 -> y-x=3.
a4da5ae3-f39f-486d-9758-f6ada9dc8316,b06305ad-cc93-4c27-b309-1b590f0a3247,2026,6,b,2 only,b,2 only,not solvable: missing passage,no,cdb97d61-b23e-44c0-a157-3235afdd140d,,no,MATCH,medium,"stored key equals UPSC key by letter; not independently solvable; stem: missing passage; working: Reading-comprehension item; the passage it refers to is not in the stem, so it cannot be answered from the text alone."
3ad9ae44-e316-4074-804e-06e31a9d437a,b06305ad-cc93-4c27-b309-1b590f0a3247,2026,7,d,None of the above,d,None of the above,not solvable: missing passage,no,196cce9b-b435-4818-91b8-1eb4158a88b7,,no,MATCH,medium,"stored key equals UPSC key by letter; not independently solvable; stem: missing passage; working: Reading-comprehension item; the passage it refers to is not in the stem, so it cannot be answered from the text alone."
1d84fb75-3ba0-4408-923c-186f9335c199,b06305ad-cc93-4c27-b309-1b590f0a3247,2026,8,b,"1, 2 and 3",b,"1, 2 and 3",not solvable: missing passage,no,78ab0d1a-e11b-4412-a4af-e995acb7282a,,no,MATCH,medium,"stored key equals UPSC key by letter; not independently solvable; stem: missing passage; working: Reading-comprehension item; the passage it refers to is not in the stem, so it cannot be answered from the text alone."
18cbbefb-86cb-4fe0-bf8a-4441d272e69a,b06305ad-cc93-4c27-b309-1b590f0a3247,2026,9,c,13,c,13,13,yes,5b6a9659-87cc-4332-be27-4cebf3c3e511,,no,MATCH,high,"working: Enumerated distinct x,y,z from {2,3,4,5}: M=5*4+3=23, N=2*3+4=10, M-N=13."
9fcdbfec-2e3b-4ac6-9ff6-9aca8c99209c,b06305ad-cc93-4c27-b309-1b590f0a3247,2026,10,b,1/5,b,1/5,1/5,yes,1da85dd7-b537-4710-bbe3-e0f702c8dee7,,no,MATCH,high,working: y=kx^2: 50=25k -> k=2; y=98 -> x=7. xz=c: c=5*7/25=7/5; z=(7/5)/7=1/5.
3a9e86c8-5830-4ac8-80a6-2e137b18c9e1,b06305ad-cc93-4c27-b309-1b590f0a3247,2026,11,d,2 and 3 only,d,2 and 3 only,not solvable: missing passage,no,e9f05bbe-2409-4efa-9f0d-9ca14ebd73e7,,no,MATCH,medium,"stored key equals UPSC key by letter; not independently solvable; stem: missing passage; working: Reading-comprehension item; the passage it refers to is not in the stem, so it cannot be answered from the text alone."
747bc0b0-6ec1-4431-b469-d41846aac229,b06305ad-cc93-4c27-b309-1b590f0a3247,2026,12,a,1 and 3 only,a,1 and 3 only,not solvable: missing passage,no,c4fd7f01-87bc-4e94-8c17-3e132d8595af,,no,MATCH,medium,"stored key equals UPSC key by letter; not independently solvable; stem: missing passage; working: Reading-comprehension item; the passage it refers to is not in the stem, so it cannot be answered from the text alone."
aee92489-4226-4b6a-a3b6-62c0e8d471e0,b06305ad-cc93-4c27-b309-1b590f0a3247,2026,13,d,Neither I nor II,d,Neither I nor II,Neither I nor II,yes,5f32aee1-793b-4b56-9a2a-72118be569fd,,no,MATCH,high,"working: P=4,R=1; Q,S,T in {2,3,5}, Q!=5,S!=2,T!=3. Only assignments: (Q2,S3,T5),(Q3,S5,T2). I: S=3 -> T=5 (false). II: Q=3 -> T=2 (false)."
5d5d0e36-9052-4afa-8893-e4f9316d0603,b06305ad-cc93-4c27-b309-1b590f0a3247,2026,14,c,Both I and II,c,Both I and II,Both I and II,yes,6f6ece4b-0b50-49e0-9307-7848c45149da,,no,MATCH,high,"working: Enumerated all P/Q label permutations over 5 positions with P1=Q3 pos, P4 in {Q1,Q2}, Q4 in {P3,P5}, |Q3-Q5|=1: 384 valid; 96 have Q3 in middle, 144 have P2 at an end. Both possible."
5f374e33-5222-40da-a8bf-8719c09bffd2,b06305ad-cc93-4c27-b309-1b590f0a3247,2026,15,b,I and III only,b,I and III only,I and III only,yes,86f8c98a-644a-4300-9d00-f34deff3a389,,no,MATCH,high,"working: A,B different cars and B not Y -> B in Z with C. E,G alone together -> Y={E,G}. X={A,D,F}, Z={B,C}. I true, II false (A also with F), III true. Unique arrangement."
744c2a5a-b985-4475-8392-28d63a6c7d45,b06305ad-cc93-4c27-b309-1b590f0a3247,2026,16,a,I only,a,I only,I only,yes,43565997-eaba-4126-8bbf-5ac39e2d7b98,,no,MATCH,high,"working: Rules: notX->notZ, notY->W, W->notX. X -> notW -> Y, so I true. Z -> X -> Y, so Y is necessary: II false."
7592d50d-5b8f-47fb-93a9-75d5278398d3,b06305ad-cc93-4c27-b309-1b590f0a3247,2026,17,a,35,a,35,35,yes,3b506150-dabb-4c1d-ad69-a7be9d0f430d,,no,MATCH,high,"stem: boundary: counting meeting at stop instant would give 36 (not an option); working: Speeds X=7,Y=5 rounds/unit; X finishes 21 rounds at t=3; Y turns at t=1 (both at start point). [0,1] same direction rel 2: meets t=0.5,1.0 (2). (1,3] opposite, Y=10, rel 17: 34 meetings at t=1+k/17, last at t=3 (the stop). Excluding t=0 and final stop instant: 2+33=35."
93b054e2-4520-412e-b091-ac8607b081d1,b06305ad-cc93-4c27-b309-1b590f0a3247,2026,18,b,81,b,81,81,yes,3c9766db-caee-4a57-828c-55bd81decb3f,,no,MATCH,high,"working: 5c-2w=69, 4c-w=84 -> w=4c-84 -> c=33, w=48, total 81."
b7d69ee4-6f15-4988-8b3c-792ede620a17,b06305ad-cc93-4c27-b309-1b590f0a3247,2026,19,b,2 only,b,2 only,not solvable: missing passage,no,a7808ded-6dfe-469c-8264-882a52f42a10,,no,MATCH,medium,"stored key equals UPSC key by letter; not independently solvable; stem: missing passage; working: Reading-comprehension item; the passage it refers to is not in the stem, so it cannot be answered from the text alone."
964793ac-f9cd-40b1-8b6b-496fef288f47,b06305ad-cc93-4c27-b309-1b590f0a3247,2026,20,c,Both 1 and 2,c,Both 1 and 2,not solvable: missing passage,no,f569a3c7-7837-4818-9383-827e2463f9d9,,no,MATCH,medium,"stored key equals UPSC key by letter; not independently solvable; stem: missing passage; working: Reading-comprehension item; the passage it refers to is not in the stem, so it cannot be answered from the text alone."
ee7f9fa9-940e-4512-8cd0-5d49a739bfa7,b06305ad-cc93-4c27-b309-1b590f0a3247,2026,21,c,4:58:42 PM,c,4:58:42 PM,4:58:42 PM,yes,e3251124-46f8-4aa5-a5b3-08fffc551829,,no,MATCH,high,working: Drone2 flight d/30=3 min=180 s -> d=5400 m. Sound delay 5400/300=18 s. Explosion = 5:02:00 - 180 s - 18 s = 4:58:42 PM.
19227ee6-07ab-4ad6-9306-a06026864963,b06305ad-cc93-4c27-b309-1b590f0a3247,2026,22,c,8,c,8,8,yes,7ff7cbe5-ec2a-4f31-a11f-fd2dcf612944,,no,MATCH,high,stem: garbled symbols: exponents flattened (6^129 x 7^307 rendered as 6129 x 7307); working: Literal 6129x7307 ends in 3 (no option). Read as 6^129 x 7^307 (superscripts lost): 6 x 7^(307 mod 4=3) -> 6x3 -> 8.
e3b5b9e6-3e88-49e5-8dd1-0111aa90a86a,b06305ad-cc93-4c27-b309-1b590f0a3247,2026,23,b,30% increase,b,30% increase,30% increase,yes,f67df1a2-2863-45ab-b770-bb70b587acfa,,no,MATCH,high,"working: Salary 100, exp 90, save 10 -> salary 112, exp 99, save 13: +30%."
72ffa11e-4017-4463-b1ed-5bf911d2ff90,b06305ad-cc93-4c27-b309-1b590f0a3247,2026,24,d,Q is a sister of the husband of S,d,Q is a sister of the husband of S,Q is a sister of the husband of S,yes,a9faeba2-30fe-4f09-aef6-f1b89ee18124,,no,MATCH,high,"working: Q,R are P's son and daughter; S (mother of T) is R's spouse -> R is male (husband), Q is P's daughter, sister of R, husband of S."
12c33564-41b0-4727-81ff-5da227a2f65b,b06305ad-cc93-4c27-b309-1b590f0a3247,2026,25,c,3,c,3,3,yes,6359f4b4-06fe-490e-b1c5-e927ec030bcf,,no,MATCH,high,"working: 128, 256, 512 -> 3."
a9265c56-df8e-4d31-9c64-013465e93703,b06305ad-cc93-4c27-b309-1b590f0a3247,2026,26,c,1 and 3,c,1 and 3,not solvable: missing passage,no,54d08522-5b5b-4739-ae28-277771be4682,,no,MATCH,medium,"stored key equals UPSC key by letter; not independently solvable; stem: missing passage; working: Reading-comprehension item; the passage it refers to is not in the stem, so it cannot be answered from the text alone."
c2248ba9-6c53-46ce-a002-cd1fc7a85de9,b06305ad-cc93-4c27-b309-1b590f0a3247,2026,27,c,2 only,c,2 only,not solvable: missing passage,no,8f06f3cb-d328-44ae-8d7e-795000a51fc6,,no,MATCH,medium,"stored key equals UPSC key by letter; not independently solvable; stem: missing passage; working: Reading-comprehension item; the passage it refers to is not in the stem, so it cannot be answered from the text alone."
540c21ca-b774-4bc6-a56e-a265ee5c5852,b06305ad-cc93-4c27-b309-1b590f0a3247,2026,28,d,"P, Q and R",d,"P, Q and R","P, Q and R",yes,3b209b6b-040d-47cf-9345-0484f9b4b63d,,no,MATCH,high,"working: Red subset Blue subset Green subset Yellow: P, Q, R all follow."
a1e99218-be3c-44c2-80ef-ddae7a20414e,b06305ad-cc93-4c27-b309-1b590f0a3247,2026,29,b,19,b,19,19,yes,1f74ffed-de08-4835-bc6e-2024cb33ef58,,no,MATCH,high,working: Tens digit 5: 50-59 =10; units 5: 15..95 = 9; total occurrences 19.
c2530a3b-e28d-48d4-8319-82b9ca54f6c7,b06305ad-cc93-4c27-b309-1b590f0a3247,2026,30,d,6,d,6,6,yes,df66f34e-107b-4333-b3db-d1e7142ef2c9,,no,MATCH,high,working: X: 1/5+2/10+3/4=1.15 h; Y: 1/4+2/10+3/5=1.05 h; diff 0.1 h = 6 min.
004bb0d9-36f8-43e3-acc4-3db992536230,b06305ad-cc93-4c27-b309-1b590f0a3247,2026,31,a,2,a,2,2,yes,80f0fe34-60bc-47f6-8697-425db84fe21c,,no,MATCH,high,"working: Weigh 3 vs 3: balance -> 7th is light (1 weighing, not certain in general); unbalanced -> 1 vs 1 from lighter trio. Worst case 2 = ceil(log3 7)."
e855e6e4-043a-494b-b4b5-b8f008204f9f,b06305ad-cc93-4c27-b309-1b590f0a3247,2026,32,c,The value of human intervention in the workplace affected by AI might be enhanced through redirection towards more fulfilling tasks.,c,The value of human intervention in the workplace affected by AI might be enhanced through redirection towards more fulfilling tasks.,not solvable: missing passage,no,c669fd3c-0342-44e8-8b9d-06750dad9789,,no,MATCH,medium,"stored key equals UPSC key by letter; not independently solvable; stem: missing passage; working: Reading-comprehension item; the passage it refers to is not in the stem, so it cannot be answered from the text alone."
c8f1bb30-31b4-42b7-afce-db81f3ec8e97,b06305ad-cc93-4c27-b309-1b590f0a3247,2026,33,d,1 and 2,d,1 and 2,not solvable: missing passage,no,acc41d49-2073-41b2-a7bb-48123f9d1db5,,no,MATCH,medium,"stored key equals UPSC key by letter; not independently solvable; stem: missing passage; working: Reading-comprehension item; the passage it refers to is not in the stem, so it cannot be answered from the text alone."
bf36a8ec-41c8-4735-ae94-72e188954f86,b06305ad-cc93-4c27-b309-1b590f0a3247,2026,34,c,3 only,c,3 only,not solvable: missing passage,no,f74f49da-5fa1-4c0a-bb60-85a98f0e05b3,,no,MATCH,medium,"stored key equals UPSC key by letter; not independently solvable; stem: missing passage; working: Reading-comprehension item; the passage it refers to is not in the stem, so it cannot be answered from the text alone."
814d6f8c-b891-4d0c-b383-550f9b0cb6e6,b06305ad-cc93-4c27-b309-1b590f0a3247,2026,35,d,"1, 2 and 3",d,"1, 2 and 3",not solvable: missing passage,no,d47a7827-ac67-41c4-ae4c-089080218692,,no,MATCH,medium,"stored key equals UPSC key by letter; not independently solvable; stem: missing passage; working: Reading-comprehension item; the passage it refers to is not in the stem, so it cannot be answered from the text alone."
e6c22bc3-3cab-445c-add0-39ef8189add2,b06305ad-cc93-4c27-b309-1b590f0a3247,2026,36,d,"6 km, North",d,"6 km, North","6 km, North",yes,303ab23a-43eb-4b20-b5e8-e9993ad4e554,,no,MATCH,high,"working: (0,0) E4 ->(4,0); right=S3 ->(4,-3); left=E2 ->(6,-3); left=N3 ->(6,0). Distance 6 km, facing North."
741a9775-d6b4-4741-9b79-100687d898e5,b06305ad-cc93-4c27-b309-1b590f0a3247,2026,37,d,47,d,47,47,yes,7d44da6f-509f-4549-92d8-3960de83dda1,,no,MATCH,high,"working: 4,7,11,18,29,47 -> 47."
0eab1907-4e8f-4556-a232-3385e0d5ceb5,b06305ad-cc93-4c27-b309-1b590f0a3247,2026,38,b,23 : 24,b,23 : 24,23 : 24,yes,37316c66-a920-4e99-9bdd-3210d12c211b,,no,MATCH,high,"working: A 13:10, B 7:5=14:10; totals 23:24."
9049dba4-9f92-49e7-bfd3-ad5e6cc246ad,b06305ad-cc93-4c27-b309-1b590f0a3247,2026,39,c,Both I and II,c,Both I and II,Both I and II,yes,c3e074c8-a6ee-43f3-84b7-2ea5c672fc71,,no,MATCH,high,"working: ab=HCF*LCM=a^3 -> b=a^2 (a>=2, distinct). b-a=a(a-1) even; b perfect square. Both."
936b2aa6-a637-41ec-981f-7e48001b0691,b06305ad-cc93-4c27-b309-1b590f0a3247,2026,40,d,7,d,7,7,yes,110b01c9-9c05-4bbc-88a2-522d248aca29,,no,MATCH,high,"working: Digits from right 0,9,7,y,5,x,4: odd-place sum 16, even-place 9+x+y. 16-9-(x+y)=7-(x+y)=0 mod 11 -> x+y in {7,18}, both remainder 7."
f1301ee1-dbf5-4b3c-8c2c-2aeffb267917,b06305ad-cc93-4c27-b309-1b590f0a3247,2026,41,c,"1, 2 and 3",c,"1, 2 and 3",not solvable: missing passage,no,b431a288-622e-4137-a22f-fab68ce0e1f4,,no,MATCH,medium,stored key equals UPSC key by letter; not independently solvable; stem: missing passage; working: Question asks about statements/conclusions drawn from a reading passage that is absent from the stem; not solvable from the question text alone.
3bec4b6c-2f0a-4605-8d31-c4f84fbb2a6f,b06305ad-cc93-4c27-b309-1b590f0a3247,2026,42,b,3 only,b,3 only,not solvable: missing passage,no,096c4f40-60ba-4350-9ee3-6d53d7b4669e,,no,MATCH,medium,stored key equals UPSC key by letter; not independently solvable; stem: missing passage; working: Question asks about statements/conclusions drawn from a reading passage that is absent from the stem; not solvable from the question text alone.
bd63cc64-768d-456e-95f9-67395dd9d432,b06305ad-cc93-4c27-b309-1b590f0a3247,2026,43,a,3 and 4 only,a,3 and 4 only,not solvable: missing passage,no,7b076215-99f8-4cfd-a7cf-90aab7c87ced,,no,MATCH,medium,stored key equals UPSC key by letter; not independently solvable; stem: missing passage; working: Question asks about statements/conclusions drawn from a reading passage that is absent from the stem; not solvable from the question text alone.
a83580c8-f18a-45b1-8907-57879499227c,b06305ad-cc93-4c27-b309-1b590f0a3247,2026,44,c,3 only,b,2 and 3,not solvable: missing passage,no,53a24768-bbd4-4f68-afb2-b4ed8bcdc776,,no,PROPOSED,low,"UPSC PROVISIONAL key says (b) ""2 and 3"" (option id 2cbb1fc4-97f2-4072-b65e-ed20f0927c67) against stored (c); not independently solvable; needs a human decision or UPSC's final key; stem: missing passage; working: Question asks about statements/conclusions drawn from a reading passage that is absent from the stem; not solvable from the question text alone."
ff7d010b-1c72-4bc7-bf52-2b7cedc0e2ea,b06305ad-cc93-4c27-b309-1b590f0a3247,2026,45,a,1 : 3,a,1 : 3,1 : 3,yes,7986b4e8-3211-4e2e-92b8-ba712df0e9a2,,no,MATCH,high,"working: Cu fractions 20% and 60%, target 50%: alligation P:Q=(60-50):(50-20)=10:30=1:3."
efe62e31-0e31-4c93-9286-a0154c9076a7,b06305ad-cc93-4c27-b309-1b590f0a3247,2026,46,b,9,b,9,9,yes,51f62238-caa2-4c35-a280-4608276356f8,,no,MATCH,high,"working: A-B=9(a-b); multiple of 27 => a-b in {3,6,9}. B two-digit => b>=1: a-b=3 -> b=1..6 (6), a-b=6 -> b=1..3 (3), a-b=9 needs b=0 (excluded). Total 9. (If b=0 were allowed it would be 12, but stem says B is 2-digit.)"
eac27c5d-23d8-41db-a26a-64ee0ac5ea93,b06305ad-cc93-4c27-b309-1b590f0a3247,2026,47,b,TSPO,b,TSPO,TSPO,yes,ecc64e5c-13f8-4166-af1f-0775ded990fd,,no,MATCH,high,"working: Z+1=A, E-1=D, R+1=S, O-1=N. STOP -> T,S,P,O = TSPO."
a378f598-63f1-4a86-b327-5f495f1d0ec4,b06305ad-cc93-4c27-b309-1b590f0a3247,2026,48,a,20,a,20,20,yes,014db085-e3f2-4654-b38e-527a3c5fcf4b,,no,MATCH,high,"stem: garbled symbol: multiplication sign rendered as replacement character (not affecting solvability); working: All tiles have a 3' side and the strip is 3' high, so 3a+7b+11c=100. Enumerated 26 solutions; max tiles 32 (31,1,0), min 12 (0,8,4). x-y=20. (If all three sizes were mandatory the difference would be 16, not an option.)"
c59e0a83-42ee-4eb0-8fb2-7be6154f0cd3,b06305ad-cc93-4c27-b309-1b590f0a3247,2026,49,a,200,a,200,200,yes,1332ef94-a741-4bdf-8fc6-e62e51c1ee1e,,no,MATCH,high,working: Actual: 200/v+400/(v/2)+200/(v/8)=2600/v; alternative: 200/v+400/(v/4)+200/(v/8)=3400/v; diff 800/v=4 => v=200.
0da13ffd-b9e3-4e82-9310-2191d0778996,b06305ad-cc93-4c27-b309-1b590f0a3247,2026,50,a,5.1,a,5.1,5.1,yes,89aae046-1063-4738-86a6-c9649621b0b6,,no,MATCH,high,"working: Weighted scores: C1=5.2, C2=5.1, C3=5.2, C4=4.5, C5=5.0. Top three 5.2,5.2,5.1 -> cutoff 5.1."
a743a14f-7236-4d68-b00d-9f19212883b3,b06305ad-cc93-4c27-b309-1b590f0a3247,2026,51,d,3 only,d,3 only,3 only,yes,2110a069-8cfe-4725-b9d7-dfc8ada4e374,,no,MATCH,high,"working: Reading judgement: S3 is connected to S1/S2, so relation 2 is false; lack of scientific consensus (S2) can plausibly give rise to alarmism vs denial (3 true); S3 critiques extremes of activism rather than countering S1's claim (1 doubtful). Options a and b include the false relation 2 -> '3 only'."
f25b1cdc-8340-4bc2-8873-cbcaf4db33e7,b06305ad-cc93-4c27-b309-1b590f0a3247,2026,52,b,"A-1, B-4, C-3, D-2",b,"A-1, B-4, C-3, D-2","A-1, B-4, C-3, D-2",yes,69beb901-8b3c-4188-b480-3176ab23cb11,,no,MATCH,high,working: Judgement: captain-team informal & firm (1); judge-lawyers formal & firm (4); VC-Deputy Registrar formal & open-ended (3); peers informal & open-ended (2).
5b65717b-fabe-461e-99aa-5fe34516df90,b06305ad-cc93-4c27-b309-1b590f0a3247,2026,53,c,"A-3, B-4, C-2, D-1",c,"A-3, B-4, C-2, D-1","A-3, B-4, C-2, D-1",yes,88891bda-1cb2-4b36-be21-c3a5dde42ceb,,no,MATCH,high,working: Memorandum -> intimate a directive (3); Flyer -> non-targeted info (4); Bcc -> inform confidentially (2); Minutes -> record decisions (1).
2963e69d-9b06-4248-b6aa-5199d75aad4f,b06305ad-cc93-4c27-b309-1b590f0a3247,2026,54,c,3 only,c,3 only,3 only,yes,aa88e7a5-8f0b-4ff8-8935-cc08427a82ce,,no,MATCH,high,working: Judgement: mandating cultural-marker activities (1) and leaving conflict to resolve naturally (2) are inappropriate directives; encouraging perspective-taking (3) is appropriate.
a3e94c55-930a-4a03-8c4b-d7556173a247,b06305ad-cc93-4c27-b309-1b590f0a3247,2026,55,d,"A-2, B-4, C-1, D-3",d,"A-2, B-4, C-1, D-3","A-2, B-4, C-1, D-3",yes,894dd105-a0d2-4b94-975d-e7df76a9b430,,no,MATCH,high,working: Semantic -> word meaning (2); Cognitive -> information overload (4); Organisational -> lack of feedback (1); Affective -> fear of social stigma (3).
c4f5119b-d7ff-4fd4-8a0d-a37962beaaca,b06305ad-cc93-4c27-b309-1b590f0a3247,2026,56,c,1 and 2 only,c,1 and 2 only,1 and 2 only,yes,010c9f77-3076-4189-8ed4-41ccb1b2876b,,no,MATCH,high,working: Judgement: feasibility of a family resort needs family size and budget; number of earners and food allergies are not central to feasibility.
da1bfe72-013c-4452-b3b6-ac93633c25d0,b06305ad-cc93-4c27-b309-1b590f0a3247,2026,57,d,1 only,d,1 only,1 only,yes,ba00c463-c570-43d6-8da5-8d515d74f74f,,no,MATCH,high,working: 1 true (addressed to a group); 2 false (standardised content); 3 false (appraisals/increments are individual and confidential); 4 false (circulars are more cost-effective).
374c637b-5799-4178-8a28-d4073bdbe3b7,b06305ad-cc93-4c27-b309-1b590f0a3247,2026,58,a,"₹12,000",a,"₹12,000","₹12,000",yes,87280b03-b3ea-4a84-b361-6f570d90274e,,no,MATCH,high,"working: Capital x time: A=1/9, B=1/16, C=(1-1/3-1/4)x1=5/12. Ratio 16:9:60 (sum 85). C=17000x60/85=12000."
1d0d11c9-0211-4065-9bd6-8a045ddcec76,b06305ad-cc93-4c27-b309-1b590f0a3247,2026,59,b,27,b,27,27,yes,d3b110f2-1782-4fe1-9efc-5563f04dd86e,,no,MATCH,high,working: A left = 10x0.9^3=7.29 L; B=2.71 L = 27.1% -> 27.
24aedd33-d81e-4c81-9584-5e2669affb82,b06305ad-cc93-4c27-b309-1b590f0a3247,2026,60,d,The question cannot be answered due to insufficient data,d,The question cannot be answered due to insufficient data,The question cannot be answered due to insufficient data,yes,386ef58e-3c3c-4207-bf82-9cc0766ea360,,no,MATCH,high,"working: Earnings = 5d + 2k, 0<=k<=100. 'Definitely' >500 regardless of distance needs 5d>500, i.e. d>100. 80/85/90 give 400/425/450 + 2k, exceeding 500 only if k>50/37.5/25 - not guaranteed. No numeric option is definite -> insufficient data. Depends on reading of 'definitely'."
001a522f-1bee-40d0-ab49-e8b63e744aee,b06305ad-cc93-4c27-b309-1b590f0a3247,2026,61,a,"Select this option if the question can be answered using one of the statements alone, but cannot be answered using other statement",a,"Select this option if the question can be answered using one of the statements alone, but cannot be answered using other statement","Select this option if the question can be answered using one of the statements alone, but cannot be answered using other statement",yes,ecaad3d2-2b23-4d5a-aa09-41f79d550986,,no,MATCH,high,"working: Enumerated the 10 triples of distinct coins from {1,2,5,10,20}. Stmt I (m non-prime): sums 8,16,26,27,35 (contain 5) and 32={2,10,20} (no 5) -> insufficient. Stmt II (digit sum>5): sums 8,16,17,26,27,35 all contain 5 -> sufficient. One statement alone suffices, the other does not."
fa88b826-6f71-408d-893b-2d907bc9a759,b06305ad-cc93-4c27-b309-1b590f0a3247,2026,62,d,Select this option if the question cannot be answered even using any of the statements,d,Select this option if the question cannot be answered even using any of the statements,Select this option if the question cannot be answered even using any of the statements,yes,310cd154-2b0b-4e18-8120-d4f7f2195c78,,no,MATCH,high,"working: Combined: 0<x<1 and x^2<y<sqrt(x); since x^2<x<sqrt(x), y can lie either side of x (x=0.25, y=0.1 or 0.3). Each alone also insufficient."
7f1c666d-ca81-4508-9f3f-06d19bec74d9,b06305ad-cc93-4c27-b309-1b590f0a3247,2026,63,c,"Select this option if the question can be answered using both the statements together, but cannot be answered using either of the statements alone",c,"Select this option if the question can be answered using both the statements together, but cannot be answered using either of the statements alone","Select this option if the question can be answered using both the statements together, but cannot be answered using either of the statements alone",yes,26dd66f6-d9bf-4d39-903f-438d45db1cf5,,no,MATCH,high,working: I: x or y even (insufficient). II: x^2+y^2 even -> same parity (insufficient). Together: both even -> x even.
8c46b110-e6e5-4933-9afd-99f35a2e023c,b06305ad-cc93-4c27-b309-1b590f0a3247,2026,64,d,Select this option if the question cannot be answered even using any of the statements,d,Select this option if the question cannot be answered even using any of the statements,Select this option if the question cannot be answered even using any of the statements,yes,b722530f-5558-45c7-aeab-d0972348cd07,,no,MATCH,high,"working: I: all members same parity (all odd or all even) - insufficient. II: (p-1)q even for all p,q excludes mixed parity (p even, q odd gives odd) but an all-odd T satisfies it (p-1 even) as does all-even -> insufficient. Together still both possible."
b249369c-fad5-4cd2-83e2-dff92bc444c7,b06305ad-cc93-4c27-b309-1b590f0a3247,2026,65,a,"Select this option if the question can be answered using one of the statements alone, but cannot be answered using other statement",a,"Select this option if the question can be answered using one of the statements alone, but cannot be answered using other statement","Select this option if the question can be answered using one of the statements alone, but cannot be answered using other statement",yes,f583e2b0-ca44-49a4-ba41-5b308b83dd38,,no,MATCH,high,"working: I: xy^2=116=2^2x29, y>1 -> y=2, x=29 prime -> sufficient. II: xz=261=3^2x29 -> x in {3,9,29,87}, prime or not -> insufficient."
f270b72b-3a85-4d48-b23f-21b751ec704f,b06305ad-cc93-4c27-b309-1b590f0a3247,2026,66,d,1 and 3,a,1 and 2 only,not solvable: missing passage,no,2ebdcca3-0185-41e9-b572-dc5a1eac4a57,,no,PROPOSED,low,"UPSC PROVISIONAL key says (a) ""1 and 2 only"" (option id a9b6a854-df36-44aa-ae64-f836e7f97e14) against stored (d); not independently solvable; needs a human decision or UPSC's final key; stem: missing passage; working: Question asks about statements/conclusions drawn from a reading passage that is absent from the stem; not solvable from the question text alone."
18e0b00c-dd79-43ce-909e-a9ef210b4c70,b06305ad-cc93-4c27-b309-1b590f0a3247,2026,67,a,Paintings from four States of India have been mentioned.,a,Paintings from four States of India have been mentioned.,not solvable: missing passage,no,76bd56ef-d89e-47cd-8112-e143591d0ce2,,no,MATCH,medium,stored key equals UPSC key by letter; not independently solvable; stem: missing passage; working: Question asks about statements/conclusions drawn from a reading passage that is absent from the stem; not solvable from the question text alone.
ee9aad1a-70da-4560-bf55-b5806ad9ffb3,b06305ad-cc93-4c27-b309-1b590f0a3247,2026,68,b,P and Q together weigh more than the total weight of A and C.,b,P and Q together weigh more than the total weight of A and C.,P and Q together weigh more than the total weight of A and C.,yes,b3b755b5-fb88-493c-b7d6-fbe4975e7fbe,,no,MATCH,high,"working: A+C=6 -> B+D=11. With R=P, S=Q: P+2Q+D=15, 2P+Q+B=17; adding: 3(P+Q)+11=32 -> P+Q=7 > A+C=6. B+D=11>7 so (a) false; P-Q=2-(B-D) undetermined."
0e1b2ebe-16e3-44a3-ab36-ed7f0b234270,b06305ad-cc93-4c27-b309-1b590f0a3247,2026,69,d,12,d,12,12,yes,3dfe20a6-ba17-4dbd-a642-564935d72487,,no,MATCH,high,"working: Treat QU as a block; items {QU, U, E, E}: 4!/2! = 12."
cac64d9d-a5aa-4f99-b8bf-779d254be6dc,b06305ad-cc93-4c27-b309-1b590f0a3247,2026,70,d,14,d,14,14,yes,ca8ab87a-587f-4d50-b0ec-369fd61e2717,,no,MATCH,high,"working: Common landing marks = 199 + LCM(4,6,5)k = 199+60k. Within 195..1000: k=0..13 (199..979) -> 14. Counts mark 199 itself (inside range); excluding it gives 13."
df00332f-3776-4b8e-92d7-c5903e014b85,b06305ad-cc93-4c27-b309-1b590f0a3247,2026,71,d,"1, 2 and 3",d,"1, 2 and 3",not solvable: missing passage,no,c7be2fd4-2c7e-4cdd-92c6-76ceb245fc9e,,no,MATCH,medium,stored key equals UPSC key by letter; not independently solvable; stem: missing passage; working: Question asks about statements/conclusions drawn from a reading passage that is absent from the stem; not solvable from the question text alone.
1848f249-db1f-45f0-b426-ae278ce4c8cd,b06305ad-cc93-4c27-b309-1b590f0a3247,2026,72,b,2 and 3,b,2 and 3,not solvable: missing passage,no,76ee1676-2981-4985-acc1-1bcbc29f2121,,no,MATCH,medium,stored key equals UPSC key by letter; not independently solvable; stem: missing passage; working: Question asks about statements/conclusions drawn from a reading passage that is absent from the stem; not solvable from the question text alone.
38f0afce-4820-4ddf-bb8e-731f7fc66bea,b06305ad-cc93-4c27-b309-1b590f0a3247,2026,73,d,9,d,9,9,yes,b6cf32a7-c23a-49c1-9809-fa534832cb0d,,no,MATCH,high,"working: f+b=31, 5f-2b=15 -> 7f=77, f=11, b=20; difference 9."
2c75a7c3-a4e8-42b8-9bcf-6784feab273d,b06305ad-cc93-4c27-b309-1b590f0a3247,2026,74,a,5,a,5,5,yes,2fc9b043-e40a-41fa-aeb1-f1fc803cfdf6,,no,MATCH,high,"working: Exhaustive enumeration of 7! seatings (P fixed, clockwise = increasing seat index, used consistently): exactly 1 valid: P,Q,R,S,T,U,V,W clockwise. Q to W clockwise passes R,S,T,U,V = 5."
c5373b3d-fda0-4d5a-8f02-d73c3cbba77e,b06305ad-cc93-4c27-b309-1b590f0a3247,2026,75,b,4,b,4,4,yes,b47f4ed1-9f27-4039-8423-34734cac4d7b,,no,MATCH,medium,"solve has more than one defensible reading; UPSC key selects the stored option; working: Blue 2.5x8 must have its 8' side along the 10' edge (8>6) and sit in a corner (two sides on edges): 4 corner positions; table fixed so no symmetry reduction. Non-overlapping pairs: TL-BL, TR-BR, TL-BR, TR-BL = 4. Same-long-edge pairs (TL-TR, BL-BR) overlap (8+8>10), producing a full 2.5x10 strip; if overlap is allowed the count is 6 (option c reachable). Chose 4 assuming distinct non-overlapping portions."
5a547b50-acc8-48a7-b0dd-da2b7bdc5e15,b06305ad-cc93-4c27-b309-1b590f0a3247,2026,76,a,1 only,d,Neither 1 nor 2,not solvable: missing passage,no,82317619-e414-46c2-b9ec-b368e1a90539,,no,PROPOSED,low,"UPSC PROVISIONAL key says (d) ""Neither 1 nor 2"" (option id f8e1e190-dcc7-424f-bc31-756f6e6d9565) against stored (a); not independently solvable; needs a human decision or UPSC's final key; stem: missing passage; working: Question asks about statements/conclusions drawn from a reading passage that is absent from the stem; not solvable from the question text alone."
804b858c-2b7f-40d2-8753-c02f4be48f37,b06305ad-cc93-4c27-b309-1b590f0a3247,2026,77,a,1 only,a,1 only,not solvable: missing passage,no,2cc721e5-7cc3-4c06-9ee8-9cb5ebcf2b9d,,no,MATCH,medium,stored key equals UPSC key by letter; not independently solvable; stem: missing passage; working: Question asks about statements/conclusions drawn from a reading passage that is absent from the stem; not solvable from the question text alone.
cb65a7ea-5373-4621-a3c3-5fab41731394,b06305ad-cc93-4c27-b309-1b590f0a3247,2026,78,d,bb,d,bb,bb,yes,c33e8e14-d93b-4a39-a71d-428e6702ddd3,,no,MATCH,high,"stem: blanks rendered as multiplication sign (determinable); working: String tokens (15): x b x a x a x x a x a x b a b. Only consistent repeating period <=7 is 5 with pattern 'abbab' (period 3 conflicts). Positions 7,8 = pattern[2], pattern[3] = b,b."
376c27e3-35f9-4f00-a1b9-671f7dbc49fd,b06305ad-cc93-4c27-b309-1b590f0a3247,2026,79,b,111,b,111,111,yes,ad3f08d3-5445-4ea3-a033-35d2b654ae90,,no,MATCH,high,"stem: garbled symbols: superscript exponents flattened ('10m', '7525', '2532', '3275'); working: Exponents lost in extraction; read as 10^m x 1000 x n = 75^25 x 25^32 x 32^75 = 3^25 x 5^114 x 2^375 -> highest power of 10 is 114 (verified numerically). m+3=114 -> m=111."
56670807-6cfb-4457-b74f-f65f9e8be66b,b06305ad-cc93-4c27-b309-1b590f0a3247,2026,80,c,13.85,c,13.85,13.85,yes,01a926b0-421b-447e-ae90-3ee4410278be,,no,MATCH,high,working: Same direction relative speed 96 km/h -> length = 96x15/3600 = 0.4 km. Opposite: 0.4/104 h = 13.846 s -> 13.85.
