year,subject,microtopic,questions
2013,General Studies I,"East India Company's administrative expansions (Regulating Act 1773; Ring Fence policy as precursor to Subsidiary Alliance; Doctrine of Lapse); the British conquest of India, Anglo-Mysore and Anglo-Punjab Wars",2
2013,General Studies I,"Inter-war years (1919-1939): the Great Depression, rise of Fascism in Italy, rise of Nazism in Germany, and the Soviet Union (USSR)",1
2013,General Studies I,"French Revolution: causes, course, France under Napoleon, impact and significance for the modern world",1
2013,General Studies I,"Continental Drift Theory (Wegener), Pangea/Panthalassa, Laurasia/Gondwanaland, supporting evidence (jigsaw fit, rock ages, tillite, placer deposits, fossil distribution), forces of drifting, post-drift studies (convectional current theory, ocean floor mapping)",1
2013,General Studies I,"Dance in India: concept, Ashta Nayika, eight classical forms, folk and modern dances; Tandava as recorded in early inscriptions; Garba, Cham Lama, Kolkali, Pulikali (Tiger Dance)",1
2013,General Studies I,World physiographic divisions and their economic-geographic significance; wetlands' ecological/economic importance,1
2013,General Studies I,"Classical Temple Architecture: Nagara, Dravida, Vesara and regional sub-schools (Pallava, Chola, Pandya, Vijayanagara, Nayaka, Hoysala, Rashtrakuta, Kerala temples)",1
2013,General Studies I,Bhakti and Sufi movements: reach across age/gender/religious barriers; Sri Chaitanya's re-orientation; Vaishnava Acharyas' metaphysical foundations; Maharashtra Dharma; Brahmo Samaj and Ramakrishna Mission as 19th-century reform continuities,1
2013,General Studies I,"Climate of India: factors influencing climate, monsoon mechanism (classical/modern/air-mass/jet-stream theories), El Nino-La Nina impact, rhythm of seasons, and climatic regions",1
2013,General Studies I,"Languages and literature of India: Sanskrit, Pali, Prakrit, and the major regional literatures (Tamil, Telugu, Malayalam, Kannada, Odia, Assamese, Bengali, Gujarati, Rajasthani, Punjabi, Marathi, Hindi, Persian, Urdu); Sangam literature as a record of early Tamil society",1
2013,General Studies I,"Colonial land revenue systems (Permanent Settlement, Ryotwari, Mahalwari), commercialization of agriculture, and economic drain theory",1
2013,General Studies I,"Beginning of the modern age: disintegration of the feudal system, Renaissance (humanism, art, architecture, literature, science), Reformation, explorations/discovery/trade, colonization and the rise of the nation-state, the English Revolution",1
2013,General Studies I,"Communalism: meaning, historicity, role of third parties in inciting/perpetrating it, and whether it can be eradicated; regionalism's theories, manifestations, and possible remedies",1
2013,General Studies I,"Population and associated issues: suicide deaths in India, 'great replacement theory' discourse, population crisis in Asian nations, manual scavenging as India's 'dirtiest job', caste-based violence, need for caste census, silver economy and elderly-welfare initiatives (SACRED portal, SAGE, Elder Li",1
2013,General Studies I,"Urbanization in India: pattern, issues, rural-urban migration, slum emergence, urban transport/waste/water-sanitation, urban poverty, and inclusive/smart-city responses",1
2013,General Studies I,"Industrial localization parameters: distribution factors for iron-steel and cotton-textile industries in India, and why petroleum refineries are often sited away from crude-producing areas",1
2013,General Studies I,"Demographic transition: changes in population growth rates and distribution since Independence; population problems of developing vs developed countries; Malthusian, Marxian and Demographic Transition theories",1
2013,General Studies I,"Emergence of the USA: American colonies, independence, the Revolutionary War and its political/global impact, the US Civil War and its global impact and impact on India",1
2013,General Studies I,"European trading companies' rivalry, the Carnatic Wars, and the Battle of Plassey (1757) as 'a great betrayal' rather than a great battle",1
2013,General Studies I,"Rise of Revolutionary Nationalism in India and abroad (Ghadar party, Abhinav Bharat, HSRA); role of Subhash Chandra Bose and the INA versus the Gandhian approach",1
2013,General Studies I,"Early nationalism: pre-Congress organisations, Indian National Congress (1858-1905), early nationalists vs Swadeshi/Extremist strategic factions, GoI Act 1909, Home Rule League",1
2013,General Studies I,"Women-related issues: hysterectomies, workforce participation gaps, gender disparities in poverty, women in corporate roles, abortion rights, gender digital divide, menstrual hygiene, surrogacy rules, sexual harassment at workplace, domestic violence, marital rape, women in STEM, female entrepreneur",1
2013,General Studies I,"Caste system: structural resilience as a barrier to social mobility, and its adaptation to modernization/secularization",1
2013,General Studies I,"Volcanism: shield/composite/caldera/flood-basalt/mid-ocean-ridge types, lava types, intrusive landforms (batholiths, laccoliths, lapoliths, phacoliths, sills, dykes), extrusive landforms, geysers/hot springs, and global distribution (Pacific Ring of Fire)",1
2013,General Studies II,"Global institutions: UN structure (UNGA, UNSC and India's candidacy, ECOSOC), ICJ, UN specialised agencies (FAO, ICAO, ILO, IMO, ITU, UNESCO, IFAD, WHO, WMO, WIPO), World Bank",2
2013,General Studies II,"Statutory/regulatory/quasi-judicial bodies: CVC, CBI, NHRC ('toothless tiger' critique), SHRC, Central/State Information Commission, NGT, SEBI, IRDA, TRAI, NCLAT, National Consumer Disputes Redressal Commission, Lokpal and Lokayukta, Planning Commission legacy, PMO, Zonal Council",2
2013,General Studies II,"Constitutional bodies: Election Commission, UPSC, State PSC, Finance Commission, GST Council, National Commission for SCs/STs, Special Officer for Linguistic Minorities, National Commission for Backward Classes; Non-Constitutional Bodies: NITI Aayog",2
2013,General Studies II,"Evolution and key principles of Indian foreign policy: determinants, NAM/NAM 2.0, Panchsheel, India's nuclear doctrine, neighbourhood-policy evolution, Look/Act East and Look/Act West policies",1
2013,General Studies II,"e-Governance: introduction, applications, models, successes/limitations/future prospects, dashboards/portals, democracy-and-e-governance linkage, and e-governance in the judiciary/legislature",1
2013,General Studies II,Citizen's Charter and RTI Act: utility/limitations as accountability instruments; RTI's role in redefining accountability beyond mere citizen empowerment; flaws in RTI and improvement recommendations,1
2013,General Studies II,"The Governor, Chief Minister, Advocate-General, and State Legislature: appointment, discretionary/ordinance/pardoning powers, composition of Vidhan Sabha/Parishad, legislative procedure, and inter-house relationships",1
2013,General Studies II,"The Judiciary: integrated judicial system, Supreme Court composition/independence/jurisdiction/judicial-review/curative-petition, High Courts, lower judiciary, judicial appointments (collegium system, NJAC controversy), judicial accountability and corruption issues, PIL, judicial activism, and alter",1
2013,General Studies II,"Poverty, hunger and health governance: evaluation of schemes (MGNREGA, PM-POSHAN, Ayushman Bharat) and policies (NHP, NEP) against poverty/hunger/health/malnutrition/unemployment/distress-migration",1
2013,General Studies II,Right to Education Act's access-expansion vs persistent quality challenge; MGNREGA's asset-creation and distress-migration-reduction performance; National Rural Health Mission's implementation challenges; TPDS's effectiveness in reaching 'the poorest of the poor',1
2013,General Studies II,"Political parties in India: reforms, problems in functioning, casteism and politics, anti-defection strengthening, and coalition-government dynamics",1
2013,General Studies II,"Elections in India: salient features of the Representation of People Acts 1950/1951, electoral reforms, criminalization of politics, negative/neutral voting, state funding of elections, irregularities in polling, and electoral bonds",1
2013,General Studies II,"Constitutional Bodies: appointment transparency (CEC/EC selection process, CAG appointment/functions/powers), tenure security, and functional independence",1
2013,General Studies II,"Pressure groups and formal/informal associations: types, significance, distinction from political parties, politicisation of pressure groups, and their evolving role via new media",1
2013,General Studies II,"Multilateral relations: WTO (decision-making, Nairobi Package, IPR, reforms, agriculture issues, FTAs), IMF and reforms, nuclear-security architecture (NSG, MTCR, NPT), BRICS/BIMSTEC/IBSA/SAARC, India-ASEAN economic cooperation",1
2013,General Studies II,Civil-society organisations' impact on public policy formulation; FCRA compliance tightening and civil-society funding constraints; SHG federated models scaling beyond microfinance into market linkages,1
2013,General Studies II,"Security challenges in the Indian Ocean Region: US pivot to Asia, South China Sea mistrust, Somalia piracy, neighbourhood terrorism, energy routes, fisheries/livelihood issues, environmental security, and Indian Ocean 'Zone of Peace' declaration",1
2013,General Studies II,'Health for All' target vs structural health-infrastructure gaps; rising out-of-pocket health expenditure; commercialization of healthcare vs universal affordable public care,1
2013,General Studies II,"Amendment process: the Constitution's dynamic/'living document' nature (Article 368), Basic Structure Doctrine as a judicial 'safety valve', and different majority-types required",1
2013,General Studies II,"Local government: 73rd/74th Amendment provisions, functions of municipal corporations/councils/nagar panchayats, State Election/Finance Commission roles, Smart City Mission and municipal governance, Model Panchayat Citizens Charter",1
2013,General Studies II,"India and neighbours: Nepal (water/hydropower cooperation, contentions, recommendations), Bhutan (economic overview, China issues), Afghanistan (development partnership, post-NATO options, Taliban presence), Bangladesh (development partnership, boundary agreements, Teesta dispute), Maldives (geostra",1
2013,General Studies III,Venture capital's role in tech-startup growth; IP piracy's impact on creative/tech industries; biotechnology's lab-to-commercial-scale constraints; SEZs vs Chinese industrial models; PLI-scheme execution and labour absorption; stressed-asset management via bad banks,4
2013,General Studies III,"Structural growth debates: savings rate/investment pattern/capital-output ratio as growth levers, manufacturing's limited capacity to absorb agricultural surplus labour, direct-tax reform and tax-to-GDP widening, GDP's agriculture-to-services shift without a manufacturing base, and the 'jobless grow",3
2013,General Studies III,Landslide vulnerability of the Western Ghats and Himalayas: causes and mitigation strategies; institutional setups for chemical/industrial disaster management in urban-fringe clusters; cloudburst phenomenon and mountain-ecosystem vulnerability; multi-hazard resource-allocation dilemmas during live d,2
2013,General Studies III,"Public Distribution System: objectives, functioning, limitations, revamping from universal to targeted PDS, cost-benefit analysis, buffer-stock policy, and the Food Security Bill's resource-mobilization/criticism debate",1
2013,General Studies III,"Social media and internal-security threats: regulation challenges, AI's dual role, and monitoring difficulties",1
2013,General Studies III,"Nuclear energy: reaction types, civil/military applications, fuel cycle and centrifugation, reactor types, India's nuclear policy, radioactive-waste management, nuclear/radiological disaster preparedness, and institutions (DAE, AERB, BARC, IGCAR)",1
2013,General Studies III,"Maritime & space security: anti-maritime-piracy law, maritime-security developments in the IOR, drone attacks on merchant vessels, Gaganyaan-linked space security, Indo-Pacific/QUAD developments",1
2013,General Studies III,Cold-chain and price-volatility management: long-term cold-chain solutions for vegetable-price volatility; MSP's role in food security and cropping-pattern impact; farm subsidies' impact on state fiscal health and environmental degradation,1
2013,General Studies III,"Infrastructure: economic/social/environmental impact of infrastructure, transport (ports, inland waterways, roads, National Infrastructure Pipeline, Bharatmala, airports, railways, energy pipelines), negative externalities of transport, ownership/financing/pricing of public utilities, PPP project de",1
2013,General Studies III,"Banking: structure/functions, RBI and bank types (public/private/foreign/regional-rural/local-area/specialized/small-finance/payments banks), nationalization history, banking-sector reform committees (Narasimhan, Nachiket Mor, P J Nayak), development-finance institutions, new bank-licence criteria, ",1
2013,General Studies III,"Technology in agriculture: data revolution, AI applications, social-security schemes for farmers (climate-smart agriculture, precision farming for input-wastage mitigation)",1
2013,General Studies III,Data security and the Justice B.N. Srikrishna Committee Report on personal data protection; drug trafficking's linkage to gunrunning/human trafficking; NPAs as a structural drag on the credit cycle for infrastructure,1
2013,General Studies III,"Linkage between development and extremism: Left-Wing Extremism's stated purpose, its resonance with common people, Covid-19's effect on Naxalism, why LWE is deemed the biggest internal-security threat, and its nexus with illegal mining in forest tracts",1
2013,General Studies III,"Internal security challenges: social diversity as a security issue, neighbourhood-origin threats, non-state actors, global vulnerability indices, and the law-and-order vs internal-security distinction",1
2013,General Studies III,"Money laundering and black money: meaning and harmful effects of money laundering, PMLA 2002 provisions as a check on organized crime/terror-financing, parallel economy dimensions, demonetisation's impact on black money, and cross-border money-laundering coordination challenges",1
2013,General Studies III,Cyber warfare: factors aggravating cyber attacks and recent initiatives to tackle cyber warfare; structural/command changes needed for urban asymmetric-warfare threats,1
2013,General Studies III,"External sector & global economy: foreign-investment decline, de-dollarisation, global debt crisis, forex reserves, US-China trade war impact, India-Japan/EaEU FTAs, recession case studies (UK/Japan), Red Sea crisis, El Nino climate risk to growth",1
2013,General Studies III,"Security challenges in border areas: challenges to border management, community-participation approaches, non-demarcated border segments, and eastern-border illegal-migration security challenges",1
2013,General Studies III,"Environment-related institutions and schemes: Pollution Control Boards, NGT, Forest Survey of India, National Board for Wildlife, Ecomark, National Afforestation Programme, National Mission for Clean Ganga, National Air Quality Index, UJALA, Bharat Stage norms, FAME",1
2013,General Studies III,"Environmental Impact Assessment: executing body, effects analysed, EIA process, and the EIA notification of 1984 (procedural evolution)",1
2013,General Studies IV,Frequently cited quotation-anchors for ethics answer-writing: Gandhi's 'Seven Sins' and 'the weak can never forgive'; Socrates' 'an unexamined life is not worth living'; Nehru on awakening women as key to awakening the nation; Jefferson's 'honesty is the first chapter in the book of wisdom' (intelle,2
2013,General Studies IV,"Significance of public-service values (objectivity, dedication, tolerance) in a multi-cultural society like India; corruption in public life as a systemic failure rather than purely individual moral decay",2
2013,General Studies IV,Importance of EI at the workplace and in civil services; components of EI applied to conflict resolution and crisis-time administrative communication,1
2013,General Studies IV,Human values: socialization and individual personality/value formation; values and skill; fundamental vs instrumental values; democratic values,1
2013,General Studies IV,"Case studies: development vs displacement/environment trade-offs: environmental clearance vs displacement/pollution trade-offs, court-ordered demolition vs livelihood/political pressure, factory-closure aftermath (unemployment vs environmental enforcement)",1
2013,General Studies IV,Moral and political attitude formation; distinguishing 'attitude' from 'belief' and how cognitive dissonance affects internal alignment,1
2013,General Studies IV,"Case studies: crisis & resource-allocation dilemmas: drought-relief tanker capture by a 'tanker mafia', disaster resource-allocation triage (elite vs marginalised site), law-and-order vs root-cause balancing (illicit liquor), government-doctor private-practice neglect with union-strike threat",1
2013,General Studies IV,"Case studies: whistleblowing, disclosure & confidentiality dilemmas: whistleblower/suspect pleading humanitarian delay, workplace-harassment complaint with a confidentiality request, industrial-pollution complaint against a politically-connected employer",1
2013,General Studies IV,Structural flaws in asset-disclosure regulations for public officials and their effectiveness against illegal wealth generation; whether public asset-declaration has improved governance,1
2013,General Studies IV,"Case studies: welfare-access & exclusion dilemmas: digital/biometric exclusion of a genuine welfare beneficiary, biometric-mandate exclusion of poor/labour children, eligibility-criteria strict-rule-vs-humane-exception dilemmas",1
2013,General Studies IV,"Indian moral/spiritual exemplars used as case anchors: Mahatma Gandhi, Dr S. Radhakrishnan, Rabindranath Tagore, Swami Dayanand Saraswati, Mahadeva Govinda Ranade, Sri Aurobindo, Swami Vivekananda, Sardar Patel, B.R. Ambedkar, Raja Ram Mohan Roy, Chhatrapati Shahu Maharaj, Kautilya's classical admin",1
2013,General Studies IV,"Case studies: public-safety & procurement dilemmas under pressure: infrastructure-safety cover-up under election-timeline pressure, defence-procurement L1-vs-clean-bidder dilemma, clinical-trial consent violations vs public-health urgency",1
2013,General Studies IV,"Case studies: public-service integrity & corruption dilemmas: welfare-scheme 'ghost beneficiary' fraud amid caste sensitivities, law-enforcement bribery from an illegal-mining network, superior's personal-gain conflict-of-interest request, tax officer's technical-vs-substantial-compliance discretion",1
2013,General Studies IV,"Essence, determinants and consequences of ethics in human actions; approaches to ethical study (Indian vs Western perspectives); basic concepts of morality and value",1
2013,General Studies IV,"Technology & AI ethics (case studies): drone ethics, AI ethics (in healthcare, creativity, human rights), technological ethics (facial recognition, crypto-mining, brain-computer interfaces), ethics in Digital Public Infrastructure, online-gaming/mining ethics",1
2013,General Studies IV,Consequentialist vs Deontological (Kantian) moral boundaries in public-administration execution; Utilitarianism's concept and its critique when applied to minority protection,1
2014,General Studies I,"Resource geopolitics: Arctic ice-melt causes/consequences, Arctic resource-driven geopolitical conflict, and mineral resource base as determined by geological structure",1
2014,General Studies I,"Indus Valley Civilization: major cities and town-planning, internal/foreign trade, agriculture, domestication, crafts, weights and measures, script, society, religion, economy, burial system, and decline",1
2014,General Studies I,"Agricultural geography: land-use/capability classification, land degradation, cropping seasons/patterns/regionalization, infrastructure factors (seeds, fertilizers, irrigation), agricultural revolutions, labour, price policy, marketing, insurance, agricultural census, major crop conditions-of-growth",1
2014,General Studies I,Taxila as a renowned centre of scholarship and the strategic-location factors behind its ruin,1
2014,General Studies I,"Evolution of Buddhist stupas (Sanchi, Amravati) and Gandhara, Mathura, Amravati schools of art; Gandhara sculpture's dual debt to Roman/Greek traditions",1
2014,General Studies I,"Plate tectonics: lithospheric plates (major/minor), plate boundary types (divergent/convergent/transform), rates and forces of plate movement, and the Indian plate's 71-million-year movement history",1
2014,General Studies I,"Water resources: underground/surface/inland/oceanic water resources, utilization patterns, water pollution, conservation techniques, river-interlinking projects, and the problem of ageing dams",1
2014,General Studies I,"French Revolution: causes, course, France under Napoleon, impact and significance for the modern world",1
2014,General Studies I,Bhakti and Sufi movements: reach across age/gender/religious barriers; Sri Chaitanya's re-orientation; Vaishnava Acharyas' metaphysical foundations; Maharashtra Dharma; Brahmo Samaj and Ramakrishna Mission as 19th-century reform continuities,1
2014,General Studies I,"Role of women's organizations and SHGs in Indian history: types, level of penetration, problems faced, and the role of microfinance institutions",1
2014,General Studies I,"Colonial land revenue systems (Permanent Settlement, Ryotwari, Mahalwari), commercialization of agriculture, and economic drain theory",1
2014,General Studies I,"World War II: foundations, course, aftermath, analysis, and the decolonization phase",1
2014,General Studies I,"Mineral and energy resources: metallic/non-metallic mineral types, distribution and mining regions, ferrous/non-ferrous metal production and trade, energy classification, conventional energy sources (coal, petroleum, natural gas, hydro-electricity), atomic energy (uranium/thorium), renewable energy ",1
2014,General Studies I,Mid-18th century fragmented polity and the decline of the Mughal empire; Panipat as a recurring site of empire-shaking battles,1
2014,General Studies I,"Secularism: meaning, the Indian constitutional vantage point, comparison with the Western model, Gandhian view on religion, and threats to the secular spirit",1
2014,General Studies I,"Oceanography: hydrological cycle, ocean floor relief (continental shelf/slope, deep sea plain, trenches, mid-oceanic ridges, seamounts, submarine canyons, guyots, atolls), ocean water temperature/salinity/density distribution, tides and tidal currents, ocean currents (surface/deep, warm/cold) and th",1
2014,General Studies I,"Climatology: atmospheric composition and structure (exosphere to troposphere), insolation and heat balance, temperature distribution and inversion, atmospheric pressure and wind systems (pressure gradient/frictional/Coriolis forces), general/global circulation (Hadley/Ferrel/Polar cells), air masses",1
2014,General Studies I,The 1946 Naval Mutiny as 'the last nail in the coffin' of colonial rule,1
2014,General Studies I,"Earthquakes: types, causes, effects, frequency, epicentre location, global distribution, and observatories",1
2014,General Studies I,"Effects of globalization on Indian society: kinds of impact (economic, political, developmental, socio-cultural) and whether the impact is solely positive or negative",1
2014,General Studies I,"Communalism and social consolidation: secularism, causes and consequences of communalism, issue of linguistic minorities (operational inefficiency and government initiatives)",1
2014,General Studies II,"Amendment process: the Constitution's dynamic/'living document' nature (Article 368), Basic Structure Doctrine as a judicial 'safety valve', and different majority-types required",2
2014,General Studies II,"Major powers: Russia (strategic cooperation, Russia-China impact on India), China (economic relations, water disputes, String of Pearls, Maritime Silk Route/BRI implications, border disputes, South China Sea, CBMs), USA (strategic consultations, counter-terrorism, trade, energy/climate, S&T/space, d",1
2014,General Studies II,"Global governance & multilateral institutions: minilateralism, International Health Regulations amendment, UN peacekeeping and India, ICC and the Israel-Hamas dispute, UNSC and G4, WTO reform crises, Global South leadership, G20 and India",1
2014,General Studies II,"Governance, infrastructure & consumer welfare: vehicle scrappage, right to repair, land-records modernization, ULB capacity building, consumer protection, disability-inclusive urban infrastructure",1
2014,General Studies II,"Constitutional bodies: Election Commission, UPSC, State PSC, Finance Commission, GST Council, National Commission for SCs/STs, Special Officer for Linguistic Minorities, National Commission for Backward Classes; Non-Constitutional Bodies: NITI Aayog",1
2014,General Studies II,'Health for All' target vs structural health-infrastructure gaps; rising out-of-pocket health expenditure; commercialization of healthcare vs universal affordable public care,1
2014,General Studies II,"e-Governance: introduction, applications, models, successes/limitations/future prospects, dashboards/portals, democracy-and-e-governance linkage, and e-governance in the judiciary/legislature",1
2014,General Studies II,"Poverty and hunger: definitional debates across committees, poverty data, causes, urban vs rural vs feminized poverty, poverty-alleviation measures and implementation problems, food-security programmes, and controversies in poverty-data estimation",1
2014,General Studies II,The National Commission for SCs (constitutional-reservation enforcement including in religious-minority institutions); Rights of Persons with Disabilities Act 2016's administrative-capacity adequacy; National Commission for Women's strategizing capacity; need for an objective outcome-based review of,1
2014,General Studies II,"The Judiciary: integrated judicial system, Supreme Court composition/independence/jurisdiction/judicial-review/curative-petition, High Courts, lower judiciary, judicial appointments (collegium system, NJAC controversy), judicial accountability and corruption issues, PIL, judicial activism, and alter",1
2014,General Studies II,"Role of civil services in a democracy: concept and need for civil services, law-making role (policy formulation/implementation/evaluation), civil services as protector of minorities and promoter of inclusive growth, emerging challenges (lateral entry, capacity building, frequent transfers, cadre pol",1
2014,General Studies II,"Local government: 73rd/74th Amendment provisions, functions of municipal corporations/councils/nagar panchayats, State Election/Finance Commission roles, Smart City Mission and municipal governance, Model Panchayat Citizens Charter",1
2014,General Studies II,"Multilateral relations: WTO (decision-making, Nairobi Package, IPR, reforms, agriculture issues, FTAs), IMF and reforms, nuclear-security architecture (NSG, MTCR, NPT), BRICS/BIMSTEC/IBSA/SAARC, India-ASEAN economic cooperation",1
2014,General Studies II,"Global institutions: UN structure (UNGA, UNSC and India's candidacy, ECOSOC), ICJ, UN specialised agencies (FAO, ICAO, ILO, IMO, ITU, UNESCO, IFAD, WHO, WMO, WIPO), World Bank",1
2014,General Studies II,"India and Asian nations: Central Asian republics (Turkmenistan, Kazakhstan, Tajikistan; China's role; International North-South Transport Corridor; SCO), Mongolia, UAE, Iran (nuclear deal, US geo-economic considerations), Israel-Palestine and India-Israel relations, Saudi Arabia, Asia-Pacific groupi",1
2014,General Studies II,"Vice-President and Prime Minister: office, functions, appointment, and role vis-a-vis Council of Ministers/President/Lok Sabha/political party/coalition government",1
2014,General Studies II,"Pressure groups and formal/informal associations: types, significance, distinction from political parties, politicisation of pressure groups, and their evolving role via new media",1
2014,General Studies II,"Poverty, hunger and health governance: evaluation of schemes (MGNREGA, PM-POSHAN, Ayushman Bharat) and policies (NHP, NEP) against poverty/hunger/health/malnutrition/unemployment/distress-migration",1
2014,General Studies III,Cold-chain and price-volatility management: long-term cold-chain solutions for vegetable-price volatility; MSP's role in food security and cropping-pattern impact; farm subsidies' impact on state fiscal health and environmental degradation,2
2014,General Studies III,"Structural growth debates: savings rate/investment pattern/capital-output ratio as growth levers, manufacturing's limited capacity to absorb agricultural surplus labour, direct-tax reform and tax-to-GDP widening, GDP's agriculture-to-services shift without a manufacturing base, and the 'jobless grow",2
2014,General Studies III,"Linkage between development and extremism: Left-Wing Extremism's stated purpose, its resonance with common people, Covid-19's effect on Naxalism, why LWE is deemed the biggest internal-security threat, and its nexus with illegal mining in forest tracts",1
2014,General Studies III,Landslide vulnerability of the Western Ghats and Himalayas: causes and mitigation strategies; institutional setups for chemical/industrial disaster management in urban-fringe clusters; cloudburst phenomenon and mountain-ecosystem vulnerability; multi-hazard resource-allocation dilemmas during live d,1
2014,General Studies III,"Inclusive growth: meaning and concept of inclusion, India's inclusion experience, social-sector initiatives, ground reality of flagship schemes, rural-economy-based growth, sustainable agriculture/food-security linkage, PDS as a growth tool, financial inclusion, poverty-alleviation-and-employment st",1
2014,General Studies III,"Industrial & sectoral policy: National Mission on Edible Oil, Zero Defect Zero Effect scheme, natural-gas-marketing reforms, telecom-sector issues, fertiliser shortage, shift to green energy",1
2014,General Studies III,"Public Distribution System: objectives, functioning, limitations, revamping from universal to targeted PDS, cost-benefit analysis, buffer-stock policy, and the Food Security Bill's resource-mobilization/criticism debate",1
2014,General Studies III,Cyber warfare: factors aggravating cyber attacks and recent initiatives to tackle cyber warfare; structural/command changes needed for urban asymmetric-warfare threats,1
2014,General Studies III,"Land reforms: colonial-era ownership patterns (Zamindari, Ryotwari, Mahalwari), objectives and progress since Independence, ceiling-legislation progress, NITI Aayog's land-leasing report, and the SVAMITVA scheme",1
2014,General Studies III,"Marine & coastal ecosystem degradation: mangrove-ecosystem IUCN reports, Great Barrier Reef coral bleaching, Arctic Ocean marine heatwaves, coastal erosion, riverine deoxygenation, El Nino's impact on world lakes",1
2014,General Studies III,"Various security forces and their mandate: Assam Rifles, BSF, ITBP, CISF, CRPF, NSG, integrated theatre commands, National Maritime Security Coordinator, and paramilitary-force issues; CAPF deployment-related Centre-State tension and modernization funding gaps",1
2014,General Studies III,"Space technology: orbit types, launch-vehicle classification, major agencies (ISRO, NASA, ESA, Roscosmos, JAXA, CNSA) and their missions, ISRO's national-development role, private-sector/PPP participation, cryogenics/nanosatellites/electric propulsion, satellite communication, remote sensing, naviga",1
2014,General Studies III,"Intellectual Property Rights: concept, types, international agreements/institutions, IPR regime in India, and the National IPR Policy",1
2014,General Studies III,"Government budgeting: budget/Economic Survey terminology, types of budgets, outcome budgeting, railway-general budget merger, budgeting flaws, budget analysis, and subsidy design; the FRBM Act's effectiveness in maintaining macroeconomic stability",1
2014,General Studies III,"Security challenges in border areas: challenges to border management, community-participation approaches, non-demarcated border segments, and eastern-border illegal-migration security challenges",1
2014,General Studies III,"Money laundering and black money: meaning and harmful effects of money laundering, PMLA 2002 provisions as a check on organized crime/terror-financing, parallel economy dimensions, demonetisation's impact on black money, and cross-border money-laundering coordination challenges",1
2014,General Studies III,"Nanoscience and nanotechnology: basics, nanomaterials, applications (medicine, semiconductors, food, textiles, sustainable energy, environment, transport, space, agriculture) and adverse health/environmental/ethical impacts",1
2014,General Studies III,"Disaster management, preparedness and mitigation: community-based management, government initiatives, National Disaster Management Act 2005, global DRR frameworks (Sendai vs earlier Hyogo Framework), disaster insurance, media's role, gender-sensitive disaster response, disaster-management cycle, NGO",1
2014,General Studies III,"Food processing and related industries: scope and significance, location, upstream/downstream requirements, supply-chain management, Mega Food Parks, FDI policy, notable sector trends, and budget/policy strategies",1
2014,General Studies IV,"Case studies: development vs displacement/environment trade-offs: environmental clearance vs displacement/pollution trade-offs, court-ordered demolition vs livelihood/political pressure, factory-closure aftermath (unemployment vs environmental enforcement)",2
2014,General Studies IV,"Case studies: public-safety & procurement dilemmas under pressure: infrastructure-safety cover-up under election-timeline pressure, defence-procurement L1-vs-clean-bidder dilemma, clinical-trial consent violations vs public-health urgency",2
2014,General Studies IV,Frequently cited quotation-anchors for ethics answer-writing: Gandhi's 'Seven Sins' and 'the weak can never forgive'; Socrates' 'an unexamined life is not worth living'; Nehru on awakening women as key to awakening the nation; Jefferson's 'honesty is the first chapter in the book of wisdom' (intelle,2
2014,General Studies IV,Empathy and compassion as values distinguishing a pro-poor administrator from a status-quoist one; consequences of political alignment by bureaucrats,2
2014,General Studies IV,"Case studies: public-service integrity & corruption dilemmas: welfare-scheme 'ghost beneficiary' fraud amid caste sensitivities, law-enforcement bribery from an illegal-mining network, superior's personal-gain conflict-of-interest request, tax officer's technical-vs-substantial-compliance discretion",1
2014,General Studies IV,"Case studies: crisis & resource-allocation dilemmas: drought-relief tanker capture by a 'tanker mafia', disaster resource-allocation triage (elite vs marginalised site), law-and-order vs root-cause balancing (illicit liquor), government-doctor private-practice neglect with union-strike threat",1
2014,General Studies IV,Values and ethics in government; the family's contribution to value education; role of family/society/educational institutions in inculcating values,1
2014,General Studies IV,Structural flaws in asset-disclosure regulations for public officials and their effectiveness against illegal wealth generation; whether public asset-declaration has improved governance,1
2014,General Studies IV,"Can an administrator succeed on aptitude alone, without integrity? — the integrity-vs-competence debate; impartiality maintenance under political transfer-posting pressures",1
2014,General Studies IV,"Western philosophers used as ethics-paper anchors: Plato, Aristotle, Socrates, Jeremy Bentham, J.S. Mill, Thomas Hobbes, John Locke, Jean-Jacques Rousseau, John Rawls, Immanuel Kant (categorical imperative applied to public service), Carol Gilligan, Jean-Paul Sartre, Hegel, Confucius, Rene Descartes",1
2014,General Studies IV,"Components of a Citizen's Charter and steps in its formulation; concept of work culture, the Indian approach to work, methods of improving work culture, and quality of service delivery",1
2014,General Studies IV,"Judicial independence as a democratic prerequisite, and where judicial overreach threatens democratic balance",1
2014,General Studies IV,"Essence, determinants and consequences of ethics in human actions; approaches to ethical study (Indian vs Western perspectives); basic concepts of morality and value",1
2015,General Studies I,"Urbanization challenges: growth of the informal urban sector, smart cities as a management tool, flood vulnerability of major cities, rural-urban migration, emergence of slums, urban transport/waste/water-sanitation issues, urban poverty, and the Real Estate (Regulation & Development) Act 2016",2
2015,General Studies I,Prehistoric rock paintings and petroglyphs (Bhimbetka stylistic evolutions); socio-cultural patterns of pre-historic paintings and potteries,1
2015,General Studies I,"Growth of modern education, press, and vernacular public sphere under colonial rule; important newspapers/journals of the period",1
2015,General Studies I,"Beginning of the modern age: disintegration of the feudal system, Renaissance (humanism, art, architecture, literature, science), Reformation, explorations/discovery/trade, colonization and the rise of the nation-state, the English Revolution",1
2015,General Studies I,"Rise of Revolutionary Nationalism in India and abroad (Ghadar party, Abhinav Bharat, HSRA); role of Subhash Chandra Bose and the INA versus the Gandhian approach",1
2015,General Studies I,"Gandhian mass mobilization phases (Non-Cooperation, Civil Disobedience, Quit India) and the special role of women in this phase",1
2015,General Studies I,"Temperate cyclones, polar vortex (and its link to ozone depletion), El Nino/La Nina/ENSO and the Indian Ocean Dipole effect on regional and Indian monsoon climate",1
2015,General Studies I,"World climate types: equatorial, tropical monsoon/marine, Savanna, hot desert and mid-latitude desert, Mediterranean, temperate continental/oceanic/steppe, China-type, British-type, Siberian, Laurentian, and Arctic/Polar climates",1
2015,General Studies I,"Tropical cyclones: formation conditions, convective cyclogenesis, path, damage, Arabian Sea cyclones, naming conventions, and early-warning systems",1
2015,General Studies I,"Overview of economic development since Independence: Five Year Plans journey, agriculture (land reforms, post-Green-Revolution issues, agrarian movements, achievements/challenges), industry (public/private sector development, industrial policy, Make in India), New Economic Policy impact, and post-In",1
2015,General Studies I,"Mineral and energy resources: metallic/non-metallic mineral types, distribution and mining regions, ferrous/non-ferrous metal production and trade, energy classification, conventional energy sources (coal, petroleum, natural gas, hydro-electricity), atomic energy (uranium/thorium), renewable energy ",1
2015,General Studies I,"Population and associated issues: suicide deaths in India, 'great replacement theory' discourse, population crisis in Asian nations, manual scavenging as India's 'dirtiest job', caste-based violence, need for caste census, silver economy and elderly-welfare initiatives (SACRED portal, SAGE, Elder Li",1
2015,General Studies I,"Indus Valley Civilization: major cities and town-planning, internal/foreign trade, agriculture, domestication, crafts, weights and measures, script, society, religion, economy, burial system, and decline",1
2015,General Studies I,"River-basin & water-resource management: Indus dam construction prospects/challenges, integrated river-basin management, shrinking reservoir water, declining groundwater, multipurpose projects and regional development",1
2015,General Studies I,"Geology: minerals, major crustal elements, physical characteristics of minerals, rocks (igneous/sedimentary/metamorphic), rock cycle, and rock-soil relationships",1
2015,General Studies I,"Caste system: structural resilience as a barrier to social mobility, and its adaptation to modernization/secularization",1
2015,General Studies I,"Resource geopolitics: Arctic ice-melt causes/consequences, Arctic resource-driven geopolitical conflict, and mineral resource base as determined by geological structure",1
2015,General Studies I,"Industrial localization parameters: distribution factors for iron-steel and cotton-textile industries in India, and why petroleum refineries are often sited away from crude-producing areas",1
2015,General Studies I,"Poverty and development issues: concept of development, Sen vs Bhagwati model, crisis of development",1
2015,General Studies I,"Women-related issues: hysterectomies, workforce participation gaps, gender disparities in poverty, women in corporate roles, abortion rights, gender digital divide, menstrual hygiene, surrogacy rules, sexual harassment at workplace, domestic violence, marital rape, women in STEM, female entrepreneur",1
2015,General Studies I,"Colonialism and Imperialism: the age of imperialism (1870-1914), imperialism in Asia, and an analysis of colonialism",1
2015,General Studies II,"Multilateral relations: WTO (decision-making, Nairobi Package, IPR, reforms, agriculture issues, FTAs), IMF and reforms, nuclear-security architecture (NSG, MTCR, NPT), BRICS/BIMSTEC/IBSA/SAARC, India-ASEAN economic cooperation",2
2015,General Studies II,"Statutory/regulatory/quasi-judicial bodies: CVC, CBI, NHRC ('toothless tiger' critique), SHRC, Central/State Information Commission, NGT, SEBI, IRDA, TRAI, NCLAT, National Consumer Disputes Redressal Commission, Lokpal and Lokayukta, Planning Commission legacy, PMO, Zonal Council",2
2015,General Studies II,'Health for All' target vs structural health-infrastructure gaps; rising out-of-pocket health expenditure; commercialization of healthcare vs universal affordable public care,1
2015,General Studies II,"Global institutions: UN structure (UNGA, UNSC and India's candidacy, ECOSOC), ICJ, UN specialised agencies (FAO, ICAO, ILO, IMO, ITU, UNESCO, IFAD, WHO, WMO, WIPO), World Bank",1
2015,General Studies II,"Constitutional bodies: Election Commission, UPSC, State PSC, Finance Commission, GST Council, National Commission for SCs/STs, Special Officer for Linguistic Minorities, National Commission for Backward Classes; Non-Constitutional Bodies: NITI Aayog",1
2015,General Studies II,"Digital governance & information regimes: 'concern about democracy in the digital age', internet shutdowns, fake news/hate speech, IT rules on OTT/digital media",1
2015,General Studies II,Civil-society organisations' impact on public policy formulation; FCRA compliance tightening and civil-society funding constraints; SHG federated models scaling beyond microfinance into market linkages,1
2015,General Studies II,Right to Education Act's access-expansion vs persistent quality challenge; MGNREGA's asset-creation and distress-migration-reduction performance; National Rural Health Mission's implementation challenges; TPDS's effectiveness in reaching 'the poorest of the poor',1
2015,General Studies II,"Major powers: Russia (strategic cooperation, Russia-China impact on India), China (economic relations, water disputes, String of Pearls, Maritime Silk Route/BRI implications, border disputes, South China Sea, CBMs), USA (strategic consultations, counter-terrorism, trade, energy/climate, S&T/space, d",1
2015,General Studies II,"Evolution and key principles of Indian foreign policy: determinants, NAM/NAM 2.0, Panchsheel, India's nuclear doctrine, neighbourhood-policy evolution, Look/Act East and Look/Act West policies",1
2015,General Studies II,"Separation of powers: features in American/UK constitutions, checks-and-balances in the Indian scheme, judicial review, and the concept's practical limits",1
2015,General Studies II,"The Governor, Chief Minister, Advocate-General, and State Legislature: appointment, discretionary/ordinance/pardoning powers, composition of Vidhan Sabha/Parishad, legislative procedure, and inter-house relationships",1
2015,General Studies II,"Poverty, hunger and health governance: evaluation of schemes (MGNREGA, PM-POSHAN, Ayushman Bharat) and policies (NHP, NEP) against poverty/hunger/health/malnutrition/unemployment/distress-migration",1
2015,General Studies II,"Council of Ministers, Attorney General of India, and Parliament: composition of Lok Sabha/Rajya Sabha, qualification/disqualification, sessions, law-making procedure, officers, motions/resolutions, powers and privileges, financial proceedings, comparison of the two Houses, women's reservation in Par",1
2015,General Studies II,"Amendment process: the Constitution's dynamic/'living document' nature (Article 368), Basic Structure Doctrine as a judicial 'safety valve', and different majority-types required",1
2015,General Studies II,101st Amendment (GST): salient features and efficacy in building a common national market; 69th Amendment (NCT of Delhi) and federal friction; Article 311 safeguards for civil servants,1
2015,General Studies II,"Citizens' Charters: introduction, models, features, implementation issues in India, reform needs, and the Sevottam framework",1
2015,General Studies III,"Main features of industrial development: role of private/public sectors, investment/employment/productivity trends, disinvestment/privatization strategy, MSME role and government policy, New Manufacturing Policy, industrial corridors, SEZ issues (land use, relocation, tax-income loss vs export gains",2
2015,General Studies III,"Food processing and related industries: scope and significance, location, upstream/downstream requirements, supply-chain management, Mega Food Parks, FDI policy, notable sector trends, and budget/policy strategies",1
2015,General Studies III,"Space technology: orbit types, launch-vehicle classification, major agencies (ISRO, NASA, ESA, Roscosmos, JAXA, CNSA) and their missions, ISRO's national-development role, private-sector/PPP participation, cryogenics/nanosatellites/electric propulsion, satellite communication, remote sensing, naviga",1
2015,General Studies III,"Natural and man-made disasters: India's vulnerability profile — earthquakes, tsunamis, landslides, floods, droughts, epidemics, nuclear-reactor explosions, dam collapse, gas leakage, oil spills, volcanic eruptions, forest fires, chemical spills, hazardous-material spills, explosives, chemical/biolog",1
2015,General Studies III,"Technology in agriculture: data revolution, AI applications, social-security schemes for farmers (climate-smart agriculture, precision farming for input-wastage mitigation)",1
2015,General Studies III,"Land reforms: colonial-era ownership patterns (Zamindari, Ryotwari, Mahalwari), objectives and progress since Independence, ceiling-legislation progress, NITI Aayog's land-leasing report, and the SVAMITVA scheme",1
2015,General Studies III,"Basics of cyber security: types of cyber crimes, impact and required steps, ransomware incidents, India's cyber-security infrastructure, and the National Cyber Security Policy 2013",1
2015,General Studies III,"Electronics and telecommunications: computer generations and cloud computing, IT-enabled services, display technologies (LCD/LED/OLED/AMOLED), mobile generations, net neutrality, IoT, big-data/privacy issues, cyber-crime and security, and government digital-governance initiatives",1
2015,General Studies III,"Animal husbandry economics: dairy cooperative scaling, livestock disease management, and the economics of animal-rearing",1
2015,General Studies III,"Internal security challenges: social diversity as a security issue, neighbourhood-origin threats, non-state actors, global vulnerability indices, and the law-and-order vs internal-security distinction",1
2015,General Studies III,"Subsidies: farm/fertiliser/power/irrigation subsidies, issues of direct/indirect subsidies and MSP, objectives, gainer-loser resource transfer, buffer-stock/food-security issues, and technology missions",1
2015,General Studies III,"Robotics and AI: classification of robots, advantages/disadvantages, applications across sectors, neural networks, machine learning/deep learning, and AI-robotics convergence",1
2015,General Studies III,"Linkage between development and extremism: Left-Wing Extremism's stated purpose, its resonance with common people, Covid-19's effect on Naxalism, why LWE is deemed the biggest internal-security threat, and its nexus with illegal mining in forest tracts",1
2015,General Studies III,"Structural growth debates: savings rate/investment pattern/capital-output ratio as growth levers, manufacturing's limited capacity to absorb agricultural surplus labour, direct-tax reform and tax-to-GDP widening, GDP's agriculture-to-services shift without a manufacturing base, and the 'jobless grow",1
2015,General Studies III,"Agricultural finance: features, criteria and sources, problems, measures to improve credit flow, co-operative credit societies, derivative trade in agri-commodities, and institutions (commercial banks, lead-bank scheme, RRBs, NABARD, RBI, KCC, SHG-bank linkage, RIDF)",1
2015,General Studies III,"Foreign trade and international organisations: trade policy, India's Balance of Payments (current/capital account performance), exchange-rate determination and convertibility, the Bretton Woods twins (World Bank, IMF), WTO and India, regional development banks (ADB, NDB, BRICS Bank, AIIB), and bilat",1
2015,General Studies III,"Terrorism threat to India: changing face of terrorism, threats faced, the broader counter-terrorism framework, and drawbacks in intelligence infrastructure",1
2015,General Studies III,"Intellectual Property Rights: concept, types, international agreements/institutions, IPR regime in India, and the National IPR Policy",1
2015,General Studies IV,'Constitutional morality': concept and how it is enforced in a democratic system; social auditing as more than financial verification — an instrument of ethical governance,2
2015,General Studies IV,Frequently cited quotation-anchors for ethics answer-writing: Gandhi's 'Seven Sins' and 'the weak can never forgive'; Socrates' 'an unexamined life is not worth living'; Nehru on awakening women as key to awakening the nation; Jefferson's 'honesty is the first chapter in the book of wisdom' (intelle,2
2015,General Studies IV,"Case studies: whistleblowing, disclosure & confidentiality dilemmas: whistleblower/suspect pleading humanitarian delay, workplace-harassment complaint with a confidentiality request, industrial-pollution complaint against a politically-connected employer",1
2015,General Studies IV,"Case studies: crisis & resource-allocation dilemmas: drought-relief tanker capture by a 'tanker mafia', disaster resource-allocation triage (elite vs marginalised site), law-and-order vs root-cause balancing (illicit liquor), government-doctor private-practice neglect with union-strike threat",1
2015,General Studies IV,"Environmental ethics: linkage between ethics and environment, relevant theories, and the role of the individual",1
2015,General Studies IV,Distinguishing a 'Code of Conduct' from a 'Code of Ethics'; code of conduct for ministers/legislators/civil servants/regulators/judiciary,1
2015,General Studies IV,"Case studies: public-service integrity & corruption dilemmas: welfare-scheme 'ghost beneficiary' fraud amid caste sensitivities, law-enforcement bribery from an illegal-mining network, superior's personal-gain conflict-of-interest request, tax officer's technical-vs-substantial-compliance discretion",1
2015,General Studies IV,"Corruption in India: extent, dimension, and response; corruption as a social evil; probity in public life; exposing corruption via civil-society initiatives and the Whistleblower Act; tackling and controlling corruption via various institutional approaches",1
2015,General Studies IV,Concept of public service and the philosophical basis of governance/probity; public servants as 'trustees' of public power and financial resources,1
2015,General Studies IV,"International & security ethics (case studies): ethics in international relations (trade, war, climate finance), arbitration ethics, peacekeeping and humanitarian intervention, ethics of grey-zone warfare",1
2015,General Studies IV,Importance of EI at the workplace and in civil services; components of EI applied to conflict resolution and crisis-time administrative communication,1
2015,General Studies IV,"Case studies: development vs displacement/environment trade-offs: environmental clearance vs displacement/pollution trade-offs, court-ordered demolition vs livelihood/political pressure, factory-closure aftermath (unemployment vs environmental enforcement)",1
2015,General Studies IV,"Case studies: welfare-access & exclusion dilemmas: digital/biometric exclusion of a genuine welfare beneficiary, biometric-mandate exclusion of poor/labour children, eligibility-criteria strict-rule-vs-humane-exception dilemmas",1
2015,General Studies IV,"Case studies: public-safety & procurement dilemmas under pressure: infrastructure-safety cover-up under election-timeline pressure, defence-procurement L1-vs-clean-bidder dilemma, clinical-trial consent violations vs public-health urgency",1
2015,General Studies IV,Accountability vs Responsibility: distinguishing the two with a suitable example; utilisation of public funds and problems in fund release/utilisation; parliamentary control on expenditure,1
2015,General Studies IV,"Essence, determinants and consequences of ethics in human actions; approaches to ethical study (Indian vs Western perspectives); basic concepts of morality and value",1
2016,General Studies I,"Urbanization challenges: growth of the informal urban sector, smart cities as a management tool, flood vulnerability of major cities, rural-urban migration, emergence of slums, urban transport/waste/water-sanitation issues, urban poverty, and the Real Estate (Regulation & Development) Act 2016",2
2016,General Studies I,"Poverty and development issues: concept of development, Sen vs Bhagwati model, crisis of development",1
2016,General Studies I,Early Buddhist cave-art (Barabar and Nagarjuni caves) and its evolution into later western Indian cave traditions,1
2016,General Studies I,"Himalayan geomorphology & hazards: receding Himalayan glaciers, Himalayan landslides, tectonic deformation in northern plains, Chenab Valley land subsidence, expanding Himalayan glacial lakes",1
2016,General Studies I,'Adivasi' as a category: reasons for the term and geographic concentration of tribal populations; issues with tribal habitat in India,1
2016,General Studies I,"Communalism: meaning, historicity, role of third parties in inciting/perpetrating it, and whether it can be eradicated; regionalism's theories, manifestations, and possible remedies",1
2016,General Studies I,"Classical Temple Architecture: Nagara, Dravida, Vesara and regional sub-schools (Pallava, Chola, Pandya, Vijayanagara, Nayaka, Hoysala, Rashtrakuta, Kerala temples)",1
2016,General Studies I,"Migration patterns: internal migration shifts, distress migration, push/pull factors, emigration across colonial/post-independence/post-liberalisation periods, and remittance economies",1
2016,General Studies I,"Rise of Revolutionary Nationalism in India and abroad (Ghadar party, Abhinav Bharat, HSRA); role of Subhash Chandra Bose and the INA versus the Gandhian approach",1
2016,General Studies I,"Gandhian mass mobilization phases (Non-Cooperation, Civil Disobedience, Quit India) and the special role of women in this phase",1
2016,General Studies I,"Indus Valley Civilization: major cities and town-planning, internal/foreign trade, agriculture, domestication, crafts, weights and measures, script, society, religion, economy, burial system, and decline",1
2016,General Studies I,"Mineral and energy resources: metallic/non-metallic mineral types, distribution and mining regions, ferrous/non-ferrous metal production and trade, energy classification, conventional energy sources (coal, petroleum, natural gas, hydro-electricity), atomic energy (uranium/thorium), renewable energy ",1
2016,General Studies I,"The Revolt of 1857: causes, leaders, suppression, nature, and consequences as a watershed in British colonial policy",1
2016,General Studies I,"Colonialism and Imperialism: the age of imperialism (1870-1914), imperialism in Asia, and an analysis of colonialism",1
2016,General Studies I,"Linguistic reorganization of states and the Commissions (Dhar, JVP, Fazl Ali) — and whether it strengthened or weakened Indian unity; linguistic regionalism, constitutional language policy, and recent Hindi-language controversy",1
2016,General Studies I,"Settlement geography & disaster vulnerability: urban flooding, human-settlement surge in flood-prone areas, tribal-habitat issues",1
2016,General Studies I,"Transport and communication: land/water/air transport modes, sea routes and shipping canals, inland waterways, pipelines, and India-specific transport developments (RRTS, Odisha's coastal highway, AERA Act amendment)",1
2016,General Studies I,"Demographic transition: changes in population growth rates and distribution since Independence; population problems of developing vs developed countries; Malthusian, Marxian and Demographic Transition theories",1
2016,General Studies I,"Effects of globalization on Indian society: kinds of impact (economic, political, developmental, socio-cultural) and whether the impact is solely positive or negative",1
2016,General Studies I,"Water resources: underground/surface/inland/oceanic water resources, utilization patterns, water pollution, conservation techniques, river-interlinking projects, and the problem of ageing dams",1
2016,General Studies I,"Climatology: atmospheric composition and structure (exosphere to troposphere), insolation and heat balance, temperature distribution and inversion, atmospheric pressure and wind systems (pressure gradient/frictional/Coriolis forces), general/global circulation (Hadley/Ferrel/Polar cells), air masses",1
2016,General Studies II,"Political parties in India: reforms, problems in functioning, casteism and politics, anti-defection strengthening, and coalition-government dynamics",1
2016,General Studies II,"Evolution and key principles of Indian foreign policy: determinants, NAM/NAM 2.0, Panchsheel, India's nuclear doctrine, neighbourhood-policy evolution, Look/Act East and Look/Act West policies",1
2016,General Studies II,"Development process and industry: growth vs development, main constraints and stakeholders, SHGs (meaning, importance, institutional structure, funding, women's development linkage, poverty/rural-development linkage), and Micro Finance (meaning, structure, importance)",1
2016,General Studies II,"Constitutional Bodies: appointment transparency (CEC/EC selection process, CAG appointment/functions/powers), tenure security, and functional independence",1
2016,General Studies II,"Role of civil services in a democracy: concept and need for civil services, law-making role (policy formulation/implementation/evaluation), civil services as protector of minorities and promoter of inclusive growth, emerging challenges (lateral entry, capacity building, frequent transfers, cadre pol",1
2016,General Studies II,Right to Education Act's access-expansion vs persistent quality challenge; MGNREGA's asset-creation and distress-migration-reduction performance; National Rural Health Mission's implementation challenges; TPDS's effectiveness in reaching 'the poorest of the poor',1
2016,General Studies II,"Global institutions: UN structure (UNGA, UNSC and India's candidacy, ECOSOC), ICJ, UN specialised agencies (FAO, ICAO, ILO, IMO, ITU, UNESCO, IFAD, WHO, WMO, WIPO), World Bank",1
2016,General Studies II,"NGOs: definition and distinction from INGOs, UN criteria, role in development projects/community development/relief-rehabilitation/disaster management/advocacy",1
2016,General Studies II,"The Judiciary: integrated judicial system, Supreme Court composition/independence/jurisdiction/judicial-review/curative-petition, High Courts, lower judiciary, judicial appointments (collegium system, NJAC controversy), judicial accountability and corruption issues, PIL, judicial activism, and alter",1
2016,General Studies II,"Council of Ministers, Attorney General of India, and Parliament: composition of Lok Sabha/Rajya Sabha, qualification/disqualification, sessions, law-making procedure, officers, motions/resolutions, powers and privileges, financial proceedings, comparison of the two Houses, women's reservation in Par",1
2016,General Studies II,'Health for All' target vs structural health-infrastructure gaps; rising out-of-pocket health expenditure; commercialization of healthcare vs universal affordable public care,1
2016,General Studies II,Citizen's Charter and RTI Act: utility/limitations as accountability instruments; RTI's role in redefining accountability beyond mere citizen empowerment; flaws in RTI and improvement recommendations,1
2016,General Studies II,"Indian diaspora: role played, safety of Indians abroad, and welfare schemes for overseas Indians",1
2016,General Studies II,"Statutory/regulatory/quasi-judicial bodies: CVC, CBI, NHRC ('toothless tiger' critique), SHRC, Central/State Information Commission, NGT, SEBI, IRDA, TRAI, NCLAT, National Consumer Disputes Redressal Commission, Lokpal and Lokayukta, Planning Commission legacy, PMO, Zonal Council",1
2016,General Studies II,101st Amendment (GST): salient features and efficacy in building a common national market; 69th Amendment (NCT of Delhi) and federal friction; Article 311 safeguards for civil servants,1
2016,General Studies II,"India and neighbours: Nepal (water/hydropower cooperation, contentions, recommendations), Bhutan (economic overview, China issues), Afghanistan (development partnership, post-NATO options, Taliban presence), Bangladesh (development partnership, boundary agreements, Teesta dispute), Maldives (geostra",1
2016,General Studies II,"Local government: 73rd/74th Amendment provisions, functions of municipal corporations/councils/nagar panchayats, State Election/Finance Commission roles, Smart City Mission and municipal governance, Model Panchayat Citizens Charter",1
2016,General Studies II,"The Governor, Chief Minister, Advocate-General, and State Legislature: appointment, discretionary/ordinance/pardoning powers, composition of Vidhan Sabha/Parishad, legislative procedure, and inter-house relationships",1
2016,General Studies II,"Welfare schemes by constitutional arrangement: women welfare (gender technology gap, women in the political system, marriageable-age debate), child welfare, SC/ST/OBC welfare, caste census, minorities welfare, old-age welfare, and needed legislative reforms",1
2016,General Studies II,Fundamental Rights vs DPSPs: structural tension resolved via landmark pronouncements; scope expansion via the Right to Privacy judgment,1
2016,General Studies II,"Security challenges in the Indian Ocean Region: US pivot to Asia, South China Sea mistrust, Somalia piracy, neighbourhood terrorism, energy routes, fisheries/livelihood issues, environmental security, and Indian Ocean 'Zone of Peace' declaration",1
2016,General Studies III,"Security challenges in border areas: challenges to border management, community-participation approaches, non-demarcated border segments, and eastern-border illegal-migration security challenges",1
2016,General Studies III,"Social media and internal-security threats: regulation challenges, AI's dual role, and monitoring difficulties",1
2016,General Studies III,"Environmental Impact Assessment: executing body, effects analysed, EIA process, and the EIA notification of 1984 (procedural evolution)",1
2016,General Studies III,"Defence preparedness & terror financing: FATF's role in curbing terror financing, indigenization of defence production (Atmanirbhar Bharat), induction of S-400/Tejas Mk1A/indigenous missiles, biological/chemical-warfare preparedness (post-Covid), enhancements in intelligence agencies (RAW/IB/NIA)",1
2016,General Studies III,Landslide vulnerability of the Western Ghats and Himalayas: causes and mitigation strategies; institutional setups for chemical/industrial disaster management in urban-fringe clusters; cloudburst phenomenon and mountain-ecosystem vulnerability; multi-hazard resource-allocation dilemmas during live d,1
2016,General Studies III,"Structural growth debates: savings rate/investment pattern/capital-output ratio as growth levers, manufacturing's limited capacity to absorb agricultural surplus labour, direct-tax reform and tax-to-GDP widening, GDP's agriculture-to-services shift without a manufacturing base, and the 'jobless grow",1
2016,General Studies III,"Inclusive growth: meaning and concept of inclusion, India's inclusion experience, social-sector initiatives, ground reality of flagship schemes, rural-economy-based growth, sustainable agriculture/food-security linkage, PDS as a growth tool, financial inclusion, poverty-alleviation-and-employment st",1
2016,General Studies III,"Land reforms: colonial-era ownership patterns (Zamindari, Ryotwari, Mahalwari), objectives and progress since Independence, ceiling-legislation progress, NITI Aayog's land-leasing report, and the SVAMITVA scheme",1
2016,General Studies III,"Banking: structure/functions, RBI and bank types (public/private/foreign/regional-rural/local-area/specialized/small-finance/payments banks), nationalization history, banking-sector reform committees (Narasimhan, Nachiket Mor, P J Nayak), development-finance institutions, new bank-licence criteria, ",1
2016,General Studies III,"Terrorism threat to India: changing face of terrorism, threats faced, the broader counter-terrorism framework, and drawbacks in intelligence infrastructure",1
2016,General Studies III,"Nanoscience and nanotechnology: basics, nanomaterials, applications (medicine, semiconductors, food, textiles, sustainable energy, environment, transport, space, agriculture) and adverse health/environmental/ethical impacts",1
2016,General Studies III,"Case studies & sector-specific disaster risk: pandemic-preparedness funding, disaster-induced displacement, urban flood management, Joshimath crisis case study, Turkiye earthquake case-study lessons",1
2016,General Studies III,"Space technology: orbit types, launch-vehicle classification, major agencies (ISRO, NASA, ESA, Roscosmos, JAXA, CNSA) and their missions, ISRO's national-development role, private-sector/PPP participation, cryogenics/nanosatellites/electric propulsion, satellite communication, remote sensing, naviga",1
2016,General Studies III,"Technology in agriculture: data revolution, AI applications, social-security schemes for farmers (climate-smart agriculture, precision farming for input-wastage mitigation)",1
2016,General Studies III,"Role of agriculture in the Indian economy: historical background and current status, cropping systems (mono-cropping, crop rotation, sequential/inter/relay cropping), agriculture marketing, conclusive land titling, and the Biotech-KISAN programme",1
2016,General Studies III,"Investment models: need for and sources/measures of investment, domestic (public/private/PPP) and foreign (FDI/FII) investment models followed by India, and the role of the state",1
2016,General Studies III,"Crop insurance in India: historical background, issues, PMFBY, and comparison with earlier schemes",1
2016,General Studies IV,"Case studies: public-service integrity & corruption dilemmas: welfare-scheme 'ghost beneficiary' fraud amid caste sensitivities, law-enforcement bribery from an illegal-mining network, superior's personal-gain conflict-of-interest request, tax officer's technical-vs-substantial-compliance discretion",1
2016,General Studies IV,"Essence, determinants and consequences of ethics in human actions; approaches to ethical study (Indian vs Western perspectives); basic concepts of morality and value",1
2016,General Studies IV,Conscience vs conformity: whistleblowing dilemmas within rule-bound bureaucratic hierarchies (including the Edward Snowden case — legality vs moral obligation to inform the public),1
2016,General Studies IV,"Case studies: whistleblowing, disclosure & confidentiality dilemmas: whistleblower/suspect pleading humanitarian delay, workplace-harassment complaint with a confidentiality request, industrial-pollution complaint against a politically-connected employer",1
2016,General Studies IV,"Case studies: welfare-access & exclusion dilemmas: digital/biometric exclusion of a genuine welfare beneficiary, biometric-mandate exclusion of poor/labour children, eligibility-criteria strict-rule-vs-humane-exception dilemmas",1
2016,General Studies IV,Concept of public service and the philosophical basis of governance/probity; public servants as 'trustees' of public power and financial resources,1
2016,General Studies IV,Frequently cited quotation-anchors for ethics answer-writing: Gandhi's 'Seven Sins' and 'the weak can never forgive'; Socrates' 'an unexamined life is not worth living'; Nehru on awakening women as key to awakening the nation; Jefferson's 'honesty is the first chapter in the book of wisdom' (intelle,1
2016,General Studies IV,"Case studies: development vs displacement/environment trade-offs: environmental clearance vs displacement/pollution trade-offs, court-ordered demolition vs livelihood/political pressure, factory-closure aftermath (unemployment vs environmental enforcement)",1
2016,General Studies IV,"Administrative-management thinkers used as case anchors: Max Weber, Elton Mayo, Peter Drucker, Chester Barnard, Mary Parker Follett",1
2016,General Studies IV,"Corporate governance: concept, models of Corporate Social Responsibility, World Bank steps for good corporate governance, and norms for corporate governance in India; concept of business ethics",1
2016,General Studies IV,"Corruption in India: extent, dimension, and response; corruption as a social evil; probity in public life; exposing corruption via civil-society initiatives and the Whistleblower Act; tackling and controlling corruption via various institutional approaches",1
2016,General Studies IV,Distinguishing a 'Code of Conduct' from a 'Code of Ethics'; code of conduct for ministers/legislators/civil servants/regulators/judiciary,1
2016,General Studies IV,"The self-awareness cluster (understanding feelings, accurate self-assessment) and self-management cluster (managing internal states/impulses/resources)",1
2016,General Studies IV,Attitude-behaviour gap in civil-servant decision-making under political pressure; persuasion techniques in public communication and citizen behaviour-change campaigns,1
2016,General Studies IV,"Western philosophers used as ethics-paper anchors: Plato, Aristotle, Socrates, Jeremy Bentham, J.S. Mill, Thomas Hobbes, John Locke, Jean-Jacques Rousseau, John Rawls, Immanuel Kant (categorical imperative applied to public service), Carol Gilligan, Jean-Paul Sartre, Hegel, Confucius, Rene Descartes",1
2016,General Studies IV,Ethics in public life vs economic life; freedom and discipline; duties and rights; virtue ethics; consequences of ethics in human actions,1
2016,General Studies IV,"Attitude-formation model, impact of beliefs and values, group and social influences, persuasion tactics and tools",1
2017,General Studies I,"Water resources: underground/surface/inland/oceanic water resources, utilization patterns, water pollution, conservation techniques, river-interlinking projects, and the problem of ageing dams",2
2017,General Studies I,"Mineral and energy resources: metallic/non-metallic mineral types, distribution and mining regions, ferrous/non-ferrous metal production and trade, energy classification, conventional energy sources (coal, petroleum, natural gas, hydro-electricity), atomic energy (uranium/thorium), renewable energy ",1
2017,General Studies I,Deindustrialization of traditional artisanal industries and British economic policy's impact on the rural economy,1
2017,General Studies I,"Tsunami mechanism, wave properties, and effects",1
2017,General Studies I,Post-Mauryan and Jain sculptural traditions; Gupta-era sculpture and its 'golden age' craftsmanship,1
2017,General Studies I,"Miscellaneous cultural themes: handicrafts, Indian universities, cultural personalities, places of cultural interest, fairs and festivals, cultural institutions and awards, the calendar and eras, science and technology in ancient India, UNESCO heritage listings, legal provisions protecting cultural ",1
2017,General Studies I,Salient features and changes within Indian society and their repercussions; diversity of India and whether 'unity in diversity' is reality or a reconciled chimera,1
2017,General Studies I,"Communalism: meaning, historicity, role of third parties in inciting/perpetrating it, and whether it can be eradicated; regionalism's theories, manifestations, and possible remedies",1
2017,General Studies I,"Early nationalism: pre-Congress organisations, Indian National Congress (1858-1905), early nationalists vs Swadeshi/Extremist strategic factions, GoI Act 1909, Home Rule League",1
2017,General Studies I,Mid-18th century fragmented polity and the decline of the Mughal empire; Panipat as a recurring site of empire-shaking battles,1
2017,General Studies I,"World War II: foundations, course, aftermath, analysis, and the decolonization phase",1
2017,General Studies I,"Climate of India: factors influencing climate, monsoon mechanism (classical/modern/air-mass/jet-stream theories), El Nino-La Nina impact, rhythm of seasons, and climatic regions",1
2017,General Studies I,"Ocean & climate-system dynamics: mid-oceanic ridges and biodiversity, changing El Nino/La Nina patterns, Oceanic Nino Index, climate change's impact on ocean currents, slowdown in overturning circulation, marine heatwaves, cryosphere and climate change",1
2017,General Studies I,"Industrial localization parameters: distribution factors for iron-steel and cotton-textile industries in India, and why petroleum refineries are often sited away from crude-producing areas",1
2017,General Studies I,"Oceanography: hydrological cycle, ocean floor relief (continental shelf/slope, deep sea plain, trenches, mid-oceanic ridges, seamounts, submarine canyons, guyots, atolls), ocean water temperature/salinity/density distribution, tides and tidal currents, ocean currents (surface/deep, warm/cold) and th",1
2017,General Studies I,"Industry and industrial geography: industrial development phases, iron-and-steel/textile/engineering/chemical/agro-based/paper/cement/petroleum-refining industries and their localization factors, principal industrial regions of the world (Anglo-America, former USSR, Eastern Asia)",1
2017,General Studies I,"The struggle for Swaraj: Montagu's 1917 statement, Gandhi's emergence as a mass leader, Khilafat and Non-Cooperation, Swaraj Party, revolutionary terrorism phase II (1920s), Simon Commission and Nehru Report",1
2017,General Studies I,"Urbanization in India: pattern, issues, rural-urban migration, slum emergence, urban transport/waste/water-sanitation, urban poverty, and inclusive/smart-city responses",1
2017,General Studies I,"Origin and evolution of the Earth: early/modern (BBT) theories, star and planet formation, layered structure, evolution of lithosphere/atmosphere/hydrosphere, and origin of life",1
2017,General Studies I,"Children and vulnerable-section issues: child labour, child adoption, Juvenile Justice Act 2015, child trafficking, age of consent; tribal welfare (denotified tribes), LGBTQIA+ rights, disability rights, manual scavenging, marginalisation of sexual minorities",1
2017,General Studies II,"Council of Ministers, Attorney General of India, and Parliament: composition of Lok Sabha/Rajya Sabha, qualification/disqualification, sessions, law-making procedure, officers, motions/resolutions, powers and privileges, financial proceedings, comparison of the two Houses, women's reservation in Par",2
2017,General Studies II,The National Commission for SCs (constitutional-reservation enforcement including in religious-minority institutions); Rights of Persons with Disabilities Act 2016's administrative-capacity adequacy; National Commission for Women's strategizing capacity; need for an objective outcome-based review of,2
2017,General Studies II,"Elections in India: salient features of the Representation of People Acts 1950/1951, electoral reforms, criminalization of politics, negative/neutral voting, state funding of elections, irregularities in polling, and electoral bonds",2
2017,General Studies II,"Fundamental Rights: significance, definition of 'State', equality/freedom/exploitation/religion/cultural-educational/constitutional-remedies rights, Fundamental Rights and the Armed Forces, martial law, procedure-established-by-law vs due process of law, writs, restrictive limitations, rights outsid",2
2017,General Studies II,"Local government: 73rd/74th Amendment provisions, functions of municipal corporations/councils/nagar panchayats, State Election/Finance Commission roles, Smart City Mission and municipal governance, Model Panchayat Citizens Charter",1
2017,General Studies II,"Pressure groups and formal/informal associations: types, significance, distinction from political parties, politicisation of pressure groups, and their evolving role via new media",1
2017,General Studies II,"Poverty and hunger: definitional debates across committees, poverty data, causes, urban vs rural vs feminized poverty, poverty-alleviation measures and implementation problems, food-security programmes, and controversies in poverty-data estimation",1
2017,General Studies II,"Federalism, reservation & constitutional status: Article 31C, reservation on the basis of religion/domicile, sub-categorisation of SC/OBC, reservation in J&K, Ladakh's demand for 6th Schedule status, Article 370 verdict, Citizenship Amendment Act, Uniform Civil Code, comparative secularism (Indian v",1
2017,General Studies II,"Global institutions: UN structure (UNGA, UNSC and India's candidacy, ECOSOC), ICJ, UN specialised agencies (FAO, ICAO, ILO, IMO, ITU, UNESCO, IFAD, WHO, WMO, WIPO), World Bank",1
2017,General Studies II,"Digital Public Infrastructure: open-source stacks, data-privacy safeguards, and targeted-benefit optimization (e.g. Swachh Bharat Mission's water/sanitation/hygiene delivery synchronised with anticipated outcomes)",1
2017,General Studies II,101st Amendment (GST): salient features and efficacy in building a common national market; 69th Amendment (NCT of Delhi) and federal friction; Article 311 safeguards for civil servants,1
2017,General Studies II,"India and other regions: Africa (historical connections, South-South engagement, trade/investment/security cooperation), Australia (diaspora, economic ties, nuclear cooperation), France (strategic partnership), Germany (economic relations), UK (Brexit implications)",1
2017,General Studies II,"Multilateral relations: WTO (decision-making, Nairobi Package, IPR, reforms, agriculture issues, FTAs), IMF and reforms, nuclear-security architecture (NSG, MTCR, NPT), BRICS/BIMSTEC/IBSA/SAARC, India-ASEAN economic cooperation",1
2017,General Studies II,"Evolution and key principles of Indian foreign policy: determinants, NAM/NAM 2.0, Panchsheel, India's nuclear doctrine, neighbourhood-policy evolution, Look/Act East and Look/Act West policies",1
2017,General Studies II,"Major powers: Russia (strategic cooperation, Russia-China impact on India), China (economic relations, water disputes, String of Pearls, Maritime Silk Route/BRI implications, border disputes, South China Sea, CBMs), USA (strategic consultations, counter-terrorism, trade, energy/climate, S&T/space, d",1
2017,General Studies III,"Role of agriculture in the Indian economy: historical background and current status, cropping systems (mono-cropping, crop rotation, sequential/inter/relay cropping), agriculture marketing, conclusive land titling, and the Biotech-KISAN programme",2
2017,General Studies III,"Main features of industrial development: role of private/public sectors, investment/employment/productivity trends, disinvestment/privatization strategy, MSME role and government policy, New Manufacturing Policy, industrial corridors, SEZ issues (land use, relocation, tax-income loss vs export gains",2
2017,General Studies III,"Space technology: orbit types, launch-vehicle classification, major agencies (ISRO, NASA, ESA, Roscosmos, JAXA, CNSA) and their missions, ISRO's national-development role, private-sector/PPP participation, cryogenics/nanosatellites/electric propulsion, satellite communication, remote sensing, naviga",1
2017,General Studies III,"Inclusive growth: meaning and concept of inclusion, India's inclusion experience, social-sector initiatives, ground reality of flagship schemes, rural-economy-based growth, sustainable agriculture/food-security linkage, PDS as a growth tool, financial inclusion, poverty-alleviation-and-employment st",1
2017,General Studies III,"Basics of cyber security: types of cyber crimes, impact and required steps, ransomware incidents, India's cyber-security infrastructure, and the National Cyber Security Policy 2013",1
2017,General Studies III,"Insurgency in the North-East: issues/conflicts, Assam insurgency, and resolving the Bodo issue",1
2017,General Studies III,"Structural growth debates: savings rate/investment pattern/capital-output ratio as growth levers, manufacturing's limited capacity to absorb agricultural surplus labour, direct-tax reform and tax-to-GDP widening, GDP's agriculture-to-services shift without a manufacturing base, and the 'jobless grow",1
2017,General Studies III,"Subsidies: farm/fertiliser/power/irrigation subsidies, issues of direct/indirect subsidies and MSP, objectives, gainer-loser resource transfer, buffer-stock/food-security issues, and technology missions",1
2017,General Studies III,"Agricultural revolutions in India: Green, White (Operation Flood), Yellow, Blue, and Golden Fibre (jute) revolutions, and the future of Indian agriculture",1
2017,General Studies III,"Internal conflict & law-and-order: Naxal-Maoist major encounters, communal-tension mitigation, National Security Act applications, UAPA amendments",1
2017,General Studies III,"Nuclear energy: reaction types, civil/military applications, fuel cycle and centrifugation, reactor types, India's nuclear policy, radioactive-waste management, nuclear/radiological disaster preparedness, and institutions (DAE, AERB, BARC, IGCAR)",1
2017,General Studies III,"Climate change basics: greenhouse effect and global warming, international efforts to control climate change, ozone-layer depletion, acid rain, El Nino/La Nina",1
2017,General Studies III,"Biotechnology & medical science: nano-urea, CAR T-cell therapy, gene therapy for Hemophilia A, metagenome sequencing, human pan-genome map, mitochondrial-donation treatment",1
2017,General Studies III,"Industrial policy and development: Mahalanobis strategy, Industrial Policy Resolutions 1948/1956, New Economic Policy/liberalization/privatization/globalization, phases of industrial development, and effects on different sectors",1
2017,General Studies III,"Infrastructure: economic/social/environmental impact of infrastructure, transport (ports, inland waterways, roads, National Infrastructure Pipeline, Bharatmala, airports, railways, energy pipelines), negative externalities of transport, ownership/financing/pricing of public utilities, PPP project de",1
2017,General Studies III,"Terrorism threat to India: changing face of terrorism, threats faced, the broader counter-terrorism framework, and drawbacks in intelligence infrastructure",1
2017,General Studies III,"Fiscal policy: important budgetary/fiscal terms, government revenue/spending, revenue/fiscal/primary deficits and their financing",1
2017,General Studies III,"Food processing and related industries: scope and significance, location, upstream/downstream requirements, supply-chain management, Mega Food Parks, FDI policy, notable sector trends, and budget/policy strategies",1
2017,General Studies IV,Role of ethical values in governance and society; significance of value in civil services; society's and educational institutions' contribution to inculcating values; aesthetic values; values in work-life and professional ethics,3
2017,General Studies IV,"Essence, determinants and consequences of ethics in human actions; approaches to ethical study (Indian vs Western perspectives); basic concepts of morality and value",2
2017,General Studies IV,"Essential aptitude for civil servants; foundational values of civil services: neutrality, anonymity, accountability, integrity, humility, adaptability, magnanimity, perseverance, impartiality/non-partisanship, tolerance and compassion for the weaker sections, and contribution to society",2
2017,General Studies IV,Frequently cited quotation-anchors for ethics answer-writing: Gandhi's 'Seven Sins' and 'the weak can never forgive'; Socrates' 'an unexamined life is not worth living'; Nehru on awakening women as key to awakening the nation; Jefferson's 'honesty is the first chapter in the book of wisdom' (intelle,2
2017,General Studies IV,"Case studies: crisis & resource-allocation dilemmas: drought-relief tanker capture by a 'tanker mafia', disaster resource-allocation triage (elite vs marginalised site), law-and-order vs root-cause balancing (illicit liquor), government-doctor private-practice neglect with union-strike threat",1
2017,General Studies IV,"Can an administrator succeed on aptitude alone, without integrity? — the integrity-vs-competence debate; impartiality maintenance under political transfer-posting pressures",1
2017,General Studies IV,"Information sharing, transparency and Right to Information: importance of vigilant citizens, information-sharing/participation, flaws in RTI and improvement recommendations",1
2017,General Studies IV,"Case studies: whistleblowing, disclosure & confidentiality dilemmas: whistleblower/suspect pleading humanitarian delay, workplace-harassment complaint with a confidentiality request, industrial-pollution complaint against a politically-connected employer",1
2017,General Studies IV,Importance of EI at the workplace and in civil services; components of EI applied to conflict resolution and crisis-time administrative communication,1
2017,General Studies IV,"Corporate governance: concept, models of Corporate Social Responsibility, World Bank steps for good corporate governance, and norms for corporate governance in India; concept of business ethics",1
2017,General Studies IV,Moral judgements in international relations; ethical relation in funding international relations and the concept of moral responsibility; ethics in the working of international organisations,1
2017,General Studies IV,"Conflict of interest: definition, actual vs potential conflicts, with illustrative examples; administrative value conflicts in maintaining political neutrality while processing sensitive files",1
2017,General Studies IV,"Labour & social-welfare ethics (case studies): manual-scavenging as societal ethics, labour/worker ethics (working hours), live-in-relationship ethics, food-service safety ethics, consumerism, individual social responsibility, nudge ethics",1
2017,General Studies IV,"Case studies: public-safety & procurement dilemmas under pressure: infrastructure-safety cover-up under election-timeline pressure, defence-procurement L1-vs-clean-bidder dilemma, clinical-trial consent violations vs public-health urgency",1
2018,General Studies I,"Communalism: meaning, historicity, role of third parties in inciting/perpetrating it, and whether it can be eradicated; regionalism's theories, manifestations, and possible remedies",1
2018,General Studies I,"Re-organisation and integration of states: constitutional provisions, factors behind the merger, accession of princely states, J&K/Hyderabad/Junagarh crises, accession of French/Portuguese enclaves, accession of Sikkim, refugee rehabilitation, federal crisis, and national integration",1
2018,General Studies I,"History through the eyes of travellers: Ayodhya's historical narratives, Chinese pilgrim travellers, Arab travellers and cultural encounters",1
2018,General Studies I,"Plate tectonics: lithospheric plates (major/minor), plate boundary types (divergent/convergent/transform), rates and forces of plate movement, and the Indian plate's 71-million-year movement history",1
2018,General Studies I,"Gandhian mass mobilization phases (Non-Cooperation, Civil Disobedience, Quit India) and the special role of women in this phase",1
2018,General Studies I,"Water resources: underground/surface/inland/oceanic water resources, utilization patterns, water pollution, conservation techniques, river-interlinking projects, and the problem of ageing dams",1
2018,General Studies I,"Effects of globalization on Indian society: kinds of impact (economic, political, developmental, socio-cultural) and whether the impact is solely positive or negative",1
2018,General Studies I,Bhakti and Sufi movements: reach across age/gender/religious barriers; Sri Chaitanya's re-orientation; Vaishnava Acharyas' metaphysical foundations; Maharashtra Dharma; Brahmo Samaj and Ramakrishna Mission as 19th-century reform continuities,1
2018,General Studies I,"Role of women's organizations and SHGs in Indian history: types, level of penetration, problems faced, and the role of microfinance institutions",1
2018,General Studies I,"Caste system: structural resilience as a barrier to social mobility, and its adaptation to modernization/secularization",1
2018,General Studies I,"Poverty and development issues: concept of development, Sen vs Bhagwati model, crisis of development",1
2018,General Studies I,"Secularism: meaning, the Indian constitutional vantage point, comparison with the Western model, Gandhian view on religion, and threats to the secular spirit",1
2018,General Studies I,"Resource geopolitics: Arctic ice-melt causes/consequences, Arctic resource-driven geopolitical conflict, and mineral resource base as determined by geological structure",1
2018,General Studies I,UNESCO World Heritage sites of India: cultural criteria and conservation issues,1
2018,General Studies I,Coinage of India and inscriptions/coins as sources of history; Devadasi tradition; Aadi Mahotsav and tribal cultural empowerment; Dwarka and India's ancient maritime heritage; bronze art tradition from Indus Valley to medieval times; seals of the Indus Valley,1
2018,General Studies II,"India and Asian nations: Central Asian republics (Turkmenistan, Kazakhstan, Tajikistan; China's role; International North-South Transport Corridor; SCO), Mongolia, UAE, Iran (nuclear deal, US geo-economic considerations), Israel-Palestine and India-Israel relations, Saudi Arabia, Asia-Pacific groupi",3
2018,General Studies II,"Constitutional bodies: Election Commission, UPSC, State PSC, Finance Commission, GST Council, National Commission for SCs/STs, Special Officer for Linguistic Minorities, National Commission for Backward Classes; Non-Constitutional Bodies: NITI Aayog",2
2018,General Studies II,"Governance indices & accountability: domestic/international indices and rankings (GHI, NITI Aayog reports, NIRF), aspirational districts, SDGs and India",1
2018,General Studies II,"Government intervention: role of institutions/bureaucrats/stakeholders, transparency and accountability, optimum resource use (targeting, plugging leakages), monitoring and evaluation of outcomes, and interventions in emerging areas (social media, data privacy, social sector)",1
2018,General Studies II,"Comparative constitutionalism: Indian scheme vs USA, UK, France, and neighbouring constitutions",1
2018,General Studies II,"e-Governance: introduction, applications, models, successes/limitations/future prospects, dashboards/portals, democracy-and-e-governance linkage, and e-governance in the judiciary/legislature",1
2018,General Studies II,"Poverty and hunger: definitional debates across committees, poverty data, causes, urban vs rural vs feminized poverty, poverty-alleviation measures and implementation problems, food-security programmes, and controversies in poverty-data estimation",1
2018,General Studies II,"The Governor, Chief Minister, Advocate-General, and State Legislature: appointment, discretionary/ordinance/pardoning powers, composition of Vidhan Sabha/Parishad, legislative procedure, and inter-house relationships",1
2018,General Studies II,The National Commission for SCs (constitutional-reservation enforcement including in religious-minority institutions); Rights of Persons with Disabilities Act 2016's administrative-capacity adequacy; National Commission for Women's strategizing capacity; need for an objective outcome-based review of,1
2018,General Studies II,"Council of Ministers, Attorney General of India, and Parliament: composition of Lok Sabha/Rajya Sabha, qualification/disqualification, sessions, law-making procedure, officers, motions/resolutions, powers and privileges, financial proceedings, comparison of the two Houses, women's reservation in Par",1
2018,General Studies II,"Citizens' Charters: introduction, models, features, implementation issues in India, reform needs, and the Sevottam framework",1
2018,General Studies II,"Statutory/regulatory/quasi-judicial bodies: CVC, CBI, NHRC ('toothless tiger' critique), SHRC, Central/State Information Commission, NGT, SEBI, IRDA, TRAI, NCLAT, National Consumer Disputes Redressal Commission, Lokpal and Lokayukta, Planning Commission legacy, PMO, Zonal Council",1
2018,General Studies II,"Constitutional Bodies: appointment transparency (CEC/EC selection process, CAG appointment/functions/powers), tenure security, and functional independence",1
2018,General Studies II,"Elections in India: salient features of the Representation of People Acts 1950/1951, electoral reforms, criminalization of politics, negative/neutral voting, state funding of elections, irregularities in polling, and electoral bonds",1
2018,General Studies II,"Local government: 73rd/74th Amendment provisions, functions of municipal corporations/councils/nagar panchayats, State Election/Finance Commission roles, Smart City Mission and municipal governance, Model Panchayat Citizens Charter",1
2018,General Studies II,'Health for All' target vs structural health-infrastructure gaps; rising out-of-pocket health expenditure; commercialization of healthcare vs universal affordable public care,1
2018,General Studies II,"Major powers: Russia (strategic cooperation, Russia-China impact on India), China (economic relations, water disputes, String of Pearls, Maritime Silk Route/BRI implications, border disputes, South China Sea, CBMs), USA (strategic consultations, counter-terrorism, trade, energy/climate, S&T/space, d",1
2018,General Studies II,"Multilateral relations: WTO (decision-making, Nairobi Package, IPR, reforms, agriculture issues, FTAs), IMF and reforms, nuclear-security architecture (NSG, MTCR, NPT), BRICS/BIMSTEC/IBSA/SAARC, India-ASEAN economic cooperation",1
2018,General Studies II,"The President: importance, qualification, election procedure, powers (executive/legislative/emergency/financial/judicial), ordinance-making power, pardon power, impeachment, and misuse of emergency provisions",1
2018,General Studies III,"Role of agriculture in the Indian economy: historical background and current status, cropping systems (mono-cropping, crop rotation, sequential/inter/relay cropping), agriculture marketing, conclusive land titling, and the Biotech-KISAN programme",2
2018,General Studies III,Data security and the Justice B.N. Srikrishna Committee Report on personal data protection; drug trafficking's linkage to gunrunning/human trafficking; NPAs as a structural drag on the credit cycle for infrastructure,2
2018,General Studies III,Wetland conservation and the Ramsar 'wise use' concept with Indian Ramsar-site examples; the 'Organic State' (Sikkim) model's ecological/economic benefits; NavIC's civilian-application significance for agriculture,2
2018,General Studies III,"Biotechnology: genetic engineering process/applications, genomics/proteomics, RNA technologies, genome sequencing, environmental applications (bioremediation, carbon-capture tech), plant/animal biotechnology (GM crops, transgenics), food/beverage-industry applications, medical applications (gene edi",1
2018,General Studies III,"Sustainable development: principles, measurement of sustainability/equitable resource use, sustainable-lifestyle role of the individual, and international sustainability efforts",1
2018,General Studies III,"Disaster management, preparedness and mitigation: community-based management, government initiatives, National Disaster Management Act 2005, global DRR frameworks (Sendai vs earlier Hyogo Framework), disaster insurance, media's role, gender-sensitive disaster response, disaster-management cycle, NGO",1
2018,General Studies III,"Planning in India: objectives, history, Five-Year-Plan analysis, and Growth vs Development distinction (national income determination, GDP/GNP/NDP/NNP/per-capita income, HDI, gender-development index, poverty index, MDGs/SDGs)",1
2018,General Studies III,"Agriculture marketing: process and structure in India, importance, government measures (APMC Act analysis, e-NAM)",1
2018,General Studies III,"Linkage between development and extremism: Left-Wing Extremism's stated purpose, its resonance with common people, Covid-19's effect on Naxalism, why LWE is deemed the biggest internal-security threat, and its nexus with illegal mining in forest tracts",1
2018,General Studies III,"Environmental governance instruments: Biological Diversity Amendment Bill, Brazzaville Declaration",1
2018,General Studies III,"Agricultural revolutions in India: Green, White (Operation Flood), Yellow, Blue, and Golden Fibre (jute) revolutions, and the future of Indian agriculture",1
2018,General Studies III,"Fiscal policy: important budgetary/fiscal terms, government revenue/spending, revenue/fiscal/primary deficits and their financing",1
2018,General Studies III,"Marine & coastal ecosystem degradation: mangrove-ecosystem IUCN reports, Great Barrier Reef coral bleaching, Arctic Ocean marine heatwaves, coastal erosion, riverine deoxygenation, El Nino's impact on world lakes",1
2018,General Studies III,"Foundational science: chemistry basics (atomic structure, bonding, metallurgy, acids/bases, electro-chemistry, polymers, pharmaceuticals, biomolecules), physics basics (fundamental forces/particles, energy types, optics, EM spectrum, relativity, thermodynamics, waves), and biology basics (cell biolo",1
2018,General Studies III,"Nuclear energy: reaction types, civil/military applications, fuel cycle and centrifugation, reactor types, India's nuclear policy, radioactive-waste management, nuclear/radiological disaster preparedness, and institutions (DAE, AERB, BARC, IGCAR)",1
2018,General Studies III,"External sector & global economy: foreign-investment decline, de-dollarisation, global debt crisis, forex reserves, US-China trade war impact, India-Japan/EaEU FTAs, recession case studies (UK/Japan), Red Sea crisis, El Nino climate risk to growth",1
2018,General Studies III,"Important infrastructure schemes: PM Gati Shakti National Master Plan, PM MITRA textile parks, NaBFID, National Industrial Corridor Development Programme",1
2018,General Studies III,"Waste management: solid/hazardous/e-waste/biomedical/plastic-waste categories, management methods, poor-disposal effects, and landfill issues",1
2018,General Studies III,"Space technology: orbit types, launch-vehicle classification, major agencies (ISRO, NASA, ESA, Roscosmos, JAXA, CNSA) and their missions, ISRO's national-development role, private-sector/PPP participation, cryogenics/nanosatellites/electric propulsion, satellite communication, remote sensing, naviga",1
2018,General Studies III,"Subsidies: farm/fertiliser/power/irrigation subsidies, issues of direct/indirect subsidies and MSP, objectives, gainer-loser resource transfer, buffer-stock/food-security issues, and technology missions",1
2018,General Studies IV,Frequently cited quotation-anchors for ethics answer-writing: Gandhi's 'Seven Sins' and 'the weak can never forgive'; Socrates' 'an unexamined life is not worth living'; Nehru on awakening women as key to awakening the nation; Jefferson's 'honesty is the first chapter in the book of wisdom' (intelle,3
2018,General Studies IV,"Case studies: development vs displacement/environment trade-offs: environmental clearance vs displacement/pollution trade-offs, court-ordered demolition vs livelihood/political pressure, factory-closure aftermath (unemployment vs environmental enforcement)",2
2018,General Studies IV,"Case studies: public-service integrity & corruption dilemmas: welfare-scheme 'ghost beneficiary' fraud amid caste sensitivities, law-enforcement bribery from an illegal-mining network, superior's personal-gain conflict-of-interest request, tax officer's technical-vs-substantial-compliance discretion",2
2018,General Studies IV,Ethical concerns/dilemmas in public and private institutions; laws/rules/regulations vs conscience as sources of ethical guidance; accountability and ethical-governance strengthening,1
2018,General Studies IV,"Conflict of interest: definition, actual vs potential conflicts, with illustrative examples; administrative value conflicts in maintaining political neutrality while processing sensitive files",1
2018,General Studies IV,"Essential aptitude for civil servants; foundational values of civil services: neutrality, anonymity, accountability, integrity, humility, adaptability, magnanimity, perseverance, impartiality/non-partisanship, tolerance and compassion for the weaker sections, and contribution to society",1
2018,General Studies IV,"Essence, determinants and consequences of ethics in human actions; approaches to ethical study (Indian vs Western perspectives); basic concepts of morality and value",1
2018,General Studies IV,Conscience vs conformity: whistleblowing dilemmas within rule-bound bureaucratic hierarchies (including the Edward Snowden case — legality vs moral obligation to inform the public),1
2018,General Studies IV,"Case studies: crisis & resource-allocation dilemmas: drought-relief tanker capture by a 'tanker mafia', disaster resource-allocation triage (elite vs marginalised site), law-and-order vs root-cause balancing (illicit liquor), government-doctor private-practice neglect with union-strike threat",1
2018,General Studies IV,"Information sharing, transparency and Right to Information: importance of vigilant citizens, information-sharing/participation, flaws in RTI and improvement recommendations",1
2018,General Studies IV,Distinguishing a 'Code of Conduct' from a 'Code of Ethics'; code of conduct for ministers/legislators/civil servants/regulators/judiciary,1
2018,General Studies IV,"Indian moral/spiritual exemplars used as case anchors: Mahatma Gandhi, Dr S. Radhakrishnan, Rabindranath Tagore, Swami Dayanand Saraswati, Mahadeva Govinda Ranade, Sri Aurobindo, Swami Vivekananda, Sardar Patel, B.R. Ambedkar, Raja Ram Mohan Roy, Chhatrapati Shahu Maharaj, Kautilya's classical admin",1
2018,General Studies IV,Consequentialist vs Deontological (Kantian) moral boundaries in public-administration execution; Utilitarianism's concept and its critique when applied to minority protection,1
2018,General Studies IV,Concept of public service and the philosophical basis of governance/probity; public servants as 'trustees' of public power and financial resources,1
2018,General Studies IV,"Case studies: welfare-access & exclusion dilemmas: digital/biometric exclusion of a genuine welfare beneficiary, biometric-mandate exclusion of poor/labour children, eligibility-criteria strict-rule-vs-humane-exception dilemmas",1
2019,General Studies I,Salient features and changes within Indian society and their repercussions; diversity of India and whether 'unity in diversity' is reality or a reconciled chimera,2
2019,General Studies I,"Industry and industrial geography: industrial development phases, iron-and-steel/textile/engineering/chemical/agro-based/paper/cement/petroleum-refining industries and their localization factors, principal industrial regions of the world (Anglo-America, former USSR, Eastern Asia)",2
2019,General Studies I,"Water resources: underground/surface/inland/oceanic water resources, utilization patterns, water pollution, conservation techniques, river-interlinking projects, and the problem of ageing dams",2
2019,General Studies I,"Effects of globalization on Indian society: kinds of impact (economic, political, developmental, socio-cultural) and whether the impact is solely positive or negative",1
2019,General Studies I,"Gandhian mass mobilization phases (Non-Cooperation, Civil Disobedience, Quit India) and the special role of women in this phase",1
2019,General Studies I,"Women-related issues: hysterectomies, workforce participation gaps, gender disparities in poverty, women in corporate roles, abortion rights, gender digital divide, menstrual hygiene, surrogacy rules, sexual harassment at workplace, domestic violence, marital rape, women in STEM, female entrepreneur",1
2019,General Studies I,"Towards achievement of freedom: popular struggles in the princely states, WWII and nationalist response, Partition (rise of communalism, Wavell Plan, Cabinet Mission Plan, Mountbatten Plan)",1
2019,General Studies I,"Transport and communication: land/water/air transport modes, sea routes and shipping canals, inland waterways, pipelines, and India-specific transport developments (RRTS, Odisha's coastal highway, AERA Act amendment)",1
2019,General Studies I,"Oceanography: hydrological cycle, ocean floor relief (continental shelf/slope, deep sea plain, trenches, mid-oceanic ridges, seamounts, submarine canyons, guyots, atolls), ocean water temperature/salinity/density distribution, tides and tidal currents, ocean currents (surface/deep, warm/cold) and th",1
2019,General Studies I,"Evolution of Buddhist stupas (Sanchi, Amravati) and Gandhara, Mathura, Amravati schools of art; Gandhara sculpture's dual debt to Roman/Greek traditions",1
2019,General Studies I,"Demographic transition: changes in population growth rates and distribution since Independence; population problems of developing vs developed countries; Malthusian, Marxian and Demographic Transition theories",1
2019,General Studies I,"Socio-religious reform movements of the 19th century (Raja Ram Mohan Roy, Jyotirao Phule, Ishwar Chandra Vidyasagar, Ambedkar movement)",1
2019,General Studies I,"Secularism: meaning, the Indian constitutional vantage point, comparison with the Western model, Gandhian view on religion, and threats to the secular spirit",1
2019,General Studies I,"Himalayan geomorphology & hazards: receding Himalayan glaciers, Himalayan landslides, tectonic deformation in northern plains, Chenab Valley land subsidence, expanding Himalayan glacial lakes",1
2019,General Studies I,"French Revolution: causes, course, France under Napoleon, impact and significance for the modern world",1
2019,General Studies I,"The Revolt of 1857: causes, leaders, suppression, nature, and consequences as a watershed in British colonial policy",1
2019,General Studies II,"Federalism, reservation & constitutional status: Article 31C, reservation on the basis of religion/domicile, sub-categorisation of SC/OBC, reservation in J&K, Ladakh's demand for 6th Schedule status, Article 370 verdict, Citizenship Amendment Act, Uniform Civil Code, comparative secularism (Indian v",2
2019,General Studies II,"Council of Ministers, Attorney General of India, and Parliament: composition of Lok Sabha/Rajya Sabha, qualification/disqualification, sessions, law-making procedure, officers, motions/resolutions, powers and privileges, financial proceedings, comparison of the two Houses, women's reservation in Par",2
2019,General Studies II,"Important aspects of governance, transparency and accountability: citizen-centric governance, legislative/administrative/judicial accountability, Ombudsman, whistleblower protection, anti-corruption machinery (role of citizens/media/social audit), systemic reforms, decentralisation vs delegation, an",1
2019,General Studies II,"Poverty and hunger: definitional debates across committees, poverty data, causes, urban vs rural vs feminized poverty, poverty-alleviation measures and implementation problems, food-security programmes, and controversies in poverty-data estimation",1
2019,General Studies II,"Separation of powers: features in American/UK constitutions, checks-and-balances in the Indian scheme, judicial review, and the concept's practical limits",1
2019,General Studies II,"Need and importance of government policies: growth/development, human capital formation, equality and social justice, unity and integrity, trust between state and citizens; governance meaning/scope and the good-governance debate",1
2019,General Studies II,"Digital Public Infrastructure: open-source stacks, data-privacy safeguards, and targeted-benefit optimization (e.g. Swachh Bharat Mission's water/sanitation/hygiene delivery synchronised with anticipated outcomes)",1
2019,General Studies II,"Major powers: Russia (strategic cooperation, Russia-China impact on India), China (economic relations, water disputes, String of Pearls, Maritime Silk Route/BRI implications, border disputes, South China Sea, CBMs), USA (strategic consultations, counter-terrorism, trade, energy/climate, S&T/space, d",1
2019,General Studies II,"India and Asian nations: Central Asian republics (Turkmenistan, Kazakhstan, Tajikistan; China's role; International North-South Transport Corridor; SCO), Mongolia, UAE, Iran (nuclear deal, US geo-economic considerations), Israel-Palestine and India-Israel relations, Saudi Arabia, Asia-Pacific groupi",1
2019,General Studies II,"Local government: 73rd/74th Amendment provisions, functions of municipal corporations/councils/nagar panchayats, State Election/Finance Commission roles, Smart City Mission and municipal governance, Model Panchayat Citizens Charter",1
2019,General Studies II,Vulnerable-sections governance: issues/challenges/solutions/laws/interventions for SC/ST/OBC/migrants/women/disabled/children/refugees/transgenders/LGBT/manual scavengers,1
2019,General Studies II,"Judiciary, rights & rule of law: right to personality, right to vote for undertrials, curative petition, tribunals in India, criminal law reforms, All India Judicial Services, Supreme Court case-burden, contempt of court, freedom of press, special/local laws, ED and PMLA",1
2019,General Studies II,"Inclusive growth: measurement criteria, government initiatives, basic amenities (housing/drinking water/sanitation), sustainable and rural development, panchayati raj linkage",1
2019,General Studies II,"Amendment process: the Constitution's dynamic/'living document' nature (Article 368), Basic Structure Doctrine as a judicial 'safety valve', and different majority-types required",1
2019,General Studies II,"Global institutions: UN structure (UNGA, UNSC and India's candidacy, ECOSOC), ICJ, UN specialised agencies (FAO, ICAO, ILO, IMO, ITU, UNESCO, IFAD, WHO, WMO, WIPO), World Bank",1
2019,General Studies II,"Pressure groups and formal/informal associations: types, significance, distinction from political parties, politicisation of pressure groups, and their evolving role via new media",1
2019,General Studies II,"Evolution and key principles of Indian foreign policy: determinants, NAM/NAM 2.0, Panchsheel, India's nuclear doctrine, neighbourhood-policy evolution, Look/Act East and Look/Act West policies",1
2019,General Studies II,"Elections in India: salient features of the Representation of People Acts 1950/1951, electoral reforms, criminalization of politics, negative/neutral voting, state funding of elections, irregularities in polling, and electoral bonds",1
2019,General Studies III,"Internal conflict & law-and-order: Naxal-Maoist major encounters, communal-tension mitigation, National Security Act applications, UAPA amendments",2
2019,General Studies III,"Disaster management, preparedness and mitigation: community-based management, government initiatives, National Disaster Management Act 2005, global DRR frameworks (Sendai vs earlier Hyogo Framework), disaster insurance, media's role, gender-sensitive disaster response, disaster-management cycle, NGO",2
2019,General Studies III,"Food processing and related industries: scope and significance, location, upstream/downstream requirements, supply-chain management, Mega Food Parks, FDI policy, notable sector trends, and budget/policy strategies",1
2019,General Studies III,"Agricultural revolutions in India: Green, White (Operation Flood), Yellow, Blue, and Golden Fibre (jute) revolutions, and the future of Indian agriculture",1
2019,General Studies III,"Fiscal policy: important budgetary/fiscal terms, government revenue/spending, revenue/fiscal/primary deficits and their financing",1
2019,General Studies III,"Taxation: principles/objectives, tax system and current policy in India, GST progress, tax reforms, and retrospective taxation debates",1
2019,General Studies III,"Space missions & policy: PRATUSH lunar telescope, NISAR mission, Aditya-L1, Chandrayaan-3, Indian Space Policy 2023, SSLV-D2, Artemis mission, ILMT, POEM-3 and space debris",1
2019,General Studies III,"Sustainable development: principles, measurement of sustainability/equitable resource use, sustainable-lifestyle role of the individual, and international sustainability efforts",1
2019,General Studies III,"Biomes and aquatic life zones: forest/grassland/mountain/desert ecosystems, ocean/river/lake/wetland aquatic ecosystems, coral reefs (in India and globally), mangroves, freshwater resources, and the Ramsar Convention/Montreux Record",1
2019,General Studies III,"Coastal ecosystem management: mangroves, estuaries, coral reefs — importance, threats, and legal/regulatory protection approaches",1
2019,General Studies III,"Biotechnology: genetic engineering process/applications, genomics/proteomics, RNA technologies, genome sequencing, environmental applications (bioremediation, carbon-capture tech), plant/animal biotechnology (GM crops, transgenics), food/beverage-industry applications, medical applications (gene edi",1
2019,General Studies III,"Public Distribution System: objectives, functioning, limitations, revamping from universal to targeted PDS, cost-benefit analysis, buffer-stock policy, and the Food Security Bill's resource-mobilization/criticism debate",1
2019,General Studies III,"Role of agriculture in the Indian economy: historical background and current status, cropping systems (mono-cropping, crop rotation, sequential/inter/relay cropping), agriculture marketing, conclusive land titling, and the Biotech-KISAN programme",1
2019,General Studies III,"Ecology fundamentals: types/scope, habitat and ecological niche, ecological principles/community structure, food chains/webs, energy-flow models, ecological pyramids, biomagnification, biological control, organic farming, and ecological succession",1
2019,General Studies III,"Basics of cyber security: types of cyber crimes, impact and required steps, ransomware incidents, India's cyber-security infrastructure, and the National Cyber Security Policy 2013",1
2019,General Studies III,"Planning in India: objectives, history, Five-Year-Plan analysis, and Growth vs Development distinction (national income determination, GDP/GNP/NDP/NNP/per-capita income, HDI, gender-development index, poverty index, MDGs/SDGs)",1
2019,General Studies III,"Insurgency in the North-East: issues/conflicts, Assam insurgency, and resolving the Bodo issue",1
2019,General Studies III,"Minerals and environmental degradation: mining's direct/indirect impacts, international mining laws, and sustainable-mining regulation in India",1
2019,General Studies III,"Intellectual Property Rights: concept, types, international agreements/institutions, IPR regime in India, and the National IPR Policy",1
2019,General Studies IV,Frequently cited quotation-anchors for ethics answer-writing: Gandhi's 'Seven Sins' and 'the weak can never forgive'; Socrates' 'an unexamined life is not worth living'; Nehru on awakening women as key to awakening the nation; Jefferson's 'honesty is the first chapter in the book of wisdom' (intelle,2
2019,General Studies IV,"Corruption in India: extent, dimension, and response; corruption as a social evil; probity in public life; exposing corruption via civil-society initiatives and the Whistleblower Act; tackling and controlling corruption via various institutional approaches",2
2019,General Studies IV,"Essential aptitude for civil servants; foundational values of civil services: neutrality, anonymity, accountability, integrity, humility, adaptability, magnanimity, perseverance, impartiality/non-partisanship, tolerance and compassion for the weaker sections, and contribution to society",2
2019,General Studies IV,"Conflict of interest: definition, actual vs potential conflicts, with illustrative examples; administrative value conflicts in maintaining political neutrality while processing sensitive files",1
2019,General Studies IV,"Information sharing, transparency and Right to Information: importance of vigilant citizens, information-sharing/participation, flaws in RTI and improvement recommendations",1
2019,General Studies IV,"Can an administrator succeed on aptitude alone, without integrity? — the integrity-vs-competence debate; impartiality maintenance under political transfer-posting pressures",1
2019,General Studies IV,"Case studies: whistleblowing, disclosure & confidentiality dilemmas: whistleblower/suspect pleading humanitarian delay, workplace-harassment complaint with a confidentiality request, industrial-pollution complaint against a politically-connected employer",1
2019,General Studies IV,"Case studies: public-service integrity & corruption dilemmas: welfare-scheme 'ghost beneficiary' fraud amid caste sensitivities, law-enforcement bribery from an illegal-mining network, superior's personal-gain conflict-of-interest request, tax officer's technical-vs-substantial-compliance discretion",1
2019,General Studies IV,Importance of EI at the workplace and in civil services; components of EI applied to conflict resolution and crisis-time administrative communication,1
2019,General Studies IV,"Indian moral/spiritual exemplars used as case anchors: Mahatma Gandhi, Dr S. Radhakrishnan, Rabindranath Tagore, Swami Dayanand Saraswati, Mahadeva Govinda Ranade, Sri Aurobindo, Swami Vivekananda, Sardar Patel, B.R. Ambedkar, Raja Ram Mohan Roy, Chhatrapati Shahu Maharaj, Kautilya's classical admin",1
2019,General Studies IV,"Components of a Citizen's Charter and steps in its formulation; concept of work culture, the Indian approach to work, methods of improving work culture, and quality of service delivery",1
2019,General Studies IV,Conscience vs conformity: whistleblowing dilemmas within rule-bound bureaucratic hierarchies (including the Edward Snowden case — legality vs moral obligation to inform the public),1
2019,General Studies IV,"Case studies: crisis & resource-allocation dilemmas: drought-relief tanker capture by a 'tanker mafia', disaster resource-allocation triage (elite vs marginalised site), law-and-order vs root-cause balancing (illicit liquor), government-doctor private-practice neglect with union-strike threat",1
2019,General Studies IV,Concept of public service and the philosophical basis of governance/probity; public servants as 'trustees' of public power and financial resources,1
2019,General Studies IV,Accountability vs Responsibility: distinguishing the two with a suitable example; utilisation of public funds and problems in fund release/utilisation; parliamentary control on expenditure,1
2019,General Studies IV,'Constitutional morality': concept and how it is enforced in a democratic system; social auditing as more than financial verification — an instrument of ethical governance,1
2020,General Studies I,"Mineral and energy resources: metallic/non-metallic mineral types, distribution and mining regions, ferrous/non-ferrous metal production and trade, energy classification, conventional energy sources (coal, petroleum, natural gas, hydro-electricity), atomic energy (uranium/thorium), renewable energy ",2
2020,General Studies I,"Water resources: underground/surface/inland/oceanic water resources, utilization patterns, water pollution, conservation techniques, river-interlinking projects, and the problem of ageing dams",2
2020,General Studies I,"Effects of globalization on Indian society: kinds of impact (economic, political, developmental, socio-cultural) and whether the impact is solely positive or negative",2
2020,General Studies I,"The struggle for Swaraj: Montagu's 1917 statement, Gandhi's emergence as a mass leader, Khilafat and Non-Cooperation, Swaraj Party, revolutionary terrorism phase II (1920s), Simon Commission and Nehru Report",1
2020,General Studies I,"Caste system: structural resilience as a barrier to social mobility, and its adaptation to modernization/secularization",1
2020,General Studies I,Salient features and changes within Indian society and their repercussions; diversity of India and whether 'unity in diversity' is reality or a reconciled chimera,1
2020,General Studies I,"Communalism: meaning, historicity, role of third parties in inciting/perpetrating it, and whether it can be eradicated; regionalism's theories, manifestations, and possible remedies",1
2020,General Studies I,"Himalayan geomorphology & hazards: receding Himalayan glaciers, Himalayan landslides, tectonic deformation in northern plains, Chenab Valley land subsidence, expanding Himalayan glacial lakes",1
2020,General Studies I,"Mauryan art and architecture (Ashokan pillars, polishing techniques, and rock-cut caves)",1
2020,General Studies I,"Socio-religious reform movements of the 19th century (Raja Ram Mohan Roy, Jyotirao Phule, Ishwar Chandra Vidyasagar, Ambedkar movement)",1
2020,General Studies I,"Religions in India: pre-Vedic religion, Hinduism, Buddhism, Jainism, Sikhism, Islam, Christianity, Zoroastrianism, Judaism; Indian philosophy (Adi Shankaracharya, Upanishads, heterodox sects, Tantrism)",1
2020,General Studies I,"River-basin & water-resource management: Indus dam construction prospects/challenges, integrated river-basin management, shrinking reservoir water, declining groundwater, multipurpose projects and regional development",1
2020,General Studies I,"Education-sector issues: public schools, NIPUN Bharat Mission, Anusandhan National Research Foundation Act 2023, National Curriculum Framework for School Education, Performance Grading Index, higher-education reforms (deemed universities, foreign HEIs, National Credit Framework, accreditation)",1
2020,General Studies I,"Settlement geography & disaster vulnerability: urban flooding, human-settlement surge in flood-prone areas, tribal-habitat issues",1
2020,General Studies I,"Soils and natural vegetation of India: soil classification/texture/degradation/conservation; forest types, cover, conservation, and problems",1
2020,General Studies I,"Early nationalism: pre-Congress organisations, Indian National Congress (1858-1905), early nationalists vs Swadeshi/Extremist strategic factions, GoI Act 1909, Home Rule League",1
2020,General Studies I,"Volcanism: shield/composite/caldera/flood-basalt/mid-ocean-ridge types, lava types, intrusive landforms (batholiths, laccoliths, lapoliths, phacoliths, sills, dykes), extrusive landforms, geysers/hot springs, and global distribution (Pacific Ring of Fire)",1
2020,General Studies I,"History through the eyes of travellers: Ayodhya's historical narratives, Chinese pilgrim travellers, Arab travellers and cultural encounters",1
2020,General Studies I,"Major early medieval dynasties (750-1200): Pratiharas, Palas, Rashtrakutas, tripartite conflict, Senas, Rajputs, Pallavas, Chalukyas, and the concept of Indian feudalism",1
2020,General Studies I,"Industrial localization parameters: distribution factors for iron-steel and cotton-textile industries in India, and why petroleum refineries are often sited away from crude-producing areas",1
2020,General Studies I,"Development & welfare indicators: socio-economic inequality, climate change and food insecurity, One Nation One Ration Card, Human Development Index, universal social welfare",1
2020,General Studies II,"Council of Ministers, Attorney General of India, and Parliament: composition of Lok Sabha/Rajya Sabha, qualification/disqualification, sessions, law-making procedure, officers, motions/resolutions, powers and privileges, financial proceedings, comparison of the two Houses, women's reservation in Par",2
2020,General Studies II,"Major powers: Russia (strategic cooperation, Russia-China impact on India), China (economic relations, water disputes, String of Pearls, Maritime Silk Route/BRI implications, border disputes, South China Sea, CBMs), USA (strategic consultations, counter-terrorism, trade, energy/climate, S&T/space, d",2
2020,General Studies II,"Federalism, reservation & constitutional status: Article 31C, reservation on the basis of religion/domicile, sub-categorisation of SC/OBC, reservation in J&K, Ladakh's demand for 6th Schedule status, Article 370 verdict, Citizenship Amendment Act, Uniform Civil Code, comparative secularism (Indian v",2
2020,General Studies II,"Elections in India: salient features of the Representation of People Acts 1950/1951, electoral reforms, criminalization of politics, negative/neutral voting, state funding of elections, irregularities in polling, and electoral bonds",1
2020,General Studies II,"Role of civil services in a democracy: concept and need for civil services, law-making role (policy formulation/implementation/evaluation), civil services as protector of minorities and promoter of inclusive growth, emerging challenges (lateral entry, capacity building, frequent transfers, cadre pol",1
2020,General Studies II,"e-Governance: introduction, applications, models, successes/limitations/future prospects, dashboards/portals, democracy-and-e-governance linkage, and e-governance in the judiciary/legislature",1
2020,General Studies II,Citizen's Charter and RTI Act: utility/limitations as accountability instruments; RTI's role in redefining accountability beyond mere citizen empowerment; flaws in RTI and improvement recommendations,1
2020,General Studies II,"Separation of powers: features in American/UK constitutions, checks-and-balances in the Indian scheme, judicial review, and the concept's practical limits",1
2020,General Studies II,"Constitutional bodies: Election Commission, UPSC, State PSC, Finance Commission, GST Council, National Commission for SCs/STs, Special Officer for Linguistic Minorities, National Commission for Backward Classes; Non-Constitutional Bodies: NITI Aayog",1
2020,General Studies II,"Poverty and hunger: definitional debates across committees, poverty data, causes, urban vs rural vs feminized poverty, poverty-alleviation measures and implementation problems, food-security programmes, and controversies in poverty-data estimation",1
2020,General Studies II,"Global institutions: UN structure (UNGA, UNSC and India's candidacy, ECOSOC), ICJ, UN specialised agencies (FAO, ICAO, ILO, IMO, ITU, UNESCO, IFAD, WHO, WMO, WIPO), World Bank",1
2020,General Studies II,"Indian diaspora: role played, safety of Indians abroad, and welfare schemes for overseas Indians",1
2020,General Studies II,"Comparative constitutionalism: Indian scheme vs USA, UK, France, and neighbouring constitutions",1
2020,General Studies II,'Health for All' target vs structural health-infrastructure gaps; rising out-of-pocket health expenditure; commercialization of healthcare vs universal affordable public care,1
2020,General Studies II,"Local government and governance: issues of funds/functions/functionaries, local government's interface with vulnerable sections and emerging issues (disaster management, technology), localism/neo-localism/subsidiarity",1
2020,General Studies II,"Health, education and human-resource services: India's education structure (primary/secondary/higher), GOI education initiatives and reform recommendations, skill-development indicators, private-and-public health structure, NITI Aayog health reports, and SDGs linkage",1
2020,General Studies II,"Development process and industry: growth vs development, main constraints and stakeholders, SHGs (meaning, importance, institutional structure, funding, women's development linkage, poverty/rural-development linkage), and Micro Finance (meaning, structure, importance)",1
2020,General Studies III,"Security challenges in border areas: challenges to border management, community-participation approaches, non-demarcated border segments, and eastern-border illegal-migration security challenges",2
2020,General Studies III,"Technology in agriculture: data revolution, AI applications, social-security schemes for farmers (climate-smart agriculture, precision farming for input-wastage mitigation)",1
2020,General Studies III,"Role of agriculture in the Indian economy: historical background and current status, cropping systems (mono-cropping, crop rotation, sequential/inter/relay cropping), agriculture marketing, conclusive land titling, and the Biotech-KISAN programme",1
2020,General Studies III,"Disaster management, preparedness and mitigation: community-based management, government initiatives, National Disaster Management Act 2005, global DRR frameworks (Sendai vs earlier Hyogo Framework), disaster insurance, media's role, gender-sensitive disaster response, disaster-management cycle, NGO",1
2020,General Studies III,"Basics of cyber security: types of cyber crimes, impact and required steps, ransomware incidents, India's cyber-security infrastructure, and the National Cyber Security Policy 2013",1
2020,General Studies III,"Forest & land degradation: soil-erosion crisis, forest fires, market-based forest-conservation approaches, Amazon forest fires, desertification, Aravalli mining",1
2020,General Studies III,"Nanoscience and nanotechnology: basics, nanomaterials, applications (medicine, semiconductors, food, textiles, sustainable energy, environment, transport, space, agriculture) and adverse health/environmental/ethical impacts",1
2020,General Studies III,"Agriculture marketing: process and structure in India, importance, government measures (APMC Act analysis, e-NAM)",1
2020,General Studies III,"Planning in India: objectives, history, Five-Year-Plan analysis, and Growth vs Development distinction (national income determination, GDP/GNP/NDP/NNP/per-capita income, HDI, gender-development index, poverty index, MDGs/SDGs)",1
2020,General Studies III,"Air pollution & control regimes: nitrogen pollution, radioactive discharges, acid rain impact, coal-plant SO2 control, GRAP in NCR, metal-mining pollution, World Air Quality Report",1
2020,General Studies III,"Linkage between development and extremism: Left-Wing Extremism's stated purpose, its resonance with common people, Covid-19's effect on Naxalism, why LWE is deemed the biggest internal-security threat, and its nexus with illegal mining in forest tracts",1
2020,General Studies III,"Food processing and related industries: scope and significance, location, upstream/downstream requirements, supply-chain management, Mega Food Parks, FDI policy, notable sector trends, and budget/policy strategies",1
2020,General Studies III,"AI, digital technology & recognition: AI safety/law developments, deepfakes, facial-recognition tech, recent Indian achievements in international science awards (Nobel, Shaw Prize, Blavatnik Awards, National Medal of Science)",1
2020,General Studies III,"Environmental Impact Assessment: executing body, effects analysed, EIA process, and the EIA notification of 1984 (procedural evolution)",1
2020,General Studies III,"Sustainable development: principles, measurement of sustainability/equitable resource use, sustainable-lifestyle role of the individual, and international sustainability efforts",1
2020,General Studies III,"Taxation: principles/objectives, tax system and current policy in India, GST progress, tax reforms, and retrospective taxation debates",1
2020,General Studies III,"Investment models: need for and sources/measures of investment, domestic (public/private/PPP) and foreign (FDI/FII) investment models followed by India, and the role of the state",1
2020,General Studies IV,"Essence, determinants and consequences of ethics in human actions; approaches to ethical study (Indian vs Western perspectives); basic concepts of morality and value",2
2020,General Studies IV,"Indian moral/spiritual exemplars used as case anchors: Mahatma Gandhi, Dr S. Radhakrishnan, Rabindranath Tagore, Swami Dayanand Saraswati, Mahadeva Govinda Ranade, Sri Aurobindo, Swami Vivekananda, Sardar Patel, B.R. Ambedkar, Raja Ram Mohan Roy, Chhatrapati Shahu Maharaj, Kautilya's classical admin",2
2020,General Studies IV,"Honour killing (why it is unethical, role of khap panchayats); marital rape (arguments for/against criminalization and the hurdles); child labour (children's rights, corporate role, solutions, consumer's role)",1
2020,General Studies IV,Accountability vs Responsibility: distinguishing the two with a suitable example; utilisation of public funds and problems in fund release/utilisation; parliamentary control on expenditure,1
2020,General Studies IV,"Case studies: crisis & resource-allocation dilemmas: drought-relief tanker capture by a 'tanker mafia', disaster resource-allocation triage (elite vs marginalised site), law-and-order vs root-cause balancing (illicit liquor), government-doctor private-practice neglect with union-strike threat",1
2020,General Studies IV,Moral judgements in international relations; ethical relation in funding international relations and the concept of moral responsibility; ethics in the working of international organisations,1
2020,General Studies IV,"Western philosophers used as ethics-paper anchors: Plato, Aristotle, Socrates, Jeremy Bentham, J.S. Mill, Thomas Hobbes, John Locke, Jean-Jacques Rousseau, John Rawls, Immanuel Kant (categorical imperative applied to public service), Carol Gilligan, Jean-Paul Sartre, Hegel, Confucius, Rene Descartes",1
2020,General Studies IV,"Case studies: development vs displacement/environment trade-offs: environmental clearance vs displacement/pollution trade-offs, court-ordered demolition vs livelihood/political pressure, factory-closure aftermath (unemployment vs environmental enforcement)",1
2020,General Studies IV,Frequently cited quotation-anchors for ethics answer-writing: Gandhi's 'Seven Sins' and 'the weak can never forgive'; Socrates' 'an unexamined life is not worth living'; Nehru on awakening women as key to awakening the nation; Jefferson's 'honesty is the first chapter in the book of wisdom' (intelle,1
2020,General Studies IV,"International & security ethics (case studies): ethics in international relations (trade, war, climate finance), arbitration ethics, peacekeeping and humanitarian intervention, ethics of grey-zone warfare",1
2020,General Studies IV,Values and ethics in government; the family's contribution to value education; role of family/society/educational institutions in inculcating values,1
2020,General Studies IV,"Case studies: public-service integrity & corruption dilemmas: welfare-scheme 'ghost beneficiary' fraud amid caste sensitivities, law-enforcement bribery from an illegal-mining network, superior's personal-gain conflict-of-interest request, tax officer's technical-vs-substantial-compliance discretion",1
2020,General Studies IV,Role of ethical values in governance and society; significance of value in civil services; society's and educational institutions' contribution to inculcating values; aesthetic values; values in work-life and professional ethics,1
2020,General Studies IV,"Attitude-formation model, impact of beliefs and values, group and social influences, persuasion tactics and tools",1
2020,General Studies IV,Theories associated with emotional intelligence and whether EI can be developed; components of emotional competence,1
2021,General Studies I,"Mineral and energy resources: metallic/non-metallic mineral types, distribution and mining regions, ferrous/non-ferrous metal production and trade, energy classification, conventional energy sources (coal, petroleum, natural gas, hydro-electricity), atomic energy (uranium/thorium), renewable energy ",2
2021,General Studies I,"Himalayan geomorphology & hazards: receding Himalayan glaciers, Himalayan landslides, tectonic deformation in northern plains, Chenab Valley land subsidence, expanding Himalayan glacial lakes",2
2021,General Studies I,"Water resources: underground/surface/inland/oceanic water resources, utilization patterns, water pollution, conservation techniques, river-interlinking projects, and the problem of ageing dams",2
2021,General Studies I,"Industry and industrial geography: industrial development phases, iron-and-steel/textile/engineering/chemical/agro-based/paper/cement/petroleum-refining industries and their localization factors, principal industrial regions of the world (Anglo-America, former USSR, Eastern Asia)",1
2021,General Studies I,"Gandhian mass mobilization phases (Non-Cooperation, Civil Disobedience, Quit India) and the special role of women in this phase",1
2021,General Studies I,"Re-organisation and integration of states: constitutional provisions, factors behind the merger, accession of princely states, J&K/Hyderabad/Junagarh crises, accession of French/Portuguese enclaves, accession of Sikkim, refugee rehabilitation, federal crisis, and national integration",1
2021,General Studies I,"Early nationalism: pre-Congress organisations, Indian National Congress (1858-1905), early nationalists vs Swadeshi/Extremist strategic factions, GoI Act 1909, Home Rule League",1
2021,General Studies I,Bhakti and Sufi movements: reach across age/gender/religious barriers; Sri Chaitanya's re-orientation; Vaishnava Acharyas' metaphysical foundations; Maharashtra Dharma; Brahmo Samaj and Ramakrishna Mission as 19th-century reform continuities,1
2021,General Studies I,"Demography: concept of human resources, population distribution (physical/socio-cultural/demographic factors), world/continental distribution, density patterns, age/sex composition, literacy, population pyramids, theories of population growth (Malthusian, Marxian, demographic transition), population",1
2021,General Studies I,"Ocean & climate-system dynamics: mid-oceanic ridges and biodiversity, changing El Nino/La Nina patterns, Oceanic Nino Index, climate change's impact on ocean currents, slowdown in overturning circulation, marine heatwaves, cryosphere and climate change",1
2021,General Studies I,Tribal issue and policy consolidation: present status of tribal issues and policy responses,1
2021,General Studies I,"Inter-war years (1919-1939): the Great Depression, rise of Fascism in Italy, rise of Nazism in Germany, and the Soviet Union (USSR)",1
2021,General Studies I,"Volcanism & tectonic phenomena: subaerial/fissure volcanic eruptions, supervolcanoes, volcanic island arcs, volcanic vortex rings, earthquake-ionosphere linkage, Africa's Rift Valley/new ocean basin formation",1
2021,General Studies I,"Physiography of India: geopolitical significance of location, geological divisions, the Peninsular Block, the Himalayas and other peninsular mountains, Indo-Gangetic-Brahmaputra Plain, and physiographic divisions",1
2021,General Studies I,"Earthquakes: types, causes, effects, frequency, epicentre location, global distribution, and observatories",1
2021,General Studies I,Salient features and changes within Indian society and their repercussions; diversity of India and whether 'unity in diversity' is reality or a reconciled chimera,1
2021,General Studies I,"Socio-religious reform movements of the 19th century (Raja Ram Mohan Roy, Jyotirao Phule, Ishwar Chandra Vidyasagar, Ambedkar movement)",1
2021,General Studies I,"Landforms across the world: fold/block/volcanic mountains, plateau types (dissected, volcanic) and their economic significance",1
2021,General Studies II,"Council of Ministers, Attorney General of India, and Parliament: composition of Lok Sabha/Rajya Sabha, qualification/disqualification, sessions, law-making procedure, officers, motions/resolutions, powers and privileges, financial proceedings, comparison of the two Houses, women's reservation in Par",2
2021,General Studies II,"Statutory/regulatory/quasi-judicial bodies: CVC, CBI, NHRC ('toothless tiger' critique), SHRC, Central/State Information Commission, NGT, SEBI, IRDA, TRAI, NCLAT, National Consumer Disputes Redressal Commission, Lokpal and Lokayukta, Planning Commission legacy, PMO, Zonal Council",2
2021,General Studies II,"Major powers: Russia (strategic cooperation, Russia-China impact on India), China (economic relations, water disputes, String of Pearls, Maritime Silk Route/BRI implications, border disputes, South China Sea, CBMs), USA (strategic consultations, counter-terrorism, trade, energy/climate, S&T/space, d",2
2021,General Studies II,"Digital governance & information regimes: 'concern about democracy in the digital age', internet shutdowns, fake news/hate speech, IT rules on OTT/digital media",1
2021,General Studies II,"Constitutional bodies: Election Commission, UPSC, State PSC, Finance Commission, GST Council, National Commission for SCs/STs, Special Officer for Linguistic Minorities, National Commission for Backward Classes; Non-Constitutional Bodies: NITI Aayog",1
2021,General Studies II,"NGOs: definition and distinction from INGOs, UN criteria, role in development projects/community development/relief-rehabilitation/disaster management/advocacy",1
2021,General Studies II,"The Governor, Chief Minister, Advocate-General, and State Legislature: appointment, discretionary/ordinance/pardoning powers, composition of Vidhan Sabha/Parishad, legislative procedure, and inter-house relationships",1
2021,General Studies II,"Comparative constitutionalism: Indian scheme vs USA, UK, France, and neighbouring constitutions",1
2021,General Studies II,"India and Asian nations: Central Asian republics (Turkmenistan, Kazakhstan, Tajikistan; China's role; International North-South Transport Corridor; SCO), Mongolia, UAE, Iran (nuclear deal, US geo-economic considerations), Israel-Palestine and India-Israel relations, Saudi Arabia, Asia-Pacific groupi",1
2021,General Studies II,'Health for All' target vs structural health-infrastructure gaps; rising out-of-pocket health expenditure; commercialization of healthcare vs universal affordable public care,1
2021,General Studies II,"Pressure groups and formal/informal associations: types, significance, distinction from political parties, politicisation of pressure groups, and their evolving role via new media",1
2021,General Studies II,"Welfare schemes by constitutional arrangement: women welfare (gender technology gap, women in the political system, marriageable-age debate), child welfare, SC/ST/OBC welfare, caste census, minorities welfare, old-age welfare, and needed legislative reforms",1
2021,General Studies II,"India and other regions: Africa (historical connections, South-South engagement, trade/investment/security cooperation), Australia (diaspora, economic ties, nuclear cooperation), France (strategic partnership), Germany (economic relations), UK (Brexit implications)",1
2021,General Studies II,"Development process and industry: growth vs development, main constraints and stakeholders, SHGs (meaning, importance, institutional structure, funding, women's development linkage, poverty/rural-development linkage), and Micro Finance (meaning, structure, importance)",1
2021,General Studies II,"Health, education and human-resource services: India's education structure (primary/secondary/higher), GOI education initiatives and reform recommendations, skill-development indicators, private-and-public health structure, NITI Aayog health reports, and SDGs linkage",1
2021,General Studies II,"The Judiciary: integrated judicial system, Supreme Court composition/independence/jurisdiction/judicial-review/curative-petition, High Courts, lower judiciary, judicial appointments (collegium system, NJAC controversy), judicial accountability and corruption issues, PIL, judicial activism, and alter",1
2021,General Studies III,"Climate mitigation & industrial transition: Anthropocene debate, green industrialisation, carbon farming, electric mobility, green hydrogen roadmap, BioCNG, climate-engineering ethics, CCUS policy, EU carbon-border-tax impact, greenwashing, IPCC, WMO, UNEP Emissions Gap, Global Methane Tracker repor",2
2021,General Studies III,"Biotechnology: genetic engineering process/applications, genomics/proteomics, RNA technologies, genome sequencing, environmental applications (bioremediation, carbon-capture tech), plant/animal biotechnology (GM crops, transgenics), food/beverage-industry applications, medical applications (gene edi",1
2021,General Studies III,"Electronics and telecommunications: computer generations and cloud computing, IT-enabled services, display technologies (LCD/LED/OLED/AMOLED), mobile generations, net neutrality, IoT, big-data/privacy issues, cyber-crime and security, and government digital-governance initiatives",1
2021,General Studies III,"External sector & global economy: foreign-investment decline, de-dollarisation, global debt crisis, forex reserves, US-China trade war impact, India-Japan/EaEU FTAs, recession case studies (UK/Japan), Red Sea crisis, El Nino climate risk to growth",1
2021,General Studies III,"Internal security challenges: social diversity as a security issue, neighbourhood-origin threats, non-state actors, global vulnerability indices, and the law-and-order vs internal-security distinction",1
2021,General Studies III,"Infrastructure: economic/social/environmental impact of infrastructure, transport (ports, inland waterways, roads, National Infrastructure Pipeline, Bharatmala, airports, railways, energy pipelines), negative externalities of transport, ownership/financing/pricing of public utilities, PPP project de",1
2021,General Studies III,"Terrorism threat to India: changing face of terrorism, threats faced, the broader counter-terrorism framework, and drawbacks in intelligence infrastructure",1
2021,General Studies III,"Fiscal policy: important budgetary/fiscal terms, government revenue/spending, revenue/fiscal/primary deficits and their financing",1
2021,General Studies III,Cyber warfare: factors aggravating cyber attacks and recent initiatives to tackle cyber warfare; structural/command changes needed for urban asymmetric-warfare threats,1
2021,General Studies III,"Role of agriculture in the Indian economy: historical background and current status, cropping systems (mono-cropping, crop rotation, sequential/inter/relay cropping), agriculture marketing, conclusive land titling, and the Biotech-KISAN programme",1
2021,General Studies III,"Defence technology: missile classification (ballistic/cruise), India's missile programme, Integrated Guided Missile Programme, robotics/AI in defence, cyber warfare preparedness, drone/UAV and stealth technology, hypersonic glide vehicles/cruise missiles, weapons of mass destruction, defence reforms",1
2021,General Studies III,"Money laundering and black money: meaning and harmful effects of money laundering, PMLA 2002 provisions as a check on organized crime/terror-financing, parallel economy dimensions, demonetisation's impact on black money, and cross-border money-laundering coordination challenges",1
2021,General Studies III,"Land reforms: colonial-era ownership patterns (Zamindari, Ryotwari, Mahalwari), objectives and progress since Independence, ceiling-legislation progress, NITI Aayog's land-leasing report, and the SVAMITVA scheme",1
2021,General Studies III,"Public Distribution System: objectives, functioning, limitations, revamping from universal to targeted PDS, cost-benefit analysis, buffer-stock policy, and the Food Security Bill's resource-mobilization/criticism debate",1
2021,General Studies III,"Global economic-policy linkages: G7 corporate-tax deal, virtual-currency taxation, world inequality/employment-outlook reports, gig economy",1
2021,General Studies III,"Monetary & financial-sector policy: stock-market factors, RBI surplus transfer/gold reserves, RBI liquidity management, bad-loans problem, disinvestment, cryptocurrency regulation, Digital Public Infrastructure",1
2021,General Studies III,"Planning in India: objectives, history, Five-Year-Plan analysis, and Growth vs Development distinction (national income determination, GDP/GNP/NDP/NNP/per-capita income, HDI, gender-development index, poverty index, MDGs/SDGs)",1
2021,General Studies III,"Air pollution & control regimes: nitrogen pollution, radioactive discharges, acid rain impact, coal-plant SO2 control, GRAP in NCR, metal-mining pollution, World Air Quality Report",1
2021,General Studies IV,"Essential aptitude for civil servants; foundational values of civil services: neutrality, anonymity, accountability, integrity, humility, adaptability, magnanimity, perseverance, impartiality/non-partisanship, tolerance and compassion for the weaker sections, and contribution to society",5
2021,General Studies IV,"Case studies: public-service integrity & corruption dilemmas: welfare-scheme 'ghost beneficiary' fraud amid caste sensitivities, law-enforcement bribery from an illegal-mining network, superior's personal-gain conflict-of-interest request, tax officer's technical-vs-substantial-compliance discretion",3
2021,General Studies IV,'Constitutional morality': concept and how it is enforced in a democratic system; social auditing as more than financial verification — an instrument of ethical governance,2
2021,General Studies IV,Frequently cited quotation-anchors for ethics answer-writing: Gandhi's 'Seven Sins' and 'the weak can never forgive'; Socrates' 'an unexamined life is not worth living'; Nehru on awakening women as key to awakening the nation; Jefferson's 'honesty is the first chapter in the book of wisdom' (intelle,2
2021,General Studies IV,"Case studies: crisis & resource-allocation dilemmas: drought-relief tanker capture by a 'tanker mafia', disaster resource-allocation triage (elite vs marginalised site), law-and-order vs root-cause balancing (illicit liquor), government-doctor private-practice neglect with union-strike threat",1
2021,General Studies IV,"Refugees and ethics: why migration occurs, the Syria case study, dilemmas of the refugee crisis, and steps needed",1
2021,General Studies IV,"Technology & AI ethics (case studies): drone ethics, AI ethics (in healthcare, creativity, human rights), technological ethics (facial recognition, crypto-mining, brain-computer interfaces), ethics in Digital Public Infrastructure, online-gaming/mining ethics",1
2021,General Studies IV,"Case studies: public-safety & procurement dilemmas under pressure: infrastructure-safety cover-up under election-timeline pressure, defence-procurement L1-vs-clean-bidder dilemma, clinical-trial consent violations vs public-health urgency",1
2021,General Studies IV,"Case studies: whistleblowing, disclosure & confidentiality dilemmas: whistleblower/suspect pleading humanitarian delay, workplace-harassment complaint with a confidentiality request, industrial-pollution complaint against a politically-connected employer",1
2021,General Studies IV,Importance of EI at the workplace and in civil services; components of EI applied to conflict resolution and crisis-time administrative communication,1
2021,General Studies IV,"Attitude-formation model, impact of beliefs and values, group and social influences, persuasion tactics and tools",1
2021,General Studies IV,"Global moral/civic exemplars used as case anchors: Abraham Lincoln, Nelson Mandela, Martin Luther King, Aung San Suu Kyi, Dalai Lama, Mother Teresa, Albert Einstein, J.L. Nehru, Lee Kuan Yew, Henry Ford, Abdul Kalam, Muhammad Yunus, Wangari Maathai, Kofi Annan, Desmond Tutu, Elie Wiesel",1
2022,General Studies I,"Geology: minerals, major crustal elements, physical characteristics of minerals, rocks (igneous/sedimentary/metamorphic), rock cycle, and rock-soil relationships",1
2022,General Studies I,"Religions in India: pre-Vedic religion, Hinduism, Buddhism, Jainism, Sikhism, Islam, Christianity, Zoroastrianism, Judaism; Indian philosophy (Adi Shankaracharya, Upanishads, heterodox sects, Tantrism)",1
2022,General Studies I,"Migration and settlements: push/pull factors, internal vs world migration, functional classification of cities, boundaries vs frontiers, rural-urban fringe characteristics, national urbanisation policy, principles of urban planning, land-cover transformation, and settlement typologies (rural/urban, ",1
2022,General Studies I,"Tropical cyclones: formation conditions, convective cyclogenesis, path, damage, Arabian Sea cyclones, naming conventions, and early-warning systems",1
2022,General Studies I,'Adivasi' as a category: reasons for the term and geographic concentration of tribal populations; issues with tribal habitat in India,1
2022,General Studies I,"Linguistic reorganization of states and the Commissions (Dhar, JVP, Fazl Ali) — and whether it strengthened or weakened Indian unity; linguistic regionalism, constitutional language policy, and recent Hindi-language controversy",1
2022,General Studies I,"Family, marriage, and kinship structural shifts in transitional Indian society; validity of Hindu marriages, live-in relationships, raising the legal age for marriage, and the menace of girl-child marriage",1
2022,General Studies I,"East India Company's administrative expansions (Regulating Act 1773; Ring Fence policy as precursor to Subsidiary Alliance; Doctrine of Lapse); the British conquest of India, Anglo-Mysore and Anglo-Punjab Wars",1
2022,General Studies I,"Mineral and energy resources: metallic/non-metallic mineral types, distribution and mining regions, ferrous/non-ferrous metal production and trade, energy classification, conventional energy sources (coal, petroleum, natural gas, hydro-electricity), atomic energy (uranium/thorium), renewable energy ",1
2022,General Studies I,"Imperial Guptas: political history, Fa-hien's account, administration, development of art and culture, urban centres, and societal change; the Gupta era as a historiographical 'golden age' debate",1
2022,General Studies I,"Effects of globalization on Indian society: kinds of impact (economic, political, developmental, socio-cultural) and whether the impact is solely positive or negative",1
2022,General Studies I,"Volcanism: shield/composite/caldera/flood-basalt/mid-ocean-ridge types, lava types, intrusive landforms (batholiths, laccoliths, lapoliths, phacoliths, sills, dykes), extrusive landforms, geysers/hot springs, and global distribution (Pacific Ring of Fire)",1
2022,General Studies I,Medieval school of sculpture and modern Indian sculpture,1
2022,General Studies I,"Oceanography: hydrological cycle, ocean floor relief (continental shelf/slope, deep sea plain, trenches, mid-oceanic ridges, seamounts, submarine canyons, guyots, atolls), ocean water temperature/salinity/density distribution, tides and tidal currents, ocean currents (surface/deep, warm/cold) and th",1
2022,General Studies I,"Climatology: atmospheric composition and structure (exosphere to troposphere), insolation and heat balance, temperature distribution and inversion, atmospheric pressure and wind systems (pressure gradient/frictional/Coriolis forces), general/global circulation (Hadley/Ferrel/Polar cells), air masses",1
2022,General Studies I,"Transport and communication: land/water/air transport modes, sea routes and shipping canals, inland waterways, pipelines, and India-specific transport developments (RRTS, Odisha's coastal highway, AERA Act amendment)",1
2022,General Studies I,"Secularism: meaning, the Indian constitutional vantage point, comparison with the Western model, Gandhian view on religion, and threats to the secular spirit",1
2022,General Studies I,"Colonial land revenue systems (Permanent Settlement, Ryotwari, Mahalwari), commercialization of agriculture, and economic drain theory",1
2022,General Studies I,"Mauryan art and architecture (Ashokan pillars, polishing techniques, and rock-cut caves)",1
2022,General Studies I,"Agricultural geography: land-use/capability classification, land degradation, cropping seasons/patterns/regionalization, infrastructure factors (seeds, fertilizers, irrigation), agricultural revolutions, labour, price policy, marketing, insurance, agricultural census, major crop conditions-of-growth",1
2022,General Studies II,"Delivery mechanisms & sectoral missions: co-operatives, MSME, One Nation One Ration Card/One District One Product, entitlement portability, flagship missions (Jal Jeevan, Gati Shakti)",2
2022,General Studies II,"Constitutional bodies: Election Commission, UPSC, State PSC, Finance Commission, GST Council, National Commission for SCs/STs, Special Officer for Linguistic Minorities, National Commission for Backward Classes; Non-Constitutional Bodies: NITI Aayog",2
2022,General Studies II,"Major powers: Russia (strategic cooperation, Russia-China impact on India), China (economic relations, water disputes, String of Pearls, Maritime Silk Route/BRI implications, border disputes, South China Sea, CBMs), USA (strategic consultations, counter-terrorism, trade, energy/climate, S&T/space, d",2
2022,General Studies II,"NGOs: definition and distinction from INGOs, UN criteria, role in development projects/community development/relief-rehabilitation/disaster management/advocacy",1
2022,General Studies II,"Vice-President and Prime Minister: office, functions, appointment, and role vis-a-vis Council of Ministers/President/Lok Sabha/political party/coalition government",1
2022,General Studies II,"The Governor, Chief Minister, Advocate-General, and State Legislature: appointment, discretionary/ordinance/pardoning powers, composition of Vidhan Sabha/Parishad, legislative procedure, and inter-house relationships",1
2022,General Studies II,"Poverty, hunger and health governance: evaluation of schemes (MGNREGA, PM-POSHAN, Ayushman Bharat) and policies (NHP, NEP) against poverty/hunger/health/malnutrition/unemployment/distress-migration",1
2022,General Studies II,Right to Education Act's access-expansion vs persistent quality challenge; MGNREGA's asset-creation and distress-migration-reduction performance; National Rural Health Mission's implementation challenges; TPDS's effectiveness in reaching 'the poorest of the poor',1
2022,General Studies II,"Elections in India: salient features of the Representation of People Acts 1950/1951, electoral reforms, criminalization of politics, negative/neutral voting, state funding of elections, irregularities in polling, and electoral bonds",1
2022,General Studies II,The National Commission for SCs (constitutional-reservation enforcement including in religious-minority institutions); Rights of Persons with Disabilities Act 2016's administrative-capacity adequacy; National Commission for Women's strategizing capacity; need for an objective outcome-based review of,1
2022,General Studies II,"Important aspects of governance, transparency and accountability: citizen-centric governance, legislative/administrative/judicial accountability, Ombudsman, whistleblower protection, anti-corruption machinery (role of citizens/media/social audit), systemic reforms, decentralisation vs delegation, an",1
2022,General Studies II,"The President: importance, qualification, election procedure, powers (executive/legislative/emergency/financial/judicial), ordinance-making power, pardon power, impeachment, and misuse of emergency provisions",1
2022,General Studies II,"India's neighbourhood & regional diplomacy: BIMSTEC Charter, Chabahar Port, India-China border dispute (Arunachal Pradesh), Bhutan-China relations, Neighbourhood First Policy, Gujral Doctrine, South China Sea volatility, China-Taiwan dispute and India",1
2022,General Studies II,Fundamental Rights vs DPSPs: structural tension resolved via landmark pronouncements; scope expansion via the Right to Privacy judgment,1
2022,General Studies II,"Fundamental Rights: significance, definition of 'State', equality/freedom/exploitation/religion/cultural-educational/constitutional-remedies rights, Fundamental Rights and the Armed Forces, martial law, procedure-established-by-law vs due process of law, writs, restrictive limitations, rights outsid",1
2022,General Studies II,"India and neighbours: Nepal (water/hydropower cooperation, contentions, recommendations), Bhutan (economic overview, China issues), Afghanistan (development partnership, post-NATO options, Taliban presence), Bangladesh (development partnership, boundary agreements, Teesta dispute), Maldives (geostra",1
2022,General Studies II,"Political dynamics: provisions on political parties, rise of regional parties, electoral reforms, importance of NRI votes, and the Tenth Schedule (anti-defection)",1
2022,General Studies III,"Structural growth debates: savings rate/investment pattern/capital-output ratio as growth levers, manufacturing's limited capacity to absorb agricultural surplus labour, direct-tax reform and tax-to-GDP widening, GDP's agriculture-to-services shift without a manufacturing base, and the 'jobless grow",1
2022,General Studies III,"Linkage between development and extremism: Left-Wing Extremism's stated purpose, its resonance with common people, Covid-19's effect on Naxalism, why LWE is deemed the biggest internal-security threat, and its nexus with illegal mining in forest tracts",1
2022,General Studies III,"Climate mitigation & industrial transition: Anthropocene debate, green industrialisation, carbon farming, electric mobility, green hydrogen roadmap, BioCNG, climate-engineering ethics, CCUS policy, EU carbon-border-tax impact, greenwashing, IPCC, WMO, UNEP Emissions Gap, Global Methane Tracker repor",1
2022,General Studies III,"Marine & coastal ecosystem degradation: mangrove-ecosystem IUCN reports, Great Barrier Reef coral bleaching, Arctic Ocean marine heatwaves, coastal erosion, riverine deoxygenation, El Nino's impact on world lakes",1
2022,General Studies III,"Agriculture marketing: process and structure in India, importance, government measures (APMC Act analysis, e-NAM)",1
2022,General Studies III,"Infrastructure: economic/social/environmental impact of infrastructure, transport (ports, inland waterways, roads, National Infrastructure Pipeline, Bharatmala, airports, railways, energy pipelines), negative externalities of transport, ownership/financing/pricing of public utilities, PPP project de",1
2022,General Studies III,"Public Distribution System: objectives, functioning, limitations, revamping from universal to targeted PDS, cost-benefit analysis, buffer-stock policy, and the Food Security Bill's resource-mobilization/criticism debate",1
2022,General Studies III,"Foundational science: chemistry basics (atomic structure, bonding, metallurgy, acids/bases, electro-chemistry, polymers, pharmaceuticals, biomolecules), physics basics (fundamental forces/particles, energy types, optics, EM spectrum, relativity, thermodynamics, waves), and biology basics (cell biolo",1
2022,General Studies III,"Air pollution & control regimes: nitrogen pollution, radioactive discharges, acid rain impact, coal-plant SO2 control, GRAP in NCR, metal-mining pollution, World Air Quality Report",1
2022,General Studies III,"Employment & demographic economics: GDP-employment linkage, ageing workforce, demographic dividend, gaming sector",1
2022,General Studies III,Landslide vulnerability of the Western Ghats and Himalayas: causes and mitigation strategies; institutional setups for chemical/industrial disaster management in urban-fringe clusters; cloudburst phenomenon and mountain-ecosystem vulnerability; multi-hazard resource-allocation dilemmas during live d,1
2022,General Studies III,"Food processing and related industries: scope and significance, location, upstream/downstream requirements, supply-chain management, Mega Food Parks, FDI policy, notable sector trends, and budget/policy strategies",1
2022,General Studies III,"Climate change basics: greenhouse effect and global warming, international efforts to control climate change, ozone-layer depletion, acid rain, El Nino/La Nina",1
2022,General Studies III,"Organized crime: types, control challenges, drug trafficking in India, combating strategies, and the terrorism-organized-crime linkage",1
2022,General Studies III,"Human health and diseases: causative agents and classification (nutrient-deficiency, molecular/chromosomal, vector/water-borne, lifestyle diseases), immunity types, vaccination programmes, antibiotics/antivirals, drug pricing, pharmacogenetics, antimicrobial resistance",1
2022,General Studies III,"Role of agriculture in the Indian economy: historical background and current status, cropping systems (mono-cropping, crop rotation, sequential/inter/relay cropping), agriculture marketing, conclusive land titling, and the Biotech-KISAN programme",1
2022,General Studies III,"Basics of cyber security: types of cyber crimes, impact and required steps, ransomware incidents, India's cyber-security infrastructure, and the National Cyber Security Policy 2013",1
2022,General Studies III,"Inclusive growth: meaning and concept of inclusion, India's inclusion experience, social-sector initiatives, ground reality of flagship schemes, rural-economy-based growth, sustainable agriculture/food-security linkage, PDS as a growth tool, financial inclusion, poverty-alleviation-and-employment st",1
2022,General Studies III,"Maritime & space security: anti-maritime-piracy law, maritime-security developments in the IOR, drone attacks on merchant vessels, Gaganyaan-linked space security, Indo-Pacific/QUAD developments",1
2022,General Studies III,"Space missions & policy: PRATUSH lunar telescope, NISAR mission, Aditya-L1, Chandrayaan-3, Indian Space Policy 2023, SSLV-D2, Artemis mission, ILMT, POEM-3 and space debris",1
2022,General Studies IV,"Global moral/civic exemplars used as case anchors: Abraham Lincoln, Nelson Mandela, Martin Luther King, Aung San Suu Kyi, Dalai Lama, Mother Teresa, Albert Einstein, J.L. Nehru, Lee Kuan Yew, Henry Ford, Abdul Kalam, Muhammad Yunus, Wangari Maathai, Kofi Annan, Desmond Tutu, Elie Wiesel",2
2022,General Studies IV,"Case studies: public-safety & procurement dilemmas under pressure: infrastructure-safety cover-up under election-timeline pressure, defence-procurement L1-vs-clean-bidder dilemma, clinical-trial consent violations vs public-health urgency",2
2022,General Studies IV,"Case studies: crisis & resource-allocation dilemmas: drought-relief tanker capture by a 'tanker mafia', disaster resource-allocation triage (elite vs marginalised site), law-and-order vs root-cause balancing (illicit liquor), government-doctor private-practice neglect with union-strike threat",1
2022,General Studies IV,Frequently cited quotation-anchors for ethics answer-writing: Gandhi's 'Seven Sins' and 'the weak can never forgive'; Socrates' 'an unexamined life is not worth living'; Nehru on awakening women as key to awakening the nation; Jefferson's 'honesty is the first chapter in the book of wisdom' (intelle,1
2022,General Studies IV,Attitude-behaviour gap in civil-servant decision-making under political pressure; persuasion techniques in public communication and citizen behaviour-change campaigns,1
2022,General Studies IV,Empathy and compassion as values distinguishing a pro-poor administrator from a status-quoist one; consequences of political alignment by bureaucrats,1
2022,General Studies IV,"Corruption in India: extent, dimension, and response; corruption as a social evil; probity in public life; exposing corruption via civil-society initiatives and the Whistleblower Act; tackling and controlling corruption via various institutional approaches",1
2022,General Studies IV,"Essential aptitude for civil servants; foundational values of civil services: neutrality, anonymity, accountability, integrity, humility, adaptability, magnanimity, perseverance, impartiality/non-partisanship, tolerance and compassion for the weaker sections, and contribution to society",1
2022,General Studies IV,"Case studies: development vs displacement/environment trade-offs: environmental clearance vs displacement/pollution trade-offs, court-ordered demolition vs livelihood/political pressure, factory-closure aftermath (unemployment vs environmental enforcement)",1
2022,General Studies IV,Ethics of war: war theories and the evils of war,1
2022,General Studies IV,"Case studies: whistleblowing, disclosure & confidentiality dilemmas: whistleblower/suspect pleading humanitarian delay, workplace-harassment complaint with a confidentiality request, industrial-pollution complaint against a politically-connected employer",1
2022,General Studies IV,Conscience vs conformity: whistleblowing dilemmas within rule-bound bureaucratic hierarchies (including the Edward Snowden case — legality vs moral obligation to inform the public),1
2022,General Studies IV,"Essence, determinants and consequences of ethics in human actions; approaches to ethical study (Indian vs Western perspectives); basic concepts of morality and value",1
2022,General Studies IV,"Technology & AI ethics (case studies): drone ethics, AI ethics (in healthcare, creativity, human rights), technological ethics (facial recognition, crypto-mining, brain-computer interfaces), ethics in Digital Public Infrastructure, online-gaming/mining ethics",1
2022,General Studies IV,'Constitutional morality': concept and how it is enforced in a democratic system; social auditing as more than financial verification — an instrument of ethical governance,1
2022,General Studies IV,Ethical concerns/dilemmas in public and private institutions; laws/rules/regulations vs conscience as sources of ethical guidance; accountability and ethical-governance strengthening,1
2022,General Studies IV,"Business ethics: principles, dimensions within organisations, business ethics and corporate governance, philanthropy-to-CSR journey, and implementation issues",1
2023,General Studies I,"Monsoon, climate & extreme-weather geography: cyclones of the Bay of Bengal and climate change, El Nino and Indian monsoon, Indian Ocean Dipole's weather impact, heat waves/anticyclones/global warming in India, changing Western Disturbances",2
2023,General Studies I,"The struggle for Swaraj: Montagu's 1917 statement, Gandhi's emergence as a mass leader, Khilafat and Non-Cooperation, Swaraj Party, revolutionary terrorism phase II (1920s), Simon Commission and Nehru Report",1
2023,General Studies I,"Landform evolution by agent: wind (pediments, playas, deflation hollows, barchans, seif, parabolic/transverse/longitudinal dunes), running water (erosional/depositional stages and landforms, incised meanders, river terraces, deltas, floodplains, oxbow lakes, braided channels), groundwater/karst topo",1
2023,General Studies I,"Vedic society: original home of Aryans, Vedic texts and Upanishads, Rig Vedic vs later Vedic geography, economy, polity, varna system, religion and thought",1
2023,General Studies I,"Water resources: underground/surface/inland/oceanic water resources, utilization patterns, water pollution, conservation techniques, river-interlinking projects, and the problem of ageing dams",1
2023,General Studies I,"Human development & regional disparity: low human development pockets, climate change and the North-South divide within India, social capital, quality-of-life paradoxes",1
2023,General Studies I,"Caste system: structural resilience as a barrier to social mobility, and its adaptation to modernization/secularization",1
2023,General Studies I,"Development & welfare indicators: socio-economic inequality, climate change and food insecurity, One Nation One Ration Card, Human Development Index, universal social welfare",1
2023,General Studies I,"Communalism: meaning, historicity, role of third parties in inciting/perpetrating it, and whether it can be eradicated; regionalism's theories, manifestations, and possible remedies",1
2023,General Studies I,"Overview of economic development since Independence: Five Year Plans journey, agriculture (land reforms, post-Green-Revolution issues, agrarian movements, achievements/challenges), industry (public/private sector development, industrial policy, Make in India), New Economic Policy impact, and post-In",1
2023,General Studies I,"Transport and communication: land/water/air transport modes, sea routes and shipping canals, inland waterways, pipelines, and India-specific transport developments (RRTS, Odisha's coastal highway, AERA Act amendment)",1
2023,General Studies I,"Urbanization challenges: growth of the informal urban sector, smart cities as a management tool, flood vulnerability of major cities, rural-urban migration, emergence of slums, urban transport/waste/water-sanitation issues, urban poverty, and the Real Estate (Regulation & Development) Act 2016",1
2023,General Studies I,"Children and vulnerable-section issues: child labour, child adoption, Juvenile Justice Act 2015, child trafficking, age of consent; tribal welfare (denotified tribes), LGBTQIA+ rights, disability rights, manual scavenging, marginalisation of sexual minorities",1
2023,General Studies I,"Physiography of India: geopolitical significance of location, geological divisions, the Peninsular Block, the Himalayas and other peninsular mountains, Indo-Gangetic-Brahmaputra Plain, and physiographic divisions",1
2023,General Studies I,"Population and associated issues: suicide deaths in India, 'great replacement theory' discourse, population crisis in Asian nations, manual scavenging as India's 'dirtiest job', caste-based violence, need for caste census, silver economy and elderly-welfare initiatives (SACRED portal, SAGE, Elder Li",1
2023,General Studies I,"Peasant, tribal, and civil resistance pre- and during-British rule (Santhal Hul, Kol mutiny, Indigo revolt, tribal/peasant/working-class movements 1850-1900)",1
2023,General Studies I,"The Delhi Sultanate (1206-1526): Slave, Khalji, Tughlaq, Sayyid, and Lodi dynasties; Mongol/Turk attacks; administration, economy, urbanization, society, culture, science, and the causes of decline",1
2023,General Studies I,"Family, marriage, and kinship structural shifts in transitional Indian society; validity of Hindu marriages, live-in relationships, raising the legal age for marriage, and the menace of girl-child marriage",1
2023,General Studies I,"Soils and natural vegetation of India: soil classification/texture/degradation/conservation; forest types, cover, conservation, and problems",1
2023,General Studies II,Fundamental Rights vs DPSPs: structural tension resolved via landmark pronouncements; scope expansion via the Right to Privacy judgment,2
2023,General Studies II,"The Judiciary: integrated judicial system, Supreme Court composition/independence/jurisdiction/judicial-review/curative-petition, High Courts, lower judiciary, judicial appointments (collegium system, NJAC controversy), judicial accountability and corruption issues, PIL, judicial activism, and alter",2
2023,General Studies II,"India and Asian nations: Central Asian republics (Turkmenistan, Kazakhstan, Tajikistan; China's role; International North-South Transport Corridor; SCO), Mongolia, UAE, Iran (nuclear deal, US geo-economic considerations), Israel-Palestine and India-Israel relations, Saudi Arabia, Asia-Pacific groupi",1
2023,General Studies II,"Global institutions: UN structure (UNGA, UNSC and India's candidacy, ECOSOC), ICJ, UN specialised agencies (FAO, ICAO, ILO, IMO, ITU, UNESCO, IFAD, WHO, WMO, WIPO), World Bank",1
2023,General Studies II,"e-Governance: introduction, applications, models, successes/limitations/future prospects, dashboards/portals, democracy-and-e-governance linkage, and e-governance in the judiciary/legislature",1
2023,General Studies II,"Local government and governance: issues of funds/functions/functionaries, local government's interface with vulnerable sections and emerging issues (disaster management, technology), localism/neo-localism/subsidiarity",1
2023,General Studies II,"The President: importance, qualification, election procedure, powers (executive/legislative/emergency/financial/judicial), ordinance-making power, pardon power, impeachment, and misuse of emergency provisions",1
2023,General Studies II,"Health, education and human-resource services: India's education structure (primary/secondary/higher), GOI education initiatives and reform recommendations, skill-development indicators, private-and-public health structure, NITI Aayog health reports, and SDGs linkage",1
2023,General Studies II,"The Governor, Chief Minister, Advocate-General, and State Legislature: appointment, discretionary/ordinance/pardoning powers, composition of Vidhan Sabha/Parishad, legislative procedure, and inter-house relationships",1
2023,General Studies II,"Indian diaspora: role played, safety of Indians abroad, and welfare schemes for overseas Indians",1
2023,General Studies II,"Strategic partnerships & major-power relations: NATO's 75th anniversary, India-US strategic (jet-engine) partnership, Atlantic Declaration, India-EFTA deal, Raisina Dialogue, INDUS-X Summit, India-France/UAE/Netherlands/Tanzania/Argentina/Canada/Greece relations, Saudi Arabia strategic partnership",1
2023,General Studies II,101st Amendment (GST): salient features and efficacy in building a common national market; 69th Amendment (NCT of Delhi) and federal friction; Article 311 safeguards for civil servants,1
2023,General Studies II,"Flagship schemes: start-up & skill development: Stand-Up India, National Student Startup Policy, PMKVY, Deen Dayal schemes, Atal Innovation Mission",1
2023,General Studies II,"Statutory/regulatory/quasi-judicial bodies: CVC, CBI, NHRC ('toothless tiger' critique), SHRC, Central/State Information Commission, NGT, SEBI, IRDA, TRAI, NCLAT, National Consumer Disputes Redressal Commission, Lokpal and Lokayukta, Planning Commission legacy, PMO, Zonal Council",1
2023,General Studies II,Vulnerable-sections governance: issues/challenges/solutions/laws/interventions for SC/ST/OBC/migrants/women/disabled/children/refugees/transgenders/LGBT/manual scavengers,1
2023,General Studies II,"Historical evolution: Regulating Act 1773 to Government of India Act 1935 institutional lineages; the Constituent Assembly and objectives/salient features of the Constitution (unitary and federal features, parliamentary vs presidential form)",1
2023,General Studies II,Civil-society organisations' impact on public policy formulation; FCRA compliance tightening and civil-society funding constraints; SHG federated models scaling beyond microfinance into market linkages,1
2023,General Studies II,"Council of Ministers, Attorney General of India, and Parliament: composition of Lok Sabha/Rajya Sabha, qualification/disqualification, sessions, law-making procedure, officers, motions/resolutions, powers and privileges, financial proceedings, comparison of the two Houses, women's reservation in Par",1
2023,General Studies III,"Climate mitigation & industrial transition: Anthropocene debate, green industrialisation, carbon farming, electric mobility, green hydrogen roadmap, BioCNG, climate-engineering ethics, CCUS policy, EU carbon-border-tax impact, greenwashing, IPCC, WMO, UNEP Emissions Gap, Global Methane Tracker repor",2
2023,General Studies III,"Internal security challenges: social diversity as a security issue, neighbourhood-origin threats, non-state actors, global vulnerability indices, and the law-and-order vs internal-security distinction",1
2023,General Studies III,"Space missions & policy: PRATUSH lunar telescope, NISAR mission, Aditya-L1, Chandrayaan-3, Indian Space Policy 2023, SSLV-D2, Artemis mission, ILMT, POEM-3 and space debris",1
2023,General Studies III,"Monetary & financial-sector policy: stock-market factors, RBI surplus transfer/gold reserves, RBI liquidity management, bad-loans problem, disinvestment, cryptocurrency regulation, Digital Public Infrastructure",1
2023,General Studies III,"Role of agriculture in the Indian economy: historical background and current status, cropping systems (mono-cropping, crop rotation, sequential/inter/relay cropping), agriculture marketing, conclusive land titling, and the Biotech-KISAN programme",1
2023,General Studies III,Wetland conservation and the Ramsar 'wise use' concept with Indian Ramsar-site examples; the 'Organic State' (Sikkim) model's ecological/economic benefits; NavIC's civilian-application significance for agriculture,1
2023,General Studies III,"Subsidies: farm/fertiliser/power/irrigation subsidies, issues of direct/indirect subsidies and MSP, objectives, gainer-loser resource transfer, buffer-stock/food-security issues, and technology missions",1
2023,General Studies III,"Employment & demographic economics: GDP-employment linkage, ageing workforce, demographic dividend, gaming sector",1
2023,General Studies III,"Inequality, wages & welfare economics: inequality and growth, economic redistribution, low-wage impact, wealth/income gap, minimum-vs-living-wage debate, universal basic income proposals, 'greedflation', 'pink economy'",1
2023,General Studies III,"Defence technology: missile classification (ballistic/cruise), India's missile programme, Integrated Guided Missile Programme, robotics/AI in defence, cyber warfare preparedness, drone/UAV and stealth technology, hypersonic glide vehicles/cruise missiles, weapons of mass destruction, defence reforms",1
2023,General Studies III,"Robotics and AI: classification of robots, advantages/disadvantages, applications across sectors, neural networks, machine learning/deep learning, and AI-robotics convergence",1
2023,General Studies III,"Land reforms: colonial-era ownership patterns (Zamindari, Ryotwari, Mahalwari), objectives and progress since Independence, ceiling-legislation progress, NITI Aayog's land-leasing report, and the SVAMITVA scheme",1
2023,General Studies III,"Natural and man-made disasters: India's vulnerability profile — earthquakes, tsunamis, landslides, floods, droughts, epidemics, nuclear-reactor explosions, dam collapse, gas leakage, oil spills, volcanic eruptions, forest fires, chemical spills, hazardous-material spills, explosives, chemical/biolog",1
2023,General Studies III,"Environmental pollution: air/water/thermal/soil/noise pollution sources-effects-control measures, National Ambient Air Quality Standards, persistent organic pollutants, toxic-substance/carcinogen classification",1
2023,General Studies III,"Agriculture & resource economics: sugar production's groundwater impact, primary agricultural societies, e-technology in agriculture, energy security, clean-energy investment",1
2023,General Studies III,"Biotechnology: genetic engineering process/applications, genomics/proteomics, RNA technologies, genome sequencing, environmental applications (bioremediation, carbon-capture tech), plant/animal biotechnology (GM crops, transgenics), food/beverage-industry applications, medical applications (gene edi",1
2023,General Studies III,"Border & territorial security: India-China Ladakh border tensions, India-Pakistan LoC ceasefire, demographic inversion in border areas from illegal immigration, post-Article-370 J&K developments",1
2023,General Studies III,"Main features of industrial development: role of private/public sectors, investment/employment/productivity trends, disinvestment/privatization strategy, MSME role and government policy, New Manufacturing Policy, industrial corridors, SEZ issues (land use, relocation, tax-income loss vs export gains",1
2023,General Studies III,"Defence preparedness & terror financing: FATF's role in curbing terror financing, indigenization of defence production (Atmanirbhar Bharat), induction of S-400/Tejas Mk1A/indigenous missiles, biological/chemical-warfare preparedness (post-Covid), enhancements in intelligence agencies (RAW/IB/NIA)",1
2023,General Studies IV,"Public discourse & rights ethics (case studies): internet-shutdown ethics, free speech on social media, social-media influencing, moral policing, identity politics and gender justice, sex-workers'/LGBTQIA+ rights, reproductive rights, 'wokeism' debates",2
2023,General Studies IV,"Case studies: public-service integrity & corruption dilemmas: welfare-scheme 'ghost beneficiary' fraud amid caste sensitivities, law-enforcement bribery from an illegal-mining network, superior's personal-gain conflict-of-interest request, tax officer's technical-vs-substantial-compliance discretion",2
2023,General Studies IV,Frequently cited quotation-anchors for ethics answer-writing: Gandhi's 'Seven Sins' and 'the weak can never forgive'; Socrates' 'an unexamined life is not worth living'; Nehru on awakening women as key to awakening the nation; Jefferson's 'honesty is the first chapter in the book of wisdom' (intelle,1
2023,General Studies IV,Theories associated with emotional intelligence and whether EI can be developed; components of emotional competence,1
2023,General Studies IV,"Case studies: whistleblowing, disclosure & confidentiality dilemmas: whistleblower/suspect pleading humanitarian delay, workplace-harassment complaint with a confidentiality request, industrial-pollution complaint against a politically-connected employer",1
2023,General Studies IV,Conscience vs conformity: whistleblowing dilemmas within rule-bound bureaucratic hierarchies (including the Edward Snowden case — legality vs moral obligation to inform the public),1
2023,General Studies IV,"Corruption in India: extent, dimension, and response; corruption as a social evil; probity in public life; exposing corruption via civil-society initiatives and the Whistleblower Act; tackling and controlling corruption via various institutional approaches",1
2023,General Studies IV,"Indian moral/spiritual exemplars used as case anchors: Mahatma Gandhi, Dr S. Radhakrishnan, Rabindranath Tagore, Swami Dayanand Saraswati, Mahadeva Govinda Ranade, Sri Aurobindo, Swami Vivekananda, Sardar Patel, B.R. Ambedkar, Raja Ram Mohan Roy, Chhatrapati Shahu Maharaj, Kautilya's classical admin",1
2023,General Studies IV,"Case studies: crisis & resource-allocation dilemmas: drought-relief tanker capture by a 'tanker mafia', disaster resource-allocation triage (elite vs marginalised site), law-and-order vs root-cause balancing (illicit liquor), government-doctor private-practice neglect with union-strike threat",1
2023,General Studies IV,"Corporate governance: concept, models of Corporate Social Responsibility, World Bank steps for good corporate governance, and norms for corporate governance in India; concept of business ethics",1
2024,General Studies I,"Social empowerment: meaning, need, Five-Year-Plan and government initiatives, role of civil society organisations",1
2024,General Studies I,"Women-related issues: hysterectomies, workforce participation gaps, gender disparities in poverty, women in corporate roles, abortion rights, gender digital divide, menstrual hygiene, surrogacy rules, sexual harassment at workplace, domestic violence, marital rape, women in STEM, female entrepreneur",1
2024,General Studies I,"Major early medieval dynasties (750-1200): Pratiharas, Palas, Rashtrakutas, tripartite conflict, Senas, Rajputs, Pallavas, Chalukyas, and the concept of Indian feudalism",1
2024,General Studies I,"Monsoon, climate & extreme-weather geography: cyclones of the Bay of Bengal and climate change, El Nino and Indian monsoon, Indian Ocean Dipole's weather impact, heat waves/anticyclones/global warming in India, changing Western Disturbances",1
2024,General Studies I,"River-basin & water-resource management: Indus dam construction prospects/challenges, integrated river-basin management, shrinking reservoir water, declining groundwater, multipurpose projects and regional development",1
2024,General Studies I,"Migration and settlements: push/pull factors, internal vs world migration, functional classification of cities, boundaries vs frontiers, rural-urban fringe characteristics, national urbanisation policy, principles of urban planning, land-cover transformation, and settlement typologies (rural/urban, ",1
2024,General Studies I,"Vedic society: original home of Aryans, Vedic texts and Upanishads, Rig Vedic vs later Vedic geography, economy, polity, varna system, religion and thought",1
2024,General Studies I,"Human development & regional disparity: low human development pockets, climate change and the North-South divide within India, social capital, quality-of-life paradoxes",1
2024,General Studies I,"Demographic transition: changes in population growth rates and distribution since Independence; population problems of developing vs developed countries; Malthusian, Marxian and Demographic Transition theories",1
2024,General Studies I,"Classical Temple Architecture: Nagara, Dravida, Vesara and regional sub-schools (Pallava, Chola, Pandya, Vijayanagara, Nayaka, Hoysala, Rashtrakuta, Kerala temples)",1
2024,General Studies I,Deindustrialization of traditional artisanal industries and British economic policy's impact on the rural economy,1
2024,General Studies I,"Effects of globalization on Indian society: kinds of impact (economic, political, developmental, socio-cultural) and whether the impact is solely positive or negative",1
2024,General Studies I,Salient features and changes within Indian society and their repercussions; diversity of India and whether 'unity in diversity' is reality or a reconciled chimera,1
2024,General Studies I,"Climatology: atmospheric composition and structure (exosphere to troposphere), insolation and heat balance, temperature distribution and inversion, atmospheric pressure and wind systems (pressure gradient/frictional/Coriolis forces), general/global circulation (Hadley/Ferrel/Polar cells), air masses",1
2024,General Studies I,"World War I: causes, course, major events, consequences, aftermath, and the League of Nations",1
2024,General Studies I,"Problem of caste and social consolidation: caste practices, Ambedkar movement, constitutional provisions, recent emancipation initiatives for SCs, manual scavenging",1
2024,General Studies I,"Gandhian mass mobilization phases (Non-Cooperation, Civil Disobedience, Quit India) and the special role of women in this phase",1
2024,General Studies I,"Atmospheric & coastal phenomena: geomagnetic storms and auroras, sea swells and rip currents, alpenglow phenomenon, atmospheric rivers, lightning in India",1
2024,General Studies I,"Tropical cyclones: formation conditions, convective cyclogenesis, path, damage, Arabian Sea cyclones, naming conventions, and early-warning systems",1
2024,General Studies I,"Family, marriage, and kinship structural shifts in transitional Indian society; validity of Hindu marriages, live-in relationships, raising the legal age for marriage, and the menace of girl-child marriage",1
2024,General Studies II,"The Judiciary: integrated judicial system, Supreme Court composition/independence/jurisdiction/judicial-review/curative-petition, High Courts, lower judiciary, judicial appointments (collegium system, NJAC controversy), judicial accountability and corruption issues, PIL, judicial activism, and alter",2
2024,General Studies II,"Federalism, reservation & constitutional status: Article 31C, reservation on the basis of religion/domicile, sub-categorisation of SC/OBC, reservation in J&K, Ladakh's demand for 6th Schedule status, Article 370 verdict, Citizenship Amendment Act, Uniform Civil Code, comparative secularism (Indian v",2
2024,General Studies II,"India and Asian nations: Central Asian republics (Turkmenistan, Kazakhstan, Tajikistan; China's role; International North-South Transport Corridor; SCO), Mongolia, UAE, Iran (nuclear deal, US geo-economic considerations), Israel-Palestine and India-Israel relations, Saudi Arabia, Asia-Pacific groupi",1
2024,General Studies II,"e-Governance: introduction, applications, models, successes/limitations/future prospects, dashboards/portals, democracy-and-e-governance linkage, and e-governance in the judiciary/legislature",1
2024,General Studies II,"Elections in India: salient features of the Representation of People Acts 1950/1951, electoral reforms, criminalization of politics, negative/neutral voting, state funding of elections, irregularities in polling, and electoral bonds",1
2024,General Studies II,"Need and importance of government policies: growth/development, human capital formation, equality and social justice, unity and integrity, trust between state and citizens; governance meaning/scope and the good-governance debate",1
2024,General Studies II,"Constitutional Bodies: appointment transparency (CEC/EC selection process, CAG appointment/functions/powers), tenure security, and functional independence",1
2024,General Studies II,"Inclusive growth: measurement criteria, government initiatives, basic amenities (housing/drinking water/sanitation), sustainable and rural development, panchayati raj linkage",1
2024,General Studies II,Fundamental Rights vs DPSPs: structural tension resolved via landmark pronouncements; scope expansion via the Right to Privacy judgment,1
2024,General Studies II,"Poverty and hunger: definitional debates across committees, poverty data, causes, urban vs rural vs feminized poverty, poverty-alleviation measures and implementation problems, food-security programmes, and controversies in poverty-data estimation",1
2024,General Studies II,"India and neighbours: Nepal (water/hydropower cooperation, contentions, recommendations), Bhutan (economic overview, China issues), Afghanistan (development partnership, post-NATO options, Taliban presence), Bangladesh (development partnership, boundary agreements, Teesta dispute), Maldives (geostra",1
2024,General Studies II,'Health for All' target vs structural health-infrastructure gaps; rising out-of-pocket health expenditure; commercialization of healthcare vs universal affordable public care,1
2024,General Studies II,Citizen's Charter and RTI Act: utility/limitations as accountability instruments; RTI's role in redefining accountability beyond mere citizen empowerment; flaws in RTI and improvement recommendations,1
2024,General Studies II,"Connectivity, security & new-frontier diplomacy: global anti-terrorism efforts (CTTF), India-Middle-East-Europe Corridor, Red Sea crisis, Northern Ireland conflict, India's Africa renewable-energy role, Arctic-region engagement, Outer Space Treaty, World Migration Report",1
2024,General Studies II,"Council of Ministers, Attorney General of India, and Parliament: composition of Lok Sabha/Rajya Sabha, qualification/disqualification, sessions, law-making procedure, officers, motions/resolutions, powers and privileges, financial proceedings, comparison of the two Houses, women's reservation in Par",1
2024,General Studies II,"Local government: 73rd/74th Amendment provisions, functions of municipal corporations/councils/nagar panchayats, State Election/Finance Commission roles, Smart City Mission and municipal governance, Model Panchayat Citizens Charter",1
2024,General Studies II,"Health, education and human-resource services: India's education structure (primary/secondary/higher), GOI education initiatives and reform recommendations, skill-development indicators, private-and-public health structure, NITI Aayog health reports, and SDGs linkage",1
2024,General Studies II,"Major powers: Russia (strategic cooperation, Russia-China impact on India), China (economic relations, water disputes, String of Pearls, Maritime Silk Route/BRI implications, border disputes, South China Sea, CBMs), USA (strategic consultations, counter-terrorism, trade, energy/climate, S&T/space, d",1
2024,General Studies III,"Infrastructure: economic/social/environmental impact of infrastructure, transport (ports, inland waterways, roads, National Infrastructure Pipeline, Bharatmala, airports, railways, energy pipelines), negative externalities of transport, ownership/financing/pricing of public utilities, PPP project de",2
2024,General Studies III,"Water-resource degradation: hydrological cycle, groundwater depletion, water-borne/water-induced diseases, fluoride/arsenic contamination in drinking water",2
2024,General Studies III,"Public Distribution System: objectives, functioning, limitations, revamping from universal to targeted PDS, cost-benefit analysis, buffer-stock policy, and the Food Security Bill's resource-mobilization/criticism debate",1
2024,General Studies III,"Space missions & policy: PRATUSH lunar telescope, NISAR mission, Aditya-L1, Chandrayaan-3, Indian Space Policy 2023, SSLV-D2, Artemis mission, ILMT, POEM-3 and space debris",1
2024,General Studies III,Venture capital's role in tech-startup growth; IP piracy's impact on creative/tech industries; biotechnology's lab-to-commercial-scale constraints; SEZs vs Chinese industrial models; PLI-scheme execution and labour absorption; stressed-asset management via bad banks,1
2024,General Studies III,"Intellectual Property Rights: concept, types, international agreements/institutions, IPR regime in India, and the National IPR Policy",1
2024,General Studies III,"Monetary policy: instruments, pre- and post-1991-reform eras, Urjit Patel Committee, and the Monetary Policy Committee's inflation-targeting framework",1
2024,General Studies III,"Disaster management, preparedness and mitigation: community-based management, government initiatives, National Disaster Management Act 2005, global DRR frameworks (Sendai vs earlier Hyogo Framework), disaster insurance, media's role, gender-sensitive disaster response, disaster-management cycle, NGO",1
2024,General Studies III,Data security and the Justice B.N. Srikrishna Committee Report on personal data protection; drug trafficking's linkage to gunrunning/human trafficking; NPAs as a structural drag on the credit cycle for infrastructure,1
2024,General Studies III,"Security challenges in border areas: challenges to border management, community-participation approaches, non-demarcated border segments, and eastern-border illegal-migration security challenges",1
2024,General Studies III,Cold-chain and price-volatility management: long-term cold-chain solutions for vegetable-price volatility; MSP's role in food security and cropping-pattern impact; farm subsidies' impact on state fiscal health and environmental degradation,1
2024,General Studies III,"Case studies & sector-specific disaster risk: pandemic-preparedness funding, disaster-induced displacement, urban flood management, Joshimath crisis case study, Turkiye earthquake case-study lessons",1
2024,General Studies III,"Land reforms: colonial-era ownership patterns (Zamindari, Ryotwari, Mahalwari), objectives and progress since Independence, ceiling-legislation progress, NITI Aayog's land-leasing report, and the SVAMITVA scheme",1
2024,General Studies III,"Environmental Impact Assessment: executing body, effects analysed, EIA process, and the EIA notification of 1984 (procedural evolution)",1
2024,General Studies III,"Social media and internal-security threats: regulation challenges, AI's dual role, and monitoring difficulties",1
2024,General Studies III,"Organized crime: types, control challenges, drug trafficking in India, combating strategies, and the terrorism-organized-crime linkage",1
2024,General Studies III,"Effect of human activities on the environment: impacts of modern agriculture, housing, power generation, river-valley/mining/transport/tourism projects on ecosystems",1
2024,General Studies III,"Inclusive growth: meaning and concept of inclusion, India's inclusion experience, social-sector initiatives, ground reality of flagship schemes, rural-economy-based growth, sustainable agriculture/food-security linkage, PDS as a growth tool, financial inclusion, poverty-alleviation-and-employment st",1
2024,General Studies IV,"Case studies: crisis & resource-allocation dilemmas: drought-relief tanker capture by a 'tanker mafia', disaster resource-allocation triage (elite vs marginalised site), law-and-order vs root-cause balancing (illicit liquor), government-doctor private-practice neglect with union-strike threat",2
2024,General Studies IV,"Technology & AI ethics (case studies): drone ethics, AI ethics (in healthcare, creativity, human rights), technological ethics (facial recognition, crypto-mining, brain-computer interfaces), ethics in Digital Public Infrastructure, online-gaming/mining ethics",2
2024,General Studies IV,"Indian moral/spiritual exemplars used as case anchors: Mahatma Gandhi, Dr S. Radhakrishnan, Rabindranath Tagore, Swami Dayanand Saraswati, Mahadeva Govinda Ranade, Sri Aurobindo, Swami Vivekananda, Sardar Patel, B.R. Ambedkar, Raja Ram Mohan Roy, Chhatrapati Shahu Maharaj, Kautilya's classical admin",2
2024,General Studies IV,Consequentialist vs Deontological (Kantian) moral boundaries in public-administration execution; Utilitarianism's concept and its critique when applied to minority protection,2
2024,General Studies IV,"International & security ethics (case studies): ethics in international relations (trade, war, climate finance), arbitration ethics, peacekeeping and humanitarian intervention, ethics of grey-zone warfare",2
2024,General Studies IV,"Environmental ethics: linkage between ethics and environment, relevant theories, and the role of the individual",1
2024,General Studies IV,"Can an administrator succeed on aptitude alone, without integrity? — the integrity-vs-competence debate; impartiality maintenance under political transfer-posting pressures",1
2024,General Studies IV,"Case studies: public-safety & procurement dilemmas under pressure: infrastructure-safety cover-up under election-timeline pressure, defence-procurement L1-vs-clean-bidder dilemma, clinical-trial consent violations vs public-health urgency",1
2024,General Studies IV,"Western philosophers used as ethics-paper anchors: Plato, Aristotle, Socrates, Jeremy Bentham, J.S. Mill, Thomas Hobbes, John Locke, Jean-Jacques Rousseau, John Rawls, Immanuel Kant (categorical imperative applied to public service), Carol Gilligan, Jean-Paul Sartre, Hegel, Confucius, Rene Descartes",1
2024,General Studies IV,Role of ethical values in governance and society; significance of value in civil services; society's and educational institutions' contribution to inculcating values; aesthetic values; values in work-life and professional ethics,1
2024,General Studies IV,"Public discourse & rights ethics (case studies): internet-shutdown ethics, free speech on social media, social-media influencing, moral policing, identity politics and gender justice, sex-workers'/LGBTQIA+ rights, reproductive rights, 'wokeism' debates",1
2024,General Studies IV,"Essence, determinants and consequences of ethics in human actions; approaches to ethical study (Indian vs Western perspectives); basic concepts of morality and value",1
2024,General Studies IV,Distinguishing a 'Code of Conduct' from a 'Code of Ethics'; code of conduct for ministers/legislators/civil servants/regulators/judiciary,1
2024,General Studies IV,"Conflict of interest: definition, actual vs potential conflicts, with illustrative examples; administrative value conflicts in maintaining political neutrality while processing sensitive files",1
2025,General Studies I,"Regional temple traditions: Khajuraho, Odisha, Gwalior, Gujarat, Rajasthan, Bengal, Assam, HP, J&K temple styles",1
2025,General Studies I,"Tsunami mechanism, wave properties, and effects",1
2025,General Studies I,"Ocean & seabed mineral geography: Antarctica's mineral resources, mid-oceanic-ridge minerals, EEZ mineral deposits, hydrocarbon extraction prospects, India's seabed mineral exploration (Afanasy Nikitin Seamount)",1
2025,General Studies I,"Socio-religious reform movements of the 19th century (Raja Ram Mohan Roy, Jyotirao Phule, Ishwar Chandra Vidyasagar, Ambedkar movement)",1
2025,General Studies I,"Health, nutrition and sanitation: NFHS-5 findings, renewed healthcare system, One Health concept, Global Hunger Index, Open Defecation Free status, nutritional security through food fortification",1
2025,General Studies I,"Physiography of India: geopolitical significance of location, geological divisions, the Peninsular Block, the Himalayas and other peninsular mountains, Indo-Gangetic-Brahmaputra Plain, and physiographic divisions",1
2025,General Studies I,'Adivasi' as a category: reasons for the term and geographic concentration of tribal populations; issues with tribal habitat in India,1
2025,General Studies I,"French Revolution: causes, course, France under Napoleon, impact and significance for the modern world",1
2025,General Studies I,"Plate tectonics: lithospheric plates (major/minor), plate boundary types (divergent/convergent/transform), rates and forces of plate movement, and the Indian plate's 71-million-year movement history",1
2025,General Studies I,"Architecture in ancient India: Harappan, Mauryan, post-Mauryan/Gupta periods",1
2025,General Studies I,"Resource & energy geography: wind-energy potential, petroleum-production challenges, critical-mineral distribution, rare-earth-metal prospects, coal demand vs net-carbon-neutrality, Eastern Maritime Corridor, South China Sea geopolitics",1
2025,General Studies I,"Consolidation and expansion under Akbar: conflict with the nobility, relations with Rajputs, state/government structure (mansabdari, land revenue), and religious policy (Ibadat Khana to Din-i-Ilahi)",1
2025,General Studies I,"Ocean & climate-system dynamics: mid-oceanic ridges and biodiversity, changing El Nino/La Nina patterns, Oceanic Nino Index, climate change's impact on ocean currents, slowdown in overturning circulation, marine heatwaves, cryosphere and climate change",1
2025,General Studies I,"Effects of globalization on Indian society: kinds of impact (economic, political, developmental, socio-cultural) and whether the impact is solely positive or negative",1
2025,General Studies I,"Urbanization in India: pattern, issues, rural-urban migration, slum emergence, urban transport/waste/water-sanitation, urban poverty, and inclusive/smart-city responses",1
2025,General Studies I,"Poverty and development issues: concept of development, Sen vs Bhagwati model, crisis of development",1
2025,General Studies I,Post-Independence Consolidation,1
2025,General Studies I,"Demography: concept of human resources, population distribution (physical/socio-cultural/demographic factors), world/continental distribution, density patterns, age/sex composition, literacy, population pyramids, theories of population growth (Malthusian, Marxian, demographic transition), population",1
2025,General Studies I,"Migration and settlements: push/pull factors, internal vs world migration, functional classification of cities, boundaries vs frontiers, rural-urban fringe characteristics, national urbanisation policy, principles of urban planning, land-cover transformation, and settlement typologies (rural/urban, ",1
2025,General Studies II,"Welfare schemes by constitutional arrangement: women welfare (gender technology gap, women in the political system, marriageable-age debate), child welfare, SC/ST/OBC welfare, caste census, minorities welfare, old-age welfare, and needed legislative reforms",2
2025,General Studies II,"The Judiciary: integrated judicial system, Supreme Court composition/independence/jurisdiction/judicial-review/curative-petition, High Courts, lower judiciary, judicial appointments (collegium system, NJAC controversy), judicial accountability and corruption issues, PIL, judicial activism, and alter",2
2025,General Studies II,"Poverty and hunger: definitional debates across committees, poverty data, causes, urban vs rural vs feminized poverty, poverty-alleviation measures and implementation problems, food-security programmes, and controversies in poverty-data estimation",1
2025,General Studies II,"India and other regions: Africa (historical connections, South-South engagement, trade/investment/security cooperation), Australia (diaspora, economic ties, nuclear cooperation), France (strategic partnership), Germany (economic relations), UK (Brexit implications)",1
2025,General Studies II,"Global institutions: UN structure (UNGA, UNSC and India's candidacy, ECOSOC), ICJ, UN specialised agencies (FAO, ICAO, ILO, IMO, ITU, UNESCO, IFAD, WHO, WMO, WIPO), World Bank",1
2025,General Studies II,"Judiciary, rights & rule of law: right to personality, right to vote for undertrials, curative petition, tribunals in India, criminal law reforms, All India Judicial Services, Supreme Court case-burden, contempt of court, freedom of press, special/local laws, ED and PMLA",1
2025,General Studies II,"Amendment process: the Constitution's dynamic/'living document' nature (Article 368), Basic Structure Doctrine as a judicial 'safety valve', and different majority-types required",1
2025,General Studies II,"e-Governance: introduction, applications, models, successes/limitations/future prospects, dashboards/portals, democracy-and-e-governance linkage, and e-governance in the judiciary/legislature",1
2025,General Studies II,"The President: importance, qualification, election procedure, powers (executive/legislative/emergency/financial/judicial), ordinance-making power, pardon power, impeachment, and misuse of emergency provisions",1
2025,General Studies II,"Union and states: State Reorganisation Commission, components of Indian territory, formation of new states, Zonal Councils, Union Territories, special provisions for states, Scheduled and Tribal Areas (5th/6th Schedule, autonomous councils)",1
2025,General Studies II,101st Amendment (GST): salient features and efficacy in building a common national market; 69th Amendment (NCT of Delhi) and federal friction; Article 311 safeguards for civil servants,1
2025,General Studies II,"India and Asian nations: Central Asian republics (Turkmenistan, Kazakhstan, Tajikistan; China's role; International North-South Transport Corridor; SCO), Mongolia, UAE, Iran (nuclear deal, US geo-economic considerations), Israel-Palestine and India-Israel relations, Saudi Arabia, Asia-Pacific groupi",1
2025,General Studies II,"Local government and governance: issues of funds/functions/functionaries, local government's interface with vulnerable sections and emerging issues (disaster management, technology), localism/neo-localism/subsidiarity",1
2025,General Studies II,"Representation of People's Act: disqualification triggers, criminalization of politics, electoral reform proposals, and electoral bond aftermath",1
2025,General Studies II,Civil-society organisations' impact on public policy formulation; FCRA compliance tightening and civil-society funding constraints; SHG federated models scaling beyond microfinance into market linkages,1
2025,General Studies II,"Council of Ministers, Attorney General of India, and Parliament: composition of Lok Sabha/Rajya Sabha, qualification/disqualification, sessions, law-making procedure, officers, motions/resolutions, powers and privileges, financial proceedings, comparison of the two Houses, women's reservation in Par",1
2025,General Studies II,"Pressure groups and formal/informal associations: types, significance, distinction from political parties, politicisation of pressure groups, and their evolving role via new media",1
2025,General Studies II,Important key concepts: New World Order dynamics and 'New Cold War' debates,1
2025,General Studies III,"Food processing and related industries: scope and significance, location, upstream/downstream requirements, supply-chain management, Mega Food Parks, FDI policy, notable sector trends, and budget/policy strategies",2
2025,General Studies III,"Water-resource degradation: hydrological cycle, groundwater depletion, water-borne/water-induced diseases, fluoride/arsenic contamination in drinking water",2
2025,General Studies III,"Climate change basics: greenhouse effect and global warming, international efforts to control climate change, ozone-layer depletion, acid rain, El Nino/La Nina",1
2025,General Studies III,"Fiscal policy: important budgetary/fiscal terms, government revenue/spending, revenue/fiscal/primary deficits and their financing",1
2025,General Studies III,"Nanoscience and nanotechnology: basics, nanomaterials, applications (medicine, semiconductors, food, textiles, sustainable energy, environment, transport, space, agriculture) and adverse health/environmental/ethical impacts",1
2025,General Studies III,"Agriculture & resource economics: sugar production's groundwater impact, primary agricultural societies, e-technology in agriculture, energy security, clean-energy investment",1
2025,General Studies III,"Planning in India: objectives, history, Five-Year-Plan analysis, and Growth vs Development distinction (national income determination, GDP/GNP/NDP/NNP/per-capita income, HDI, gender-development index, poverty index, MDGs/SDGs)",1
2025,General Studies III,"Linkage between development and extremism: Left-Wing Extremism's stated purpose, its resonance with common people, Covid-19's effect on Naxalism, why LWE is deemed the biggest internal-security threat, and its nexus with illegal mining in forest tracts",1
2025,General Studies III,Venture capital's role in tech-startup growth; IP piracy's impact on creative/tech industries; biotechnology's lab-to-commercial-scale constraints; SEZs vs Chinese industrial models; PLI-scheme execution and labour absorption; stressed-asset management via bad banks,1
2025,General Studies III,"Terrorism threat to India: changing face of terrorism, threats faced, the broader counter-terrorism framework, and drawbacks in intelligence infrastructure",1
2025,General Studies III,"Insurgency in the North-East: issues/conflicts, Assam insurgency, and resolving the Bodo issue",1
2025,General Studies III,"Electronics and telecommunications: computer generations and cloud computing, IT-enabled services, display technologies (LCD/LED/OLED/AMOLED), mobile generations, net neutrality, IoT, big-data/privacy issues, cyber-crime and security, and government digital-governance initiatives",1
2025,General Studies III,"Frontier physics & materials science: LIGO/dark-matter search, National Quantum Mission, graphene applications, nuclear-fusion breakthroughs, 50 years of Pokhran-I, MIRV technology",1
2025,General Studies III,"Foreign trade and international organisations: trade policy, India's Balance of Payments (current/capital account performance), exchange-rate determination and convertibility, the Bretton Woods twins (World Bank, IMF), WTO and India, regional development banks (ADB, NDB, BRICS Bank, AIIB), and bilat",1
2025,General Studies III,"Role of agriculture in the Indian economy: historical background and current status, cropping systems (mono-cropping, crop rotation, sequential/inter/relay cropping), agriculture marketing, conclusive land titling, and the Biotech-KISAN programme",1
2025,General Studies III,"Maritime & space security: anti-maritime-piracy law, maritime-security developments in the IOR, drone attacks on merchant vessels, Gaganyaan-linked space security, Indo-Pacific/QUAD developments",1
2025,General Studies III,"Climate mitigation & industrial transition: Anthropocene debate, green industrialisation, carbon farming, electric mobility, green hydrogen roadmap, BioCNG, climate-engineering ethics, CCUS policy, EU carbon-border-tax impact, greenwashing, IPCC, WMO, UNEP Emissions Gap, Global Methane Tracker repor",1
2025,General Studies III,"Minerals and environmental degradation: mining's direct/indirect impacts, international mining laws, and sustainable-mining regulation in India",1
2025,General Studies IV,"Case studies: public-service integrity & corruption dilemmas: welfare-scheme 'ghost beneficiary' fraud amid caste sensitivities, law-enforcement bribery from an illegal-mining network, superior's personal-gain conflict-of-interest request, tax officer's technical-vs-substantial-compliance discretion",2
2025,General Studies IV,"Case studies: development vs displacement/environment trade-offs: environmental clearance vs displacement/pollution trade-offs, court-ordered demolition vs livelihood/political pressure, factory-closure aftermath (unemployment vs environmental enforcement)",2
2025,General Studies IV,"Indian moral/spiritual exemplars used as case anchors: Mahatma Gandhi, Dr S. Radhakrishnan, Rabindranath Tagore, Swami Dayanand Saraswati, Mahadeva Govinda Ranade, Sri Aurobindo, Swami Vivekananda, Sardar Patel, B.R. Ambedkar, Raja Ram Mohan Roy, Chhatrapati Shahu Maharaj, Kautilya's classical admin",2
2025,General Studies IV,"International & security ethics (case studies): ethics in international relations (trade, war, climate finance), arbitration ethics, peacekeeping and humanitarian intervention, ethics of grey-zone warfare",2
2025,General Studies IV,Ethics in public life vs economic life; freedom and discipline; duties and rights; virtue ethics; consequences of ethics in human actions,1
2025,General Studies IV,Frequently cited quotation-anchors for ethics answer-writing: Gandhi's 'Seven Sins' and 'the weak can never forgive'; Socrates' 'an unexamined life is not worth living'; Nehru on awakening women as key to awakening the nation; Jefferson's 'honesty is the first chapter in the book of wisdom' (intelle,1
2025,General Studies IV,'Constitutional morality': concept and how it is enforced in a democratic system; social auditing as more than financial verification — an instrument of ethical governance,1
2025,General Studies IV,"Public discourse & rights ethics (case studies): internet-shutdown ethics, free speech on social media, social-media influencing, moral policing, identity politics and gender justice, sex-workers'/LGBTQIA+ rights, reproductive rights, 'wokeism' debates",1
2025,General Studies IV,Empathy and compassion as values distinguishing a pro-poor administrator from a status-quoist one; consequences of political alignment by bureaucrats,1
2025,General Studies IV,Distinguishing a 'Code of Conduct' from a 'Code of Ethics'; code of conduct for ministers/legislators/civil servants/regulators/judiciary,1
2025,General Studies IV,"Attitude-formation model, impact of beliefs and values, group and social influences, persuasion tactics and tools",1
2025,General Studies IV,Role of ethical values in governance and society; significance of value in civil services; society's and educational institutions' contribution to inculcating values; aesthetic values; values in work-life and professional ethics,1
2025,General Studies IV,"Essential aptitude for civil servants; foundational values of civil services: neutrality, anonymity, accountability, integrity, humility, adaptability, magnanimity, perseverance, impartiality/non-partisanship, tolerance and compassion for the weaker sections, and contribution to society",1
2025,General Studies IV,"Conflict of interest: definition, actual vs potential conflicts, with illustrative examples; administrative value conflicts in maintaining political neutrality while processing sensitive files",1
2025,General Studies IV,"Case studies: crisis & resource-allocation dilemmas: drought-relief tanker capture by a 'tanker mafia', disaster resource-allocation triage (elite vs marginalised site), law-and-order vs root-cause balancing (illicit liquor), government-doctor private-practice neglect with union-strike threat",1
2025,General Studies IV,Accountability vs Responsibility: distinguishing the two with a suitable example; utilisation of public funds and problems in fund release/utilisation; parliamentary control on expenditure,1
