id,subject,name
bc25126f-b87b-48ab-815a-e38d4695b353,General Studies I,'Adivasi' as a category: reasons for the term and geographic concentration of tribal populations; issues with tribal habitat in India
8384d02b-49b9-4025-8895-508fd22a08ed,General Studies I,"18th-century society, economy, and culture: rural society, artisans, standard of living, ruling classes, inland/overseas trade, religion, fine arts, science and technology"
c5a88fcd-8bda-41a1-8ab7-f8c3d7ea8037,General Studies I,"Agricultural geography: land-use/capability classification, land degradation, cropping seasons/patterns/regionalization, infrastructure factors (seeds, fertilizers, irrigation), agricultural revolutions, labour, price policy, marketing, insurance, agricultural census, major crop conditions-of-growth"
537f74e9-41ab-45b2-947b-de8daec9a50b,General Studies I,"Architecture in ancient India: Harappan, Mauryan, post-Mauryan/Gupta periods"
2071ecc9-3042-45cc-b6d5-0a2c7970f1c8,General Studies I,"Atmospheric & coastal phenomena: geomagnetic storms and auroras, sea swells and rip currents, alpenglow phenomenon, atmospheric rivers, lightning in India"
05efedef-7ad8-4945-abfa-5b2861fb2306,General Studies I,"Aurangzeb: religious policy phases, temples/jizyah, territorial consolidation, popular revolts (Jats, Satnamis, Sikhs), and the climax/crisis of the empire"
48f777dc-05ca-423d-8267-33de79eb8587,General Studies I,"Beginning of the modern age: disintegration of the feudal system, Renaissance (humanism, art, architecture, literature, science), Reformation, explorations/discovery/trade, colonization and the rise of the nation-state, the English Revolution"
2c26a666-8e16-46a5-9362-547604b3556e,General Studies I,Bhakti and Sufi movements: reach across age/gender/religious barriers; Sri Chaitanya's re-orientation; Vaishnava Acharyas' metaphysical foundations; Maharashtra Dharma; Brahmo Samaj and Ramakrishna Mission as 19th-century reform continuities
783a870d-9175-439d-9b4e-5dd4ff1bd6eb,General Studies I,"Biogeography: soil formation processes/profiles/classification/erosion-conservation; vegetation types, forest significance (economic/ecological/cultural), forest cover, deforestation causes/patterns (tropical vs temperate), and conservation strategies (reforestation, afforestation, agro-forestry, Mi"
f23ed3c3-13b4-40cd-9bff-1e8904524068,General Studies I,"Caste system: structural resilience as a barrier to social mobility, and its adaptation to modernization/secularization"
c44426e6-7a3a-420a-b903-fc6f9cb236b1,General Studies I,"Census themes: literacy, sex ratio, family planning, ageing population, age structure, density, population growth, census terminology, and the caste-census debate"
220d8acc-996a-418a-9fea-70b2157329ce,General Studies I,"Central Asian politics and Babur's advance: Timurids, Uzbek-Iran conflict, and the struggle for empire in north India (Panipat, Rana Sanga, Afghans)"
3ffa1fcb-5db4-41ef-afb5-b6637d76b9d4,General Studies I,"Children and vulnerable-section issues: child labour, child adoption, Juvenile Justice Act 2015, child trafficking, age of consent; tribal welfare (denotified tribes), LGBTQIA+ rights, disability rights, manual scavenging, marginalisation of sexual minorities"
e61dfc39-64dd-4c72-bb6e-3f9fbd1864fa,General Studies I,"Cholas and other south Indian kingdoms: administration, socio-economic life, education/literature, Cheras, Yadavas, and contact with Southeast Asia"
2a964f06-9b59-4139-9e33-2af38ac3ebac,General Studies I,"Classical Temple Architecture: Nagara, Dravida, Vesara and regional sub-schools (Pallava, Chola, Pandya, Vijayanagara, Nayaka, Hoysala, Rashtrakuta, Kerala temples)"
8e336c8b-f53d-40ad-9534-1b04929a3d69,General Studies I,"Climate of India: factors influencing climate, monsoon mechanism (classical/modern/air-mass/jet-stream theories), El Nino-La Nina impact, rhythm of seasons, and climatic regions"
35fbd86b-e1cf-4c28-b0d9-ac22e4a5a7dc,General Studies I,"Climatology: atmospheric composition and structure (exosphere to troposphere), insolation and heat balance, temperature distribution and inversion, atmospheric pressure and wind systems (pressure gradient/frictional/Coriolis forces), general/global circulation (Hadley/Ferrel/Polar cells), air masses"
611e82d1-f407-4a3b-8ba1-5f5d40fb7c31,General Studies I,Coinage of India and inscriptions/coins as sources of history; Devadasi tradition; Aadi Mahotsav and tribal cultural empowerment; Dwarka and India's ancient maritime heritage; bronze art tradition from Indus Valley to medieval times; seals of the Indus Valley
fae3f389-6662-42b0-a741-2baf350149fa,General Studies I,"Cold War: reasons, development (1945-1953), the extent of post-1953 thaw, and the Nuclear Arms Race/Cuban Missile Crisis (1962)"
e48e4da6-8be0-41dc-a6c2-66ddfe5ef783,General Studies I,"Colonial land revenue systems (Permanent Settlement, Ryotwari, Mahalwari), commercialization of agriculture, and economic drain theory"
48ed83ad-4c86-4465-88ee-481f5d011d11,General Studies I,"Colonialism and Imperialism: the age of imperialism (1870-1914), imperialism in Asia, and an analysis of colonialism"
7143e3e6-2be3-47d6-b717-8025a612c635,General Studies I,"Communalism and social consolidation: secularism, causes and consequences of communalism, issue of linguistic minorities (operational inefficiency and government initiatives)"
b0f90d0f-c35e-4c56-b8ff-2bfac91061cd,General Studies I,"Communalism: meaning, historicity, role of third parties in inciting/perpetrating it, and whether it can be eradicated; regionalism's theories, manifestations, and possible remedies"
3549fc73-7d23-43d3-92b6-0cb02be4cf1e,General Studies I,"Communism, Socialism and Capitalism: concepts, types, examples, and the relevance of capitalism in the present era"
d0cbe1a6-487b-489a-829a-d2ea63b2a77d,General Studies I,"Connectivity & port-led development: Shinku La tunnel and regional connectivity, Indian ports and economic development"
350fa181-f113-4dd3-9404-7bd1e1a8d16c,General Studies I,"Consolidation and expansion under Akbar: conflict with the nobility, relations with Rajputs, state/government structure (mansabdari, land revenue), and religious policy (Ibadat Khana to Din-i-Ilahi)"
4324e1ff-2477-4f16-b45f-3575257a7ba7,General Studies I,"Constitutional reforms as colonial concessions (Morley-Minto, Montford, GoI Act 1935) and nationalist responses"
a3284754-ee69-4931-8653-2f98e7ebd76a,General Studies I,"Contemporary economic-geography themes: Shinku La tunnel and regional connectivity, Sub-Saharan Africa food security, Antarctica's mineral resources, mid-oceanic-ridge minerals, EEZ mineral deposits, hydrocarbon extraction prospects, Indian ports and economic development, Africa's Afar Triangle, Ind"
d19b8f09-c461-495e-b88c-ea96b791f9c0,General Studies I,"Contemporary human-geography themes: India's demographic profile (largest/youngest/underdeveloped paradox), urban flooding, illegal migration, human-settlement surge in flood-prone areas, tribal-habitat issues, changing migration dynamics, low human development pockets, climate change and the North-"
da3a5849-aa34-4290-9ec4-a4c9937c9f17,General Studies I,"Contemporary Indian-geography themes: cyclones of the Bay of Bengal and climate change, El Nino and Indian monsoon, Indus dam construction prospects/challenges, receding Himalayan glaciers, Indian Ocean Dipole's weather impact, Himalayan landslides, tectonic deformation in northern plains, Chenab Va"
e32b3e50-d206-402a-a2cf-a623b7544841,General Studies I,"Contemporary physical-geography themes: subaerial/fissure volcanic eruptions, supervolcanoes, volcanic island arcs, geomagnetic storms and auroras, mid-oceanic ridges and biodiversity, changing El Nino/La Nina patterns, volcanic vortex rings, Oceanic Nino Index, sea swells and rip currents, alpenglo"
eda9628d-27c4-44c3-88f7-0477d52b41fd,General Studies I,"Continental Drift Theory (Wegener), Pangea/Panthalassa, Laurasia/Gondwanaland, supporting evidence (jigsaw fit, rock ages, tillite, placer deposits, fossil distribution), forces of drifting, post-drift studies (convectional current theory, ocean floor mapping)"
a526e177-46ac-41af-bf18-0876bb23173c,General Studies I,"Cultural issues/themes in news: Kuli language, military systems in ancient India, indentured labourers, UNESCO's Prix Versailles, Abhilekh Patal, Homo Naledi, Woman Odhuvar"
24789b2b-e004-466c-9a4e-00d433f58a2e,General Studies I,"Dance in India: concept, Ashta Nayika, eight classical forms, folk and modern dances; Tandava as recorded in early inscriptions; Garba, Cham Lama, Kolkali, Pulikali (Tiger Dance)"
cff89651-8639-4cde-a526-18bb27b5290f,General Studies I,Deindustrialization of traditional artisanal industries and British economic policy's impact on the rural economy
a2940973-ef25-4c58-9165-041c3bc4fa12,General Studies I,"Demographic structure & population dynamics: India's demographic profile (largest/youngest/underdeveloped paradox), changing migration dynamics, changing population-composition dynamics, illegal migration"
90ed023c-e549-4e63-b13a-7f428b2fca21,General Studies I,"Demographic transition: changes in population growth rates and distribution since Independence; population problems of developing vs developed countries; Malthusian, Marxian and Demographic Transition theories"
c78bf170-9afd-47db-938c-61da2f40d7f3,General Studies I,"Demography: concept of human resources, population distribution (physical/socio-cultural/demographic factors), world/continental distribution, density patterns, age/sex composition, literacy, population pyramids, theories of population growth (Malthusian, Marxian, demographic transition), population"
bcda1789-d071-48bf-a8ee-e82702b4bdae,General Studies I,"Development & welfare indicators: socio-economic inequality, climate change and food insecurity, One Nation One Ration Card, Human Development Index, universal social welfare"
2f3a842a-2be9-450c-8652-28ee5b5f9115,General Studies I,"Development in the Middle East: democratic reforms, Arab nationalism, and Israel"
e8b0714d-cf85-4cbf-a859-0bcc64c820fc,General Studies I,"Drainage system of India: drainage patterns, Himalayan and Peninsular river systems (Indus, Ganga, Brahmaputra systems), and small east/west-flowing rivers"
400279fd-f995-4dc7-82a9-f74875c0888e,General Studies I,Early Buddhist cave-art (Barabar and Nagarjuni caves) and its evolution into later western Indian cave traditions
8eaf3808-2ed4-4e12-a398-8fc6b3042230,General Studies I,"Early Muslim invasions: Arab conquest of Sindh, Mahmud of Ghazni, Muhammad Ghori"
984aca0c-0adc-4eb8-afa5-972ed1232681,General Studies I,"Early nationalism: pre-Congress organisations, Indian National Congress (1858-1905), early nationalists vs Swadeshi/Extremist strategic factions, GoI Act 1909, Home Rule League"
210b47e0-e809-475c-bd31-9072fae5ada6,General Studies I,"Earthquakes: types, causes, effects, frequency, epicentre location, global distribution, and observatories"
5fbcda9e-616e-411b-b50c-dd6fc29160c7,General Studies I,"East India Company's administrative expansions (Regulating Act 1773; Ring Fence policy as precursor to Subsidiary Alliance; Doctrine of Lapse); the British conquest of India, Anglo-Mysore and Anglo-Punjab Wars"
39fd37df-2560-4261-88f2-22dc80632b90,General Studies I,"Education-sector issues: public schools, NIPUN Bharat Mission, Anusandhan National Research Foundation Act 2023, National Curriculum Framework for School Education, Performance Grading Index, higher-education reforms (deemed universities, foreign HEIs, National Credit Framework, accreditation)"
1f074352-90a9-460f-9ec8-dcf193c6198b,General Studies I,"Effects of globalization on Indian society: kinds of impact (economic, political, developmental, socio-cultural) and whether the impact is solely positive or negative"
148a93f6-0e07-4057-98a1-5f4751a4b757,General Studies I,"Emergence of the USA: American colonies, independence, the Revolutionary War and its political/global impact, the US Civil War and its global impact and impact on India"
8abe5f3c-d74c-4c3b-b9cf-1781677ac566,General Studies I,"Establishment of the Mughal empire: Humayun's struggles, the Sur dynasty and Sher Shah's administrative contributions"
e7a92242-5450-45ef-89dc-d3b2397e5e7e,General Studies I,"European trading companies' rivalry, the Carnatic Wars, and the Battle of Plassey (1757) as 'a great betrayal' rather than a great battle"
afede5c4-a72c-4066-ab1d-a355d5e57db2,General Studies I,"Evolution of Buddhist stupas (Sanchi, Amravati) and Gandhara, Mathura, Amravati schools of art; Gandhara sculpture's dual debt to Roman/Greek traditions"
9cc67a5d-b228-4658-83cc-9ebf547fcf53,General Studies I,"Family, marriage, and kinship structural shifts in transitional Indian society; validity of Hindu marriages, live-in relationships, raising the legal age for marriage, and the menace of girl-child marriage"
028918a2-4769-4d8c-9dab-1e42fcb46b1c,General Studies I,"French Revolution: causes, course, France under Napoleon, impact and significance for the modern world"
01bc558f-a3a3-4612-8141-f6b2019d7c9f,General Studies I,"Gandhian mass mobilization phases (Non-Cooperation, Civil Disobedience, Quit India) and the special role of women in this phase"
40521038-bf2f-4cc8-93b5-6c94e4bd3999,General Studies I,"Geology: minerals, major crustal elements, physical characteristics of minerals, rocks (igneous/sedimentary/metamorphic), rock cycle, and rock-soil relationships"
cee46f59-a51f-4413-81d5-d1e1bb9e8f4a,General Studies I,"Geomorphic processes: endogenic (diastrophism, orogeny, epeirogeny, plate movements, volcanism) and exogenic (denudation, weathering, mass movements, erosion-transport-deposition)"
a236b22c-e2f7-454f-bc41-b681e7b27c6b,General Studies I,"Global physical-geography case studies: Sub-Saharan Africa food security, Africa's Afar Triangle"
f5d3943e-c846-4012-b26d-894554cd8ed5,General Studies I,Growth of Jainism and Buddhism as heterodox responses to Vedic orthodoxy
d1f74e8d-07ae-4db3-9137-44cf7326c950,General Studies I,"Growth of modern education, press, and vernacular public sphere under colonial rule; important newspapers/journals of the period"
99f77ca2-3198-43bf-99ec-42e1a9487208,General Studies I,"Harshavardhana: sources, administration, officials, economy, Huen Tsang's arrival, society and religion"
ad76f979-2c23-45bd-b5ff-771c43bf9b51,General Studies I,"Health, nutrition and sanitation: NFHS-5 findings, renewed healthcare system, One Health concept, Global Hunger Index, Open Defecation Free status, nutritional security through food fortification"
97de0712-a47f-4f64-95fd-aae8066a0cd0,General Studies I,"Himalayan geomorphology & hazards: receding Himalayan glaciers, Himalayan landslides, tectonic deformation in northern plains, Chenab Valley land subsidence, expanding Himalayan glacial lakes"
c60416a6-a1a4-4893-9aa3-087cb9866242,General Studies I,"Historical sites in current affairs: Keeladi, Juna Khatiya, Chebrolu, Menhirs, Thoppikkallu/Hat stones, Sundargarh Natural Arch, Sisupalgarh, Chandraketugarh, Old Fort"
52043a16-3ccb-4138-8de3-72d640f6fccb,General Studies I,"History through the eyes of travellers: Ayodhya's historical narratives, Chinese pilgrim travellers, Arab travellers and cultural encounters"
e639b66e-27b5-4f64-a8bd-63b99acff2e5,General Studies I,"Human development & regional disparity: low human development pockets, climate change and the North-South divide within India, social capital, quality-of-life paradoxes"
5638f39b-4422-473c-9e9a-29f653fb7609,General Studies I,"Imperial Guptas: political history, Fa-hien's account, administration, development of art and culture, urban centres, and societal change; the Gupta era as a historiographical 'golden age' debate"
375cb7d7-58c9-4dc0-8ae0-3493df54885b,General Studies I,"India in the first half of the 17th century: Jahangir, Nur Jahan's 'junta', Shah Jahan's consolidation, evolution of the mansabdari system"
bcf25709-42b7-4b9f-9891-4b292aa9c124,General Studies I,"India's contacts with the rest of Asia: propagation of Buddhism, Roman trade, Chinese silk route, Kanishka's reign, spread of Indian culture to Southeast Asia"
e7a03f6f-5c24-40e7-9bab-96148b883e17,General Studies I,Indian cinema: history and classification of Indian cinema film
1910984e-7a52-4503-9567-7aeb0acadb57,General Studies I,"Indian painting traditions: mural painting, miniature painting (Rajput, Pahari, Deccan, South Indian schools), regional/modern/contemporary painting; Panamalai, Cheriyal Scroll, Mewar school, Gilgit manuscripts, Ol Chiki script, Phanigiri artefacts, Vajra Mushti Kalaga, Bagh print"
5d67ddfd-05a3-4595-a285-e48e4a395a8c,General Studies I,"Indian puppetry: string, shadow, rod, glove, modern, and tribal puppetry traditions"
d367dc54-a37a-47d4-9a71-1a36d336499a,General Studies I,"Indian theatre: classical Sanskrit, regional, modern, and its renaissance"
0d34dd87-f5ca-4eea-bc48-4bbb4fa5094c,General Studies I,"Indo-Islamic architecture: Imperial (Delhi Sultanate) style, Provincial style, Mughal style, Sikh style, Rajput architecture"
4ee6d257-a97b-45d0-8410-d90509cb427c,General Studies I,"Indus Valley Civilization town-planning, seals, bronze casting, terracottas, and sculptures"
7d6c2cf2-04cb-4794-b5f4-acd8434df0e2,General Studies I,"Indus Valley Civilization: major cities and town-planning, internal/foreign trade, agriculture, domestication, crafts, weights and measures, script, society, religion, economy, burial system, and decline"
fb2ac120-869c-4f06-a14c-f2fc64c1485c,General Studies I,"Industrial localization parameters: distribution factors for iron-steel and cotton-textile industries in India, and why petroleum refineries are often sited away from crude-producing areas"
da722bcf-2ab7-4f91-869e-d4658ba32b6a,General Studies I,"Industry and industrial geography: industrial development phases, iron-and-steel/textile/engineering/chemical/agro-based/paper/cement/petroleum-refining industries and their localization factors, principal industrial regions of the world (Anglo-America, former USSR, Eastern Asia)"
e69efc40-8e74-4921-9228-3c22cd90b943,General Studies I,"Inter-war years (1919-1939): the Great Depression, rise of Fascism in Italy, rise of Nazism in Germany, and the Soviet Union (USSR)"
0d347d2a-d679-41d6-8fe5-9b2d0f8c682c,General Studies I,"Interior of the Earth: sources of information (direct and indirect via seismic/body/surface waves), shadow zone, and internal structure (crust, lithosphere, mantle, asthenosphere, core, seismic discontinuities)"
21e1e052-dcc9-480c-b873-238fa34b1749,General Studies I,"Jet streams: features, types (permanent/temporary), influence on weather and aviation"
57ede7d8-7731-408d-8cbf-9d6bb0162930,General Studies I,"Labour & livelihood security: occupational safety and health, MGNREGA payment delays, e-Shram portal"
bcaa8337-227a-4c25-910b-971863bbc8fe,General Studies I,"Landform evolution by agent: wind (pediments, playas, deflation hollows, barchans, seif, parabolic/transverse/longitudinal dunes), running water (erosional/depositional stages and landforms, incised meanders, river terraces, deltas, floodplains, oxbow lakes, braided channels), groundwater/karst topo"
ed7ace53-667c-4047-8ed7-e6b8e9d7a09b,General Studies I,"Landforms across the world: fold/block/volcanic mountains, plateau types (dissected, volcanic) and their economic significance"
6f2406e7-b4a9-4094-8dc9-c124ebfea6d2,General Studies I,"Languages and literature of India: Sanskrit, Pali, Prakrit, and the major regional literatures (Tamil, Telugu, Malayalam, Kannada, Odia, Assamese, Bengali, Gujarati, Rajasthani, Punjabi, Marathi, Hindi, Persian, Urdu); Sangam literature as a record of early Tamil society"
b0c64809-2ed5-4558-9b6c-c077c037681a,General Studies I,"Latitude/longitude, motions of the Earth (rotation/revolution), axial inclination, local/standard time, International Date Line, calendar, eclipses, and the geological time scale"
45968189-9bef-40d6-80b7-2d2d64653b01,General Studies I,"Linguistic reorganization of states and the Commissions (Dhar, JVP, Fazl Ali) — and whether it strengthened or weakened Indian unity; linguistic regionalism, constitutional language policy, and recent Hindi-language controversy"
a600bad8-e61a-4fdd-b07e-aa67441e04db,General Studies I,"Major early medieval dynasties (750-1200): Pratiharas, Palas, Rashtrakutas, tripartite conflict, Senas, Rajputs, Pallavas, Chalukyas, and the concept of Indian feudalism"
996b632c-c4fd-430c-845c-1c43e1d9f280,General Studies I,"March towards freedom: Civil Disobedience Movement, Round Table Conferences, Poona Pact, GoI Act 1935, Congress ministries, Tripuri Session, August Offer, Individual Satyagraha (1940-41)"
7eb21f06-3f74-401b-9246-571fb2e63d07,General Studies I,"Marginalised & vulnerable-group welfare: old-age care, rag-pickers, caste-manual-scavenging linkage, migrant-worker housing"
4f0a47c8-166f-4ff1-ac2f-e61fbe0087f5,General Studies I,Martial arts of India: genesis and forms of traditional martial arts
121c1c3d-9916-47df-ada5-d850ea820c68,General Studies I,"Mauryan art and architecture (Ashokan pillars, polishing techniques, and rock-cut caves)"
a078d4ec-9a8b-4478-ba5d-4587ed7b8e4a,General Studies I,Medieval school of sculpture and modern Indian sculpture
52469335-543a-4b28-9edc-580e52fcf648,General Studies I,Mid-18th century fragmented polity and the decline of the Mughal empire; Panipat as a recurring site of empire-shaking battles
93668a0a-8cd5-4046-aaad-d8d9d8076c08,General Studies I,"Migration and settlements: push/pull factors, internal vs world migration, functional classification of cities, boundaries vs frontiers, rural-urban fringe characteristics, national urbanisation policy, principles of urban planning, land-cover transformation, and settlement typologies (rural/urban, "
2329c850-ad2c-48d4-aa04-40ad955a30d7,General Studies I,"Migration patterns: internal migration shifts, distress migration, push/pull factors, emigration across colonial/post-independence/post-liberalisation periods, and remittance economies"
607ade39-fb4a-48ed-ae8a-59a83804666a,General Studies I,"Mineral and energy resources: metallic/non-metallic mineral types, distribution and mining regions, ferrous/non-ferrous metal production and trade, energy classification, conventional energy sources (coal, petroleum, natural gas, hydro-electricity), atomic energy (uranium/thorium), renewable energy "
390049f6-4415-46da-8f5b-2caba98a1f75,General Studies I,"Miscellaneous cultural themes: handicrafts, Indian universities, cultural personalities, places of cultural interest, fairs and festivals, cultural institutions and awards, the calendar and eras, science and technology in ancient India, UNESCO heritage listings, legal provisions protecting cultural "
da6e368f-bf7d-4b84-b1e0-931ac30de4ed,General Studies I,"Miscellaneous social themes: old-age care, rag-pickers, caste-manual-scavenging linkage, occupational safety and health, state of prisons, migrant-worker housing, socio-economic inequality, climate change and food insecurity, MGNREGA payment delays, drug abuse, social media's effect on youth, e-Shra"
60ac06f1-627d-4bb2-949e-ac396ab32266,General Studies I,"Modern architecture: European influence, Indo-Saracenic architecture, post-Independence period; Adopt-a-Heritage 2.0 and National Mission for Cultural Mapping"
f9271b6e-5473-4f13-a825-414b1e7381cf,General Studies I,"Monsoon, climate & extreme-weather geography: cyclones of the Bay of Bengal and climate change, El Nino and Indian monsoon, Indian Ocean Dipole's weather impact, heat waves/anticyclones/global warming in India, changing Western Disturbances"
e637c3a2-ba32-4ef9-9af7-b7c553eb4cba,General Studies I,"Music in India: pillars, forms (Hindustani/Carnatic gharanas), instruments, and institutions related to music"
422e3116-37d0-4f73-bd2f-c9513fc9c8df,General Studies I,"Nationalism in Europe: rise of the nation-state system, unification of Italy and Germany"
8d10dc91-f061-423c-8b35-10e9f46523b1,General Studies I,"Northern India in the first half of the 18th century: struggle for Wizarat, Sayyid Brothers, rise of regional states and the beginning of foreign invasions"
b31c1e99-dbfd-4941-9290-7d3c41a86ee6,General Studies I,"Ocean & climate-system dynamics: mid-oceanic ridges and biodiversity, changing El Nino/La Nina patterns, Oceanic Nino Index, climate change's impact on ocean currents, slowdown in overturning circulation, marine heatwaves, cryosphere and climate change"
3cd771d3-9640-46ca-92ef-8c8122a5d18b,General Studies I,"Ocean & seabed mineral geography: Antarctica's mineral resources, mid-oceanic-ridge minerals, EEZ mineral deposits, hydrocarbon extraction prospects, India's seabed mineral exploration (Afanasy Nikitin Seamount)"
8429938b-9911-4a70-b5ad-49e0eb336017,General Studies I,"Oceanography: hydrological cycle, ocean floor relief (continental shelf/slope, deep sea plain, trenches, mid-oceanic ridges, seamounts, submarine canyons, guyots, atolls), ocean water temperature/salinity/density distribution, tides and tidal currents, ocean currents (surface/deep, warm/cold) and th"
1823db67-3acb-4979-97eb-10255ee7517e,General Studies I,"Origin and evolution of the Earth: early/modern (BBT) theories, star and planet formation, layered structure, evolution of lithosphere/atmosphere/hydrosphere, and origin of life"
baf5fbee-9711-4bbe-a3d9-3fe8d62e2dad,General Studies I,"Overview of economic development since Independence: Five Year Plans journey, agriculture (land reforms, post-Green-Revolution issues, agrarian movements, achievements/challenges), industry (public/private sector development, industrial policy, Make in India), New Economic Policy impact, and post-In"
449b586b-e5ee-4534-aad3-8fb255c299d2,General Studies I,Pastoral and farming communities: Neolithic/Chalcolithic phases and their geographic distribution
9ed64994-3a5d-4040-a73f-357e7b644a22,General Studies I,"Peasant, tribal, and civil resistance pre- and during-British rule (Santhal Hul, Kol mutiny, Indigo revolt, tribal/peasant/working-class movements 1850-1900)"
3c58c61c-1068-4cec-8965-006582358569,General Studies I,"Personalities in cultural news: reformers, freedom-linked cultural icons, and regional culture-bearers (e.g., Ahilyabai Holkar, Rukmini Lakshmipathi, Srimanta Sankaradeva, Sree Narayana Guru, Raja Ravi Varma)"
8200f61d-5986-4b57-bb7b-38337bef8000,General Studies I,"Physiography of India: geopolitical significance of location, geological divisions, the Peninsular Block, the Himalayas and other peninsular mountains, Indo-Gangetic-Brahmaputra Plain, and physiographic divisions"
9b3782ad-33ba-445e-a503-a41e05e01fd6,General Studies I,"Plate tectonics: lithospheric plates (major/minor), plate boundary types (divergent/convergent/transform), rates and forces of plate movement, and the Indian plate's 71-million-year movement history"
8585c562-ebb4-4b53-bbd1-c86e2bbe2aa1,General Studies I,"Population and associated issues: suicide deaths in India, 'great replacement theory' discourse, population crisis in Asian nations, manual scavenging as India's 'dirtiest job', caste-based violence, need for caste census, silver economy and elderly-welfare initiatives (SACRED portal, SAGE, Elder Li"
bc3eac1a-7020-4677-8834-001bf4605bf0,General Studies I,"Post-Cold War world: global issues since 1991, European integration (with timeline), rise of global Islamic terrorism, and the rise of China"
33376e4c-b1c0-48ec-a564-be4edf86caaa,General Studies I,Post-Mauryan and Jain sculptural traditions; Gupta-era sculpture and its 'golden age' craftsmanship
44a88757-a860-45f1-b4e4-84c952bb5d93,General Studies I,"Post-Mauryan India (200 BC-AD 300): Indo-Greeks/Shakas/Parthians/Kushanas, commercial contacts abroad, Satavahanas and other indigenous dynasties, evolution of jatis, Sangam texts, and Gandhara/Mathura/Amravati art schools"
9abedfa8-cf6b-47c9-97bb-f8910d2e85bf,General Studies I,"Pottery traditions of India: Ochre Coloured Pottery, Black-and-Red Ware, Painted Grey Ware, Northern Black Polished Ware, glazed/unglazed pottery"
ebec1783-9d34-4091-86c2-73b8832e1c26,General Studies I,"Poverty and development issues: concept of development, Sen vs Bhagwati model, crisis of development"
828a6d96-5db7-4703-8182-44e53585a29a,General Studies I,"Pre-Mauryan period: second urbanisation, sixteen Mahajanapadas, Gana-Sangha republics, rise of urban centres, evolution of coins, Haryanka/Shishunaga/Nanda dynasties"
4fba29f1-599e-4217-bedc-25e497161589,General Studies I,Prehistoric rock paintings and petroglyphs (Bhimbetka stylistic evolutions); socio-cultural patterns of pre-historic paintings and potteries
8637daf2-e313-4ab2-9f53-bd4a8c352461,General Studies I,"Problem of caste and social consolidation: caste practices, Ambedkar movement, constitutional provisions, recent emancipation initiatives for SCs, manual scavenging"
d2d853a4-e3d1-4558-af3c-16f22fb3c16e,General Studies I,"Re-organisation and integration of states: constitutional provisions, factors behind the merger, accession of princely states, J&K/Hyderabad/Junagarh crises, accession of French/Portuguese enclaves, accession of Sikkim, refugee rehabilitation, federal crisis, and national integration"
d9be9125-85a2-4155-bbd1-526c8a0d31f8,General Studies I,"Regional temple traditions: Khajuraho, Odisha, Gwalior, Gujarat, Rajasthan, Bengal, Assam, HP, J&K temple styles"
a600c54a-80f5-4bf6-900c-63f10b2b10d8,General Studies I,"Religions in India: pre-Vedic religion, Hinduism, Buddhism, Jainism, Sikhism, Islam, Christianity, Zoroastrianism, Judaism; Indian philosophy (Adi Shankaracharya, Upanishads, heterodox sects, Tantrism)"
612af828-a8fa-41fb-8b98-deed0f04b758,General Studies I,"Resource & energy geography: wind-energy potential, petroleum-production challenges, critical-mineral distribution, rare-earth-metal prospects, coal demand vs net-carbon-neutrality, Eastern Maritime Corridor, South China Sea geopolitics"
7fce5b51-7cc6-42a9-bfdc-52e9dafe946d,General Studies I,"Resource geopolitics: Arctic ice-melt causes/consequences, Arctic resource-driven geopolitical conflict, and mineral resource base as determined by geological structure"
8eeed04f-afc7-4d17-82af-e1d09673187f,General Studies I,"Rise of Revolutionary Nationalism in India and abroad (Ghadar party, Abhinav Bharat, HSRA); role of Subhash Chandra Bose and the INA versus the Gandhian approach"
7448d78f-9447-491e-811f-d5262ef46821,General Studies I,"Rise of the Marathas: Shivaji's Swarajya, Treaty of Purandar, Aurangzeb and the Deccan, assessment of the Jagirdari crisis"
d2d2fda1-58c9-4693-becc-f9d1aa3e9420,General Studies I,"River-basin & water-resource management: Indus dam construction prospects/challenges, integrated river-basin management, shrinking reservoir water, declining groundwater, multipurpose projects and regional development"
8b46bafd-4dd6-47df-a1b1-8fefe7f1ff7b,General Studies I,"Role of women's organizations and SHGs in Indian history: types, level of penetration, problems faced, and the role of microfinance institutions"
5f433880-b865-48eb-baf5-10097fd18c37,General Studies I,"Russian Revolution: pre-revolution events, causes, course, consequences, aftermath, and post-Lenin Russia"
06fa28e7-3e83-4e92-a61a-9e4f5a5eb874,General Studies I,Salient features and changes within Indian society and their repercussions; diversity of India and whether 'unity in diversity' is reality or a reconciled chimera
61465f94-fbde-4b4a-b5b2-d3c75a7450e4,General Studies I,"Sangam period south Indian dynasties: Cholas, Cheras, Pandyas, Sangam polity/society/culture/economy"
591d0f76-0890-43fe-8595-05fba92819c7,General Studies I,"Secularism: meaning, the Indian constitutional vantage point, comparison with the Western model, Gandhian view on religion, and threats to the secular spirit"
409dc207-cf36-423c-85a2-a2c4346b4731,General Studies I,"Settlement geography & disaster vulnerability: urban flooding, human-settlement surge in flood-prone areas, tribal-habitat issues"
62161478-bbc3-4d4e-8597-539d7453db81,General Studies I,"Social empowerment: meaning, need, Five-Year-Plan and government initiatives, role of civil society organisations"
83695bd8-b076-41fe-beae-ac618525f864,General Studies I,"Social risk & institutional conditions: state of prisons, drug abuse, social media's effect on youth"
d72e6038-8dad-4335-be6d-8e06c657add8,General Studies I,"Socio-religious reform movements of the 19th century (Raja Ram Mohan Roy, Jyotirao Phule, Ishwar Chandra Vidyasagar, Ambedkar movement)"
3c4cd1e1-15ca-4fee-b1f2-0303ac14dc17,General Studies I,"Soils and natural vegetation of India: soil classification/texture/degradation/conservation; forest types, cover, conservation, and problems"
d943d07b-3ed6-42de-9882-517961fb4d31,General Studies I,"Sources and periodization of Indian pre-history: Palaeolithic, Mesolithic, Neolithic, Chalcolithic, Iron Age and the impact of iron"
f3b73205-3dfc-4ebe-b291-106d2c6e4297,General Studies I,Taxila as a renowned centre of scholarship and the strategic-location factors behind its ruin
86c6ec10-23f1-4f0c-a956-e86ae1071194,General Studies I,"Temperate cyclones, polar vortex (and its link to ozone depletion), El Nino/La Nina/ENSO and the Indian Ocean Dipole effect on regional and Indian monsoon climate"
4c421999-dc39-4388-b697-f106d0ac402f,General Studies I,The 1946 Naval Mutiny as 'the last nail in the coffin' of colonial rule
923f1cf0-2047-4377-bbf9-6dddc35b9287,General Studies I,"The Deccan and the Mughals up to 1657; foreign policy of the Mughals (Uzbeks, Qandahar, Balkh, Persia)"
11489155-4dd4-4d1d-8c89-bb5a898fb885,General Studies I,"The Delhi Sultanate (1206-1526): Slave, Khalji, Tughlaq, Sayyid, and Lodi dynasties; Mongol/Turk attacks; administration, economy, urbanization, society, culture, science, and the causes of decline"
0202f5e3-d437-4f7d-9d98-baf1de8007b8,General Studies I,The Maratha bid for supremacy and the three Anglo-Maratha/Panipat phases (1741-1761)
498072eb-d2e5-4f95-8fc5-d74e0e14eb11,General Studies I,"The Mauryan Empire: Chandragupta, Bindusara, the Arthashastra, Megasthenes, Ashoka's inscriptions/sites/Dhamma, Mauryan administration/economy/society/art, and its decline"
3b63063a-d46d-4491-b51c-7a098483a3a0,General Studies I,"The Revolt of 1857: causes, leaders, suppression, nature, and consequences as a watershed in British colonial policy"
f1853e54-83ed-4227-bde0-12350c6e63af,General Studies I,"The struggle for Swaraj: Montagu's 1917 statement, Gandhi's emergence as a mass leader, Khilafat and Non-Cooperation, Swaraj Party, revolutionary terrorism phase II (1920s), Simon Commission and Nehru Report"
dbf46e87-df02-451f-8d34-02f628baa0d8,General Studies I,"Towards achievement of freedom: popular struggles in the princely states, WWII and nationalist response, Partition (rise of communalism, Wavell Plan, Cabinet Mission Plan, Mountbatten Plan)"
ca01391b-a07b-4e8a-afb3-96a2e2d29a5f,General Studies I,"Transport and communication: land/water/air transport modes, sea routes and shipping canals, inland waterways, pipelines, and India-specific transport developments (RRTS, Odisha's coastal highway, AERA Act amendment)"
5e65c1f7-f5cf-4b0a-ba05-6f1bdcf361db,General Studies I,"Trends during the freedom struggle: Indian Renaissance/socio-religious movements, civil rebellions, tribal and peasant movements, working-class movement (1850-1900), growth of communalism, Left/Communist trends, press and education, role of women, Governors-General and Viceroys of India, important p"
97ac2449-1664-4f62-aec1-7e1385f6e1d3,General Studies I,Tribal issue and policy consolidation: present status of tribal issues and policy responses
445b315b-6161-494f-a586-7499b580f1ef,General Studies I,"Tropical cyclones: formation conditions, convective cyclogenesis, path, damage, Arabian Sea cyclones, naming conventions, and early-warning systems"
e2e59dbf-8916-47fa-8c5c-c6702699ddea,General Studies I,"Tsunami mechanism, wave properties, and effects"
11e59c8c-6291-4428-afac-7f7079138b67,General Studies I,UNESCO World Heritage sites of India: cultural criteria and conservation issues
b7deebd7-f749-4bbb-9005-9c15fac2eda9,General Studies I,"Urbanization challenges: growth of the informal urban sector, smart cities as a management tool, flood vulnerability of major cities, rural-urban migration, emergence of slums, urban transport/waste/water-sanitation issues, urban poverty, and the Real Estate (Regulation & Development) Act 2016"
9a0d8ac5-41c0-4970-b9d2-4fbf9efa7f9f,General Studies I,"Urbanization in India: pattern, issues, rural-urban migration, slum emergence, urban transport/waste/water-sanitation, urban poverty, and inclusive/smart-city responses"
f38e1c64-04e5-4a79-ab66-8ab9fcc03902,General Studies I,"Vedic society: original home of Aryans, Vedic texts and Upanishads, Rig Vedic vs later Vedic geography, economy, polity, varna system, religion and thought"
89cb42ab-00da-4440-b7d3-ad0602e402d3,General Studies I,"Vijayanagar Empire: sources, political history, administration, economy, decline of trade, and regional kingdoms"
dff19fcc-e7e8-4f00-91c8-d46168152f94,General Studies I,"Volcanism & tectonic phenomena: subaerial/fissure volcanic eruptions, supervolcanoes, volcanic island arcs, volcanic vortex rings, earthquake-ionosphere linkage, Africa's Rift Valley/new ocean basin formation"
2a7ac40c-4ad1-4abc-9496-79984ee6ddf1,General Studies I,"Volcanism: shield/composite/caldera/flood-basalt/mid-ocean-ridge types, lava types, intrusive landforms (batholiths, laccoliths, lapoliths, phacoliths, sills, dykes), extrusive landforms, geysers/hot springs, and global distribution (Pacific Ring of Fire)"
a1983b76-2b14-4659-8a8b-0cc2f98c8b41,General Studies I,"Water resources: underground/surface/inland/oceanic water resources, utilization patterns, water pollution, conservation techniques, river-interlinking projects, and the problem of ageing dams"
28d9692e-d3f7-4ae6-bb4b-8ad15a42eeb5,General Studies I,"Weathering: chemical (solution, carbonation, hydration, oxidation-reduction), physical/mechanical, and biological processes; significance for soil formation, biomes/biodiversity, and mass movements"
12feeb23-16c7-4c59-b28b-f61ce53a3053,General Studies I,"Women-related issues: hysterectomies, workforce participation gaps, gender disparities in poverty, women in corporate roles, abortion rights, gender digital divide, menstrual hygiene, surrogacy rules, sexual harassment at workplace, domestic violence, marital rape, women in STEM, female entrepreneur"
f717d1c6-0106-4630-a3c6-7af659b90e15,General Studies I,"World climate types: equatorial, tropical monsoon/marine, Savanna, hot desert and mid-latitude desert, Mediterranean, temperate continental/oceanic/steppe, China-type, British-type, Siberian, Laurentian, and Arctic/Polar climates"
c1d515a2-1da3-4810-8167-9a1ac96d38b5,General Studies I,World physiographic divisions and their economic-geographic significance; wetlands' ecological/economic importance
1b42a963-7767-4dfa-8d3d-481a767bbc9a,General Studies I,"World War I: causes, course, major events, consequences, aftermath, and the League of Nations"
fcbca25c-a534-408b-a390-2e894b7f78ee,General Studies I,"World War II: foundations, course, aftermath, analysis, and the decolonization phase"
e586510e-b291-4d77-8981-c9f92a1ab815,General Studies II,'Health for All' target vs structural health-infrastructure gaps; rising out-of-pocket health expenditure; commercialization of healthcare vs universal affordable public care
f1e0f21b-3a02-4120-a618-1264537b46d3,General Studies II,101st Amendment (GST): salient features and efficacy in building a common national market; 69th Amendment (NCT of Delhi) and federal friction; Article 311 safeguards for civil servants
5b289bd3-2e90-4b04-80fd-5d9598524631,General Studies II,"Amendment process: the Constitution's dynamic/'living document' nature (Article 368), Basic Structure Doctrine as a judicial 'safety valve', and different majority-types required"
0e370af1-44dc-430b-a830-9c549d036623,General Studies II,Citizen's Charter and RTI Act: utility/limitations as accountability instruments; RTI's role in redefining accountability beyond mere citizen empowerment; flaws in RTI and improvement recommendations
d6ff40b9-272f-444a-9e60-d384838b263c,General Studies II,"Citizens' Charters: introduction, models, features, implementation issues in India, reform needs, and the Sevottam framework"
1ad59809-b8c7-4369-8d87-d424b047a5ae,General Studies II,"Citizenship: constitutional provisions, modes of acquiring/losing citizenship, dual citizenship debate, J&K-specific provisions, OCI/PIO status"
7f28b657-f93d-46f9-95a5-6d24a527b8e7,General Studies II,Civil-society organisations' impact on public policy formulation; FCRA compliance tightening and civil-society funding constraints; SHG federated models scaling beyond microfinance into market linkages
66217089-fe4d-42b9-ae4e-ae71da2b040d,General Studies II,"Comparative constitutionalism: Indian scheme vs USA, UK, France, and neighbouring constitutions"
c84a04cf-d06b-44cf-a39b-2d1d233835da,General Studies II,"Connectivity, security & new-frontier diplomacy: global anti-terrorism efforts (CTTF), India-Middle-East-Europe Corridor, Red Sea crisis, Northern Ireland conflict, India's Africa renewable-energy role, Arctic-region engagement, Outer Space Treaty, World Migration Report"
e957f7b7-aa14-4051-898d-e2bd98925f4f,General Studies II,"Constitutional Bodies: appointment transparency (CEC/EC selection process, CAG appointment/functions/powers), tenure security, and functional independence"
a2c93b38-f280-4559-9e54-5a26dc6cb93c,General Studies II,"Constitutional bodies: Election Commission, UPSC, State PSC, Finance Commission, GST Council, National Commission for SCs/STs, Special Officer for Linguistic Minorities, National Commission for Backward Classes; Non-Constitutional Bodies: NITI Aayog"
8255e2a0-76e2-4cfd-b3ff-fcb8af87baae,General Studies II,"Contemporary IR themes: World Migration Report, minilateralism, International Health Regulations amendment, UN peacekeeping and India, BIMSTEC Charter, ICC and the Israel-Hamas dispute, global anti-terrorism efforts (CTTF), Chabahar Port, South China Sea volatility, India-China border dispute (Aruna"
2bb22d62-cc65-4ee2-8477-9b0f334d53e1,General Studies II,"Contemporary polity themes: NOTA, coalition politics, right to personality, right to vote for undertrials, Article 31C, reservation on the basis of religion/domicile, curative petition, ED and PMLA, Citizenship Amendment Act, parliamentary privileges, Uniform Civil Code, Ladakh's demand for 6th Sche"
bf975128-6ca9-4674-9e90-f15afe4250fc,General Studies II,"Contemporary social-justice themes: e-pharmacy sector regulation, vehicle scrappage, right to repair, forest rights, right to health, nutrition crisis among adolescent girls/women, land-records modernization, online-gaming regulation, mid-day meal issues, internet shutdowns, workplace sexual harassm"
6ca6382e-c307-415a-b750-3e76d7f2b32a,General Studies II,"Council of Ministers, Attorney General of India, and Parliament: composition of Lok Sabha/Rajya Sabha, qualification/disqualification, sessions, law-making procedure, officers, motions/resolutions, powers and privileges, financial proceedings, comparison of the two Houses, women's reservation in Par"
b44a1adf-7f6e-4bf6-829b-4c25b6ab9cc5,General Studies II,"Delivery mechanisms & sectoral missions: co-operatives, MSME, One Nation One Ration Card/One District One Product, entitlement portability, flagship missions (Jal Jeevan, Gati Shakti)"
bacbe426-6d8e-404e-9fe8-ebfbf658908a,General Studies II,"Development process and industry: growth vs development, main constraints and stakeholders, SHGs (meaning, importance, institutional structure, funding, women's development linkage, poverty/rural-development linkage), and Micro Finance (meaning, structure, importance)"
f0eca3c5-d9c3-4667-b9ee-05f9b2b4333e,General Studies II,"Digital governance & information regimes: 'concern about democracy in the digital age', internet shutdowns, fake news/hate speech, IT rules on OTT/digital media"
868b701a-e26f-4f03-9e46-827af0c3ea4e,General Studies II,"Digital Public Infrastructure: open-source stacks, data-privacy safeguards, and targeted-benefit optimization (e.g. Swachh Bharat Mission's water/sanitation/hygiene delivery synchronised with anticipated outcomes)"
77b22ac6-87d4-4d8b-a8f9-2d35cbc80206,General Studies II,"Digital-economy & platform regulation: e-pharmacy sector regulation, online-gaming regulation, OTT regulation, start-up ecosystem regulation, gig-worker rights, crypto-asset regulatory framework, digital inclusion in emerging technologies, internet shutdowns"
3054faef-da32-471c-8112-1970f79c1dbc,General Studies II,"Directive Principles of State Policy: basic/economic-social/Gandhian/administrative/international-peace-related DPSPs, implementation record, and the Fundamental Rights-DPSP controversy (including directives outside Part IV and the Uniform Civil Code debate)"
5b9d10c3-2e41-4dfb-858c-87fcc8003436,General Studies II,"e-Governance: introduction, applications, models, successes/limitations/future prospects, dashboards/portals, democracy-and-e-governance linkage, and e-governance in the judiciary/legislature"
fc8d8e93-5816-4ea6-85b5-0071708cd692,General Studies II,"Effective implementation: outcome orientation, programme impact assessment, budget/zero-base-budgeting/cost-benefit analysis, and institution-building (task forces, steering/review committees)"
fd4be87b-b725-45b9-b6f1-aef0037001f7,General Studies II,"Elections in India: salient features of the Representation of People Acts 1950/1951, electoral reforms, criminalization of politics, negative/neutral voting, state funding of elections, irregularities in polling, and electoral bonds"
8741ea6c-6ddd-4cf5-8ea2-931a4915b1ea,General Studies II,"Electoral & political-process reform: NOTA, coalition politics, electoral bonds, anti-defection reforms, women's reservation act, parliamentary privileges"
c5596c08-4ed2-4fc7-9809-3749d1d42e1d,General Studies II,"Evolution and key principles of Indian foreign policy: determinants, NAM/NAM 2.0, Panchsheel, India's nuclear doctrine, neighbourhood-policy evolution, Look/Act East and Look/Act West policies"
4c1a049f-93d8-44e1-ad99-ea91ebbd6fce,General Studies II,"Federalism, reservation & constitutional status: Article 31C, reservation on the basis of religion/domicile, sub-categorisation of SC/OBC, reservation in J&K, Ladakh's demand for 6th Schedule status, Article 370 verdict, Citizenship Amendment Act, Uniform Civil Code, comparative secularism (Indian v"
a46877f5-18ba-4125-ab77-7799541bc8cb,General Studies II,"Flagship schemes for vulnerable groups: Start-Up India ecosystem (Stand-Up India, National Student Startup Policy, PMKVY, Deen Dayal schemes, Atal Innovation Mission), social-security schemes (Atal Pension Yojana, PMJJBY, PMSBY), minorities schemes (Nai Roshni, USTAAD, Nai Manzil), women-and-child s"
afea4001-492a-4401-a2a7-b11008c4df59,General Studies II,Flagship schemes: disability welfare: Sugamya Bharat Abhiyan
64459010-b436-49e6-bee3-342a383da25b,General Studies II,"Flagship schemes: education: Padhe Bharat Badhe Bharat, Mid-Day Meal, SWAYAM"
7b153952-ed72-4146-8333-aa43bfb23c27,General Studies II,"Flagship schemes: health: National Health/Ayush Mission, Jan Aushadhi, Mission Indradhanush"
3d48b2dc-cfc4-4db4-907d-e2e2ff001153,General Studies II,"Flagship schemes: minorities welfare: Nai Roshni, USTAAD, Nai Manzil"
2fd16a17-baff-495d-996a-77652c3d864b,General Studies II,"Flagship schemes: rural/urban development: PMGSY, Swachh Bharat, PMAY, Smart Cities Mission, AMRUT"
3e380cef-5f2b-408a-81a8-6f44e030ab6f,General Studies II,"Flagship schemes: SC/ST welfare: Vanbandhu Kalyan Yojana, PM Adarsh Gram Yojana"
dbf9a16f-478a-44da-b964-e0263038a356,General Studies II,"Flagship schemes: social security: Atal Pension Yojana, PMJJBY, PMSBY"
9cb31537-3a8c-4f8c-91b4-ad2aa5857e68,General Studies II,"Flagship schemes: start-up & skill development: Stand-Up India, National Student Startup Policy, PMKVY, Deen Dayal schemes, Atal Innovation Mission"
0c96b38b-4e87-4438-ac6f-2ec755dcdf36,General Studies II,"Flagship schemes: women-and-child welfare: Beti Bachao Beti Padhao, Sukanya Samriddhi, Ujjawala"
8582d87f-3fa9-40c8-af8e-8564660168bb,General Studies II,Fundamental Duties: features and their link to Fundamental Rights
5ccc7889-2702-4896-abba-c8d8593b4741,General Studies II,Fundamental Rights vs DPSPs: structural tension resolved via landmark pronouncements; scope expansion via the Right to Privacy judgment
0d381e5b-0f91-43a4-9cca-890a9d42de16,General Studies II,"Fundamental Rights: significance, definition of 'State', equality/freedom/exploitation/religion/cultural-educational/constitutional-remedies rights, Fundamental Rights and the Armed Forces, martial law, procedure-established-by-law vs due process of law, writs, restrictive limitations, rights outsid"
7fe26c02-6058-4722-96df-1d695713e41d,General Studies II,"Global governance & multilateral institutions: minilateralism, International Health Regulations amendment, UN peacekeeping and India, ICC and the Israel-Hamas dispute, UNSC and G4, WTO reform crises, Global South leadership, G20 and India"
974077d9-8ad9-46bb-8d6d-6291436c76c3,General Studies II,"Global institutions: UN structure (UNGA, UNSC and India's candidacy, ECOSOC), ICJ, UN specialised agencies (FAO, ICAO, ILO, IMO, ITU, UNESCO, IFAD, WHO, WMO, WIPO), World Bank"
dcd328bc-5dab-41b3-887d-74e4b6e878fa,General Studies II,"Governance indices & accountability: domestic/international indices and rankings (GHI, NITI Aayog reports, NIRF), aspirational districts, SDGs and India"
2872c823-a067-4f07-98a6-2cafca7bc16c,General Studies II,"Governance, infrastructure & consumer welfare: vehicle scrappage, right to repair, land-records modernization, ULB capacity building, consumer protection, disability-inclusive urban infrastructure"
0cb65f4f-7b06-49f0-9101-dd6aee6fa9ff,General Studies II,"Government intervention: role of institutions/bureaucrats/stakeholders, transparency and accountability, optimum resource use (targeting, plugging leakages), monitoring and evaluation of outcomes, and interventions in emerging areas (social media, data privacy, social sector)"
c7fe32a5-b647-47a2-bfd6-b35571412589,General Studies II,"Health & nutrition welfare: right to health, nutrition crisis among adolescent girls/women, mid-day meal issues, child malnutrition/marriage, food fortification, universal health coverage"
435af0f4-9815-4df8-8fd7-4e97c563eaf4,General Studies II,"Health, education and human-resource services: India's education structure (primary/secondary/higher), GOI education initiatives and reform recommendations, skill-development indicators, private-and-public health structure, NITI Aayog health reports, and SDGs linkage"
f0ac6dfe-35bd-4579-b34d-7a95fed47598,General Studies II,"Historical evolution: Regulating Act 1773 to Government of India Act 1935 institutional lineages; the Constituent Assembly and objectives/salient features of the Constitution (unitary and federal features, parliamentary vs presidential form)"
31af056f-6b68-465a-a7d4-457779f961fb,General Studies II,"Important aspects of governance, transparency and accountability: citizen-centric governance, legislative/administrative/judicial accountability, Ombudsman, whistleblower protection, anti-corruption machinery (role of citizens/media/social audit), systemic reforms, decentralisation vs delegation, an"
7601505e-390d-45cb-af61-3fb992d2b7be,General Studies II,Important key concepts: New World Order dynamics and 'New Cold War' debates
b23fb7b4-e3ee-46bd-be5e-6973dc95f363,General Studies II,"Inclusive growth: measurement criteria, government initiatives, basic amenities (housing/drinking water/sanitation), sustainable and rural development, panchayati raj linkage"
fe28f5e5-99c3-4c9d-829c-4c38a0b6ffe3,General Studies II,"India and Asian nations: Central Asian republics (Turkmenistan, Kazakhstan, Tajikistan; China's role; International North-South Transport Corridor; SCO), Mongolia, UAE, Iran (nuclear deal, US geo-economic considerations), Israel-Palestine and India-Israel relations, Saudi Arabia, Asia-Pacific groupi"
7036549d-c1aa-4248-84c6-45ae201bba10,General Studies II,"India and neighbours: Nepal (water/hydropower cooperation, contentions, recommendations), Bhutan (economic overview, China issues), Afghanistan (development partnership, post-NATO options, Taliban presence), Bangladesh (development partnership, boundary agreements, Teesta dispute), Maldives (geostra"
d292c4db-02c2-4fe3-a392-d9ff1f83d612,General Studies II,"India and other regions: Africa (historical connections, South-South engagement, trade/investment/security cooperation), Australia (diaspora, economic ties, nuclear cooperation), France (strategic partnership), Germany (economic relations), UK (Brexit implications)"
eb9512da-20be-4f9a-ba53-22b93a6f176d,General Studies II,"India's neighbourhood & regional diplomacy: BIMSTEC Charter, Chabahar Port, India-China border dispute (Arunachal Pradesh), Bhutan-China relations, Neighbourhood First Policy, Gujral Doctrine, South China Sea volatility, China-Taiwan dispute and India"
9db64cc9-59df-4af5-b4c2-62d4ce17b119,General Studies II,"Indian diaspora: role played, safety of Indians abroad, and welfare schemes for overseas Indians"
83499214-66c6-447c-81dc-24f619b81279,General Studies II,"Judiciary, rights & rule of law: right to personality, right to vote for undertrials, curative petition, tribunals in India, criminal law reforms, All India Judicial Services, Supreme Court case-burden, contempt of court, freedom of press, special/local laws, ED and PMLA"
42676e0a-cfef-4a7d-99eb-106cdc037eea,General Studies II,"Local government and governance: issues of funds/functions/functionaries, local government's interface with vulnerable sections and emerging issues (disaster management, technology), localism/neo-localism/subsidiarity"
aed2b8f0-5d07-43b8-8d16-9d72b34efc31,General Studies II,"Local government: 73rd/74th Amendment provisions, functions of municipal corporations/councils/nagar panchayats, State Election/Finance Commission roles, Smart City Mission and municipal governance, Model Panchayat Citizens Charter"
46decb7a-a9bb-4819-b8d9-0f2ec973bd38,General Studies II,"Major powers: Russia (strategic cooperation, Russia-China impact on India), China (economic relations, water disputes, String of Pearls, Maritime Silk Route/BRI implications, border disputes, South China Sea, CBMs), USA (strategic consultations, counter-terrorism, trade, energy/climate, S&T/space, d"
ef75955e-b8c2-4243-929e-22d91c8568f7,General Studies II,"Marginalised-community & rights-based welfare: forest rights, PVTG welfare, internal displacement, right-based development approaches, women's basic income proposals, workplace sexual harassment"
aa599a74-9435-4fdd-a3dd-31010ff63507,General Studies II,"Ministries/Departments of government: functioning, central secretariat, cabinet secretary, field organizations, and PMO"
64e81c50-6b2b-468c-b940-9c7a08a4cc61,General Studies II,"Miscellaneous governance themes: 'concern about democracy in the digital age', domestic/international indices and rankings (GHI, NITI Aayog reports, NIRF), internet shutdowns, co-operatives, MSME, One Nation One Ration Card/One District One Product, aspirational districts, SDGs and India, entitlemen"
e32b2fcf-7fb1-46d1-acaa-c7c7ef6cfc5b,General Studies II,"Multilateral relations: WTO (decision-making, Nairobi Package, IPR, reforms, agriculture issues, FTAs), IMF and reforms, nuclear-security architecture (NSG, MTCR, NPT), BRICS/BIMSTEC/IBSA/SAARC, India-ASEAN economic cooperation"
3ae95ca7-5883-4a49-aa03-b245b9b6500a,General Studies II,"Need and importance of government policies: growth/development, human capital formation, equality and social justice, unity and integrity, trust between state and citizens; governance meaning/scope and the good-governance debate"
193d656c-b542-4f7d-a950-96bd80b389be,General Studies II,"NGOs: definition and distinction from INGOs, UN criteria, role in development projects/community development/relief-rehabilitation/disaster management/advocacy"
7b31789a-f9ea-4044-bb4e-d8bed7defa2f,General Studies II,"Political dynamics: provisions on political parties, rise of regional parties, electoral reforms, importance of NRI votes, and the Tenth Schedule (anti-defection)"
4f0aa90b-bb3e-4e5c-abfa-70a39be2cca7,General Studies II,"Political parties in India: reforms, problems in functioning, casteism and politics, anti-defection strengthening, and coalition-government dynamics"
3162e4b3-2e3b-4032-9aae-fd72895470f2,General Studies II,"Poverty and hunger: definitional debates across committees, poverty data, causes, urban vs rural vs feminized poverty, poverty-alleviation measures and implementation problems, food-security programmes, and controversies in poverty-data estimation"
55b8a5a7-5842-4572-a518-ab91a3841a16,General Studies II,"Poverty, hunger and health governance: evaluation of schemes (MGNREGA, PM-POSHAN, Ayushman Bharat) and policies (NHP, NEP) against poverty/hunger/health/malnutrition/unemployment/distress-migration"
e1d18882-c0d3-499d-b15a-eac4db9951c0,General Studies II,"Preamble: basic features, value premises, terminology (Democratic, Sovereign, Socialist, Secular, Republic, Justice, Equality, Liberty, Fraternity, Integrity), and amendability"
12162135-681a-4e58-87f3-31cf403b3cfb,General Studies II,"Pressure groups and formal/informal associations: types, significance, distinction from political parties, politicisation of pressure groups, and their evolving role via new media"
f4efc600-4ddf-41b4-91a2-e9f4642f1f95,General Studies II,"Representation of People's Act: disqualification triggers, criminalization of politics, electoral reform proposals, and electoral bond aftermath"
d0aef2ad-4b7d-4f1d-b6f9-15501c29e2ab,General Studies II,Right to Education Act's access-expansion vs persistent quality challenge; MGNREGA's asset-creation and distress-migration-reduction performance; National Rural Health Mission's implementation challenges; TPDS's effectiveness in reaching 'the poorest of the poor'
9e99f300-81e6-42e9-8acf-0061160feb6c,General Studies II,"Role of civil services in a democracy: concept and need for civil services, law-making role (policy formulation/implementation/evaluation), civil services as protector of minorities and promoter of inclusive growth, emerging challenges (lateral entry, capacity building, frequent transfers, cadre pol"
7f4f03e7-1290-42be-b31f-075d0dcfef49,General Studies II,"Security challenges in the Indian Ocean Region: US pivot to Asia, South China Sea mistrust, Somalia piracy, neighbourhood terrorism, energy routes, fisheries/livelihood issues, environmental security, and Indian Ocean 'Zone of Peace' declaration"
48c3ea7e-656b-48d8-9029-300a2560c7c7,General Studies II,"Separation of powers: features in American/UK constitutions, checks-and-balances in the Indian scheme, judicial review, and the concept's practical limits"
5a10e711-45ba-4b01-85f7-14fe8c8704ea,General Studies II,"Statutory/regulatory/quasi-judicial bodies: CVC, CBI, NHRC ('toothless tiger' critique), SHRC, Central/State Information Commission, NGT, SEBI, IRDA, TRAI, NCLAT, National Consumer Disputes Redressal Commission, Lokpal and Lokayukta, Planning Commission legacy, PMO, Zonal Council"
086fcfd4-93cf-4440-967d-5af19b5cdad4,General Studies II,"Strategic partnerships & major-power relations: NATO's 75th anniversary, India-US strategic (jet-engine) partnership, Atlantic Declaration, India-EFTA deal, Raisina Dialogue, INDUS-X Summit, India-France/UAE/Netherlands/Tanzania/Argentina/Canada/Greece relations, Saudi Arabia strategic partnership"
21b8574b-4143-4333-9d38-d916fd1035a2,General Studies II,"The Governor, Chief Minister, Advocate-General, and State Legislature: appointment, discretionary/ordinance/pardoning powers, composition of Vidhan Sabha/Parishad, legislative procedure, and inter-house relationships"
bb4b38f9-3dfb-4208-b972-df2bdcf4ec67,General Studies II,"The Judiciary: integrated judicial system, Supreme Court composition/independence/jurisdiction/judicial-review/curative-petition, High Courts, lower judiciary, judicial appointments (collegium system, NJAC controversy), judicial accountability and corruption issues, PIL, judicial activism, and alter"
5edc03f7-4c97-489f-84e6-1addba136647,General Studies II,The National Commission for SCs (constitutional-reservation enforcement including in religious-minority institutions); Rights of Persons with Disabilities Act 2016's administrative-capacity adequacy; National Commission for Women's strategizing capacity; need for an objective outcome-based review of
2ad0a29e-043e-4c11-b5e2-6ea63cd67426,General Studies II,"The President: importance, qualification, election procedure, powers (executive/legislative/emergency/financial/judicial), ordinance-making power, pardon power, impeachment, and misuse of emergency provisions"
f02bd5b5-6727-4646-a808-52706b98c296,General Studies II,"The Scheduled and Tribal Areas: 5th/6th Schedule areas, autonomous-council composition/role, Governor's role, tribal sub-plan, and start-up/skill-development linkage for tribal areas"
cd0bf15a-08ab-4978-97b0-54a2c1ce5c6f,General Studies II,"Union and states: State Reorganisation Commission, components of Indian territory, formation of new states, Zonal Councils, Union Territories, special provisions for states, Scheduled and Tribal Areas (5th/6th Schedule, autonomous councils)"
cc3500be-2ae9-487b-a489-1987d400414f,General Studies II,Various constitutional dimensions: co-operative societies and official languages under the Constitution
892e96d5-0de0-4f4f-ab26-bea3328a84c0,General Studies II,"Vice-President and Prime Minister: office, functions, appointment, and role vis-a-vis Council of Ministers/President/Lok Sabha/political party/coalition government"
db13324d-5fe6-4343-956d-716d9a769fb1,General Studies II,Vulnerable-sections governance: issues/challenges/solutions/laws/interventions for SC/ST/OBC/migrants/women/disabled/children/refugees/transgenders/LGBT/manual scavengers
486d9558-b45c-4b18-bd76-313104277b4a,General Studies II,"Welfare schemes by constitutional arrangement: women welfare (gender technology gap, women in the political system, marriageable-age debate), child welfare, SC/ST/OBC welfare, caste census, minorities welfare, old-age welfare, and needed legislative reforms"
d98f1314-c1bb-4774-a6d6-d31a15dbed5f,General Studies III,"Agricultural finance: features, criteria and sources, problems, measures to improve credit flow, co-operative credit societies, derivative trade in agri-commodities, and institutions (commercial banks, lead-bank scheme, RRBs, NABARD, RBI, KCC, SHG-bank linkage, RIDF)"
9bbb715b-1c54-40b4-a8ca-5fd13efe20f1,General Studies III,"Agricultural revolutions in India: Green, White (Operation Flood), Yellow, Blue, and Golden Fibre (jute) revolutions, and the future of Indian agriculture"
50f567a0-1935-4a77-be6f-edbc18a9800f,General Studies III,"Agriculture & resource economics: sugar production's groundwater impact, primary agricultural societies, e-technology in agriculture, energy security, clean-energy investment"
7144a5ba-9350-439f-9f89-f6e0c5418d3b,General Studies III,"Agriculture marketing: process and structure in India, importance, government measures (APMC Act analysis, e-NAM)"
9ce1866d-2cc2-47d6-bb43-1ae9cc09c24b,General Studies III,"AI, digital technology & recognition: AI safety/law developments, deepfakes, facial-recognition tech, recent Indian achievements in international science awards (Nobel, Shaw Prize, Blavatnik Awards, National Medal of Science)"
f2ae88fa-34ec-4090-ab2e-81ad921e95f1,General Studies III,"Air pollution & control regimes: nitrogen pollution, radioactive discharges, acid rain impact, coal-plant SO2 control, GRAP in NCR, metal-mining pollution, World Air Quality Report"
f6a8fab7-fcdb-4f03-91e5-d8f765ae437d,General Studies III,"Animal husbandry economics: dairy cooperative scaling, livestock disease management, and the economics of animal-rearing"
8819a266-1f8b-489b-82ad-34bfae1fd83b,General Studies III,"Banking: structure/functions, RBI and bank types (public/private/foreign/regional-rural/local-area/specialized/small-finance/payments banks), nationalization history, banking-sector reform committees (Narasimhan, Nachiket Mor, P J Nayak), development-finance institutions, new bank-licence criteria, "
3e04d631-ba39-4ae4-967b-288ed3a8ddb2,General Studies III,"Basics of cyber security: types of cyber crimes, impact and required steps, ransomware incidents, India's cyber-security infrastructure, and the National Cyber Security Policy 2013"
8aa3a974-de63-4a96-9232-9b504fbb6057,General Studies III,"Biodiversity basics: kinds and degree of diversity, keystone/indicator/invasive species, allopatric/sympatric speciation, megadiverse countries, biodiversity hotspots, biopiracy, extinction/mass-extinction, and IUCN Red List classification"
2249ea6e-b3b7-4831-a28d-742bf66d939e,General Studies III,"Biodiversity conservation: ex-situ vs in-situ conservation, seed banks, zoos/botanical gardens, protected areas, UNESCO Man-and-Biosphere Programme, CBD/Cartagena/Nagoya Protocols, Aichi Targets, Important Bird Areas, Global Tiger Initiative/Project Tiger, Project Elephant, Indian Rhino Vision, and "
59490cb7-50ee-49b3-83f5-4c3289379c8e,General Studies III,"Biogeochemical cycles: carbon, nitrogen, phosphorus, and sulphur cycles"
11da5d95-25f2-4f55-880f-f9caf1a06c7c,General Studies III,"Biomes and aquatic life zones: forest/grassland/mountain/desert ecosystems, ocean/river/lake/wetland aquatic ecosystems, coral reefs (in India and globally), mangroves, freshwater resources, and the Ramsar Convention/Montreux Record"
8d27db6a-20ce-444a-b49d-234ca301a5e3,General Studies III,"Biotechnology & medical science: nano-urea, CAR T-cell therapy, gene therapy for Hemophilia A, metagenome sequencing, human pan-genome map, mitochondrial-donation treatment"
cdee37b0-c5ff-4304-abb8-a463ced823e3,General Studies III,"Biotechnology: genetic engineering process/applications, genomics/proteomics, RNA technologies, genome sequencing, environmental applications (bioremediation, carbon-capture tech), plant/animal biotechnology (GM crops, transgenics), food/beverage-industry applications, medical applications (gene edi"
b91fb326-e3f0-4e78-a2fa-33cbe5ed4a6c,General Studies III,"Border & territorial security: India-China Ladakh border tensions, India-Pakistan LoC ceasefire, demographic inversion in border areas from illegal immigration, post-Article-370 J&K developments"
135082bc-d1b2-46fd-b73b-99a2ce1eb321,General Studies III,"Case studies & sector-specific disaster risk: pandemic-preparedness funding, disaster-induced displacement, urban flood management, Joshimath crisis case study, Turkiye earthquake case-study lessons"
c6cd8a05-f639-4616-a446-29427819ed0d,General Studies III,"Climate change basics: greenhouse effect and global warming, international efforts to control climate change, ozone-layer depletion, acid rain, El Nino/La Nina"
d594130c-6968-4204-a72c-1813a5c423a0,General Studies III,"Climate mitigation & industrial transition: Anthropocene debate, green industrialisation, carbon farming, electric mobility, green hydrogen roadmap, BioCNG, climate-engineering ethics, CCUS policy, EU carbon-border-tax impact, greenwashing, IPCC, WMO, UNEP Emissions Gap, Global Methane Tracker repor"
07ae3ec4-010f-4705-bdb5-68bdbe632671,General Studies III,"Coastal ecosystem management: mangroves, estuaries, coral reefs — importance, threats, and legal/regulatory protection approaches"
995a17a5-b4a8-42aa-b692-eb7550d8c358,General Studies III,Cold-chain and price-volatility management: long-term cold-chain solutions for vegetable-price volatility; MSP's role in food security and cropping-pattern impact; farm subsidies' impact on state fiscal health and environmental degradation
fbe18f61-cac9-41a3-88f2-c0aa78d57802,General Studies III,"Contemporary disaster-management themes: National Disaster Management Plan updates, NDRF App launch, early-warning-system improvements, AI/GIS in disaster prediction, satellite-based monitoring, pandemic-preparedness funding, disaster-induced displacement, urban flood management, disaster-risk finan"
d0b5594e-8416-47b3-b06b-13c227b72421,General Studies III,"Contemporary economy themes: inequality and growth, India's manufacturing landscape, economic redistribution, low-wage impact, wealth/income gap, minimum-vs-living-wage debate, Digital Public Infrastructure, universal basic income proposals, GDP-employment linkage, El Nino climate risk to growth, ag"
27a388e4-9648-4da4-8328-d0aa92b7d3af,General Studies III,"Contemporary environment/ecology themes: mangrove-ecosystem IUCN reports, Great Barrier Reef coral bleaching, Arctic Ocean marine heatwaves, coastal erosion, riverine deoxygenation, El Nino's impact on world lakes, turtle/tiger/vulture/Great-Indian-Bustard/leopard conservation, Himalayan-wolf assess"
08be0cf6-778c-42c5-88d8-0c941f0cadd2,General Studies III,"Contemporary industry/infrastructure themes: National Monetisation Pipeline, National Mission on Edible Oil, Zero Defect Zero Effect scheme, natural-gas-marketing reforms, G7 corporate-tax deal, telecom-sector issues, shift to green energy, gig economy, virtual-currency taxation, G-SAP securities-ac"
c2b5c010-2390-41a4-9d4b-ada83e95c788,General Studies III,"Contemporary internal-security themes: India-China Ladakh border tensions, India-Pakistan LoC ceasefire, Indo-Pacific/QUAD developments, demographic inversion in border areas from illegal immigration, Naxal-Maoist major encounters, post-Article-370 J&K developments, communal-tension mitigation, geos"
d2730696-4878-4a11-a806-9955b693e5b6,General Studies III,"Contemporary S&T themes: PRATUSH lunar telescope, NISAR mission, Aditya-L1, Chandrayaan-3, Indian Space Policy 2023, SSLV-D2, Artemis mission, LIGO/dark-matter search, ILMT, POEM-3 and space debris, AI safety/law developments, deepfakes, facial-recognition tech, National Quantum Mission, graphene ap"
713e2592-48db-4305-8220-e0184bff4d90,General Studies III,"Crop insurance in India: historical background, issues, PMFBY, and comparison with earlier schemes"
deb8d50c-856e-4569-9e26-111749b4a24a,General Studies III,"Cyber & information security: geospatial data and internal security, Pegasus-spyware controversy, ransomware (Akira), deepfake threats to social trust"
d58d7c5d-184f-4f33-b935-efc1f41517e2,General Studies III,Cyber warfare: factors aggravating cyber attacks and recent initiatives to tackle cyber warfare; structural/command changes needed for urban asymmetric-warfare threats
bcc1c454-fbd5-42de-937d-71ee1d28580f,General Studies III,Data security and the Justice B.N. Srikrishna Committee Report on personal data protection; drug trafficking's linkage to gunrunning/human trafficking; NPAs as a structural drag on the credit cycle for infrastructure
01e8ce53-5baa-4562-becf-6b729e965ab5,General Studies III,"Defence preparedness & terror financing: FATF's role in curbing terror financing, indigenization of defence production (Atmanirbhar Bharat), induction of S-400/Tejas Mk1A/indigenous missiles, biological/chemical-warfare preparedness (post-Covid), enhancements in intelligence agencies (RAW/IB/NIA)"
018e03d5-cd5d-473a-a22a-35b09052a315,General Studies III,"Defence technology: missile classification (ballistic/cruise), India's missile programme, Integrated Guided Missile Programme, robotics/AI in defence, cyber warfare preparedness, drone/UAV and stealth technology, hypersonic glide vehicles/cruise missiles, weapons of mass destruction, defence reforms"
76275c64-e3b7-4f00-89d5-1721a461d8ab,General Studies III,"Deforestation: causes, climate-change implications, wildlife/monsoon/people impacts, economic impacts, reduction strategies, conservation legislation, and community-participation approaches"
301095c0-baea-4fd3-963e-1de5fed159e6,General Studies III,"Disaster management, preparedness and mitigation: community-based management, government initiatives, National Disaster Management Act 2005, global DRR frameworks (Sendai vs earlier Hyogo Framework), disaster insurance, media's role, gender-sensitive disaster response, disaster-management cycle, NGO"
246b3d92-845d-4cce-ac10-ccecb0d4da7d,General Studies III,"Early-warning & technology in disaster management: NDRF App launch, early-warning-system improvements, AI/GIS in disaster prediction, satellite-based monitoring"
292b17cb-303e-4adb-9847-f54c6727fe18,General Studies III,"Ecology fundamentals: types/scope, habitat and ecological niche, ecological principles/community structure, food chains/webs, energy-flow models, ecological pyramids, biomagnification, biological control, organic farming, and ecological succession"
55c53ad8-cdf0-45ea-a874-65aea7779aed,General Studies III,"Effect of human activities on the environment: impacts of modern agriculture, housing, power generation, river-valley/mining/transport/tourism projects on ecosystems"
d08a6995-9703-4913-9e85-977f3d639281,General Studies III,"Electronics and telecommunications: computer generations and cloud computing, IT-enabled services, display technologies (LCD/LED/OLED/AMOLED), mobile generations, net neutrality, IoT, big-data/privacy issues, cyber-crime and security, and government digital-governance initiatives"
f2ce7115-701d-429b-83d3-346aaf9a1b82,General Studies III,"Employment & demographic economics: GDP-employment linkage, ageing workforce, demographic dividend, gaming sector"
ae2c59af-df41-4d43-9cf3-a987c576516f,General Studies III,"Environment-related institutions and schemes: Pollution Control Boards, NGT, Forest Survey of India, National Board for Wildlife, Ecomark, National Afforestation Programme, National Mission for Clean Ganga, National Air Quality Index, UJALA, Bharat Stage norms, FAME"
dd5e3bfc-1a94-48dc-9c8e-19d7c87599e1,General Studies III,"Environmental governance instruments: Biological Diversity Amendment Bill, Brazzaville Declaration"
8a59db20-4195-4abc-abed-90993b8a8dac,General Studies III,"Environmental Impact Assessment: executing body, effects analysed, EIA process, and the EIA notification of 1984 (procedural evolution)"
db07b148-7c7f-4c3b-abbe-8ccd63ea324e,General Studies III,"Environmental laws: constitutional provisions and salient features of the Air Act 1981, Water Act 1974, Forest Conservation Act 1980, Wildlife Protection Act 1972, Environment (Protection) Act 1986"
d20495ee-0240-41d2-a358-f39354d32d4d,General Studies III,"Environmental pollution: air/water/thermal/soil/noise pollution sources-effects-control measures, National Ambient Air Quality Standards, persistent organic pollutants, toxic-substance/carcinogen classification"
e33a0781-b54e-4c13-b139-a2d1be703304,General Studies III,"External sector & global economy: foreign-investment decline, de-dollarisation, global debt crisis, forex reserves, US-China trade war impact, India-Japan/EaEU FTAs, recession case studies (UK/Japan), Red Sea crisis, El Nino climate risk to growth"
1de694d1-42a7-4f17-be68-d528c5c7ca1e,General Studies III,"Financial system: components, financial institutions (banking and non-banking), financial assets/markets, and the financial system's pandemic-era resilience"
4556998f-c48b-4404-b469-d8693d65a100,General Studies III,"Fiscal policy: important budgetary/fiscal terms, government revenue/spending, revenue/fiscal/primary deficits and their financing"
908b958d-0ffc-410c-aa31-0ca2f623ed88,General Studies III,"Food processing and related industries: scope and significance, location, upstream/downstream requirements, supply-chain management, Mega Food Parks, FDI policy, notable sector trends, and budget/policy strategies"
1e70ab73-4d51-4f6f-98a8-d7aa2e70070d,General Studies III,"Foreign trade and international organisations: trade policy, India's Balance of Payments (current/capital account performance), exchange-rate determination and convertibility, the Bretton Woods twins (World Bank, IMF), WTO and India, regional development banks (ADB, NDB, BRICS Bank, AIIB), and bilat"
747557b5-a1f6-4742-b2a0-fcc7c4e467f3,General Studies III,"Forest & land degradation: soil-erosion crisis, forest fires, market-based forest-conservation approaches, Amazon forest fires, desertification, Aravalli mining"
6a6a5724-f2a2-47f3-8acd-6bc4fdac23d5,General Studies III,"Foundational science: chemistry basics (atomic structure, bonding, metallurgy, acids/bases, electro-chemistry, polymers, pharmaceuticals, biomolecules), physics basics (fundamental forces/particles, energy types, optics, EM spectrum, relativity, thermodynamics, waves), and biology basics (cell biolo"
168c3918-75a9-4941-8be8-38afce9e706f,General Studies III,"Frontier physics & materials science: LIGO/dark-matter search, National Quantum Mission, graphene applications, nuclear-fusion breakthroughs, 50 years of Pokhran-I, MIRV technology"
0068a779-3bc7-4702-86fc-a3570905c72a,General Studies III,"Global economic-policy linkages: G7 corporate-tax deal, virtual-currency taxation, world inequality/employment-outlook reports, gig economy"
4a103df7-cde9-4c10-a0a0-a51c4ee4e529,General Studies III,"Global warming and health: health impacts, mosquito-borne diseases, and ozone-depletion health effects"
9c509bfc-1f48-495e-9fdd-d30bad67fd54,General Studies III,"Government budgeting: budget/Economic Survey terminology, types of budgets, outcome budgeting, railway-general budget merger, budgeting flaws, budget analysis, and subsidy design; the FRBM Act's effectiveness in maintaining macroeconomic stability"
9e56d20d-e4af-41bc-8901-3e386b5b55e9,General Studies III,"Human health and diseases: causative agents and classification (nutrient-deficiency, molecular/chromosomal, vector/water-borne, lifestyle diseases), immunity types, vaccination programmes, antibiotics/antivirals, drug pricing, pharmacogenetics, antimicrobial resistance"
2ac88e2a-dfd4-448c-8a88-bc5d4a0e9f92,General Studies III,"Impact of agriculture on climate: emissions from agriculture, monoculture's biodiversity impact, chemical-fertilizer/pesticide pollution, GM-crop environmental impact, and sustainable-agriculture techniques"
cd6b31ee-6c8f-4fdc-a82a-7a7bf454b62d,General Studies III,"Important infrastructure schemes: PM Gati Shakti National Master Plan, PM MITRA textile parks, NaBFID, National Industrial Corridor Development Programme"
46e69d27-cd73-4302-ab40-a6be2ec9d86c,General Studies III,"Inclusive growth: meaning and concept of inclusion, India's inclusion experience, social-sector initiatives, ground reality of flagship schemes, rural-economy-based growth, sustainable agriculture/food-security linkage, PDS as a growth tool, financial inclusion, poverty-alleviation-and-employment st"
e1a3e1dd-7414-4141-9b5c-87194355c63b,General Studies III,"Indian economy in the pre-independence period, on the eve of Independence, and post-Independence phases of economic development; Nehruvian socialist economy and the shift via economic reforms"
ce7c5c58-b604-4317-b3a3-27daa3622074,General Studies III,"Industrial & sectoral policy: National Mission on Edible Oil, Zero Defect Zero Effect scheme, natural-gas-marketing reforms, telecom-sector issues, fertiliser shortage, shift to green energy"
46074ad9-2254-4c6c-8959-30fb921b8df4,General Studies III,"Industrial policy and development: Mahalanobis strategy, Industrial Policy Resolutions 1948/1956, New Economic Policy/liberalization/privatization/globalization, phases of industrial development, and effects on different sectors"
2958a963-1280-41ca-9c2f-7fd6b4202b93,General Studies III,"Industry, infrastructure & manufacturing economics: India's manufacturing landscape, critical-mineral economic significance, power-demand growth, coastal economy, Indian Railways overhaul, steel imports"
4f0a8f23-1e09-4558-901b-30c67e3015b1,General Studies III,"Inequality, wages & welfare economics: inequality and growth, economic redistribution, low-wage impact, wealth/income gap, minimum-vs-living-wage debate, universal basic income proposals, 'greedflation', 'pink economy'"
57138567-7b38-438c-93d2-23f3a4dff4af,General Studies III,"Infrastructure financing & monetisation: National Monetisation Pipeline, G-SAP securities-acquisition plan, e-Gram Swaraj e-financial management"
8d38dfff-a6cb-417e-83ff-cfd307e61cf2,General Studies III,"Infrastructure: economic/social/environmental impact of infrastructure, transport (ports, inland waterways, roads, National Infrastructure Pipeline, Bharatmala, airports, railways, energy pipelines), negative externalities of transport, ownership/financing/pricing of public utilities, PPP project de"
6df12641-44c4-4eba-9743-651614015436,General Studies III,"Institutional & policy frameworks: National Disaster Management Plan updates, PM's Ten-Point DRR Agenda, India's Atmanirbharta in disaster management, disaster-risk financing (G20), Coalition for Disaster Resilient Infrastructure (CDRI)"
0228683a-38b5-4b1a-93de-96c424296cc7,General Studies III,"Institutions and S&T policy: India's S&T policy framework, DST, CSIR, Science and Engineering Research Board, Technology Development Board, NABL accreditation, and the Technology Vision Document 2035"
1a9b4adf-04a4-421a-895a-b97bdf52104c,General Studies III,"Insurgency in the North-East: issues/conflicts, Assam insurgency, and resolving the Bodo issue"
c958a86a-c4f3-40be-b491-35160c646f7e,General Studies III,"Intellectual Property Rights: concept, types, international agreements/institutions, IPR regime in India, and the National IPR Policy"
baae92c1-8cdc-4c91-b529-3da4945c393d,General Studies III,"Internal conflict & law-and-order: Naxal-Maoist major encounters, communal-tension mitigation, National Security Act applications, UAPA amendments"
054aa525-7ef7-41fa-be69-d3778ce887de,General Studies III,"Internal security challenges: social diversity as a security issue, neighbourhood-origin threats, non-state actors, global vulnerability indices, and the law-and-order vs internal-security distinction"
60d47fe4-ba4e-426e-af16-ed440ae63a1b,General Studies III,"International environmental governance: UNEP, UNDP/UNFCCC/UNCCD, IUCN, WWF, Birdlife International, and key international conventions/protocols"
0759df3b-d42c-4c8c-a189-6915fda4b6c3,General Studies III,"Investment models: need for and sources/measures of investment, domestic (public/private/PPP) and foreign (FDI/FII) investment models followed by India, and the role of the state"
9bd20b7a-c1d9-47a4-9be8-992b9d023c5b,General Studies III,"Land reforms: colonial-era ownership patterns (Zamindari, Ryotwari, Mahalwari), objectives and progress since Independence, ceiling-legislation progress, NITI Aayog's land-leasing report, and the SVAMITVA scheme"
25e83c40-2433-4a40-b97f-b77cb08c5179,General Studies III,"Land resource issues: land-use and capability classification, causes/impact of land degradation, and sustainable land-management steps"
f25643d9-50b9-411e-b57b-f7ee52bd843b,General Studies III,Landslide vulnerability of the Western Ghats and Himalayas: causes and mitigation strategies; institutional setups for chemical/industrial disaster management in urban-fringe clusters; cloudburst phenomenon and mountain-ecosystem vulnerability; multi-hazard resource-allocation dilemmas during live d
61f632ee-31af-4e38-99fb-d1040785acd5,General Studies III,"Linkage between development and extremism: Left-Wing Extremism's stated purpose, its resonance with common people, Covid-19's effect on Naxalism, why LWE is deemed the biggest internal-security threat, and its nexus with illegal mining in forest tracts"
b66eead7-fb77-4470-b5f7-9933f6f2e349,General Studies III,"Main features of industrial development: role of private/public sectors, investment/employment/productivity trends, disinvestment/privatization strategy, MSME role and government policy, New Manufacturing Policy, industrial corridors, SEZ issues (land use, relocation, tax-income loss vs export gains"
76558b71-03c7-4831-a443-e8cc4629059e,General Studies III,"Marine & coastal ecosystem degradation: mangrove-ecosystem IUCN reports, Great Barrier Reef coral bleaching, Arctic Ocean marine heatwaves, coastal erosion, riverine deoxygenation, El Nino's impact on world lakes"
5988fe67-d79a-4c02-8588-232fbf3619b9,General Studies III,"Maritime & space security: anti-maritime-piracy law, maritime-security developments in the IOR, drone attacks on merchant vessels, Gaganyaan-linked space security, Indo-Pacific/QUAD developments"
e99332aa-0545-4ab5-b851-1845c178f47f,General Studies III,"Minerals and environmental degradation: mining's direct/indirect impacts, international mining laws, and sustainable-mining regulation in India"
1573b5bf-4244-4c9b-92cb-24b1a844aeba,General Studies III,"Monetary & financial-sector policy: stock-market factors, RBI surplus transfer/gold reserves, RBI liquidity management, bad-loans problem, disinvestment, cryptocurrency regulation, Digital Public Infrastructure"
7be96824-296a-4a7c-8328-5463940d40f7,General Studies III,"Monetary policy: instruments, pre- and post-1991-reform eras, Urjit Patel Committee, and the Monetary Policy Committee's inflation-targeting framework"
7e671c9b-0ef6-4d86-98af-34912238f041,General Studies III,"Money laundering and black money: meaning and harmful effects of money laundering, PMLA 2002 provisions as a check on organized crime/terror-financing, parallel economy dimensions, demonetisation's impact on black money, and cross-border money-laundering coordination challenges"
d07227df-974f-4268-bbc4-a59fb80b38bb,General Studies III,"Nanoscience and nanotechnology: basics, nanomaterials, applications (medicine, semiconductors, food, textiles, sustainable energy, environment, transport, space, agriculture) and adverse health/environmental/ethical impacts"
e23504b3-750a-486a-957d-0d2ce4557721,General Studies III,"Natural and man-made disasters: India's vulnerability profile — earthquakes, tsunamis, landslides, floods, droughts, epidemics, nuclear-reactor explosions, dam collapse, gas leakage, oil spills, volcanic eruptions, forest fires, chemical spills, hazardous-material spills, explosives, chemical/biolog"
e5a48674-f4fb-436d-8ba3-39bdbc39f5dd,General Studies III,"Nuclear energy: reaction types, civil/military applications, fuel cycle and centrifugation, reactor types, India's nuclear policy, radioactive-waste management, nuclear/radiological disaster preparedness, and institutions (DAE, AERB, BARC, IGCAR)"
c2d2c7ef-ad01-4557-acd6-5b819250b417,General Studies III,"Organized crime: types, control challenges, drug trafficking in India, combating strategies, and the terrorism-organized-crime linkage"
6354dd20-e475-4180-bf00-2e9ea8dd5cfc,General Studies III,"Planning in India: objectives, history, Five-Year-Plan analysis, and Growth vs Development distinction (national income determination, GDP/GNP/NDP/NNP/per-capita income, HDI, gender-development index, poverty index, MDGs/SDGs)"
ec897cca-d0c9-4ec2-9386-ca3ea6f6a92e,General Studies III,"Police reforms in India: organisational structure, duties/responsibilities, Centre's role in policing, traditional vs non-traditional security challenges, and reform recommendations for '21st-century policing'"
72931a61-5f04-42c2-8713-3dd02d2530e5,General Studies III,"Public Distribution System: objectives, functioning, limitations, revamping from universal to targeted PDS, cost-benefit analysis, buffer-stock policy, and the Food Security Bill's resource-mobilization/criticism debate"
8315bdbd-f2f0-46cf-b51c-375066551f9b,General Studies III,"Resource mobilization: physical vs finance capital, public vs private sector sources, savings-investment over the plans, budgetary (tax/non-tax) resources, role of public debt, fiscal/monetary-policy roles, and foreign-investment desirability/consequences"
ff3d38cc-6d02-4e15-82c5-e078f7c14ba9,General Studies III,"Robotics and AI: classification of robots, advantages/disadvantages, applications across sectors, neural networks, machine learning/deep learning, and AI-robotics convergence"
96f80871-5186-4d46-84f8-bb0dca95bbc6,General Studies III,"Role of agriculture in the Indian economy: historical background and current status, cropping systems (mono-cropping, crop rotation, sequential/inter/relay cropping), agriculture marketing, conclusive land titling, and the Biotech-KISAN programme"
d9481625-b7ce-4ad6-9fb4-b3b1d9d6dd14,General Studies III,"Security challenges in border areas: challenges to border management, community-participation approaches, non-demarcated border segments, and eastern-border illegal-migration security challenges"
26a1506e-c212-48b3-ab7d-ac33f38f6292,General Studies III,"Social media and internal-security threats: regulation challenges, AI's dual role, and monitoring difficulties"
5f764b03-ef7f-40e1-9b42-26bc3ef4b01f,General Studies III,"Space missions & policy: PRATUSH lunar telescope, NISAR mission, Aditya-L1, Chandrayaan-3, Indian Space Policy 2023, SSLV-D2, Artemis mission, ILMT, POEM-3 and space debris"
cb41e1de-d76d-4969-a19a-34668a10b355,General Studies III,"Space technology: orbit types, launch-vehicle classification, major agencies (ISRO, NASA, ESA, Roscosmos, JAXA, CNSA) and their missions, ISRO's national-development role, private-sector/PPP participation, cryogenics/nanosatellites/electric propulsion, satellite communication, remote sensing, naviga"
b760b5e5-7807-4ca6-a920-6070a5761e1f,General Studies III,"Species conservation & wildlife management: turtle/tiger/vulture/Great-Indian-Bustard/leopard conservation, Himalayan-wolf assessment, Project Cheetah, invasive alien species threats, human-animal conflict, wildlife licensing rules, KAZA Summit and wildlife trade"
89e5bc0f-be21-4bfc-a50e-9b96b4e3960e,General Studies III,"Structural growth debates: savings rate/investment pattern/capital-output ratio as growth levers, manufacturing's limited capacity to absorb agricultural surplus labour, direct-tax reform and tax-to-GDP widening, GDP's agriculture-to-services shift without a manufacturing base, and the 'jobless grow"
43116335-ee15-41c5-90bd-d56b3ef29c17,General Studies III,"Subsidies: farm/fertiliser/power/irrigation subsidies, issues of direct/indirect subsidies and MSP, objectives, gainer-loser resource transfer, buffer-stock/food-security issues, and technology missions"
b8013abc-2cf1-4592-ac83-498f8b2942f2,General Studies III,"Sustainable development: principles, measurement of sustainability/equitable resource use, sustainable-lifestyle role of the individual, and international sustainability efforts"
555368d8-3c36-417a-9921-3c89ddef4c0d,General Studies III,"Taxation: principles/objectives, tax system and current policy in India, GST progress, tax reforms, and retrospective taxation debates"
679298f7-255d-4a9b-8988-523e5f4e09ae,General Studies III,"Technology in agriculture: data revolution, AI applications, social-security schemes for farmers (climate-smart agriculture, precision farming for input-wastage mitigation)"
e5704894-15e4-4497-aab1-946239e3550c,General Studies III,"Terrorism threat to India: changing face of terrorism, threats faced, the broader counter-terrorism framework, and drawbacks in intelligence infrastructure"
ab966a64-9ee1-4a01-bd2d-316f17a5bed7,General Studies III,"Urbanization and climate: metro pollution, real-estate-driven degradation, urban heat islands, plastic-bag pollution, methane generation from waste"
243bf6ae-b278-4d32-8111-1223941a25bc,General Studies III,"Various security forces and their mandate: Assam Rifles, BSF, ITBP, CISF, CRPF, NSG, integrated theatre commands, National Maritime Security Coordinator, and paramilitary-force issues; CAPF deployment-related Centre-State tension and modernization funding gaps"
7b930876-1b58-482e-9eb7-73b549ea751b,General Studies III,Venture capital's role in tech-startup growth; IP piracy's impact on creative/tech industries; biotechnology's lab-to-commercial-scale constraints; SEZs vs Chinese industrial models; PLI-scheme execution and labour absorption; stressed-asset management via bad banks
4f5f8547-4be1-4a90-8459-0b5cf2bed568,General Studies III,"Waste & materials management: microplastics, single-use-plastics battle, e-waste/solar-waste management, plastic-to-fuel conversion, manufactured sand, Battery Waste Management Rules"
9682524e-fadc-404a-b0c0-d5eed2092c10,General Studies III,"Waste management: solid/hazardous/e-waste/biomedical/plastic-waste categories, management methods, poor-disposal effects, and landfill issues"
f993f545-1bfb-4e7b-b76b-8b21885c842a,General Studies III,"Water-resource degradation: hydrological cycle, groundwater depletion, water-borne/water-induced diseases, fluoride/arsenic contamination in drinking water"
9d6353a6-f328-460c-bcac-e07278b399f8,General Studies III,Wetland conservation and the Ramsar 'wise use' concept with Indian Ramsar-site examples; the 'Organic State' (Sikkim) model's ecological/economic benefits; NavIC's civilian-application significance for agriculture
7a8e7992-b648-4226-8356-8c203e260ca7,General Studies III,"Wetlands & water security: constructed wetlands, urban water crisis"
cabfe4d1-1f6d-4164-8209-16b3d6c15e57,General Studies IV,'Constitutional morality': concept and how it is enforced in a democratic system; social auditing as more than financial verification — an instrument of ethical governance
6d5d61fa-6f33-480f-b9ce-dc13825b8dc4,General Studies IV,Accountability vs Responsibility: distinguishing the two with a suitable example; utilisation of public funds and problems in fund release/utilisation; parliamentary control on expenditure
d15f2191-e534-4e4a-ba43-756c50d2bd05,General Studies IV,"Administrative-management thinkers used as case anchors: Max Weber, Elton Mayo, Peter Drucker, Chester Barnard, Mary Parker Follett"
3334ecfa-e5d0-47f0-af26-e762a1325a38,General Studies IV,"Animal ethics: research on animals, keeping animals as pets, cruelty against animals"
5132ae93-41e4-4337-a495-29cc6f00fccc,General Studies IV,Attitude-behaviour gap in civil-servant decision-making under political pressure; persuasion techniques in public communication and citizen behaviour-change campaigns
ffcd01f2-546b-4661-a94f-c43bf6680f62,General Studies IV,"Attitude-formation model, impact of beliefs and values, group and social influences, persuasion tactics and tools"
ac81dfb8-4c24-4d78-b286-d1c143e5c919,General Studies IV,"Business ethics: principles, dimensions within organisations, business ethics and corporate governance, philanthropy-to-CSR journey, and implementation issues"
668f065b-3b15-48ea-b637-e6a9da32bf2f,General Studies IV,"Can an administrator succeed on aptitude alone, without integrity? — the integrity-vs-competence debate; impartiality maintenance under political transfer-posting pressures"
f9a1a286-8d52-4e4a-90b9-1787bc9a221b,General Studies IV,"Case studies: crisis & resource-allocation dilemmas: drought-relief tanker capture by a 'tanker mafia', disaster resource-allocation triage (elite vs marginalised site), law-and-order vs root-cause balancing (illicit liquor), government-doctor private-practice neglect with union-strike threat"
4ae26f49-1b68-4366-b3a3-becbe93c9abb,General Studies IV,"Case studies: development vs displacement/environment trade-offs: environmental clearance vs displacement/pollution trade-offs, court-ordered demolition vs livelihood/political pressure, factory-closure aftermath (unemployment vs environmental enforcement)"
049901d3-a4a5-41ea-a138-c0eec3f3d0c3,General Studies IV,"Case studies: public-safety & procurement dilemmas under pressure: infrastructure-safety cover-up under election-timeline pressure, defence-procurement L1-vs-clean-bidder dilemma, clinical-trial consent violations vs public-health urgency"
62304d51-cb8d-475b-b0c4-2951d56d8505,General Studies IV,"Case studies: public-service integrity & corruption dilemmas: welfare-scheme 'ghost beneficiary' fraud amid caste sensitivities, law-enforcement bribery from an illegal-mining network, superior's personal-gain conflict-of-interest request, tax officer's technical-vs-substantial-compliance discretion"
9d969b75-3f3f-466b-830b-82c16b295324,General Studies IV,"Case studies: welfare-access & exclusion dilemmas: digital/biometric exclusion of a genuine welfare beneficiary, biometric-mandate exclusion of poor/labour children, eligibility-criteria strict-rule-vs-humane-exception dilemmas"
529f8ea2-d455-4c0a-93e3-e7044ad48271,General Studies IV,"Case studies: whistleblowing, disclosure & confidentiality dilemmas: whistleblower/suspect pleading humanitarian delay, workplace-harassment complaint with a confidentiality request, industrial-pollution complaint against a politically-connected employer"
9f4e8c3c-5848-426d-b94d-bd0dcd61ceee,General Studies IV,Case-study archetypes: infrastructure-safety cover-up under election-timeline pressure; drought-relief tanker capture by a 'tanker mafia'; digital/biometric exclusion of a genuine welfare beneficiary; whistleblower/suspect pleading humanitarian delay; food/drug-safety-regulator cover-up offer; envir
186b4138-a368-4b50-a566-2febb1d463e2,General Studies IV,"Components of a Citizen's Charter and steps in its formulation; concept of work culture, the Indian approach to work, methods of improving work culture, and quality of service delivery"
1dd3c1d9-7447-4d7b-9c57-6f529fa566ec,General Studies IV,"Components of attitude: affective, cognitive, and behavioural components"
005dd8c0-5f5e-4a74-8a48-49cf9de62a02,General Studies IV,Concept of public service and the philosophical basis of governance/probity; public servants as 'trustees' of public power and financial resources
cdb9967e-50a6-44eb-a6a9-8b14cc892378,General Studies IV,"Conflict of interest: definition, actual vs potential conflicts, with illustrative examples; administrative value conflicts in maintaining political neutrality while processing sensitive files"
1eb641d0-a6b8-42e8-9f46-1a3505cbcb04,General Studies IV,Conscience vs conformity: whistleblowing dilemmas within rule-bound bureaucratic hierarchies (including the Edward Snowden case — legality vs moral obligation to inform the public)
637fbe68-a66c-4746-a9ef-f172c4ec6dfa,General Studies IV,Consequentialist vs Deontological (Kantian) moral boundaries in public-administration execution; Utilitarianism's concept and its critique when applied to minority protection
e985eec7-1892-498f-a043-41798b1e1480,General Studies IV,"Contemporary applied-ethics themes for case-study/essay use: ethics of elections, ethics in Digital Public Infrastructure, drone ethics, AI ethics (in healthcare, creativity, human rights), social-media influencing, parliamentary-privilege ethics, judicial ethics (recusal, majoritarianism), internet"
f19fed2d-a346-4845-9e64-f728d3d0e32a,General Studies IV,Corporate ESG auditing: ethical constraints around corporate greenwashing and environmental-accounting metrics
fbe64408-6570-498e-ae35-64133838fe6c,General Studies IV,"Corporate governance: concept, models of Corporate Social Responsibility, World Bank steps for good corporate governance, and norms for corporate governance in India; concept of business ethics"
fa0f8549-786c-417d-847b-b5391e971c77,General Studies IV,"Corruption in India: extent, dimension, and response; corruption as a social evil; probity in public life; exposing corruption via civil-society initiatives and the Whistleblower Act; tackling and controlling corruption via various institutional approaches"
864d1c11-6f6a-4e72-bab5-1468b24ab6e8,General Studies IV,Distinguishing a 'Code of Conduct' from a 'Code of Ethics'; code of conduct for ministers/legislators/civil servants/regulators/judiciary
40dbd68f-420d-4f75-85cc-fa5107f64783,General Studies IV,Empathy and compassion as values distinguishing a pro-poor administrator from a status-quoist one; consequences of political alignment by bureaucrats
31fb942c-7c86-4953-a7a9-f8621792076a,General Studies IV,"Environmental ethics: linkage between ethics and environment, relevant theories, and the role of the individual"
60dbf376-d7e5-4833-92de-a0bb8f24568d,General Studies IV,"Essence, determinants and consequences of ethics in human actions; approaches to ethical study (Indian vs Western perspectives); basic concepts of morality and value"
be23d986-564f-4405-80b9-4b16a990ffbc,General Studies IV,"Essential aptitude for civil servants; foundational values of civil services: neutrality, anonymity, accountability, integrity, humility, adaptability, magnanimity, perseverance, impartiality/non-partisanship, tolerance and compassion for the weaker sections, and contribution to society"
0f1d400b-0f67-4fa2-9333-783c47c7db32,General Studies IV,Ethical concerns/dilemmas in public and private institutions; laws/rules/regulations vs conscience as sources of ethical guidance; accountability and ethical-governance strengthening
62cda1e2-891a-4ec6-ba9f-727f5b926980,General Studies IV,"Ethical dilemmas of globalization: free trade, criticism of the global regime, and the way forward"
8209acd6-972d-4b58-b1db-ea3e504ed1a8,General Studies IV,"Ethical issues in biotechnology: stem cells, cloning, designer babies"
86e91925-ade1-46a6-9f3f-ee232619cec4,General Studies IV,Ethics in public life vs economic life; freedom and discipline; duties and rights; virtue ethics; consequences of ethics in human actions
c831f1f7-753c-43da-811b-fef058921cf1,General Studies IV,"Ethics in sports: need for sportsmanship, doping, discrimination and sexual harassment, sport-as-business ethics"
0a1d6c4c-e422-43ac-bf11-26bd980cf5de,General Studies IV,Ethics of war: war theories and the evils of war
953eebbf-cbd3-4b58-8bb0-a70f15071d67,General Studies IV,Ethics related to economic sanctions: why sanctions are placed and the ethics of imposing them
be8a3680-f539-4704-a9ec-02ad1e832476,General Studies IV,"Euthanasia: social/ethical dimensions, arguments for and against"
e25a52c5-99df-4943-a50b-f9a1e95d71e2,General Studies IV,"Food adulteration and ethics; abortion (legal status in India, recent Supreme Court verdict, women's-health-vs-fetus dilemma, justification/argument-against, women's/father's rights)"
41ad5c1f-7129-4d6e-b241-5c67f84cfb99,General Studies IV,Frequently cited quotation-anchors for ethics answer-writing: Gandhi's 'Seven Sins' and 'the weak can never forgive'; Socrates' 'an unexamined life is not worth living'; Nehru on awakening women as key to awakening the nation; Jefferson's 'honesty is the first chapter in the book of wisdom' (intelle
94faeb18-89b5-4f8a-bb9d-93a311eecf41,General Studies IV,"Functions of attitude: adjustive, ego-defensive, value-expressive, and knowledge functions"
4e6766bf-c471-47c3-a9f4-9a93b8fdf69d,General Studies IV,"Global moral/civic exemplars used as case anchors: Abraham Lincoln, Nelson Mandela, Martin Luther King, Aung San Suu Kyi, Dalai Lama, Mother Teresa, Albert Einstein, J.L. Nehru, Lee Kuan Yew, Henry Ford, Abdul Kalam, Muhammad Yunus, Wangari Maathai, Kofi Annan, Desmond Tutu, Elie Wiesel"
ce6d93a9-3fb8-4090-b791-52f91efef4af,General Studies IV,"Governance & institutional ethics (case studies): ethics of elections, parliamentary-privilege ethics, judicial ethics (recusal, majoritarianism), political conflict-of-interest, paper-leak and examination-malpractice ethics"
85fbd12a-cb0c-49f2-8462-2b87d07d6b56,General Studies IV,"Health & bio-ethics (case studies): medical ethics (organ transplant, clinical trials), student suicides, stray-dog-management ethics"
7e32ac15-3c56-4e09-a75d-4dc3c9458868,General Studies IV,"Honour killing (why it is unethical, role of khap panchayats); marital rape (arguments for/against criminalization and the hurdles); child labour (children's rights, corporate role, solutions, consumer's role)"
7196e9df-e42c-4bcf-9f4c-e3fe741ad510,General Studies IV,Human values: socialization and individual personality/value formation; values and skill; fundamental vs instrumental values; democratic values
df4beaae-e368-4121-ae6b-7f3081679cb5,General Studies IV,Importance of EI at the workplace and in civil services; components of EI applied to conflict resolution and crisis-time administrative communication
796985d8-5f30-4a94-b9b1-f58b147fa5a2,General Studies IV,"Indian administrative-integrity role models used as case anchors: T.N. Seshan, E. Sreedharan"
3eb08a5b-0910-493b-bf1d-07f0b7468836,General Studies IV,"Indian moral/spiritual exemplars used as case anchors: Mahatma Gandhi, Dr S. Radhakrishnan, Rabindranath Tagore, Swami Dayanand Saraswati, Mahadeva Govinda Ranade, Sri Aurobindo, Swami Vivekananda, Sardar Patel, B.R. Ambedkar, Raja Ram Mohan Roy, Chhatrapati Shahu Maharaj, Kautilya's classical admin"
3946ee7a-d620-4c96-9062-9b7513c72042,General Studies IV,"Information sharing, transparency and Right to Information: importance of vigilant citizens, information-sharing/participation, flaws in RTI and improvement recommendations"
6d9b8bde-1762-4f64-9809-288cd1a81a7d,General Studies IV,"International & security ethics (case studies): ethics in international relations (trade, war, climate finance), arbitration ethics, peacekeeping and humanitarian intervention, ethics of grey-zone warfare"
52e40a23-e68e-41c3-a134-e7454e10e7b2,General Studies IV,"Judicial independence as a democratic prerequisite, and where judicial overreach threatens democratic balance"
083f1cbd-ab44-4404-8ae6-4139c0bcf72e,General Studies IV,"Labour & social-welfare ethics (case studies): manual-scavenging as societal ethics, labour/worker ethics (working hours), live-in-relationship ethics, food-service safety ethics, consumerism, individual social responsibility, nudge ethics"
6667c7fd-f594-438f-b1fe-496b696d838f,General Studies IV,"Media ethics: role of media, ethical issues faced by reporters, trial by media, media prejudice, ethical dilemmas of photo-journalists, digital-media ethics, paid news"
31bc6bb7-ac08-43d4-a4be-6d7bd49d3d09,General Studies IV,Moral and political attitude formation; distinguishing 'attitude' from 'belief' and how cognitive dissonance affects internal alignment
dfe79a56-6526-44a0-b568-d7971e7f2a8d,General Studies IV,Moral judgements in international relations; ethical relation in funding international relations and the concept of moral responsibility; ethics in the working of international organisations
60628fbc-bf5f-410e-86c8-2857389d9826,General Studies IV,"Public discourse & rights ethics (case studies): internet-shutdown ethics, free speech on social media, social-media influencing, moral policing, identity politics and gender justice, sex-workers'/LGBTQIA+ rights, reproductive rights, 'wokeism' debates"
56092445-1d54-4e1f-a7c6-18e8311fefe5,General Studies IV,"Refugees and ethics: why migration occurs, the Syria case study, dilemmas of the refugee crisis, and steps needed"
b8f41a2a-2b1b-4331-8251-02c6b6b949f1,General Studies IV,Role of ethical values in governance and society; significance of value in civil services; society's and educational institutions' contribution to inculcating values; aesthetic values; values in work-life and professional ethics
7484e78d-7561-4f06-b68c-78d9138067d4,General Studies IV,"Significance of public-service values (objectivity, dedication, tolerance) in a multi-cultural society like India; corruption in public life as a systemic failure rather than purely individual moral decay"
b2545f36-e1f2-4ec0-88cc-7d741dcc44d7,General Studies IV,Structural flaws in asset-disclosure regulations for public officials and their effectiveness against illegal wealth generation; whether public asset-declaration has improved governance
39c39d4d-682a-45e9-b2a2-e32c7eef7e0e,General Studies IV,Surrogacy: ethical issues and the concept of ethical surrogacy
fd32212d-1290-49c5-a12c-e750d0345354,General Studies IV,"Technology & AI ethics (case studies): drone ethics, AI ethics (in healthcare, creativity, human rights), technological ethics (facial recognition, crypto-mining, brain-computer interfaces), ethics in Digital Public Infrastructure, online-gaming/mining ethics"
07f29e66-b0bd-419d-913d-12cf735fbd4a,General Studies IV,"The self-awareness cluster (understanding feelings, accurate self-assessment) and self-management cluster (managing internal states/impulses/resources)"
e1ff3360-7b25-474f-bf75-efe446519d4b,General Studies IV,The social-awareness cluster (reading people/groups accurately) and relationship-management cluster (inducing desirable responses in others)
6f7337e0-7a23-49c0-b631-a5eaa334baa2,General Studies IV,Theories associated with emotional intelligence and whether EI can be developed; components of emotional competence
17f64329-2b4b-495c-8858-7644cb384bcc,General Studies IV,"Treating juveniles as adults: juvenile-justice-system implications; ethics and old age (issues faced, importance of autonomy); ethics in public vs private relationships and their linkage"
ec298078-c865-4ed1-9396-6ee364f61ec8,General Studies IV,Values and ethics in government; the family's contribution to value education; role of family/society/educational institutions in inculcating values
a4a8c1e1-108a-4040-8df0-ed5104f2a464,General Studies IV,"Western philosophers used as ethics-paper anchors: Plato, Aristotle, Socrates, Jeremy Bentham, J.S. Mill, Thomas Hobbes, John Locke, Jean-Jacques Rousseau, John Rawls, Immanuel Kant (categorical imperative applied to public service), Carol Gilligan, Jean-Paul Sartre, Hegel, Confucius, Rene Descartes"
