"row_type","row_id","paper_year","question_number_or_topic_id","text_preview","flags","sample_reason","decision","notes"
"tag","27557103-f8f0-4342-888a-c7ef45753948","2013","6f2406e7-b4a9-4094-8dc9-c124ebfea6d2","Languages and literature of India: Sanskrit, Pali, Prakrit, and the major regional literatures (Tamil, Telugu, Malayalam, Kannada, Odia, Ass","","spot_check","verified","Parent question (1aaeadcd..., 2013 GS1 Q1) was verified manually 2026-08-25 before this tool existed - tag lagged behind. Verifying to match."
"question","836dbc40-2b44-4b65-b89a-6cb27df75c0b","2013","2","Discuss the Tandava dance as recorded in the early Indian inscriptions and sculpture.","","spot_check","verified","Clean sweep + spot-check sample confirmed sound - bulk pass 2026-08-26"
"question","379252ad-95f1-4a91-b6e5-cc0fcfef2994","2013","3","Chola architecture represents a high watermark in the history of South Indian architecture. Discuss.","","","verified","Clean sweep + spot-check sample confirmed sound - bulk pass 2026-08-26"
"question","4584fe10-f1f0-4893-9234-f99a2e2122bd","2013","4","Defying the barriers of age, gender and religion, the Bhakti movement opened the doors of liberation to all. Discuss.","","","verified","Clean sweep + spot-check sample confirmed sound - bulk pass 2026-08-26"
"question","62255e2a-fd63-4eed-b4bc-709e28f1add0","2013","5","""Strictly speaking, the Battle of Plassey was not a great battle but a great betrayal."" Explain.","","","verified","Clean sweep + spot-check sample confirmed sound - bulk pass 2026-08-26"
"question","607d528d-8326-41e9-a218-a0b3445075ef","2013","6","Bring out the factors that led to the commercialization of agriculture in India during the colonial rule. State its consequences.","","","verified","Clean sweep + spot-check sample confirmed sound - bulk pass 2026-08-26"
"question","c95de3ed-b7d7-44ad-8bef-9deda7a05f7a","2013","7","The Regulating Act of 1773 was the first step towards the centralization of British administration in India. Discuss.","","","verified","Clean sweep + spot-check sample confirmed sound - bulk pass 2026-08-26"
"question","11a48699-3f6b-4ad1-8ec0-ff95bbcb2655","2013","8","The policy of 'Ring Fence' pursued by Warren Hastings was a precursor to the Subsidiary Alliance system of Wellesley. Comment.","","","verified","Clean sweep + spot-check sample confirmed sound - bulk pass 2026-08-26"
"question","331b8b7e-7c05-48c2-8fcd-84583b6dbdba","2013","9","Discuss the reasons for the rise of Indian Nationalism in the late 19th century.","","","verified","Clean sweep + spot-check sample confirmed sound - bulk pass 2026-08-26"
"question","5cb9daf8-900a-4f2f-ae1e-718532e3c973","2013","10","Evaluate the role of the Indian National Army (INA) in the freedom struggle of India.","","","verified","Clean sweep + spot-check sample confirmed sound - bulk pass 2026-08-26"
"question","2282d2fd-ea70-4eb9-91f6-f26f4792a581","2013","11","What were the major reasons for the outbreak of the French Revolution? How did it affect the modern world?","","","verified","Clean sweep + spot-check sample confirmed sound - bulk pass 2026-08-26"
"question","2229e800-0153-4cc9-b942-6b8b3e00882a","2013","12","Critically examine the factors responsible for the rise of Fascism in Italy after the First World War.","","","verified","Clean sweep + spot-check sample confirmed sound - bulk pass 2026-08-26"
"question","e1d8a5b0-4765-4337-ab6c-ef57d4a9518e","2013","13","The American War of Independence was an economic revolt against British mercantilism. Discuss.","","","verified","Clean sweep + spot-check sample confirmed sound - bulk pass 2026-08-26"
"question","122f091f-869b-452f-adc4-6b5aa955a74d","2013","14","Discuss the consequences of the Industrial Revolution on the working class in England.","","spot_check","verified","Clean sweep + spot-check sample confirmed sound - bulk pass 2026-08-26"
"question","7685cfae-468f-4ecb-ab2f-16712a2df858","2013","15","How do you explain the global distribution of active volcanoes?","","","verified","Clean sweep + spot-check sample confirmed sound - bulk pass 2026-08-26"
"question","f2d2ea7d-ae87-48fe-bae7-2149b3bc518e","2013","16","Discuss the factors influencing the localized distribution of the cotton textile industry in India.","","","verified","Clean sweep + spot-check sample confirmed sound - bulk pass 2026-08-26"
"question","df88d229-d05e-4aaa-af0b-04d22c5126f7","2013","17","What is the 'continental drift' theory? Discuss the evidence supporting it.","","","verified","Clean sweep + spot-check sample confirmed sound - bulk pass 2026-08-26"
"question","5230f89e-c72c-4159-8cfe-d64e48f733a7","2013","18","Explain the origin and distribution of the monsoon climate in India.","","","verified","Clean sweep + spot-check sample confirmed sound - bulk pass 2026-08-26"
"question","53a689c3-d86a-446e-9bd5-626c7f8042d5","2013","19","Discuss the ecological and economic importance of wetlands in India.","","","verified","Clean sweep + spot-check sample confirmed sound - bulk pass 2026-08-26"
"question","d7ef4a9e-6798-49ff-996b-76cbe3a618a1","2013","20","What are the major challenges associated with the management of urban solid waste in Indian cities?","","","verified","Clean sweep + spot-check sample confirmed sound - bulk pass 2026-08-26"
"question","0c6318d3-0de1-4bb2-9962-c068a2f8f7d6","2013","21","Examine the role of the caste system as a barrier to social mobility in contemporary India.","","","verified","Clean sweep + spot-check sample confirmed sound - bulk pass 2026-08-26"
"question","c08872c9-b90e-443b-ab8a-dda43f6d2035","2013","22","Discuss the socio-economic impacts of globalization on the elderly population in India.","","","verified","Clean sweep + spot-check sample confirmed sound - bulk pass 2026-08-26"
"question","8e596008-c4d5-4812-816f-3c0ad6d2139d","2013","23","How does communalism manifest itself in Indian politics? Suggest measures to counter it.","","","verified","Clean sweep + spot-check sample confirmed sound - bulk pass 2026-08-26"
"question","5d776088-bd44-434e-b212-3f0b217dc2a8","2013","24","Discuss the challenges faced by women working in the unorganized sector in India.","","","verified","Clean sweep + spot-check sample confirmed sound - bulk pass 2026-08-26"
"question","b2ea409f-c901-4013-91ed-479d11ce5eed","2013","25","Analyze the relationship between poverty and population growth in the context of developing nations.","","","verified","Clean sweep + spot-check sample confirmed sound - bulk pass 2026-08-26"
"question","20ca8db4-c912-4317-a3ee-f03f6da608e1","2013","26","The dynamic nature of the Indian Constitution is reflected in its amendment process. Discuss.","","spot_check","verified","Clean sweep + spot-check sample confirmed sound - bulk pass 2026-08-26"
"question","7f72f92f-e1c4-4df8-b8aa-571b52c63cbe","2013","27","Discuss the scope and limitations of judicial review in India.","","","verified","Clean sweep + spot-check sample confirmed sound - bulk pass 2026-08-26"
"question","b8d7b7d3-f4ae-40dc-8267-032375860fa2","2013","28","The Governor's discretionary powers have often been a source of tension between the Centre and the States. Comment.","","","verified","Clean sweep + spot-check sample confirmed sound - bulk pass 2026-08-26"
"question","56abac36-0a65-4262-b6da-320cca13c5e2","2013","29","Discuss the significance of the 73rd and 74th Constitutional Amendment Acts in empowering local bodies.","","","verified","Clean sweep + spot-check sample confirmed sound - bulk pass 2026-08-26"
"question","9a2ec8d6-75d5-413c-9787-bf85353a3a70","2013","30","Examine the role of the Finance Commission in strengthening fiscal federalism in India.","","","verified","Clean sweep + spot-check sample confirmed sound - bulk pass 2026-08-26"
"question","b7200ec0-01d7-4457-9027-23dc79581387","2013","31","The Central Vigilance Commission (CVC) has emerged as an important body to fight corruption. Discuss its powers and limitations.","","","verified","Clean sweep + spot-check sample confirmed sound - bulk pass 2026-08-26"
"question","c004895e-1129-436f-b6ee-920f78faaf77","2013","32","What is the Right to Information (RTI) Act? Discuss its role in enhancing accountability and transparency in governance.","","","verified","Clean sweep + spot-check sample confirmed sound - bulk pass 2026-08-26"
"question","f8c4dddb-a91d-4941-aab5-f789df801021","2013","33","Examine the role of civil society organizations in the formulation of public policies in India.","","","verified","Clean sweep + spot-check sample confirmed sound - bulk pass 2026-08-26"
"question","21ea578c-6b05-439d-8401-8293e861c1be","2013","34","Discuss the major challenges in the implementation of the National Rural Health Mission (NRHM).","","","verified","Clean sweep + spot-check sample confirmed sound - bulk pass 2026-08-26"
"question","0d66eae7-39f5-4457-98a9-3cc906c0ee24","2013","35","Evaluate the performance of the Mahatma Gandhi National Rural Employment Guarantee Act (MGNREGA) in rural asset creation.","","","verified","Clean sweep + spot-check sample confirmed sound - bulk pass 2026-08-26"
"question","c1f670af-3cc6-4398-a80b-0a01ca9a0758","2013","36","The Right to Education (RTE) Act aims to ensure free and compulsory education, but quality remains a challenge. Discuss.","","","verified","Clean sweep + spot-check sample confirmed sound - bulk pass 2026-08-26"
"question","79aab0a3-5348-4b70-bec7-4100394faee0","2013","37","Analyze the impact of coalition politics on the stability and policy-making of the Central Government.","","","verified","Clean sweep + spot-check sample confirmed sound - bulk pass 2026-08-26"
"question","733362f5-c970-491f-8230-7dc9aabb5cdf","2013","38","Discuss the relevance of the look East Policy in the context of changing geopolitical dynamics in the Asia-Pacific region.","","spot_check","verified","Clean sweep + spot-check sample confirmed sound - bulk pass 2026-08-26"
"question","12ad4b64-713d-4fbe-b113-7c298211ce24","2013","39","India's relations with its neighbors are crucial for its internal security and economic growth. Comment.","","","verified","Clean sweep + spot-check sample confirmed sound - bulk pass 2026-08-26"
"question","2fec7dc6-3de0-4255-b32f-f6e7f3dd9913","2013","40","Discuss the role of the United Nations Security Council (UNSC) in maintaining global peace and India's claim for permanent membership.","","","verified","Clean sweep + spot-check sample confirmed sound - bulk pass 2026-08-26"
"question","6b1c317f-cc7d-45cc-bf96-d3d206b52da7","2013","41","What is the significance of the BRICS grouping for India's foreign policy interests?","","","verified","Clean sweep + spot-check sample confirmed sound - bulk pass 2026-08-26"
"question","5ac18a28-0b1c-4ace-a2a5-ba76b5165338","2013","42","Examine the challenges faced by India in managing its maritime borders.","","","verified","Clean sweep + spot-check sample confirmed sound - bulk pass 2026-08-26"
"question","a1804414-4281-48f2-a9c8-b186a8b669ef","2013","43","Discuss the impact of the World Bank's funding on infrastructure development projects in India.","","","verified","Clean sweep + spot-check sample confirmed sound - bulk pass 2026-08-26"
"question","884bbbcf-4a76-4515-8195-54b23be915e6","2013","44","The role of the Comptroller and Auditor General (CAG) has become increasingly critical in public accountability. Discuss.","","","verified","Clean sweep + spot-check sample confirmed sound - bulk pass 2026-08-26"
"question","92d11573-7ffd-485d-950a-7a6eb578ac2f","2013","45","Analyze the institutional challenges faced by the Election Commission of India in conducting free and fair elections.","","","verified","Clean sweep + spot-check sample confirmed sound - bulk pass 2026-08-26"
"question","dc07d172-89b2-47af-ba32-8e20d9366adb","2013","46","Discuss the need for electoral reforms in India with special reference to criminalization of politics.","","","verified","Clean sweep + spot-check sample confirmed sound - bulk pass 2026-08-26"
"question","c235c469-5057-4ad0-9511-097769bbb833","2013","47","The pressure groups play a significant role in influencing governmental decisions. Explain with suitable examples.","","","verified","Clean sweep + spot-check sample confirmed sound - bulk pass 2026-08-26"
"question","ae856cba-2cb2-4cfb-bedd-44b105fc4cc3","2013","48","Examine the effectiveness of the National Human Rights Commission (NHRC) in protecting human rights in India.","","","verified","Clean sweep + spot-check sample confirmed sound - bulk pass 2026-08-26"
"question","72eb93a8-d32b-48c9-b68b-cdcf6d4200c4","2013","49","Discuss the role of e-governance initiatives in reducing corruption and improving service delivery.","","","verified","Clean sweep + spot-check sample confirmed sound - bulk pass 2026-08-26"
"question","4a88fdab-4500-4fd7-9126-44354bd974bc","2013","50","What are the major structural issues hindering the performance of public sector banks in India?","","spot_check","verified","Clean sweep + spot-check sample confirmed sound - bulk pass 2026-08-26"
"question","4a61817d-1b33-475e-8d7f-9f4ca6fade1e","2013","51","Discuss the relationship between savings rate, investment pattern, and capital-output ratio in the context of growth acceleration.","","","verified","Clean sweep + spot-check sample confirmed sound - bulk pass 2026-08-26"
"question","875f00e7-536d-425d-90ee-a86cbe7bf9be","2013","52","What are the major structural limitations of the manufacturing sector that prevent it from absorbing surplus labor from agriculture?","","","verified","Clean sweep + spot-check sample confirmed sound - bulk pass 2026-08-26"
"question","743456e5-dcf7-453a-9d89-a1585a8b05ab","2013","53","Explain the significance of direct tax reforms in widening the tax-to-GDP ratio base in India.","","","verified","Clean sweep + spot-check sample confirmed sound - bulk pass 2026-08-26"
"question","853bb007-9910-4870-a9a2-8051d10ec6dc","2013","54","What is venture capital? Discuss its role in driving the growth of technology startups in India.","","","verified","Clean sweep + spot-check sample confirmed sound - bulk pass 2026-08-26"
"question","6e4d97dd-e7c9-4f0e-abe1-30da267125d9","2013","55","Discuss the impact of farm subsidies on the fiscal health of state budgets and environment degradation.","","","verified","Clean sweep + spot-check sample confirmed sound - bulk pass 2026-08-26"
"question","1c13d6f4-47e6-4822-a91e-c00c0511a3cf","2013","56","What are the primary objectives of the National Food Security Act, 2013? Evaluate its operational constraints.","","","verified","Clean sweep + spot-check sample confirmed sound - bulk pass 2026-08-26"
"question","6e792b91-645f-4083-8f8a-2cc35d1be693","2013","57","Explain the concept of precision farming. How can it mitigate input wastage in intensive agricultural belts?","","","verified","Clean sweep + spot-check sample confirmed sound - bulk pass 2026-08-26"
"question","085c8a77-225a-469e-abe2-8d5ceb6ffbf6","2013","58","Discuss the structural constraints of the biotechnology sector in transitioning from laboratory research to commercial scale production.","","","verified","Clean sweep + spot-check sample confirmed sound - bulk pass 2026-08-26"
"question","09b709bb-b098-4665-babd-90716d30b24f","2013","59","Explain the design features of the three-stage nuclear power expansion program of India.","","","verified","Clean sweep + spot-check sample confirmed sound - bulk pass 2026-08-26"
"question","4e11fbe2-b93d-40dd-b894-97e354c7f3a4","2013","60","What is intellectual property piracy? Discuss its impact on the economic growth of the creative and technology software industries.","","","verified","Clean sweep + spot-check sample confirmed sound - bulk pass 2026-08-26"
"question","9a7e287a-8bd4-4b2b-8713-b1a4d14d6c5e","2013","61","Trace the causes and mitigation strategies for major landslide vulnerabilities inside the Western Ghats region.","","","verified","Clean sweep + spot-check sample confirmed sound - bulk pass 2026-08-26"
"question","40581238-4b8b-4582-9c37-2ee6d1e2f381","2013","62","Discuss the institutional setups required for managing chemical industrial disasters in urban-fringe clusters.","","spot_check","verified","Clean sweep + spot-check sample confirmed sound - bulk pass 2026-08-26"
"question","6a71e050-bd44-4df0-bcae-1c3aa23f5f84","2013","63","Analyze the role of social media networks in driving internal security disruptions and spreading misinformation during crisis events.","","","verified","Clean sweep + spot-check sample confirmed sound - bulk pass 2026-08-26"
"question","799f8d92-6f0d-465d-8a25-2f2e8c915d27","2013","64","What is the mandate of the National Security Council (NSC)? Evaluate its advisory role in internal security policymaking.","","","verified","Clean sweep + spot-check sample confirmed sound - bulk pass 2026-08-26"
"question","e34984bc-92bf-4f47-a286-5b257db2f94a","2013","65","Examine the structural funding models of left-wing extremist organizations. How can financial choking curb their networks?","","","verified","Clean sweep + spot-check sample confirmed sound - bulk pass 2026-08-26"
"question","c6f8fc19-39b5-4aaf-8897-71409b72d86d","2013","66","Discuss the challenges faced in managing security parameters across the non-demarcated segments of India's international borders.","","","verified","Clean sweep + spot-check sample confirmed sound - bulk pass 2026-08-26"
"question","80976e35-5bc4-4283-b8c4-34ab6915f3eb","2013","67","Explain the concept of Special Economic Zones (SEZs). Why have they lagged in replicating Chinese industrial models?","","","verified","Clean sweep + spot-check sample confirmed sound - bulk pass 2026-08-26"
"question","b5724206-caaa-4ebc-bdaa-f5096a15ae1b","2013","68","Discuss the utility of public-private partnership (PPP) models in developing high-density transport infrastructure networks.","","","verified","Clean sweep + spot-check sample confirmed sound - bulk pass 2026-08-26"
"question","a0576ed7-c996-4a38-9f53-128a3983224b","2013","69","Analyze the impact of global trade protectionism on India's software export matrices.","","","verified","Clean sweep + spot-check sample confirmed sound - bulk pass 2026-08-26"
"question","8c07f7e4-d93e-4e41-8cae-299397bb7734","2013","70","What is environmental impact assessment (EIA)? Trace its evolution inside the developmental clearing loops of India.","","","verified","Clean sweep + spot-check sample confirmed sound - bulk pass 2026-08-26"
"question","315bb804-cce8-4a69-a151-61c5d51817a4","2013","71","Discuss the ecological parameters of the National Mission for Clean Ganga. Why have enforcement cycles lagged behind?","","","verified","Clean sweep + spot-check sample confirmed sound - bulk pass 2026-08-26"
"question","beb00772-57d1-4f89-bc6a-0c1bef56cca8","2013","72","Explain the linkage between coastal security architecture loops and illegal maritime smuggling operations.","","","verified","Clean sweep + spot-check sample confirmed sound - bulk pass 2026-08-26"
"question","af739e4e-5ea8-4c21-b52d-091338a65be1","2013","73","What is cross-border money laundering? Discuss the structural coordination challenges between international intelligence branches.","","","verified","Clean sweep + spot-check sample confirmed sound - bulk pass 2026-08-26"
"question","98854f05-3005-447e-9594-2b42ae271d01","2013","74","Discuss the structural framework changes required in the lines of command to tackle modern urban asymmetric warfare threats.","","spot_check","verified","Clean sweep + spot-check sample confirmed sound - bulk pass 2026-08-26"
"question","73fb46b8-087c-4d24-8357-5f595142b970","2013","75","What are non-performing assets (NPAs)? Analyze their structural drag on the credit cycle acceleration of public infrastructure deployment.","","","verified","Clean sweep + spot-check sample confirmed sound - bulk pass 2026-08-26"
"question","e7402ca3-010c-4a97-9fd0-31bba30087e0","2013","76","What do you understand by 'ethical human conduct'? Discuss its determinants and consequences in human actions.","","","verified","Clean sweep + spot-check sample confirmed sound - bulk pass 2026-08-26"
"question","b6218bce-4fd5-424b-b0ef-710f2cfbe656","2013","77","How do social institutions like school and media impact value formation in citizens? Analyze.","","","verified","Clean sweep + spot-check sample confirmed sound - bulk pass 2026-08-26"
"question","ac1f3fbb-9987-45f2-8eb6-2df7dce6a02c","2013","78","What is emotional intelligence and what are its utilities in civil services administration?","","","verified","Clean sweep + spot-check sample confirmed sound - bulk pass 2026-08-26"
"question","4ae13cbe-a392-4121-af3f-4218fa304060","2013","79","Define the terms 'attitude' and 'belief'. How does cognitive dissonance affect an individual's internal alignment?","","","verified","Clean sweep + spot-check sample confirmed sound - bulk pass 2026-08-26"
"question","1e82d28e-8f49-4c02-90bd-098a88a83f3d","2013","80","Discuss the ethical ideals of administrative systems as postulated by classical Indian thinkers like Kautilya.","","","verified","Clean sweep + spot-check sample confirmed sound - bulk pass 2026-08-26"
"question","1d9500fc-9435-4103-b4c5-baaa582c8125","2013","81","What do you understand by the concept of 'utilitarianism'? Critique its limitations when applied to minority protection.","","","verified","Clean sweep + spot-check sample confirmed sound - bulk pass 2026-08-26"
"question","2e1d22c4-0c52-458d-bfce-3066cfc22d78","2013","82","Examine the significance of public service values like objectivity, dedication, and tolerance in a multi-cultural society like India.","","","verified","Clean sweep + spot-check sample confirmed sound - bulk pass 2026-08-26"
"question","1a2e964b-442d-4311-97a3-471db18fb784","2013","83","Explain the concept of corruption in public life as a systemic failure rather than individual moral decay.","","","verified","Clean sweep + spot-check sample confirmed sound - bulk pass 2026-08-26"
"question","b6d67fc5-7cd0-439c-8d91-0683e3a8360d","2013","84","""Seven Sins"" according to Mahatma Gandhi are highly relevant to understand contemporary economic anomalies. Elaborate.","","","verified","Clean sweep + spot-check sample confirmed sound - bulk pass 2026-08-26"
"question","f7c6f259-d3a7-4900-97ba-6b9731d11ef8","2013","85","""The weak can never forgive. Forgiveness is the attribute of the strong."" - Mahatma Gandhi. Analyze.","","","verified","Clean sweep + spot-check sample confirmed sound - bulk pass 2026-08-26"
"question","4910f5a1-93a6-46b8-aab6-4169b23fe54c","2013","86","Discuss the ethical dimensions of data privacy and access in information systems of e-governance infrastructure.","","spot_check","verified","Clean sweep + spot-check sample confirmed sound - bulk pass 2026-08-26"
"question","9c5dd08a-b270-4d70-af0b-af6fda08cea5","2013","87","What are the structural flaws in current asset disclosure regulations of public officials that limit their effectiveness against illegal wea","","","verified","Clean sweep + spot-check sample confirmed sound - bulk pass 2026-08-26"
"question","12aeb5ad-89ba-43d7-9921-e0409df5b722","2013","88","You are a senior executive engineer in charge of a district-level public works department. A massive flyover project is being constructed in","","","verified","Clean sweep + spot-check sample confirmed sound - bulk pass 2026-08-26"
"question","c9caebf2-5bfc-4c58-9db7-fc6ea00ec826","2013","89","You are the District Magistrate of a highly sensitive, drought-prone district that is currently experiencing a severe water crisis. The stat","","","verified","Clean sweep + spot-check sample confirmed sound - bulk pass 2026-08-26"
"question","85e59ba5-4bd8-4a94-a461-d07478b1c3f5","2013","90","You are a senior program director heading a state social welfare department. The government has introduced an ambitious digital conditional-","","","verified","Clean sweep + spot-check sample confirmed sound - bulk pass 2026-08-26"
"question","1e18a01f-2638-4594-a3df-c3eedc22cbfe","2013","91","You are leading an anti-corruption investigation unit within a major state infrastructure corporation. Your team is investigating a multi-mi","","","verified","Clean sweep + spot-check sample confirmed sound - bulk pass 2026-08-26"
"question","078b7ae2-3858-465a-bb8f-735ad419cb10","2013","92","You are a senior officer working in the national food safety standards authority. A leading domestic FMCG brand has launched a highly popula","","","verified","Clean sweep + spot-check sample confirmed sound - bulk pass 2026-08-26"
"question","c0db8741-8c72-481c-9160-8cb1c23b3e43","2013","93","You are a senior officer working in the environment impact clearing branch of a state government. A major multinational automobile manufactu","","","verified","Clean sweep + spot-check sample confirmed sound - bulk pass 2026-08-26"
"question","1c102c05-729c-4df8-8272-2fd01ade4166","2013","94","Be the change you want to see in others - Gandhiji.","","","verified","Clean sweep + spot-check sample confirmed sound - bulk pass 2026-08-26"
"question","7fbcbaff-808d-4bb8-88ad-a454cf920781","2013","95","Is the colonial mentality hindering India's success?","","","verified","Clean sweep + spot-check sample confirmed sound - bulk pass 2026-08-26"
"question","56067fbd-5526-439d-85f4-48b940943e3b","2013","96","GDP (Gross Domestic Product) along with GDH (Gross Domestic Happiness) would be the right index for India's development.","","","verified","Clean sweep + spot-check sample confirmed sound - bulk pass 2026-08-26"
"question","5d795b0f-38ab-4175-8f7e-1ad4f296d2f6","2013","97","Science and technology is the panacea for the growth and security of India.","","","verified","Clean sweep + spot-check sample confirmed sound - bulk pass 2026-08-26"
"tag","c20d9ffa-bda2-463a-bb78-92032fb1bb71","2013","028918a2-4769-4d8c-9dab-1e42fcb46b1c","French Revolution: causes, course, France under Napoleon, impact and significance for the modern world","","spot_check","verified","Clean sweep + spot-check sample confirmed sound - bulk pass 2026-08-26"
"tag","42e9b96d-944e-4cc8-935f-456530aa1393","2013","049901d3-a4a5-41ea-a138-c0eec3f3d0c3","Case studies: public-safety & procurement dilemmas under pressure: infrastructure-safety cover-up under election-timeline pressure, defence-","","","verified","Clean sweep + spot-check sample confirmed sound - bulk pass 2026-08-26"
"tag","58d1c113-6829-4cb2-b806-b4a93709b1dd","2013","054aa525-7ef7-41fa-be69-d3778ce887de","Internal security challenges: social diversity as a security issue, neighbourhood-origin threats, non-state actors, global vulnerability ind","","","verified","Clean sweep + spot-check sample confirmed sound - bulk pass 2026-08-26"
"tag","72eaa0be-b33a-4273-b693-abfa0d3ab8df","2013","0e370af1-44dc-430b-a830-9c549d036623","Citizen's Charter and RTI Act: utility/limitations as accountability instruments; RTI's role in redefining accountability beyond mere citize","","","verified","Clean sweep + spot-check sample confirmed sound - bulk pass 2026-08-26"
"tag","39e5a303-f833-4c31-a4c5-97ff99bc406d","2013","12162135-681a-4e58-87f3-31cf403b3cfb","Pressure groups and formal/informal associations: types, significance, distinction from political parties, politicisation of pressure groups","","","verified","Clean sweep + spot-check sample confirmed sound - bulk pass 2026-08-26"
"tag","bda2c4be-b313-4803-8e4f-fe057c5050f7","2013","12feeb23-16c7-4c59-b28b-f61ce53a3053","Women-related issues: hysterectomies, workforce participation gaps, gender disparities in poverty, women in corporate roles, abortion rights","","","verified","Clean sweep + spot-check sample confirmed sound - bulk pass 2026-08-26"
"tag","2f08bd85-b389-4743-a47b-9b7be390374e","2013","148a93f6-0e07-4057-98a1-5f4751a4b757","Emergence of the USA: American colonies, independence, the Revolutionary War and its political/global impact, the US Civil War and its globa","","","verified","Clean sweep + spot-check sample confirmed sound - bulk pass 2026-08-26"
"tag","666f0b0b-66f2-4421-965d-f6480868ef08","2013","21b8574b-4143-4333-9d38-d916fd1035a2","The Governor, Chief Minister, Advocate-General, and State Legislature: appointment, discretionary/ordinance/pardoning powers, composition of","","","verified","Clean sweep + spot-check sample confirmed sound - bulk pass 2026-08-26"
"tag","fef18ade-2cfa-4440-9e8d-68acd9994d26","2013","24789b2b-e004-466c-9a4e-00d433f58a2e","Dance in India: concept, Ashta Nayika, eight classical forms, folk and modern dances; Tandava as recorded in early inscriptions; Garba, Cham","","","verified","Clean sweep + spot-check sample confirmed sound - bulk pass 2026-08-26"
"tag","3704353c-41ac-4f7a-be76-3314902af8c5","2013","26a1506e-c212-48b3-ab7d-ac33f38f6292","Social media and internal-security threats: regulation challenges, AI's dual role, and monitoring difficulties","","","verified","Clean sweep + spot-check sample confirmed sound - bulk pass 2026-08-26"
"tag","77752c39-290f-44db-966f-d5eb5626946b","2013","2a7ac40c-4ad1-4abc-9496-79984ee6ddf1","Volcanism: shield/composite/caldera/flood-basalt/mid-ocean-ridge types, lava types, intrusive landforms (batholiths, laccoliths, lapoliths, ","","","verified","Clean sweep + spot-check sample confirmed sound - bulk pass 2026-08-26"
"tag","9ec15fcc-b569-4095-b73f-4835b94e3e35","2013","2a964f06-9b59-4139-9e33-2af38ac3ebac","Classical Temple Architecture: Nagara, Dravida, Vesara and regional sub-schools (Pallava, Chola, Pandya, Vijayanagara, Nayaka, Hoysala, Rash","","","verified","Clean sweep + spot-check sample confirmed sound - bulk pass 2026-08-26"
"tag","68ac28d5-c6da-46a8-b143-d99d170f54e9","2013","2c26a666-8e16-46a5-9362-547604b3556e","Bhakti and Sufi movements: reach across age/gender/religious barriers; Sri Chaitanya's re-orientation; Vaishnava Acharyas' metaphysical foun","","spot_check","verified","Clean sweep + spot-check sample confirmed sound - bulk pass 2026-08-26"
"tag","95b96c70-5cd6-4386-a2c3-1316dd1cd83d","2013","31bc6bb7-ac08-43d4-a4be-6d7bd49d3d09","Moral and political attitude formation; distinguishing 'attitude' from 'belief' and how cognitive dissonance affects internal alignment","","","verified","Clean sweep + spot-check sample confirmed sound - bulk pass 2026-08-26"
"tag","8e7a7128-a4b7-4909-bdbf-383ab51165c1","2013","3eb08a5b-0910-493b-bf1d-07f0b7468836","Indian moral/spiritual exemplars used as case anchors: Mahatma Gandhi, Dr S. Radhakrishnan, Rabindranath Tagore, Swami Dayanand Saraswati, M","","","verified","Clean sweep + spot-check sample confirmed sound - bulk pass 2026-08-26"
"tag","444eca5c-a0ba-4119-8238-f049c44bc8ab","2013","41ad5c1f-7129-4d6e-b241-5c67f84cfb99","Frequently cited quotation-anchors for ethics answer-writing: Gandhi's 'Seven Sins' and 'the weak can never forgive'; Socrates' 'an unexamin","","","verified","Clean sweep + spot-check sample confirmed sound - bulk pass 2026-08-26"
"tag","60bb966d-9fc3-4797-8032-9f78981986c4","2013","41ad5c1f-7129-4d6e-b241-5c67f84cfb99","Frequently cited quotation-anchors for ethics answer-writing: Gandhi's 'Seven Sins' and 'the weak can never forgive'; Socrates' 'an unexamin","","","verified","Clean sweep + spot-check sample confirmed sound - bulk pass 2026-08-26"
"tag","e45f6d19-d936-4cf4-a97b-e729ded3266c","2013","48f777dc-05ca-423d-8267-33de79eb8587","Beginning of the modern age: disintegration of the feudal system, Renaissance (humanism, art, architecture, literature, science), Reformatio","","","verified","Clean sweep + spot-check sample confirmed sound - bulk pass 2026-08-26"
"tag","ca2e1219-6587-4c74-a5d5-4416a40a80bb","2013","4ae26f49-1b68-4366-b3a3-becbe93c9abb","Case studies: development vs displacement/environment trade-offs: environmental clearance vs displacement/pollution trade-offs, court-ordere","","","verified","Clean sweep + spot-check sample confirmed sound - bulk pass 2026-08-26"
"tag","b00bdc5f-0945-4ed6-9687-8fed85b56e6e","2013","4f0aa90b-bb3e-4e5c-abfa-70a39be2cca7","Political parties in India: reforms, problems in functioning, casteism and politics, anti-defection strengthening, and coalition-government ","","","verified","Clean sweep + spot-check sample confirmed sound - bulk pass 2026-08-26"
"tag","894ecc12-082d-454b-99ba-68f50fb07171","2013","529f8ea2-d455-4c0a-93e3-e7044ad48271","Case studies: whistleblowing, disclosure & confidentiality dilemmas: whistleblower/suspect pleading humanitarian delay, workplace-harassment","","","verified","Clean sweep + spot-check sample confirmed sound - bulk pass 2026-08-26"
"tag","0c4f7b05-0f9e-4210-8c59-e2af51402d98","2013","55b8a5a7-5842-4572-a518-ab91a3841a16","Poverty, hunger and health governance: evaluation of schemes (MGNREGA, PM-POSHAN, Ayushman Bharat) and policies (NHP, NEP) against poverty/h","","","verified","Clean sweep + spot-check sample confirmed sound - bulk pass 2026-08-26"
"tag","40f4564f-e36e-4dc3-97cd-cbee67131447","2013","5988fe67-d79a-4c02-8588-232fbf3619b9","Maritime & space security: anti-maritime-piracy law, maritime-security developments in the IOR, drone attacks on merchant vessels, Gaganyaan","","","verified","Clean sweep + spot-check sample confirmed sound - bulk pass 2026-08-26"
"tag","6171c827-abac-41cb-8793-0155bfe661c2","2013","5a10e711-45ba-4b01-85f7-14fe8c8704ea","Statutory/regulatory/quasi-judicial bodies: CVC, CBI, NHRC ('toothless tiger' critique), SHRC, Central/State Information Commission, NGT, SE","","spot_check","verified","Clean sweep + spot-check sample confirmed sound - bulk pass 2026-08-26"
"tag","b4a17e10-2daa-441b-a32d-1cae8c49e7e2","2013","5a10e711-45ba-4b01-85f7-14fe8c8704ea","Statutory/regulatory/quasi-judicial bodies: CVC, CBI, NHRC ('toothless tiger' critique), SHRC, Central/State Information Commission, NGT, SE","","","verified","Clean sweep + spot-check sample confirmed sound - bulk pass 2026-08-26"
"tag","a59239c4-4528-4836-b042-89d93b281eb2","2013","5b289bd3-2e90-4b04-80fd-5d9598524631","Amendment process: the Constitution's dynamic/'living document' nature (Article 368), Basic Structure Doctrine as a judicial 'safety valve',","","","verified","Clean sweep + spot-check sample confirmed sound - bulk pass 2026-08-26"
"tag","3882398d-703c-410b-b771-d7a1f26d122a","2013","5b9d10c3-2e41-4dfb-858c-87fcc8003436","e-Governance: introduction, applications, models, successes/limitations/future prospects, dashboards/portals, democracy-and-e-governance lin","","","verified","Clean sweep + spot-check sample confirmed sound - bulk pass 2026-08-26"
"tag","35cd2107-2be7-4f12-9744-58a7f278ec66","2013","5fbcda9e-616e-411b-b50c-dd6fc29160c7","East India Company's administrative expansions (Regulating Act 1773; Ring Fence policy as precursor to Subsidiary Alliance; Doctrine of Laps","","","verified","Clean sweep + spot-check sample confirmed sound - bulk pass 2026-08-26"
"tag","0c126761-93c8-4e0b-aab8-0b29c6cb1045","2013","5fbcda9e-616e-411b-b50c-dd6fc29160c7","East India Company's administrative expansions (Regulating Act 1773; Ring Fence policy as precursor to Subsidiary Alliance; Doctrine of Laps","","","verified","Clean sweep + spot-check sample confirmed sound - bulk pass 2026-08-26"
"tag","1ffeec9a-d37c-4ab1-949e-9cf4732acdf9","2013","60dbf376-d7e5-4833-92de-a0bb8f24568d","Essence, determinants and consequences of ethics in human actions; approaches to ethical study (Indian vs Western perspectives); basic conce","","","verified","Clean sweep + spot-check sample confirmed sound - bulk pass 2026-08-26"
"tag","515ceded-7ed3-49d7-b1d7-0779a14ee8a2","2013","61f632ee-31af-4e38-99fb-d1040785acd5","Linkage between development and extremism: Left-Wing Extremism's stated purpose, its resonance with common people, Covid-19's effect on Naxa","","","verified","Clean sweep + spot-check sample confirmed sound - bulk pass 2026-08-26"
"tag","092bb9c8-22b3-4cda-a897-98c87307e779","2013","62304d51-cb8d-475b-b0c4-2951d56d8505","Case studies: public-service integrity & corruption dilemmas: welfare-scheme 'ghost beneficiary' fraud amid caste sensitivities, law-enforce","","","verified","Clean sweep + spot-check sample confirmed sound - bulk pass 2026-08-26"
"tag","6efba02d-77a5-4e05-95e8-87642461e0e6","2013","637fbe68-a66c-4746-a9ef-f172c4ec6dfa","Consequentialist vs Deontological (Kantian) moral boundaries in public-administration execution; Utilitarianism's concept and its critique w","","","verified","Clean sweep + spot-check sample confirmed sound - bulk pass 2026-08-26"
"tag","535e281d-7cac-4df0-9c38-bd4c48787b6c","2013","679298f7-255d-4a9b-8988-523e5f4e09ae","Technology in agriculture: data revolution, AI applications, social-security schemes for farmers (climate-smart agriculture, precision farmi","","","verified","Clean sweep + spot-check sample confirmed sound - bulk pass 2026-08-26"
"tag","ea6cbebb-2ab0-4873-96bf-6091fe3238d7","2013","7036549d-c1aa-4248-84c6-45ae201bba10","India and neighbours: Nepal (water/hydropower cooperation, contentions, recommendations), Bhutan (economic overview, China issues), Afghanis","","spot_check","verified","Clean sweep + spot-check sample confirmed sound - bulk pass 2026-08-26"
"tag","dc815ea3-b1ff-4b95-8566-6b9e30865fbd","2013","7196e9df-e42c-4bcf-9f4c-e3fe741ad510","Human values: socialization and individual personality/value formation; values and skill; fundamental vs instrumental values; democratic val","","","verified","Clean sweep + spot-check sample confirmed sound - bulk pass 2026-08-26"
"tag","46329009-3d62-4090-b93b-542030d090b4","2013","72931a61-5f04-42c2-8713-3dd02d2530e5","Public Distribution System: objectives, functioning, limitations, revamping from universal to targeted PDS, cost-benefit analysis, buffer-st","","","verified","Clean sweep + spot-check sample confirmed sound - bulk pass 2026-08-26"
"tag","6ea60a8e-7c8b-43ad-90eb-185486372af1","2013","7484e78d-7561-4f06-b68c-78d9138067d4","Significance of public-service values (objectivity, dedication, tolerance) in a multi-cultural society like India; corruption in public life","","","verified","Clean sweep + spot-check sample confirmed sound - bulk pass 2026-08-26"
"tag","65f301db-01a3-4437-ae58-a079d13eb61a","2013","7484e78d-7561-4f06-b68c-78d9138067d4","Significance of public-service values (objectivity, dedication, tolerance) in a multi-cultural society like India; corruption in public life","","","verified","Clean sweep + spot-check sample confirmed sound - bulk pass 2026-08-26"
"tag","968af956-859c-45a2-ae21-02fe687054da","2013","7b930876-1b58-482e-9eb7-73b549ea751b","Venture capital's role in tech-startup growth; IP piracy's impact on creative/tech industries; biotechnology's lab-to-commercial-scale const","","","verified","Clean sweep + spot-check sample confirmed sound - bulk pass 2026-08-26"
"tag","60c4c1ee-c570-4f63-8f9a-126b29504318","2013","7b930876-1b58-482e-9eb7-73b549ea751b","Venture capital's role in tech-startup growth; IP piracy's impact on creative/tech industries; biotechnology's lab-to-commercial-scale const","","","verified","Clean sweep + spot-check sample confirmed sound - bulk pass 2026-08-26"
"tag","26a19873-f5a9-4332-9edd-e0ed17a22458","2013","7b930876-1b58-482e-9eb7-73b549ea751b","Venture capital's role in tech-startup growth; IP piracy's impact on creative/tech industries; biotechnology's lab-to-commercial-scale const","","","verified","Clean sweep + spot-check sample confirmed sound - bulk pass 2026-08-26"
"tag","14eed563-1435-4baf-8d0b-881f9bc6d58e","2013","7b930876-1b58-482e-9eb7-73b549ea751b","Venture capital's role in tech-startup growth; IP piracy's impact on creative/tech industries; biotechnology's lab-to-commercial-scale const","","","verified","Clean sweep + spot-check sample confirmed sound - bulk pass 2026-08-26"
"tag","187e1716-7604-4652-bf55-0961078bca01","2013","7e671c9b-0ef6-4d86-98af-34912238f041","Money laundering and black money: meaning and harmful effects of money laundering, PMLA 2002 provisions as a check on organized crime/terror","","","verified","Clean sweep + spot-check sample confirmed sound - bulk pass 2026-08-26"
"tag","5ec028d1-9021-4830-8085-6d15bd29ebfd","2013","7f28b657-f93d-46f9-95a5-6d24a527b8e7","Civil-society organisations' impact on public policy formulation; FCRA compliance tightening and civil-society funding constraints; SHG fede","","","verified","Clean sweep + spot-check sample confirmed sound - bulk pass 2026-08-26"
"tag","85f75922-3c43-49c0-a5dc-bfa3fa19a01f","2013","7f4f03e7-1290-42be-b31f-075d0dcfef49","Security challenges in the Indian Ocean Region: US pivot to Asia, South China Sea mistrust, Somalia piracy, neighbourhood terrorism, energy ","","","verified","Clean sweep + spot-check sample confirmed sound - bulk pass 2026-08-26"
"tag","96ac221f-9a3f-414a-befa-2afe43484d22","2013","8585c562-ebb4-4b53-bbd1-c86e2bbe2aa1","Population and associated issues: suicide deaths in India, 'great replacement theory' discourse, population crisis in Asian nations, manual ","","spot_check","verified","Clean sweep + spot-check sample confirmed sound - bulk pass 2026-08-26"
"tag","2cccf1ca-0d98-49ca-a711-b7435b7925e6","2013","8819a266-1f8b-489b-82ad-34bfae1fd83b","Banking: structure/functions, RBI and bank types (public/private/foreign/regional-rural/local-area/specialized/small-finance/payments banks)","","","verified","Clean sweep + spot-check sample confirmed sound - bulk pass 2026-08-26"
"tag","48e506ba-ea53-4507-a64c-31634e2321e9","2013","89e5bc0f-be21-4bfc-a50e-9b96b4e3960e","Structural growth debates: savings rate/investment pattern/capital-output ratio as growth levers, manufacturing's limited capacity to absorb","","","verified","Clean sweep + spot-check sample confirmed sound - bulk pass 2026-08-26"
"tag","98185c25-3c9c-4713-8fc4-71feebca537f","2013","89e5bc0f-be21-4bfc-a50e-9b96b4e3960e","Structural growth debates: savings rate/investment pattern/capital-output ratio as growth levers, manufacturing's limited capacity to absorb","","","verified","Clean sweep + spot-check sample confirmed sound - bulk pass 2026-08-26"
"tag","de4ea933-6359-4db5-a9e4-9a6a0314327f","2013","89e5bc0f-be21-4bfc-a50e-9b96b4e3960e","Structural growth debates: savings rate/investment pattern/capital-output ratio as growth levers, manufacturing's limited capacity to absorb","","","verified","Clean sweep + spot-check sample confirmed sound - bulk pass 2026-08-26"
"tag","39218052-1dfd-47f9-b406-64b0abce0a5f","2013","8a59db20-4195-4abc-abed-90993b8a8dac","Environmental Impact Assessment: executing body, effects analysed, EIA process, and the EIA notification of 1984 (procedural evolution)","","","verified","Clean sweep + spot-check sample confirmed sound - bulk pass 2026-08-26"
"tag","b5599f14-83f5-4258-8a98-0b4fab066fd4","2013","8d38dfff-a6cb-417e-83ff-cfd307e61cf2","Infrastructure: economic/social/environmental impact of infrastructure, transport (ports, inland waterways, roads, National Infrastructure P","","","verified","Clean sweep + spot-check sample confirmed sound - bulk pass 2026-08-26"
"tag","5f643324-9964-4cca-8170-ef00e828e26c","2013","8e336c8b-f53d-40ad-9534-1b04929a3d69","Climate of India: factors influencing climate, monsoon mechanism (classical/modern/air-mass/jet-stream theories), El Nino-La Nina impact, rh","","","verified","Clean sweep + spot-check sample confirmed sound - bulk pass 2026-08-26"
"tag","8dd3dfa4-ea57-4ce4-9136-26cc3e3a3932","2013","8eeed04f-afc7-4d17-82af-e1d09673187f","Rise of Revolutionary Nationalism in India and abroad (Ghadar party, Abhinav Bharat, HSRA); role of Subhash Chandra Bose and the INA versus ","","","verified","Clean sweep + spot-check sample confirmed sound - bulk pass 2026-08-26"
"tag","fc0dadfd-ce2f-4a6c-a2bb-819f9299512c","2013","90ed023c-e549-4e63-b13a-7f428b2fca21","Demographic transition: changes in population growth rates and distribution since Independence; population problems of developing vs develop","","","verified","Clean sweep + spot-check sample confirmed sound - bulk pass 2026-08-26"
"tag","50cc7c8f-e46f-4773-83a4-72c05615a03a","2013","974077d9-8ad9-46bb-8d6d-6291436c76c3","Global institutions: UN structure (UNGA, UNSC and India's candidacy, ECOSOC), ICJ, UN specialised agencies (FAO, ICAO, ILO, IMO, ITU, UNESCO","","","verified","Clean sweep + spot-check sample confirmed sound - bulk pass 2026-08-26"
"tag","c8e7c3a7-8dab-44c5-9f2c-3d965ce25d1d","2013","974077d9-8ad9-46bb-8d6d-6291436c76c3","Global institutions: UN structure (UNGA, UNSC and India's candidacy, ECOSOC), ICJ, UN specialised agencies (FAO, ICAO, ILO, IMO, ITU, UNESCO","","","verified","Clean sweep + spot-check sample confirmed sound - bulk pass 2026-08-26"
"tag","2e315e5c-62b7-4273-a5b4-d20c8e763868","2013","984aca0c-0adc-4eb8-afa5-972ed1232681","Early nationalism: pre-Congress organisations, Indian National Congress (1858-1905), early nationalists vs Swadeshi/Extremist strategic fact","","spot_check","verified","Clean sweep + spot-check sample confirmed sound - bulk pass 2026-08-26"
"tag","0d47a5fa-d9e5-4553-a8bb-9bd6a558f051","2013","995a17a5-b4a8-42aa-b692-eb7550d8c358","Cold-chain and price-volatility management: long-term cold-chain solutions for vegetable-price volatility; MSP's role in food security and c","","","verified","Clean sweep + spot-check sample confirmed sound - bulk pass 2026-08-26"
"tag","15573f41-39df-4843-8fa6-7a2e45e2a7f0","2013","9a0d8ac5-41c0-4970-b9d2-4fbf9efa7f9f","Urbanization in India: pattern, issues, rural-urban migration, slum emergence, urban transport/waste/water-sanitation, urban poverty, and in","","","verified","Clean sweep + spot-check sample confirmed sound - bulk pass 2026-08-26"
"tag","ee39e51d-f2dc-4bf4-ba79-48e915a94f28","2013","9d969b75-3f3f-466b-830b-82c16b295324","Case studies: welfare-access & exclusion dilemmas: digital/biometric exclusion of a genuine welfare beneficiary, biometric-mandate exclusion","","","verified","Clean sweep + spot-check sample confirmed sound - bulk pass 2026-08-26"
"tag","854fb2dd-dd96-4828-b8a8-712253fbbbd6","2013","a2c93b38-f280-4559-9e54-5a26dc6cb93c","Constitutional bodies: Election Commission, UPSC, State PSC, Finance Commission, GST Council, National Commission for SCs/STs, Special Offic","","","verified","Clean sweep + spot-check sample confirmed sound - bulk pass 2026-08-26"
"tag","ffdab74a-0b79-45b9-b743-d6c09d46846a","2013","a2c93b38-f280-4559-9e54-5a26dc6cb93c","Constitutional bodies: Election Commission, UPSC, State PSC, Finance Commission, GST Council, National Commission for SCs/STs, Special Offic","","","verified","Clean sweep + spot-check sample confirmed sound - bulk pass 2026-08-26"
"tag","74c7b27c-88fc-4d04-af64-266ea0558c79","2013","ae2c59af-df41-4d43-9cf3-a987c576516f","Environment-related institutions and schemes: Pollution Control Boards, NGT, Forest Survey of India, National Board for Wildlife, Ecomark, N","","","verified","Clean sweep + spot-check sample confirmed sound - bulk pass 2026-08-26"
"tag","cb14495a-a3a5-405a-b0e6-b2f773fc82fb","2013","aed2b8f0-5d07-43b8-8d16-9d72b34efc31","Local government: 73rd/74th Amendment provisions, functions of municipal corporations/councils/nagar panchayats, State Election/Finance Comm","","","verified","Clean sweep + spot-check sample confirmed sound - bulk pass 2026-08-26"
"tag","7963a38b-4d4d-4882-97d7-6f4fdbaad74e","2013","b0f90d0f-c35e-4c56-b8ff-2bfac91061cd","Communalism: meaning, historicity, role of third parties in inciting/perpetrating it, and whether it can be eradicated; regionalism's theori","","","verified","Clean sweep + spot-check sample confirmed sound - bulk pass 2026-08-26"
"tag","dfe1a9e1-c4c8-4483-b4a9-341781fc2961","2013","b2545f36-e1f2-4ec0-88cc-7d741dcc44d7","Structural flaws in asset-disclosure regulations for public officials and their effectiveness against illegal wealth generation; whether pub","","","verified","Clean sweep + spot-check sample confirmed sound - bulk pass 2026-08-26"
"tag","3fa47a98-2fac-44bf-94e0-e1c571c0d576","2013","bb4b38f9-3dfb-4208-b972-df2bdcf4ec67","The Judiciary: integrated judicial system, Supreme Court composition/independence/jurisdiction/judicial-review/curative-petition, High Court","","","verified","Clean sweep + spot-check sample confirmed sound - bulk pass 2026-08-26"
"tag","e78dda34-3ca6-4956-b4ac-399f503cee5d","2013","bcc1c454-fbd5-42de-937d-71ee1d28580f","Data security and the Justice B.N. Srikrishna Committee Report on personal data protection; drug trafficking's linkage to gunrunning/human t","","spot_check","verified","Clean sweep + spot-check sample confirmed sound - bulk pass 2026-08-26"
"tag","376d0a7f-efd0-4f48-bd34-3d0711b59733","2013","c1d515a2-1da3-4810-8167-9a1ac96d38b5","World physiographic divisions and their economic-geographic significance; wetlands' ecological/economic importance","","","verified","Clean sweep + spot-check sample confirmed sound - bulk pass 2026-08-26"
"tag","c94404a7-a44d-4501-b0a7-9d2c31c7e328","2013","c5596c08-4ed2-4fc7-9809-3749d1d42e1d","Evolution and key principles of Indian foreign policy: determinants, NAM/NAM 2.0, Panchsheel, India's nuclear doctrine, neighbourhood-policy","","","verified","Clean sweep + spot-check sample confirmed sound - bulk pass 2026-08-26"
"tag","0a08fcb8-cf37-40b1-91e2-4a8776db937a","2013","d0aef2ad-4b7d-4f1d-b6f9-15501c29e2ab","Right to Education Act's access-expansion vs persistent quality challenge; MGNREGA's asset-creation and distress-migration-reduction perform","","","verified","Clean sweep + spot-check sample confirmed sound - bulk pass 2026-08-26"
"tag","a854736e-a5b8-4553-9b30-d2329b31563b","2013","d58d7c5d-184f-4f33-b935-efc1f41517e2","Cyber warfare: factors aggravating cyber attacks and recent initiatives to tackle cyber warfare; structural/command changes needed for urban","","","verified","Clean sweep + spot-check sample confirmed sound - bulk pass 2026-08-26"
"tag","52574807-ce38-488d-881f-18e572b2689e","2013","d9481625-b7ce-4ad6-9fb4-b3b1d9d6dd14","Security challenges in border areas: challenges to border management, community-participation approaches, non-demarcated border segments, an","","","verified","Clean sweep + spot-check sample confirmed sound - bulk pass 2026-08-26"
"tag","2a280f7c-940a-44f8-b2c5-bec2d513077a","2013","df4beaae-e368-4121-ae6b-7f3081679cb5","Importance of EI at the workplace and in civil services; components of EI applied to conflict resolution and crisis-time administrative comm","","","verified","Clean sweep + spot-check sample confirmed sound - bulk pass 2026-08-26"
"tag","f73812f8-9fe4-4b7a-8548-bbf00d2df204","2013","e32b2fcf-7fb1-46d1-acaa-c7c7ef6cfc5b","Multilateral relations: WTO (decision-making, Nairobi Package, IPR, reforms, agriculture issues, FTAs), IMF and reforms, nuclear-security ar","","","verified","Clean sweep + spot-check sample confirmed sound - bulk pass 2026-08-26"
"tag","3a121a4c-a836-419b-a9a9-b501390672d7","2013","e33a0781-b54e-4c13-b139-a2d1be703304","External sector & global economy: foreign-investment decline, de-dollarisation, global debt crisis, forex reserves, US-China trade war impac","","","verified","Clean sweep + spot-check sample confirmed sound - bulk pass 2026-08-26"
"tag","05bea0e0-0ac9-486e-b1c5-cd93ae4b158e","2013","e48e4da6-8be0-41dc-a6c2-66ddfe5ef783","Colonial land revenue systems (Permanent Settlement, Ryotwari, Mahalwari), commercialization of agriculture, and economic drain theory","","","verified","Clean sweep + spot-check sample confirmed sound - bulk pass 2026-08-26"
"tag","79297153-5e6f-4b09-9085-33c201a9c7ea","2013","e586510e-b291-4d77-8981-c9f92a1ab815","'Health for All' target vs structural health-infrastructure gaps; rising out-of-pocket health expenditure; commercialization of healthcare v","","","verified","Clean sweep + spot-check sample confirmed sound - bulk pass 2026-08-26"
"tag","e4ed1095-0cfa-4e23-8eaa-4c86bd94433f","2013","e5a48674-f4fb-436d-8ba3-39bdbc39f5dd","Nuclear energy: reaction types, civil/military applications, fuel cycle and centrifugation, reactor types, India's nuclear policy, radioacti","","spot_check","verified","Clean sweep + spot-check sample confirmed sound - bulk pass 2026-08-26"
"tag","4d5dc205-2755-400d-bfb4-4ba38684c795","2013","e69efc40-8e74-4921-9228-3c22cd90b943","Inter-war years (1919-1939): the Great Depression, rise of Fascism in Italy, rise of Nazism in Germany, and the Soviet Union (USSR)","","","verified","Clean sweep + spot-check sample confirmed sound - bulk pass 2026-08-26"
"tag","bdf2c690-3ffe-464a-9a9a-21adc75135d1","2013","e7a92242-5450-45ef-89dc-d3b2397e5e7e","European trading companies' rivalry, the Carnatic Wars, and the Battle of Plassey (1757) as 'a great betrayal' rather than a great battle","","","verified","Clean sweep + spot-check sample confirmed sound - bulk pass 2026-08-26"
"tag","8fb238de-c6f9-49a3-b3bb-970f472fe5a4","2013","e957f7b7-aa14-4051-898d-e2bd98925f4f","Constitutional Bodies: appointment transparency (CEC/EC selection process, CAG appointment/functions/powers), tenure security, and functiona","","","verified","Clean sweep + spot-check sample confirmed sound - bulk pass 2026-08-26"
"tag","4be415ed-5981-4b59-b72b-33ca200dbeea","2013","eda9628d-27c4-44c3-88f7-0477d52b41fd","Continental Drift Theory (Wegener), Pangea/Panthalassa, Laurasia/Gondwanaland, supporting evidence (jigsaw fit, rock ages, tillite, placer d","","","verified","Clean sweep + spot-check sample confirmed sound - bulk pass 2026-08-26"
"tag","4ed36ec2-f9b1-4422-aa2c-d94ea2e1517f","2013","f23ed3c3-13b4-40cd-9bff-1e8904524068","Caste system: structural resilience as a barrier to social mobility, and its adaptation to modernization/secularization","","","verified","Clean sweep + spot-check sample confirmed sound - bulk pass 2026-08-26"
"tag","b5e605e5-4432-4768-a6e5-0c41a7f19af5","2013","f25643d9-50b9-411e-b57b-f7ee52bd843b","Landslide vulnerability of the Western Ghats and Himalayas: causes and mitigation strategies; institutional setups for chemical/industrial d","","","verified","Clean sweep + spot-check sample confirmed sound - bulk pass 2026-08-26"
"tag","7bdbd8bc-0f8b-4954-a66f-299fcff95672","2013","f25643d9-50b9-411e-b57b-f7ee52bd843b","Landslide vulnerability of the Western Ghats and Himalayas: causes and mitigation strategies; institutional setups for chemical/industrial d","","","verified","Clean sweep + spot-check sample confirmed sound - bulk pass 2026-08-26"
"tag","958c64af-0a27-442b-86f2-5ced8fd5d429","2013","f9a1a286-8d52-4e4a-90b9-1787bc9a221b","Case studies: crisis & resource-allocation dilemmas: drought-relief tanker capture by a 'tanker mafia', disaster resource-allocation triage ","","","verified","Clean sweep + spot-check sample confirmed sound - bulk pass 2026-08-26"
"tag","4b8fdb3b-59f6-4768-b16c-fcfad826c199","2013","fb2ac120-869c-4f06-a14c-f2fc64c1485c","Industrial localization parameters: distribution factors for iron-steel and cotton-textile industries in India, and why petroleum refineries","","","verified","Clean sweep + spot-check sample confirmed sound - bulk pass 2026-08-26"
"tag","7bfa3e4c-47de-412d-ab76-3327583ba808","2013","fd32212d-1290-49c5-a12c-e750d0345354","Technology & AI ethics (case studies): drone ethics, AI ethics (in healthcare, creativity, human rights), technological ethics (facial recog","","","verified","Clean sweep + spot-check sample confirmed sound - bulk pass 2026-08-26"
"tag","6308f8ad-4d7e-4679-9b71-7e937fb40ca9","2013","fd4be87b-b725-45b9-b6f1-aef0037001f7","Elections in India: salient features of the Representation of People Acts 1950/1951, electoral reforms, criminalization of politics, negativ","","","verified","Clean sweep + spot-check sample confirmed sound - bulk pass 2026-08-26"
"question","30532efb-8384-4fa4-b677-04bf05dc4e9c","2014","1","To what extent has the urban planning and culture of the Indus Valley Civilization provided inputs to the present day urbanization? Discuss.","","spot_check","verified","Clean sweep + spot-check sample confirmed sound - bulk pass 2026-08-26"
"question","03941060-6195-473f-9a89-ce74facac0cb","2014","2","Gandhara sculpture owed as much to the Romans as to the Greeks. Explain.","","","verified","Clean sweep + spot-check sample confirmed sound - bulk pass 2026-08-26"
"question","7439d906-e0fd-4533-92f2-85ac37ce77cf","2014","3","Taxila university was one of the oldest universities of the world with which were associated a number of renowned learned personalities of d","","","verified","Clean sweep + spot-check sample confirmed sound - bulk pass 2026-08-26"
"question","44061dcc-08ef-446e-bdfd-1be0fcf15755","2014","4","The third battle of Panipat was fought in 1761. Why were so many empire-shaking battles fought at Panipat?","","","verified","Clean sweep + spot-check sample confirmed sound - bulk pass 2026-08-26"
"question","40c7abae-da4d-4d1b-957a-13d61127a0f2","2014","5","Sufis and Saint movements failed to modify either the religious ideas and practices or the outward structure of Hindu / Muslim societies to ","","","verified","Clean sweep + spot-check sample confirmed sound - bulk pass 2026-08-26"
"question","66d7e7a2-d56d-491a-8292-bf9fdfa73381","2014","6","Examine critically the various facets of economic policies of the British East India Company from mid-eighteenth century till a century late","","","verified","Clean sweep + spot-check sample confirmed sound - bulk pass 2026-08-26"
"question","7b2a94b2-4727-4f00-92ad-f5bf515344b3","2014","7","In what ways did the naval mutiny of 1946 prove to be the last nail in the coffin of British colonial rule in India?","","","verified","Clean sweep + spot-check sample confirmed sound - bulk pass 2026-08-26"
"question","c4ee59ed-ce9c-43b5-b584-48bd36c5abbc","2014","8","What were the major political, economic and social forces that led to the French Revolution? Analyze.","","","verified","Clean sweep + spot-check sample confirmed sound - bulk pass 2026-08-26"
"question","14985438-91ca-4c2c-860e-4d13f40c7fbb","2014","9","Discuss the consequences of the two World Wars on the geopolitical balance of power across the globe.","","","verified","Clean sweep + spot-check sample confirmed sound - bulk pass 2026-08-26"
"question","4c12aa04-d40a-4488-a69e-75b0d017c86b","2014","10","How does the concept of 'Secularism' in India differ from the Western model of secularism?","","","verified","Clean sweep + spot-check sample confirmed sound - bulk pass 2026-08-26"
"question","75403514-a52a-4dd3-a0c4-956ba7fd357b","2014","11","Analyse the causes and spatial distribution of communal violence in post-independence India.","","","verified","Clean sweep + spot-check sample confirmed sound - bulk pass 2026-08-26"
"question","3d68e695-2fa8-451b-9026-c779e1d0aa33","2014","12","What are the structural constraints in achieving women empowerment in rural India? Suggest realistic measures.","","spot_check","verified","Clean sweep + spot-check sample confirmed sound - bulk pass 2026-08-26"
"question","936e03f9-d9e2-4a7b-9e81-27ec4f539bb9","2014","13","Explain how globalization is affecting the multi-lingual profile of Indian society.","","","verified","Clean sweep + spot-check sample confirmed sound - bulk pass 2026-08-26"
"question","8fd7378e-a29d-4ccc-85e3-4a3370025c56","2014","14","Describe the factors controlling the distribution of global temperature and explain the anomalies associated with it.","","","verified","Clean sweep + spot-check sample confirmed sound - bulk pass 2026-08-26"
"question","a8e41d09-6c8a-4dc0-bd15-f7f2b34daed8","2014","15","What are the major oceanic currents of the Atlantic Ocean? Discuss their influence on the regional climates of coastal areas.","","","verified","Clean sweep + spot-check sample confirmed sound - bulk pass 2026-08-26"
"question","0aca134f-13de-43e7-930a-fd68ed0257ff","2014","16","Discuss the reasons for the high concentration of shifting cultivation practices among the tribal populations of North-East India.","","","verified","Clean sweep + spot-check sample confirmed sound - bulk pass 2026-08-26"
"question","33d048b4-2818-4352-96e0-9a66c4bf8178","2014","17","Examine the potential of renewable energy resources in India with special reference to solar and wind energy locations.","","","verified","Clean sweep + spot-check sample confirmed sound - bulk pass 2026-08-26"
"question","333b0be5-63fb-4d53-be16-757828f6f352","2014","18","What is the global significance of the resource potential of the Arctic region? Highlight the geopolitical conflicts arising out of it.","","","verified","Clean sweep + spot-check sample confirmed sound - bulk pass 2026-08-26"
"question","d0001f48-bdd4-4b4c-b90c-38de9f762930","2014","19","Explain the origin and features of the earthquake zones in India. Why are some regions more vulnerable than others?","","","verified","Clean sweep + spot-check sample confirmed sound - bulk pass 2026-08-26"
"question","f102fa08-1045-4756-b5d0-06901e2ea404","2014","20","How do tectonic plates movements explain the formation of major mountain systems of the world? Elaborate with examples.","","","verified","Clean sweep + spot-check sample confirmed sound - bulk pass 2026-08-26"
"question","bb72edfa-edba-4f65-8782-aa90a61b7b1e","2014","21","Starting from inventing the 'basic structure' doctrine, the judiciary has played a highly proactive role in ensuring that the Constitution r","","","verified","Clean sweep + spot-check sample confirmed sound - bulk pass 2026-08-26"
"question","0aae37e2-4e62-4f56-b4fa-c67043e81316","2014","22","Analyze the nature of federal tensions between the Center and States in India regarding the deployment of Central Armed Police Forces (CAPF)","","","verified","Clean sweep + spot-check sample confirmed sound - bulk pass 2026-08-26"
"question","451fcaaf-cb2f-4542-850f-18f0c37a6d8f","2014","23","The financial autonomy of local bodies is crucial for their effective functioning. Examine the bottlenecks in resource mobilization by PRIs.","","spot_check","verified","Clean sweep + spot-check sample confirmed sound - bulk pass 2026-08-26"
"question","25a284c4-7865-4f8a-bee7-5eec65f5d09b","2014","24","Examine the role and power of the National Commission for Scheduled Castes (NCSC) in protecting the rights of Dalits.","","","verified","Clean sweep + spot-check sample confirmed sound - bulk pass 2026-08-26"
"question","a4054330-6e19-48b3-abf6-12d9e8be5b3d","2014","25","Discuss the institutional mechanism for dispute resolution between States over inter-state river waters under the Indian Constitution.","","","verified","Clean sweep + spot-check sample confirmed sound - bulk pass 2026-08-26"
"question","a13c0715-3de8-4395-8431-8a1b1b609363","2014","26","What is e-governance? Explain how the implementation of the National e-Governance Plan (NeGP) has transformed rural administration.","","","verified","Clean sweep + spot-check sample confirmed sound - bulk pass 2026-08-26"
"question","05478f3c-d834-44e5-8792-8fa1c1524690","2014","27","Evaluate the performance of the MGNREGA scheme in reducing rural distress and preventing distress migration.","","","verified","Clean sweep + spot-check sample confirmed sound - bulk pass 2026-08-26"
"question","a6682ad9-607a-4843-bd0d-f508ecf6f2b9","2014","28","The policy of reservations in higher educational institutions needs a objective review to evaluate its actual outcomes. Comment.","","","verified","Clean sweep + spot-check sample confirmed sound - bulk pass 2026-08-26"
"question","152ba856-c550-43c2-ad9c-ce9e26b0b7f0","2014","29","Discuss the strategic and economic significance of India's participation in the Shanghai Cooperation Organization (SCO).","","","verified","Clean sweep + spot-check sample confirmed sound - bulk pass 2026-08-26"
"question","4bafe46b-0ecb-41b7-a2de-e805f065317c","2014","30","Explain the structure and main operations of the World Health Organization (WHO) in addressing global pandemics.","","","verified","Clean sweep + spot-check sample confirmed sound - bulk pass 2026-08-26"
"question","b72ea7b6-05d6-40d0-9654-0a5031fd8b82","2014","31","The power of judicial activism can sometimes turn into judicial overreach. Discuss with reference to recent examples in India.","","","verified","Clean sweep + spot-check sample confirmed sound - bulk pass 2026-08-26"
"question","d51d5731-220b-41d3-b653-00a1e01d72f3","2014","32","Examine the office of the Prime Minister as the pivot of the Cabinet system in the light of coalition governance experiences.","","","verified","Clean sweep + spot-check sample confirmed sound - bulk pass 2026-08-26"
"question","e9fc3fcf-2079-40ec-9667-6349b16b95ce","2014","33","Discuss the constitutional provisions governing the amendment process of the Indian Constitution. Is the process too rigid or too flexible?","","spot_check","verified","Clean sweep + spot-check sample confirmed sound - bulk pass 2026-08-26"
"question","9a560eef-08d2-4773-94ce-5dc330e6d364","2014","34","Analyze the role of pressure groups in Indian politics and explain how they differ from registered political parties.","","","verified","Clean sweep + spot-check sample confirmed sound - bulk pass 2026-08-26"
"question","0465c986-cd4d-421d-92b1-73c1d873d6fb","2014","35","What are the structural drawbacks of the civil services accountability mechanisms in India? Suggest strategies for administrative reforms.","","","verified","Clean sweep + spot-check sample confirmed sound - bulk pass 2026-08-26"
"question","579c8f44-ab35-4934-8a68-a5a013241af1","2014","36","Evaluate the implementation challenges of the National Food Security Act (NFSA) 2013 across different states.","","","verified","Clean sweep + spot-check sample confirmed sound - bulk pass 2026-08-26"
"question","687c45b2-4858-420a-b8fe-8f33a83530f1","2014","37","The protection of consumers' rights is weak due to institutional lacunae in enforcement mechanism. Evaluate the role of Consumer Courts.","","","verified","Clean sweep + spot-check sample confirmed sound - bulk pass 2026-08-26"
"question","f2db0db8-c0ec-40ba-ae13-4e39870a8c7a","2014","38","Analyze the strategic implications of China's 'Belt and Road Initiative' (BRI) on India's national security and sovereignty.","","","verified","Clean sweep + spot-check sample confirmed sound - bulk pass 2026-08-26"
"question","9a10d581-832e-41f0-a8aa-cdc2a3e3c046","2014","39","Discuss India's contribution to United Nations Peacekeeping Operations (UNPKO) and its role in global conflict resolution.","","","verified","Clean sweep + spot-check sample confirmed sound - bulk pass 2026-08-26"
"question","c00379fa-63c0-4a2e-b009-b9473d1e1817","2014","40","Examine the role of the World Trade Organization (WTO) Ministerial Conferences in addressing the agricultural subsidy issues of developing e","","","verified","Clean sweep + spot-check sample confirmed sound - bulk pass 2026-08-26"
"question","96de6ad3-a008-4c76-af97-86929377fa78","2014","41","""While economic growth has accelerated in India, employment generation has slowed down significantly."" Discuss.","","","verified","Clean sweep + spot-check sample confirmed sound - bulk pass 2026-08-26"
"question","fb6e99bc-3d6b-4ef0-8383-e1acb26d2d8c","2014","42","Explain the concept of 'inclusive growth' and highlight the major structural challenges in its realization in India.","","","verified","Clean sweep + spot-check sample confirmed sound - bulk pass 2026-08-26"
"question","f6cc642b-fc8e-466f-992e-025708fbccbf","2014","43","What are the major reasons for the high volatility in vegetable prices in India? Suggest long-term cold-chain solutions.","","","verified","Clean sweep + spot-check sample confirmed sound - bulk pass 2026-08-26"
"question","2a23ab9a-1438-432b-87c3-89459d1234c9","2014","44","Discuss the role of Minimum Support Price (MSP) in ensuring food security and its impact on the cropping pattern in India.","","spot_check","verified","Clean sweep + spot-check sample confirmed sound - bulk pass 2026-08-26"
"question","e30003a0-f207-45f8-afd7-54f6ad8c869f","2014","45","What are the primary constraints hindering the growth of the food processing industry in India? How can the Mega Food Parks scheme resolve t","","","verified","Clean sweep + spot-check sample confirmed sound - bulk pass 2026-08-26"
"question","f264af20-dd58-49ad-86af-d52e38dc873b","2014","46","Explain the significance of the Navigation with Indian Constellation (NavIC) system. How does it benefit civilian applications?","","","verified","Clean sweep + spot-check sample confirmed sound - bulk pass 2026-08-26"
"question","94a50064-e6cf-4750-beff-044de9c94409","2014","47","What are Intellectual Property Rights (IPR)? Discuss the friction areas between India's IPR policy and international patent standards.","","","verified","Clean sweep + spot-check sample confirmed sound - bulk pass 2026-08-26"
"question","0801b84b-9d8f-4a25-ae08-3275d4cd3021","2014","48","Discuss the phenomenon of 'cloudbursts' with special reference to mountain ecosystem vulnerabilities in India.","","","verified","Clean sweep + spot-check sample confirmed sound - bulk pass 2026-08-26"
"question","257c3720-81d5-4547-9d2e-1f8ee8974dc5","2014","49","Analyze the links between illegal migration and security challenges along India's eastern international border.","","","verified","Clean sweep + spot-check sample confirmed sound - bulk pass 2026-08-26"
"question","cab4e4d4-6ea1-4230-9f23-7864b5f3ca78","2014","50","What is cyber warfare? Discuss the steps required to augment India's national cyber security defense architectures.","","","verified","Clean sweep + spot-check sample confirmed sound - bulk pass 2026-08-26"
"question","d4bdb4ab-0fb4-473b-9237-11986a4a2ad3","2014","51","Account for the structural transformation of India's GDP from agriculture to services without a substantial manufacturing base. What are its","","","verified","Clean sweep + spot-check sample confirmed sound - bulk pass 2026-08-26"
"question","b28dd13e-99c5-4c76-b6f5-522754bfb05f","2014","52","Examine the effectiveness of the Fiscal Responsibility and Budget Management (FRBM) Act, 2003 in maintaining macroeconomic stability.","","","verified","Clean sweep + spot-check sample confirmed sound - bulk pass 2026-08-26"
"question","29abdea9-2e5a-4a45-b75a-783e7425705c","2014","53","Discuss the major challenges associated with land reforms in India since independence. Why has land records digitization lagged behind?","","","verified","Clean sweep + spot-check sample confirmed sound - bulk pass 2026-08-26"
"question","597c98f1-9a92-4f63-9b2b-c4f9fd41b40f","2014","54","Explain the mechanism of the Public Distribution System (PDS) and analyze the reforms required to eliminate leakages in food distribution cy","","","verified","Clean sweep + spot-check sample confirmed sound - bulk pass 2026-08-26"
"question","a8446685-465d-4313-9658-d6a459f04113","2014","55","Give a detailed account of India's progress in renewable energy expansion. Highlight the grid-integration challenges of solar power plants.","","spot_check","verified","Clean sweep + spot-check sample confirmed sound - bulk pass 2026-08-26"
"question","32f8752e-27bc-41f7-ac3e-d6bbf7821b72","2014","56","What is nanotechnology? Discuss its potential applications in healthcare diagnostics and precision agricultural systems.","","","verified","Clean sweep + spot-check sample confirmed sound - bulk pass 2026-08-26"
"question","920e8b2b-3855-401a-b3a2-1e4f8f6527ed","2014","57","The coastal ecosystems of India are increasingly exposed to oceanic pollution and oil spills. Discuss the long-term ecological risks.","","","verified","Clean sweep + spot-check sample confirmed sound - bulk pass 2026-08-26"
"question","ac1d9fc9-6fef-4883-a78e-3074a09e34ae","2014","58","Analyze the National Disaster Management Guidelines for earthquake risk reduction. Highlight the gaps in their institutional enforcement.","","","verified","Clean sweep + spot-check sample confirmed sound - bulk pass 2026-08-26"
"question","9aa44ae5-0233-4bab-9f2a-676593abe45c","2014","59","Money laundering acts as a lifeline for organized criminal networks and cross-border terrorism. Examine the provisions of PMLA, 2002.","","","verified","Clean sweep + spot-check sample confirmed sound - bulk pass 2026-08-26"
"question","b41cdbbc-56fa-4d14-b16e-ddc3031e4815","2014","60","The nexus between left-wing extremism and illegal mining inside forest tracts complicates internal security. Discuss the containment matrix.","","","verified","Clean sweep + spot-check sample confirmed sound - bulk pass 2026-08-26"
"question","59c28740-92a2-404a-972c-803952f9247d","2014","61","All human beings aspire for happiness. What does happiness mean to you? Explain its linkage with ethical living.","","","verified","Clean sweep + spot-check sample confirmed sound - bulk pass 2026-08-26"
"question","925a3908-25e1-443e-87cb-e3d66a4bacf9","2014","62","What do you understand by the terms 'integrity' and 'aptitude'? Can an administrator succeed with aptitude alone without integrity? Argue.","","","verified","Clean sweep + spot-check sample confirmed sound - bulk pass 2026-08-26"
"question","9855d96b-263c-46be-b69c-8a72e5b7304d","2014","63","Discuss the views of Immanuel Kant on duty and categorical imperative. How is it applicable to public service?","","","verified","Clean sweep + spot-check sample confirmed sound - bulk pass 2026-08-26"
"question","3142db24-6508-42cc-9e0b-a1767045f1df","2014","64","Define empathy and compassion. How do these values differentiate a pro-poor administrator from a status-quoist one?","","","verified","Clean sweep + spot-check sample confirmed sound - bulk pass 2026-08-26"
"question","c685bffd-a3ce-4023-9231-9df2ae4b2b3d","2014","65","""An independent and strong judiciary is essential for safeguarding individual liberties, but judicial overreach threatens democratic balance","","spot_check","verified","Clean sweep + spot-check sample confirmed sound - bulk pass 2026-08-26"
"question","07ac8c1f-5876-43b2-9791-bfcdf6c0183f","2014","66","What is Citizen's Charter? Discuss its utility and limitations in ensuring time-bound public service delivery.","","","verified","Clean sweep + spot-check sample confirmed sound - bulk pass 2026-08-26"
"question","1e16ac2d-04d6-4419-ba5f-f9fcaed8d56c","2014","67","Analyze the role of family in inculcating foundational moral values during childhood. Provide examples.","","","verified","Clean sweep + spot-check sample confirmed sound - bulk pass 2026-08-26"
"question","17749ba9-3b06-4f4b-ba8e-454348229d96","2014","68","What is the importance of 'neutrality' and 'non-partisanship' in civil services? Explain the consequences of political alignment of bureaucr","","","verified","Clean sweep + spot-check sample confirmed sound - bulk pass 2026-08-26"
"question","e32f93e1-c9a1-4b7e-aaad-a02277cd7d75","2014","69","""The true measure of a society is how it treats its most vulnerable members."" - Mahatma Gandhi. Discuss the ethical rationale of affirmative","","","verified","Clean sweep + spot-check sample confirmed sound - bulk pass 2026-08-26"
"question","fa58ab13-0ef0-4507-86a6-74b1e02b8f1c","2014","70","""Honesty is the first chapter in the book of wisdom."" - Thomas Jefferson. How does intellectual honesty differ from functional honesty?","","","verified","Clean sweep + spot-check sample confirmed sound - bulk pass 2026-08-26"
"question","30cddcdf-4097-4417-8e1a-98eb38b7fe10","2014","71","Discuss the ethical issues involved in the commercialization of healthcare services in India. Suggest remedies.","","","verified","Clean sweep + spot-check sample confirmed sound - bulk pass 2026-08-26"
"question","a32b8ff0-e8f7-4eda-8140-edf3f812d5e0","2014","72","Public verification and declaration of assets by politicians and senior bureaucrats has improved governance. Evaluate.","","","verified","Clean sweep + spot-check sample confirmed sound - bulk pass 2026-08-26"
"question","93a92483-cce5-44f2-a100-f3734291c146","2014","73","Supposing you are the Officer-in-Charge of a central procurement department which has invited global tenders for a highly advanced radar def","","","verified","Clean sweep + spot-check sample confirmed sound - bulk pass 2026-08-26"
"question","e60b3a56-6b11-4359-a20c-ec2d6ab451dd","2014","74","You are a senior administrative officer posted as the Commissioner of a Municipal Corporation in a major metropolitan city. The city has see","","","verified","Clean sweep + spot-check sample confirmed sound - bulk pass 2026-08-26"
"question","5901ae2a-4c0b-4090-a2b9-72f4f84c128c","2014","75","You are heading a central government task force designed to evaluate and streamline the implementation of a flagship national rural employme","","","verified","Clean sweep + spot-check sample confirmed sound - bulk pass 2026-08-26"
"question","b849b8bb-941b-42d4-80c1-c7cd68af0ecf","2014","76","You are a senior officer in the Ministry of Environment and Forests. A public sector power infrastructure company has applied for clearance ","","spot_check","verified","Clean sweep + spot-check sample confirmed sound - bulk pass 2026-08-26"
"question","71c63b12-997a-4351-9c5b-afac7103a4be","2014","77","You are a dynamic young doctor who has recently been appointed as the Medical Superintendent of a large, state-run government hospital in a ","","","verified","Clean sweep + spot-check sample confirmed sound - bulk pass 2026-08-26"
"question","9c005b9c-30e9-4742-90d7-15f90f3e0c66","2014","78","You are a senior officer working in the national drug regulatory authority. A highly reputable domestic pharmaceutical company has developed","","","verified","Clean sweep + spot-check sample confirmed sound - bulk pass 2026-08-26"
"question","5abddce1-ce18-49f0-892b-4452d1b16785","2014","79","With great power comes great responsibility.","","","verified","Clean sweep + spot-check sample confirmed sound - bulk pass 2026-08-26"
"question","e7e05765-6bfe-4ff8-bc0c-1457418f313e","2014","80","With the rise of competition, youth is losing its creativity.","","","verified","Clean sweep + spot-check sample confirmed sound - bulk pass 2026-08-26"
"question","67f0ebfb-58d9-444d-9639-9bedd8969f93","2014","81","Can standardization tests measure performance of students?","","","verified","Clean sweep + spot-check sample confirmed sound - bulk pass 2026-08-26"
"question","b13812cf-a1ff-4326-b5f7-447c1d50c44f","2014","82","Words are sharper than a two-edged sword.","","","verified","Clean sweep + spot-check sample confirmed sound - bulk pass 2026-08-26"
"question","81ca129a-12dc-46a0-bef0-d05904a57815","2014","83","Was it policy paralysis or a poor implementation of law that led to low economic growth?","","","verified","Clean sweep + spot-check sample confirmed sound - bulk pass 2026-08-26"
"question","dde162af-c895-449f-97f5-aa5cf1ff9d2c","2014","84","Sting operation: An invasion of privacy?","","","verified","Clean sweep + spot-check sample confirmed sound - bulk pass 2026-08-26"
"question","4025a6a8-f051-413f-9a6e-a7e87f75c524","2014","85","Can India win 50 medals in the Olympics?","","","verified","Clean sweep + spot-check sample confirmed sound - bulk pass 2026-08-26"
"question","253e08b7-e7d1-46b2-8c27-6ce5a269bdc8","2014","86","Tourism: Can it be the next big thing for India?","","","verified","Clean sweep + spot-check sample confirmed sound - bulk pass 2026-08-26"
"tag","2753cf81-332a-43c5-8d24-ce794c856316","2014","028918a2-4769-4d8c-9dab-1e42fcb46b1c","French Revolution: causes, course, France under Napoleon, impact and significance for the modern world","","spot_check","verified","Clean sweep + spot-check sample confirmed sound - bulk pass 2026-08-26"
"tag","9fefa224-62cb-46fc-a60f-499fd022c448","2014","049901d3-a4a5-41ea-a138-c0eec3f3d0c3","Case studies: public-safety & procurement dilemmas under pressure: infrastructure-safety cover-up under election-timeline pressure, defence-","","","verified","Clean sweep + spot-check sample confirmed sound - bulk pass 2026-08-26"
"tag","efa5e5e3-d05f-4a0e-9270-5a134d98e34f","2014","049901d3-a4a5-41ea-a138-c0eec3f3d0c3","Case studies: public-safety & procurement dilemmas under pressure: infrastructure-safety cover-up under election-timeline pressure, defence-","","","verified","Clean sweep + spot-check sample confirmed sound - bulk pass 2026-08-26"
"tag","d4a7265d-ab59-4e1f-adf7-052e808de81e","2014","12162135-681a-4e58-87f3-31cf403b3cfb","Pressure groups and formal/informal associations: types, significance, distinction from political parties, politicisation of pressure groups","","","verified","Clean sweep + spot-check sample confirmed sound - bulk pass 2026-08-26"
"tag","4c844476-73db-4a31-b64a-9dc5d351dc6d","2014","186b4138-a368-4b50-a566-2febb1d463e2","Components of a Citizen's Charter and steps in its formulation; concept of work culture, the Indian approach to work, methods of improving w","","","verified","Clean sweep + spot-check sample confirmed sound - bulk pass 2026-08-26"
"tag","b4657f33-9124-48d1-b372-f546c8823f7b","2014","1f074352-90a9-460f-9ec8-dcf193c6198b","Effects of globalization on Indian society: kinds of impact (economic, political, developmental, socio-cultural) and whether the impact is s","","","verified","Clean sweep + spot-check sample confirmed sound - bulk pass 2026-08-26"
"tag","8c39f9cf-d329-4844-9381-314319bbeb0c","2014","210b47e0-e809-475c-bd31-9072fae5ada6","Earthquakes: types, causes, effects, frequency, epicentre location, global distribution, and observatories","","","verified","Clean sweep + spot-check sample confirmed sound - bulk pass 2026-08-26"
"tag","3900c890-1139-465e-b030-e17c402cead1","2014","243bf6ae-b278-4d32-8111-1223941a25bc","Various security forces and their mandate: Assam Rifles, BSF, ITBP, CISF, CRPF, NSG, integrated theatre commands, National Maritime Security","","","verified","Clean sweep + spot-check sample confirmed sound - bulk pass 2026-08-26"
"tag","92018873-3b0f-4c89-be98-a0283673259e","2014","2872c823-a067-4f07-98a6-2cafca7bc16c","Governance, infrastructure & consumer welfare: vehicle scrappage, right to repair, land-records modernization, ULB capacity building, consum","","","verified","Clean sweep + spot-check sample confirmed sound - bulk pass 2026-08-26"
"tag","89653a8f-cc85-44a1-ba07-fda0b8c2f0dc","2014","2c26a666-8e16-46a5-9362-547604b3556e","Bhakti and Sufi movements: reach across age/gender/religious barriers; Sri Chaitanya's re-orientation; Vaishnava Acharyas' metaphysical foun","","","verified","Clean sweep + spot-check sample confirmed sound - bulk pass 2026-08-26"
"tag","c4d25e48-3ec5-47bf-a2ee-5aa455eb13fd","2014","301095c0-baea-4fd3-963e-1de5fed159e6","Disaster management, preparedness and mitigation: community-based management, government initiatives, National Disaster Management Act 2005,","","spot_check","verified","Clean sweep + spot-check sample confirmed sound - bulk pass 2026-08-26"
"tag","9ff6b8bf-57af-4838-b207-c78ada8987cb","2014","3162e4b3-2e3b-4032-9aae-fd72895470f2","Poverty and hunger: definitional debates across committees, poverty data, causes, urban vs rural vs feminized poverty, poverty-alleviation m","","","verified","Clean sweep + spot-check sample confirmed sound - bulk pass 2026-08-26"
"tag","4dadf9b6-4ba2-4331-a3d5-5368a85845a6","2014","35fbd86b-e1cf-4c28-b0d9-ac22e4a5a7dc","Climatology: atmospheric composition and structure (exosphere to troposphere), insolation and heat balance, temperature distribution and inv","","","verified","Clean sweep + spot-check sample confirmed sound - bulk pass 2026-08-26"
"tag","85a18e1a-324c-44f9-a621-f09b9a579d1b","2014","40dbd68f-420d-4f75-85cc-fa5107f64783","Empathy and compassion as values distinguishing a pro-poor administrator from a status-quoist one; consequences of political alignment by bu","","","verified","Clean sweep + spot-check sample confirmed sound - bulk pass 2026-08-26"
"tag","fb557c0d-8db1-4b49-a058-d133ed9b0c8a","2014","40dbd68f-420d-4f75-85cc-fa5107f64783","Empathy and compassion as values distinguishing a pro-poor administrator from a status-quoist one; consequences of political alignment by bu","","","verified","Clean sweep + spot-check sample confirmed sound - bulk pass 2026-08-26"
"tag","c990950d-be94-41d9-9544-ba8d697be677","2014","41ad5c1f-7129-4d6e-b241-5c67f84cfb99","Frequently cited quotation-anchors for ethics answer-writing: Gandhi's 'Seven Sins' and 'the weak can never forgive'; Socrates' 'an unexamin","","","verified","Clean sweep + spot-check sample confirmed sound - bulk pass 2026-08-26"
"tag","1ce9d948-30d8-4900-b625-f0561f3611ee","2014","41ad5c1f-7129-4d6e-b241-5c67f84cfb99","Frequently cited quotation-anchors for ethics answer-writing: Gandhi's 'Seven Sins' and 'the weak can never forgive'; Socrates' 'an unexamin","","","verified","Clean sweep + spot-check sample confirmed sound - bulk pass 2026-08-26"
"tag","34f611f0-34c2-47a4-9408-bd9cfde11b0e","2014","46decb7a-a9bb-4819-b8d9-0f2ec973bd38","Major powers: Russia (strategic cooperation, Russia-China impact on India), China (economic relations, water disputes, String of Pearls, Mar","","","verified","Clean sweep + spot-check sample confirmed sound - bulk pass 2026-08-26"
"tag","ea813022-1267-4e06-92a3-27a8588d9b92","2014","46e69d27-cd73-4302-ab40-a6be2ec9d86c","Inclusive growth: meaning and concept of inclusion, India's inclusion experience, social-sector initiatives, ground reality of flagship sche","","","verified","Clean sweep + spot-check sample confirmed sound - bulk pass 2026-08-26"
"tag","e97ba9a5-cf82-481a-83cd-a40e8a7954f4","2014","4ae26f49-1b68-4366-b3a3-becbe93c9abb","Case studies: development vs displacement/environment trade-offs: environmental clearance vs displacement/pollution trade-offs, court-ordere","","","verified","Clean sweep + spot-check sample confirmed sound - bulk pass 2026-08-26"
"tag","9f7849f8-c725-4092-a542-c5e1e948edf2","2014","4ae26f49-1b68-4366-b3a3-becbe93c9abb","Case studies: development vs displacement/environment trade-offs: environmental clearance vs displacement/pollution trade-offs, court-ordere","","spot_check","verified","Clean sweep + spot-check sample confirmed sound - bulk pass 2026-08-26"
"tag","ca425847-4eca-4fd4-9a2f-f9fd09059e9a","2014","4c421999-dc39-4388-b697-f106d0ac402f","The 1946 Naval Mutiny as 'the last nail in the coffin' of colonial rule","","","verified","Clean sweep + spot-check sample confirmed sound - bulk pass 2026-08-26"
"tag","63dc87a7-8452-48d5-aa54-93dc242ae214","2014","52469335-543a-4b28-9edc-580e52fcf648","Mid-18th century fragmented polity and the decline of the Mughal empire; Panipat as a recurring site of empire-shaking battles","","","verified","Clean sweep + spot-check sample confirmed sound - bulk pass 2026-08-26"
"tag","605e614c-e7c3-4ab4-824a-d02f13fb9208","2014","52e40a23-e68e-41c3-a134-e7454e10e7b2","Judicial independence as a democratic prerequisite, and where judicial overreach threatens democratic balance","","","verified","Clean sweep + spot-check sample confirmed sound - bulk pass 2026-08-26"
"tag","37707885-4604-453a-86c1-25d5109afef9","2014","55b8a5a7-5842-4572-a518-ab91a3841a16","Poverty, hunger and health governance: evaluation of schemes (MGNREGA, PM-POSHAN, Ayushman Bharat) and policies (NHP, NEP) against poverty/h","","","verified","Clean sweep + spot-check sample confirmed sound - bulk pass 2026-08-26"
"tag","05aec0bd-f0af-4ac7-8abc-6c2e8ae8972d","2014","591d0f76-0890-43fe-8595-05fba92819c7","Secularism: meaning, the Indian constitutional vantage point, comparison with the Western model, Gandhian view on religion, and threats to t","","","verified","Clean sweep + spot-check sample confirmed sound - bulk pass 2026-08-26"
"tag","59c13eb4-48fa-435f-8f58-a90d77e2f4db","2014","5b289bd3-2e90-4b04-80fd-5d9598524631","Amendment process: the Constitution's dynamic/'living document' nature (Article 368), Basic Structure Doctrine as a judicial 'safety valve',","","","verified","Clean sweep + spot-check sample confirmed sound - bulk pass 2026-08-26"
"tag","d7ab05b9-e9c2-44d1-bba4-f713621d9125","2014","5b289bd3-2e90-4b04-80fd-5d9598524631","Amendment process: the Constitution's dynamic/'living document' nature (Article 368), Basic Structure Doctrine as a judicial 'safety valve',","","","verified","Clean sweep + spot-check sample confirmed sound - bulk pass 2026-08-26"
"tag","2aa93f59-9dbe-4403-b64a-166fa70a50b6","2014","5b9d10c3-2e41-4dfb-858c-87fcc8003436","e-Governance: introduction, applications, models, successes/limitations/future prospects, dashboards/portals, democracy-and-e-governance lin","","","verified","Clean sweep + spot-check sample confirmed sound - bulk pass 2026-08-26"
"tag","d4768d85-b9f0-4276-a44e-27b871b692e7","2014","5edc03f7-4c97-489f-84e6-1addba136647","The National Commission for SCs (constitutional-reservation enforcement including in religious-minority institutions); Rights of Persons wit","","spot_check","verified","Clean sweep + spot-check sample confirmed sound - bulk pass 2026-08-26"
"tag","b4c8e68f-ab70-40f9-83f6-1b1214dd55b1","2014","607ade39-fb4a-48ed-ae8a-59a83804666a","Mineral and energy resources: metallic/non-metallic mineral types, distribution and mining regions, ferrous/non-ferrous metal production and","","","verified","Clean sweep + spot-check sample confirmed sound - bulk pass 2026-08-26"
"tag","7110ab3a-d43d-4582-82be-061322312616","2014","60dbf376-d7e5-4833-92de-a0bb8f24568d","Essence, determinants and consequences of ethics in human actions; approaches to ethical study (Indian vs Western perspectives); basic conce","","","verified","Clean sweep + spot-check sample confirmed sound - bulk pass 2026-08-26"
"tag","b0ab85cf-fbc6-4d9f-8dbd-7920465811ca","2014","61f632ee-31af-4e38-99fb-d1040785acd5","Linkage between development and extremism: Left-Wing Extremism's stated purpose, its resonance with common people, Covid-19's effect on Naxa","","","verified","Clean sweep + spot-check sample confirmed sound - bulk pass 2026-08-26"
"tag","8dbd381a-7116-49ec-8310-7711b45e924b","2014","62304d51-cb8d-475b-b0c4-2951d56d8505","Case studies: public-service integrity & corruption dilemmas: welfare-scheme 'ghost beneficiary' fraud amid caste sensitivities, law-enforce","","","verified","Clean sweep + spot-check sample confirmed sound - bulk pass 2026-08-26"
"tag","e0a3f1a6-2400-420c-b101-8ebf8dfd8e10","2014","668f065b-3b15-48ea-b637-e6a9da32bf2f","Can an administrator succeed on aptitude alone, without integrity? ??? the integrity-vs-competence debate; impartiality maintenance under po","","","verified","Clean sweep + spot-check sample confirmed sound - bulk pass 2026-08-26"
"tag","26fa4fe1-9789-4355-80c7-d8ddd3d1dc61","2014","7143e3e6-2be3-47d6-b717-8025a612c635","Communalism and social consolidation: secularism, causes and consequences of communalism, issue of linguistic minorities (operational ineffi","","","verified","Clean sweep + spot-check sample confirmed sound - bulk pass 2026-08-26"
"tag","9e69cf7b-d93d-4cc8-9f5f-cc7eb204be71","2014","72931a61-5f04-42c2-8713-3dd02d2530e5","Public Distribution System: objectives, functioning, limitations, revamping from universal to targeted PDS, cost-benefit analysis, buffer-st","","","verified","Clean sweep + spot-check sample confirmed sound - bulk pass 2026-08-26"
"tag","b551a1a1-5c16-4ca4-bfa7-b1d52cfa3720","2014","76558b71-03c7-4831-a443-e8cc4629059e","Marine & coastal ecosystem degradation: mangrove-ecosystem IUCN reports, Great Barrier Reef coral bleaching, Arctic Ocean marine heatwaves, ","","","verified","Clean sweep + spot-check sample confirmed sound - bulk pass 2026-08-26"
"tag","25021300-e456-4067-b87b-8852524a4f80","2014","7d6c2cf2-04cb-4794-b5f4-acd8434df0e2","Indus Valley Civilization: major cities and town-planning, internal/foreign trade, agriculture, domestication, crafts, weights and measures,","","","verified","Clean sweep + spot-check sample confirmed sound - bulk pass 2026-08-26"
"tag","283ab416-d9ea-470a-bdaf-6b075f247a4b","2014","7e671c9b-0ef6-4d86-98af-34912238f041","Money laundering and black money: meaning and harmful effects of money laundering, PMLA 2002 provisions as a check on organized crime/terror","","spot_check","verified","Clean sweep + spot-check sample confirmed sound - bulk pass 2026-08-26"
"tag","060992ab-9a70-4d9b-8e08-17415dd28154","2014","7fce5b51-7cc6-42a9-bfdc-52e9dafe946d","Resource geopolitics: Arctic ice-melt causes/consequences, Arctic resource-driven geopolitical conflict, and mineral resource base as determ","","","verified","Clean sweep + spot-check sample confirmed sound - bulk pass 2026-08-26"
"tag","e592fbaf-6a5c-488e-8be0-cc355ba4fbd5","2014","7fe26c02-6058-4722-96df-1d695713e41d","Global governance & multilateral institutions: minilateralism, International Health Regulations amendment, UN peacekeeping and India, ICC an","","","verified","Clean sweep + spot-check sample confirmed sound - bulk pass 2026-08-26"
"tag","211a46d7-5175-4e80-9959-0e1c983e390c","2014","8429938b-9911-4a70-b5ad-49e0eb336017","Oceanography: hydrological cycle, ocean floor relief (continental shelf/slope, deep sea plain, trenches, mid-oceanic ridges, seamounts, subm","","","verified","Clean sweep + spot-check sample confirmed sound - bulk pass 2026-08-26"
"tag","a65eb348-43d2-4656-9eb7-b8ccb7197588","2014","892e96d5-0de0-4f4f-ab26-bea3328a84c0","Vice-President and Prime Minister: office, functions, appointment, and role vis-a-vis Council of Ministers/President/Lok Sabha/political par","","","verified","Clean sweep + spot-check sample confirmed sound - bulk pass 2026-08-26"
"tag","d6cccc31-8b49-446b-8e08-68dc53e056a3","2014","89e5bc0f-be21-4bfc-a50e-9b96b4e3960e","Structural growth debates: savings rate/investment pattern/capital-output ratio as growth levers, manufacturing's limited capacity to absorb","","","verified","Clean sweep + spot-check sample confirmed sound - bulk pass 2026-08-26"
"tag","a5d1e0b2-3fe1-46ae-adb3-abd45a6af3de","2014","89e5bc0f-be21-4bfc-a50e-9b96b4e3960e","Structural growth debates: savings rate/investment pattern/capital-output ratio as growth levers, manufacturing's limited capacity to absorb","","","verified","Clean sweep + spot-check sample confirmed sound - bulk pass 2026-08-26"
"tag","51a840d9-2bb4-4b7b-a68b-9b86f30079da","2014","8b46bafd-4dd6-47df-a1b1-8fefe7f1ff7b","Role of women's organizations and SHGs in Indian history: types, level of penetration, problems faced, and the role of microfinance institut","","","verified","Clean sweep + spot-check sample confirmed sound - bulk pass 2026-08-26"
"tag","634f87c7-fbf8-4562-9560-072a684e70c1","2014","908b958d-0ffc-410c-aa31-0ca2f623ed88","Food processing and related industries: scope and significance, location, upstream/downstream requirements, supply-chain management, Mega Fo","","","verified","Clean sweep + spot-check sample confirmed sound - bulk pass 2026-08-26"
"tag","b36c46ec-c7ea-4a72-bcc3-46a109b06f6b","2014","974077d9-8ad9-46bb-8d6d-6291436c76c3","Global institutions: UN structure (UNGA, UNSC and India's candidacy, ECOSOC), ICJ, UN specialised agencies (FAO, ICAO, ILO, IMO, ITU, UNESCO","","","verified","Clean sweep + spot-check sample confirmed sound - bulk pass 2026-08-26"
"tag","17dc8eea-c09c-457a-b1b7-d7212a05544b","2014","995a17a5-b4a8-42aa-b692-eb7550d8c358","Cold-chain and price-volatility management: long-term cold-chain solutions for vegetable-price volatility; MSP's role in food security and c","","spot_check","verified","Clean sweep + spot-check sample confirmed sound - bulk pass 2026-08-26"
"tag","5a45f8f1-c080-4f29-a8f0-a7b7552c8b4c","2014","995a17a5-b4a8-42aa-b692-eb7550d8c358","Cold-chain and price-volatility management: long-term cold-chain solutions for vegetable-price volatility; MSP's role in food security and c","","","verified","Clean sweep + spot-check sample confirmed sound - bulk pass 2026-08-26"
"tag","47ebdeb0-2f8a-42fe-b5d1-0974bedce0d6","2014","9b3782ad-33ba-445e-a503-a41e05e01fd6","Plate tectonics: lithospheric plates (major/minor), plate boundary types (divergent/convergent/transform), rates and forces of plate movemen","","","verified","Clean sweep + spot-check sample confirmed sound - bulk pass 2026-08-26"
"tag","ffbc3d23-1dff-45be-9374-20c206f7e14e","2014","9bd20b7a-c1d9-47a4-9be8-992b9d023c5b","Land reforms: colonial-era ownership patterns (Zamindari, Ryotwari, Mahalwari), objectives and progress since Independence, ceiling-legislat","","","verified","Clean sweep + spot-check sample confirmed sound - bulk pass 2026-08-26"
"tag","70cb2697-1ffb-4253-b9e2-c688c950b7df","2014","9c509bfc-1f48-495e-9fdd-d30bad67fd54","Government budgeting: budget/Economic Survey terminology, types of budgets, outcome budgeting, railway-general budget merger, budgeting flaw","","","verified","Clean sweep + spot-check sample confirmed sound - bulk pass 2026-08-26"
"tag","d9662e25-c104-4332-bd24-ef619e49a890","2014","9e99f300-81e6-42e9-8acf-0061160feb6c","Role of civil services in a democracy: concept and need for civil services, law-making role (policy formulation/implementation/evaluation), ","","","verified","Clean sweep + spot-check sample confirmed sound - bulk pass 2026-08-26"
"tag","b4cc4207-22b6-4d80-a0b0-50ae49d47b4f","2014","a1983b76-2b14-4659-8a8b-0cc2f98c8b41","Water resources: underground/surface/inland/oceanic water resources, utilization patterns, water pollution, conservation techniques, river-i","","","verified","Clean sweep + spot-check sample confirmed sound - bulk pass 2026-08-26"
"tag","ac0599d0-c306-4d13-ab26-c1d199d15921","2014","a2c93b38-f280-4559-9e54-5a26dc6cb93c","Constitutional bodies: Election Commission, UPSC, State PSC, Finance Commission, GST Council, National Commission for SCs/STs, Special Offic","","","verified","Clean sweep + spot-check sample confirmed sound - bulk pass 2026-08-26"
"tag","4d0b5c66-1b0c-42b1-964d-40cbdeda2df9","2014","a4a8c1e1-108a-4040-8df0-ed5104f2a464","Western philosophers used as ethics-paper anchors: Plato, Aristotle, Socrates, Jeremy Bentham, J.S. Mill, Thomas Hobbes, John Locke, Jean-Ja","","","verified","Clean sweep + spot-check sample confirmed sound - bulk pass 2026-08-26"
"tag","7e6e177c-1a03-4d21-9eb8-c05ffab90409","2014","aed2b8f0-5d07-43b8-8d16-9d72b34efc31","Local government: 73rd/74th Amendment provisions, functions of municipal corporations/councils/nagar panchayats, State Election/Finance Comm","","spot_check","verified","Clean sweep + spot-check sample confirmed sound - bulk pass 2026-08-26"
"tag","8e1e7c75-1abf-4601-a11a-ff417f0bfeca","2014","afede5c4-a72c-4066-ab1d-a355d5e57db2","Evolution of Buddhist stupas (Sanchi, Amravati) and Gandhara, Mathura, Amravati schools of art; Gandhara sculpture's dual debt to Roman/Gree","","","verified","Clean sweep + spot-check sample confirmed sound - bulk pass 2026-08-26"
"tag","8ea9418d-9c03-49e8-bbe0-84f3f54911e3","2014","b2545f36-e1f2-4ec0-88cc-7d741dcc44d7","Structural flaws in asset-disclosure regulations for public officials and their effectiveness against illegal wealth generation; whether pub","","","verified","Clean sweep + spot-check sample confirmed sound - bulk pass 2026-08-26"
"tag","b9a48b0b-e36d-4fec-adc9-048fdb98dd62","2014","bb4b38f9-3dfb-4208-b972-df2bdcf4ec67","The Judiciary: integrated judicial system, Supreme Court composition/independence/jurisdiction/judicial-review/curative-petition, High Court","","","verified","Clean sweep + spot-check sample confirmed sound - bulk pass 2026-08-26"
"tag","8f1a9e40-d3ea-4fbc-af65-aa797fe17eee","2014","c5a88fcd-8bda-41a1-8ab7-f8c3d7ea8037","Agricultural geography: land-use/capability classification, land degradation, cropping seasons/patterns/regionalization, infrastructure fact","","","verified","Clean sweep + spot-check sample confirmed sound - bulk pass 2026-08-26"
"tag","4df0890d-3baf-48da-9214-a2bde5dfbad9","2014","c958a86a-c4f3-40be-b491-35160c646f7e","Intellectual Property Rights: concept, types, international agreements/institutions, IPR regime in India, and the National IPR Policy","","","verified","Clean sweep + spot-check sample confirmed sound - bulk pass 2026-08-26"
"tag","dcd1c915-30fe-4eed-a2ac-786cbbe1b8e2","2014","cb41e1de-d76d-4969-a19a-34668a10b355","Space technology: orbit types, launch-vehicle classification, major agencies (ISRO, NASA, ESA, Roscosmos, JAXA, CNSA) and their missions, IS","","","verified","Clean sweep + spot-check sample confirmed sound - bulk pass 2026-08-26"
"tag","3eecfda7-64bc-4be2-82b5-fdf4a59b7b6a","2014","ce7c5c58-b604-4317-b3a3-27daa3622074","Industrial & sectoral policy: National Mission on Edible Oil, Zero Defect Zero Effect scheme, natural-gas-marketing reforms, telecom-sector ","","","verified","Clean sweep + spot-check sample confirmed sound - bulk pass 2026-08-26"
"tag","36e1a0c5-e411-4742-84ce-87621918d193","2014","d07227df-974f-4268-bbc4-a59fb80b38bb","Nanoscience and nanotechnology: basics, nanomaterials, applications (medicine, semiconductors, food, textiles, sustainable energy, environme","","","verified","Clean sweep + spot-check sample confirmed sound - bulk pass 2026-08-26"
"tag","0f14bb4b-a961-4cc8-b5ef-c4d50c51d130","2014","d58d7c5d-184f-4f33-b935-efc1f41517e2","Cyber warfare: factors aggravating cyber attacks and recent initiatives to tackle cyber warfare; structural/command changes needed for urban","","","verified","Clean sweep + spot-check sample confirmed sound - bulk pass 2026-08-26"
"tag","bb82d8e8-f2fd-4580-9d46-92b7b996c343","2014","d9481625-b7ce-4ad6-9fb4-b3b1d9d6dd14","Security challenges in border areas: challenges to border management, community-participation approaches, non-demarcated border segments, an","","spot_check","verified","Clean sweep + spot-check sample confirmed sound - bulk pass 2026-08-26"
"tag","c9370b05-e6eb-43a4-9aa5-3ea1570a729c","2014","e32b2fcf-7fb1-46d1-acaa-c7c7ef6cfc5b","Multilateral relations: WTO (decision-making, Nairobi Package, IPR, reforms, agriculture issues, FTAs), IMF and reforms, nuclear-security ar","","","verified","Clean sweep + spot-check sample confirmed sound - bulk pass 2026-08-26"
"tag","59dcc41b-c591-4c4d-9677-61157100cd40","2014","e48e4da6-8be0-41dc-a6c2-66ddfe5ef783","Colonial land revenue systems (Permanent Settlement, Ryotwari, Mahalwari), commercialization of agriculture, and economic drain theory","","","verified","Clean sweep + spot-check sample confirmed sound - bulk pass 2026-08-26"
"tag","b9489c8c-1de8-4493-b23a-4c658b9c3731","2014","e586510e-b291-4d77-8981-c9f92a1ab815","'Health for All' target vs structural health-infrastructure gaps; rising out-of-pocket health expenditure; commercialization of healthcare v","","","verified","Clean sweep + spot-check sample confirmed sound - bulk pass 2026-08-26"
"tag","5178df17-f2d2-46d2-983c-20fa240e6987","2014","ec298078-c865-4ed1-9396-6ee364f61ec8","Values and ethics in government; the family's contribution to value education; role of family/society/educational institutions in inculcatin","","","verified","Clean sweep + spot-check sample confirmed sound - bulk pass 2026-08-26"
"tag","6a0784a1-00be-4ef8-9939-75e21d334887","2014","f25643d9-50b9-411e-b57b-f7ee52bd843b","Landslide vulnerability of the Western Ghats and Himalayas: causes and mitigation strategies; institutional setups for chemical/industrial d","","","verified","Clean sweep + spot-check sample confirmed sound - bulk pass 2026-08-26"
"tag","7125c7b4-0991-484d-a39b-3a8bd6a854e7","2014","f3b73205-3dfc-4ebe-b291-106d2c6e4297","Taxila as a renowned centre of scholarship and the strategic-location factors behind its ruin","","","verified","Clean sweep + spot-check sample confirmed sound - bulk pass 2026-08-26"
"tag","31a115ab-2310-45e8-bd72-58332f201bc4","2014","f9a1a286-8d52-4e4a-90b9-1787bc9a221b","Case studies: crisis & resource-allocation dilemmas: drought-relief tanker capture by a 'tanker mafia', disaster resource-allocation triage ","","","verified","Clean sweep + spot-check sample confirmed sound - bulk pass 2026-08-26"
"tag","b21c32f8-b786-4fb6-b85d-99547be2fad1","2014","fcbca25c-a534-408b-a390-2e894b7f78ee","World War II: foundations, course, aftermath, analysis, and the decolonization phase","","","verified","Clean sweep + spot-check sample confirmed sound - bulk pass 2026-08-26"
"tag","518ff6f3-40f9-4d0e-817b-c0b95193a1e3","2014","fe28f5e5-99c3-4c9d-829c-4c38a0b6ffe3","India and Asian nations: Central Asian republics (Turkmenistan, Kazakhstan, Tajikistan; China's role; International North-South Transport Co","","","verified","Clean sweep + spot-check sample confirmed sound - bulk pass 2026-08-26"
"question","1d70240f-670e-442f-a1ca-cff5f3a83d14","2015","1","The nature of economic growth in India in recent times is often described as jobless growth. Do you agree with this view? Give arguments in ","","spot_check","verified","Clean sweep + spot-check sample confirmed sound - bulk pass 2026-08-26"
"question","95d4cb31-cd0c-45cf-8a77-35ac60dace77","2015","2","Livestock rearing has a big potential for providing non-farm employment and income in rural areas. Discuss suggesting suitable measures to p","","","verified","Clean sweep + spot-check sample confirmed sound - bulk pass 2026-08-26"
"question","25bd5ef1-e54c-454e-81a1-1ec67fd64f92","2015","3","In view of the declining average size of land holdings in India which has made agriculture non-viable for a majority of farmers, should cont","","","verified","Clean sweep + spot-check sample confirmed sound - bulk pass 2026-08-26"
"question","0cd0bb8c-1161-4fd1-960a-68fdf792ac83","2015","4","How can the 'Digital India' programme help farmers to improve farm productivity and income? What steps has the Government taken in this rega","","","verified","Clean sweep + spot-check sample confirmed sound - bulk pass 2026-08-26"
"question","f4cff9d5-1055-4110-ad5f-fe5d2b47a177","2015","5","In what way could replacement of price subsidy with Direct Benefit Transfer (DBT) change the scenario of subsidies in India? Discuss.","","","verified","Clean sweep + spot-check sample confirmed sound - bulk pass 2026-08-26"
"question","3ecb78f6-d748-4c6e-b41e-cd2ad7c4b6db","2015","6","What are the impediments in marketing and supply chain management in developing the food processing industry in India? Can e-commerce help i","","","verified","Clean sweep + spot-check sample confirmed sound - bulk pass 2026-08-26"
"question","e2cc70c0-3f54-479f-a2c0-766917c6a1f0","2015","7","Craze for gold in Indians has led to a surge in import of gold in recent years and put pressure on balance of payments and external value of","","","verified","Clean sweep + spot-check sample confirmed sound - bulk pass 2026-08-26"
"question","669ed723-2c1d-4a6c-b2d0-dbbfcd86e859","2015","8","""Success of 'Make in India' programme depends on the success of 'Skill India' programme and radical labour reforms."" Discuss with logical ar","","","verified","Clean sweep + spot-check sample confirmed sound - bulk pass 2026-08-26"
"question","68a3070c-02f4-42a7-b120-2fa5b849cc02","2015","9","To what factors can the recent dramatic fall in equipment costs and tariff of solar energy be attributed? What implications does the trend h","","","verified","Clean sweep + spot-check sample confirmed sound - bulk pass 2026-08-26"
"question","7cf1f70a-d135-4fad-ad53-2d68361b9cdc","2015","10","There is a clear acknowledgement that Special Economic Zones (SEZs) are a tool of industrial development, manufacturing and exports. Recogni","","","verified","Clean sweep + spot-check sample confirmed sound - bulk pass 2026-08-26"
"question","bc52087a-9f05-4124-b222-e1e7f520e2a7","2015","11","What do you understand by 'Standard Positioning Systems' and 'Precision Positioning Systems' in the GPS era? Discuss the advantages India pe","","","verified","Clean sweep + spot-check sample confirmed sound - bulk pass 2026-08-26"
"question","c261e56f-a4f4-4b48-b19d-c7fdd9fb4ebf","2015","12","What are the areas of prohibitive labour that can be sustainably managed by robots? Discuss the initiatives that can propel research in prem","","spot_check","verified","Clean sweep + spot-check sample confirmed sound - bulk pass 2026-08-26"
"question","d9828f63-b3ff-4ce3-a268-7488507ef022","2015","13","Discuss the advantages and security implications of cloud hosting of servers vis-a-vis in-house machine-based hosting for government busines","","","verified","Clean sweep + spot-check sample confirmed sound - bulk pass 2026-08-26"
"question","0f722fd4-f900-4b22-9457-67534958d65f","2015","14","India's Traditional Knowledge Digital Library (TKDL), which has a database containing formatted information on more than 2 million medicinal","","","verified","Clean sweep + spot-check sample confirmed sound - bulk pass 2026-08-26"
"question","80425c57-898b-4de4-baf8-f32dc61f5723","2015","15","Discuss the Namami Gange and National Mission for Clean Ganga (NMCG) programmes and causes of mixed results from the previous schemes. What ","","","verified","Clean sweep + spot-check sample confirmed sound - bulk pass 2026-08-26"
"question","fe502ede-1a50-4b6b-b073-72c813136fbd","2015","16","The frequency of earthquakes appears to have increased in the Indian subcontinent. However, India's preparedness for mitigating their impact","","","verified","Clean sweep + spot-check sample confirmed sound - bulk pass 2026-08-26"
"question","ce9cdeaf-7eab-4e35-b8f7-f6dcd391967a","2015","17","Human rights activists constantly highlight the view that the Armed Forces (Special Powers) Act, 1958 (AFSPA) is a draconian act leading to ","","","verified","Clean sweep + spot-check sample confirmed sound - bulk pass 2026-08-26"
"question","1ab1be39-c13b-4ddd-887b-03320abb096e","2015","18","Religious indoctrination via digital media has resulted in Indian youth joining the ISIS. What is ISIS and its mission? How can ISIS be dang","","","verified","Clean sweep + spot-check sample confirmed sound - bulk pass 2026-08-26"
"question","0022944e-9507-41aa-bb72-bc1b37eee6f1","2015","19","The persisting drives of the Government for development of large industries in backward areas have resulted in isolating the tribal populati","","","verified","Clean sweep + spot-check sample confirmed sound - bulk pass 2026-08-26"
"question","33e833a6-8c60-4a15-9219-6067f16a3a82","2015","20","Considering the threats cyberspace poses for the country, India needs a ""Digital Armed Force"" to prevent crimes. Critically evaluate the Nat","","","verified","Clean sweep + spot-check sample confirmed sound - bulk pass 2026-08-26"
"question","03a29684-02f9-4400-a173-637f0432c93b","2015","21","The ancient civilization in India differed from those of Egypt, Mesopotamia and Greece in that its culture and traditions have been preserve","","","verified","Clean sweep + spot-check sample confirmed sound - bulk pass 2026-08-26"
"question","2f9666b2-cbed-4886-8c91-36c1baf99952","2015","22","Mesolithic rock cut architecture of India not only reflects the cultural life of the times but also a fine aesthetic sense comparable to mod","","spot_check","verified","Clean sweep + spot-check sample confirmed sound - bulk pass 2026-08-26"
"question","511dbb3e-11c4-42b8-bce9-2ec8378b2142","2015","23","How different would have been the achievement of Indian Independence without Mahatma Gandhi? Discuss.","","","verified","Clean sweep + spot-check sample confirmed sound - bulk pass 2026-08-26"
"question","b6271163-d688-46fe-8d3f-7cb227d8442d","2015","24","Mahatma Gandhi and Subhash Chandra Bose had differing views on how to achieve Indian independence. Analyze.","","","verified","Clean sweep + spot-check sample confirmed sound - bulk pass 2026-08-26"
"question","04d8dd0a-6903-44da-86cf-78f078106386","2015","25","Why did the industrial revolution first occur in Great Britain? Discuss the quality of life of the people there during the industrialization","","","verified","Clean sweep + spot-check sample confirmed sound - bulk pass 2026-08-26"
"question","7ca87b92-dfb6-4dac-acc1-5b8f68b23290","2015","26","To what extent can the economic reforms of 1991 be linked to the changing profile of urban spaces in India?","","","verified","Clean sweep + spot-check sample confirmed sound - bulk pass 2026-08-26"
"question","d6601ce4-5660-448c-9a96-ef76b2ead8db","2015","27","Critically examine the effects of globalization on the aged population in India.","","","verified","Clean sweep + spot-check sample confirmed sound - bulk pass 2026-08-26"
"question","7c63afdf-3da3-4c99-928f-e9a80c8f630c","2015","28","How does patriarchy manifest itself in the daily lives of women in India?","","","verified","Clean sweep + spot-check sample confirmed sound - bulk pass 2026-08-26"
"question","546e838b-1169-4248-abad-9fc9b8c2ef5c","2015","29","What are the socio-economic impacts of the growing informal sector in urban India?","","","verified","Clean sweep + spot-check sample confirmed sound - bulk pass 2026-08-26"
"question","c7a7de66-85ca-47cf-bcb2-fe2c7bec261f","2015","30","Discuss the major factors responsible for the origin and intensity of tropical cyclones.","","","verified","Clean sweep + spot-check sample confirmed sound - bulk pass 2026-08-26"
"question","253b4b94-8cd9-4084-a727-939b5b6bbac0","2015","31","Explain the significance of the geological structures of India in determining its mineral resource base.","","","verified","Clean sweep + spot-check sample confirmed sound - bulk pass 2026-08-26"
"question","1f9d3cc2-bc5e-4aa2-a425-c11a53be5ea7","2015","32","What is the concept of smart cities? How can it help in managing the urban crisis in India?","","","verified","Clean sweep + spot-check sample confirmed sound - bulk pass 2026-08-26"
"question","ac31f037-3fe4-4140-8257-d213f1162e63","2015","33","Examine the geographic distribution of iron and steel industries in India. What factors are driving their location patterns?","","spot_check","verified","Clean sweep + spot-check sample confirmed sound - bulk pass 2026-08-26"
"question","81e52f32-8102-41d9-adc6-b772983a7dc2","2015","34","Describe the main climatic characteristics of the Mediterranean region and explain its agricultural importance.","","","verified","Clean sweep + spot-check sample confirmed sound - bulk pass 2026-08-26"
"question","a16df2b2-7826-43f4-8433-cee20ab76349","2015","35","What are the causes and consequences of the melting of Arctic ice on global geopolitics and climate change?","","","verified","Clean sweep + spot-check sample confirmed sound - bulk pass 2026-08-26"
"question","a3a4d908-377e-4801-8c03-fe4cdfade217","2015","36","Evaluate the role of the press in the Indian national movement from the late nineteenth century onwards.","","","verified","Clean sweep + spot-check sample confirmed sound - bulk pass 2026-08-26"
"question","edca2e76-128c-483c-b517-f4989c5f4ec1","2015","37","Discuss the geopolitical implications of the decolonization process in Asia after the Second World War.","","","verified","Clean sweep + spot-check sample confirmed sound - bulk pass 2026-08-26"
"question","9f2b7e5e-dcb6-484b-9d0c-d7b9449407f0","2015","38","How has the caste system in India adapted to the forces of modernization and secularization?","","","verified","Clean sweep + spot-check sample confirmed sound - bulk pass 2026-08-26"
"question","02c9d262-e183-47ab-8f67-6454b33848a6","2015","39","Explain the relationship between poverty and environmental degradation in the context of developing nations like India.","","","verified","Clean sweep + spot-check sample confirmed sound - bulk pass 2026-08-26"
"question","552ed140-a012-493b-b715-c76f5f276e7f","2015","40","What is El Nino? Explain its impact on the Indian monsoon and agricultural productivity.","","","verified","Clean sweep + spot-check sample confirmed sound - bulk pass 2026-08-26"
"question","ccfbcf0d-148d-4563-be4a-01f967df0952","2015","41","Discuss the power of the Governor to promulgate ordinances. Is it a circumvention of the legislative process? Examine.","","","verified","Clean sweep + spot-check sample confirmed sound - bulk pass 2026-08-26"
"question","f642980d-4a72-4a64-bef6-ee1270649bbe","2015","42","The Speaker of the Lok Sabha holds a position of great authority. Discuss the challenges to neutrality in the functioning of the Speaker.","","","verified","Clean sweep + spot-check sample confirmed sound - bulk pass 2026-08-26"
"question","8a1a49d2-a8ef-4a69-8aed-22823fa1acfa","2015","43","What are statutory bodies? Explain the role of the National Green Tribunal (NGT) in environmental governance in India.","","spot_check","verified","Clean sweep + spot-check sample confirmed sound - bulk pass 2026-08-26"
"question","eb50097a-454b-4118-bd6e-b939236ec5e3","2015","44","Examine the significance of the 14th Finance Commission recommendations in promoting fiscal federalism in India.","","","verified","Clean sweep + spot-check sample confirmed sound - bulk pass 2026-08-26"
"question","10be0d48-186d-4aa0-962f-af6f0499448a","2015","45","The Right to Education (RTE) Act has expanded access to education, but quality remains a challenge. Discuss.","","","verified","Clean sweep + spot-check sample confirmed sound - bulk pass 2026-08-26"
"question","fdb8d315-f0ed-4265-8017-81ffa8b70937","2015","46","Analyze the role of Information Technology in improving public service delivery through the Digital India initiative.","","","verified","Clean sweep + spot-check sample confirmed sound - bulk pass 2026-08-26"
"question","2ee7b2fa-949e-4eb9-a9c6-0039747d590d","2015","47","Evaluate the impact of civil society organizations on policy formulation in India with suitable examples.","","","verified","Clean sweep + spot-check sample confirmed sound - bulk pass 2026-08-26"
"question","2e0c7122-8f66-4ba9-b295-80d7857343e4","2015","48","Discuss the implications of the rising out-of-pocket expenditure on health for the poor sections of society in India.","","","verified","Clean sweep + spot-check sample confirmed sound - bulk pass 2026-08-26"
"question","0092588a-b146-4031-b79c-4a9ccfe89b36","2015","49","""India's 'Look West' policy needs a strategic reorientation in the light of current West Asian conflicts."" Discuss.","","","verified","Clean sweep + spot-check sample confirmed sound - bulk pass 2026-08-26"
"question","dc5c9c9a-0021-4bf5-9ca5-047d215f53f9","2015","50","Explain the structure and mandates of the International Court of Justice (ICJ). What are its limitations?","","","verified","Clean sweep + spot-check sample confirmed sound - bulk pass 2026-08-26"
"question","aae3f110-d4cc-42a2-8e42-c24db4aa0163","2015","51","Examine the basic structure doctrine as enunciated by the Supreme Court. How has it acted as a safety valve for the Indian Constitution?","","","verified","Clean sweep + spot-check sample confirmed sound - bulk pass 2026-08-26"
"question","9f3b04df-b8e8-4abc-bd6d-84bd7f608e60","2015","52","Discuss the constitutional safeguards available to civil servants in India under Article 311. Are they overprotective?","","","verified","Clean sweep + spot-check sample confirmed sound - bulk pass 2026-08-26"
"question","eac8ed63-ba11-4718-8004-b86594ce6552","2015","53","The system of checks and balances is essential for a vibrant democracy. Discuss the relationship between the Judiciary and the Legislature i","","","verified","Clean sweep + spot-check sample confirmed sound - bulk pass 2026-08-26"
"question","1c295c62-cb1b-41bb-9f9c-19152819dbd1","2015","54","Analyze the challenges faced by the cooperative sector in India and suggest steps to revitalize it for agrarian welfare.","","spot_check","verified","Clean sweep + spot-check sample confirmed sound - bulk pass 2026-08-26"
"question","6ce07c8c-4eaf-4eb8-8db0-57a777c046ac","2015","55","What are citizen charters? Evaluate their effectiveness in improving accountability and responsiveness in government offices.","","","verified","Clean sweep + spot-check sample confirmed sound - bulk pass 2026-08-26"
"question","6519717f-4566-4b8d-8bc2-db381184b07b","2015","56","""The performance of welfare schemes for vulnerable sections is marred by administrative inefficiencies and corruption."" Critically discuss.","","","verified","Clean sweep + spot-check sample confirmed sound - bulk pass 2026-08-26"
"question","0fb74e1c-e9f1-435e-b251-ab52bb36baf5","2015","57","Examine the role of the Central Vigilance Commission (CVC) in tackling corruption in public administration.","","","verified","Clean sweep + spot-check sample confirmed sound - bulk pass 2026-08-26"
"question","1f387c78-48f4-4dc5-8951-cb577e703b70","2015","58","Discuss the strategic importance of the India-US civil nuclear deal and its impact on India's global energy diplomacy.","","","verified","Clean sweep + spot-check sample confirmed sound - bulk pass 2026-08-26"
"question","bc90343c-3385-4e5c-bddb-d3af7c9f8533","2015","59","Analyze the role and limitations of SAARC as an regional organization for South Asian integration.","","","verified","Clean sweep + spot-check sample confirmed sound - bulk pass 2026-08-26"
"question","850bc37c-6103-4819-b6ee-edead0af9668","2015","60","What are the major structural reforms needed in the global financial institutions like the World Bank and IMF to represent developing nation","","","verified","Clean sweep + spot-check sample confirmed sound - bulk pass 2026-08-26"
"question","27e8e930-6ba8-424d-8dd1-5e82b591bf10","2015","61","What is meant by 'environmental ethics'? Why is it important to study in contemporary times? Discuss.","","","verified","Clean sweep + spot-check sample confirmed sound - bulk pass 2026-08-26"
"question","e1f385d5-f859-4eb9-9f71-5e64ddc79be9","2015","62","Differentiate between 'Value' and 'Ethics'. How do values help in shaping the ethical behavior of a human being?","","","verified","Clean sweep + spot-check sample confirmed sound - bulk pass 2026-08-26"
"question","07ac9886-411a-47c0-ac1e-1e44f2ed5773","2015","63","Public servants are the trustees of public power and financial resources. In this context, discuss the significance of 'probity in governanc","","","verified","Clean sweep + spot-check sample confirmed sound - bulk pass 2026-08-26"
"question","c8e6cef2-530f-4aca-a112-a4671a0ba60f","2015","64","What do you understand by the term 'constitutional morality'? How is it enforced in a democratic system?","","","verified","Clean sweep + spot-check sample confirmed sound - bulk pass 2026-08-26"
"question","79bd2b3d-cfde-4421-9dcd-46adb3a38a01","2015","65","""Social auditing is not just a tool for financial verification, but an instrument for ethical governance."" Elaborate.","","spot_check","verified","Clean sweep + spot-check sample confirmed sound - bulk pass 2026-08-26"
"question","32c39c85-b2bf-445e-b771-a4848823ee4b","2015","66","Discuss the components of emotional intelligence. How can a public administrator leverage emotional intelligence in conflict resolution?","","","verified","Clean sweep + spot-check sample confirmed sound - bulk pass 2026-08-26"
"question","73e19448-f010-4550-8a58-4b3f17003643","2015","67","What are the essential elements of an effective code of conduct for public officials? Distinguish it from a code of ethics.","","","verified","Clean sweep + spot-check sample confirmed sound - bulk pass 2026-08-26"
"question","00bf2cd7-1e79-4eb1-affe-c14b04ce14c6","2015","68","How does accountability differ from responsibility in public administration? Illustrate with a suitable example.","","","verified","Clean sweep + spot-check sample confirmed sound - bulk pass 2026-08-26"
"question","7a656ea2-5512-4a3d-bdd8-182d66e379f1","2015","69","""An unexamined life is not worth living."" - Socrates. What does this statement mean to you in your personal and professional sphere?","","","verified","Clean sweep + spot-check sample confirmed sound - bulk pass 2026-08-26"
"question","6a2ec896-61d7-48f9-941a-438c7717a879","2015","70","""To awaken the people, it is the women who must be awakened. Once she is on the move, the family moves, the village moves, the nation moves.","","","verified","Clean sweep + spot-check sample confirmed sound - bulk pass 2026-08-26"
"question","b2239c42-c358-46e8-adb6-f28a9528dfac","2015","71","Discuss the role of international aid in developmental ethics. What are the ethical concerns surrounding aid with political conditionalities","","","verified","Clean sweep + spot-check sample confirmed sound - bulk pass 2026-08-26"
"question","9f1f038c-90db-4395-a73b-80f91c3e8216","2015","72","Corruption is a multi-headed monster that thrives on systemic gaps and lack of moral courage. Suggest structural and behavioral measures to ","","","verified","Clean sweep + spot-check sample confirmed sound - bulk pass 2026-08-26"
"question","04f20169-7c4e-406a-967d-ad550ffec4f1","2015","73","A big corporate house is engaged in manufacturing industrial chemicals on a large scale. It proposes to set up the additional unit. Many sta","","","verified","Clean sweep + spot-check sample confirmed sound - bulk pass 2026-08-26"
"question","9eadcc3c-b8aa-44bd-a138-1b7e833dbbea","2015","74","You are a senior executive heading the human resources department of a well-reputed multi-national consultancy firm. The firm prides itself ","","","verified","Clean sweep + spot-check sample confirmed sound - bulk pass 2026-08-26"
"question","ffec4a61-ebdd-4cbe-8457-9d2ba59714fb","2015","75","A severe earthquake measuring 7.5 on the Richter scale has struck a densely populated hilly district of a state, causing widespread devastat","","spot_check","verified","Clean sweep + spot-check sample confirmed sound - bulk pass 2026-08-26"
"question","44b015f9-6b74-4c2f-b863-619f2cbb7368","2015","76","You are the head of a state-run primary school education board in an economically backward region. The state government has launched a highl","","","verified","Clean sweep + spot-check sample confirmed sound - bulk pass 2026-08-26"
"question","9ac5f8a6-0801-4985-9ad9-2db4f67f6012","2015","77","You are a young, idealistic officer belonging to the state police service and have been posted as the Additional Superintendent of Police in","","","verified","Clean sweep + spot-check sample confirmed sound - bulk pass 2026-08-26"
"question","7d81cfe8-0ae9-4cdc-be64-d9fff95cdcc1","2015","78","A central government ministry has invited global tenders for a multi-billion dollar national defense communications network project. You are","","","verified","Clean sweep + spot-check sample confirmed sound - bulk pass 2026-08-26"
"question","42f0e1a3-338d-4135-bce2-39bcec3369e0","2015","79","Lending hands to Egocentric paradox is the core of a modern bureaucrat.","","","verified","Clean sweep + spot-check sample confirmed sound - bulk pass 2026-08-26"
"question","21dd5be2-04e9-4265-9ef4-cc74091869bc","2015","80","Quick but steady wins the race.","","","verified","Clean sweep + spot-check sample confirmed sound - bulk pass 2026-08-26"
"question","aa39d2a1-2680-4a3f-be89-c27da250c42d","2015","81","Character of an institution is reflected in its leader.","","","verified","Clean sweep + spot-check sample confirmed sound - bulk pass 2026-08-26"
"question","99cadf88-af2e-4b09-a1ee-5bf66fe0977d","2015","82","Education without values, as useful as it is, seems rather to make a man a more clever devil.","","","verified","Clean sweep + spot-check sample confirmed sound - bulk pass 2026-08-26"
"question","cb9aa506-ecb3-41bc-a198-cb7e57a012bc","2015","83","Technology cannot replace manpower.","","","verified","Clean sweep + spot-check sample confirmed sound - bulk pass 2026-08-26"
"question","3a132b31-998b-4e8d-92cb-37b727bbcdc4","2015","84","Crisis faced in India ??? moral or economic.","non_ascii_suspect","flagged","needs_correction","Mojibake-corrupted punctuation (em/en-dash), confirmed 2026-08-26. Content otherwise genuine - re-type from official PDF in follow-up pass."
"question","bf7693cc-c0b9-4740-9d13-fbc72b25398d","2015","85","Dreams which should not let India sleep.","","","verified","Clean sweep + spot-check sample confirmed sound - bulk pass 2026-08-26"
"question","50036d5c-bf8c-42a3-b551-93845f704ade","2015","86","Capitalism can never bring inclusive growth.","","","verified","Clean sweep + spot-check sample confirmed sound - bulk pass 2026-08-26"
"tag","efb10768-cc79-4efa-b740-349585d8b35e","2015","005dd8c0-5f5e-4a74-8a48-49cf9de62a02","Concept of public service and the philosophical basis of governance/probity; public servants as 'trustees' of public power and financial res","","spot_check","verified","Clean sweep + spot-check sample confirmed sound - bulk pass 2026-08-26"
"tag","886bf521-56a7-4fc2-849c-dbe3f96f9be1","2015","01bc558f-a3a3-4612-8141-f6b2019d7c9f","Gandhian mass mobilization phases (Non-Cooperation, Civil Disobedience, Quit India) and the special role of women in this phase","","","verified","Clean sweep + spot-check sample confirmed sound - bulk pass 2026-08-26"
"tag","8d77d36a-b081-4ff1-aa61-a6855708248b","2015","049901d3-a4a5-41ea-a138-c0eec3f3d0c3","Case studies: public-safety & procurement dilemmas under pressure: infrastructure-safety cover-up under election-timeline pressure, defence-","","","verified","Clean sweep + spot-check sample confirmed sound - bulk pass 2026-08-26"
"tag","0400f190-c762-4cbf-afdc-7d27474395b1","2015","054aa525-7ef7-41fa-be69-d3778ce887de","Internal security challenges: social diversity as a security issue, neighbourhood-origin threats, non-state actors, global vulnerability ind","","","verified","Clean sweep + spot-check sample confirmed sound - bulk pass 2026-08-26"
"tag","95c063b8-8e2e-459e-ade4-2382b60ff1de","2015","12feeb23-16c7-4c59-b28b-f61ce53a3053","Women-related issues: hysterectomies, workforce participation gaps, gender disparities in poverty, women in corporate roles, abortion rights","","","verified","Clean sweep + spot-check sample confirmed sound - bulk pass 2026-08-26"
"tag","dbc07880-cd95-4ac1-928f-56322fbae241","2015","1e70ab73-4d51-4f6f-98a8-d7aa2e70070d","Foreign trade and international organisations: trade policy, India's Balance of Payments (current/capital account performance), exchange-rat","","","verified","Clean sweep + spot-check sample confirmed sound - bulk pass 2026-08-26"
"tag","c84012bd-0f39-4a70-82ad-f55acb533a19","2015","21b8574b-4143-4333-9d38-d916fd1035a2","The Governor, Chief Minister, Advocate-General, and State Legislature: appointment, discretionary/ordinance/pardoning powers, composition of","","","verified","Clean sweep + spot-check sample confirmed sound - bulk pass 2026-08-26"
"tag","659abc39-421b-4da9-a596-699561ecb34b","2015","31fb942c-7c86-4953-a7a9-f8621792076a","Environmental ethics: linkage between ethics and environment, relevant theories, and the role of the individual","","","verified","Clean sweep + spot-check sample confirmed sound - bulk pass 2026-08-26"
"tag","2b1df5b2-4c45-47b6-b52e-46be777db42a","2015","3e04d631-ba39-4ae4-967b-288ed3a8ddb2","Basics of cyber security: types of cyber crimes, impact and required steps, ransomware incidents, India's cyber-security infrastructure, and","","","verified","Clean sweep + spot-check sample confirmed sound - bulk pass 2026-08-26"
"tag","91ecac78-2254-4524-8f6f-76f00839e346","2015","40521038-bf2f-4cc8-93b5-6c94e4bd3999","Geology: minerals, major crustal elements, physical characteristics of minerals, rocks (igneous/sedimentary/metamorphic), rock cycle, and ro","","","verified","Clean sweep + spot-check sample confirmed sound - bulk pass 2026-08-26"
"tag","8df39c97-aecb-4a0e-a93a-3cd17b28461c","2015","41ad5c1f-7129-4d6e-b241-5c67f84cfb99","Frequently cited quotation-anchors for ethics answer-writing: Gandhi's 'Seven Sins' and 'the weak can never forgive'; Socrates' 'an unexamin","","spot_check","verified","Clean sweep + spot-check sample confirmed sound - bulk pass 2026-08-26"
"tag","158b26ac-28c4-4228-96e9-f1a94242adfc","2015","41ad5c1f-7129-4d6e-b241-5c67f84cfb99","Frequently cited quotation-anchors for ethics answer-writing: Gandhi's 'Seven Sins' and 'the weak can never forgive'; Socrates' 'an unexamin","","","verified","Clean sweep + spot-check sample confirmed sound - bulk pass 2026-08-26"
"tag","0d137aac-19c1-4c20-89d6-e72c84018fbb","2015","43116335-ee15-41c5-90bd-d56b3ef29c17","Subsidies: farm/fertiliser/power/irrigation subsidies, issues of direct/indirect subsidies and MSP, objectives, gainer-loser resource transf","","","verified","Clean sweep + spot-check sample confirmed sound - bulk pass 2026-08-26"
"tag","ae98dea4-d23d-41c7-a18f-d92d3b95a3a7","2015","445b315b-6161-494f-a586-7499b580f1ef","Tropical cyclones: formation conditions, convective cyclogenesis, path, damage, Arabian Sea cyclones, naming conventions, and early-warning ","","","verified","Clean sweep + spot-check sample confirmed sound - bulk pass 2026-08-26"
"tag","eab4739f-8cc1-4fea-b295-d478bd355c79","2015","46decb7a-a9bb-4819-b8d9-0f2ec973bd38","Major powers: Russia (strategic cooperation, Russia-China impact on India), China (economic relations, water disputes, String of Pearls, Mar","","","verified","Clean sweep + spot-check sample confirmed sound - bulk pass 2026-08-26"
"tag","1caf21d9-356c-4dd9-b0f6-83aaa806472e","2015","48c3ea7e-656b-48d8-9029-300a2560c7c7","Separation of powers: features in American/UK constitutions, checks-and-balances in the Indian scheme, judicial review, and the concept's pr","","","verified","Clean sweep + spot-check sample confirmed sound - bulk pass 2026-08-26"
"tag","d034ce0a-fb9c-49c0-9241-8938d937d996","2015","48ed83ad-4c86-4465-88ee-481f5d011d11","Colonialism and Imperialism: the age of imperialism (1870-1914), imperialism in Asia, and an analysis of colonialism","","","verified","Clean sweep + spot-check sample confirmed sound - bulk pass 2026-08-26"
"tag","5b25ae1f-2790-4f99-8eaf-b95357ba27ef","2015","48f777dc-05ca-423d-8267-33de79eb8587","Beginning of the modern age: disintegration of the feudal system, Renaissance (humanism, art, architecture, literature, science), Reformatio","","","verified","Clean sweep + spot-check sample confirmed sound - bulk pass 2026-08-26"
"tag","1d8b18de-47ca-41de-a101-14397721887c","2015","4ae26f49-1b68-4366-b3a3-becbe93c9abb","Case studies: development vs displacement/environment trade-offs: environmental clearance vs displacement/pollution trade-offs, court-ordere","","","verified","Clean sweep + spot-check sample confirmed sound - bulk pass 2026-08-26"
"tag","5a44dbcd-bea8-4376-8250-dcee2ff0507d","2015","4fba29f1-599e-4217-bedc-25e497161589","Prehistoric rock paintings and petroglyphs (Bhimbetka stylistic evolutions); socio-cultural patterns of pre-historic paintings and potteries","","","verified","Clean sweep + spot-check sample confirmed sound - bulk pass 2026-08-26"
"tag","8129c198-ecd8-4248-a8e6-ab8e3d3d3efe","2015","529f8ea2-d455-4c0a-93e3-e7044ad48271","Case studies: whistleblowing, disclosure & confidentiality dilemmas: whistleblower/suspect pleading humanitarian delay, workplace-harassment","","spot_check","verified","Clean sweep + spot-check sample confirmed sound - bulk pass 2026-08-26"
"tag","57e9b806-823c-4b5a-8919-7f1a0703eb0a","2015","55b8a5a7-5842-4572-a518-ab91a3841a16","Poverty, hunger and health governance: evaluation of schemes (MGNREGA, PM-POSHAN, Ayushman Bharat) and policies (NHP, NEP) against poverty/h","","","verified","Clean sweep + spot-check sample confirmed sound - bulk pass 2026-08-26"
"tag","683667c8-0923-4b4e-a596-d47cb459e521","2015","5a10e711-45ba-4b01-85f7-14fe8c8704ea","Statutory/regulatory/quasi-judicial bodies: CVC, CBI, NHRC ('toothless tiger' critique), SHRC, Central/State Information Commission, NGT, SE","","","verified","Clean sweep + spot-check sample confirmed sound - bulk pass 2026-08-26"
"tag","d7b19c88-3a16-4277-a768-eb4ba5f0b72b","2015","5a10e711-45ba-4b01-85f7-14fe8c8704ea","Statutory/regulatory/quasi-judicial bodies: CVC, CBI, NHRC ('toothless tiger' critique), SHRC, Central/State Information Commission, NGT, SE","","","verified","Clean sweep + spot-check sample confirmed sound - bulk pass 2026-08-26"
"tag","361b6d3c-2d15-4be4-ba26-69bd6223395d","2015","5b289bd3-2e90-4b04-80fd-5d9598524631","Amendment process: the Constitution's dynamic/'living document' nature (Article 368), Basic Structure Doctrine as a judicial 'safety valve',","","","verified","Clean sweep + spot-check sample confirmed sound - bulk pass 2026-08-26"
"tag","2c2ef6f3-7a2e-4398-9a07-13215ebf4ad2","2015","607ade39-fb4a-48ed-ae8a-59a83804666a","Mineral and energy resources: metallic/non-metallic mineral types, distribution and mining regions, ferrous/non-ferrous metal production and","","","verified","Clean sweep + spot-check sample confirmed sound - bulk pass 2026-08-26"
"tag","28568841-930b-42e7-b491-01ea532fa451","2015","60dbf376-d7e5-4833-92de-a0bb8f24568d","Essence, determinants and consequences of ethics in human actions; approaches to ethical study (Indian vs Western perspectives); basic conce","","","verified","Clean sweep + spot-check sample confirmed sound - bulk pass 2026-08-26"
"tag","fd39d108-a539-4835-96e1-7665ff32d371","2015","61f632ee-31af-4e38-99fb-d1040785acd5","Linkage between development and extremism: Left-Wing Extremism's stated purpose, its resonance with common people, Covid-19's effect on Naxa","","","verified","Clean sweep + spot-check sample confirmed sound - bulk pass 2026-08-26"
"tag","f213a635-3e13-43a4-b255-c0f02ba2ee18","2015","62304d51-cb8d-475b-b0c4-2951d56d8505","Case studies: public-service integrity & corruption dilemmas: welfare-scheme 'ghost beneficiary' fraud amid caste sensitivities, law-enforce","","","verified","Clean sweep + spot-check sample confirmed sound - bulk pass 2026-08-26"
"tag","e8d3ce2b-8f9f-43d2-8cef-6c9fbe75fd44","2015","679298f7-255d-4a9b-8988-523e5f4e09ae","Technology in agriculture: data revolution, AI applications, social-security schemes for farmers (climate-smart agriculture, precision farmi","","spot_check","verified","Clean sweep + spot-check sample confirmed sound - bulk pass 2026-08-26"
"tag","d4ec4634-fbb3-4903-80f3-0aa48f2020a8","2015","6ca6382e-c307-415a-b750-3e76d7f2b32a","Council of Ministers, Attorney General of India, and Parliament: composition of Lok Sabha/Rajya Sabha, qualification/disqualification, sessi","","","verified","Clean sweep + spot-check sample confirmed sound - bulk pass 2026-08-26"
"tag","47279ab0-f58c-44e1-8e7e-19870187b672","2015","6d5d61fa-6f33-480f-b9ce-dc13825b8dc4","Accountability vs Responsibility: distinguishing the two with a suitable example; utilisation of public funds and problems in fund release/u","","","verified","Clean sweep + spot-check sample confirmed sound - bulk pass 2026-08-26"
"tag","04e0ca66-9488-4083-ba36-d1eb05a8ff2e","2015","6d9b8bde-1762-4f64-9809-288cd1a81a7d","International & security ethics (case studies): ethics in international relations (trade, war, climate finance), arbitration ethics, peaceke","","","verified","Clean sweep + spot-check sample confirmed sound - bulk pass 2026-08-26"
"tag","c1fadcbb-029b-4636-a7f3-d505f84c38b3","2015","7d6c2cf2-04cb-4794-b5f4-acd8434df0e2","Indus Valley Civilization: major cities and town-planning, internal/foreign trade, agriculture, domestication, crafts, weights and measures,","","","verified","Clean sweep + spot-check sample confirmed sound - bulk pass 2026-08-26"
"tag","c6799b0e-7ead-485e-90a3-d77efc011896","2015","7f28b657-f93d-46f9-95a5-6d24a527b8e7","Civil-society organisations' impact on public policy formulation; FCRA compliance tightening and civil-society funding constraints; SHG fede","","","verified","Clean sweep + spot-check sample confirmed sound - bulk pass 2026-08-26"
"tag","687f1df5-930f-4ddb-b6d8-ccf3856420f1","2015","7fce5b51-7cc6-42a9-bfdc-52e9dafe946d","Resource geopolitics: Arctic ice-melt causes/consequences, Arctic resource-driven geopolitical conflict, and mineral resource base as determ","","","verified","Clean sweep + spot-check sample confirmed sound - bulk pass 2026-08-26"
"tag","4d57fd8e-7bf6-4829-bb92-d3179051d2a9","2015","8585c562-ebb4-4b53-bbd1-c86e2bbe2aa1","Population and associated issues: suicide deaths in India, 'great replacement theory' discourse, population crisis in Asian nations, manual ","","","verified","Clean sweep + spot-check sample confirmed sound - bulk pass 2026-08-26"
"tag","a4ce17d7-f4fd-4f5d-91bf-f649440bfdeb","2015","864d1c11-6f6a-4e72-bab5-1468b24ab6e8","Distinguishing a 'Code of Conduct' from a 'Code of Ethics'; code of conduct for ministers/legislators/civil servants/regulators/judiciary","","","verified","Clean sweep + spot-check sample confirmed sound - bulk pass 2026-08-26"
"tag","c1304f10-f351-4e32-94a5-94b45a600565","2015","86c6ec10-23f1-4f0c-a956-e86ae1071194","Temperate cyclones, polar vortex (and its link to ozone depletion), El Nino/La Nina/ENSO and the Indian Ocean Dipole effect on regional and ","","","verified","Clean sweep + spot-check sample confirmed sound - bulk pass 2026-08-26"
"tag","6c254e69-fbec-4a48-be0b-965395ca6a70","2015","89e5bc0f-be21-4bfc-a50e-9b96b4e3960e","Structural growth debates: savings rate/investment pattern/capital-output ratio as growth levers, manufacturing's limited capacity to absorb","","spot_check","verified","Clean sweep + spot-check sample confirmed sound - bulk pass 2026-08-26"
"tag","de528273-27f1-40cc-be02-d2c150648475","2015","8eeed04f-afc7-4d17-82af-e1d09673187f","Rise of Revolutionary Nationalism in India and abroad (Ghadar party, Abhinav Bharat, HSRA); role of Subhash Chandra Bose and the INA versus ","","","verified","Clean sweep + spot-check sample confirmed sound - bulk pass 2026-08-26"
"tag","8445eac2-0be5-415a-b014-ea3ac58b11ce","2015","908b958d-0ffc-410c-aa31-0ca2f623ed88","Food processing and related industries: scope and significance, location, upstream/downstream requirements, supply-chain management, Mega Fo","","","verified","Clean sweep + spot-check sample confirmed sound - bulk pass 2026-08-26"
"tag","45f97cbb-5bf5-410f-ac81-23e2bba0d77a","2015","974077d9-8ad9-46bb-8d6d-6291436c76c3","Global institutions: UN structure (UNGA, UNSC and India's candidacy, ECOSOC), ICJ, UN specialised agencies (FAO, ICAO, ILO, IMO, ITU, UNESCO","","","verified","Clean sweep + spot-check sample confirmed sound - bulk pass 2026-08-26"
"tag","9ec56239-01c2-4f4f-9fa7-35d6553778c5","2015","9bd20b7a-c1d9-47a4-9be8-992b9d023c5b","Land reforms: colonial-era ownership patterns (Zamindari, Ryotwari, Mahalwari), objectives and progress since Independence, ceiling-legislat","","","verified","Clean sweep + spot-check sample confirmed sound - bulk pass 2026-08-26"
"tag","3f75eceb-0593-4082-b508-d204634446e3","2015","9d969b75-3f3f-466b-830b-82c16b295324","Case studies: welfare-access & exclusion dilemmas: digital/biometric exclusion of a genuine welfare beneficiary, biometric-mandate exclusion","","","verified","Clean sweep + spot-check sample confirmed sound - bulk pass 2026-08-26"
"tag","9328ba15-bbba-4305-9680-a8ed9198bf5e","2015","a2c93b38-f280-4559-9e54-5a26dc6cb93c","Constitutional bodies: Election Commission, UPSC, State PSC, Finance Commission, GST Council, National Commission for SCs/STs, Special Offic","","","verified","Clean sweep + spot-check sample confirmed sound - bulk pass 2026-08-26"
"tag","1a29b8e9-b033-4089-9581-73abb05b8b00","2015","b66eead7-fb77-4470-b5f7-9933f6f2e349","Main features of industrial development: role of private/public sectors, investment/employment/productivity trends, disinvestment/privatizat","","","verified","Clean sweep + spot-check sample confirmed sound - bulk pass 2026-08-26"
"tag","7ade8da6-ccb2-4536-9c2e-f673d17dbfdd","2015","b66eead7-fb77-4470-b5f7-9933f6f2e349","Main features of industrial development: role of private/public sectors, investment/employment/productivity trends, disinvestment/privatizat","","","verified","Clean sweep + spot-check sample confirmed sound - bulk pass 2026-08-26"
"tag","62359c8d-311e-4434-8ce5-b2c18c1cf94c","2015","b7deebd7-f749-4bbb-9005-9c15fac2eda9","Urbanization challenges: growth of the informal urban sector, smart cities as a management tool, flood vulnerability of major cities, rural-","","","verified","Clean sweep + spot-check sample confirmed sound - bulk pass 2026-08-26"
"tag","cfb182a2-d938-4177-94b0-4254225c558b","2015","b7deebd7-f749-4bbb-9005-9c15fac2eda9","Urbanization challenges: growth of the informal urban sector, smart cities as a management tool, flood vulnerability of major cities, rural-","","spot_check","verified","Clean sweep + spot-check sample confirmed sound - bulk pass 2026-08-26"
"tag","5d16e0e7-3f37-4843-bf13-81c6b5353de2","2015","baf5fbee-9711-4bbe-a3d9-3fe8d62e2dad","Overview of economic development since Independence: Five Year Plans journey, agriculture (land reforms, post-Green-Revolution issues, agrar","","","verified","Clean sweep + spot-check sample confirmed sound - bulk pass 2026-08-26"
"tag","9b7ef2d2-30b5-4244-ab83-8f00a6a7abc8","2015","c5596c08-4ed2-4fc7-9809-3749d1d42e1d","Evolution and key principles of Indian foreign policy: determinants, NAM/NAM 2.0, Panchsheel, India's nuclear doctrine, neighbourhood-policy","","","verified","Clean sweep + spot-check sample confirmed sound - bulk pass 2026-08-26"
"tag","6c5887c2-162d-440b-bb37-4335f9906f7c","2015","c958a86a-c4f3-40be-b491-35160c646f7e","Intellectual Property Rights: concept, types, international agreements/institutions, IPR regime in India, and the National IPR Policy","","","verified","Clean sweep + spot-check sample confirmed sound - bulk pass 2026-08-26"
"tag","2c9d9eef-56e6-40ff-9483-9d78e71857ea","2015","cabfe4d1-1f6d-4164-8209-16b3d6c15e57","'Constitutional morality': concept and how it is enforced in a democratic system; social auditing as more than financial verification ??? an","","","verified","Clean sweep + spot-check sample confirmed sound - bulk pass 2026-08-26"
"tag","e4a7b6c9-8d34-4dfd-8e8b-952ae81149c7","2015","cabfe4d1-1f6d-4164-8209-16b3d6c15e57","'Constitutional morality': concept and how it is enforced in a democratic system; social auditing as more than financial verification ??? an","","","verified","Clean sweep + spot-check sample confirmed sound - bulk pass 2026-08-26"
"tag","95217b3a-86fa-4f37-a3bf-3446fe31b02d","2015","cb41e1de-d76d-4969-a19a-34668a10b355","Space technology: orbit types, launch-vehicle classification, major agencies (ISRO, NASA, ESA, Roscosmos, JAXA, CNSA) and their missions, IS","","","verified","Clean sweep + spot-check sample confirmed sound - bulk pass 2026-08-26"
"tag","4e995724-d827-42fd-8435-aa1ab6a0f955","2015","d08a6995-9703-4913-9e85-977f3d639281","Electronics and telecommunications: computer generations and cloud computing, IT-enabled services, display technologies (LCD/LED/OLED/AMOLED","","","verified","Clean sweep + spot-check sample confirmed sound - bulk pass 2026-08-26"
"tag","c05465fb-1377-4c4b-a651-aad6cd679417","2015","d0aef2ad-4b7d-4f1d-b6f9-15501c29e2ab","Right to Education Act's access-expansion vs persistent quality challenge; MGNREGA's asset-creation and distress-migration-reduction perform","","","verified","Clean sweep + spot-check sample confirmed sound - bulk pass 2026-08-26"
"tag","ac0d15df-b37a-4153-a6af-1876aed76757","2015","d1f74e8d-07ae-4db3-9137-44cf7326c950","Growth of modern education, press, and vernacular public sphere under colonial rule; important newspapers/journals of the period","","spot_check","verified","Clean sweep + spot-check sample confirmed sound - bulk pass 2026-08-26"
"tag","240c8b71-8f13-486f-bb56-709c2444ea8f","2015","d2d2fda1-58c9-4693-becc-f9d1aa3e9420","River-basin & water-resource management: Indus dam construction prospects/challenges, integrated river-basin management, shrinking reservoir","","","verified","Clean sweep + spot-check sample confirmed sound - bulk pass 2026-08-26"
"tag","38927325-7570-4f47-a3c5-8a1e86dca1d7","2015","d6ff40b9-272f-444a-9e60-d384838b263c","Citizens' Charters: introduction, models, features, implementation issues in India, reform needs, and the Sevottam framework","","","verified","Clean sweep + spot-check sample confirmed sound - bulk pass 2026-08-26"
"tag","d57c00e4-4c56-40da-a560-7f39bc10d15b","2015","d98f1314-c1bb-4774-a6d6-d31a15dbed5f","Agricultural finance: features, criteria and sources, problems, measures to improve credit flow, co-operative credit societies, derivative t","","","verified","Clean sweep + spot-check sample confirmed sound - bulk pass 2026-08-26"
"tag","c0eebac5-46e2-4242-af33-fbe1a9f461e0","2015","df4beaae-e368-4121-ae6b-7f3081679cb5","Importance of EI at the workplace and in civil services; components of EI applied to conflict resolution and crisis-time administrative comm","","","verified","Clean sweep + spot-check sample confirmed sound - bulk pass 2026-08-26"
"tag","768a7340-9641-4512-9e89-06911d49081b","2015","e23504b3-750a-486a-957d-0d2ce4557721","Natural and man-made disasters: India's vulnerability profile ??? earthquakes, tsunamis, landslides, floods, droughts, epidemics, nuclear-re","","","verified","Clean sweep + spot-check sample confirmed sound - bulk pass 2026-08-26"
"tag","1534abce-3acd-41ed-a164-e2061d4075be","2015","e32b2fcf-7fb1-46d1-acaa-c7c7ef6cfc5b","Multilateral relations: WTO (decision-making, Nairobi Package, IPR, reforms, agriculture issues, FTAs), IMF and reforms, nuclear-security ar","","","verified","Clean sweep + spot-check sample confirmed sound - bulk pass 2026-08-26"
"tag","79f2a30c-66c7-4c54-98a0-9a509fa6899c","2015","e32b2fcf-7fb1-46d1-acaa-c7c7ef6cfc5b","Multilateral relations: WTO (decision-making, Nairobi Package, IPR, reforms, agriculture issues, FTAs), IMF and reforms, nuclear-security ar","","","verified","Clean sweep + spot-check sample confirmed sound - bulk pass 2026-08-26"
"tag","964bacec-bb39-447b-87b1-7db8c225818b","2015","e5704894-15e4-4497-aab1-946239e3550c","Terrorism threat to India: changing face of terrorism, threats faced, the broader counter-terrorism framework, and drawbacks in intelligence","","","verified","Clean sweep + spot-check sample confirmed sound - bulk pass 2026-08-26"
"tag","7c19c0b8-4d8e-4ed7-987e-e2d67628a7a7","2015","e586510e-b291-4d77-8981-c9f92a1ab815","'Health for All' target vs structural health-infrastructure gaps; rising out-of-pocket health expenditure; commercialization of healthcare v","","","verified","Clean sweep + spot-check sample confirmed sound - bulk pass 2026-08-26"
"tag","f21ae59e-99bb-450b-80c4-c906b579c15d","2015","ebec1783-9d34-4091-86c2-73b8832e1c26","Poverty and development issues: concept of development, Sen vs Bhagwati model, crisis of development","","spot_check","verified","Clean sweep + spot-check sample confirmed sound - bulk pass 2026-08-26"
"tag","28185dcc-67e7-4f5c-9cec-5c9d0cb65ca4","2015","f0eca3c5-d9c3-4667-b9ee-05f9b2b4333e","Digital governance & information regimes: 'concern about democracy in the digital age', internet shutdowns, fake news/hate speech, IT rules ","","","verified","Clean sweep + spot-check sample confirmed sound - bulk pass 2026-08-26"
"tag","b6eecd67-218b-43b8-bb50-27ca80642afe","2015","f1e0f21b-3a02-4120-a618-1264537b46d3","101st Amendment (GST): salient features and efficacy in building a common national market; 69th Amendment (NCT of Delhi) and federal frictio","","","verified","Clean sweep + spot-check sample confirmed sound - bulk pass 2026-08-26"
"tag","87eff9f3-c7a3-47bf-9e72-2c7e3aa0d5bd","2015","f23ed3c3-13b4-40cd-9bff-1e8904524068","Caste system: structural resilience as a barrier to social mobility, and its adaptation to modernization/secularization","","","verified","Clean sweep + spot-check sample confirmed sound - bulk pass 2026-08-26"
"tag","62ace0f4-8f8f-4338-baef-7f66e95ada0f","2015","f6a8fab7-fcdb-4f03-91e5-d8f765ae437d","Animal husbandry economics: dairy cooperative scaling, livestock disease management, and the economics of animal-rearing","","","verified","Clean sweep + spot-check sample confirmed sound - bulk pass 2026-08-26"
"tag","7d8b1da5-01f4-4927-8244-f8e8f4488165","2015","f717d1c6-0106-4630-a3c6-7af659b90e15","World climate types: equatorial, tropical monsoon/marine, Savanna, hot desert and mid-latitude desert, Mediterranean, temperate continental/","","","verified","Clean sweep + spot-check sample confirmed sound - bulk pass 2026-08-26"
"tag","0ae1245b-764e-49b2-b422-62767f99bd1a","2015","f9a1a286-8d52-4e4a-90b9-1787bc9a221b","Case studies: crisis & resource-allocation dilemmas: drought-relief tanker capture by a 'tanker mafia', disaster resource-allocation triage ","","","verified","Clean sweep + spot-check sample confirmed sound - bulk pass 2026-08-26"
"tag","399a03b3-a69c-49a8-bc79-52ffebbe882b","2015","fa0f8549-786c-417d-847b-b5391e971c77","Corruption in India: extent, dimension, and response; corruption as a social evil; probity in public life; exposing corruption via civil-soc","","","verified","Clean sweep + spot-check sample confirmed sound - bulk pass 2026-08-26"
"tag","3b945645-66e3-451d-9b94-a78bd6da1bc6","2015","fb2ac120-869c-4f06-a14c-f2fc64c1485c","Industrial localization parameters: distribution factors for iron-steel and cotton-textile industries in India, and why petroleum refineries","","","verified","Clean sweep + spot-check sample confirmed sound - bulk pass 2026-08-26"
"tag","708f3a5e-cbf2-4a40-918a-8589894fb52c","2015","ff3d38cc-6d02-4e15-82c5-e078f7c14ba9","Robotics and AI: classification of robots, advantages/disadvantages, applications across sectors, neural networks, machine learning/deep lea","","","verified","Clean sweep + spot-check sample confirmed sound - bulk pass 2026-08-26"
"question","c28f14fc-1f09-4770-aa94-b2137c1ac456","2016","1","How globalization has led to the reduction of employment in the formal sector of the Indian economy? Is increased informalization detrimenta","","spot_check","verified","Clean sweep + spot-check sample confirmed sound - bulk pass 2026-08-26"
"question","36504cf8-66d1-4bd1-a496-5fdc490b07b2","2016","2","Women empowerment in India needs gender budgeting. What are the requirements and status of gender budgeting in the Indian context?","","","verified","Clean sweep + spot-check sample confirmed sound - bulk pass 2026-08-26"
"question","94fcf841-a1e1-49b9-adf7-4ad8dd19eed7","2016","3","Pradhan Mantri Jan-Dhan Yojana (PMJDY) is necessary for bringing unbanked to the institutional finance fold. Do you agree with this for fina","","","verified","Clean sweep + spot-check sample confirmed sound - bulk pass 2026-08-26"
"question","7f060705-4805-44dc-81e3-09185c035fb3","2016","4","What are 'Smart Cities'? Examine their relevance for urban development in India. Will it increase rural-urban differences? Give arguments fo","","","verified","Clean sweep + spot-check sample confirmed sound - bulk pass 2026-08-26"
"question","d7043c79-9117-4c07-9b2c-a7c4bcaf8ba6","2016","5","Justify the need for FDI for the development of the Indian economy. Why there is gap between MOUs signed and actual FDIs? Suggest remedial s","","","verified","Clean sweep + spot-check sample confirmed sound - bulk pass 2026-08-26"
"question","f5a3790e-0a48-4319-b4e2-d02ab1da1e22","2016","6","Comment on the challenges for inclusive growth which include careless and useless manpower in the Indian context. Suggest measures to be tak","","","verified","Clean sweep + spot-check sample confirmed sound - bulk pass 2026-08-26"
"question","1e0a824f-5c0d-4bf9-b823-64353dc5ecce","2016","7","What is water-use efficiency? Describe the role of micro-irrigation in increasing the water-use efficiency.","","","verified","Clean sweep + spot-check sample confirmed sound - bulk pass 2026-08-26"
"question","20ae4900-06bb-40b7-bfb3-3280afe2d360","2016","8","What is allelopathy? Discuss its role in major cropping systems of irrigated agriculture.","","","verified","Clean sweep + spot-check sample confirmed sound - bulk pass 2026-08-26"
"question","4a304e7d-f4fd-41d3-a6c7-f51191919b7b","2016","9","Discuss the role of land reforms in agricultural development. Identify the factors that were responsible for the success of land reforms in ","","","verified","Clean sweep + spot-check sample confirmed sound - bulk pass 2026-08-26"
"question","bcafa747-5e93-445f-834a-a64ebc457925","2016","10","Given the vulnerability of Indian agriculture to vagaries of nature, discuss the need for crop insurance and bring out the salient features ","","","verified","Clean sweep + spot-check sample confirmed sound - bulk pass 2026-08-26"
"question","efe4610a-679b-4d7d-8d05-77e67b1befa0","2016","11","Give an account of the current status and the targets to be achieved pertaining to renewable energy sources in the country. Discuss in brief","","","verified","Clean sweep + spot-check sample confirmed sound - bulk pass 2026-08-26"
"question","7e9099b9-7c04-468e-bb7b-12af351e1f7c","2016","12","Discuss India's achievements in the field of Space Science and Technology. How the application of this technology has helped India in its so","","spot_check","verified","Clean sweep + spot-check sample confirmed sound - bulk pass 2026-08-26"
"question","1870cf91-e7ea-4221-bf28-3f9df99cce72","2016","13","Why is nanotechnology one of the key technologies of the 21st century? Describe the salient features of Indian Government's Mission on Nanos","","","verified","Clean sweep + spot-check sample confirmed sound - bulk pass 2026-08-26"
"question","8036107c-d343-4c30-bdd2-4423c865ff79","2016","14","Rehabilitation of human settlements is one of the important environmental impacts which always attracts controversy while planning major pro","","","verified","Clean sweep + spot-check sample confirmed sound - bulk pass 2026-08-26"
"question","b97678b9-5f84-4c58-9fcd-a58391c04d50","2016","15","The frequency of urban floods due to high intensity rainfall is increasing over the years. Discussing the reasons for urban floods, highligh","","","verified","Clean sweep + spot-check sample confirmed sound - bulk pass 2026-08-26"
"question","b1d9c551-5cbb-4664-8b85-977a43a43abf","2016","16","With reference to National Disaster Management Authority (NDMA) guidelines, discuss the measures to be adopted to mitigate the impact of the","","","verified","Clean sweep + spot-check sample confirmed sound - bulk pass 2026-08-26"
"question","5d3d121f-141d-48d1-ae79-caaac93fcc60","2016","17","The terms 'Hot Pursuit' and 'Surgical Strikes' are often used in connection with armed action against terrorist attacks. Discuss the strateg","","","verified","Clean sweep + spot-check sample confirmed sound - bulk pass 2026-08-26"
"question","0f1dea88-5417-4a8e-9771-b72be59cd587","2016","18","""Terrorism is emerging as a competitive industry over the last few decades."" Analyze the above statement.","","","verified","Clean sweep + spot-check sample confirmed sound - bulk pass 2026-08-26"
"question","4339caf5-e98d-4c97-b1c7-bcdc001d1080","2016","19","Border management is a complex task due to difficult terrain and hostile relations with some countries. Elucidate the challenges and strateg","","","verified","Clean sweep + spot-check sample confirmed sound - bulk pass 2026-08-26"
"question","c07cebb4-896b-45b3-9a76-d186ccbb4522","2016","20","Use of Internet and social media by non-state actors for subversive activities is a major security concern. How have these been misused in t","","","verified","Clean sweep + spot-check sample confirmed sound - bulk pass 2026-08-26"
"question","4e2a7108-0e75-4308-b6a8-51e3842b80f5","2016","21","Explain how ethics contributes to social and human well-being.","","","verified","Clean sweep + spot-check sample confirmed sound - bulk pass 2026-08-26"
"question","933ba7ad-3c3e-42a1-a02d-95bc9cc45cd7","2016","22","Why should impartiality and non-partisanship be considered as foundational values in public services, especially in the present day socio-po","","","verified","Clean sweep + spot-check sample confirmed sound - bulk pass 2026-08-26"
"question","313b01dd-f27e-416d-bc5f-3afed26703ff","2016","23","What do you understand by the terms 'governance', 'good governance' and 'ethical governance'?","","spot_check","verified","Clean sweep + spot-check sample confirmed sound - bulk pass 2026-08-26"
"question","5a6efffb-db69-45d1-b209-a96b430f40a2","2016","24","Discuss Mahatma Gandhi's concept of seven sins.","","","verified","Clean sweep + spot-check sample confirmed sound - bulk pass 2026-08-26"
"question","3aef0642-b212-4781-963e-fe739c5f96a3","2016","25","Analyse John Rawls's concept of social justice in the Indian context.","","","verified","Clean sweep + spot-check sample confirmed sound - bulk pass 2026-08-26"
"question","8e7b3891-4369-42be-81df-58c9f3e5d70b","2016","26","Discuss the Public Services Code as recommended by the 2nd Administrative Reforms Commission.","","","verified","Clean sweep + spot-check sample confirmed sound - bulk pass 2026-08-26"
"question","bc38ad5a-8bf7-4d65-a2c4-18c21a1f6339","2016","27","""Corruption causes misuse of government treasury, administrative inefficiency and obstruction in the path of national development."" Discuss ","","","verified","Clean sweep + spot-check sample confirmed sound - bulk pass 2026-08-26"
"question","bf7dad44-f810-4d93-8f0f-96f2f98f3a54","2016","28","How could social influence and persuasion contribute to the success of Swachh Bharat Abhiyan?","","","verified","Clean sweep + spot-check sample confirmed sound - bulk pass 2026-08-26"
"question","26246753-8232-4294-9e4a-67ef2d90633e","2016","29","Law and ethics are considered to be the two tools for controlling human conduct so as to make it conducive to civilized social existence. (a","","","verified","Clean sweep + spot-check sample confirmed sound - bulk pass 2026-08-26"
"question","ac72f643-cb9a-4555-8efb-91c4334f2f50","2016","30","Our attitudes towards life, work, other people and society are generally shaped unconsciously by the family and the social surroundings in w","","","verified","Clean sweep + spot-check sample confirmed sound - bulk pass 2026-08-26"
"question","1a16fc4b-2bbd-425a-97fd-e4e53932fad5","2016","31","Anger is a harmful negative emotion. It is injurious to both personal life and work life. (a) Discuss how it leads to negative emotions and ","","","verified","Clean sweep + spot-check sample confirmed sound - bulk pass 2026-08-26"
"question","7d2a8fad-cfb8-4c36-944e-69bc82caa8aa","2016","32","""Max Weber said that it is not wise to apply to public administration the sort of moral and ethical norms we apply to matters of personal co","","","verified","Clean sweep + spot-check sample confirmed sound - bulk pass 2026-08-26"
"question","38556517-342d-4221-aea8-81f0a0a48c5c","2016","33","A fresh engineering graduate gets a job in a prestigious chemical industry. She likes the work. The salary is also good. However, after a fe","","spot_check","verified","Clean sweep + spot-check sample confirmed sound - bulk pass 2026-08-26"
"question","c75b49f0-01fe-407b-8e69-f686d309de28","2016","34","Land needed for mining, dams and other large-scale projects is acquired mostly from Adivasis, hill dwellers and rural communities. The displ","","","verified","Clean sweep + spot-check sample confirmed sound - bulk pass 2026-08-26"
"question","387a7836-5302-4d9c-a8f4-c8384b737dc9","2016","35","Suppose you are an officer in-charge of implementing a social service scheme to provide support to old and destitute women. An old and illit","","","verified","Clean sweep + spot-check sample confirmed sound - bulk pass 2026-08-26"
"question","27924e2e-664a-4ae2-9ae5-c72fba13758d","2016","36","You are a young, aspiring and sincere employee in a Government office working as an assistant to the director of your department. Since you ","","","verified","Clean sweep + spot-check sample confirmed sound - bulk pass 2026-08-26"
"question","c79677e1-14c6-48c5-bb46-636b685197d1","2016","37","ABC Ltd. is a large transnational company having diversified business activities with a huge shareholder base. The company is continuously e","","","verified","Clean sweep + spot-check sample confirmed sound - bulk pass 2026-08-26"
"question","c377a0fd-d06e-471d-a2d7-0c97bc4116a0","2016","38","Saraswati was a successful IT professional in USA. Moved by the patriotic sense of doing something for the country she returned to India. To","","","verified","Clean sweep + spot-check sample confirmed sound - bulk pass 2026-08-26"
"question","47e13823-b2f8-49cd-93e4-7c2febefa504","2016","39","Early Buddhist cave-art as witnessed in Barabar and Nagarjuni caves and later cave-traditions of western India show long continuous evolutio","","","verified","Clean sweep + spot-check sample confirmed sound - bulk pass 2026-08-26"
"question","2c4674cb-1cbf-4741-b632-00ac0c33f72e","2016","40","Chola architecture represents a high watermark in the history of Indian architecture. Comment.","","","verified","Clean sweep + spot-check sample confirmed sound - bulk pass 2026-08-26"
"question","e324bcac-9049-4619-85ec-cb5c8cb42f76","2016","41","Explain how the Uprising of 1857 constitutes an important watershed in the evolution of British policies towards colonial India.","","","verified","Clean sweep + spot-check sample confirmed sound - bulk pass 2026-08-26"
"question","60dc2ac4-c7d9-4465-a455-b67b531a9e70","2016","42","Discuss the role of women in the freedom struggle especially in the Gandhian phase.","","","verified","Clean sweep + spot-check sample confirmed sound - bulk pass 2026-08-26"
"question","384b22b9-0486-443f-803d-adaaa60273b6","2016","43","Highlight the differences in the approach of Subhash Chandra Bose and Mahatma Gandhi in the struggle for freedom.","","","verified","Clean sweep + spot-check sample confirmed sound - bulk pass 2026-08-26"
"question","921a42d3-a65e-4491-9c8c-77ab160225f7","2016","44","Has the formation of linguistic states strengthened the cause of Indian unity?","","spot_check","verified","Clean sweep + spot-check sample confirmed sound - bulk pass 2026-08-26"
"question","1c035161-2dbb-4898-ae04-b3f5b2001598","2016","45","The anti-colonial struggles in West Africa were led by the new elite of Western-educated Africans. Examine.","","","verified","Clean sweep + spot-check sample confirmed sound - bulk pass 2026-08-26"
"question","5771b034-18b0-4a89-8c6c-a39c0efc0f86","2016","46","To what extent globalisation has influenced the core of cultural diversity in India? Explain.","","","verified","Clean sweep + spot-check sample confirmed sound - bulk pass 2026-08-26"
"question","94ba16dd-7359-4d9f-8e46-7a63fb345d6a","2016","47","""An essential condition to eradicate poverty is to liberate the poor from the process of deprivation."" Substantiate this statement with suit","","","verified","Clean sweep + spot-check sample confirmed sound - bulk pass 2026-08-26"
"question","06363710-b2fa-4889-8d24-6fe55ae0de50","2016","48","Why are the tribals in India referred to as 'Adivasis'? Indicate the major areas of their geographic concentration.","","","verified","Clean sweep + spot-check sample confirmed sound - bulk pass 2026-08-26"
"question","ee02dfc3-5a6e-4d45-90f2-a92838fc05b3","2016","49","Explain the changes in population growth rates and distribution in India since Independence.","","","verified","Clean sweep + spot-check sample confirmed sound - bulk pass 2026-08-26"
"question","2982e56c-c28e-48f2-baf3-a52dfda11b25","2016","50","Discuss the changes in the patterns of internal migration in India over the last few decades.","","","verified","Clean sweep + spot-check sample confirmed sound - bulk pass 2026-08-26"
"question","b1f2f16a-3968-4efc-aa1f-ff2c63d331f7","2016","51","What is regionalism? Is it that regionalism occurs due to rising cultural assertiveness or due to regional economic disparities? Discuss.","","","verified","Clean sweep + spot-check sample confirmed sound - bulk pass 2026-08-26"
"question","98149088-ab0b-4817-9621-cb7bb3620437","2016","52","Assess the impact of smart cities mission on urban development in India.","","","verified","Clean sweep + spot-check sample confirmed sound - bulk pass 2026-08-26"
"question","b590375d-11ec-4bc3-9ff4-ec2cfab8835c","2016","53","Major cities of India are becoming more vulnerable to flood conditions. Discuss the reasons and remedial measures.","","","verified","Clean sweep + spot-check sample confirmed sound - bulk pass 2026-08-26"
"question","976f1a8b-f620-4fa3-8fbb-06a1bd333c87","2016","54","Present an account of the Indus Valley Civilization with special reference to its town planning and drainage system.","","","verified","Clean sweep + spot-check sample confirmed sound - bulk pass 2026-08-26"
"question","0f9e59b2-03f0-4627-8da6-d960a8eb3be1","2016","55","Enumerate the problems and prospects of inland water transport in India.","","spot_check","verified","Clean sweep + spot-check sample confirmed sound - bulk pass 2026-08-26"
"question","24c755b2-4e29-4fe9-8e7d-bfa0227508f8","2016","56","In what way micro-watershed development projects help in water conservation in drought-prone and semi-arid regions of India?","","","verified","Clean sweep + spot-check sample confirmed sound - bulk pass 2026-08-26"
"question","7126b63c-f0b9-42cf-a09a-b0632f137c63","2016","57","Explain the concept of 'Air Mass' and describe its role in macro-climatic changes.","","","verified","Clean sweep + spot-check sample confirmed sound - bulk pass 2026-08-26"
"question","63a20fd8-172b-45ce-93e0-4ef600514779","2016","58","The Himalayas are highly prone to landslides. Discuss the causes and suggest suitable mitigation strategies.","","","verified","Clean sweep + spot-check sample confirmed sound - bulk pass 2026-08-26"
"question","f1c1302b-778d-444d-b97f-a26537f42e36","2016","59","Discuss the Essentials of the 69th Constitutional Amendment Act and controversies surrounding it as a dimensions of federal friction.","","","verified","Clean sweep + spot-check sample confirmed sound - bulk pass 2026-08-26"
"question","5d805c47-c48e-4e66-a963-7c7dccfe35bd","2016","60","To what extent, in your view, the Parliament is able to ensure accountability of the executive in India?","","","verified","Clean sweep + spot-check sample confirmed sound - bulk pass 2026-08-26"
"question","c941ac14-8b89-4389-ab2b-4046bc4368b9","2016","61","""Strict purity of political parties is a myth in Indian democracy."" Comment in the context of funding of political parties.","","","verified","Clean sweep + spot-check sample confirmed sound - bulk pass 2026-08-26"
"question","d549139a-7a98-488b-b977-d390ebf9dee4","2016","62","Examine the role of the Comptroller and Auditor General (CAG) of India in maintaining financial discipline in the governance.","","","verified","Clean sweep + spot-check sample confirmed sound - bulk pass 2026-08-26"
"question","55f19325-843a-47c4-8d03-6a295485993c","2016","63","The National Human Rights Commission (NHRC) in India has been often described as a 'toothless tiger'. Examine the statement critically.","","","verified","Clean sweep + spot-check sample confirmed sound - bulk pass 2026-08-26"
"question","78ddfe61-9389-4534-8cd9-bed48a97c1d2","2016","64","Analyze the impact of the Right to Information (RTI) Act on the transparency and accountability of administration in India.","","","verified","Clean sweep + spot-check sample confirmed sound - bulk pass 2026-08-26"
"question","4540d592-ca43-4c5a-afe0-9c8f98c2f31a","2016","65","Evaluate the role of Self-Help Groups (SHGs) in women empowerment and rural development.","","spot_check","verified","Clean sweep + spot-check sample confirmed sound - bulk pass 2026-08-26"
"question","741f1919-c0a7-4c70-b50e-08cdce3ff541","2016","66","The target of 'Health for All' cannot be achieved without addressing the structural issues of health infrastructure in India. Discuss.","","","verified","Clean sweep + spot-check sample confirmed sound - bulk pass 2026-08-26"
"question","d4eb4d04-43ea-4256-b0b8-6e02788729db","2016","67","""India's relations with its neighbors are deeply affected by domestic politics."" Elaborate with suitable examples.","","","verified","Clean sweep + spot-check sample confirmed sound - bulk pass 2026-08-26"
"question","52a4eaed-d1d2-4887-98e8-ab6daee654d0","2016","68","Discuss the significance and challenges of India's 'Act East Policy' in the changing geopolitical scenario.","","","verified","Clean sweep + spot-check sample confirmed sound - bulk pass 2026-08-26"
"question","13460024-8249-4fed-ba2e-49867f1b0f67","2016","69","Discuss the procedures and utility of the mechanism of Judicial Review in the context of the Indian Constitution.","","","verified","Clean sweep + spot-check sample confirmed sound - bulk pass 2026-08-26"
"question","f01f496d-3908-4e2f-9438-55066ee0ae9e","2016","70","Examine the tension between the Fundamental Rights and Directive Principles of State Policy with the help of landmark judicial pronouncement","","","verified","Clean sweep + spot-check sample confirmed sound - bulk pass 2026-08-26"
"question","eb4b95c5-debd-456b-a28f-4881673dbb15","2016","71","The office of the Governor has been a center of federal disputes in India. Analyze the reasons and suggest constitutional remedies.","","","verified","Clean sweep + spot-check sample confirmed sound - bulk pass 2026-08-26"
"question","00cb9fa4-e1af-453c-b209-c9e377cad0c0","2016","72","Evaluate the performance of the Panchayati Raj Institutions (PRIs) since the 73rd Constitutional Amendment Act.","","","verified","Clean sweep + spot-check sample confirmed sound - bulk pass 2026-08-26"
"question","1cad5414-ea31-41e2-9f88-0a84e2b75efe","2016","73","What are Civil Services reforms? Discuss their necessity in making administration citizen-centric.","","","verified","Clean sweep + spot-check sample confirmed sound - bulk pass 2026-08-26"
"question","3ff06895-c1a8-4b60-8a3f-0e65789f88ec","2016","74","The role of Non-Governmental Organizations (NGOs) in development planning has increased significantly. Analyze the opportunities and regulat","","","verified","Clean sweep + spot-check sample confirmed sound - bulk pass 2026-08-26"
"question","ea4eda6c-e787-4570-a7ea-4a62ad2c9502","2016","75","Examine the effectiveness of the targeted public distribution system (TPDS) in ensuring food security for the poorest of the poor.","","","verified","Clean sweep + spot-check sample confirmed sound - bulk pass 2026-08-26"
"question","d916c250-663d-424b-aa05-599d156a7f3e","2016","76","Analyze the strategic dimensions of India's maritime security architecture in the Indian Ocean Region.","","spot_check","verified","Clean sweep + spot-check sample confirmed sound - bulk pass 2026-08-26"
"question","058c48f8-1776-4a30-a377-32b72429ab92","2016","77","Discuss the institutional challenges before the United Nations Security Council (UNSC) and evaluate India's case for a permanent seat.","","","verified","Clean sweep + spot-check sample confirmed sound - bulk pass 2026-08-26"
"question","05393093-b16e-455a-88e0-a866c0472d42","2016","78","What is the significance of the diaspora in India's foreign policy? Evaluate the steps taken by the government to engage with them.","","","verified","Clean sweep + spot-check sample confirmed sound - bulk pass 2026-08-26"
"question","f1a489ba-37b9-448d-9125-3463ce8f9950","2016","79","If development is not engendered, it is endangered.","","","verified","Clean sweep + spot-check sample confirmed sound - bulk pass 2026-08-26"
"question","3ae4bc47-8794-4c28-ba65-c649de0e6268","2016","80","Need brings ordinary networks together, greed creates a breed of power-mongers.","","","verified","Clean sweep + spot-check sample confirmed sound - bulk pass 2026-08-26"
"question","bd80505d-22c5-44d2-bfcc-df751a15b869","2016","81","Water disputes between States in federal India.","","","verified","Clean sweep + spot-check sample confirmed sound - bulk pass 2026-08-26"
"question","d155ed1e-2391-425b-9f9b-b32746b20e3a","2016","82","Innovation is the key determinant of economic growth and social welfare.","","","verified","Clean sweep + spot-check sample confirmed sound - bulk pass 2026-08-26"
"question","e42a9a8d-1fe7-455d-a4de-40904d0452cb","2016","83","Cooperative federalism: Myth or reality.","","","verified","Clean sweep + spot-check sample confirmed sound - bulk pass 2026-08-26"
"question","4c6a1eec-a4bd-4e8e-ab5a-84696fa6b2c1","2016","84","Cyberspace and Internet: Blessing or curse to human civilization in the long run.","","","verified","Clean sweep + spot-check sample confirmed sound - bulk pass 2026-08-26"
"question","98b7fc5f-1e18-4025-97fb-5840469e2428","2016","85","Near jobless growth in India: An anomaly or an outcome of economic reforms.","","","verified","Clean sweep + spot-check sample confirmed sound - bulk pass 2026-08-26"
"question","9b0770f4-494d-4c44-b423-ccea631efc88","2016","86","Digital economy: A leveller or a source of economic inequality.","","","verified","Clean sweep + spot-check sample confirmed sound - bulk pass 2026-08-26"
"tag","19a7425d-13d3-4cb2-8812-c4f53faab626","2016","005dd8c0-5f5e-4a74-8a48-49cf9de62a02","Concept of public service and the philosophical basis of governance/probity; public servants as 'trustees' of public power and financial res","","spot_check","verified","Clean sweep + spot-check sample confirmed sound - bulk pass 2026-08-26"
"tag","f3955c68-b5cc-4ddd-b329-06aa6cd11da7","2016","01bc558f-a3a3-4612-8141-f6b2019d7c9f","Gandhian mass mobilization phases (Non-Cooperation, Civil Disobedience, Quit India) and the special role of women in this phase","","","verified","Clean sweep + spot-check sample confirmed sound - bulk pass 2026-08-26"
"tag","e1a94f68-4ea7-4432-a4c1-3ad0b99e5bfe","2016","01e8ce53-5baa-4562-becf-6b729e965ab5","Defence preparedness & terror financing: FATF's role in curbing terror financing, indigenization of defence production (Atmanirbhar Bharat),","","","verified","Clean sweep + spot-check sample confirmed sound - bulk pass 2026-08-26"
"tag","194883c6-ad57-43e1-9260-3cd6bc0a0d34","2016","0759df3b-d42c-4c8c-a189-6915fda4b6c3","Investment models: need for and sources/measures of investment, domestic (public/private/PPP) and foreign (FDI/FII) investment models follow","","","verified","Clean sweep + spot-check sample confirmed sound - bulk pass 2026-08-26"
"tag","523d216d-15d7-4185-8ade-2fd614f725bf","2016","07f29e66-b0bd-419d-913d-12cf735fbd4a","The self-awareness cluster (understanding feelings, accurate self-assessment) and self-management cluster (managing internal states/impulses","","","verified","Clean sweep + spot-check sample confirmed sound - bulk pass 2026-08-26"
"tag","f134b3c1-8b86-4653-8b1e-12cae285e472","2016","0e370af1-44dc-430b-a830-9c549d036623","Citizen's Charter and RTI Act: utility/limitations as accountability instruments; RTI's role in redefining accountability beyond mere citize","","","verified","Clean sweep + spot-check sample confirmed sound - bulk pass 2026-08-26"
"tag","5ccdee75-0847-4342-af54-5f4783704613","2016","135082bc-d1b2-46fd-b73b-99a2ce1eb321","Case studies & sector-specific disaster risk: pandemic-preparedness funding, disaster-induced displacement, urban flood management, Joshimat","","","verified","Clean sweep + spot-check sample confirmed sound - bulk pass 2026-08-26"
"tag","720c1b31-2b73-4e01-932f-2c22116713a6","2016","193d656c-b542-4f7d-a950-96bd80b389be","NGOs: definition and distinction from INGOs, UN criteria, role in development projects/community development/relief-rehabilitation/disaster ","","","verified","Clean sweep + spot-check sample confirmed sound - bulk pass 2026-08-26"
"tag","8d610b94-ea14-4e30-b8df-6623b64937de","2016","1eb641d0-a6b8-42e8-9f46-1a3505cbcb04","Conscience vs conformity: whistleblowing dilemmas within rule-bound bureaucratic hierarchies (including the Edward Snowden case ??? legality","","","verified","Clean sweep + spot-check sample confirmed sound - bulk pass 2026-08-26"
"tag","d344eac0-d7b2-41f2-90ef-3fe4d30fcedc","2016","1f074352-90a9-460f-9ec8-dcf193c6198b","Effects of globalization on Indian society: kinds of impact (economic, political, developmental, socio-cultural) and whether the impact is s","","","verified","Clean sweep + spot-check sample confirmed sound - bulk pass 2026-08-26"
"tag","4defdd42-b7d5-48b4-a3cb-39215935eb1a","2016","21b8574b-4143-4333-9d38-d916fd1035a2","The Governor, Chief Minister, Advocate-General, and State Legislature: appointment, discretionary/ordinance/pardoning powers, composition of","","spot_check","verified","Clean sweep + spot-check sample confirmed sound - bulk pass 2026-08-26"
"tag","5f2388f0-dd6a-401a-8663-c9c359cf5059","2016","2329c850-ad2c-48d4-aa04-40ad955a30d7","Migration patterns: internal migration shifts, distress migration, push/pull factors, emigration across colonial/post-independence/post-libe","","","verified","Clean sweep + spot-check sample confirmed sound - bulk pass 2026-08-26"
"tag","a1377f05-65c7-4876-8315-89761d584b2e","2016","26a1506e-c212-48b3-ab7d-ac33f38f6292","Social media and internal-security threats: regulation challenges, AI's dual role, and monitoring difficulties","","","verified","Clean sweep + spot-check sample confirmed sound - bulk pass 2026-08-26"
"tag","c2c630eb-0869-4aed-a04b-1b3287246656","2016","2a964f06-9b59-4139-9e33-2af38ac3ebac","Classical Temple Architecture: Nagara, Dravida, Vesara and regional sub-schools (Pallava, Chola, Pandya, Vijayanagara, Nayaka, Hoysala, Rash","","","verified","Clean sweep + spot-check sample confirmed sound - bulk pass 2026-08-26"
"tag","87a81b8d-2c94-40c9-b627-6a35fb2c105f","2016","35fbd86b-e1cf-4c28-b0d9-ac22e4a5a7dc","Climatology: atmospheric composition and structure (exosphere to troposphere), insolation and heat balance, temperature distribution and inv","","","verified","Clean sweep + spot-check sample confirmed sound - bulk pass 2026-08-26"
"tag","8753c8e3-357f-4852-9c00-bee6d6b16c61","2016","3b63063a-d46d-4491-b51c-7a098483a3a0","The Revolt of 1857: causes, leaders, suppression, nature, and consequences as a watershed in British colonial policy","","","verified","Clean sweep + spot-check sample confirmed sound - bulk pass 2026-08-26"
"tag","dc600b07-09eb-4b14-892e-b9b1c61539a0","2016","400279fd-f995-4dc7-82a9-f74875c0888e","Early Buddhist cave-art (Barabar and Nagarjuni caves) and its evolution into later western Indian cave traditions","","","verified","Clean sweep + spot-check sample confirmed sound - bulk pass 2026-08-26"
"tag","f3873ca9-e681-47c6-8035-4b478a7e6ce9","2016","409dc207-cf36-423c-85a2-a2c4346b4731","Settlement geography & disaster vulnerability: urban flooding, human-settlement surge in flood-prone areas, tribal-habitat issues","","","verified","Clean sweep + spot-check sample confirmed sound - bulk pass 2026-08-26"
"tag","bfe036a8-6bff-4902-94d7-83ccb80e983d","2016","41ad5c1f-7129-4d6e-b241-5c67f84cfb99","Frequently cited quotation-anchors for ethics answer-writing: Gandhi's 'Seven Sins' and 'the weak can never forgive'; Socrates' 'an unexamin","","","verified","Clean sweep + spot-check sample confirmed sound - bulk pass 2026-08-26"
"tag","c82985ab-fb72-49ca-af06-0f6446fededb","2016","45968189-9bef-40d6-80b7-2d2d64653b01","Linguistic reorganization of states and the Commissions (Dhar, JVP, Fazl Ali) ??? and whether it strengthened or weakened Indian unity; ling","","spot_check","verified","Clean sweep + spot-check sample confirmed sound - bulk pass 2026-08-26"
"tag","2c4bfe93-bc6a-4789-9ca4-a5c816586836","2016","46e69d27-cd73-4302-ab40-a6be2ec9d86c","Inclusive growth: meaning and concept of inclusion, India's inclusion experience, social-sector initiatives, ground reality of flagship sche","","","verified","Clean sweep + spot-check sample confirmed sound - bulk pass 2026-08-26"
"tag","b14f5143-1d7e-4493-b761-15d92f9a47eb","2016","486d9558-b45c-4b18-bd76-313104277b4a","Welfare schemes by constitutional arrangement: women welfare (gender technology gap, women in the political system, marriageable-age debate)","","","verified","Clean sweep + spot-check sample confirmed sound - bulk pass 2026-08-26"
"tag","40e734ee-23d0-4533-b5ad-3a76c0729049","2016","48ed83ad-4c86-4465-88ee-481f5d011d11","Colonialism and Imperialism: the age of imperialism (1870-1914), imperialism in Asia, and an analysis of colonialism","","","verified","Clean sweep + spot-check sample confirmed sound - bulk pass 2026-08-26"
"tag","fcdffa7e-5769-42d3-b7e8-c0885e63da91","2016","4ae26f49-1b68-4366-b3a3-becbe93c9abb","Case studies: development vs displacement/environment trade-offs: environmental clearance vs displacement/pollution trade-offs, court-ordere","","","verified","Clean sweep + spot-check sample confirmed sound - bulk pass 2026-08-26"
"tag","9558f32a-9ea2-42c7-9324-d44598126d57","2016","4f0aa90b-bb3e-4e5c-abfa-70a39be2cca7","Political parties in India: reforms, problems in functioning, casteism and politics, anti-defection strengthening, and coalition-government ","","","verified","Clean sweep + spot-check sample confirmed sound - bulk pass 2026-08-26"
"tag","e366ebeb-dfa9-43f4-8077-411f30c630ac","2016","5132ae93-41e4-4337-a495-29cc6f00fccc","Attitude-behaviour gap in civil-servant decision-making under political pressure; persuasion techniques in public communication and citizen ","","","verified","Clean sweep + spot-check sample confirmed sound - bulk pass 2026-08-26"
"tag","1fb81920-fbb2-443c-adfa-b88bae5777ab","2016","529f8ea2-d455-4c0a-93e3-e7044ad48271","Case studies: whistleblowing, disclosure & confidentiality dilemmas: whistleblower/suspect pleading humanitarian delay, workplace-harassment","","","verified","Clean sweep + spot-check sample confirmed sound - bulk pass 2026-08-26"
"tag","910fc5de-f7c4-4249-89ba-1e207bdb66dd","2016","5a10e711-45ba-4b01-85f7-14fe8c8704ea","Statutory/regulatory/quasi-judicial bodies: CVC, CBI, NHRC ('toothless tiger' critique), SHRC, Central/State Information Commission, NGT, SE","","","verified","Clean sweep + spot-check sample confirmed sound - bulk pass 2026-08-26"
"tag","15050d51-5288-41bc-8b9b-e5024d2b5129","2016","5ccc7889-2702-4896-abba-c8d8593b4741","Fundamental Rights vs DPSPs: structural tension resolved via landmark pronouncements; scope expansion via the Right to Privacy judgment","","","verified","Clean sweep + spot-check sample confirmed sound - bulk pass 2026-08-26"
"tag","a2c77e6e-841f-48be-8ca4-ac6e60406884","2016","607ade39-fb4a-48ed-ae8a-59a83804666a","Mineral and energy resources: metallic/non-metallic mineral types, distribution and mining regions, ferrous/non-ferrous metal production and","","spot_check","verified","Clean sweep + spot-check sample confirmed sound - bulk pass 2026-08-26"
"tag","000a3327-9044-469f-b1d9-e8003503bcfa","2016","60dbf376-d7e5-4833-92de-a0bb8f24568d","Essence, determinants and consequences of ethics in human actions; approaches to ethical study (Indian vs Western perspectives); basic conce","","","verified","Clean sweep + spot-check sample confirmed sound - bulk pass 2026-08-26"
"tag","d1d86929-9b79-4789-850a-1bd2e9243612","2016","62304d51-cb8d-475b-b0c4-2951d56d8505","Case studies: public-service integrity & corruption dilemmas: welfare-scheme 'ghost beneficiary' fraud amid caste sensitivities, law-enforce","","","verified","Clean sweep + spot-check sample confirmed sound - bulk pass 2026-08-26"
"tag","019c1e7c-4356-4b3c-88d5-77fa71ce490f","2016","679298f7-255d-4a9b-8988-523e5f4e09ae","Technology in agriculture: data revolution, AI applications, social-security schemes for farmers (climate-smart agriculture, precision farmi","","","verified","Clean sweep + spot-check sample confirmed sound - bulk pass 2026-08-26"
"tag","e65cc3af-1463-45bc-b8de-fc4c7e3f8c93","2016","6ca6382e-c307-415a-b750-3e76d7f2b32a","Council of Ministers, Attorney General of India, and Parliament: composition of Lok Sabha/Rajya Sabha, qualification/disqualification, sessi","","","verified","Clean sweep + spot-check sample confirmed sound - bulk pass 2026-08-26"
"tag","b45a2e6e-dd87-4ff3-8675-775eb6f37a93","2016","7036549d-c1aa-4248-84c6-45ae201bba10","India and neighbours: Nepal (water/hydropower cooperation, contentions, recommendations), Bhutan (economic overview, China issues), Afghanis","","","verified","Clean sweep + spot-check sample confirmed sound - bulk pass 2026-08-26"
"tag","df7cce98-96d3-403a-bf84-eebe45cb864f","2016","713e2592-48db-4305-8220-e0184bff4d90","Crop insurance in India: historical background, issues, PMFBY, and comparison with earlier schemes","","","verified","Clean sweep + spot-check sample confirmed sound - bulk pass 2026-08-26"
"tag","4e5b9486-b72c-4df2-a49f-b1daadb2ebb6","2016","7d6c2cf2-04cb-4794-b5f4-acd8434df0e2","Indus Valley Civilization: major cities and town-planning, internal/foreign trade, agriculture, domestication, crafts, weights and measures,","","","verified","Clean sweep + spot-check sample confirmed sound - bulk pass 2026-08-26"
"tag","39895b73-57e2-412f-96e0-33ca829ac2d3","2016","7f4f03e7-1290-42be-b31f-075d0dcfef49","Security challenges in the Indian Ocean Region: US pivot to Asia, South China Sea mistrust, Somalia piracy, neighbourhood terrorism, energy ","","","verified","Clean sweep + spot-check sample confirmed sound - bulk pass 2026-08-26"
"tag","62477cba-3703-4010-872f-4a70e0836832","2016","864d1c11-6f6a-4e72-bab5-1468b24ab6e8","Distinguishing a 'Code of Conduct' from a 'Code of Ethics'; code of conduct for ministers/legislators/civil servants/regulators/judiciary","","spot_check","verified","Clean sweep + spot-check sample confirmed sound - bulk pass 2026-08-26"
"tag","b0df60fa-f3d2-46d9-8697-1f348c526902","2016","86e91925-ade1-46a6-9f3f-ee232619cec4","Ethics in public life vs economic life; freedom and discipline; duties and rights; virtue ethics; consequences of ethics in human actions","","","verified","Clean sweep + spot-check sample confirmed sound - bulk pass 2026-08-26"
"tag","82e9e76b-b154-470c-b081-6f76eb60825f","2016","8819a266-1f8b-489b-82ad-34bfae1fd83b","Banking: structure/functions, RBI and bank types (public/private/foreign/regional-rural/local-area/specialized/small-finance/payments banks)","","","verified","Clean sweep + spot-check sample confirmed sound - bulk pass 2026-08-26"
"tag","4279fc49-8e6a-461a-a6a4-99d5e95e6ee4","2016","89e5bc0f-be21-4bfc-a50e-9b96b4e3960e","Structural growth debates: savings rate/investment pattern/capital-output ratio as growth levers, manufacturing's limited capacity to absorb","","","verified","Clean sweep + spot-check sample confirmed sound - bulk pass 2026-08-26"
"tag","2b4921dd-2841-4c91-b20f-46be0344f4a6","2016","8a59db20-4195-4abc-abed-90993b8a8dac","Environmental Impact Assessment: executing body, effects analysed, EIA process, and the EIA notification of 1984 (procedural evolution)","","","verified","Clean sweep + spot-check sample confirmed sound - bulk pass 2026-08-26"
"tag","541eb54f-f473-4e5b-9a0c-5b8ea7389a7d","2016","8eeed04f-afc7-4d17-82af-e1d09673187f","Rise of Revolutionary Nationalism in India and abroad (Ghadar party, Abhinav Bharat, HSRA); role of Subhash Chandra Bose and the INA versus ","","","verified","Clean sweep + spot-check sample confirmed sound - bulk pass 2026-08-26"
"tag","f803ef17-4b01-448d-90ac-1533342e952b","2016","90ed023c-e549-4e63-b13a-7f428b2fca21","Demographic transition: changes in population growth rates and distribution since Independence; population problems of developing vs develop","","","verified","Clean sweep + spot-check sample confirmed sound - bulk pass 2026-08-26"
"tag","563fe1eb-9204-4d58-a5f8-5825c840efe0","2016","96f80871-5186-4d46-84f8-bb0dca95bbc6","Role of agriculture in the Indian economy: historical background and current status, cropping systems (mono-cropping, crop rotation, sequent","","","verified","Clean sweep + spot-check sample confirmed sound - bulk pass 2026-08-26"
"tag","a8b03337-b174-4566-9d2c-630b39e50e50","2016","974077d9-8ad9-46bb-8d6d-6291436c76c3","Global institutions: UN structure (UNGA, UNSC and India's candidacy, ECOSOC), ICJ, UN specialised agencies (FAO, ICAO, ILO, IMO, ITU, UNESCO","","","verified","Clean sweep + spot-check sample confirmed sound - bulk pass 2026-08-26"
"tag","a8a7032d-ad8c-420b-84dc-d4b73779f547","2016","97de0712-a47f-4f64-95fd-aae8066a0cd0","Himalayan geomorphology & hazards: receding Himalayan glaciers, Himalayan landslides, tectonic deformation in northern plains, Chenab Valley","","","verified","Clean sweep + spot-check sample confirmed sound - bulk pass 2026-08-26"
"tag","f85810b7-7bbf-4bc2-b86f-71685163c84a","2016","9bd20b7a-c1d9-47a4-9be8-992b9d023c5b","Land reforms: colonial-era ownership patterns (Zamindari, Ryotwari, Mahalwari), objectives and progress since Independence, ceiling-legislat","","spot_check","verified","Clean sweep + spot-check sample confirmed sound - bulk pass 2026-08-26"
"tag","a5d3fd48-8d52-4858-9960-23241df3cca0","2016","9d969b75-3f3f-466b-830b-82c16b295324","Case studies: welfare-access & exclusion dilemmas: digital/biometric exclusion of a genuine welfare beneficiary, biometric-mandate exclusion","","","verified","Clean sweep + spot-check sample confirmed sound - bulk pass 2026-08-26"
"tag","02a99476-bfb4-4b69-b8ac-4e7f11822041","2016","9db64cc9-59df-4af5-b4c2-62d4ce17b119","Indian diaspora: role played, safety of Indians abroad, and welfare schemes for overseas Indians","","","verified","Clean sweep + spot-check sample confirmed sound - bulk pass 2026-08-26"
"tag","75153315-e742-45e2-a4df-63a9b4962b4b","2016","9e99f300-81e6-42e9-8acf-0061160feb6c","Role of civil services in a democracy: concept and need for civil services, law-making role (policy formulation/implementation/evaluation), ","","","verified","Clean sweep + spot-check sample confirmed sound - bulk pass 2026-08-26"
"tag","fcb310d4-a6ae-42e5-997a-b0d522f84b3b","2016","a1983b76-2b14-4659-8a8b-0cc2f98c8b41","Water resources: underground/surface/inland/oceanic water resources, utilization patterns, water pollution, conservation techniques, river-i","","","verified","Clean sweep + spot-check sample confirmed sound - bulk pass 2026-08-26"
"tag","3c8258cb-e33a-4314-83e3-28d23be5e808","2016","a4a8c1e1-108a-4040-8df0-ed5104f2a464","Western philosophers used as ethics-paper anchors: Plato, Aristotle, Socrates, Jeremy Bentham, J.S. Mill, Thomas Hobbes, John Locke, Jean-Ja","","","verified","Clean sweep + spot-check sample confirmed sound - bulk pass 2026-08-26"
"tag","67ca7170-1571-4f66-a484-dd44cd23c960","2016","aed2b8f0-5d07-43b8-8d16-9d72b34efc31","Local government: 73rd/74th Amendment provisions, functions of municipal corporations/councils/nagar panchayats, State Election/Finance Comm","","","verified","Clean sweep + spot-check sample confirmed sound - bulk pass 2026-08-26"
"tag","7e53883a-94b7-4e0f-a528-060245da52f8","2016","b0f90d0f-c35e-4c56-b8ff-2bfac91061cd","Communalism: meaning, historicity, role of third parties in inciting/perpetrating it, and whether it can be eradicated; regionalism's theori","","","verified","Clean sweep + spot-check sample confirmed sound - bulk pass 2026-08-26"
"tag","1c63d098-b136-41ca-ab06-f1d520a212a0","2016","b7deebd7-f749-4bbb-9005-9c15fac2eda9","Urbanization challenges: growth of the informal urban sector, smart cities as a management tool, flood vulnerability of major cities, rural-","","","verified","Clean sweep + spot-check sample confirmed sound - bulk pass 2026-08-26"
"tag","b0300d5b-a361-456d-9dcc-ffaafbec2e5d","2016","b7deebd7-f749-4bbb-9005-9c15fac2eda9","Urbanization challenges: growth of the informal urban sector, smart cities as a management tool, flood vulnerability of major cities, rural-","","","verified","Clean sweep + spot-check sample confirmed sound - bulk pass 2026-08-26"
"tag","99c7c950-b53b-4e18-92dd-2923241b026d","2016","bacbe426-6d8e-404e-9fe8-ebfbf658908a","Development process and industry: growth vs development, main constraints and stakeholders, SHGs (meaning, importance, institutional structu","","spot_check","verified","Clean sweep + spot-check sample confirmed sound - bulk pass 2026-08-26"
"tag","28f4804c-50f5-4a98-a95c-d8981b625770","2016","bb4b38f9-3dfb-4208-b972-df2bdcf4ec67","The Judiciary: integrated judicial system, Supreme Court composition/independence/jurisdiction/judicial-review/curative-petition, High Court","","","verified","Clean sweep + spot-check sample confirmed sound - bulk pass 2026-08-26"
"tag","320ca782-62b9-4579-9d2b-6c4847e63e20","2016","bc25126f-b87b-48ab-815a-e38d4695b353","'Adivasi' as a category: reasons for the term and geographic concentration of tribal populations; issues with tribal habitat in India","","","verified","Clean sweep + spot-check sample confirmed sound - bulk pass 2026-08-26"
"tag","71e15c56-b536-416d-827d-16966c6973cd","2016","c5596c08-4ed2-4fc7-9809-3749d1d42e1d","Evolution and key principles of Indian foreign policy: determinants, NAM/NAM 2.0, Panchsheel, India's nuclear doctrine, neighbourhood-policy","","","verified","Clean sweep + spot-check sample confirmed sound - bulk pass 2026-08-26"
"tag","26a0af82-07fd-4192-888f-dfec552bc514","2016","ca01391b-a07b-4e8a-afb3-96a2e2d29a5f","Transport and communication: land/water/air transport modes, sea routes and shipping canals, inland waterways, pipelines, and India-specific","","","verified","Clean sweep + spot-check sample confirmed sound - bulk pass 2026-08-26"
"tag","47e1516e-8a9e-4ac6-99a4-2653f24bfb60","2016","cb41e1de-d76d-4969-a19a-34668a10b355","Space technology: orbit types, launch-vehicle classification, major agencies (ISRO, NASA, ESA, Roscosmos, JAXA, CNSA) and their missions, IS","","","verified","Clean sweep + spot-check sample confirmed sound - bulk pass 2026-08-26"
"tag","6f0bcce7-0ca0-4865-b0a1-eff93e638c29","2016","d07227df-974f-4268-bbc4-a59fb80b38bb","Nanoscience and nanotechnology: basics, nanomaterials, applications (medicine, semiconductors, food, textiles, sustainable energy, environme","","","verified","Clean sweep + spot-check sample confirmed sound - bulk pass 2026-08-26"
"tag","919f3de5-9277-45c5-8369-e663f1707a6a","2016","d0aef2ad-4b7d-4f1d-b6f9-15501c29e2ab","Right to Education Act's access-expansion vs persistent quality challenge; MGNREGA's asset-creation and distress-migration-reduction perform","","","verified","Clean sweep + spot-check sample confirmed sound - bulk pass 2026-08-26"
"tag","9ac8069e-c894-4f66-80e5-a81dd7f29683","2016","d15f2191-e534-4e4a-ba43-756c50d2bd05","Administrative-management thinkers used as case anchors: Max Weber, Elton Mayo, Peter Drucker, Chester Barnard, Mary Parker Follett","","","verified","Clean sweep + spot-check sample confirmed sound - bulk pass 2026-08-26"
"tag","0b2f8d1b-8070-4245-94bd-74fbe4c458e0","2016","d9481625-b7ce-4ad6-9fb4-b3b1d9d6dd14","Security challenges in border areas: challenges to border management, community-participation approaches, non-demarcated border segments, an","","spot_check","verified","Clean sweep + spot-check sample confirmed sound - bulk pass 2026-08-26"
"tag","e3ec37da-79b3-459e-8126-8908faebe53e","2016","e5704894-15e4-4497-aab1-946239e3550c","Terrorism threat to India: changing face of terrorism, threats faced, the broader counter-terrorism framework, and drawbacks in intelligence","","","verified","Clean sweep + spot-check sample confirmed sound - bulk pass 2026-08-26"
"tag","2b3c5315-ec23-46d9-94a1-babe75b4eb00","2016","e586510e-b291-4d77-8981-c9f92a1ab815","'Health for All' target vs structural health-infrastructure gaps; rising out-of-pocket health expenditure; commercialization of healthcare v","","","verified","Clean sweep + spot-check sample confirmed sound - bulk pass 2026-08-26"
"tag","743df3f7-744b-4be0-beac-c1ca68e32c92","2016","e957f7b7-aa14-4051-898d-e2bd98925f4f","Constitutional Bodies: appointment transparency (CEC/EC selection process, CAG appointment/functions/powers), tenure security, and functiona","","","verified","Clean sweep + spot-check sample confirmed sound - bulk pass 2026-08-26"
"tag","5f3e2c95-4e4b-4f20-861f-5a4dd073911e","2016","ebec1783-9d34-4091-86c2-73b8832e1c26","Poverty and development issues: concept of development, Sen vs Bhagwati model, crisis of development","","","verified","Clean sweep + spot-check sample confirmed sound - bulk pass 2026-08-26"
"tag","d112b52b-e25e-44a5-a96f-a1f9399171bb","2016","f1e0f21b-3a02-4120-a618-1264537b46d3","101st Amendment (GST): salient features and efficacy in building a common national market; 69th Amendment (NCT of Delhi) and federal frictio","","","verified","Clean sweep + spot-check sample confirmed sound - bulk pass 2026-08-26"
"tag","03836f94-2bbf-4a65-bf39-577cacb2090c","2016","f25643d9-50b9-411e-b57b-f7ee52bd843b","Landslide vulnerability of the Western Ghats and Himalayas: causes and mitigation strategies; institutional setups for chemical/industrial d","","","verified","Clean sweep + spot-check sample confirmed sound - bulk pass 2026-08-26"
"tag","c7792bef-5c5b-47de-b45e-5ac4c111ec62","2016","fa0f8549-786c-417d-847b-b5391e971c77","Corruption in India: extent, dimension, and response; corruption as a social evil; probity in public life; exposing corruption via civil-soc","","","verified","Clean sweep + spot-check sample confirmed sound - bulk pass 2026-08-26"
"tag","e5ec5e85-44ee-42d4-8858-5c3fa864fe4b","2016","fbe64408-6570-498e-ae35-64133838fe6c","Corporate governance: concept, models of Corporate Social Responsibility, World Bank steps for good corporate governance, and norms for corp","","","verified","Clean sweep + spot-check sample confirmed sound - bulk pass 2026-08-26"
"tag","e5e76abd-30a2-4a87-aee1-4001ac2fbd83","2016","ffcd01f2-546b-4661-a94f-c43bf6680f62","Attitude-formation model, impact of beliefs and values, group and social influences, persuasion tactics and tools","","","verified","Clean sweep + spot-check sample confirmed sound - bulk pass 2026-08-26"
"question","eceff9ad-39ca-41b3-af36-cbb8ed241fb2","2017","1","Among several factors for India's potential growth, savings rate is the most effective one. Do you agree? What are the other factors availab","","spot_check","verified","Clean sweep + spot-check sample confirmed sound - bulk pass 2026-08-26"
"question","53037501-da2e-4e23-8f1f-19dbb76ffcde","2017","2","Account for the failure of manufacturing sector in achieving the goal of labour-intensive exports. Suggest measures for more labour-intensiv","","","verified","Clean sweep + spot-check sample confirmed sound - bulk pass 2026-08-26"
"question","03b2e5ad-cd8b-49ba-95f5-6bbdd80e80bb","2017","3","Examine the development of Airports in India through joint ventures under Public-Private Partnership (PPP) model. What are the challenges fa","","","verified","Clean sweep + spot-check sample confirmed sound - bulk pass 2026-08-26"
"question","aec49396-4667-4b81-b56c-fa90ea6159c4","2017","4","Explain various types of revolutions, took place in Agriculture after independence in India. How these revolutions have helped in poverty al","","","verified","Clean sweep + spot-check sample confirmed sound - bulk pass 2026-08-26"
"question","395d8ee3-8b4f-4557-8bdd-1d0d173c2874","2017","5","What are the reasons for poor acceptance of cost-effective small processing unit? How the food processing unit will be helpful to uplift the","","","verified","Clean sweep + spot-check sample confirmed sound - bulk pass 2026-08-26"
"question","859f227e-7fef-4221-95b4-e37c76909030","2017","6","Stem cell therapy is gaining popularity in India to treat a wide variety of medical conditions including Leukaemia, Thalassemia, damaged cor","","","verified","Clean sweep + spot-check sample confirmed sound - bulk pass 2026-08-26"
"question","47b57637-76bb-45ab-b805-7b6557948871","2017","7","India has achieved remarkable successes in unmanned space missions including the Chandrayaan and Mars Orbitter Mission, but has not ventured","","","verified","Clean sweep + spot-check sample confirmed sound - bulk pass 2026-08-26"
"question","6d2c8ae5-c998-463b-a07d-ab9ce3c3bc35","2017","8","Not many years ago, river linking was a concept but it is becoming a reality in the country. Discuss the advantages of river linking and its","","","verified","Clean sweep + spot-check sample confirmed sound - bulk pass 2026-08-26"
"question","16371249-3964-495d-9cdf-80996b00e7c1","2017","9","Discuss the potential threats of Cyber attack and the security framework to prevent it.","","","verified","Clean sweep + spot-check sample confirmed sound - bulk pass 2026-08-26"
"question","43246421-1b52-4ce7-9141-c5d2325dec1b","2017","10","The North-East region of India has been infested with insurgency for a very long time. Analyze the major reasons for the survival of armed i","","","verified","Clean sweep + spot-check sample confirmed sound - bulk pass 2026-08-26"
"question","424227de-b557-427a-9c80-17729a272e5d","2017","11","One of the intended objectives of the Union Budget 2017-18 is to 'transform, energise and clean India'. Analyse the measures proposed in the","","","verified","Clean sweep + spot-check sample confirmed sound - bulk pass 2026-08-26"
"question","10601010-ed63-446b-b374-10497426ad83","2017","12","""Industrial growth rate has lagged-behind in the overall growth of Gross-Domestic-Product (GDP) in the post-reform period."" Give reasons. Ho","","spot_check","verified","Clean sweep + spot-check sample confirmed sound - bulk pass 2026-08-26"
"question","a355805d-5f76-43e6-9d6b-1020d8aa48ed","2017","13","What are the salient features of 'inclusive growth'? Has India been experiencing such a growth process? Analyse and suggest measures for inc","","","verified","Clean sweep + spot-check sample confirmed sound - bulk pass 2026-08-26"
"question","9a2ff778-e3f7-49e2-a2a9-f1fd448070d8","2017","14","What are the major reasons for declining rice and wheat yield in the cropping system? How crop diversification is helpful to stabilise the y","","","verified","Clean sweep + spot-check sample confirmed sound - bulk pass 2026-08-26"
"question","45c3b7c1-1a7b-4090-b498-a9fbb6759eb5","2017","15","How do subsidies affect the cropping pattern, crop diversity and economy of farmers? What is the significance of crop insurance, minimum sup","","","verified","Clean sweep + spot-check sample confirmed sound - bulk pass 2026-08-26"
"question","14a97ec9-5f23-4219-a00c-b81def165323","2017","16","Give an account of the growth and development of nuclear science and technology in India. What is the advantage of fast breeder reactor prog","","","verified","Clean sweep + spot-check sample confirmed sound - bulk pass 2026-08-26"
"question","9aec7f84-06fc-4ec6-8eba-7075078746bd","2017","17","'Climate change' is a global problem. How India will be affected by climate change? How Himalayan and coastal states of India will be affect","","","verified","Clean sweep + spot-check sample confirmed sound - bulk pass 2026-08-26"
"question","87838de3-9659-4a03-b56c-6987a3f05cdf","2017","18","On December 2004, tsunami brought havoc on fourteen countries including India. Discuss the factors responsible for occurrence of tsunami and","","","verified","Clean sweep + spot-check sample confirmed sound - bulk pass 2026-08-26"
"question","e9cb2d47-fa4f-4d18-83e4-5851df627aae","2017","19","Mob violence is emerging as a serious law and order problem in India. By giving suitable examples, analyze the causes and consequences of su","","","verified","Clean sweep + spot-check sample confirmed sound - bulk pass 2026-08-26"
"question","2fd765ec-79a4-401d-8788-cdb07d26bf13","2017","20","The scourge of terrorism is a grave challenge to national security. What solutions do you suggest to curb this growing menace? What are the ","","","verified","Clean sweep + spot-check sample confirmed sound - bulk pass 2026-08-26"
"question","8a70ec81-a4ad-4533-a2fd-ada4c17b1250","2017","21","Conflict of interest in the public sector arises when (a) official duties, (b) public interest, and (c) personal interest are taking priorit","","","verified","Clean sweep + spot-check sample confirmed sound - bulk pass 2026-08-26"
"question","37844963-71a7-47c3-9256-4de5c894bb8e","2017","22","Examine the relevance of the following in the context of civil service: (a) Transparency (b) Accountability (c) Fairness and justice (d) Cou","","","verified","Clean sweep + spot-check sample confirmed sound - bulk pass 2026-08-26"
"question","a7d53317-6ba8-4c04-befd-48744ac21a2a","2017","23","Young people with ethical conduct are not willing to come forward to join active politics. Suggest steps to motivate them to come forward.","","spot_check","verified","Clean sweep + spot-check sample confirmed sound - bulk pass 2026-08-26"
"question","92e40f39-d925-4fef-aa90-53aba906d8c4","2017","24","One of the tests of integrity is complete refusal to be compromised. Explain with reference to a real life example.","","","verified","Clean sweep + spot-check sample confirmed sound - bulk pass 2026-08-26"
"question","4602809b-c10e-4a1c-bd8e-7efcbe61452c","2017","25","Corporate social responsibility makes companies more profitable and sustainable. Analyse.","","","verified","Clean sweep + spot-check sample confirmed sound - bulk pass 2026-08-26"
"question","61e62a81-f138-4bf7-989c-6d2b500ac06e","2017","26","""Great ambition is the passion of a great character. Those endowed with it may perform very good or very bad acts. All depends on the princi","","","verified","Clean sweep + spot-check sample confirmed sound - bulk pass 2026-08-26"
"question","5d47abb4-9182-47c2-9161-3b2bc6e3090f","2017","27","""If a country is to be corruption free and become a nation of beautiful minds, I strongly feel there are three key societal members who can ","","","verified","Clean sweep + spot-check sample confirmed sound - bulk pass 2026-08-26"
"question","132a6a9a-ac65-42d6-93f6-ea8ba5edfa99","2017","28","How will you apply emotional intelligence in administrative practices?","","","verified","Clean sweep + spot-check sample confirmed sound - bulk pass 2026-08-26"
"question","7123547e-c385-4a07-9045-46698b04e939","2017","29","Strength, peace and security are considered to be the pillars of international relations. Elucidate.","","","verified","Clean sweep + spot-check sample confirmed sound - bulk pass 2026-08-26"
"question","d34aa44a-ba3e-4cfd-a691-6bdf7578dfe8","2017","30","The crisis of ethical values in modern times is traced to a narrow perception of the good life. Discuss.","","","verified","Clean sweep + spot-check sample confirmed sound - bulk pass 2026-08-26"
"question","a707988b-9f63-45ab-bbdb-1d01b499cb1a","2017","31","Increased national wealth did not result in equitable distribution of its benefits. It has created only some ""enclaves of modernity and pros","","","verified","Clean sweep + spot-check sample confirmed sound - bulk pass 2026-08-26"
"question","5fde9c8b-3da9-455d-ab23-2df0b66bc481","2017","32","Discipline generally implies following the order and subordination. However, it may be counter-productive for the organisation. Discuss.","","","verified","Clean sweep + spot-check sample confirmed sound - bulk pass 2026-08-26"
"question","8333b9cd-e1fe-4925-87a7-81413df4fe39","2017","33","Without commonly shared and widely entrenched moral values and obligations, neither the law, nor democratic government, nor even the market ","","","verified","Clean sweep + spot-check sample confirmed sound - bulk pass 2026-08-26"
"question","167a8a7e-e577-4ec5-a326-f724b2fddbea","2017","34","You are an honest and responsible civil servant. You often observe the following: (a) There is a general perception that adhering to ethical","","spot_check","verified","Clean sweep + spot-check sample confirmed sound - bulk pass 2026-08-26"
"question","daf92e54-9e46-4100-b871-26c63beaa0b3","2017","35","You are aspiring to become an IAS officer and you have cleared various stages and now you have been selected for the personal interview. On ","","","verified","Clean sweep + spot-check sample confirmed sound - bulk pass 2026-08-26"
"question","145a8491-15f5-4d5c-8035-84db184e5ac7","2017","36","You are the head of the Human Resources department of an organisation. One day one of the workers died on duty. His family was demanding com","","","verified","Clean sweep + spot-check sample confirmed sound - bulk pass 2026-08-26"
"question","c8d4c7f6-2288-484f-9138-8ab50b3fe2f2","2017","37","You are the manager of a spare parts company A and you have to negotiate a deal with the manager of a large manufacturing company B. The dea","","","verified","Clean sweep + spot-check sample confirmed sound - bulk pass 2026-08-26"
"question","4e3c0261-fca2-4eaa-ba3a-f0a656ce6ff9","2017","38","A building permitted for three floors, while being extended illegally to 6 floors by a builder, collapses. As a consequence, a number of inn","","","verified","Clean sweep + spot-check sample confirmed sound - bulk pass 2026-08-26"
"question","5df43dd9-4ec7-4a97-8507-92343c55b411","2017","39","You are a Public Information Officer (PIO) in a government department. You are aware that the RTI Act, 2005 envisages transparency and accou","","","verified","Clean sweep + spot-check sample confirmed sound - bulk pass 2026-08-26"
"question","118b8d98-710a-453b-bab2-994c315ebe97","2017","40","How do you justify the view that the level of excellence of the Gupta numismatic art is not at all noticeable in later times?","","","verified","Clean sweep + spot-check sample confirmed sound - bulk pass 2026-08-26"
"question","c4fc5729-de74-410d-90e5-aab5bb94c8d3","2017","41","Clarify how mid-eighteenth century India was beset with the spectre of a fragmented polity.","","","verified","Clean sweep + spot-check sample confirmed sound - bulk pass 2026-08-26"
"question","2ba4143e-db43-4306-95aa-df07ff563774","2017","42","Why did 'Moderates' fail to carry conviction with the nation about their proclaimed ideology and political goals by the end of the nineteent","","","verified","Clean sweep + spot-check sample confirmed sound - bulk pass 2026-08-26"
"question","bd0821d4-5272-43f5-9163-9f28bac45bbd","2017","43","What problems were germane to the decolonization process of Malay Peninsula?","","","verified","Clean sweep + spot-check sample confirmed sound - bulk pass 2026-08-26"
"question","0149c377-703e-4e48-add8-aca39c6c54ed","2017","44","How does the Juno Mission of NASA help to understand the origin and evolution of the Earth?","","","verified","Clean sweep + spot-check sample confirmed sound - bulk pass 2026-08-26"
"question","4dae4cc3-ac24-4a8c-867b-22caf8750e89","2017","45","""In spite of adverse environmental impacts, coal mining is still inevitable for development."" Discuss.","","spot_check","verified","Clean sweep + spot-check sample confirmed sound - bulk pass 2026-08-26"
"question","23c691cb-489d-4a00-8aff-f9facb00f21f","2017","46","Mention the advantages of the cultivation of pulses because of which the year 2016 was declared as the International Year of Pulses by the U","","","verified","Clean sweep + spot-check sample confirmed sound - bulk pass 2026-08-26"
"question","e2e1ec29-3f77-4c7e-9a6a-865dea7039e0","2017","47","How does the cryosphere affect global climate?","","","verified","Clean sweep + spot-check sample confirmed sound - bulk pass 2026-08-26"
"question","fe4f9e8f-0731-4fb1-a425-3b67974d8815","2017","48","Whether National Policy on Regional Cultural Centres in India is beneficial in taking cultural regionalism to the grassroots level? Discuss.","","","verified","Clean sweep + spot-check sample confirmed sound - bulk pass 2026-08-26"
"question","377db1ff-3fbe-4b93-947f-6c7fd631c7bd","2017","49","Discuss the various economic and socio-cultural forces that are driving increasing discrimination against the Scheduled Tribes in India.","","","verified","Clean sweep + spot-check sample confirmed sound - bulk pass 2026-08-26"
"question","81adc82e-70fc-40b5-a072-b1979bfb1321","2017","50","The spirit of tolerance and love is not only an interesting feature of Indian society from very early times, but it is also playing an impor","","","verified","Clean sweep + spot-check sample confirmed sound - bulk pass 2026-08-26"
"question","e51409e4-1f17-4ab4-ad65-788204b9d823","2017","51","Examine how the decline of traditional artisanal industry in colonial India crippled the rural economy.","","","verified","Clean sweep + spot-check sample confirmed sound - bulk pass 2026-08-26"
"question","616fbd87-135b-4568-a139-08fd4c3d22d1","2017","52","Highlight the importance of the new objectives that got added to the vision of Indian Independence since the twenties of the last century.","","","verified","Clean sweep + spot-check sample confirmed sound - bulk pass 2026-08-26"
"question","fa3f40d8-7f06-49ab-80be-43777b763e30","2017","53","Account for variations in oceanic salinity and discuss its multi-dimensional effects.","","","verified","Clean sweep + spot-check sample confirmed sound - bulk pass 2026-08-26"
"question","cfc37458-515f-4acd-b1d2-5d508649a873","2017","54","Petroleum refineries do not necessarily located nearer to crude oil producing areas, particularly in many of the developing countries. Expla","","","verified","Clean sweep + spot-check sample confirmed sound - bulk pass 2026-08-26"
"question","5e0f4ea3-c58f-408e-8c7f-36c498bbee6a","2017","55","In what way micro-watershed development projects help in water conservation in drought-prone and semi-arid regions of India?","","spot_check","verified","Clean sweep + spot-check sample confirmed sound - bulk pass 2026-08-26"
"question","90fadd6d-3885-40cb-99b7-cce326214bf9","2017","56","How does the monsoon climate manifest itself in the socio-economic life of Monsoon Asia?","","","verified","Clean sweep + spot-check sample confirmed sound - bulk pass 2026-08-26"
"question","67f433b8-f66a-4145-a756-e84935273927","2017","57","Examine the role of 'Information Technology' (IT) as a force multiplier in the growth of urban-centric hubs in India.","","","verified","Clean sweep + spot-check sample confirmed sound - bulk pass 2026-08-26"
"question","e4138244-4009-40ee-a281-14ce59367861","2017","58","Distinguish between religiousness/religiosity and communalism giving one example of how the former has got transformed into the latter in in","","","verified","Clean sweep + spot-check sample confirmed sound - bulk pass 2026-08-26"
"question","7c1fa5db-0143-4991-83f8-abf46b697711","2017","59","""The growth of cities as IT hubs has opened up new avenues of employment, but has also created new problems."" Substantiate your answer with ","","","verified","Clean sweep + spot-check sample confirmed sound - bulk pass 2026-08-26"
"question","c4007a11-4309-4d6b-a45d-446ae1e87729","2017","60","""The local self-government system in India has not proved to be an effective instrument of governance."" Critically examine the statement and","","","verified","Clean sweep + spot-check sample confirmed sound - bulk pass 2026-08-26"
"question","4b23f311-fe36-4500-a1ae-49196a432221","2017","61","Critically examine the Supreme Court's judgement on 'National Anthem' in Context of Article 19(1)(a) of the Constitution of India.","","","verified","Clean sweep + spot-check sample confirmed sound - bulk pass 2026-08-26"
"question","3d94f66e-aabc-4b34-a404-b3081edfc007","2017","62","Simultaneous election to the Lok Sabha and the State Assemblies will limit the amount of time and money spent in electioneering but it will ","","","verified","Clean sweep + spot-check sample confirmed sound - bulk pass 2026-08-26"
"question","2273929f-6dc6-485f-932d-2c3636d8e8b4","2017","63","How do pressure groups influence Indian political process? Do you agree with the view that informal pressure groups are more powerful than f","","","verified","Clean sweep + spot-check sample confirmed sound - bulk pass 2026-08-26"
"question","a3fa0982-b008-4272-bb67-e14756fc4284","2017","64","Discuss the role of Public Accounts Committee in establishing accountability of the government to the people.","","","verified","Clean sweep + spot-check sample confirmed sound - bulk pass 2026-08-26"
"question","6a8603f6-68a1-4c27-8a1f-63805a77727f","2017","65","""To ensure effective implementation of policies addressing water, sanitation and hygiene needs, the identification of beneficiary segments i","","","verified","Clean sweep + spot-check sample confirmed sound - bulk pass 2026-08-26"
"question","f3f8abeb-6373-4e2c-aef2-9d012533cf19","2017","66","Does the Rights of Persons with Disabilities Act, 2016 ensure mechanism for enhanced administrative capacity for their empowerment? Examine.","","spot_check","verified","Clean sweep + spot-check sample confirmed sound - bulk pass 2026-08-26"
"question","87d8cfe4-50e2-4603-be89-b38e34a8f460","2017","67","Hunger and Poverty are the biggest challenges for good governance in India still today. Evaluate how far success is achieved in tracking the","","","verified","Clean sweep + spot-check sample confirmed sound - bulk pass 2026-08-26"
"question","29317991-a875-4972-be64-9420df45a612","2017","68","""China is using its economic relations and positive trade surplus as tools to develop potential military power status in Asia."" In the light","","","verified","Clean sweep + spot-check sample confirmed sound - bulk pass 2026-08-26"
"question","f861e7b8-a098-4eff-845b-ecc69143d386","2017","69","What are the main functions of the United Nations Economic and Social Council (ECOSOC)? Explain different functional commissions attached to","","","verified","Clean sweep + spot-check sample confirmed sound - bulk pass 2026-08-26"
"question","df42cd39-5f5e-4c50-8ee2-63cec88e5141","2017","70","Explain the salient features of the Constitution (One Hundred and First Amendment) Act, 2016. Do you think it is efficacious enough ""to remo","","","verified","Clean sweep + spot-check sample confirmed sound - bulk pass 2026-08-26"
"question","120b7ea4-122f-48f9-8fa9-2c6967c4c245","2017","71","Examine the scope of Fundamental Rights in the light of the latest judgement of the Supreme Court on Right to Privacy.","","","verified","Clean sweep + spot-check sample confirmed sound - bulk pass 2026-08-26"
"question","a4da2258-c9e5-43e1-a7ef-a76e6786699e","2017","72","The Indian Constitution has provisions for holding joint session of the two houses of the Parliament. Enumerate the occasions when this woul","","","verified","Clean sweep + spot-check sample confirmed sound - bulk pass 2026-08-26"
"question","a8296c7f-b106-477c-b966-d5b453e767ac","2017","73","To enhance the quality of democracy in India the Election Commission of India has proposed electoral reforms in 2016. What are the suggested","","","verified","Clean sweep + spot-check sample confirmed sound - bulk pass 2026-08-26"
"question","2b2c4c03-5c8c-46a5-9abd-5e673288ae4b","2017","74","Is the National Commission for Women able to strategize and tackle the problems that women face at both public and private spheres? Give rea","","","verified","Clean sweep + spot-check sample confirmed sound - bulk pass 2026-08-26"
"question","273f0960-5fe4-4529-8fd5-8edb2397bfdf","2017","75","""The cottage industries of India are among the world's most creative and expressive industries. But the sector faces severe challenges."" Exa","","","verified","Clean sweep + spot-check sample confirmed sound - bulk pass 2026-08-26"
"question","5114af28-9dbd-409f-8894-e09877b4f690","2017","76","The concept of cooperative federalism has been increasingly emphasized in recent years. Highlight the drawbacks in the existing structure an","","","verified","Clean sweep + spot-check sample confirmed sound - bulk pass 2026-08-26"
"question","d7684627-c726-43dd-8964-898f626e4d6a","2017","77","Evaluate the economic and strategic dimensions of India's Look East Policy in the context of post-Cold War international relations scenario.","","spot_check","verified","Clean sweep + spot-check sample confirmed sound - bulk pass 2026-08-26"
"question","08fea684-ad6a-4080-86c9-84b2cf4da645","2017","78","""Before any lasting peace can be established in Africa, its internal conflicts must be resolved."" In the light of this statement, examine th","","","verified","Clean sweep + spot-check sample confirmed sound - bulk pass 2026-08-26"
"question","286696b0-38b9-47f2-8c4f-d63534f8dc3b","2017","79","What are the major challenges before the World Trade Organisation (WTO) in the context of recent global economic trends? How far can India p","","","verified","Clean sweep + spot-check sample confirmed sound - bulk pass 2026-08-26"
"question","b3156a84-9b7d-4c8b-937d-29f215ad3ee7","2017","80","Farming has lost the ability to be a source of subsistence for our majority of farmers.","","","verified","Clean sweep + spot-check sample confirmed sound - bulk pass 2026-08-26"
"question","476f6eec-3508-4fd6-bd32-40d59a6acab7","2017","81","Impact of the new economic measures on fiscal ties between the Union and States in India.","","","verified","Clean sweep + spot-check sample confirmed sound - bulk pass 2026-08-26"
"question","7e387257-4764-4037-bc69-b8f44ee3ccd5","2017","82","Destiny of a nation is shaped in its classrooms.","","","verified","Clean sweep + spot-check sample confirmed sound - bulk pass 2026-08-26"
"question","0ff304ed-d12d-478b-b602-00d2880a497a","2017","83","Has the Non-Alignment Movement (NAM) lost its relevance in a multipolar world?","","","verified","Clean sweep + spot-check sample confirmed sound - bulk pass 2026-08-26"
"question","52711044-a474-495f-9f32-ee18fd2e3477","2017","84","Joy is the simplest form of gratitude.","","","verified","Clean sweep + spot-check sample confirmed sound - bulk pass 2026-08-26"
"question","48f6bb3e-4c3f-4487-b5c5-6b570ad41b99","2017","85","Fulfilment of 'New Woman' in India is a myth.","","","verified","Clean sweep + spot-check sample confirmed sound - bulk pass 2026-08-26"
"question","d76ed7a4-18ad-4bcd-a8de-1daa9a9ed572","2017","86","We may brave human laws but we cannot resist natural laws.","","","verified","Clean sweep + spot-check sample confirmed sound - bulk pass 2026-08-26"
"question","8b423d51-8898-49ef-a822-3b9d87755535","2017","87","Social media is inherently a selfish medium.","","","verified","Clean sweep + spot-check sample confirmed sound - bulk pass 2026-08-26"
"tag","a1c8b79f-aa6e-4f66-a253-0b41de1feec2","2017","049901d3-a4a5-41ea-a138-c0eec3f3d0c3","Case studies: public-safety & procurement dilemmas under pressure: infrastructure-safety cover-up under election-timeline pressure, defence-","","spot_check","verified","Clean sweep + spot-check sample confirmed sound - bulk pass 2026-08-26"
"tag","87cf1270-5fbf-4878-9a0b-1b83c3ee6255","2017","06fa28e7-3e83-4e92-a61a-9e4f5a5eb874","Salient features and changes within Indian society and their repercussions; diversity of India and whether 'unity in diversity' is reality o","","","verified","Clean sweep + spot-check sample confirmed sound - bulk pass 2026-08-26"
"tag","072f32e1-fc77-42f6-a9f0-ed325a16c61e","2017","083f1cbd-ab44-4404-8ae6-4139c0bcf72e","Labour & social-welfare ethics (case studies): manual-scavenging as societal ethics, labour/worker ethics (working hours), live-in-relations","","","verified","Clean sweep + spot-check sample confirmed sound - bulk pass 2026-08-26"
"tag","fe28d1cd-1a9d-4c71-bd6f-7413c41ef6db","2017","0d381e5b-0f91-43a4-9cca-890a9d42de16","Fundamental Rights: significance, definition of 'State', equality/freedom/exploitation/religion/cultural-educational/constitutional-remedies","","","verified","Clean sweep + spot-check sample confirmed sound - bulk pass 2026-08-26"
"tag","6d2abc03-7ef0-4fb4-84ae-a64cf80fc150","2017","0d381e5b-0f91-43a4-9cca-890a9d42de16","Fundamental Rights: significance, definition of 'State', equality/freedom/exploitation/religion/cultural-educational/constitutional-remedies","","","verified","Clean sweep + spot-check sample confirmed sound - bulk pass 2026-08-26"
"tag","436ca53b-5942-4b2d-81c2-2cf8da1667b6","2017","12162135-681a-4e58-87f3-31cf403b3cfb","Pressure groups and formal/informal associations: types, significance, distinction from political parties, politicisation of pressure groups","","","verified","Clean sweep + spot-check sample confirmed sound - bulk pass 2026-08-26"
"tag","75b9ee0d-36fe-4663-b501-27cc93f4c373","2017","1823db67-3acb-4979-97eb-10255ee7517e","Origin and evolution of the Earth: early/modern (BBT) theories, star and planet formation, layered structure, evolution of lithosphere/atmos","","","verified","Clean sweep + spot-check sample confirmed sound - bulk pass 2026-08-26"
"tag","ca0119b4-4479-4b99-8be2-73920ab9a468","2017","1a9b4adf-04a4-421a-895a-b97bdf52104c","Insurgency in the North-East: issues/conflicts, Assam insurgency, and resolving the Bodo issue","","","verified","Clean sweep + spot-check sample confirmed sound - bulk pass 2026-08-26"
"tag","64e2eebc-2b40-40e3-aeb2-785d4e0762e2","2017","3162e4b3-2e3b-4032-9aae-fd72895470f2","Poverty and hunger: definitional debates across committees, poverty data, causes, urban vs rural vs feminized poverty, poverty-alleviation m","","","verified","Clean sweep + spot-check sample confirmed sound - bulk pass 2026-08-26"
"tag","28d558e7-eb81-475d-a025-87947d7544fd","2017","33376e4c-b1c0-48ec-a564-be4edf86caaa","Post-Mauryan and Jain sculptural traditions; Gupta-era sculpture and its 'golden age' craftsmanship","","","verified","Clean sweep + spot-check sample confirmed sound - bulk pass 2026-08-26"
"tag","6e0ad15a-db53-41c8-ab6d-de12b40534fc","2017","390049f6-4415-46da-8f5b-2caba98a1f75","Miscellaneous cultural themes: handicrafts, Indian universities, cultural personalities, places of cultural interest, fairs and festivals, c","","spot_check","verified","Clean sweep + spot-check sample confirmed sound - bulk pass 2026-08-26"
"tag","2ea191aa-6e04-4e45-890e-7ea2f1f789bf","2017","3946ee7a-d620-4c96-9062-9b7513c72042","Information sharing, transparency and Right to Information: importance of vigilant citizens, information-sharing/participation, flaws in RTI","","","verified","Clean sweep + spot-check sample confirmed sound - bulk pass 2026-08-26"
"tag","7bba6fc8-abd8-425e-a761-b4ab85ff4865","2017","3e04d631-ba39-4ae4-967b-288ed3a8ddb2","Basics of cyber security: types of cyber crimes, impact and required steps, ransomware incidents, India's cyber-security infrastructure, and","","","verified","Clean sweep + spot-check sample confirmed sound - bulk pass 2026-08-26"
"tag","6743862a-f1ce-49a1-b236-bc0db6c6bfc3","2017","3ffa1fcb-5db4-41ef-afb5-b6637d76b9d4","Children and vulnerable-section issues: child labour, child adoption, Juvenile Justice Act 2015, child trafficking, age of consent; tribal w","","","verified","Clean sweep + spot-check sample confirmed sound - bulk pass 2026-08-26"
"tag","fc0fd28b-9644-4fb0-ad51-c709dbb2d539","2017","41ad5c1f-7129-4d6e-b241-5c67f84cfb99","Frequently cited quotation-anchors for ethics answer-writing: Gandhi's 'Seven Sins' and 'the weak can never forgive'; Socrates' 'an unexamin","","","verified","Clean sweep + spot-check sample confirmed sound - bulk pass 2026-08-26"
"tag","20ce1042-3e56-45bf-a7ea-da5ec32281a8","2017","41ad5c1f-7129-4d6e-b241-5c67f84cfb99","Frequently cited quotation-anchors for ethics answer-writing: Gandhi's 'Seven Sins' and 'the weak can never forgive'; Socrates' 'an unexamin","","","verified","Clean sweep + spot-check sample confirmed sound - bulk pass 2026-08-26"
"tag","647a81da-dab6-4694-afa9-b82915bf8d32","2017","43116335-ee15-41c5-90bd-d56b3ef29c17","Subsidies: farm/fertiliser/power/irrigation subsidies, issues of direct/indirect subsidies and MSP, objectives, gainer-loser resource transf","","","verified","Clean sweep + spot-check sample confirmed sound - bulk pass 2026-08-26"
"tag","643e5bea-05d7-498b-8727-883725f0835e","2017","4556998f-c48b-4404-b469-d8693d65a100","Fiscal policy: important budgetary/fiscal terms, government revenue/spending, revenue/fiscal/primary deficits and their financing","","","verified","Clean sweep + spot-check sample confirmed sound - bulk pass 2026-08-26"
"tag","3228a789-f935-404c-b748-ed974d46b308","2017","46074ad9-2254-4c6c-8959-30fb921b8df4","Industrial policy and development: Mahalanobis strategy, Industrial Policy Resolutions 1948/1956, New Economic Policy/liberalization/privati","","","verified","Clean sweep + spot-check sample confirmed sound - bulk pass 2026-08-26"
"tag","269c4662-00ce-4744-91d7-76bfebff2cc9","2017","46decb7a-a9bb-4819-b8d9-0f2ec973bd38","Major powers: Russia (strategic cooperation, Russia-China impact on India), China (economic relations, water disputes, String of Pearls, Mar","","","verified","Clean sweep + spot-check sample confirmed sound - bulk pass 2026-08-26"
"tag","b28132ac-3afa-4a1c-b684-599a32b9f777","2017","46e69d27-cd73-4302-ab40-a6be2ec9d86c","Inclusive growth: meaning and concept of inclusion, India's inclusion experience, social-sector initiatives, ground reality of flagship sche","","spot_check","verified","Clean sweep + spot-check sample confirmed sound - bulk pass 2026-08-26"
"tag","4289430e-ccce-4d76-9406-dd281237ae79","2017","4c1a049f-93d8-44e1-ad99-ea91ebbd6fce","Federalism, reservation & constitutional status: Article 31C, reservation on the basis of religion/domicile, sub-categorisation of SC/OBC, r","","","verified","Clean sweep + spot-check sample confirmed sound - bulk pass 2026-08-26"
"tag","a1e3c83f-02c4-4afa-9aec-13752d9bac42","2017","52469335-543a-4b28-9edc-580e52fcf648","Mid-18th century fragmented polity and the decline of the Mughal empire; Panipat as a recurring site of empire-shaking battles","","","verified","Clean sweep + spot-check sample confirmed sound - bulk pass 2026-08-26"
"tag","9740601a-d250-4201-872b-b1cd1b82d417","2017","529f8ea2-d455-4c0a-93e3-e7044ad48271","Case studies: whistleblowing, disclosure & confidentiality dilemmas: whistleblower/suspect pleading humanitarian delay, workplace-harassment","","","verified","Clean sweep + spot-check sample confirmed sound - bulk pass 2026-08-26"
"tag","3659cf41-baa6-417a-a8ed-0a740238e843","2017","5edc03f7-4c97-489f-84e6-1addba136647","The National Commission for SCs (constitutional-reservation enforcement including in religious-minority institutions); Rights of Persons wit","","","verified","Clean sweep + spot-check sample confirmed sound - bulk pass 2026-08-26"
"tag","e06cea2d-ce9f-4cfb-a0f8-82e0e37b35ad","2017","5edc03f7-4c97-489f-84e6-1addba136647","The National Commission for SCs (constitutional-reservation enforcement including in religious-minority institutions); Rights of Persons wit","","","verified","Clean sweep + spot-check sample confirmed sound - bulk pass 2026-08-26"
"tag","e4260ca4-0031-4629-9294-2aa505e920a0","2017","607ade39-fb4a-48ed-ae8a-59a83804666a","Mineral and energy resources: metallic/non-metallic mineral types, distribution and mining regions, ferrous/non-ferrous metal production and","","","verified","Clean sweep + spot-check sample confirmed sound - bulk pass 2026-08-26"
"tag","ed23009f-2f0e-4aa1-93bf-8b9e4be225a0","2017","60dbf376-d7e5-4833-92de-a0bb8f24568d","Essence, determinants and consequences of ethics in human actions; approaches to ethical study (Indian vs Western perspectives); basic conce","","","verified","Clean sweep + spot-check sample confirmed sound - bulk pass 2026-08-26"
"tag","972046a9-0df2-45e5-9da0-4bd697133ba9","2017","60dbf376-d7e5-4833-92de-a0bb8f24568d","Essence, determinants and consequences of ethics in human actions; approaches to ethical study (Indian vs Western perspectives); basic conce","","","verified","Clean sweep + spot-check sample confirmed sound - bulk pass 2026-08-26"
"tag","f0570d71-ac58-4afb-b0e3-0513691c5791","2017","668f065b-3b15-48ea-b637-e6a9da32bf2f","Can an administrator succeed on aptitude alone, without integrity? ??? the integrity-vs-competence debate; impartiality maintenance under po","","","verified","Clean sweep + spot-check sample confirmed sound - bulk pass 2026-08-26"
"tag","8bf4196d-d101-4ea2-bb2f-193593bceeac","2017","6ca6382e-c307-415a-b750-3e76d7f2b32a","Council of Ministers, Attorney General of India, and Parliament: composition of Lok Sabha/Rajya Sabha, qualification/disqualification, sessi","","spot_check","verified","Clean sweep + spot-check sample confirmed sound - bulk pass 2026-08-26"
"tag","ce72d80a-2985-4915-881a-f64f1b059bf3","2017","6ca6382e-c307-415a-b750-3e76d7f2b32a","Council of Ministers, Attorney General of India, and Parliament: composition of Lok Sabha/Rajya Sabha, qualification/disqualification, sessi","","","verified","Clean sweep + spot-check sample confirmed sound - bulk pass 2026-08-26"
"tag","b790580f-88b6-4d52-af03-0cbddfecf215","2017","8429938b-9911-4a70-b5ad-49e0eb336017","Oceanography: hydrological cycle, ocean floor relief (continental shelf/slope, deep sea plain, trenches, mid-oceanic ridges, seamounts, subm","","","verified","Clean sweep + spot-check sample confirmed sound - bulk pass 2026-08-26"
"tag","b298dec6-c20b-4c58-a26b-e30987b1302e","2017","868b701a-e26f-4f03-9e46-827af0c3ea4e","Digital Public Infrastructure: open-source stacks, data-privacy safeguards, and targeted-benefit optimization (e.g. Swachh Bharat Mission's ","","","verified","Clean sweep + spot-check sample confirmed sound - bulk pass 2026-08-26"
"tag","3af7d4ca-6174-415f-9471-45147cf54431","2017","89e5bc0f-be21-4bfc-a50e-9b96b4e3960e","Structural growth debates: savings rate/investment pattern/capital-output ratio as growth levers, manufacturing's limited capacity to absorb","","","verified","Clean sweep + spot-check sample confirmed sound - bulk pass 2026-08-26"
"tag","cba9dc93-01ae-4eb0-989e-32ff5681a1fa","2017","8d27db6a-20ce-444a-b49d-234ca301a5e3","Biotechnology & medical science: nano-urea, CAR T-cell therapy, gene therapy for Hemophilia A, metagenome sequencing, human pan-genome map, ","","","verified","Clean sweep + spot-check sample confirmed sound - bulk pass 2026-08-26"
"tag","6955ca16-c39f-40cd-96ea-508911a7e7f6","2017","8d38dfff-a6cb-417e-83ff-cfd307e61cf2","Infrastructure: economic/social/environmental impact of infrastructure, transport (ports, inland waterways, roads, National Infrastructure P","","","verified","Clean sweep + spot-check sample confirmed sound - bulk pass 2026-08-26"
"tag","d4cd9a3b-1531-473b-9c00-92520dfc13e6","2017","8e336c8b-f53d-40ad-9534-1b04929a3d69","Climate of India: factors influencing climate, monsoon mechanism (classical/modern/air-mass/jet-stream theories), El Nino-La Nina impact, rh","","","verified","Clean sweep + spot-check sample confirmed sound - bulk pass 2026-08-26"
"tag","4ac3c3f1-6b0a-48be-ab72-dc50c4f3924e","2017","908b958d-0ffc-410c-aa31-0ca2f623ed88","Food processing and related industries: scope and significance, location, upstream/downstream requirements, supply-chain management, Mega Fo","","","verified","Clean sweep + spot-check sample confirmed sound - bulk pass 2026-08-26"
"tag","f8b656c9-bfa1-46a0-bae3-9273f007ba96","2017","96f80871-5186-4d46-84f8-bb0dca95bbc6","Role of agriculture in the Indian economy: historical background and current status, cropping systems (mono-cropping, crop rotation, sequent","","","verified","Clean sweep + spot-check sample confirmed sound - bulk pass 2026-08-26"
"tag","d450f074-9278-4a65-b797-a767af479b91","2017","96f80871-5186-4d46-84f8-bb0dca95bbc6","Role of agriculture in the Indian economy: historical background and current status, cropping systems (mono-cropping, crop rotation, sequent","","spot_check","verified","Clean sweep + spot-check sample confirmed sound - bulk pass 2026-08-26"
"tag","42d89e3f-4b7f-4b26-95f4-dc12b91f66fa","2017","974077d9-8ad9-46bb-8d6d-6291436c76c3","Global institutions: UN structure (UNGA, UNSC and India's candidacy, ECOSOC), ICJ, UN specialised agencies (FAO, ICAO, ILO, IMO, ITU, UNESCO","","","verified","Clean sweep + spot-check sample confirmed sound - bulk pass 2026-08-26"
"tag","6025122e-e7c7-4ba6-8818-8272c875c5bb","2017","984aca0c-0adc-4eb8-afa5-972ed1232681","Early nationalism: pre-Congress organisations, Indian National Congress (1858-1905), early nationalists vs Swadeshi/Extremist strategic fact","","","verified","Clean sweep + spot-check sample confirmed sound - bulk pass 2026-08-26"
"tag","e7c44418-02f3-4259-8115-cac0f8205799","2017","9a0d8ac5-41c0-4970-b9d2-4fbf9efa7f9f","Urbanization in India: pattern, issues, rural-urban migration, slum emergence, urban transport/waste/water-sanitation, urban poverty, and in","","","verified","Clean sweep + spot-check sample confirmed sound - bulk pass 2026-08-26"
"tag","439e1da3-c9a8-4f8e-a083-3790a41426f1","2017","9bbb715b-1c54-40b4-a8ca-5fd13efe20f1","Agricultural revolutions in India: Green, White (Operation Flood), Yellow, Blue, and Golden Fibre (jute) revolutions, and the future of Indi","","","verified","Clean sweep + spot-check sample confirmed sound - bulk pass 2026-08-26"
"tag","f28e7023-6456-4cc1-be6a-bd5799dbc3d3","2017","a1983b76-2b14-4659-8a8b-0cc2f98c8b41","Water resources: underground/surface/inland/oceanic water resources, utilization patterns, water pollution, conservation techniques, river-i","","","verified","Clean sweep + spot-check sample confirmed sound - bulk pass 2026-08-26"
"tag","c54eba26-fc98-4a59-acf6-f95b15f2e2b8","2017","a1983b76-2b14-4659-8a8b-0cc2f98c8b41","Water resources: underground/surface/inland/oceanic water resources, utilization patterns, water pollution, conservation techniques, river-i","","","verified","Clean sweep + spot-check sample confirmed sound - bulk pass 2026-08-26"
"tag","373f4fcf-73be-4bc4-b866-e3f8ea83f654","2017","aed2b8f0-5d07-43b8-8d16-9d72b34efc31","Local government: 73rd/74th Amendment provisions, functions of municipal corporations/councils/nagar panchayats, State Election/Finance Comm","","","verified","Clean sweep + spot-check sample confirmed sound - bulk pass 2026-08-26"
"tag","59a612b3-1543-43d6-98ec-5be2500d5bb2","2017","b0f90d0f-c35e-4c56-b8ff-2bfac91061cd","Communalism: meaning, historicity, role of third parties in inciting/perpetrating it, and whether it can be eradicated; regionalism's theori","","","verified","Clean sweep + spot-check sample confirmed sound - bulk pass 2026-08-26"
"tag","ed13b5df-2b36-434b-ab64-3e999fcacd93","2017","b31c1e99-dbfd-4941-9290-7d3c41a86ee6","Ocean & climate-system dynamics: mid-oceanic ridges and biodiversity, changing El Nino/La Nina patterns, Oceanic Nino Index, climate change'","","spot_check","verified","Clean sweep + spot-check sample confirmed sound - bulk pass 2026-08-26"
"tag","d8e93a77-7ecb-42b5-b59e-79dcbd9f8110","2017","b66eead7-fb77-4470-b5f7-9933f6f2e349","Main features of industrial development: role of private/public sectors, investment/employment/productivity trends, disinvestment/privatizat","","","verified","Clean sweep + spot-check sample confirmed sound - bulk pass 2026-08-26"
"tag","f1e433b6-ed7d-48a3-90f5-851d387d1f29","2017","b66eead7-fb77-4470-b5f7-9933f6f2e349","Main features of industrial development: role of private/public sectors, investment/employment/productivity trends, disinvestment/privatizat","","","verified","Clean sweep + spot-check sample confirmed sound - bulk pass 2026-08-26"
"tag","c6414a32-1b1c-4f53-addf-b4b808bd9b8c","2017","b8f41a2a-2b1b-4331-8251-02c6b6b949f1","Role of ethical values in governance and society; significance of value in civil services; society's and educational institutions' contribut","","","verified","Clean sweep + spot-check sample confirmed sound - bulk pass 2026-08-26"
"tag","eacaf3ac-b0a7-4b3e-b860-d70714fec424","2017","b8f41a2a-2b1b-4331-8251-02c6b6b949f1","Role of ethical values in governance and society; significance of value in civil services; society's and educational institutions' contribut","","","verified","Clean sweep + spot-check sample confirmed sound - bulk pass 2026-08-26"
"tag","3863d018-d2b9-475b-b8df-3e529b182442","2017","b8f41a2a-2b1b-4331-8251-02c6b6b949f1","Role of ethical values in governance and society; significance of value in civil services; society's and educational institutions' contribut","","","verified","Clean sweep + spot-check sample confirmed sound - bulk pass 2026-08-26"
"tag","07dbf527-6da0-46f2-b014-442238f91ef4","2017","baae92c1-8cdc-4c91-b529-3da4945c393d","Internal conflict & law-and-order: Naxal-Maoist major encounters, communal-tension mitigation, National Security Act applications, UAPA amen","","","verified","Clean sweep + spot-check sample confirmed sound - bulk pass 2026-08-26"
"tag","ef6c4b11-600f-48a4-a082-7e731689a816","2017","be23d986-564f-4405-80b9-4b16a990ffbc","Essential aptitude for civil servants; foundational values of civil services: neutrality, anonymity, accountability, integrity, humility, ad","","","verified","Clean sweep + spot-check sample confirmed sound - bulk pass 2026-08-26"
"tag","a3420bb9-6fa8-4d58-865b-2100f6c1df68","2017","be23d986-564f-4405-80b9-4b16a990ffbc","Essential aptitude for civil servants; foundational values of civil services: neutrality, anonymity, accountability, integrity, humility, ad","","","verified","Clean sweep + spot-check sample confirmed sound - bulk pass 2026-08-26"
"tag","fdfc2211-0b6a-4707-bcc6-1c068f2c760d","2017","c5596c08-4ed2-4fc7-9809-3749d1d42e1d","Evolution and key principles of Indian foreign policy: determinants, NAM/NAM 2.0, Panchsheel, India's nuclear doctrine, neighbourhood-policy","","","verified","Clean sweep + spot-check sample confirmed sound - bulk pass 2026-08-26"
"tag","ab3a6ba2-1232-4556-a45e-928f19190da2","2017","c6cd8a05-f639-4616-a446-29427819ed0d","Climate change basics: greenhouse effect and global warming, international efforts to control climate change, ozone-layer depletion, acid ra","","spot_check","verified","Clean sweep + spot-check sample confirmed sound - bulk pass 2026-08-26"
"tag","c425cb78-1f3b-4028-8491-25fc0e7bba67","2017","cb41e1de-d76d-4969-a19a-34668a10b355","Space technology: orbit types, launch-vehicle classification, major agencies (ISRO, NASA, ESA, Roscosmos, JAXA, CNSA) and their missions, IS","","","verified","Clean sweep + spot-check sample confirmed sound - bulk pass 2026-08-26"
"tag","df15f05b-8d1a-4ec2-ab74-caf4bc47933c","2017","cdb9967e-50a6-44eb-a6a9-8b14cc892378","Conflict of interest: definition, actual vs potential conflicts, with illustrative examples; administrative value conflicts in maintaining p","","","verified","Clean sweep + spot-check sample confirmed sound - bulk pass 2026-08-26"
"tag","7b3c4ca7-f07a-4b88-8992-fa38d0eaea3d","2017","cff89651-8639-4cde-a526-18bb27b5290f","Deindustrialization of traditional artisanal industries and British economic policy's impact on the rural economy","","","verified","Clean sweep + spot-check sample confirmed sound - bulk pass 2026-08-26"
"tag","0d3a73b7-116c-46e1-8297-98e338859016","2017","d292c4db-02c2-4fe3-a392-d9ff1f83d612","India and other regions: Africa (historical connections, South-South engagement, trade/investment/security cooperation), Australia (diaspora","","","verified","Clean sweep + spot-check sample confirmed sound - bulk pass 2026-08-26"
"tag","07041ed3-31a5-4986-9e82-a46707de5ddb","2017","da722bcf-2ab7-4f91-869e-d4658ba32b6a","Industry and industrial geography: industrial development phases, iron-and-steel/textile/engineering/chemical/agro-based/paper/cement/petrol","","","verified","Clean sweep + spot-check sample confirmed sound - bulk pass 2026-08-26"
"tag","f0f25551-04c8-409d-b7f3-2c51610fb329","2017","df4beaae-e368-4121-ae6b-7f3081679cb5","Importance of EI at the workplace and in civil services; components of EI applied to conflict resolution and crisis-time administrative comm","","","verified","Clean sweep + spot-check sample confirmed sound - bulk pass 2026-08-26"
"tag","e6df3826-a43a-4e35-bd2c-8710d8de070b","2017","dfe79a56-6526-44a0-b568-d7971e7f2a8d","Moral judgements in international relations; ethical relation in funding international relations and the concept of moral responsibility; et","","","verified","Clean sweep + spot-check sample confirmed sound - bulk pass 2026-08-26"
"tag","0c66a6f8-a3fb-4533-b82c-fb92fb8b1c81","2017","e2e59dbf-8916-47fa-8c5c-c6702699ddea","Tsunami mechanism, wave properties, and effects","","","verified","Clean sweep + spot-check sample confirmed sound - bulk pass 2026-08-26"
"tag","4043551e-b686-4580-aace-736b48726874","2017","e32b2fcf-7fb1-46d1-acaa-c7c7ef6cfc5b","Multilateral relations: WTO (decision-making, Nairobi Package, IPR, reforms, agriculture issues, FTAs), IMF and reforms, nuclear-security ar","","","verified","Clean sweep + spot-check sample confirmed sound - bulk pass 2026-08-26"
"tag","febbcc32-9fb8-4566-932a-ee440e31bd7f","2017","e5704894-15e4-4497-aab1-946239e3550c","Terrorism threat to India: changing face of terrorism, threats faced, the broader counter-terrorism framework, and drawbacks in intelligence","","spot_check","verified","Clean sweep + spot-check sample confirmed sound - bulk pass 2026-08-26"
"tag","ce093cd2-7c1a-486a-823c-11c0b54c3efa","2017","e5a48674-f4fb-436d-8ba3-39bdbc39f5dd","Nuclear energy: reaction types, civil/military applications, fuel cycle and centrifugation, reactor types, India's nuclear policy, radioacti","","","verified","Clean sweep + spot-check sample confirmed sound - bulk pass 2026-08-26"
"tag","b4ac7e1a-4b35-475e-a12a-03e97e062c54","2017","f1853e54-83ed-4227-bde0-12350c6e63af","The struggle for Swaraj: Montagu's 1917 statement, Gandhi's emergence as a mass leader, Khilafat and Non-Cooperation, Swaraj Party, revoluti","","","verified","Clean sweep + spot-check sample confirmed sound - bulk pass 2026-08-26"
"tag","1e4dfa91-eecf-4a56-8976-2c864916fc1d","2017","f1e0f21b-3a02-4120-a618-1264537b46d3","101st Amendment (GST): salient features and efficacy in building a common national market; 69th Amendment (NCT of Delhi) and federal frictio","","","verified","Clean sweep + spot-check sample confirmed sound - bulk pass 2026-08-26"
"tag","59b002a1-65a9-4edd-a27f-93e9e0ef8af1","2017","f9a1a286-8d52-4e4a-90b9-1787bc9a221b","Case studies: crisis & resource-allocation dilemmas: drought-relief tanker capture by a 'tanker mafia', disaster resource-allocation triage ","","","verified","Clean sweep + spot-check sample confirmed sound - bulk pass 2026-08-26"
"tag","a5f1b6d9-5874-4cc7-9dd8-75970a7c8f53","2017","fb2ac120-869c-4f06-a14c-f2fc64c1485c","Industrial localization parameters: distribution factors for iron-steel and cotton-textile industries in India, and why petroleum refineries","","","verified","Clean sweep + spot-check sample confirmed sound - bulk pass 2026-08-26"
"tag","8befd8ba-e2bb-4999-b6b1-8c57893fa4a5","2017","fbe64408-6570-498e-ae35-64133838fe6c","Corporate governance: concept, models of Corporate Social Responsibility, World Bank steps for good corporate governance, and norms for corp","","","verified","Clean sweep + spot-check sample confirmed sound - bulk pass 2026-08-26"
"tag","620eb24d-2341-4a74-9b4f-4458fb86aa38","2017","fcbca25c-a534-408b-a390-2e894b7f78ee","World War II: foundations, course, aftermath, analysis, and the decolonization phase","","","verified","Clean sweep + spot-check sample confirmed sound - bulk pass 2026-08-26"
"tag","5a011166-44de-4b68-897d-dc0371cd3bd8","2017","fd4be87b-b725-45b9-b6f1-aef0037001f7","Elections in India: salient features of the Representation of People Acts 1950/1951, electoral reforms, criminalization of politics, negativ","","","verified","Clean sweep + spot-check sample confirmed sound - bulk pass 2026-08-26"
"tag","23f3a1f4-b135-463d-98c3-a99698f7db7e","2017","fd4be87b-b725-45b9-b6f1-aef0037001f7","Elections in India: salient features of the Representation of People Acts 1950/1951, electoral reforms, criminalization of politics, negativ","","","verified","Clean sweep + spot-check sample confirmed sound - bulk pass 2026-08-26"
"question","27461e30-4bd3-4fc2-a6b3-f6d8d7006ecc","2018","1","Safeguarding the Indian art heritage is the need of the moment. Comment.","","spot_check","verified","Clean sweep + spot-check sample confirmed sound - bulk pass 2026-08-26"
"question","1514d05b-27cb-498f-92a4-b1081ea9d1b4","2018","2","Assess the importance of the accounts of the Chinese and Arab travellers in the reconstruction of the history of India.","","","verified","Clean sweep + spot-check sample confirmed sound - bulk pass 2026-08-26"
"question","180fef94-b0b5-4428-9ec5-b4700196a4e7","2018","3","Throw light on the significance of the thoughts of Mahatma Gandhi in the present times.","","","verified","Clean sweep + spot-check sample confirmed sound - bulk pass 2026-08-26"
"question","127c91fc-7c19-4381-a2b6-4b8da15e0827","2018","4","Why is Indian Regional Navigational Satellite System (IRNSS) needed? How does it help in navigation?","","","verified","Clean sweep + spot-check sample confirmed sound - bulk pass 2026-08-26"
"question","00fc03f5-c34d-49b3-8f5b-164f4e807797","2018","5","Why is India taking keen interest in the Arctic region?","","","verified","Clean sweep + spot-check sample confirmed sound - bulk pass 2026-08-26"
"question","d9bf8231-8de0-4ee8-a6c8-365cea762cb3","2018","6","Define mantle plume and explain its role in plate tectonics.","","","verified","Clean sweep + spot-check sample confirmed sound - bulk pass 2026-08-26"
"question","5f443064-4289-45cd-91c1-d2463feabdf3","2018","7","What are the consequences of spreading of 'Dead Zones' on marine ecosystem?","","","verified","Clean sweep + spot-check sample confirmed sound - bulk pass 2026-08-26"
"question","54a6f70e-e57e-4e27-bc3d-1781130e4c87","2018","8","""Caste system is assuming new identities and associational forms. Hence, caste system cannot be eradicated in India."" Comment.","","","verified","Clean sweep + spot-check sample confirmed sound - bulk pass 2026-08-26"
"question","7f2e6627-c843-490a-957d-af083fb2105b","2018","9","'Despite implementation of various programmes for eradication of poverty by the government in India, poverty is still existing.' Explain by ","","","verified","Clean sweep + spot-check sample confirmed sound - bulk pass 2026-08-26"
"question","3e4b3f5b-a883-457d-afc6-e4ba49c14397","2018","10","How is the Indian concept of secularism different from the western model of secularism? Discuss.","","","verified","Clean sweep + spot-check sample confirmed sound - bulk pass 2026-08-26"
"question","5c7575f4-2f37-4e2c-b22f-40b32bd617ed","2018","11","The Bhakti movement received a remarkable re-orientation with the advent of Sri Chaitanya Mahaprabhu. Discuss.","","","verified","Clean sweep + spot-check sample confirmed sound - bulk pass 2026-08-26"
"question","7f960605-9d6e-43b3-877a-4a896ce61005","2018","12","Discuss whether formation of new states in recent times is beneficial or not for the economy of India.","","spot_check","verified","Clean sweep + spot-check sample confirmed sound - bulk pass 2026-08-26"
"question","19e033d6-2101-4a1e-bfa4-5d05dc5b94f6","2018","13","Why indentured labour was taken by the British from India to their colonies? Have they been able to preserve their cultural identity over th","","","verified","Clean sweep + spot-check sample confirmed sound - bulk pass 2026-08-26"
"question","cedaa1a6-9e96-44df-a556-2acd3be1396a","2018","14","""The ideal solution of depleting ground water resources in India is water harvesting system."" How can it be made effective in urban areas?","","","verified","Clean sweep + spot-check sample confirmed sound - bulk pass 2026-08-26"
"question","af6f5dfa-c891-4d0f-bc7a-bdb8d7071d9f","2018","15","Defining blue revolution, explain the problems and strategies for pisciculture development in India.","","","verified","Clean sweep + spot-check sample confirmed sound - bulk pass 2026-08-26"
"question","eb4dee7c-fca6-4eee-b810-555273464979","2018","16","What is the significance of Industrial Corridors in India? Identifying industrial corridors, explain their main characteristics.","","","verified","Clean sweep + spot-check sample confirmed sound - bulk pass 2026-08-26"
"question","1b46405a-d934-40ce-a4e7-b50d46d5d5a5","2018","17","Mention core strategies for the transformation of aspirational districts in India and explain the nature of convergence, collaboration and c","","","verified","Clean sweep + spot-check sample confirmed sound - bulk pass 2026-08-26"
"question","d4f4e3f0-6472-4505-881e-eae0f51a95b2","2018","18","'Women's movement in India has not addressed the issues of women of lower social strata.' Substantiate your view.","","","verified","Clean sweep + spot-check sample confirmed sound - bulk pass 2026-08-26"
"question","af03e2ab-b642-40b2-a3ca-f2f86226d939","2018","19","'Globalisation is generally said to promote cultural homogenisation but due to this cultural specificities appear to be strengthened in the ","","","verified","Clean sweep + spot-check sample confirmed sound - bulk pass 2026-08-26"
"question","1d2c3b8b-c4e0-43ff-9f10-d7e6b5636a9a","2018","20","'Communalism arises either due to power struggle or relative deprivation.' Argue by giving suitable illustrations.","","","verified","Clean sweep + spot-check sample confirmed sound - bulk pass 2026-08-26"
"question","15864d6b-9ee7-419a-8e0d-f47f4ecc9b99","2018","21","In the light of recent controversy regarding the use of Electronic Voting Machines (EVM), what are the challenges before the Election Commis","","","verified","Clean sweep + spot-check sample confirmed sound - bulk pass 2026-08-26"
"question","ec79891c-43ff-45a0-93d6-c13a2a27a0fd","2018","22","Whether National Commission for Scheduled Castes (NCSC) can enforce the implementation of constitutional reservation for the Scheduled Caste","","","verified","Clean sweep + spot-check sample confirmed sound - bulk pass 2026-08-26"
"question","1759e19e-0cf2-4c59-8bd5-4fbdd081dbbf","2018","23","Under what circumstances can the Financial Emergency be proclaimed by the President of India? What consequences follow when such a declarati","","spot_check","verified","Clean sweep + spot-check sample confirmed sound - bulk pass 2026-08-26"
"question","9e52f30a-2583-456d-bf2c-a6aac2f1ebed","2018","24","Why do you think the committees are considered to be useful for parliamentary work? Discuss, in this context, the role of the Estimates Comm","","","verified","Clean sweep + spot-check sample confirmed sound - bulk pass 2026-08-26"
"question","4df8049a-c834-4f0f-88b2-ab28be2979ab","2018","25","""The Comptroller and Auditor General (CAG) has a very vital role to play."" Explain how this is reflected in the method and terms of his appo","","","verified","Clean sweep + spot-check sample confirmed sound - bulk pass 2026-08-26"
"question","40e1f2e8-e17d-4023-8934-abb0ae9d7f4f","2018","26","""Policy contradictions among various competing sectors and stakeholders have resulted in inadequate 'protection and prevention of degradatio","","","verified","Clean sweep + spot-check sample confirmed sound - bulk pass 2026-08-26"
"question","82a76ffd-27ae-4733-a1c2-dd45c2c2e49a","2018","27","Appropriate local community level healthcare intervention is a prerequisite to achieve 'Health for All' in India. Explain.","","","verified","Clean sweep + spot-check sample confirmed sound - bulk pass 2026-08-26"
"question","afe91e3c-ed6d-42bc-b6d0-a67b62bd4a06","2018","28","E-governance is not only about utilization of the power of new technology, but also much about critical importance of the 'use value' of inf","","","verified","Clean sweep + spot-check sample confirmed sound - bulk pass 2026-08-26"
"question","035f3ff0-cd1c-4274-a734-911a71989357","2018","29","""India's relations with Israel have, of late, acquired a depth and diversity, which cannot be rolled back."" Discuss.","","","verified","Clean sweep + spot-check sample confirmed sound - bulk pass 2026-08-26"
"question","5c8bbe66-655d-4900-bbb0-0d2e5c79762b","2018","30","A number of outside powers have entrenched themselves in Central Asia, which is a zone of interest to India. Discuss the implications, in th","","","verified","Clean sweep + spot-check sample confirmed sound - bulk pass 2026-08-26"
"question","98b0035e-8493-4382-8612-59c62e348d9c","2018","31","Whether the Supreme Court Judgement (July 2018) can settle the political tussle between the Lt. Governor and elected government of Delhi? Ex","","","verified","Clean sweep + spot-check sample confirmed sound - bulk pass 2026-08-26"
"question","8b7154e5-7576-4dca-8411-42c64964ce50","2018","32","How far do you agree with the view that tribunals curtail the jurisdiction of ordinary courts? In view of the above, discuss the constitutio","","","verified","Clean sweep + spot-check sample confirmed sound - bulk pass 2026-08-26"
"question","10f5b90b-69bd-42bc-a834-485b859237c5","2018","33","India and USA are two large democracies. Examine the basic tenets on which the two political systems are based.","","","verified","Clean sweep + spot-check sample confirmed sound - bulk pass 2026-08-26"
"question","34e2d685-d972-419d-8409-83a26ff9dd13","2018","34","How is the Finance Commission of India constituted? What do you know about the terms of reference of the recently constituted Finance Commis","","spot_check","verified","Clean sweep + spot-check sample confirmed sound - bulk pass 2026-08-26"
"question","907f4a20-86f8-4339-b2e2-51155f28b023","2018","35","Assess the importance of the Panchayat system in India as a part of local government. Apart from government grants, what sources the Panchay","","","verified","Clean sweep + spot-check sample confirmed sound - bulk pass 2026-08-26"
"question","c4677453-f180-4efe-807e-79eda8db671d","2018","36","Multiplicity of various commissions for the vulnerable sections of the society leads to problems of overlapping jurisdiction and duplication","","","verified","Clean sweep + spot-check sample confirmed sound - bulk pass 2026-08-26"
"question","af9b2d13-0c2e-4cf1-8d09-45d683718d16","2018","37","How far do you agree with the view that the focus on lack of availability of food as the main cause of hunger takes the attention away from ","","","verified","Clean sweep + spot-check sample confirmed sound - bulk pass 2026-08-26"
"question","9170a388-70b0-4197-b73e-2924fa2d6886","2018","38","The Citizen's Charter is an ideal instrument of organisational transparency and accountability, but it has its own limitations. Identify the","","","verified","Clean sweep + spot-check sample confirmed sound - bulk pass 2026-08-26"
"question","024e9287-e94c-464e-842f-a1315584f4ac","2018","39","What are the key areas of reform if the WTO has to survive in the present context of 'Trade War', especially keeping in mind the interest of","","","verified","Clean sweep + spot-check sample confirmed sound - bulk pass 2026-08-26"
"question","a911d9e0-c550-4cf6-91b9-1e3e384b5056","2018","40","In what ways would the ongoing US-Iran Nuclear Pact Controversy affect the national interest of India? How should India respond to this situ","","","verified","Clean sweep + spot-check sample confirmed sound - bulk pass 2026-08-26"
"question","33453edd-f07c-4c22-9545-6b554f79ad37","2018","41","""Access to affordable, reliable, sustainable and modern energy is the sine qua non to achieve Sustainable Development Goals (SDGs)."" Comment","","","verified","Clean sweep + spot-check sample confirmed sound - bulk pass 2026-08-26"
"question","42852929-f996-460e-a483-13dfb64a0ac9","2018","42","Comment on the important changes introduced in respect of the Long term Capital Gains Tax (LCGT) and Dividend Distribution Tax (DDT) in the ","","","verified","Clean sweep + spot-check sample confirmed sound - bulk pass 2026-08-26"
"question","cba4fe0c-d35a-46d8-a3b8-bef5c625930c","2018","43","What do you mean by Minimum Support Price (MSP)? How will MSP rescue the farmers from the low income trap?","","","verified","Clean sweep + spot-check sample confirmed sound - bulk pass 2026-08-26"
"question","faa63623-b0e2-4dab-a3b0-905502a2724f","2018","44","Examine the role of supermarkets in supply chain management of fruits, vegetables and food items. How do they eliminate number of intermedia","","","verified","Clean sweep + spot-check sample confirmed sound - bulk pass 2026-08-26"
"question","7f613f0c-694e-4772-a3c8-4692899a8a81","2018","45","Discuss the work of 'Bose-Einstein Statistics' done by Prof. Satyendra Nath Bose and show how it revolutionized the field of Physics.","","spot_check","verified","Clean sweep + spot-check sample confirmed sound - bulk pass 2026-08-26"
"question","7346dc8d-ec37-45c4-bb34-492f15ef2796","2018","46","What are the impediments in disposing the huge quantities of discarded solid wastes which are continuously being generated? How do we remove","","","verified","Clean sweep + spot-check sample confirmed sound - bulk pass 2026-08-26"
"question","96b5461d-49f8-4dba-8e4d-7fc3c5e57762","2018","47","What is wetland? Explain the Ramsar concept of 'wise use' in the context of wetland conservation. Cite two examples of Ramsar sites from Ind","","","verified","Clean sweep + spot-check sample confirmed sound - bulk pass 2026-08-26"
"question","992003af-dbfe-468e-a3fe-005dd81816a8","2018","48","Sikkim is the first 'Organic State' in India. What are the ecological and economical benefits of Organic State?","","","verified","Clean sweep + spot-check sample confirmed sound - bulk pass 2026-08-26"
"question","cf790942-98c8-49a7-ab71-80400861970c","2018","49","The China Pakistan Economic Corridor (CPEC) is viewed as a cardinal subset of China's larger 'One Belt One Road' initiative. Give a brief de","","","verified","Clean sweep + spot-check sample confirmed sound - bulk pass 2026-08-26"
"question","60be2d29-bee9-4359-92ad-b5c21356f150","2018","50","Left Wing Extremism (LWE) is showing a downward trend, but still affects many parts of the country. Briefly explain the Government of India'","","","verified","Clean sweep + spot-check sample confirmed sound - bulk pass 2026-08-26"
"question","dca833e8-4e61-44af-87c9-80aefe246468","2018","51","How are the principles followed by NITI Aayog different from those followed by the erstwhile Planning Commission in India?","","","verified","Clean sweep + spot-check sample confirmed sound - bulk pass 2026-08-26"
"question","37e70230-9f4f-42ad-9b41-5b630b219e98","2018","52","How would the recent phenomena of protectionism and currency manipulations in world trade affect macroeconomic stability of India?","","","verified","Clean sweep + spot-check sample confirmed sound - bulk pass 2026-08-26"
"question","2ddfafb2-823b-4da3-9bb0-1433ca6875c2","2018","53","Assess the role of National Horticulture Mission (NHM) in boosting the production, productivity and income of horticulture farms. How far ha","","","verified","Clean sweep + spot-check sample confirmed sound - bulk pass 2026-08-26"
"question","34ee5d62-e16a-4970-bf94-e7df755928a2","2018","54","How has the emphasis on certain crops brought about changes in cropping patterns in recent past? Elaborate the emphasis on millets productio","","","verified","Clean sweep + spot-check sample confirmed sound - bulk pass 2026-08-26"
"question","10298a3f-00e3-46d0-87f8-34ddc8f89861","2018","55","Why is there so much activity in the field of biotechnology in our country? How has this activity benefitted the field of biopharma?","","spot_check","verified","Clean sweep + spot-check sample confirmed sound - bulk pass 2026-08-26"
"question","92bca586-b7e0-466b-8ea1-04907abb7855","2018","56","With growing energy needs should India keep on expanding its nuclear energy programme? Discuss the facts and fears associated with nuclear e","","","verified","Clean sweep + spot-check sample confirmed sound - bulk pass 2026-08-26"
"question","d4edc310-a32e-4aca-90d6-2a58f297dca4","2018","57","How does biodiversity vary in India? How is the Biological Diversity Act, 2002 helpful in conservation of flora and fauna?","","","verified","Clean sweep + spot-check sample confirmed sound - bulk pass 2026-08-26"
"question","a738f344-8d03-4403-9e47-f3da4341a58d","2018","58","Describe various measures taken in India for Disaster Risk Reduction (DRR) before and after signing 'Sendai Framework for DRR (2015-2030)'. ","","","verified","Clean sweep + spot-check sample confirmed sound - bulk pass 2026-08-26"
"question","d399c523-a76d-4983-bda5-e390247958ee","2018","59","Data security has assumed significant importance in the digitized world due to rising cyber-crimes. The Justice B. N. Srikrishna Committee R","","","verified","Clean sweep + spot-check sample confirmed sound - bulk pass 2026-08-26"
"question","d991bc36-2a52-4991-8fbf-a39f75f46875","2018","60","India's proximity to two of the world's biggest illicit opium-growing states has enhanced her internal security concerns. Explain the linkag","","","verified","Clean sweep + spot-check sample confirmed sound - bulk pass 2026-08-26"
"question","3e8b4da3-bd8e-4241-bb2b-05635a82cd1f","2018","61","State the three basic values, universal in nature, in the context of civil services and bring out their importance.","","","verified","Clean sweep + spot-check sample confirmed sound - bulk pass 2026-08-26"
"question","ec920367-31ac-45c9-8f74-35a497ef4965","2018","62","Distinguish between ""Code of ethics"" and ""Code of conduct"" with suitable examples.","","","verified","Clean sweep + spot-check sample confirmed sound - bulk pass 2026-08-26"
"question","ee5ddc1e-8a6f-4f44-a717-b2b2ecc2a44d","2018","63","What is meant by public interest? What are the principles and procedures to be followed by the civil servants in public interest?","","","verified","Clean sweep + spot-check sample confirmed sound - bulk pass 2026-08-26"
"question","ddaf198e-6dd5-494e-8c78-fe202d16ff82","2018","64","""The Right to Information Act is not all about citizens' empowerment alone, it essentially redefines the concept of accountability."" Discuss","","","verified","Clean sweep + spot-check sample confirmed sound - bulk pass 2026-08-26"
"question","3ed9e863-7778-4ed3-acc6-5eb54be0cccb","2018","65","What is meant by conflict of interest? Illustrate with examples, the difference between the actual and potential conflicts of interest.","","","verified","Clean sweep + spot-check sample confirmed sound - bulk pass 2026-08-26"
"question","b474eb38-2495-4297-9ce6-a23b28a5c61e","2018","66","""In looking for people to hire, you look for three qualities: integrity, intelligence and energy. And if they do not have the first, the oth","","spot_check","verified","Clean sweep + spot-check sample confirmed sound - bulk pass 2026-08-26"
"question","a9130580-f180-4f27-bd10-77caf06c5096","2018","67","""In doing a good thing, everything is permitted which is not prohibited expressly or by clear implication."" Examine the statement with suita","","","verified","Clean sweep + spot-check sample confirmed sound - bulk pass 2026-08-26"
"question","eaad69c7-bad3-4860-be52-985c84fd9167","2018","68","With regard to the morality of actions, one view is that means is of paramount importance and the other view is that the ends justify the me","","","verified","Clean sweep + spot-check sample confirmed sound - bulk pass 2026-08-26"
"question","30125202-d952-4283-88aa-a2f5af6ed850","2018","69","Suppose the Government of India is thinking of constructing a dam in a mountain valley bound by forests and inhabited by ethnic communities.","","","verified","Clean sweep + spot-check sample confirmed sound - bulk pass 2026-08-26"
"question","dc993bd6-ad93-4759-b538-1a4d8ad135d7","2018","70","Explain the process of resolving ethical dilemmas in Public Administration.","","","verified","Clean sweep + spot-check sample confirmed sound - bulk pass 2026-08-26"
"question","21abff08-ba57-4fdd-bd2d-257b2dc8dec4","2018","71","What do each of the following quotations mean to you in the present context? ""The true rule, in determining to embrace, or reject anything, ","","","verified","Clean sweep + spot-check sample confirmed sound - bulk pass 2026-08-26"
"question","caa0f0cf-66d1-4900-908c-67489116d4b4","2018","72","""Anger and intolerance are the enemies of correct understanding."" - Mahatma Gandhi","","","verified","Clean sweep + spot-check sample confirmed sound - bulk pass 2026-08-26"
"question","6aba6c14-3d93-467b-9d8d-dabbcf66e7e0","2018","73","""Falsehood takes the place of truth when it results in unblemished common good."" - Tirukkural","","","verified","Clean sweep + spot-check sample confirmed sound - bulk pass 2026-08-26"
"question","686d44dc-1184-4a58-9023-0178a822608a","2018","74","Rakesh is a responsible district level officer, who enjoys the trust of his higher officials. Knowing his honesty, the government entrusted ","","","verified","Clean sweep + spot-check sample confirmed sound - bulk pass 2026-08-26"
"question","41926c0c-d04a-4bff-a794-af84ff6cc270","2018","75","As a senior officer in the Ministry, you have access to important policy decisions and upcoming big announcements such as road construction ","","","verified","Clean sweep + spot-check sample confirmed sound - bulk pass 2026-08-26"
"question","a3771b88-f68a-498e-935f-48708a6375f4","2018","76","It is a State where prohibition is in force. You are recently appointed as the Superintendent of Police of a district notorious for illicit ","","","verified","Clean sweep + spot-check sample confirmed sound - bulk pass 2026-08-26"
"question","7d74d4e8-9176-4e05-8a4c-cd755ef23a93","2018","77","A big corporate house is engaged in manufacturing industrial chemicals on a large scale. It proposes to set up an additional unit. Many stat","","spot_check","verified","Clean sweep + spot-check sample confirmed sound - bulk pass 2026-08-26"
"question","9128a4e0-601e-40d0-9428-0a761be46bfe","2018","78","Dr X is a leading medical practitioner in a city. He has set up a charitable trust through which he plans to establish a super-speciality ho","","","verified","Clean sweep + spot-check sample confirmed sound - bulk pass 2026-08-26"
"question","387d5d7b-2340-4a91-896b-ee649f5e4d2f","2018","79","Edward Snowden, a computer expert and former CIA administrator, released confidential Government documents to the press about the existence ","","","verified","Clean sweep + spot-check sample confirmed sound - bulk pass 2026-08-26"
"question","23626e68-1a39-4194-929b-f668e0a3a9c2","2018","80","Alternative technologies for a climate change resilient India","","","verified","Clean sweep + spot-check sample confirmed sound - bulk pass 2026-08-26"
"question","1c8bd7e0-a87c-4e1d-adc5-a967be661bbe","2018","81","A good life is one inspired by love and guided by knowledge","","","verified","Clean sweep + spot-check sample confirmed sound - bulk pass 2026-08-26"
"question","cb7dec12-7fcc-47b4-98bd-a8cbc419fcc1","2018","82","Poverty anywhere is a threat to prosperity everywhere","","","verified","Clean sweep + spot-check sample confirmed sound - bulk pass 2026-08-26"
"question","ea33bede-7191-4a5d-a941-fc013fd0ca55","2018","83","Management of Indian border disputes - a complex task","","","verified","Clean sweep + spot-check sample confirmed sound - bulk pass 2026-08-26"
"question","61665778-4a3a-4175-9a67-d7362f9254f0","2018","84","Customary morality cannot be a guide to modern life","","","verified","Clean sweep + spot-check sample confirmed sound - bulk pass 2026-08-26"
"question","ebc05a79-2c45-4858-93f5-3edf706422eb","2018","85","'The past' is a permanent dimension of human consciousness and values","","","verified","Clean sweep + spot-check sample confirmed sound - bulk pass 2026-08-26"
"question","3d71314f-4722-44a2-b460-51d434f5ccd6","2018","86","A people that values its privileges above its principles loses both","","","verified","Clean sweep + spot-check sample confirmed sound - bulk pass 2026-08-26"
"question","d7240dd8-1f15-40d6-81e6-18d3c43d2d58","2018","87","Reality does not conform to the ideal, but confirms it","","","verified","Clean sweep + spot-check sample confirmed sound - bulk pass 2026-08-26"
"tag","1c07a4c8-4cf9-4bdd-8691-42cf4f0d45fa","2018","005dd8c0-5f5e-4a74-8a48-49cf9de62a02","Concept of public service and the philosophical basis of governance/probity; public servants as 'trustees' of public power and financial res","","spot_check","verified","Clean sweep + spot-check sample confirmed sound - bulk pass 2026-08-26"
"tag","4037181d-fa67-4769-96d6-5b8092da675c","2018","01bc558f-a3a3-4612-8141-f6b2019d7c9f","Gandhian mass mobilization phases (Non-Cooperation, Civil Disobedience, Quit India) and the special role of women in this phase","","","verified","Clean sweep + spot-check sample confirmed sound - bulk pass 2026-08-26"
"tag","9b1682a2-07f7-4c05-b5c8-9267fb9c7804","2018","0cb65f4f-7b06-49f0-9101-dd6aee6fa9ff","Government intervention: role of institutions/bureaucrats/stakeholders, transparency and accountability, optimum resource use (targeting, pl","","","verified","Clean sweep + spot-check sample confirmed sound - bulk pass 2026-08-26"
"tag","f61a024c-906e-4e44-8ece-300c7508d08c","2018","0f1d400b-0f67-4fa2-9333-783c47c7db32","Ethical concerns/dilemmas in public and private institutions; laws/rules/regulations vs conscience as sources of ethical guidance; accountab","","","verified","Clean sweep + spot-check sample confirmed sound - bulk pass 2026-08-26"
"tag","683b547b-c2fd-4d35-a4e1-f5934fec66e4","2018","11e59c8c-6291-4428-afac-7f7079138b67","UNESCO World Heritage sites of India: cultural criteria and conservation issues","","","verified","Clean sweep + spot-check sample confirmed sound - bulk pass 2026-08-26"
"tag","dd578063-0046-480e-ae29-be642b5b3b47","2018","1eb641d0-a6b8-42e8-9f46-1a3505cbcb04","Conscience vs conformity: whistleblowing dilemmas within rule-bound bureaucratic hierarchies (including the Edward Snowden case ??? legality","","","verified","Clean sweep + spot-check sample confirmed sound - bulk pass 2026-08-26"
"tag","60228145-d69f-49bf-89d3-0f43646d0028","2018","1f074352-90a9-460f-9ec8-dcf193c6198b","Effects of globalization on Indian society: kinds of impact (economic, political, developmental, socio-cultural) and whether the impact is s","","","verified","Clean sweep + spot-check sample confirmed sound - bulk pass 2026-08-26"
"tag","a510b471-ffc7-407c-8658-0750067e46cf","2018","21b8574b-4143-4333-9d38-d916fd1035a2","The Governor, Chief Minister, Advocate-General, and State Legislature: appointment, discretionary/ordinance/pardoning powers, composition of","","","verified","Clean sweep + spot-check sample confirmed sound - bulk pass 2026-08-26"
"tag","f2cba404-786d-4c38-ade7-ff861b43353e","2018","2ad0a29e-043e-4c11-b5e2-6ea63cd67426","The President: importance, qualification, election procedure, powers (executive/legislative/emergency/financial/judicial), ordinance-making ","","","verified","Clean sweep + spot-check sample confirmed sound - bulk pass 2026-08-26"
"tag","df3fd192-271c-4f37-86da-5db594aaa20d","2018","2c26a666-8e16-46a5-9362-547604b3556e","Bhakti and Sufi movements: reach across age/gender/religious barriers; Sri Chaitanya's re-orientation; Vaishnava Acharyas' metaphysical foun","","","verified","Clean sweep + spot-check sample confirmed sound - bulk pass 2026-08-26"
"tag","04e53675-9695-4c5b-99ed-23cfb485aae0","2018","301095c0-baea-4fd3-963e-1de5fed159e6","Disaster management, preparedness and mitigation: community-based management, government initiatives, National Disaster Management Act 2005,","","spot_check","verified","Clean sweep + spot-check sample confirmed sound - bulk pass 2026-08-26"
"tag","78892465-819c-4018-85eb-67c0af200e40","2018","3162e4b3-2e3b-4032-9aae-fd72895470f2","Poverty and hunger: definitional debates across committees, poverty data, causes, urban vs rural vs feminized poverty, poverty-alleviation m","","","verified","Clean sweep + spot-check sample confirmed sound - bulk pass 2026-08-26"
"tag","3444e5fc-e5c2-4114-a4b3-e96a9f9999c6","2018","3946ee7a-d620-4c96-9062-9b7513c72042","Information sharing, transparency and Right to Information: importance of vigilant citizens, information-sharing/participation, flaws in RTI","","","verified","Clean sweep + spot-check sample confirmed sound - bulk pass 2026-08-26"
"tag","026e70be-e09d-473c-8d64-3730ff2a52c5","2018","3eb08a5b-0910-493b-bf1d-07f0b7468836","Indian moral/spiritual exemplars used as case anchors: Mahatma Gandhi, Dr S. Radhakrishnan, Rabindranath Tagore, Swami Dayanand Saraswati, M","","","verified","Clean sweep + spot-check sample confirmed sound - bulk pass 2026-08-26"
"tag","83e4c84d-0589-41a1-92f4-2e6bf28c49aa","2018","41ad5c1f-7129-4d6e-b241-5c67f84cfb99","Frequently cited quotation-anchors for ethics answer-writing: Gandhi's 'Seven Sins' and 'the weak can never forgive'; Socrates' 'an unexamin","","","verified","Clean sweep + spot-check sample confirmed sound - bulk pass 2026-08-26"
"tag","abfb9797-49cc-4265-a897-a17e0ec1328b","2018","41ad5c1f-7129-4d6e-b241-5c67f84cfb99","Frequently cited quotation-anchors for ethics answer-writing: Gandhi's 'Seven Sins' and 'the weak can never forgive'; Socrates' 'an unexamin","","","verified","Clean sweep + spot-check sample confirmed sound - bulk pass 2026-08-26"
"tag","7b83b3c9-434d-4dc2-a0c6-7cb734266cde","2018","41ad5c1f-7129-4d6e-b241-5c67f84cfb99","Frequently cited quotation-anchors for ethics answer-writing: Gandhi's 'Seven Sins' and 'the weak can never forgive'; Socrates' 'an unexamin","","","verified","Clean sweep + spot-check sample confirmed sound - bulk pass 2026-08-26"
"tag","68df5cd1-6e94-40bb-8d83-c32b781f3b0c","2018","43116335-ee15-41c5-90bd-d56b3ef29c17","Subsidies: farm/fertiliser/power/irrigation subsidies, issues of direct/indirect subsidies and MSP, objectives, gainer-loser resource transf","","","verified","Clean sweep + spot-check sample confirmed sound - bulk pass 2026-08-26"
"tag","f0444de9-f37d-4f7c-8f7d-b6576810e2dd","2018","4556998f-c48b-4404-b469-d8693d65a100","Fiscal policy: important budgetary/fiscal terms, government revenue/spending, revenue/fiscal/primary deficits and their financing","","","verified","Clean sweep + spot-check sample confirmed sound - bulk pass 2026-08-26"
"tag","25b5a4a6-dcb3-4303-b68c-b8a09b6f03e5","2018","46decb7a-a9bb-4819-b8d9-0f2ec973bd38","Major powers: Russia (strategic cooperation, Russia-China impact on India), China (economic relations, water disputes, String of Pearls, Mar","","","verified","Clean sweep + spot-check sample confirmed sound - bulk pass 2026-08-26"
"tag","b6eb8b04-e345-4836-a1ef-a8d24c1f2dc8","2018","4ae26f49-1b68-4366-b3a3-becbe93c9abb","Case studies: development vs displacement/environment trade-offs: environmental clearance vs displacement/pollution trade-offs, court-ordere","","spot_check","verified","Clean sweep + spot-check sample confirmed sound - bulk pass 2026-08-26"
"tag","01934bce-e2b3-4929-bde9-4f53ebbce98e","2018","4ae26f49-1b68-4366-b3a3-becbe93c9abb","Case studies: development vs displacement/environment trade-offs: environmental clearance vs displacement/pollution trade-offs, court-ordere","","","verified","Clean sweep + spot-check sample confirmed sound - bulk pass 2026-08-26"
"tag","1be99d1d-3d3c-48f6-97e4-66e81f78a7c4","2018","52043a16-3ccb-4138-8de3-72d640f6fccb","History through the eyes of travellers: Ayodhya's historical narratives, Chinese pilgrim travellers, Arab travellers and cultural encounters","","","verified","Clean sweep + spot-check sample confirmed sound - bulk pass 2026-08-26"
"tag","245cd0ee-5fa4-404e-beb3-f2c12f857882","2018","591d0f76-0890-43fe-8595-05fba92819c7","Secularism: meaning, the Indian constitutional vantage point, comparison with the Western model, Gandhian view on religion, and threats to t","","","verified","Clean sweep + spot-check sample confirmed sound - bulk pass 2026-08-26"
"tag","a27dccde-2aaf-45e2-a958-f388c64aeecf","2018","5a10e711-45ba-4b01-85f7-14fe8c8704ea","Statutory/regulatory/quasi-judicial bodies: CVC, CBI, NHRC ('toothless tiger' critique), SHRC, Central/State Information Commission, NGT, SE","","","verified","Clean sweep + spot-check sample confirmed sound - bulk pass 2026-08-26"
"tag","7ee11405-a761-48f4-aeb4-9c9ccd1350b1","2018","5b9d10c3-2e41-4dfb-858c-87fcc8003436","e-Governance: introduction, applications, models, successes/limitations/future prospects, dashboards/portals, democracy-and-e-governance lin","","","verified","Clean sweep + spot-check sample confirmed sound - bulk pass 2026-08-26"
"tag","afc4938d-3779-4dee-9d8f-6a79fb563ca4","2018","5edc03f7-4c97-489f-84e6-1addba136647","The National Commission for SCs (constitutional-reservation enforcement including in religious-minority institutions); Rights of Persons wit","","","verified","Clean sweep + spot-check sample confirmed sound - bulk pass 2026-08-26"
"tag","108cb981-0665-4d87-b01d-0b11c05ada01","2018","60dbf376-d7e5-4833-92de-a0bb8f24568d","Essence, determinants and consequences of ethics in human actions; approaches to ethical study (Indian vs Western perspectives); basic conce","","","verified","Clean sweep + spot-check sample confirmed sound - bulk pass 2026-08-26"
"tag","124ae367-dcb5-4666-8c84-984253135008","2018","611e82d1-f407-4a3b-8ba1-5f5d40fb7c31","Coinage of India and inscriptions/coins as sources of history; Devadasi tradition; Aadi Mahotsav and tribal cultural empowerment; Dwarka and","","","verified","Clean sweep + spot-check sample confirmed sound - bulk pass 2026-08-26"
"tag","6e0787b0-7835-47f8-b0b5-d04e30505bc2","2018","61f632ee-31af-4e38-99fb-d1040785acd5","Linkage between development and extremism: Left-Wing Extremism's stated purpose, its resonance with common people, Covid-19's effect on Naxa","","","verified","Clean sweep + spot-check sample confirmed sound - bulk pass 2026-08-26"
"tag","2226f497-ed69-4eb3-a5c7-57e94ea606a7","2018","62304d51-cb8d-475b-b0c4-2951d56d8505","Case studies: public-service integrity & corruption dilemmas: welfare-scheme 'ghost beneficiary' fraud amid caste sensitivities, law-enforce","","spot_check","verified","Clean sweep + spot-check sample confirmed sound - bulk pass 2026-08-26"
"tag","5a760f7f-cb4d-4b02-bd55-75bf086bb50d","2018","62304d51-cb8d-475b-b0c4-2951d56d8505","Case studies: public-service integrity & corruption dilemmas: welfare-scheme 'ghost beneficiary' fraud amid caste sensitivities, law-enforce","","","verified","Clean sweep + spot-check sample confirmed sound - bulk pass 2026-08-26"
"tag","fdf720b6-1e52-40cc-b240-edc9747eb501","2018","6354dd20-e475-4180-bf00-2e9ea8dd5cfc","Planning in India: objectives, history, Five-Year-Plan analysis, and Growth vs Development distinction (national income determination, GDP/G","","","verified","Clean sweep + spot-check sample confirmed sound - bulk pass 2026-08-26"
"tag","1c9e4708-ce5b-4da3-ac20-26bcc0c340a0","2018","637fbe68-a66c-4746-a9ef-f172c4ec6dfa","Consequentialist vs Deontological (Kantian) moral boundaries in public-administration execution; Utilitarianism's concept and its critique w","","","verified","Clean sweep + spot-check sample confirmed sound - bulk pass 2026-08-26"
"tag","b4d6dd02-133f-46e1-a1b4-d7128098e8af","2018","66217089-fe4d-42b9-ae4e-ae71da2b040d","Comparative constitutionalism: Indian scheme vs USA, UK, France, and neighbouring constitutions","","","verified","Clean sweep + spot-check sample confirmed sound - bulk pass 2026-08-26"
"tag","80fe5dcb-d23d-42e4-9b4e-2128870b3558","2018","6a6a5724-f2a2-47f3-8acd-6bc4fdac23d5","Foundational science: chemistry basics (atomic structure, bonding, metallurgy, acids/bases, electro-chemistry, polymers, pharmaceuticals, bi","","","verified","Clean sweep + spot-check sample confirmed sound - bulk pass 2026-08-26"
"tag","954c892a-1801-4f29-b896-06a91211aa3f","2018","6ca6382e-c307-415a-b750-3e76d7f2b32a","Council of Ministers, Attorney General of India, and Parliament: composition of Lok Sabha/Rajya Sabha, qualification/disqualification, sessi","","","verified","Clean sweep + spot-check sample confirmed sound - bulk pass 2026-08-26"
"tag","de12461b-143e-46e6-b218-87c9d81e2da7","2018","7144a5ba-9350-439f-9f89-f6e0c5418d3b","Agriculture marketing: process and structure in India, importance, government measures (APMC Act analysis, e-NAM)","","","verified","Clean sweep + spot-check sample confirmed sound - bulk pass 2026-08-26"
"tag","412a71e6-1270-476b-9d8d-20454c382e43","2018","76558b71-03c7-4831-a443-e8cc4629059e","Marine & coastal ecosystem degradation: mangrove-ecosystem IUCN reports, Great Barrier Reef coral bleaching, Arctic Ocean marine heatwaves, ","","","verified","Clean sweep + spot-check sample confirmed sound - bulk pass 2026-08-26"
"tag","1ecf8402-acc3-4e5b-96c9-402a875d9f21","2018","7fce5b51-7cc6-42a9-bfdc-52e9dafe946d","Resource geopolitics: Arctic ice-melt causes/consequences, Arctic resource-driven geopolitical conflict, and mineral resource base as determ","","","verified","Clean sweep + spot-check sample confirmed sound - bulk pass 2026-08-26"
"tag","a24c2f58-cd42-4122-ba9a-9a8424ce1ed1","2018","864d1c11-6f6a-4e72-bab5-1468b24ab6e8","Distinguishing a 'Code of Conduct' from a 'Code of Ethics'; code of conduct for ministers/legislators/civil servants/regulators/judiciary","","spot_check","verified","Clean sweep + spot-check sample confirmed sound - bulk pass 2026-08-26"
"tag","086ccdec-3f12-4e0c-8f39-cc374978b4ed","2018","8b46bafd-4dd6-47df-a1b1-8fefe7f1ff7b","Role of women's organizations and SHGs in Indian history: types, level of penetration, problems faced, and the role of microfinance institut","","","verified","Clean sweep + spot-check sample confirmed sound - bulk pass 2026-08-26"
"tag","d2b2b488-f186-4b9e-b40f-ca7739f0f54c","2018","9682524e-fadc-404a-b0c0-d5eed2092c10","Waste management: solid/hazardous/e-waste/biomedical/plastic-waste categories, management methods, poor-disposal effects, and landfill issue","","","verified","Clean sweep + spot-check sample confirmed sound - bulk pass 2026-08-26"
"tag","3df51163-54f1-4915-9865-874716efa994","2018","96f80871-5186-4d46-84f8-bb0dca95bbc6","Role of agriculture in the Indian economy: historical background and current status, cropping systems (mono-cropping, crop rotation, sequent","","","verified","Clean sweep + spot-check sample confirmed sound - bulk pass 2026-08-26"
"tag","4f5ee5dc-5441-41b8-bae7-6831e1c9b11b","2018","96f80871-5186-4d46-84f8-bb0dca95bbc6","Role of agriculture in the Indian economy: historical background and current status, cropping systems (mono-cropping, crop rotation, sequent","","","verified","Clean sweep + spot-check sample confirmed sound - bulk pass 2026-08-26"
"tag","67810ea0-2dff-4397-a49c-334cff7fe697","2018","9b3782ad-33ba-445e-a503-a41e05e01fd6","Plate tectonics: lithospheric plates (major/minor), plate boundary types (divergent/convergent/transform), rates and forces of plate movemen","","","verified","Clean sweep + spot-check sample confirmed sound - bulk pass 2026-08-26"
"tag","64f6fcd2-c13b-4a89-8237-2967c588c130","2018","9bbb715b-1c54-40b4-a8ca-5fd13efe20f1","Agricultural revolutions in India: Green, White (Operation Flood), Yellow, Blue, and Golden Fibre (jute) revolutions, and the future of Indi","","","verified","Clean sweep + spot-check sample confirmed sound - bulk pass 2026-08-26"
"tag","6274a037-5f95-4a44-b457-1b0a749003ec","2018","9d6353a6-f328-460c-bcac-e07278b399f8","Wetland conservation and the Ramsar 'wise use' concept with Indian Ramsar-site examples; the 'Organic State' (Sikkim) model's ecological/eco","","","verified","Clean sweep + spot-check sample confirmed sound - bulk pass 2026-08-26"
"tag","56e0b0b7-d132-49a5-aaf1-2c32c8461b8a","2018","9d6353a6-f328-460c-bcac-e07278b399f8","Wetland conservation and the Ramsar 'wise use' concept with Indian Ramsar-site examples; the 'Organic State' (Sikkim) model's ecological/eco","","","verified","Clean sweep + spot-check sample confirmed sound - bulk pass 2026-08-26"
"tag","e4c61083-7c23-4f87-a7bf-b7421bd43891","2018","9d969b75-3f3f-466b-830b-82c16b295324","Case studies: welfare-access & exclusion dilemmas: digital/biometric exclusion of a genuine welfare beneficiary, biometric-mandate exclusion","","spot_check","verified","Clean sweep + spot-check sample confirmed sound - bulk pass 2026-08-26"
"tag","2d685dd4-814a-4cda-89cd-a418a1956773","2018","a1983b76-2b14-4659-8a8b-0cc2f98c8b41","Water resources: underground/surface/inland/oceanic water resources, utilization patterns, water pollution, conservation techniques, river-i","","","verified","Clean sweep + spot-check sample confirmed sound - bulk pass 2026-08-26"
"tag","2b5088e8-7c59-43cf-82c8-608be70a47b5","2018","a2c93b38-f280-4559-9e54-5a26dc6cb93c","Constitutional bodies: Election Commission, UPSC, State PSC, Finance Commission, GST Council, National Commission for SCs/STs, Special Offic","","","verified","Clean sweep + spot-check sample confirmed sound - bulk pass 2026-08-26"
"tag","dec70701-e15f-4728-be16-a4e173ac9867","2018","a2c93b38-f280-4559-9e54-5a26dc6cb93c","Constitutional bodies: Election Commission, UPSC, State PSC, Finance Commission, GST Council, National Commission for SCs/STs, Special Offic","","","verified","Clean sweep + spot-check sample confirmed sound - bulk pass 2026-08-26"
"tag","272a92d6-c90e-4a1a-b7a9-2961624ffae2","2018","aed2b8f0-5d07-43b8-8d16-9d72b34efc31","Local government: 73rd/74th Amendment provisions, functions of municipal corporations/councils/nagar panchayats, State Election/Finance Comm","","","verified","Clean sweep + spot-check sample confirmed sound - bulk pass 2026-08-26"
"tag","459f84e5-20f2-4741-954a-2fd9da912ce1","2018","b0f90d0f-c35e-4c56-b8ff-2bfac91061cd","Communalism: meaning, historicity, role of third parties in inciting/perpetrating it, and whether it can be eradicated; regionalism's theori","","","verified","Clean sweep + spot-check sample confirmed sound - bulk pass 2026-08-26"
"tag","0c101351-6115-4b22-85e9-0308b2fe65cd","2018","b8013abc-2cf1-4592-ac83-498f8b2942f2","Sustainable development: principles, measurement of sustainability/equitable resource use, sustainable-lifestyle role of the individual, and","","","verified","Clean sweep + spot-check sample confirmed sound - bulk pass 2026-08-26"
"tag","9e822cc3-d38b-4dc6-bf2d-436674e44b8b","2018","bcc1c454-fbd5-42de-937d-71ee1d28580f","Data security and the Justice B.N. Srikrishna Committee Report on personal data protection; drug trafficking's linkage to gunrunning/human t","","","verified","Clean sweep + spot-check sample confirmed sound - bulk pass 2026-08-26"
"tag","a0543a7f-dadd-457b-bb2c-8f26b331220b","2018","bcc1c454-fbd5-42de-937d-71ee1d28580f","Data security and the Justice B.N. Srikrishna Committee Report on personal data protection; drug trafficking's linkage to gunrunning/human t","","","verified","Clean sweep + spot-check sample confirmed sound - bulk pass 2026-08-26"
"tag","23f58781-5a9c-43b3-b918-90bcf65e0213","2018","be23d986-564f-4405-80b9-4b16a990ffbc","Essential aptitude for civil servants; foundational values of civil services: neutrality, anonymity, accountability, integrity, humility, ad","","","verified","Clean sweep + spot-check sample confirmed sound - bulk pass 2026-08-26"
"tag","80151834-8153-477a-9f14-c59d5db6b3eb","2018","cb41e1de-d76d-4969-a19a-34668a10b355","Space technology: orbit types, launch-vehicle classification, major agencies (ISRO, NASA, ESA, Roscosmos, JAXA, CNSA) and their missions, IS","","spot_check","verified","Clean sweep + spot-check sample confirmed sound - bulk pass 2026-08-26"
"tag","23cfdd37-750c-430a-b73c-ff3b2122a3b0","2018","cd6b31ee-6c8f-4fdc-a82a-7a7bf454b62d","Important infrastructure schemes: PM Gati Shakti National Master Plan, PM MITRA textile parks, NaBFID, National Industrial Corridor Developm","","","verified","Clean sweep + spot-check sample confirmed sound - bulk pass 2026-08-26"
"tag","8653b8e6-5b5c-46f9-9cde-de45950d34d7","2018","cdb9967e-50a6-44eb-a6a9-8b14cc892378","Conflict of interest: definition, actual vs potential conflicts, with illustrative examples; administrative value conflicts in maintaining p","","","verified","Clean sweep + spot-check sample confirmed sound - bulk pass 2026-08-26"
"tag","be22352f-dd87-492e-8ceb-30a4fc9a9d77","2018","cdee37b0-c5ff-4304-abb8-a463ced823e3","Biotechnology: genetic engineering process/applications, genomics/proteomics, RNA technologies, genome sequencing, environmental application","","","verified","Clean sweep + spot-check sample confirmed sound - bulk pass 2026-08-26"
"tag","1e5368cd-c4ba-4364-afec-4e1dc3211893","2018","d2d853a4-e3d1-4558-af3c-16f22fb3c16e","Re-organisation and integration of states: constitutional provisions, factors behind the merger, accession of princely states, J&K/Hyderabad","","","verified","Clean sweep + spot-check sample confirmed sound - bulk pass 2026-08-26"
"tag","209852c1-b59f-4d3c-89f4-27f1cb0a4d90","2018","d6ff40b9-272f-444a-9e60-d384838b263c","Citizens' Charters: introduction, models, features, implementation issues in India, reform needs, and the Sevottam framework","","","verified","Clean sweep + spot-check sample confirmed sound - bulk pass 2026-08-26"
"tag","51ddcb5f-705c-4e0b-98a3-1871d5158eb4","2018","dcd328bc-5dab-41b3-887d-74e4b6e878fa","Governance indices & accountability: domestic/international indices and rankings (GHI, NITI Aayog reports, NIRF), aspirational districts, SD","","","verified","Clean sweep + spot-check sample confirmed sound - bulk pass 2026-08-26"
"tag","746e9082-104d-40fb-8b78-f9cc97ed50a4","2018","dd5e3bfc-1a94-48dc-9c8e-19d7c87599e1","Environmental governance instruments: Biological Diversity Amendment Bill, Brazzaville Declaration","","","verified","Clean sweep + spot-check sample confirmed sound - bulk pass 2026-08-26"
"tag","32999c2b-83c0-4f1d-8cc2-4650ec5c8bb1","2018","e32b2fcf-7fb1-46d1-acaa-c7c7ef6cfc5b","Multilateral relations: WTO (decision-making, Nairobi Package, IPR, reforms, agriculture issues, FTAs), IMF and reforms, nuclear-security ar","","","verified","Clean sweep + spot-check sample confirmed sound - bulk pass 2026-08-26"
"tag","02dd643e-2842-47e7-ab03-58bfb024ba35","2018","e33a0781-b54e-4c13-b139-a2d1be703304","External sector & global economy: foreign-investment decline, de-dollarisation, global debt crisis, forex reserves, US-China trade war impac","","","verified","Clean sweep + spot-check sample confirmed sound - bulk pass 2026-08-26"
"tag","cff6e583-96a7-446e-881f-57874fe07b34","2018","e586510e-b291-4d77-8981-c9f92a1ab815","'Health for All' target vs structural health-infrastructure gaps; rising out-of-pocket health expenditure; commercialization of healthcare v","","spot_check","verified","Clean sweep + spot-check sample confirmed sound - bulk pass 2026-08-26"
"tag","79ce6b29-83fe-44ee-9742-de8813a2575b","2018","e5a48674-f4fb-436d-8ba3-39bdbc39f5dd","Nuclear energy: reaction types, civil/military applications, fuel cycle and centrifugation, reactor types, India's nuclear policy, radioacti","","","verified","Clean sweep + spot-check sample confirmed sound - bulk pass 2026-08-26"
"tag","ffa61bb2-0fa4-4686-8f6c-52bf274a9e20","2018","e957f7b7-aa14-4051-898d-e2bd98925f4f","Constitutional Bodies: appointment transparency (CEC/EC selection process, CAG appointment/functions/powers), tenure security, and functiona","","","verified","Clean sweep + spot-check sample confirmed sound - bulk pass 2026-08-26"
"tag","60a5d314-746e-46c0-9ee3-24b7c3ad7801","2018","ebec1783-9d34-4091-86c2-73b8832e1c26","Poverty and development issues: concept of development, Sen vs Bhagwati model, crisis of development","","","verified","Clean sweep + spot-check sample confirmed sound - bulk pass 2026-08-26"
"tag","46605070-64c9-4762-97ee-fc072aad97bd","2018","f23ed3c3-13b4-40cd-9bff-1e8904524068","Caste system: structural resilience as a barrier to social mobility, and its adaptation to modernization/secularization","","","verified","Clean sweep + spot-check sample confirmed sound - bulk pass 2026-08-26"
"tag","3b924d0e-f05b-4271-8924-d6352d446d77","2018","f9a1a286-8d52-4e4a-90b9-1787bc9a221b","Case studies: crisis & resource-allocation dilemmas: drought-relief tanker capture by a 'tanker mafia', disaster resource-allocation triage ","","","verified","Clean sweep + spot-check sample confirmed sound - bulk pass 2026-08-26"
"tag","8eb435c3-3b82-4c02-b480-52796cccc40d","2018","fd4be87b-b725-45b9-b6f1-aef0037001f7","Elections in India: salient features of the Representation of People Acts 1950/1951, electoral reforms, criminalization of politics, negativ","","","verified","Clean sweep + spot-check sample confirmed sound - bulk pass 2026-08-26"
"tag","78e0f0d0-4790-40d0-9464-cab0e8037a5a","2018","fe28f5e5-99c3-4c9d-829c-4c38a0b6ffe3","India and Asian nations: Central Asian republics (Turkmenistan, Kazakhstan, Tajikistan; China's role; International North-South Transport Co","","","verified","Clean sweep + spot-check sample confirmed sound - bulk pass 2026-08-26"
"tag","305f0ba6-add6-4835-9621-7ee575790af8","2018","fe28f5e5-99c3-4c9d-829c-4c38a0b6ffe3","India and Asian nations: Central Asian republics (Turkmenistan, Kazakhstan, Tajikistan; China's role; International North-South Transport Co","","","verified","Clean sweep + spot-check sample confirmed sound - bulk pass 2026-08-26"
"tag","9d861124-b9f5-438a-9d2a-f40678ad5f80","2018","fe28f5e5-99c3-4c9d-829c-4c38a0b6ffe3","India and Asian nations: Central Asian republics (Turkmenistan, Kazakhstan, Tajikistan; China's role; International North-South Transport Co","","","verified","Clean sweep + spot-check sample confirmed sound - bulk pass 2026-08-26"
"question","43515d4e-600b-4ab6-bf7c-f67e9344363e","2019","1","Highlight the Central Asian and Greco-Bactrian elements in the Gandhara art.","","spot_check","verified","Clean sweep + spot-check sample confirmed sound - bulk pass 2026-08-26"
"question","07f4bbd7-439c-43b4-9b13-13646e1471f8","2019","2","The 1857 Uprising was the culmination of the recurrent big and small local rebellions that had occurred in the preceding hundred years of Br","","","verified","Clean sweep + spot-check sample confirmed sound - bulk pass 2026-08-26"
"question","1ff94a2c-835b-44be-80eb-a79ee38e411d","2019","3","Examine the linkages between the nineteenth century's 'Indian Renaissance' and the emergence of national identity.","","","verified","Clean sweep + spot-check sample confirmed sound - bulk pass 2026-08-26"
"question","873d8ddf-914e-479e-aacb-97de71e2c3e0","2019","4","Assess the impact of global warming on the coral life system with examples.","","","verified","Clean sweep + spot-check sample confirmed sound - bulk pass 2026-08-26"
"question","5b77fe00-30de-4899-84d9-023820c2bfdb","2019","5","Discuss the causes of depletion of mangroves and explain their importance in maintaining coastal ecology.","","","verified","Clean sweep + spot-check sample confirmed sound - bulk pass 2026-08-26"
"question","c74f76db-a4b0-43cc-8eb0-b9312f036497","2019","6","Can the strategy of regional resource-based manufacturing help in promoting employment in India?","","","verified","Clean sweep + spot-check sample confirmed sound - bulk pass 2026-08-26"
"question","0e7bec67-d718-4386-99e1-d58c9de43ee9","2019","7","Discuss the factors for localisation of agro-based food processing industries of North-West India.","","","verified","Clean sweep + spot-check sample confirmed sound - bulk pass 2026-08-26"
"question","fb6465d7-2f56-4d70-8b2b-fb296dd56859","2019","8","What makes the Indian society unique in sustaining its culture? Discuss.","","","verified","Clean sweep + spot-check sample confirmed sound - bulk pass 2026-08-26"
"question","9583f07d-6dd2-474a-8ee3-302077a69ee3","2019","9","???Empowering women is the key to control population growth.??? Discuss.","non_ascii_suspect","flagged","needs_correction","Mojibake-corrupted punctuation (em/en-dash), confirmed 2026-08-26. Content otherwise genuine - re-type from official PDF in follow-up pass."
"question","b69529ef-c47b-4dfd-931c-86033dd3ff13","2019","10","What are the challenges to our cultural practices in the name of secularism?","","spot_check","verified","Clean sweep + spot-check sample confirmed sound - bulk pass 2026-08-26"
"question","f7579fa9-4f74-4a11-9ce2-4c49802fac9d","2019","11","Many voices had strengthened and enriched the nationalist movement during the Gandhian phase. Elaborate.","","","verified","Clean sweep + spot-check sample confirmed sound - bulk pass 2026-08-26"
"question","96142b0f-e901-477b-a8c1-5c6ca40b9666","2019","12","Assess the role of British imperial power in complicating the process of transfer of power during the 1940s.","","","verified","Clean sweep + spot-check sample confirmed sound - bulk pass 2026-08-26"
"question","b2220507-74ab-4741-8c45-fe3e0bf6c41b","2019","13","Explain how the foundations of the modern world were laid by the American and French Revolutions.","","","verified","Clean sweep + spot-check sample confirmed sound - bulk pass 2026-08-26"
"question","7d713301-00c3-486d-8f5e-41eec5238dad","2019","14","What is water stress? How and why does it differ regionally in India?","","","verified","Clean sweep + spot-check sample confirmed sound - bulk pass 2026-08-26"
"question","9a787802-9adb-4551-98d9-8610a21f3142","2019","15","How can the mountain ecosystem be restored from the negative impact of development initiatives and tourism?","","","verified","Clean sweep + spot-check sample confirmed sound - bulk pass 2026-08-26"
"question","cbe018f4-f395-4854-b4c0-5b0f45dd1c86","2019","16","How is efficient and affordable urban mass transport key to the rapid economic development of India?","","","verified","Clean sweep + spot-check sample confirmed sound - bulk pass 2026-08-26"
"question","8fd9a370-dbc7-49a4-901c-50d611ae2595","2019","17","How do ocean currents and water masses differ in their impacts on marine life and coastal environment? Give suitable examples.","","","verified","Clean sweep + spot-check sample confirmed sound - bulk pass 2026-08-26"
"question","732f5306-adfe-4d13-84e4-32b4cd34b1cd","2019","18","Do we have cultural pockets of small India all over the nation? Elaborate with examples.","","spot_check","verified","Clean sweep + spot-check sample confirmed sound - bulk pass 2026-08-26"
"question","ae7d54b4-519a-4b9e-b969-3a901518aae3","2019","19","What are the continued challenges for women in India against time and space?","","","verified","Clean sweep + spot-check sample confirmed sound - bulk pass 2026-08-26"
"question","b05cea5d-c492-4d9c-95c6-4902af40c0ee","2019","20","Are we losing our local identity for the global identity? Discuss.","","","verified","Clean sweep + spot-check sample confirmed sound - bulk pass 2026-08-26"
"question","f6a827ce-8510-4dcf-ba1a-3de97a791da6","2019","21","Do you think that Constitution of India does not accept principle of strict separation of powers rather it is based on the principle of 'che","","","verified","Clean sweep + spot-check sample confirmed sound - bulk pass 2026-08-26"
"question","f2bf00cb-5e0d-4c53-b3fe-6dd8312f9f4d","2019","22","???The Central Administrative Tribunal which was established for redressal of grievances and complaints by or against central government emp","non_ascii_suspect","flagged","needs_correction","Mojibake-corrupted punctuation (em/en-dash), confirmed 2026-08-26. Content otherwise genuine - re-type from official PDF in follow-up pass."
"question","ff2da3aa-9d6d-485b-884e-0093434e50dc","2019","23","What are the methods used by the farmers' organisations to influence the policy-makers in India and how effective are these methods?","","","verified","Clean sweep + spot-check sample confirmed sound - bulk pass 2026-08-26"
"question","ae7aa034-3bd6-40cf-a894-4fa93b4470c6","2019","24","From the resolution of contentious issues regarding distribution of legislative powers by the courts, 'Principle of Federal Supremacy' and '","","","verified","Clean sweep + spot-check sample confirmed sound - bulk pass 2026-08-26"
"question","00ca5a6f-692b-40a8-b953-e3657c4e26a8","2019","25","What can France learn from the Indian Constitution's approach to secularism?","","","verified","Clean sweep + spot-check sample confirmed sound - bulk pass 2026-08-26"
"question","cd4acb19-fec0-49ee-b8a2-c134af9cc862","2019","26","Despite consistent experience of high growth, India still goes with the lowest indicators of human development. Examine the issues that make","","","verified","Clean sweep + spot-check sample confirmed sound - bulk pass 2026-08-26"
"question","3d82b61c-00ec-4490-b4b3-c2ef08d327b3","2019","27","There is a growing divergence in the relationship between poverty and hunger in India. The shrinking of social expenditure by the government","non_ascii_suspect","flagged","needs_correction","Mojibake-corrupted punctuation (em/en-dash), confirmed 2026-08-26. Content otherwise genuine - re-type from official PDF in follow-up pass."
"question","750bf29d-357b-4a20-b4e5-7ec51187e20a","2019","28","Implementation of Information and Communication Technology (ICT) based Projects/Programmes usually suffers in terms of certain vital factors","","","verified","Clean sweep + spot-check sample confirmed sound - bulk pass 2026-08-26"
"question","28730ebe-b34c-468f-bad5-9a9b93f482be","2019","29","'The time has come for India and Japan to build a strong contemporary relationship, one involving global and strategic partnership that will","","spot_check","verified","Clean sweep + spot-check sample confirmed sound - bulk pass 2026-08-26"
"question","cd9c776c-08b6-4193-add4-de57fd531d8b","2019","30","'Too little cash, too much politics, leaves UNESCO fighting for life.' Discuss the statement in the light of US' withdrawal and its accusati","","","verified","Clean sweep + spot-check sample confirmed sound - bulk pass 2026-08-26"
"question","0f6df021-b77b-44a5-8998-b6b39e16fffb","2019","31","On what grounds a people's representative can be disqualified under the Representation of Peoples Act, 1951? Also mention the remedies avail","","","verified","Clean sweep + spot-check sample confirmed sound - bulk pass 2026-08-26"
"question","6bc2a006-2468-4039-bc29-70f0070035d9","2019","32","???Parliament's power to amend the Constitution is a limited power and it cannot be enlarged into absolute power.??? In the light of this st","non_ascii_suspect","flagged","needs_correction","Mojibake-corrupted punctuation (em/en-dash), confirmed 2026-08-26. Content otherwise genuine - re-type from official PDF in follow-up pass."
"question","3ca92b62-6938-45e1-941d-64ca9f670c5a","2019","33","???The reservation of seats for women in the institutions of local self-government has had a limited impact on the patriarchal character of ","non_ascii_suspect","flagged","needs_correction","Mojibake-corrupted punctuation (em/en-dash), confirmed 2026-08-26. Content otherwise genuine - re-type from official PDF in follow-up pass."
"question","206b6df6-5379-4fb7-a347-390daebc730d","2019","34","???The Attorney-General is the chief legal adviser and lawyer of the Government of India.??? Discuss.","non_ascii_suspect","flagged","needs_correction","Mojibake-corrupted punctuation (em/en-dash), confirmed 2026-08-26. Content otherwise genuine - re-type from official PDF in follow-up pass."
"question","28381471-1387-4438-821b-ef55e14d352f","2019","35","Individual Parliamentarian's role as the national law maker is on a decline, which in turn, has adversely impacted the quality of debates an","","","verified","Clean sweep + spot-check sample confirmed sound - bulk pass 2026-08-26"
"question","dec94553-c5b6-4937-99ff-f9e9419fc87e","2019","36","'In the context of neo-liberal paradigm of development planning, multi-level planning is expected to make operations cost-effective and remo","non_ascii_suspect","flagged","needs_correction","Mojibake-corrupted punctuation (em/en-dash), confirmed 2026-08-26. Content otherwise genuine - re-type from official PDF in follow-up pass."
"question","e8a10fa4-f87b-4d87-ab05-2ae6a0b8c3ab","2019","37","The need for cooperation among various service sectors has been an inherent component of development discourse. Partnership bridges the gap ","","","verified","Clean sweep + spot-check sample confirmed sound - bulk pass 2026-08-26"
"question","712e86a6-8963-41d9-93aa-0d93a75e9a70","2019","38","Performance of welfare schemes that are implemented for vulnerable sections is not so effective due to absence of their awareness and active","non_ascii_suspect","flagged","needs_correction","Mojibake-corrupted punctuation (em/en-dash), confirmed 2026-08-26. Content otherwise genuine - re-type from official PDF in follow-up pass."
"question","9b21514b-8d33-4ff8-8c7d-78eef323031e","2019","39","'The long-sustained image of India as a leader of the oppressed and marginalised nations has disappeared on account of its new found role in","","","verified","Clean sweep + spot-check sample confirmed sound - bulk pass 2026-08-26"
"question","b3b49349-5541-42e3-996c-4c861848522d","2019","40","'What introduces friction into the ties between India and the United States is that Washington is still unable to find for India a position ","","","verified","Clean sweep + spot-check sample confirmed sound - bulk pass 2026-08-26"
"question","3456086e-fe93-4f62-b587-ffe3c3bafdc9","2019","41","Enumerate the indirect taxes which have been subsumed in the Goods and Services Tax (GST) in India. Also, comment on the revenue implication","","","verified","Clean sweep + spot-check sample confirmed sound - bulk pass 2026-08-26"
"question","5df8fdd9-ff3d-431b-8796-e56f0d4c8de3","2019","42","Do you agree with the view that steady GDP growth and low inflation have left the Indian economy in good shape? Give reasons in support of y","","spot_check","verified","Clean sweep + spot-check sample confirmed sound - bulk pass 2026-08-26"
"question","c388d3b4-6047-4701-8a75-13146ef03fdb","2019","43","How far is Integrated Farming System (IFS) helpful in sustaining agricultural production?","","","verified","Clean sweep + spot-check sample confirmed sound - bulk pass 2026-08-26"
"question","909d56ed-6fa1-4e40-a5b7-f8d98d638a5a","2019","44","Elaborate the impact of National Watershed Project in increasing agricultural production from water-stressed areas.","","","verified","Clean sweep + spot-check sample confirmed sound - bulk pass 2026-08-26"
"question","ffb89d5f-5d23-44d4-bf62-61d201864412","2019","45","How was India benefitted from the contributions of Sir M. Visvesvaraya and Dr. M. S. Swaminathan in the fields of water engineering and agri","","","verified","Clean sweep + spot-check sample confirmed sound - bulk pass 2026-08-26"
"question","ca02f137-54ad-4711-a2a4-68b1b58a574b","2019","46","What is India's plan to have its own space station and how will it benefit our space programme?","","","verified","Clean sweep + spot-check sample confirmed sound - bulk pass 2026-08-26"
"question","0801fa9e-51ed-48be-ac69-47a3ea70ed2f","2019","47","Coastal sand mining, whether legal or illegal, poses one of the biggest threats to our environment. Analyze the impact of sand mining along ","","","verified","Clean sweep + spot-check sample confirmed sound - bulk pass 2026-08-26"
"question","fa093254-3f2c-4ecd-9ed4-8cc4ce827f62","2019","48","Vulnerability is an essential element for defining disaster impacts and its threat to people. How and in what ways can vulnerability to disa","","","verified","Clean sweep + spot-check sample confirmed sound - bulk pass 2026-08-26"
"question","f02699bb-fc3d-4098-9d62-be094ee02737","2019","49","The banning of 'Jamaat-e-Islami' in Jammu and Kashmir brought into focus the role of over-ground workers (OGWs) in assisting terrorist organ","","","verified","Clean sweep + spot-check sample confirmed sound - bulk pass 2026-08-26"
"question","0d363f12-13d9-4dcd-815e-97cfda9e7e44","2019","50","What is CyberDome Project? Explain how it can be useful in controlling internet crimes in India.","","spot_check","verified","Clean sweep + spot-check sample confirmed sound - bulk pass 2026-08-26"
"question","9cd41932-0611-4850-ab20-b57fe0ca1ece","2019","51","It is argued that the strategy of inclusive growth is intended to meet the objectives of inclusiveness and sustainability together. Comment ","","","verified","Clean sweep + spot-check sample confirmed sound - bulk pass 2026-08-26"
"question","f9091ff2-f773-442a-bc82-d57eeefb337b","2019","52","The public expenditure management is a challenge to the Government of India in the context of budget making during the post-liberalization p","","","verified","Clean sweep + spot-check sample confirmed sound - bulk pass 2026-08-26"
"question","b4bcc69f-531b-44b6-af81-ca43a11c6957","2019","53","What are the reformative steps taken by the Government to make food grain distribution system more effective?","","","verified","Clean sweep + spot-check sample confirmed sound - bulk pass 2026-08-26"
"question","0a134174-f68f-4bdc-b227-4bf54ff328ac","2019","54","Elaborate the policy taken by the Government of India to meet the challenges of the food processing sector.","","","verified","Clean sweep + spot-check sample confirmed sound - bulk pass 2026-08-26"
"question","75722ae7-46d1-4ed6-b92e-cf2e6b3cc9c5","2019","55","How is the Government of India protecting traditional knowledge of medicine from patenting by pharmaceutical companies?","","","verified","Clean sweep + spot-check sample confirmed sound - bulk pass 2026-08-26"
"question","bd8bfebc-3a8c-421e-997b-ee18a3facd4c","2019","56","How can biotechnology help to improve the living standards of farmers?","","","verified","Clean sweep + spot-check sample confirmed sound - bulk pass 2026-08-26"
"question","ddf267df-7029-41fe-b5a6-35d15c781ad0","2019","57","Define the concept of carrying capacity of an ecosystem as relevant to an environment. Explain how understanding this concept is vital while","","","verified","Clean sweep + spot-check sample confirmed sound - bulk pass 2026-08-26"
"question","f80550f4-2854-4e6b-b01b-5afd92a14743","2019","58","Disaster preparedness is the first step in any disaster management process. Explain how hazard zonation mapping will help disaster mitigatio","","","verified","Clean sweep + spot-check sample confirmed sound - bulk pass 2026-08-26"
"question","252d45e7-2fa4-410d-be79-9d3aaa0f012e","2019","59","Indian Government has recently strengthened the anti-terrorism laws by amending the Unlawful Activities (Prevention) Act (UAPA), 1967 and th","","spot_check","verified","Clean sweep + spot-check sample confirmed sound - bulk pass 2026-08-26"
"question","9acb2940-a9c7-486d-8dcc-09aca928d2c9","2019","60","Cross-border movement of insurgents is only one of the several security challenges facing the policing of the border in North-East India. Ex","","","verified","Clean sweep + spot-check sample confirmed sound - bulk pass 2026-08-26"
"question","935039b9-54b8-46a4-8db1-753a82332cbd","2019","61","What are the basic principles of public life? Illustrate any three of these with suitable examples.","","","verified","Clean sweep + spot-check sample confirmed sound - bulk pass 2026-08-26"
"question","b47c1dad-aca9-4a0a-86d1-048ef4604ff3","2019","62","What do you understand by the term 'public servant'? Reflect on the expected role of public servant.","","","verified","Clean sweep + spot-check sample confirmed sound - bulk pass 2026-08-26"
"question","8bcad561-d9d3-4660-ab20-75f91930bfda","2019","63","Effective utilization of public funds is crucial to meet development goals. Critically examine the reasons for under-utilization and mis-uti","","","verified","Clean sweep + spot-check sample confirmed sound - bulk pass 2026-08-26"
"question","1bd66c9a-0334-4e68-a6a4-20ee59574006","2019","64","???Non-performance of duty by a public servant is a form of corruption???. Do you agree with this view? Justify your answer.","non_ascii_suspect","flagged","needs_correction","Mojibake-corrupted punctuation (em/en-dash), confirmed 2026-08-26. Content otherwise genuine - re-type from official PDF in follow-up pass."
"question","231697a8-aed7-4508-86ae-bd8e5fc10470","2019","65","What is meant by the term 'constitutional morality'? How does one uphold constitutional morality?","","","verified","Clean sweep + spot-check sample confirmed sound - bulk pass 2026-08-26"
"question","c3bf0d14-b854-4a6b-bb70-91d7a88ae33a","2019","66","What is meant by 'crisis of conscience'? How does it manifest itself in the public domain?","","","verified","Clean sweep + spot-check sample confirmed sound - bulk pass 2026-08-26"
"question","013db1d0-6aeb-4b1c-8368-c9d6e21a5ecb","2019","67","Explain the basic principles of citizens charter movement and bring out its importance.","","","verified","Clean sweep + spot-check sample confirmed sound - bulk pass 2026-08-26"
"question","e88688df-4df7-4092-a9c8-b7b0ac844b32","2019","68","There is a view that the Official Secrets Act is an obstacle to the implementation of Right to Information Act. Do you agree with the view? ","","spot_check","verified","Clean sweep + spot-check sample confirmed sound - bulk pass 2026-08-26"
"question","9438bbd3-3100-413e-9be3-dea977eb90b0","2019","69","What do you understand by probity in governance? Based on your understanding of the term, suggest measures for ensuring probity in governmen","","","verified","Clean sweep + spot-check sample confirmed sound - bulk pass 2026-08-26"
"question","029a080e-6826-4aaa-b666-23acba3b67b8","2019","70","???Emotional Intelligence is the ability to make your emotions work for you instead of against you???. Do you agree with this view? Discuss.","non_ascii_suspect","flagged","needs_correction","Mojibake-corrupted punctuation (em/en-dash), confirmed 2026-08-26. Content otherwise genuine - re-type from official PDF in follow-up pass."
"question","bb1781d7-1ebf-4732-8bf8-5d3d9ef2612c","2019","71","What do each of the following quotations mean to you? ??? ???An unexamined life is not worth living???. ??? Socrates","non_ascii_suspect","flagged","needs_correction","Mojibake-corrupted punctuation (em/en-dash), confirmed 2026-08-26. Content otherwise genuine - re-type from official PDF in follow-up pass."
"question","15627db9-17a8-452f-916c-eff1785cea50","2019","72","What do each of the following quotations mean to you? ??? ???A man is but a product of his thoughts. What he thinks he becomes.??? ??? M. K.","non_ascii_suspect","flagged","needs_correction","Mojibake-corrupted punctuation (em/en-dash), confirmed 2026-08-26. Content otherwise genuine - re-type from official PDF in follow-up pass."
"question","195aac54-a9df-4554-b1ec-1a9e65d6cb74","2019","73","What do each of the following quotations mean to you? ??? ???Where there is righteousness in the heart, there is beauty in the character. Wh","non_ascii_suspect","flagged","needs_correction","Mojibake-corrupted punctuation (em/en-dash), confirmed 2026-08-26. Content otherwise genuine - re-type from official PDF in follow-up pass."
"question","e00a5596-f7c0-4f46-8035-a5bd166a7337","2019","74","You are heading the rescue operations in an area affected by severe natural calamity. Thousands of people are rendered homeless and deprived","","","verified","Clean sweep + spot-check sample confirmed sound - bulk pass 2026-08-26"
"question","ad77e3cb-c92f-4664-bc8e-f51cec0ed094","2019","75","Honesty and uprightness are the hallmarks of a civil servant. Civil servants possessing these qualities are considered as the backbone of an","","","verified","Clean sweep + spot-check sample confirmed sound - bulk pass 2026-08-26"
"question","d5f8f67e-df5a-472a-bfe6-6a9c25591a22","2019","76","An apparel manufacturing company having large number of women employees was losing sales due to various factors. The company hired a reputed","","","verified","Clean sweep + spot-check sample confirmed sound - bulk pass 2026-08-26"
"question","2071f6e6-170a-4df5-a4e6-6cdc7d7ca925","2019","77","In a modern democratic polity, there is the concept of political executive and permanent executive. Elected people's representatives form th","","","verified","Clean sweep + spot-check sample confirmed sound - bulk pass 2026-08-26"
"question","a35d8f71-472d-48c9-a194-6ee721072bda","2019","78","In one of the districts of a frontier state, narcotics menace has been rampant. This has resulted in money laundering, mushrooming of poppy ","","","verified","Clean sweep + spot-check sample confirmed sound - bulk pass 2026-08-26"
"question","5a51c58b-726f-4d19-bc0b-68264257af1d","2019","79","In recent times, there has been an increasing concern in India to develop effective civil service ethics, codes of conduct, transparency mea","","","verified","Clean sweep + spot-check sample confirmed sound - bulk pass 2026-08-26"
"question","e21830ea-e664-47c1-9c30-dcfb6997ed9c","2019","80","??????????????? ???????????? ?????? ????????? ????????????????????? ?????? ??? Wisdom finds truth","non_ascii_suspect","flagged","needs_correction","Mojibake-corrupted punctuation (em/en-dash), confirmed 2026-08-26. Content otherwise genuine - re-type from official PDF in follow-up pass."
"question","ebf36c85-9e4d-4ffb-95bd-dfb5ecea871e","2019","81","??????????????? ?????? ???????????? ?????? ?????????????????? ??????, ??????????????? ?????? ????????? ???????????? ?????????????????? ?????","non_ascii_suspect","flagged","needs_correction","Mojibake-corrupted punctuation (em/en-dash), confirmed 2026-08-26. Content otherwise genuine - re-type from official PDF in follow-up pass."
"question","15ee3f4c-b74b-441b-a126-81a024d9ce79","2019","82","????????????????????? ?????? ????????? ?????? ???????????????????????????????? ??????, ?????? ?????????????????? ???????????? ?????? ???????","non_ascii_suspect","flagged","needs_correction","Mojibake-corrupted punctuation (em/en-dash), confirmed 2026-08-26. Content otherwise genuine - re-type from official PDF in follow-up pass."
"question","1968bb2c-c1b7-4b45-86b3-453bcb3b4b75","2019","83","???????????????????????????????????? ?????? ???????????? ????????? ??????????????? ???????????? ?????? ?????????????? ??? ??????????????? ??","non_ascii_suspect","flagged","needs_correction","Mojibake-corrupted punctuation (em/en-dash), confirmed 2026-08-26. Content otherwise genuine - re-type from official PDF in follow-up pass."
"question","be9a76cb-96b7-48dd-8f18-90ba90c8e07a","2019","84","?????????????????? ?????????????????? ???????????? ??????????????? ?????? ??????-????????? ????????????, ??????????????? ???????????? ??????","non_ascii_suspect","flagged","needs_correction","Mojibake-corrupted punctuation (em/en-dash), confirmed 2026-08-26. Content otherwise genuine - re-type from official PDF in follow-up pass."
"question","0352276a-1918-46da-9ed0-fda0caaadc6f","2019","85","???????????????????????? ??????????????????????????? ???????????? ?????? ?????????????????? ?????? ????????????????????? ???????????? ??????","non_ascii_suspect","flagged","needs_correction","Mojibake-corrupted punctuation (em/en-dash), confirmed 2026-08-26. Content otherwise genuine - re-type from official PDF in follow-up pass."
"question","dc679e35-54e9-492b-96f0-3b316c4545fa","2019","86","???????????????????????????????????? ?????????????????? ???????????? ?????? ???????????????????????? ?????? ??????????????? ?????? ?????????","non_ascii_suspect","flagged","needs_correction","Mojibake-corrupted punctuation (em/en-dash), confirmed 2026-08-26. Content otherwise genuine - re-type from official PDF in follow-up pass."
"question","0f63f836-9715-4d06-8910-55ff0007c200","2019","87","????????????????????? ?????????????????? ?????? ?????????????????? : ?????????????????? ????????? ??????????????????????????? ?????? ???????","non_ascii_suspect","flagged","needs_correction","Mojibake-corrupted punctuation (em/en-dash), confirmed 2026-08-26. Content otherwise genuine - re-type from official PDF in follow-up pass."
"tag","e1429309-fb04-4b77-9a8a-33d904def6b2","2019","005dd8c0-5f5e-4a74-8a48-49cf9de62a02","Concept of public service and the philosophical basis of governance/probity; public servants as 'trustees' of public power and financial res","","spot_check","verified","Clean sweep + spot-check sample confirmed sound - bulk pass 2026-08-26"
"tag","889290a2-da92-49b8-93d5-9f025ad60ecf","2019","01bc558f-a3a3-4612-8141-f6b2019d7c9f","Gandhian mass mobilization phases (Non-Cooperation, Civil Disobedience, Quit India) and the special role of women in this phase","","","verified","Clean sweep + spot-check sample confirmed sound - bulk pass 2026-08-26"
"tag","64bdb39d-15f9-4bf3-bb8a-70588be805e5","2019","028918a2-4769-4d8c-9dab-1e42fcb46b1c","French Revolution: causes, course, France under Napoleon, impact and significance for the modern world","","","verified","Clean sweep + spot-check sample confirmed sound - bulk pass 2026-08-26"
"tag","07a5ba84-acdf-4e7c-b77e-52954844a3e7","2019","06fa28e7-3e83-4e92-a61a-9e4f5a5eb874","Salient features and changes within Indian society and their repercussions; diversity of India and whether 'unity in diversity' is reality o","","","verified","Clean sweep + spot-check sample confirmed sound - bulk pass 2026-08-26"
"tag","6c0d5c3e-58d5-470b-8c92-4b66aa75518b","2019","06fa28e7-3e83-4e92-a61a-9e4f5a5eb874","Salient features and changes within Indian society and their repercussions; diversity of India and whether 'unity in diversity' is reality o","","","verified","Clean sweep + spot-check sample confirmed sound - bulk pass 2026-08-26"
"tag","3074c6a8-2cda-472a-ab5a-0c262ce8d476","2019","07ae3ec4-010f-4705-bdb5-68bdbe632671","Coastal ecosystem management: mangroves, estuaries, coral reefs ??? importance, threats, and legal/regulatory protection approaches","","","verified","Clean sweep + spot-check sample confirmed sound - bulk pass 2026-08-26"
"tag","a24fa6af-f9cd-4110-a888-c15c142bc322","2019","11da5d95-25f2-4f55-880f-f9caf1a06c7c","Biomes and aquatic life zones: forest/grassland/mountain/desert ecosystems, ocean/river/lake/wetland aquatic ecosystems, coral reefs (in Ind","","","verified","Clean sweep + spot-check sample confirmed sound - bulk pass 2026-08-26"
"tag","a28e7197-b939-405c-90c3-86e34eff7219","2019","12162135-681a-4e58-87f3-31cf403b3cfb","Pressure groups and formal/informal associations: types, significance, distinction from political parties, politicisation of pressure groups","","","verified","Clean sweep + spot-check sample confirmed sound - bulk pass 2026-08-26"
"tag","3a50f8c8-e1fa-4820-87ae-79e74713f4ea","2019","12feeb23-16c7-4c59-b28b-f61ce53a3053","Women-related issues: hysterectomies, workforce participation gaps, gender disparities in poverty, women in corporate roles, abortion rights","","","verified","Clean sweep + spot-check sample confirmed sound - bulk pass 2026-08-26"
"tag","8af3abf8-cdd2-434f-a33d-0e1a3c140be7","2019","186b4138-a368-4b50-a566-2febb1d463e2","Components of a Citizen's Charter and steps in its formulation; concept of work culture, the Indian approach to work, methods of improving w","","","verified","Clean sweep + spot-check sample confirmed sound - bulk pass 2026-08-26"
"tag","a96b3536-ede7-4bbf-98ab-4a081a11b8dc","2019","1a9b4adf-04a4-421a-895a-b97bdf52104c","Insurgency in the North-East: issues/conflicts, Assam insurgency, and resolving the Bodo issue","","spot_check","verified","Clean sweep + spot-check sample confirmed sound - bulk pass 2026-08-26"
"tag","783fa244-f0d9-4c4a-95cd-9397a8677710","2019","1eb641d0-a6b8-42e8-9f46-1a3505cbcb04","Conscience vs conformity: whistleblowing dilemmas within rule-bound bureaucratic hierarchies (including the Edward Snowden case ??? legality","","","verified","Clean sweep + spot-check sample confirmed sound - bulk pass 2026-08-26"
"tag","23c80e3b-27e7-4175-8932-586e8f65f26b","2019","1f074352-90a9-460f-9ec8-dcf193c6198b","Effects of globalization on Indian society: kinds of impact (economic, political, developmental, socio-cultural) and whether the impact is s","","","verified","Clean sweep + spot-check sample confirmed sound - bulk pass 2026-08-26"
"tag","af902c78-c09d-4c6d-b43a-80c103c2ac55","2019","292b17cb-303e-4adb-9847-f54c6727fe18","Ecology fundamentals: types/scope, habitat and ecological niche, ecological principles/community structure, food chains/webs, energy-flow mo","","","verified","Clean sweep + spot-check sample confirmed sound - bulk pass 2026-08-26"
"tag","5c243541-ac40-4fa4-b39f-fee2b069d14b","2019","301095c0-baea-4fd3-963e-1de5fed159e6","Disaster management, preparedness and mitigation: community-based management, government initiatives, National Disaster Management Act 2005,","","","verified","Clean sweep + spot-check sample confirmed sound - bulk pass 2026-08-26"
"tag","452256b3-ddc2-4cd9-a5ae-d73d37921599","2019","301095c0-baea-4fd3-963e-1de5fed159e6","Disaster management, preparedness and mitigation: community-based management, government initiatives, National Disaster Management Act 2005,","","","verified","Clean sweep + spot-check sample confirmed sound - bulk pass 2026-08-26"
"tag","36d6ad85-e697-4ba8-be6f-eb35a4261007","2019","3162e4b3-2e3b-4032-9aae-fd72895470f2","Poverty and hunger: definitional debates across committees, poverty data, causes, urban vs rural vs feminized poverty, poverty-alleviation m","","","verified","Clean sweep + spot-check sample confirmed sound - bulk pass 2026-08-26"
"tag","b476270b-bb8a-461d-b5f3-65f59ce33c95","2019","31af056f-6b68-465a-a7d4-457779f961fb","Important aspects of governance, transparency and accountability: citizen-centric governance, legislative/administrative/judicial accountabi","","","verified","Clean sweep + spot-check sample confirmed sound - bulk pass 2026-08-26"
"tag","cd55665e-0e64-42d4-ac18-e9157a3b4795","2019","3946ee7a-d620-4c96-9062-9b7513c72042","Information sharing, transparency and Right to Information: importance of vigilant citizens, information-sharing/participation, flaws in RTI","","","verified","Clean sweep + spot-check sample confirmed sound - bulk pass 2026-08-26"
"tag","43641650-e28f-422c-882a-dbf44688b491","2019","3ae95ca7-5883-4a49-aa03-b245b9b6500a","Need and importance of government policies: growth/development, human capital formation, equality and social justice, unity and integrity, t","","","verified","Clean sweep + spot-check sample confirmed sound - bulk pass 2026-08-26"
"tag","2bd84fba-6611-4ea0-8159-ab84aa83cc24","2019","3b63063a-d46d-4491-b51c-7a098483a3a0","The Revolt of 1857: causes, leaders, suppression, nature, and consequences as a watershed in British colonial policy","","spot_check","verified","Clean sweep + spot-check sample confirmed sound - bulk pass 2026-08-26"
"tag","403a7b9b-7852-4c78-a488-eaa6351898d8","2019","3e04d631-ba39-4ae4-967b-288ed3a8ddb2","Basics of cyber security: types of cyber crimes, impact and required steps, ransomware incidents, India's cyber-security infrastructure, and","","","verified","Clean sweep + spot-check sample confirmed sound - bulk pass 2026-08-26"
"tag","ccad8b60-4582-47b7-b4a8-e18589bd0468","2019","3eb08a5b-0910-493b-bf1d-07f0b7468836","Indian moral/spiritual exemplars used as case anchors: Mahatma Gandhi, Dr S. Radhakrishnan, Rabindranath Tagore, Swami Dayanand Saraswati, M","","","verified","Clean sweep + spot-check sample confirmed sound - bulk pass 2026-08-26"
"tag","2adf2033-78f3-4999-96ba-7fd7cf239c65","2019","41ad5c1f-7129-4d6e-b241-5c67f84cfb99","Frequently cited quotation-anchors for ethics answer-writing: Gandhi's 'Seven Sins' and 'the weak can never forgive'; Socrates' 'an unexamin","","","verified","Clean sweep + spot-check sample confirmed sound - bulk pass 2026-08-26"
"tag","44451970-41a4-4081-9f5e-a14f89db5ba3","2019","41ad5c1f-7129-4d6e-b241-5c67f84cfb99","Frequently cited quotation-anchors for ethics answer-writing: Gandhi's 'Seven Sins' and 'the weak can never forgive'; Socrates' 'an unexamin","","","verified","Clean sweep + spot-check sample confirmed sound - bulk pass 2026-08-26"
"tag","4b7a7fb4-ed08-4dc8-9071-ad44a499d627","2019","4556998f-c48b-4404-b469-d8693d65a100","Fiscal policy: important budgetary/fiscal terms, government revenue/spending, revenue/fiscal/primary deficits and their financing","","","verified","Clean sweep + spot-check sample confirmed sound - bulk pass 2026-08-26"
"tag","aca51643-13af-4d24-9d51-014d92c94606","2019","46decb7a-a9bb-4819-b8d9-0f2ec973bd38","Major powers: Russia (strategic cooperation, Russia-China impact on India), China (economic relations, water disputes, String of Pearls, Mar","","","verified","Clean sweep + spot-check sample confirmed sound - bulk pass 2026-08-26"
"tag","1574831a-ff61-4f0e-ae24-97ad76930619","2019","48c3ea7e-656b-48d8-9029-300a2560c7c7","Separation of powers: features in American/UK constitutions, checks-and-balances in the Indian scheme, judicial review, and the concept's pr","","","verified","Clean sweep + spot-check sample confirmed sound - bulk pass 2026-08-26"
"tag","a4413e18-0d69-4d1e-af21-50c3430894ed","2019","4c1a049f-93d8-44e1-ad99-ea91ebbd6fce","Federalism, reservation & constitutional status: Article 31C, reservation on the basis of religion/domicile, sub-categorisation of SC/OBC, r","","","verified","Clean sweep + spot-check sample confirmed sound - bulk pass 2026-08-26"
"tag","39f779ed-9a57-42b6-923f-17acdd9a2cd7","2019","4c1a049f-93d8-44e1-ad99-ea91ebbd6fce","Federalism, reservation & constitutional status: Article 31C, reservation on the basis of religion/domicile, sub-categorisation of SC/OBC, r","","","verified","Clean sweep + spot-check sample confirmed sound - bulk pass 2026-08-26"
"tag","1579e2ca-cdd7-49c3-8695-b30106872c6d","2019","529f8ea2-d455-4c0a-93e3-e7044ad48271","Case studies: whistleblowing, disclosure & confidentiality dilemmas: whistleblower/suspect pleading humanitarian delay, workplace-harassment","","spot_check","verified","Clean sweep + spot-check sample confirmed sound - bulk pass 2026-08-26"
"tag","4fe6c634-d5ba-419f-8058-25335b5fc666","2019","555368d8-3c36-417a-9921-3c89ddef4c0d","Taxation: principles/objectives, tax system and current policy in India, GST progress, tax reforms, and retrospective taxation debates","","","verified","Clean sweep + spot-check sample confirmed sound - bulk pass 2026-08-26"
"tag","5e81b915-83e7-48a4-8338-f60f8e4008f0","2019","591d0f76-0890-43fe-8595-05fba92819c7","Secularism: meaning, the Indian constitutional vantage point, comparison with the Western model, Gandhian view on religion, and threats to t","","","verified","Clean sweep + spot-check sample confirmed sound - bulk pass 2026-08-26"
"tag","3a04c761-9990-43ed-bf88-2fcf4c615040","2019","5b289bd3-2e90-4b04-80fd-5d9598524631","Amendment process: the Constitution's dynamic/'living document' nature (Article 368), Basic Structure Doctrine as a judicial 'safety valve',","","","verified","Clean sweep + spot-check sample confirmed sound - bulk pass 2026-08-26"
"tag","5be00fa0-d1ab-43ea-ace9-67d47f519c3c","2019","5f764b03-ef7f-40e1-9b42-26bc3ef4b01f","Space missions & policy: PRATUSH lunar telescope, NISAR mission, Aditya-L1, Chandrayaan-3, Indian Space Policy 2023, SSLV-D2, Artemis missio","","","verified","Clean sweep + spot-check sample confirmed sound - bulk pass 2026-08-26"
"tag","687d37e8-e925-478d-a621-d75887d3d8ad","2019","62304d51-cb8d-475b-b0c4-2951d56d8505","Case studies: public-service integrity & corruption dilemmas: welfare-scheme 'ghost beneficiary' fraud amid caste sensitivities, law-enforce","","","verified","Clean sweep + spot-check sample confirmed sound - bulk pass 2026-08-26"
"tag","414558fc-67cd-407b-9a8c-3a436d204fd7","2019","6354dd20-e475-4180-bf00-2e9ea8dd5cfc","Planning in India: objectives, history, Five-Year-Plan analysis, and Growth vs Development distinction (national income determination, GDP/G","","","verified","Clean sweep + spot-check sample confirmed sound - bulk pass 2026-08-26"
"tag","4dcdc4b9-7cf1-4855-a036-e9349770f22a","2019","668f065b-3b15-48ea-b637-e6a9da32bf2f","Can an administrator succeed on aptitude alone, without integrity? ??? the integrity-vs-competence debate; impartiality maintenance under po","","","verified","Clean sweep + spot-check sample confirmed sound - bulk pass 2026-08-26"
"tag","72471467-ad4d-4901-b70e-2570b3ef5220","2019","6ca6382e-c307-415a-b750-3e76d7f2b32a","Council of Ministers, Attorney General of India, and Parliament: composition of Lok Sabha/Rajya Sabha, qualification/disqualification, sessi","","","verified","Clean sweep + spot-check sample confirmed sound - bulk pass 2026-08-26"
"tag","28928619-1723-4870-b8e1-90bbce52d478","2019","6ca6382e-c307-415a-b750-3e76d7f2b32a","Council of Ministers, Attorney General of India, and Parliament: composition of Lok Sabha/Rajya Sabha, qualification/disqualification, sessi","","","verified","Clean sweep + spot-check sample confirmed sound - bulk pass 2026-08-26"
"tag","1cf133fd-582a-42d0-b41e-0501b53121ab","2019","6d5d61fa-6f33-480f-b9ce-dc13825b8dc4","Accountability vs Responsibility: distinguishing the two with a suitable example; utilisation of public funds and problems in fund release/u","","spot_check","verified","Clean sweep + spot-check sample confirmed sound - bulk pass 2026-08-26"
"tag","52d3b259-6d9b-4a05-804d-b4d9007f60cb","2019","72931a61-5f04-42c2-8713-3dd02d2530e5","Public Distribution System: objectives, functioning, limitations, revamping from universal to targeted PDS, cost-benefit analysis, buffer-st","","","verified","Clean sweep + spot-check sample confirmed sound - bulk pass 2026-08-26"
"tag","1fd48f28-6be0-4c73-b57b-5ef82b3cfc39","2019","83499214-66c6-447c-81dc-24f619b81279","Judiciary, rights & rule of law: right to personality, right to vote for undertrials, curative petition, tribunals in India, criminal law re","","","verified","Clean sweep + spot-check sample confirmed sound - bulk pass 2026-08-26"
"tag","55e069c3-ff34-4bba-bd81-6870fc91c1b6","2019","8429938b-9911-4a70-b5ad-49e0eb336017","Oceanography: hydrological cycle, ocean floor relief (continental shelf/slope, deep sea plain, trenches, mid-oceanic ridges, seamounts, subm","","","verified","Clean sweep + spot-check sample confirmed sound - bulk pass 2026-08-26"
"tag","93571e2d-af19-44f6-9025-064cccab5d94","2019","868b701a-e26f-4f03-9e46-827af0c3ea4e","Digital Public Infrastructure: open-source stacks, data-privacy safeguards, and targeted-benefit optimization (e.g. Swachh Bharat Mission's ","","","verified","Clean sweep + spot-check sample confirmed sound - bulk pass 2026-08-26"
"tag","efed92aa-e90b-4155-ab76-f00e79db600b","2019","908b958d-0ffc-410c-aa31-0ca2f623ed88","Food processing and related industries: scope and significance, location, upstream/downstream requirements, supply-chain management, Mega Fo","","","verified","Clean sweep + spot-check sample confirmed sound - bulk pass 2026-08-26"
"tag","b1d4f111-9673-4350-80be-1c7813b76f40","2019","90ed023c-e549-4e63-b13a-7f428b2fca21","Demographic transition: changes in population growth rates and distribution since Independence; population problems of developing vs develop","","","verified","Clean sweep + spot-check sample confirmed sound - bulk pass 2026-08-26"
"tag","0ac61b98-97e9-4d1a-b6cc-fcc9ab448c53","2019","96f80871-5186-4d46-84f8-bb0dca95bbc6","Role of agriculture in the Indian economy: historical background and current status, cropping systems (mono-cropping, crop rotation, sequent","","","verified","Clean sweep + spot-check sample confirmed sound - bulk pass 2026-08-26"
"tag","f84d4160-e738-4c11-b25b-db744b4792c2","2019","974077d9-8ad9-46bb-8d6d-6291436c76c3","Global institutions: UN structure (UNGA, UNSC and India's candidacy, ECOSOC), ICJ, UN specialised agencies (FAO, ICAO, ILO, IMO, ITU, UNESCO","","","verified","Clean sweep + spot-check sample confirmed sound - bulk pass 2026-08-26"
"tag","b63873e2-ed43-4050-ad8a-32c9955d1ad3","2019","97de0712-a47f-4f64-95fd-aae8066a0cd0","Himalayan geomorphology & hazards: receding Himalayan glaciers, Himalayan landslides, tectonic deformation in northern plains, Chenab Valley","","spot_check","verified","Clean sweep + spot-check sample confirmed sound - bulk pass 2026-08-26"
"tag","bd91cc02-8442-4a93-80f3-cd1c3f4b56d5","2019","9bbb715b-1c54-40b4-a8ca-5fd13efe20f1","Agricultural revolutions in India: Green, White (Operation Flood), Yellow, Blue, and Golden Fibre (jute) revolutions, and the future of Indi","","","verified","Clean sweep + spot-check sample confirmed sound - bulk pass 2026-08-26"
"tag","5227a9e0-70e8-42d3-b68a-151ced027ff9","2019","a1983b76-2b14-4659-8a8b-0cc2f98c8b41","Water resources: underground/surface/inland/oceanic water resources, utilization patterns, water pollution, conservation techniques, river-i","","","verified","Clean sweep + spot-check sample confirmed sound - bulk pass 2026-08-26"
"tag","5309121d-1dea-4dd5-9456-5aac010a8bf0","2019","a1983b76-2b14-4659-8a8b-0cc2f98c8b41","Water resources: underground/surface/inland/oceanic water resources, utilization patterns, water pollution, conservation techniques, river-i","","","verified","Clean sweep + spot-check sample confirmed sound - bulk pass 2026-08-26"
"tag","c545383e-2348-4347-a839-5ca1643427bb","2019","aed2b8f0-5d07-43b8-8d16-9d72b34efc31","Local government: 73rd/74th Amendment provisions, functions of municipal corporations/councils/nagar panchayats, State Election/Finance Comm","","","verified","Clean sweep + spot-check sample confirmed sound - bulk pass 2026-08-26"
"tag","ee74128a-becf-45f1-a433-bca45d693a36","2019","afede5c4-a72c-4066-ab1d-a355d5e57db2","Evolution of Buddhist stupas (Sanchi, Amravati) and Gandhara, Mathura, Amravati schools of art; Gandhara sculpture's dual debt to Roman/Gree","","","verified","Clean sweep + spot-check sample confirmed sound - bulk pass 2026-08-26"
"tag","e593078e-0ac5-4df9-bbc2-3268d65851db","2019","b23fb7b4-e3ee-46bd-be5e-6973dc95f363","Inclusive growth: measurement criteria, government initiatives, basic amenities (housing/drinking water/sanitation), sustainable and rural d","","","verified","Clean sweep + spot-check sample confirmed sound - bulk pass 2026-08-26"
"tag","448b8432-ca72-4ae6-92b0-45f29f570b9a","2019","b8013abc-2cf1-4592-ac83-498f8b2942f2","Sustainable development: principles, measurement of sustainability/equitable resource use, sustainable-lifestyle role of the individual, and","","","verified","Clean sweep + spot-check sample confirmed sound - bulk pass 2026-08-26"
"tag","b275acf0-a2e5-4bf6-8320-545395cb5ca6","2019","baae92c1-8cdc-4c91-b529-3da4945c393d","Internal conflict & law-and-order: Naxal-Maoist major encounters, communal-tension mitigation, National Security Act applications, UAPA amen","","","verified","Clean sweep + spot-check sample confirmed sound - bulk pass 2026-08-26"
"tag","fc154210-5ab2-42bb-96c9-dfd853ab5adf","2019","baae92c1-8cdc-4c91-b529-3da4945c393d","Internal conflict & law-and-order: Naxal-Maoist major encounters, communal-tension mitigation, National Security Act applications, UAPA amen","","","verified","Clean sweep + spot-check sample confirmed sound - bulk pass 2026-08-26"
"tag","a5e0eca0-fa19-4665-b8d8-0c5b0e4639a5","2019","be23d986-564f-4405-80b9-4b16a990ffbc","Essential aptitude for civil servants; foundational values of civil services: neutrality, anonymity, accountability, integrity, humility, ad","","spot_check","verified","Clean sweep + spot-check sample confirmed sound - bulk pass 2026-08-26"
"tag","8a1657fd-95b2-445f-b38e-b49bf7ec9612","2019","be23d986-564f-4405-80b9-4b16a990ffbc","Essential aptitude for civil servants; foundational values of civil services: neutrality, anonymity, accountability, integrity, humility, ad","","","verified","Clean sweep + spot-check sample confirmed sound - bulk pass 2026-08-26"
"tag","b8a97d99-f206-45f4-bf2e-dcd4f6388f7e","2019","c5596c08-4ed2-4fc7-9809-3749d1d42e1d","Evolution and key principles of Indian foreign policy: determinants, NAM/NAM 2.0, Panchsheel, India's nuclear doctrine, neighbourhood-policy","","","verified","Clean sweep + spot-check sample confirmed sound - bulk pass 2026-08-26"
"tag","14243a79-24b1-435c-a660-6fc77ff11cdd","2019","c958a86a-c4f3-40be-b491-35160c646f7e","Intellectual Property Rights: concept, types, international agreements/institutions, IPR regime in India, and the National IPR Policy","","","verified","Clean sweep + spot-check sample confirmed sound - bulk pass 2026-08-26"
"tag","87dea299-f210-40b2-9ab7-4b07bfa9976c","2019","ca01391b-a07b-4e8a-afb3-96a2e2d29a5f","Transport and communication: land/water/air transport modes, sea routes and shipping canals, inland waterways, pipelines, and India-specific","","","verified","Clean sweep + spot-check sample confirmed sound - bulk pass 2026-08-26"
"tag","8b89bad0-70fa-43a5-a66d-9fafa77b242d","2019","cabfe4d1-1f6d-4164-8209-16b3d6c15e57","'Constitutional morality': concept and how it is enforced in a democratic system; social auditing as more than financial verification ??? an","","","verified","Clean sweep + spot-check sample confirmed sound - bulk pass 2026-08-26"
"tag","e8e53277-2fb5-4bd9-afed-794fb737f509","2019","cdb9967e-50a6-44eb-a6a9-8b14cc892378","Conflict of interest: definition, actual vs potential conflicts, with illustrative examples; administrative value conflicts in maintaining p","","","verified","Clean sweep + spot-check sample confirmed sound - bulk pass 2026-08-26"
"tag","99aa9c3e-95fb-49b6-820f-4b3727a9f605","2019","cdee37b0-c5ff-4304-abb8-a463ced823e3","Biotechnology: genetic engineering process/applications, genomics/proteomics, RNA technologies, genome sequencing, environmental application","","","verified","Clean sweep + spot-check sample confirmed sound - bulk pass 2026-08-26"
"tag","c81cc3cc-2cf1-43d2-bf59-14e033f38723","2019","d72e6038-8dad-4335-be6d-8e06c657add8","Socio-religious reform movements of the 19th century (Raja Ram Mohan Roy, Jyotirao Phule, Ishwar Chandra Vidyasagar, Ambedkar movement)","","","verified","Clean sweep + spot-check sample confirmed sound - bulk pass 2026-08-26"
"tag","dcbdce45-83d8-4e25-86c7-514d10695139","2019","da722bcf-2ab7-4f91-869e-d4658ba32b6a","Industry and industrial geography: industrial development phases, iron-and-steel/textile/engineering/chemical/agro-based/paper/cement/petrol","","","verified","Clean sweep + spot-check sample confirmed sound - bulk pass 2026-08-26"
"tag","7f5b9352-0d74-4999-b49d-36b47050b6a5","2019","da722bcf-2ab7-4f91-869e-d4658ba32b6a","Industry and industrial geography: industrial development phases, iron-and-steel/textile/engineering/chemical/agro-based/paper/cement/petrol","","spot_check","verified","Clean sweep + spot-check sample confirmed sound - bulk pass 2026-08-26"
"tag","e760ee6d-f437-497c-bfd6-4c370ea14a9e","2019","db13324d-5fe6-4343-956d-716d9a769fb1","Vulnerable-sections governance: issues/challenges/solutions/laws/interventions for SC/ST/OBC/migrants/women/disabled/children/refugees/trans","","","verified","Clean sweep + spot-check sample confirmed sound - bulk pass 2026-08-26"
"tag","5446088b-2b20-44f5-9c8f-5ad2f5f05866","2019","dbf46e87-df02-451f-8d34-02f628baa0d8","Towards achievement of freedom: popular struggles in the princely states, WWII and nationalist response, Partition (rise of communalism, Wav","","","verified","Clean sweep + spot-check sample confirmed sound - bulk pass 2026-08-26"
"tag","bdc43f49-a4e0-4f39-b484-a2a36430c48f","2019","df4beaae-e368-4121-ae6b-7f3081679cb5","Importance of EI at the workplace and in civil services; components of EI applied to conflict resolution and crisis-time administrative comm","","","verified","Clean sweep + spot-check sample confirmed sound - bulk pass 2026-08-26"
"tag","a8a96c7d-b355-4e64-8fbb-fa4d47920305","2019","e99332aa-0545-4ab5-b851-1845c178f47f","Minerals and environmental degradation: mining's direct/indirect impacts, international mining laws, and sustainable-mining regulation in In","","","verified","Clean sweep + spot-check sample confirmed sound - bulk pass 2026-08-26"
"tag","78e0e62b-d053-4a1d-838e-a68d236dfb79","2019","f9a1a286-8d52-4e4a-90b9-1787bc9a221b","Case studies: crisis & resource-allocation dilemmas: drought-relief tanker capture by a 'tanker mafia', disaster resource-allocation triage ","","","verified","Clean sweep + spot-check sample confirmed sound - bulk pass 2026-08-26"
"tag","7e14144d-4268-490e-9aff-703c5436140d","2019","fa0f8549-786c-417d-847b-b5391e971c77","Corruption in India: extent, dimension, and response; corruption as a social evil; probity in public life; exposing corruption via civil-soc","","","verified","Clean sweep + spot-check sample confirmed sound - bulk pass 2026-08-26"
"tag","268ddbcd-ece7-4ca9-8f58-812275e6954e","2019","fa0f8549-786c-417d-847b-b5391e971c77","Corruption in India: extent, dimension, and response; corruption as a social evil; probity in public life; exposing corruption via civil-soc","","","verified","Clean sweep + spot-check sample confirmed sound - bulk pass 2026-08-26"
"tag","46c0d82b-c2c7-4ca2-97c1-a9a72c738ce9","2019","fd4be87b-b725-45b9-b6f1-aef0037001f7","Elections in India: salient features of the Representation of People Acts 1950/1951, electoral reforms, criminalization of politics, negativ","","","verified","Clean sweep + spot-check sample confirmed sound - bulk pass 2026-08-26"
"tag","bb1e3be6-751e-482e-84f3-f494d0233282","2019","fe28f5e5-99c3-4c9d-829c-4c38a0b6ffe3","India and Asian nations: Central Asian republics (Turkmenistan, Kazakhstan, Tajikistan; China's role; International North-South Transport Co","","","verified","Clean sweep + spot-check sample confirmed sound - bulk pass 2026-08-26"
"question","8b5a4b69-3d9b-4e97-84ac-93a858a2b6e9","2020","1","The rock-cut architecture represents one of the most important sources of our knowledge of early Indian art and history. Discuss.","","spot_check","verified","Clean sweep + spot-check sample confirmed sound - bulk pass 2026-08-26"
"question","ac70f5ce-07dc-49f0-a5bb-503d5875e218","2020","2","Pala period is the most significant phase in the history of Buddhism in India. Enumerate.","","","verified","Clean sweep + spot-check sample confirmed sound - bulk pass 2026-08-26"
"question","863ddde7-d3b6-4a58-9f98-07e9a2ee7e82","2020","3","Evaluate the policies of Lord Curzon and their long term implications on the national movements.","","","verified","Clean sweep + spot-check sample confirmed sound - bulk pass 2026-08-26"
"question","dccb8a83-d1b6-4c19-a490-617ce6222a0a","2020","4","Discuss the geophysical characteristics of Circum-Pacific Zone.","","","verified","Clean sweep + spot-check sample confirmed sound - bulk pass 2026-08-26"
"question","77bbd582-94d5-48d8-841e-6ed863e7ac59","2020","5","The process of desertification does not have climate boundaries. Justify with examples.","","","verified","Clean sweep + spot-check sample confirmed sound - bulk pass 2026-08-26"
"question","ebb921aa-4225-496a-83f7-908bbe7e2509","2020","6","How will the melting of Himalayan glaciers have a far-reaching impact on the water resources of India?","","","verified","Clean sweep + spot-check sample confirmed sound - bulk pass 2026-08-26"
"question","fd328a44-d6b2-4078-9443-9b3118c2f7f0","2020","7","Account for the present location of iron and steel industries away from the source of raw material, by giving examples.","","","verified","Clean sweep + spot-check sample confirmed sound - bulk pass 2026-08-26"
"question","7bf4035e-43ef-485f-be2d-da76c11ec890","2020","8","Has caste lost its relevance in understanding the multi-cultural Indian Society? Elaborate your answer with illustrations.","","","verified","Clean sweep + spot-check sample confirmed sound - bulk pass 2026-08-26"
"question","f44099c3-8b43-45fe-bdcb-b781ab9913eb","2020","9","COVID-19 pandemic accelerated class inequalities and poverty in India. Comment.","","","verified","Clean sweep + spot-check sample confirmed sound - bulk pass 2026-08-26"
"question","e8b4945a-2fb5-4973-b315-51de8fa6870e","2020","10","Do you agree that regionalism in India appears to be a consequence of rising cultural assertiveness? Argue.","","","verified","Clean sweep + spot-check sample confirmed sound - bulk pass 2026-08-26"
"question","d124e061-5c4f-4c76-9e95-c07c330871d7","2020","11","Indian Philosophy and tradition played a significant role in conceiving and shaping the monuments and their art in India. Discuss.","","","verified","Clean sweep + spot-check sample confirmed sound - bulk pass 2026-08-26"
"question","78a07bcb-1504-4e30-8656-923edbaac420","2020","12","Persian literary sources of medieval India reflect the spirit of the age. Comment.","","spot_check","verified","Clean sweep + spot-check sample confirmed sound - bulk pass 2026-08-26"
"question","ca3b224d-3526-4d6c-a0ff-1b5de1349a3a","2020","13","Since the decade of the 1920s, the national movement acquired various ideological strands and thereby expanded its social base. Discuss.","","","verified","Clean sweep + spot-check sample confirmed sound - bulk pass 2026-08-26"
"question","b1455c86-dd36-4607-86fc-09fb900823e4","2020","14","The interlinking of rivers can provide viable solutions to the multi-dimensional inter-related problems of droughts, floods and interrupted ","","","verified","Clean sweep + spot-check sample confirmed sound - bulk pass 2026-08-26"
"question","2e9dbf51-df2b-4fda-b262-c353d3ee7ed2","2020","15","Account for the huge flooding of million cities in India including the smart ones like Hyderabad and Pune. Suggest lasting remedial measures","","","verified","Clean sweep + spot-check sample confirmed sound - bulk pass 2026-08-26"
"question","51c788e6-3e40-418d-8e70-5ce07fbe7406","2020","16","India has immense potential of solar energy though there are regional variations in its developments. Elaborate.","","","verified","Clean sweep + spot-check sample confirmed sound - bulk pass 2026-08-26"
"question","a3478f21-1f69-4036-b918-8d4fcf2e9599","2020","17","Examine the status of forest resources of India and its resultant impact on climate change.","","","verified","Clean sweep + spot-check sample confirmed sound - bulk pass 2026-08-26"
"question","99dfa0dd-753a-427c-af6f-8afacf3c2923","2020","18","Is diversity and pluralism in India under threat due to globalisation? Justify your answer.","","","verified","Clean sweep + spot-check sample confirmed sound - bulk pass 2026-08-26"
"question","dda3081e-f790-44e2-9575-0aae42c680a4","2020","19","Customs and traditions suppress reason leading to obscurantism. Do you agree?","","","verified","Clean sweep + spot-check sample confirmed sound - bulk pass 2026-08-26"
"question","8751f390-8565-41a8-82fc-fd11a715aa24","2020","20","How have digital initiatives in India contributed to the functioning of the education system in the country? Elaborate your answer.","","","verified","Clean sweep + spot-check sample confirmed sound - bulk pass 2026-08-26"
"question","2c05bd60-db2b-48de-a1e5-4bbf834ece65","2020","21","""There is a need for simplification of procedure for disqualification of persons found guilty of corrupt practices under the Representation ","","","verified","Clean sweep + spot-check sample confirmed sound - bulk pass 2026-08-26"
"question","7dd81638-61b5-48fb-997f-4d5c900758a8","2020","22","""Recent amendments to the Right to information Act will have profound impact on the autonomy and independence of the Information Commission""","","","verified","Clean sweep + spot-check sample confirmed sound - bulk pass 2026-08-26"
"question","15f201d1-2392-4a24-a41a-302d8cf2010a","2020","23","How far do you think cooperation, competition and confrontation have shaped the nature of federation in India? Cite some recent examples to ","","spot_check","verified","Clean sweep + spot-check sample confirmed sound - bulk pass 2026-08-26"
"question","88a6b562-9df8-4d2d-b5ad-172331ed31b6","2020","24","The judicial systems in India and UK seem to be converging as well as diverging in the recent times. Highlight the key points of convergence","","","verified","Clean sweep + spot-check sample confirmed sound - bulk pass 2026-08-26"
"question","b2b7146e-0a9a-47cc-8bea-6a42e7da0070","2020","25","""Once a speaker, Always a speaker""! Do you think the practice should be adopted to impart objectivity to the office of the Speaker of Lok Sa","","","verified","Clean sweep + spot-check sample confirmed sound - bulk pass 2026-08-26"
"question","d658ffaf-03fb-4c50-8322-22ab3feffef0","2020","26","In order to enhance the prospects of social development, sound and adequate health care policies are needed particularly in the fields of ge","","","verified","Clean sweep + spot-check sample confirmed sound - bulk pass 2026-08-26"
"question","a20e429c-1651-495a-a3ad-58fa246c6143","2020","27","""Institutional quality is a crucial driver of economic performance"". In this context suggest reforms in Civil Service for strengthening demo","","","verified","Clean sweep + spot-check sample confirmed sound - bulk pass 2026-08-26"
"question","3f199269-944c-4af7-9478-437eb5482cc0","2020","28","""The emergence of Fourth Industrial Revolution (Digital Revolution) has initiated e-Governance as an integral part of government"". Discuss.","","","verified","Clean sweep + spot-check sample confirmed sound - bulk pass 2026-08-26"
"question","0889f3c9-0db1-4315-8927-ad0fbadcb932","2020","29","Critically examine the role of WHO in providing global health security during the COVID-19 pandemic.","","","verified","Clean sweep + spot-check sample confirmed sound - bulk pass 2026-08-26"
"question","363984a9-8374-4857-8aa5-6daa4e8c2818","2020","30","'Indian diaspora has a decisive role to play in the politics and economy of America and European Countries'. Comment with examples.","","","verified","Clean sweep + spot-check sample confirmed sound - bulk pass 2026-08-26"
"question","d9a49617-b7da-46a3-b198-2965b0395a9e","2020","31","Indian constitution exhibits centralising tendencies to maintain unity and integrity of the nation. Elucidate in the perspective of the Epid","","","verified","Clean sweep + spot-check sample confirmed sound - bulk pass 2026-08-26"
"question","cf272fe2-02e6-4da3-9859-02bb76110238","2020","32","Judicial Legislation is antithetical to the doctrine of separation of powers as envisaged in the Indian Constitution. In this context justif","","","verified","Clean sweep + spot-check sample confirmed sound - bulk pass 2026-08-26"
"question","55f0522f-5477-4874-9b8a-272762031708","2020","33","The strength and sustenance of local institutions in India has shifted from their formative phase of 'Functions, Functionaries and Funds' to","","","verified","Clean sweep + spot-check sample confirmed sound - bulk pass 2026-08-26"
"question","ff1d50ec-e030-4d24-833e-ebbc16ab2dd7","2020","34","Rajya Sabha has been transformed from a 'useless stepney tyre' to the most useful supporting organ in past few decades. Highlight the factor","","spot_check","verified","Clean sweep + spot-check sample confirmed sound - bulk pass 2026-08-26"
"question","1588383a-52e7-4cf0-974e-afaed3da5c29","2020","35","Which steps are required for constitutionalization of a commission? Do you think imparting constitutionality to the National Commission for ","","","verified","Clean sweep + spot-check sample confirmed sound - bulk pass 2026-08-26"
"question","ee2ae141-dfef-4bf0-a92c-dd4326fd029a","2020","36","""The incidence and intensity of poverty are more important in determining poverty based on income alone"". In this context analyze the latest","","","verified","Clean sweep + spot-check sample confirmed sound - bulk pass 2026-08-26"
"question","a39fd575-4a8a-4c28-bf9b-1643d610f5cf","2020","37","""Micro-Finance as an anti-poverty vaccine, is aimed at asset creation and income security of the rural poor in India"". Evaluate the role of ","","","verified","Clean sweep + spot-check sample confirmed sound - bulk pass 2026-08-26"
"question","5dd45e22-1877-4c82-82c3-4746fb6f1b31","2020","38","National Education Policy 2020 is in conformity with the Sustainable Development Goal-4 (2030). It intends to restructure and reorient educa","","","verified","Clean sweep + spot-check sample confirmed sound - bulk pass 2026-08-26"
"question","e735bfc5-3345-4417-b6d0-71ee3af93eb6","2020","39","'Quadrilateral Security Dialogue (QUAD)' is transforming itself into a trade bloc from a military alliance, in present times - Discuss.","","","verified","Clean sweep + spot-check sample confirmed sound - bulk pass 2026-08-26"
"question","9359a2b4-64d1-4dd7-b5c8-608296e00b2b","2020","40","What is the significance of Indo-US defence deals over Indo-Russian defence deals? Discuss with reference to stability in the Indo-Pacific r","","","verified","Clean sweep + spot-check sample confirmed sound - bulk pass 2026-08-26"
"question","d65850ef-0cf2-4266-802b-c27fe2e1a0af","2020","41","Explain intra-generational and inter-generational issues of equity from the perspective of inclusive growth and sustainable development.","","","verified","Clean sweep + spot-check sample confirmed sound - bulk pass 2026-08-26"
"question","1a9a0562-b7e9-42e4-9298-48e5c08df8d9","2020","42","Define potential GDP and explain its determinants. What are the factors that have been inhibiting India from realizing its potential GDP?","","","verified","Clean sweep + spot-check sample confirmed sound - bulk pass 2026-08-26"
"question","6b3474b9-ab1b-43b4-a2de-e9ccf4e32378","2020","43","What are the main constraints in transport and marketing of agricultural produce in India?","","","verified","Clean sweep + spot-check sample confirmed sound - bulk pass 2026-08-26"
"question","6d669892-f16e-4a79-96ff-a01c943a96e9","2020","44","What are the challenges and opportunities of food processing sector in the country? How can income of the farmers be substantially increased","","","verified","Clean sweep + spot-check sample confirmed sound - bulk pass 2026-08-26"
"question","b283c701-9450-4f60-b8b5-6955d81dbb7c","2020","45","What do you understand by nanotechnology and how is it helping in health sector?","","spot_check","verified","Clean sweep + spot-check sample confirmed sound - bulk pass 2026-08-26"
"question","7168498a-8387-4f50-ae80-3cf5c24bab1a","2020","46","How is science interwoven deeply with our lives? What are the striking changes in agriculture triggered off by the science-based technologie","","","verified","Clean sweep + spot-check sample confirmed sound - bulk pass 2026-08-26"
"question","d4ca4fb9-a18c-46be-9cec-71f9c9d02994","2020","47","How does the draft Environment Impact Assessment (EIA) Notification, 2020 differ from the existing EIA Notification, 2006?","","","verified","Clean sweep + spot-check sample confirmed sound - bulk pass 2026-08-26"
"question","713bca3a-2dc5-41c2-a317-138ffa72e523","2020","48","What are the salient features of the Jal Shakti Abhiyan launched by the Government of India for water conservation and water security?","","","verified","Clean sweep + spot-check sample confirmed sound - bulk pass 2026-08-26"
"question","ee669a3b-b5ab-43cc-bdf6-a46a5994bc78","2020","49","Discuss different types of cybercrimes and measures required to be taken to fight the menace.","","","verified","Clean sweep + spot-check sample confirmed sound - bulk pass 2026-08-26"
"question","11fd59db-e5f0-48de-adb7-f21ca739c3df","2020","50","For effective border area management, discuss the steps required to be taken to deny local support to militants and also suggest ways to man","","","verified","Clean sweep + spot-check sample confirmed sound - bulk pass 2026-08-26"
"question","0b643bff-61da-4295-82eb-b5b7036f0bcc","2020","51","Explain the meaning of investment in an economy in terms of capital formation. Discuss the factors to be considered while designing a conces","","","verified","Clean sweep + spot-check sample confirmed sound - bulk pass 2026-08-26"
"question","d982e89c-4f3a-442c-86ea-3a668ef4d7d4","2020","52","Explain the rationale behind the Goods and Services Tax (Compensation to States) Act of 2017. How has COVID-19 impacted the GST compensation","","","verified","Clean sweep + spot-check sample confirmed sound - bulk pass 2026-08-26"
"question","4b30d0ac-a828-461a-9f99-d039a01d4748","2020","53","What are the major factors responsible for making rice-wheat system a success? In spite of this success how has this system become bane in I","","","verified","Clean sweep + spot-check sample confirmed sound - bulk pass 2026-08-26"
"question","d6c7c55e-faef-4d0e-b438-ababfaf6e2e3","2020","54","Suggest measures to improve water storage and irrigation system to make its judicious use under depleting scenario.","","","verified","Clean sweep + spot-check sample confirmed sound - bulk pass 2026-08-26"
"question","044ce911-10bc-4a4e-9b75-81dc1bbc2096","2020","55","COVID-19 pandemic has caused unprecedented devastation worldwide. However, technological advancements are being availed readily to win over ","","spot_check","verified","Clean sweep + spot-check sample confirmed sound - bulk pass 2026-08-26"
"question","8113fcab-3f19-4faf-941a-77c0105da1bc","2020","56","Describe the benefits of deriving electric energy from sunlight in contrast to the conventional energy generation. What are the initiatives ","","","verified","Clean sweep + spot-check sample confirmed sound - bulk pass 2026-08-26"
"question","6ba4915a-5fef-4c4b-90e7-fc5c98379589","2020","57","What are the key features of the National Clean Air Programme (NCAP) initiated by the Government of India?","","","verified","Clean sweep + spot-check sample confirmed sound - bulk pass 2026-08-26"
"question","c5380ef7-6bbe-4d2b-a8ff-cf9751bbdb43","2020","58","Discuss the recent measures initiated in disaster management by the Government of India departing from the earlier reactive approach.","","","verified","Clean sweep + spot-check sample confirmed sound - bulk pass 2026-08-26"
"question","9041a315-bb1a-4f49-961e-53433b9849aa","2020","59","What are the determinants of left-wing extremism in Eastern part of India? What strategy should Government of India, civil administration an","","","verified","Clean sweep + spot-check sample confirmed sound - bulk pass 2026-08-26"
"question","d16442ec-f79f-4bf7-aa4f-be4fb90bfcab","2020","60","Analyse internal security threats and transborder crimes along Myanmar, Bangladesh and Pakistan borders including Line of Control (LoC). Als","","","verified","Clean sweep + spot-check sample confirmed sound - bulk pass 2026-08-26"
"question","35285575-15b7-4ef1-b835-84750a256ad5","2020","61","Discuss the role of ethics and values in enhancing the following three major components of Comprehensive National Power (CNP) viz. human cap","","","verified","Clean sweep + spot-check sample confirmed sound - bulk pass 2026-08-26"
"question","0142bcb7-3f29-43c9-b801-ab75f37cfc4b","2020","62","""Education is not an injunction, it is an effective and pervasive tool for all round development of an individual and social transformation""","","","verified","Clean sweep + spot-check sample confirmed sound - bulk pass 2026-08-26"
"question","0c133452-6add-4600-8f19-a99d297838f8","2020","63","""Hatred is destructive of a person's wisdom and conscience that can poison a nation's spirit."" Do you agree with this view? Justify your ans","","","verified","Clean sweep + spot-check sample confirmed sound - bulk pass 2026-08-26"
"question","06718c07-e377-410b-83eb-ffa83d387bc3","2020","64","What are the main components of emotional intelligence (EI)? Can they be learned? Discuss.","","","verified","Clean sweep + spot-check sample confirmed sound - bulk pass 2026-08-26"
"question","e738aabb-5772-4c4f-8b65-9e5efad871fe","2020","65","What teachings of Buddha are most relevant today and why? Discuss.","","","verified","Clean sweep + spot-check sample confirmed sound - bulk pass 2026-08-26"
"question","a8f9035f-0d95-4b66-b592-73da95efc8fc","2020","66","""The will to power exists, but it can be tamed and be guided by rationality and principles of moral duty."" Examine this statement in the con","","spot_check","verified","Clean sweep + spot-check sample confirmed sound - bulk pass 2026-08-26"
"question","18bc5ae2-eb41-47a4-aa68-e5e9f104e59a","2020","67","Distinguish between laws and rules. Discuss the role of ethics in formulating them","","","verified","Clean sweep + spot-check sample confirmed sound - bulk pass 2026-08-26"
"question","c13a00e3-0c6f-4e84-aa66-54b8297e6f1d","2020","68","A positive attitude is considered to be an essential characteristic of a civil servant who is often required to function under extreme stres","","","verified","Clean sweep + spot-check sample confirmed sound - bulk pass 2026-08-26"
"question","cee1233b-6d49-4ccc-9fc6-20773bae53da","2020","69","What are the main factors responsible for gender inequality in India? Discuss the contribution of Savitribai Phule in this regard.","","","verified","Clean sweep + spot-check sample confirmed sound - bulk pass 2026-08-26"
"question","2ba27359-bf59-4014-82a5-a8bc6ad5fbce","2020","70","""The current internet expansion has instilled a different set of cultural values which are often in conflict with traditional values."" Discu","","","verified","Clean sweep + spot-check sample confirmed sound - bulk pass 2026-08-26"
"question","4b090e76-a114-40eb-a64c-c9cfc0ef0342","2020","71","What do each of the following quotations mean to you? ""Condemn none: if you can stretch out a helping hand, do so. If not, fold your hands, ","","","verified","Clean sweep + spot-check sample confirmed sound - bulk pass 2026-08-26"
"question","f89de00f-ad18-4892-ba8d-e3f78a75de1a","2020","72","""The best way to find yourself is to lose yourself in the service of others."" - Mahatma Gandhi","","","verified","Clean sweep + spot-check sample confirmed sound - bulk pass 2026-08-26"
"question","7922589a-c641-4d37-b2b0-228a849abbfd","2020","73","""A system of morality which is based on relative emotional values is a mere illusion, a thoroughly vulgar conception which has nothing sound","","","verified","Clean sweep + spot-check sample confirmed sound - bulk pass 2026-08-26"
"question","b296f64e-1a41-40fe-866f-ca223f2c2546","2020","74","Rajesh Kumar is a senior public servant, with a reputation of honesty and forthrightness, currently posted in the Finance Ministry as Head o","","","verified","Clean sweep + spot-check sample confirmed sound - bulk pass 2026-08-26"
"question","ebb219fb-f911-478c-ac5f-adcb321237c6","2020","75","The Chairman of Bharat Missiles Ltd (BML) was watching a program on TV wherein the Prime Minister was addressing the nation on the necessity","","","verified","Clean sweep + spot-check sample confirmed sound - bulk pass 2026-08-26"
"question","a64ae43d-6143-464f-8866-8553f5b908f3","2020","76","Rampura, a remote district inhabited by a tribal population, is marked by extreme backwardness and abject poverty. Agriculture is the mainst","","","verified","Clean sweep + spot-check sample confirmed sound - bulk pass 2026-08-26"
"question","8410f3c9-230a-45e0-8e96-f5139e9513ee","2020","77","You are a municipal commissioner of a large city, having the reputation of a very honest and upright officer. A huge multipurpose mall is un","","spot_check","verified","Clean sweep + spot-check sample confirmed sound - bulk pass 2026-08-26"
"question","c0e8cc8f-9843-4c99-beb1-2a2af3702467","2020","78","Parmal is a small but underdeveloped district. It has rocky terrain that is not suitable for agriculture, though some subsistence agricultur","","","verified","Clean sweep + spot-check sample confirmed sound - bulk pass 2026-08-26"
"question","bfdc891d-4be8-47be-9777-34573384c866","2020","79","Migrant workers have always remained at the socio-economic margins of our society, silently serving as the instrumental labour force of urba","","","verified","Clean sweep + spot-check sample confirmed sound - bulk pass 2026-08-26"
"question","cf3c0411-4c07-4fae-978b-e44456dbf4b1","2020","80","Life is long journey between human being and being humane","","","verified","Clean sweep + spot-check sample confirmed sound - bulk pass 2026-08-26"
"question","ac4dc648-5e9d-4b2c-b119-d55c18236d07","2020","81","Mindful manifesto is the catalyst to a tranquil self","","","verified","Clean sweep + spot-check sample confirmed sound - bulk pass 2026-08-26"
"question","4e2b2bc8-c712-4b91-b97d-17ae548d0ae1","2020","82","Ships do not sink because of water around them, ships sink because of water that gets into them","","","verified","Clean sweep + spot-check sample confirmed sound - bulk pass 2026-08-26"
"question","a1d91b3e-180e-452c-a5bc-929042aff068","2020","83","Simplicity is the ultimate sophistication","","","verified","Clean sweep + spot-check sample confirmed sound - bulk pass 2026-08-26"
"question","d1deaca1-5121-42e4-b5d0-5440d9402304","2020","84","Culture is what we are, civilization is what we have","","","verified","Clean sweep + spot-check sample confirmed sound - bulk pass 2026-08-26"
"question","d1c7893b-db5b-4d48-9b0d-f89ccb685db1","2020","85","There can be no social justice without economic prosperity but economic prosperity without social justice is meaningless","","","verified","Clean sweep + spot-check sample confirmed sound - bulk pass 2026-08-26"
"question","59153938-3065-4306-99c7-8b8b5e176741","2020","86","Patriarchy is the least noticed yet the most significant structure of social inequality","","","verified","Clean sweep + spot-check sample confirmed sound - bulk pass 2026-08-26"
"question","326789d8-83e6-4094-95f6-257399e0b3a5","2020","87","Technology as the silent factor in international relations","","","verified","Clean sweep + spot-check sample confirmed sound - bulk pass 2026-08-26"
"tag","c214df13-fc76-4433-90c3-6ac35abff337","2020","06fa28e7-3e83-4e92-a61a-9e4f5a5eb874","Salient features and changes within Indian society and their repercussions; diversity of India and whether 'unity in diversity' is reality o","","spot_check","verified","Clean sweep + spot-check sample confirmed sound - bulk pass 2026-08-26"
"tag","755c2681-3884-4b15-9040-2b8ae0e60919","2020","0759df3b-d42c-4c8c-a189-6915fda4b6c3","Investment models: need for and sources/measures of investment, domestic (public/private/PPP) and foreign (FDI/FII) investment models follow","","","verified","Clean sweep + spot-check sample confirmed sound - bulk pass 2026-08-26"
"tag","f415de26-69f7-4b4d-a9b9-159e2e7bad3d","2020","0e370af1-44dc-430b-a830-9c549d036623","Citizen's Charter and RTI Act: utility/limitations as accountability instruments; RTI's role in redefining accountability beyond mere citize","","","verified","Clean sweep + spot-check sample confirmed sound - bulk pass 2026-08-26"
"tag","17a01f8d-e0fe-4151-8e26-20378d20c0d7","2020","121c1c3d-9916-47df-ada5-d850ea820c68","Mauryan art and architecture (Ashokan pillars, polishing techniques, and rock-cut caves)","","","verified","Clean sweep + spot-check sample confirmed sound - bulk pass 2026-08-26"
"tag","592da355-a166-4284-9bc6-46f6edfaed42","2020","1f074352-90a9-460f-9ec8-dcf193c6198b","Effects of globalization on Indian society: kinds of impact (economic, political, developmental, socio-cultural) and whether the impact is s","","","verified","Clean sweep + spot-check sample confirmed sound - bulk pass 2026-08-26"
"tag","8fb891df-b0ae-412d-8ccc-345b939912cb","2020","1f074352-90a9-460f-9ec8-dcf193c6198b","Effects of globalization on Indian society: kinds of impact (economic, political, developmental, socio-cultural) and whether the impact is s","","","verified","Clean sweep + spot-check sample confirmed sound - bulk pass 2026-08-26"
"tag","a09b436c-dfe4-4f80-96ea-cc20ce6d0e21","2020","2a7ac40c-4ad1-4abc-9496-79984ee6ddf1","Volcanism: shield/composite/caldera/flood-basalt/mid-ocean-ridge types, lava types, intrusive landforms (batholiths, laccoliths, lapoliths, ","","","verified","Clean sweep + spot-check sample confirmed sound - bulk pass 2026-08-26"
"tag","c4d12117-3a22-4fd7-87c2-e7b0eae20d23","2020","301095c0-baea-4fd3-963e-1de5fed159e6","Disaster management, preparedness and mitigation: community-based management, government initiatives, National Disaster Management Act 2005,","","","verified","Clean sweep + spot-check sample confirmed sound - bulk pass 2026-08-26"
"tag","3b0cfc9a-9aba-4075-a6f3-8730079f1d51","2020","3162e4b3-2e3b-4032-9aae-fd72895470f2","Poverty and hunger: definitional debates across committees, poverty data, causes, urban vs rural vs feminized poverty, poverty-alleviation m","","","verified","Clean sweep + spot-check sample confirmed sound - bulk pass 2026-08-26"
"tag","32bdefa0-a606-445d-8e45-d638506772d0","2020","39fd37df-2560-4261-88f2-22dc80632b90","Education-sector issues: public schools, NIPUN Bharat Mission, Anusandhan National Research Foundation Act 2023, National Curriculum Framewo","","","verified","Clean sweep + spot-check sample confirmed sound - bulk pass 2026-08-26"
"tag","5c9db605-132c-435d-9fbf-98304491a5c2","2020","3c4cd1e1-15ca-4fee-b1f2-0303ac14dc17","Soils and natural vegetation of India: soil classification/texture/degradation/conservation; forest types, cover, conservation, and problems","","spot_check","verified","Clean sweep + spot-check sample confirmed sound - bulk pass 2026-08-26"
"tag","9f390d99-402c-4ac6-a810-d87b3192139c","2020","3e04d631-ba39-4ae4-967b-288ed3a8ddb2","Basics of cyber security: types of cyber crimes, impact and required steps, ransomware incidents, India's cyber-security infrastructure, and","","","verified","Clean sweep + spot-check sample confirmed sound - bulk pass 2026-08-26"
"tag","628a29d3-d25a-4321-9009-c858e72dc024","2020","3eb08a5b-0910-493b-bf1d-07f0b7468836","Indian moral/spiritual exemplars used as case anchors: Mahatma Gandhi, Dr S. Radhakrishnan, Rabindranath Tagore, Swami Dayanand Saraswati, M","","","verified","Clean sweep + spot-check sample confirmed sound - bulk pass 2026-08-26"
"tag","f0f3c660-465f-44b6-aa27-59b9133f918e","2020","3eb08a5b-0910-493b-bf1d-07f0b7468836","Indian moral/spiritual exemplars used as case anchors: Mahatma Gandhi, Dr S. Radhakrishnan, Rabindranath Tagore, Swami Dayanand Saraswati, M","","","verified","Clean sweep + spot-check sample confirmed sound - bulk pass 2026-08-26"
"tag","89c21f1d-8b96-4ab8-9a7c-b97ae9e48854","2020","409dc207-cf36-423c-85a2-a2c4346b4731","Settlement geography & disaster vulnerability: urban flooding, human-settlement surge in flood-prone areas, tribal-habitat issues","","","verified","Clean sweep + spot-check sample confirmed sound - bulk pass 2026-08-26"
"tag","cc50f6ff-61ac-4b95-9e6f-454c303b4f7b","2020","41ad5c1f-7129-4d6e-b241-5c67f84cfb99","Frequently cited quotation-anchors for ethics answer-writing: Gandhi's 'Seven Sins' and 'the weak can never forgive'; Socrates' 'an unexamin","","","verified","Clean sweep + spot-check sample confirmed sound - bulk pass 2026-08-26"
"tag","a58c22cb-e8d1-437b-ac87-0d9793594218","2020","42676e0a-cfef-4a7d-99eb-106cdc037eea","Local government and governance: issues of funds/functions/functionaries, local government's interface with vulnerable sections and emerging","","","verified","Clean sweep + spot-check sample confirmed sound - bulk pass 2026-08-26"
"tag","fbc11d0d-d7f2-4ac1-bd3b-7ffbf5348a04","2020","435af0f4-9815-4df8-8fd7-4e97c563eaf4","Health, education and human-resource services: India's education structure (primary/secondary/higher), GOI education initiatives and reform ","","","verified","Clean sweep + spot-check sample confirmed sound - bulk pass 2026-08-26"
"tag","83dd9e2e-377d-4cbd-9dc3-02740a21b8db","2020","46decb7a-a9bb-4819-b8d9-0f2ec973bd38","Major powers: Russia (strategic cooperation, Russia-China impact on India), China (economic relations, water disputes, String of Pearls, Mar","","","verified","Clean sweep + spot-check sample confirmed sound - bulk pass 2026-08-26"
"tag","452a8bf7-8dcc-4ae7-84c0-2b63e04536f5","2020","46decb7a-a9bb-4819-b8d9-0f2ec973bd38","Major powers: Russia (strategic cooperation, Russia-China impact on India), China (economic relations, water disputes, String of Pearls, Mar","","","verified","Clean sweep + spot-check sample confirmed sound - bulk pass 2026-08-26"
"tag","16ff82a8-749e-4cec-aca7-bf0f83db95fb","2020","48c3ea7e-656b-48d8-9029-300a2560c7c7","Separation of powers: features in American/UK constitutions, checks-and-balances in the Indian scheme, judicial review, and the concept's pr","","spot_check","verified","Clean sweep + spot-check sample confirmed sound - bulk pass 2026-08-26"
"tag","39b9d1d5-ed0d-4b2c-b43a-626fe797a319","2020","4ae26f49-1b68-4366-b3a3-becbe93c9abb","Case studies: development vs displacement/environment trade-offs: environmental clearance vs displacement/pollution trade-offs, court-ordere","","","verified","Clean sweep + spot-check sample confirmed sound - bulk pass 2026-08-26"
"tag","9d52a5fa-14bd-43f8-a67f-a8f51a422ffc","2020","4c1a049f-93d8-44e1-ad99-ea91ebbd6fce","Federalism, reservation & constitutional status: Article 31C, reservation on the basis of religion/domicile, sub-categorisation of SC/OBC, r","","","verified","Clean sweep + spot-check sample confirmed sound - bulk pass 2026-08-26"
"tag","57cd308d-0f8d-4271-876c-fdbab7349693","2020","4c1a049f-93d8-44e1-ad99-ea91ebbd6fce","Federalism, reservation & constitutional status: Article 31C, reservation on the basis of religion/domicile, sub-categorisation of SC/OBC, r","","","verified","Clean sweep + spot-check sample confirmed sound - bulk pass 2026-08-26"
"tag","7a47349e-fc52-43b0-9bea-95d139928779","2020","52043a16-3ccb-4138-8de3-72d640f6fccb","History through the eyes of travellers: Ayodhya's historical narratives, Chinese pilgrim travellers, Arab travellers and cultural encounters","","","verified","Clean sweep + spot-check sample confirmed sound - bulk pass 2026-08-26"
"tag","757e736c-dd26-42c9-8212-7bd529a1676d","2020","555368d8-3c36-417a-9921-3c89ddef4c0d","Taxation: principles/objectives, tax system and current policy in India, GST progress, tax reforms, and retrospective taxation debates","","","verified","Clean sweep + spot-check sample confirmed sound - bulk pass 2026-08-26"
"tag","77db75a7-75d0-4b9b-b8f9-fc4a7caff2f1","2020","5b9d10c3-2e41-4dfb-858c-87fcc8003436","e-Governance: introduction, applications, models, successes/limitations/future prospects, dashboards/portals, democracy-and-e-governance lin","","","verified","Clean sweep + spot-check sample confirmed sound - bulk pass 2026-08-26"
"tag","da60d908-d75b-4e53-b21e-e93a426c8f91","2020","607ade39-fb4a-48ed-ae8a-59a83804666a","Mineral and energy resources: metallic/non-metallic mineral types, distribution and mining regions, ferrous/non-ferrous metal production and","","","verified","Clean sweep + spot-check sample confirmed sound - bulk pass 2026-08-26"
"tag","502f32cb-635e-4f9b-8109-0a2a2b12c094","2020","607ade39-fb4a-48ed-ae8a-59a83804666a","Mineral and energy resources: metallic/non-metallic mineral types, distribution and mining regions, ferrous/non-ferrous metal production and","","","verified","Clean sweep + spot-check sample confirmed sound - bulk pass 2026-08-26"
"tag","578cc665-6599-44b8-be9f-282011f81850","2020","60dbf376-d7e5-4833-92de-a0bb8f24568d","Essence, determinants and consequences of ethics in human actions; approaches to ethical study (Indian vs Western perspectives); basic conce","","","verified","Clean sweep + spot-check sample confirmed sound - bulk pass 2026-08-26"
"tag","30183d78-bdbb-469c-ad24-0394764d5ab2","2020","60dbf376-d7e5-4833-92de-a0bb8f24568d","Essence, determinants and consequences of ethics in human actions; approaches to ethical study (Indian vs Western perspectives); basic conce","","spot_check","verified","Clean sweep + spot-check sample confirmed sound - bulk pass 2026-08-26"
"tag","f1fc25cd-741b-40c8-8ae0-766a788c30f5","2020","61f632ee-31af-4e38-99fb-d1040785acd5","Linkage between development and extremism: Left-Wing Extremism's stated purpose, its resonance with common people, Covid-19's effect on Naxa","","","verified","Clean sweep + spot-check sample confirmed sound - bulk pass 2026-08-26"
"tag","e2c08706-94f9-4868-9f65-bef393df68c2","2020","62304d51-cb8d-475b-b0c4-2951d56d8505","Case studies: public-service integrity & corruption dilemmas: welfare-scheme 'ghost beneficiary' fraud amid caste sensitivities, law-enforce","","","verified","Clean sweep + spot-check sample confirmed sound - bulk pass 2026-08-26"
"tag","7d2d643a-6940-46e8-9d09-d1929d77f6c9","2020","6354dd20-e475-4180-bf00-2e9ea8dd5cfc","Planning in India: objectives, history, Five-Year-Plan analysis, and Growth vs Development distinction (national income determination, GDP/G","","","verified","Clean sweep + spot-check sample confirmed sound - bulk pass 2026-08-26"
"tag","e32bc0b7-0ae1-42a1-b3e8-225c1cdd66d7","2020","66217089-fe4d-42b9-ae4e-ae71da2b040d","Comparative constitutionalism: Indian scheme vs USA, UK, France, and neighbouring constitutions","","","verified","Clean sweep + spot-check sample confirmed sound - bulk pass 2026-08-26"
"tag","fff485a6-ca66-4469-8ef7-332a97ac5a62","2020","679298f7-255d-4a9b-8988-523e5f4e09ae","Technology in agriculture: data revolution, AI applications, social-security schemes for farmers (climate-smart agriculture, precision farmi","","","verified","Clean sweep + spot-check sample confirmed sound - bulk pass 2026-08-26"
"tag","ea4ad8f2-373d-453f-bfe2-5de3d0434fce","2020","6ca6382e-c307-415a-b750-3e76d7f2b32a","Council of Ministers, Attorney General of India, and Parliament: composition of Lok Sabha/Rajya Sabha, qualification/disqualification, sessi","","","verified","Clean sweep + spot-check sample confirmed sound - bulk pass 2026-08-26"
"tag","ae68532a-1516-44c7-9a3d-444d74e0a356","2020","6ca6382e-c307-415a-b750-3e76d7f2b32a","Council of Ministers, Attorney General of India, and Parliament: composition of Lok Sabha/Rajya Sabha, qualification/disqualification, sessi","","","verified","Clean sweep + spot-check sample confirmed sound - bulk pass 2026-08-26"
"tag","221977ab-3200-4dc1-a2aa-c03d883e1074","2020","6d5d61fa-6f33-480f-b9ce-dc13825b8dc4","Accountability vs Responsibility: distinguishing the two with a suitable example; utilisation of public funds and problems in fund release/u","","","verified","Clean sweep + spot-check sample confirmed sound - bulk pass 2026-08-26"
"tag","4c147a49-98fa-4284-a2c4-72db4437e224","2020","6d9b8bde-1762-4f64-9809-288cd1a81a7d","International & security ethics (case studies): ethics in international relations (trade, war, climate finance), arbitration ethics, peaceke","","","verified","Clean sweep + spot-check sample confirmed sound - bulk pass 2026-08-26"
"tag","c97ef655-3e2b-4d8d-9228-2a16995c0461","2020","6f7337e0-7a23-49c0-b631-a5eaa334baa2","Theories associated with emotional intelligence and whether EI can be developed; components of emotional competence","","spot_check","verified","Clean sweep + spot-check sample confirmed sound - bulk pass 2026-08-26"
"tag","46d779b6-6e31-4e09-8070-d7c024aed96f","2020","7144a5ba-9350-439f-9f89-f6e0c5418d3b","Agriculture marketing: process and structure in India, importance, government measures (APMC Act analysis, e-NAM)","","","verified","Clean sweep + spot-check sample confirmed sound - bulk pass 2026-08-26"
"tag","ce1f7958-7ca6-46eb-bf15-452afe0e211b","2020","747557b5-a1f6-4742-b2a0-fcc7c4e467f3","Forest & land degradation: soil-erosion crisis, forest fires, market-based forest-conservation approaches, Amazon forest fires, desertificat","","","verified","Clean sweep + spot-check sample confirmed sound - bulk pass 2026-08-26"
"tag","31a2cc6a-935d-4e67-ad84-e3cfb883cd39","2020","7e32ac15-3c56-4e09-a75d-4dc3c9458868","Honour killing (why it is unethical, role of khap panchayats); marital rape (arguments for/against criminalization and the hurdles); child l","","","verified","Clean sweep + spot-check sample confirmed sound - bulk pass 2026-08-26"
"tag","0d20d2d4-c58b-4467-afd3-e70566b140eb","2020","8a59db20-4195-4abc-abed-90993b8a8dac","Environmental Impact Assessment: executing body, effects analysed, EIA process, and the EIA notification of 1984 (procedural evolution)","","","verified","Clean sweep + spot-check sample confirmed sound - bulk pass 2026-08-26"
"tag","bfb4c05b-c050-4d87-93d2-acedba8cc0f0","2020","908b958d-0ffc-410c-aa31-0ca2f623ed88","Food processing and related industries: scope and significance, location, upstream/downstream requirements, supply-chain management, Mega Fo","","","verified","Clean sweep + spot-check sample confirmed sound - bulk pass 2026-08-26"
"tag","8e0ac86a-635b-4f08-894c-a13130713ddb","2020","96f80871-5186-4d46-84f8-bb0dca95bbc6","Role of agriculture in the Indian economy: historical background and current status, cropping systems (mono-cropping, crop rotation, sequent","","","verified","Clean sweep + spot-check sample confirmed sound - bulk pass 2026-08-26"
"tag","497e3c3b-bf6e-4e90-8b30-9b8918d63b0e","2020","974077d9-8ad9-46bb-8d6d-6291436c76c3","Global institutions: UN structure (UNGA, UNSC and India's candidacy, ECOSOC), ICJ, UN specialised agencies (FAO, ICAO, ILO, IMO, ITU, UNESCO","","","verified","Clean sweep + spot-check sample confirmed sound - bulk pass 2026-08-26"
"tag","bf64ddf6-18eb-42ec-856d-157378ec2091","2020","97de0712-a47f-4f64-95fd-aae8066a0cd0","Himalayan geomorphology & hazards: receding Himalayan glaciers, Himalayan landslides, tectonic deformation in northern plains, Chenab Valley","","","verified","Clean sweep + spot-check sample confirmed sound - bulk pass 2026-08-26"
"tag","847e01d8-af55-4868-aaa8-0a0ee15ddae4","2020","984aca0c-0adc-4eb8-afa5-972ed1232681","Early nationalism: pre-Congress organisations, Indian National Congress (1858-1905), early nationalists vs Swadeshi/Extremist strategic fact","","spot_check","verified","Clean sweep + spot-check sample confirmed sound - bulk pass 2026-08-26"
"tag","f790713d-a8c6-4c20-b323-b4d24292620a","2020","9ce1866d-2cc2-47d6-bb43-1ae9cc09c24b","AI, digital technology & recognition: AI safety/law developments, deepfakes, facial-recognition tech, recent Indian achievements in internat","","","verified","Clean sweep + spot-check sample confirmed sound - bulk pass 2026-08-26"
"tag","f4b992ba-ec14-4242-8e81-8fb18f97fad8","2020","9db64cc9-59df-4af5-b4c2-62d4ce17b119","Indian diaspora: role played, safety of Indians abroad, and welfare schemes for overseas Indians","","","verified","Clean sweep + spot-check sample confirmed sound - bulk pass 2026-08-26"
"tag","95b15db3-eb50-49ed-a0d2-138cd4c4b738","2020","9e99f300-81e6-42e9-8acf-0061160feb6c","Role of civil services in a democracy: concept and need for civil services, law-making role (policy formulation/implementation/evaluation), ","","","verified","Clean sweep + spot-check sample confirmed sound - bulk pass 2026-08-26"
"tag","88f95fe6-71d1-4650-8508-6e22956b790f","2020","a1983b76-2b14-4659-8a8b-0cc2f98c8b41","Water resources: underground/surface/inland/oceanic water resources, utilization patterns, water pollution, conservation techniques, river-i","","","verified","Clean sweep + spot-check sample confirmed sound - bulk pass 2026-08-26"
"tag","c8574a14-a3d3-4d63-bbd6-07fa7e4ae545","2020","a1983b76-2b14-4659-8a8b-0cc2f98c8b41","Water resources: underground/surface/inland/oceanic water resources, utilization patterns, water pollution, conservation techniques, river-i","","","verified","Clean sweep + spot-check sample confirmed sound - bulk pass 2026-08-26"
"tag","4ba42f4b-e35f-4c8d-9177-50d230906200","2020","a2c93b38-f280-4559-9e54-5a26dc6cb93c","Constitutional bodies: Election Commission, UPSC, State PSC, Finance Commission, GST Council, National Commission for SCs/STs, Special Offic","","","verified","Clean sweep + spot-check sample confirmed sound - bulk pass 2026-08-26"
"tag","58fbbcfa-62db-444d-9eee-2f3599bab424","2020","a4a8c1e1-108a-4040-8df0-ed5104f2a464","Western philosophers used as ethics-paper anchors: Plato, Aristotle, Socrates, Jeremy Bentham, J.S. Mill, Thomas Hobbes, John Locke, Jean-Ja","","","verified","Clean sweep + spot-check sample confirmed sound - bulk pass 2026-08-26"
"tag","d62286d8-87f4-4520-a64f-8e65692323de","2020","a600bad8-e61a-4fdd-b07e-aa67441e04db","Major early medieval dynasties (750-1200): Pratiharas, Palas, Rashtrakutas, tripartite conflict, Senas, Rajputs, Pallavas, Chalukyas, and th","","","verified","Clean sweep + spot-check sample confirmed sound - bulk pass 2026-08-26"
"tag","11966d11-126c-4b70-9914-0f1181683a10","2020","a600c54a-80f5-4bf6-900c-63f10b2b10d8","Religions in India: pre-Vedic religion, Hinduism, Buddhism, Jainism, Sikhism, Islam, Christianity, Zoroastrianism, Judaism; Indian philosoph","","","verified","Clean sweep + spot-check sample confirmed sound - bulk pass 2026-08-26"
"tag","e06a700e-803b-42b9-9fc2-92100343d117","2020","b0f90d0f-c35e-4c56-b8ff-2bfac91061cd","Communalism: meaning, historicity, role of third parties in inciting/perpetrating it, and whether it can be eradicated; regionalism's theori","","spot_check","verified","Clean sweep + spot-check sample confirmed sound - bulk pass 2026-08-26"
"tag","88463de7-390d-4337-b60c-032ad4b9e531","2020","b8013abc-2cf1-4592-ac83-498f8b2942f2","Sustainable development: principles, measurement of sustainability/equitable resource use, sustainable-lifestyle role of the individual, and","","","verified","Clean sweep + spot-check sample confirmed sound - bulk pass 2026-08-26"
"tag","c7ff4f96-262a-4302-a174-db1fcc1373e3","2020","b8f41a2a-2b1b-4331-8251-02c6b6b949f1","Role of ethical values in governance and society; significance of value in civil services; society's and educational institutions' contribut","","","verified","Clean sweep + spot-check sample confirmed sound - bulk pass 2026-08-26"
"tag","99dea357-a450-423e-8e13-8597a81ab83e","2020","bacbe426-6d8e-404e-9fe8-ebfbf658908a","Development process and industry: growth vs development, main constraints and stakeholders, SHGs (meaning, importance, institutional structu","","","verified","Clean sweep + spot-check sample confirmed sound - bulk pass 2026-08-26"
"tag","41478acf-64b7-4277-a6a2-8abd24b8d23f","2020","bcda1789-d071-48bf-a8ee-e82702b4bdae","Development & welfare indicators: socio-economic inequality, climate change and food insecurity, One Nation One Ration Card, Human Developme","","","verified","Clean sweep + spot-check sample confirmed sound - bulk pass 2026-08-26"
"tag","21c3e40a-bb5f-4d48-9508-6582ef8e4d80","2020","d07227df-974f-4268-bbc4-a59fb80b38bb","Nanoscience and nanotechnology: basics, nanomaterials, applications (medicine, semiconductors, food, textiles, sustainable energy, environme","","","verified","Clean sweep + spot-check sample confirmed sound - bulk pass 2026-08-26"
"tag","b6ef6e3f-969e-4bee-bc03-f2d7861fd899","2020","d2d2fda1-58c9-4693-becc-f9d1aa3e9420","River-basin & water-resource management: Indus dam construction prospects/challenges, integrated river-basin management, shrinking reservoir","","","verified","Clean sweep + spot-check sample confirmed sound - bulk pass 2026-08-26"
"tag","f310b866-652b-401d-8627-306b570b9d48","2020","d72e6038-8dad-4335-be6d-8e06c657add8","Socio-religious reform movements of the 19th century (Raja Ram Mohan Roy, Jyotirao Phule, Ishwar Chandra Vidyasagar, Ambedkar movement)","","","verified","Clean sweep + spot-check sample confirmed sound - bulk pass 2026-08-26"
"tag","0d8c9df0-d44f-41b9-8749-6e34fe4cb6c3","2020","d9481625-b7ce-4ad6-9fb4-b3b1d9d6dd14","Security challenges in border areas: challenges to border management, community-participation approaches, non-demarcated border segments, an","","","verified","Clean sweep + spot-check sample confirmed sound - bulk pass 2026-08-26"
"tag","e10692fe-64ec-4870-85fa-3f24dc28fcd9","2020","d9481625-b7ce-4ad6-9fb4-b3b1d9d6dd14","Security challenges in border areas: challenges to border management, community-participation approaches, non-demarcated border segments, an","","","verified","Clean sweep + spot-check sample confirmed sound - bulk pass 2026-08-26"
"tag","faa59750-c3af-45a9-af70-87d04d70a7a7","2020","dfe79a56-6526-44a0-b568-d7971e7f2a8d","Moral judgements in international relations; ethical relation in funding international relations and the concept of moral responsibility; et","","spot_check","verified","Clean sweep + spot-check sample confirmed sound - bulk pass 2026-08-26"
"tag","7eac13f5-19a1-4d1b-a15f-b9c9ad7e0a93","2020","e586510e-b291-4d77-8981-c9f92a1ab815","'Health for All' target vs structural health-infrastructure gaps; rising out-of-pocket health expenditure; commercialization of healthcare v","","","verified","Clean sweep + spot-check sample confirmed sound - bulk pass 2026-08-26"
"tag","7961b834-002d-4f16-9b1f-820fdee630a1","2020","ec298078-c865-4ed1-9396-6ee364f61ec8","Values and ethics in government; the family's contribution to value education; role of family/society/educational institutions in inculcatin","","","verified","Clean sweep + spot-check sample confirmed sound - bulk pass 2026-08-26"
"tag","0e6e0569-7a1e-46d0-8b2d-4d13aaa33faa","2020","f1853e54-83ed-4227-bde0-12350c6e63af","The struggle for Swaraj: Montagu's 1917 statement, Gandhi's emergence as a mass leader, Khilafat and Non-Cooperation, Swaraj Party, revoluti","","","verified","Clean sweep + spot-check sample confirmed sound - bulk pass 2026-08-26"
"tag","e9a1c289-4d98-4b0d-8f19-44530d532ac1","2020","f23ed3c3-13b4-40cd-9bff-1e8904524068","Caste system: structural resilience as a barrier to social mobility, and its adaptation to modernization/secularization","","","verified","Clean sweep + spot-check sample confirmed sound - bulk pass 2026-08-26"
"tag","f060a1f1-4005-43ba-b9d5-296bd26ee3fe","2020","f2ae88fa-34ec-4090-ab2e-81ad921e95f1","Air pollution & control regimes: nitrogen pollution, radioactive discharges, acid rain impact, coal-plant SO2 control, GRAP in NCR, metal-mi","","","verified","Clean sweep + spot-check sample confirmed sound - bulk pass 2026-08-26"
"tag","4514283d-6de3-4077-b1ed-35d3ea84cb31","2020","f9a1a286-8d52-4e4a-90b9-1787bc9a221b","Case studies: crisis & resource-allocation dilemmas: drought-relief tanker capture by a 'tanker mafia', disaster resource-allocation triage ","","","verified","Clean sweep + spot-check sample confirmed sound - bulk pass 2026-08-26"
"tag","295ef0e4-e4bd-4fbe-9c21-49e57a2177e5","2020","fb2ac120-869c-4f06-a14c-f2fc64c1485c","Industrial localization parameters: distribution factors for iron-steel and cotton-textile industries in India, and why petroleum refineries","","","verified","Clean sweep + spot-check sample confirmed sound - bulk pass 2026-08-26"
"tag","9976a38c-ad9b-400d-bb4f-dfbf27449cf8","2020","fd4be87b-b725-45b9-b6f1-aef0037001f7","Elections in India: salient features of the Representation of People Acts 1950/1951, electoral reforms, criminalization of politics, negativ","","","verified","Clean sweep + spot-check sample confirmed sound - bulk pass 2026-08-26"
"tag","91ac7d4c-95ea-4937-ad16-21e91d6957b8","2020","ffcd01f2-546b-4661-a94f-c43bf6680f62","Attitude-formation model, impact of beliefs and values, group and social influences, persuasion tactics and tools","","","verified","Clean sweep + spot-check sample confirmed sound - bulk pass 2026-08-26"
"question","49ef249c-dc81-458c-bba8-e5aedb4ba0a2","2021","1","Evaluate the nature of the Bhakti Literature and its contribution to Indian culture.","","spot_check","verified","Clean sweep + spot-check sample confirmed sound - bulk pass 2026-08-26"
"question","cd0aefa2-4ad9-4403-bc3a-5be5762466ce","2021","2","Trace the rise and growth of socio-religious reform movements with special reference to Young Bengal and Brahmo Samaj.","","","verified","Clean sweep + spot-check sample confirmed sound - bulk pass 2026-08-26"
"question","35fa5ebc-afa9-4147-9128-66ad7ab4f201","2021","3","Assess the main administrative issues and socio-cultural problems in the integration process of Indian Princely States.","","","verified","Clean sweep + spot-check sample confirmed sound - bulk pass 2026-08-26"
"question","dbf2a624-9011-4abe-b9d5-dce27c3e9b3b","2021","4","Differentiate the causes of landslides in the Himalayan region and Western Ghats.","","","verified","Clean sweep + spot-check sample confirmed sound - bulk pass 2026-08-26"
"question","fbe50268-d3a1-41bb-82e0-6a61af56196f","2021","5","Despite India being one of the countries of the Gondwanaland, its mining industry contributes much less to its Gross Domestic Product (GDP) ","","","verified","Clean sweep + spot-check sample confirmed sound - bulk pass 2026-08-26"
"question","f6ba3aa9-ae10-402e-8a67-c1176209b245","2021","6","What are the environmental implications of the reclamation of the water bodies into urban land use? Explain with examples.","","","verified","Clean sweep + spot-check sample confirmed sound - bulk pass 2026-08-26"
"question","bcf74f78-d048-4564-bb5d-5302453abb29","2021","7","Mention the global occurrence of volcanic eruptions in 2021 and their impact on regional environment.","","","verified","Clean sweep + spot-check sample confirmed sound - bulk pass 2026-08-26"
"question","8fa8f696-b1b5-4f08-8206-cef51f49386e","2021","8","Why is India considered as a sub-continent? Elaborate your answer.","","","verified","Clean sweep + spot-check sample confirmed sound - bulk pass 2026-08-26"
"question","7323c241-375f-46e9-9bb9-c57d1c330793","2021","9","Examine the uniqueness of tribal knowledge system when compared with mainstream knowledge and cultural systems.","","","verified","Clean sweep + spot-check sample confirmed sound - bulk pass 2026-08-26"
"question","6b54e724-28d7-4470-9ea3-100ef272ef50","2021","10","Examine the role of 'Gig Economy' in the process of empowerment of women in India.","","","verified","Clean sweep + spot-check sample confirmed sound - bulk pass 2026-08-26"
"question","f7b0af5e-d9b8-4693-8d19-006f7ec6ae83","2021","11","To what extent did the role of the moderates prepare a base for the wider freedom movement? Comment.","","","verified","Clean sweep + spot-check sample confirmed sound - bulk pass 2026-08-26"
"question","a90062d0-a056-4f87-a8d1-754188886fc6","2021","12","Bring out the constructive programmes of Mahatma Gandhi during Non-Cooperation Movement and Civil Disobedience Movement.","","spot_check","verified","Clean sweep + spot-check sample confirmed sound - bulk pass 2026-08-26"
"question","9ca45893-e29d-42b1-ad98-aca1cebb334a","2021","13","""There arose a serious challenge to the Democratic State System between the two World Wars."" Evaluate the statement.","","","verified","Clean sweep + spot-check sample confirmed sound - bulk pass 2026-08-26"
"question","6e5cfa30-cd1d-4f19-a373-7fc05bb3b88f","2021","14","Briefly mention the alignment of major mountain ranges of the world and explain their impact on local weather conditions, with examples.","","","verified","Clean sweep + spot-check sample confirmed sound - bulk pass 2026-08-26"
"question","6ddccee9-c3bb-42b6-a70b-b9c902675222","2021","15","How do the melting of the Arctic ice and glaciers of the Antarctic differently affect the weather patterns and human activities on the Earth","","","verified","Clean sweep + spot-check sample confirmed sound - bulk pass 2026-08-26"
"question","e3904e26-82f9-4ad7-9504-a61533a210c5","2021","16","Discuss the multi-dimensional implications of uneven distribution of mineral oil in the world.","","","verified","Clean sweep + spot-check sample confirmed sound - bulk pass 2026-08-26"
"question","cb7dac09-e0a3-4730-8ca1-21deb162e361","2021","17","What are the main socio-economic implications arising out of the development of IT industries in major cities of India?","","","verified","Clean sweep + spot-check sample confirmed sound - bulk pass 2026-08-26"
"question","5b4ef216-c332-45df-9274-3cf0cd0b0239","2021","18","Discuss the main objectives of Population Education and point out the measures to achieve them in India in detail.","","","verified","Clean sweep + spot-check sample confirmed sound - bulk pass 2026-08-26"
"question","ed7de7d5-3189-4148-85e1-f947d4c814de","2021","19","What is Cryptocurrency? How does it affect global society? Has it been affecting Indian society also?","","","verified","Clean sweep + spot-check sample confirmed sound - bulk pass 2026-08-26"
"question","1baf4be3-e45e-4da9-a77b-3175d7f9c1ea","2021","20","How does Indian society maintain continuity in traditional social values? Enumerate the changes taking place in it.","","","verified","Clean sweep + spot-check sample confirmed sound - bulk pass 2026-08-26"
"question","b6f817b7-6c92-4d4c-acfc-f23f71a3d3bd","2021","21","'Constitutional Morality' is rooted in the Constitution itself and is founded on its essential facets. Explain the doctrine of 'Constitution","","","verified","Clean sweep + spot-check sample confirmed sound - bulk pass 2026-08-26"
"question","b899658f-39e2-4aae-93f8-aba92141f47b","2021","22","Discuss the desirability of greater representation to women in the higher judiciary to ensure diversity, equity and inclusiveness.","","","verified","Clean sweep + spot-check sample confirmed sound - bulk pass 2026-08-26"
"question","baa59760-51e8-441a-99eb-09577518b0eb","2021","23","How have the recommendations of the 14th Finance Commission of India enabled the states to improve their fiscal position?","","spot_check","verified","Clean sweep + spot-check sample confirmed sound - bulk pass 2026-08-26"
"question","ba0f96d9-22b1-4592-b8fd-1c07b67584ae","2021","24","To what extent, in your view, the Parliament is able to ensure accountability of the executive in India?","","","verified","Clean sweep + spot-check sample confirmed sound - bulk pass 2026-08-26"
"question","68bfd5d9-3931-4317-98e5-7aa98022384a","2021","25","""Pressure groups play a vital role in influencing public policy making in India."" Explain how the business associations contribute to public","","","verified","Clean sweep + spot-check sample confirmed sound - bulk pass 2026-08-26"
"question","98e9ef51-821b-4374-9f03-d846d716761c","2021","26","""Besides being a moral imperative of Welfare State, primary health structure is a necessary pre-condition for sustainable development."" Anal","","","verified","Clean sweep + spot-check sample confirmed sound - bulk pass 2026-08-26"
"question","ba918b43-c80a-4826-abf2-18fc0ddd01f7","2021","27","""'Earn while you learn' scheme needs to be strengthened to make vocational education and skill training meaningful."" Comment.","","","verified","Clean sweep + spot-check sample confirmed sound - bulk pass 2026-08-26"
"question","1173880b-78be-4443-a539-0d392a3851c8","2021","28","Can the vicious cycle of gender inequality, poverty and malnutrition be broken through microfinancing of women SHGs? Explain with examples.","","","verified","Clean sweep + spot-check sample confirmed sound - bulk pass 2026-08-26"
"question","588582c4-9ea9-4e0e-b3f2-31af37e4f051","2021","29","""If the last few decades were of Asia's growth story, the next few are expected to be of Africa's."" In the light of this statement, examine ","","","verified","Clean sweep + spot-check sample confirmed sound - bulk pass 2026-08-26"
"question","2451a25f-1fe8-4f62-8ad4-0dade6905296","2021","30","""The USA is facing an existential threat in the form of a China, that is much more challenging than the erstwhile Soviet Union."" Explain.","","","verified","Clean sweep + spot-check sample confirmed sound - bulk pass 2026-08-26"
"question","2bd440b9-295f-4912-8082-840cb1536610","2021","31","The jurisdiction of the Central Bureau of Investigation (CBI) regarding lodging an FIR and conducting probe within a particular state is bei","","","verified","Clean sweep + spot-check sample confirmed sound - bulk pass 2026-08-26"
"question","071df937-dd1b-47c8-a7a4-c8f1013ae294","2021","32","Though the Human Rights Commissions have contributed immensely to the protection of human rights in India, yet they have failed to assert th","","","verified","Clean sweep + spot-check sample confirmed sound - bulk pass 2026-08-26"
"question","299b0380-2494-49f1-97bc-0c799b5449df","2021","33","Analyze the distinguishing features of the notion of Equality in the Constitutions of the USA and India.","","","verified","Clean sweep + spot-check sample confirmed sound - bulk pass 2026-08-26"
"question","fc9c7231-fb50-4bc5-94d1-026df8d12652","2021","34","Explain the constitutional provisions under which Legislative Councils are established. Review the working and current status of Legislative","","spot_check","verified","Clean sweep + spot-check sample confirmed sound - bulk pass 2026-08-26"
"question","5b354c4e-cffc-4a05-9917-1ceb8d527e35","2021","35","Do Department-related Parliamentary Standing Committees keep the administration on its toes and inspire reverence for parliamentary control?","","","verified","Clean sweep + spot-check sample confirmed sound - bulk pass 2026-08-26"
"question","1c5030b5-d653-4c3d-a871-cb89f274938c","2021","36","Has digital illiteracy, particularly in rural areas, coupled with lack of Information and Communication Technology (ICT) accessibility hinde","","","verified","Clean sweep + spot-check sample confirmed sound - bulk pass 2026-08-26"
"question","1cdfa237-ce66-46eb-985a-e0d409ffedfd","2021","37","""Though women in post-Independent India have excelled in various fields, the social attitude towards women and feminist movement has been pa","","","verified","Clean sweep + spot-check sample confirmed sound - bulk pass 2026-08-26"
"question","f4c5cc0f-093f-45dd-a610-b7bb86fb659a","2021","38","Can Civil Society and Non-Governmental Organizations present an alternative model of public service delivery to benefit the common citizen. ","","","verified","Clean sweep + spot-check sample confirmed sound - bulk pass 2026-08-26"
"question","f386f3fa-12c2-4515-abf6-a90052b14ad9","2021","39","Critically examine the aims and objectives of SCO. What importance does it hold for India.","","","verified","Clean sweep + spot-check sample confirmed sound - bulk pass 2026-08-26"
"question","27984bf6-da65-4456-bce8-ef55fc652e04","2021","40","The newly tri-nation partnership AUKUS is aimed at countering China's ambitions in the Indo-Pacific region. Is it going to supersede the exi","","","verified","Clean sweep + spot-check sample confirmed sound - bulk pass 2026-08-26"
"question","1669a101-5204-477e-af27-48d6a6a30061","2021","41","Explain the difference between computing methodology of India's Gross Domestic Product (GDP) before the year 2015 and after the year 2015.","","","verified","Clean sweep + spot-check sample confirmed sound - bulk pass 2026-08-26"
"question","dfcf1ba3-61fa-4cba-b913-e2f96594c7ba","2021","42","Distinguish between Capital Budget and Revenue Budget. Explain the components of both these Budgets.","","","verified","Clean sweep + spot-check sample confirmed sound - bulk pass 2026-08-26"
"question","23d28d52-7839-454f-9e55-d8188568a3bd","2021","43","How did land reforms in some parts of the country help to improve the socio-economic conditions of marginal and small farmers?","","","verified","Clean sweep + spot-check sample confirmed sound - bulk pass 2026-08-26"
"question","c718113f-22cd-4b85-8b0e-34b29265f482","2021","44","How and to what extent would micro-irrigation help in solving India's water crisis?","","","verified","Clean sweep + spot-check sample confirmed sound - bulk pass 2026-08-26"
"question","b4a9023c-d86e-4747-81c3-0254a122596a","2021","45","How is S-400 air defence system technically superior to any other system presently available in the world?","","spot_check","verified","Clean sweep + spot-check sample confirmed sound - bulk pass 2026-08-26"
"question","6874514e-4bea-4970-a152-c14a962a815f","2021","46","Explain the purpose of the Green Grid Initiative launched at World Leaders Summit of the COP26 UN Climate Change Conference in Glasgow in No","","","verified","Clean sweep + spot-check sample confirmed sound - bulk pass 2026-08-26"
"question","4a99b532-cef9-4ba1-b38c-c198db6409fc","2021","47","Describe the key points of the revised Global Air Quality Guidelines (AQGs) recently released by the World Health Organisation (WHO). How ar","","","verified","Clean sweep + spot-check sample confirmed sound - bulk pass 2026-08-26"
"question","70e5150d-85e1-40ec-9abc-7ab90e51d672","2021","48","Discuss about the vulnerability of India to earthquake related hazards. Give examples including the salient features of major disasters caus","","","verified","Clean sweep + spot-check sample confirmed sound - bulk pass 2026-08-26"
"question","98e7a791-0e25-440f-9c59-e21fc49165ef","2021","49","Discuss how emerging technologies and globalisation contribute to money laundering. Elaborate measures to tackle the problem of money launde","","","verified","Clean sweep + spot-check sample confirmed sound - bulk pass 2026-08-26"
"question","3d65e8cf-4d20-4af5-9ccc-680242c9900a","2021","50","Keeping in view India's internal security, analyse the impact of cross-border cyber attacks. Also discuss defensive measures against these s","","","verified","Clean sweep + spot-check sample confirmed sound - bulk pass 2026-08-26"
"question","1f0d220f-15e0-4c1b-8ffb-6442aeb23aab","2021","51","Do you agree that the Indian economy has recently experienced V-shaped recovery? Give reasons in support of your answer.","","","verified","Clean sweep + spot-check sample confirmed sound - bulk pass 2026-08-26"
"question","012097d2-0dc3-4040-baca-3f3e957a1020","2021","52","""Investment in infrastructure is essential for more rapid and inclusive economic growth."" Discuss in the light of India's experience.","","","verified","Clean sweep + spot-check sample confirmed sound - bulk pass 2026-08-26"
"question","329fe102-69ff-4f50-be26-c08a226e5a46","2021","53","What are the salient features of the National Food Security Act, 2013? How has the Food Security Bill helped in eliminating hunger and malnu","","","verified","Clean sweep + spot-check sample confirmed sound - bulk pass 2026-08-26"
"question","3a7077fd-3c55-4ccc-9125-0700f71fa82d","2021","54","What are the present challenges before crop diversification? How do emerging technologies provide an opportunity for crop diversification?","","","verified","Clean sweep + spot-check sample confirmed sound - bulk pass 2026-08-26"
"question","25475e94-0288-4ab9-9307-cc8bdac27684","2021","55","What are the research and developmental achievements in applied biotechnology? How will these achievements help to uplift the poorer section","","spot_check","verified","Clean sweep + spot-check sample confirmed sound - bulk pass 2026-08-26"
"question","1c1af211-afff-4621-bee2-1453edbbca6a","2021","56","The Nobel Prize in Physics of 2014 was jointly awarded to Akasaki, Amano and Nakamura for the invention of Blue LEDs in 1990s. How has this ","","","verified","Clean sweep + spot-check sample confirmed sound - bulk pass 2026-08-26"
"question","e7164fbe-5492-4b78-b2e0-d32b9dec0e47","2021","57","Describe the major outcomes of the 26th session of the Conference of the Parties (COP) to the United Nations Framework Convention on Climate","","","verified","Clean sweep + spot-check sample confirmed sound - bulk pass 2026-08-26"
"question","40eb33b5-9d86-44c6-a080-4de38bfda731","2021","58","Describe the various causes and the effects of landslides. Mention the important components of the National Landslide Risk Management Strate","","","verified","Clean sweep + spot-check sample confirmed sound - bulk pass 2026-08-26"
"question","144230a4-5139-4483-82d5-378b28510023","2021","59","Analyse the multidimensional challenges posed by external state and non-state actors, to the internal security of India. Also discuss measur","","","verified","Clean sweep + spot-check sample confirmed sound - bulk pass 2026-08-26"
"question","f94b8403-9143-4455-9c0f-07e6523ea1bb","2021","60","Analyse the complexity and intensity of terrorism, its causes, linkages and obnoxious nexus. Also suggest measures required to be taken to e","","","verified","Clean sweep + spot-check sample confirmed sound - bulk pass 2026-08-26"
"question","3ad470d1-6761-40db-be32-05260cd99d1a","2021","61","Identify five ethical traits on which one can plot the performance of a civil servant. Justify their inclusion in the matrix.","","","verified","Clean sweep + spot-check sample confirmed sound - bulk pass 2026-08-26"
"question","56575129-d336-4ef7-b71b-5ae37a1f836e","2021","62","Identify ten essential values that are needed to be an effective public servant. Describe the ways and means to prevent non-ethical behaviou","","","verified","Clean sweep + spot-check sample confirmed sound - bulk pass 2026-08-26"
"question","80636854-b9d5-414d-891f-14ad64491905","2021","63","Impact of digital technology as reliable source of input for rational decision making is a debatable issue. Critically evaluate with suitabl","","","verified","Clean sweep + spot-check sample confirmed sound - bulk pass 2026-08-26"
"question","8b01323d-e0d2-44c1-b1be-2ba99d9ea316","2021","64","Besides domain knowledge, a public official needs innovativeness and creativity of a high order as well, while resolving ethical dilemmas. D","","","verified","Clean sweep + spot-check sample confirmed sound - bulk pass 2026-08-26"
"question","35a0bade-6e0a-4a06-9d16-66893567c4e7","2021","65","What does each of the following quotations mean to you? ""Every work has got to pass through hundreds of difficulties before succeeding. Thos","","","verified","Clean sweep + spot-check sample confirmed sound - bulk pass 2026-08-26"
"question","a833750b-312c-4911-9d95-34878096d7b4","2021","66","""We can never obtain peace in the outer world until and unless we obtain peace within ourselves."" - Dalai Lama","","spot_check","verified","Clean sweep + spot-check sample confirmed sound - bulk pass 2026-08-26"
"question","6fff6289-b084-42a0-9cb3-b50c7f58633a","2021","67","""Life doesn't make any sense without interdependence. We need each other, and the sooner we learn that, it is better for us all."" - Erik Eri","","","verified","Clean sweep + spot-check sample confirmed sound - bulk pass 2026-08-26"
"question","dea7ca0e-d90b-4fe0-9f2b-6f4cc0cfc6b6","2021","68","Attitude is an important component that goes as input in the development of human resource. How to build a suitable attitude needed for a pu","","","verified","Clean sweep + spot-check sample confirmed sound - bulk pass 2026-08-26"
"question","22a4d571-c937-45f2-861e-f53e48e305b2","2021","69","In case of crisis of conscience does emotional intelligence help to overcome the same without compromising the ethical or moral stand that y","","","verified","Clean sweep + spot-check sample confirmed sound - bulk pass 2026-08-26"
"question","1eab2f7d-0435-40a5-959e-e53cc336f32c","2021","70","""Refugees should not be turned back to the country where they would face persecution or human right violation."" Examine the statement with r","","","verified","Clean sweep + spot-check sample confirmed sound - bulk pass 2026-08-26"
"question","4c2dbb95-7cc0-4c2b-8367-5bf41dfa522b","2021","71","Should impartiality and being non-partisan be considered as indispensable qualities to make a successful civil servant? Discuss with illustr","","","verified","Clean sweep + spot-check sample confirmed sound - bulk pass 2026-08-26"
"question","37b5ecc4-c33e-4297-8404-b34c8b064735","2021","72","An independent and empowered social audit mechanism is an absolute must in every sphere of public service, including judiciary, to ensure pe","","","verified","Clean sweep + spot-check sample confirmed sound - bulk pass 2026-08-26"
"question","ef62f47b-1000-4db5-bfa2-fac05f0bf7de","2021","73","""Integrity is a value that empowers the human being."" Justify with suitable illustration.","","","verified","Clean sweep + spot-check sample confirmed sound - bulk pass 2026-08-26"
"question","175fd8b1-9bc9-4480-98e0-c13ee5c0b654","2021","74","Sunil is a young civil servant and has a reputation for his competence, integrity, dedication and relentless pursuit of difficult and onerou","","","verified","Clean sweep + spot-check sample confirmed sound - bulk pass 2026-08-26"
"question","e17447d9-70b2-4d98-a7f0-7841e48475fe","2021","75","You are Vice Principal of a degree college in one of the middle-class towns. Principal has recently retired and management is looking for hi","","","verified","Clean sweep + spot-check sample confirmed sound - bulk pass 2026-08-26"
"question","39f84d3b-c223-49cb-9631-589416e52755","2021","76","An elevated corridor is being constructed to reduce traffic congestion in the capital of a particular state. You have been selected as proje","","","verified","Clean sweep + spot-check sample confirmed sound - bulk pass 2026-08-26"
"question","d3ccb281-d969-439a-9289-18078cb1c341","2021","77","The coronavirus disease (COVID-19) pandemic has quickly spread to various countries. As on May 8th, 2020, in India 56,342 positive cases of ","","spot_check","verified","Clean sweep + spot-check sample confirmed sound - bulk pass 2026-08-26"
"question","455308db-4092-4bc9-90a0-45b0370197a1","2021","78","A reputed food product company based in India developed a food product for international market and started exporting the same after getting","","","verified","Clean sweep + spot-check sample confirmed sound - bulk pass 2026-08-26"
"question","53fffb37-1e8b-4dc9-90b4-15d30c03c27c","2021","79","Pawan is working as an officer in the State Government for the last ten years. As a part of routine transfer, he was posted to another depar","","","verified","Clean sweep + spot-check sample confirmed sound - bulk pass 2026-08-26"
"question","edaab0d8-7f22-4aac-811b-46c8fdff7ca1","2021","80","The process of self-discovery has now been technologically outsourced.","","","verified","Clean sweep + spot-check sample confirmed sound - bulk pass 2026-08-26"
"question","7ab4e7ff-b2fa-47bd-9c31-877e1a6d7c0b","2021","81","Your perception of me is a reflection of you; my reaction to you is an awareness of me.","","","verified","Clean sweep + spot-check sample confirmed sound - bulk pass 2026-08-26"
"question","4a05c8c5-0f43-41e5-be7b-76843ae6aaaf","2021","82","Philosophy of wantlessness is Utopian, while materialism is a chimera.","","","verified","Clean sweep + spot-check sample confirmed sound - bulk pass 2026-08-26"
"question","3c706b9a-1f7b-4c2d-8661-18c9fd8fd15a","2021","83","The real is rational and the rational is real.","","","verified","Clean sweep + spot-check sample confirmed sound - bulk pass 2026-08-26"
"question","6085675d-4fc7-4272-9531-dcbe287e3eae","2021","84","Hand that rocks the cradle rules the world.","","","verified","Clean sweep + spot-check sample confirmed sound - bulk pass 2026-08-26"
"question","82a35e4a-4cf8-472f-b7f4-643979df0a71","2021","85","What is research, but a blind date with knowledge!","","","verified","Clean sweep + spot-check sample confirmed sound - bulk pass 2026-08-26"
"question","8740b93b-ff53-48f9-8c05-3bbc1d496200","2021","86","History repeats itself, first as a tragedy, second as a farce.","","","verified","Clean sweep + spot-check sample confirmed sound - bulk pass 2026-08-26"
"question","ac64aeb8-a04f-4845-bd31-e68b55c474f0","2021","87","There are better practices to ""best practices"".","","","verified","Clean sweep + spot-check sample confirmed sound - bulk pass 2026-08-26"
"tag","5d873898-d2ac-4cc6-81cf-43878e1c1ee5","2021","0068a779-3bc7-4702-86fc-a3570905c72a","Global economic-policy linkages: G7 corporate-tax deal, virtual-currency taxation, world inequality/employment-outlook reports, gig economy","","spot_check","verified","Clean sweep + spot-check sample confirmed sound - bulk pass 2026-08-26"
"tag","6208fb64-7a39-4235-ad6d-2593f15d1f4c","2021","018e03d5-cd5d-473a-a22a-35b09052a315","Defence technology: missile classification (ballistic/cruise), India's missile programme, Integrated Guided Missile Programme, robotics/AI i","","","verified","Clean sweep + spot-check sample confirmed sound - bulk pass 2026-08-26"
"tag","7ce216af-27f8-49a1-93c5-6bcb51c87858","2021","01bc558f-a3a3-4612-8141-f6b2019d7c9f","Gandhian mass mobilization phases (Non-Cooperation, Civil Disobedience, Quit India) and the special role of women in this phase","","","verified","Clean sweep + spot-check sample confirmed sound - bulk pass 2026-08-26"
"tag","9b51948b-61bc-41ea-a92d-51dd941f0d44","2021","049901d3-a4a5-41ea-a138-c0eec3f3d0c3","Case studies: public-safety & procurement dilemmas under pressure: infrastructure-safety cover-up under election-timeline pressure, defence-","","","verified","Clean sweep + spot-check sample confirmed sound - bulk pass 2026-08-26"
"tag","f3459827-e2b9-473c-aa6b-395c6ed70785","2021","054aa525-7ef7-41fa-be69-d3778ce887de","Internal security challenges: social diversity as a security issue, neighbourhood-origin threats, non-state actors, global vulnerability ind","","","verified","Clean sweep + spot-check sample confirmed sound - bulk pass 2026-08-26"
"tag","54118a46-9300-4543-84eb-9473412f2cd1","2021","06fa28e7-3e83-4e92-a61a-9e4f5a5eb874","Salient features and changes within Indian society and their repercussions; diversity of India and whether 'unity in diversity' is reality o","","","verified","Clean sweep + spot-check sample confirmed sound - bulk pass 2026-08-26"
"tag","2905f386-d163-482c-9683-da1a8c8522f1","2021","12162135-681a-4e58-87f3-31cf403b3cfb","Pressure groups and formal/informal associations: types, significance, distinction from political parties, politicisation of pressure groups","","","verified","Clean sweep + spot-check sample confirmed sound - bulk pass 2026-08-26"
"tag","4d029f95-1ccb-40e2-91bd-8686bb92431e","2021","1573b5bf-4244-4c9b-92cb-24b1a844aeba","Monetary & financial-sector policy: stock-market factors, RBI surplus transfer/gold reserves, RBI liquidity management, bad-loans problem, d","","","verified","Clean sweep + spot-check sample confirmed sound - bulk pass 2026-08-26"
"tag","a5439d6a-9c6f-4408-b99e-da1efd6750e4","2021","193d656c-b542-4f7d-a950-96bd80b389be","NGOs: definition and distinction from INGOs, UN criteria, role in development projects/community development/relief-rehabilitation/disaster ","","","verified","Clean sweep + spot-check sample confirmed sound - bulk pass 2026-08-26"
"tag","0d4dd299-c460-46fb-b8e5-4cd4769159a4","2021","210b47e0-e809-475c-bd31-9072fae5ada6","Earthquakes: types, causes, effects, frequency, epicentre location, global distribution, and observatories","","","verified","Clean sweep + spot-check sample confirmed sound - bulk pass 2026-08-26"
"tag","a3f3ef8d-e239-4330-8019-f73f36e63646","2021","21b8574b-4143-4333-9d38-d916fd1035a2","The Governor, Chief Minister, Advocate-General, and State Legislature: appointment, discretionary/ordinance/pardoning powers, composition of","","spot_check","verified","Clean sweep + spot-check sample confirmed sound - bulk pass 2026-08-26"
"tag","a82c5205-1e06-433a-8ef4-4bc3bdf831e9","2021","2c26a666-8e16-46a5-9362-547604b3556e","Bhakti and Sufi movements: reach across age/gender/religious barriers; Sri Chaitanya's re-orientation; Vaishnava Acharyas' metaphysical foun","","","verified","Clean sweep + spot-check sample confirmed sound - bulk pass 2026-08-26"
"tag","35aa999b-51a8-403a-8fdd-8b58ecc7e97d","2021","41ad5c1f-7129-4d6e-b241-5c67f84cfb99","Frequently cited quotation-anchors for ethics answer-writing: Gandhi's 'Seven Sins' and 'the weak can never forgive'; Socrates' 'an unexamin","","","verified","Clean sweep + spot-check sample confirmed sound - bulk pass 2026-08-26"
"tag","d6f07b46-5c74-4160-ad2e-d78e416c65d6","2021","41ad5c1f-7129-4d6e-b241-5c67f84cfb99","Frequently cited quotation-anchors for ethics answer-writing: Gandhi's 'Seven Sins' and 'the weak can never forgive'; Socrates' 'an unexamin","","","verified","Clean sweep + spot-check sample confirmed sound - bulk pass 2026-08-26"
"tag","aa136284-86b3-4608-b0b9-a506cf94cca6","2021","435af0f4-9815-4df8-8fd7-4e97c563eaf4","Health, education and human-resource services: India's education structure (primary/secondary/higher), GOI education initiatives and reform ","","","verified","Clean sweep + spot-check sample confirmed sound - bulk pass 2026-08-26"
"tag","e5063ae6-908e-45aa-aecc-e2f917596b08","2021","4556998f-c48b-4404-b469-d8693d65a100","Fiscal policy: important budgetary/fiscal terms, government revenue/spending, revenue/fiscal/primary deficits and their financing","","","verified","Clean sweep + spot-check sample confirmed sound - bulk pass 2026-08-26"
"tag","5eadfb90-557e-410c-80e9-cfec609f97a4","2021","46decb7a-a9bb-4819-b8d9-0f2ec973bd38","Major powers: Russia (strategic cooperation, Russia-China impact on India), China (economic relations, water disputes, String of Pearls, Mar","","","verified","Clean sweep + spot-check sample confirmed sound - bulk pass 2026-08-26"
"tag","9aaee525-cf87-4b2f-b944-289c6e04c2f1","2021","46decb7a-a9bb-4819-b8d9-0f2ec973bd38","Major powers: Russia (strategic cooperation, Russia-China impact on India), China (economic relations, water disputes, String of Pearls, Mar","","","verified","Clean sweep + spot-check sample confirmed sound - bulk pass 2026-08-26"
"tag","df4dc194-5ca5-4e4e-b7bc-e599d7074a83","2021","486d9558-b45c-4b18-bd76-313104277b4a","Welfare schemes by constitutional arrangement: women welfare (gender technology gap, women in the political system, marriageable-age debate)","","","verified","Clean sweep + spot-check sample confirmed sound - bulk pass 2026-08-26"
"tag","1399165e-c708-4cbc-98d6-37b7f7572e21","2021","4e6766bf-c471-47c3-a9f4-9a93b8fdf69d","Global moral/civic exemplars used as case anchors: Abraham Lincoln, Nelson Mandela, Martin Luther King, Aung San Suu Kyi, Dalai Lama, Mother","","","verified","Clean sweep + spot-check sample confirmed sound - bulk pass 2026-08-26"
"tag","89bd010f-787d-442d-952d-47dc3ffcf9fc","2021","529f8ea2-d455-4c0a-93e3-e7044ad48271","Case studies: whistleblowing, disclosure & confidentiality dilemmas: whistleblower/suspect pleading humanitarian delay, workplace-harassment","","spot_check","verified","Clean sweep + spot-check sample confirmed sound - bulk pass 2026-08-26"
"tag","c3196849-4f6f-4922-bc8f-46bfd3e6003b","2021","56092445-1d54-4e1f-a7c6-18e8311fefe5","Refugees and ethics: why migration occurs, the Syria case study, dilemmas of the refugee crisis, and steps needed","","","verified","Clean sweep + spot-check sample confirmed sound - bulk pass 2026-08-26"
"tag","6b7dc392-2317-4613-a4e5-acb2353e8eaa","2021","5a10e711-45ba-4b01-85f7-14fe8c8704ea","Statutory/regulatory/quasi-judicial bodies: CVC, CBI, NHRC ('toothless tiger' critique), SHRC, Central/State Information Commission, NGT, SE","","","verified","Clean sweep + spot-check sample confirmed sound - bulk pass 2026-08-26"
"tag","f8143165-1db5-4150-8b8a-d923d84d4845","2021","5a10e711-45ba-4b01-85f7-14fe8c8704ea","Statutory/regulatory/quasi-judicial bodies: CVC, CBI, NHRC ('toothless tiger' critique), SHRC, Central/State Information Commission, NGT, SE","","","verified","Clean sweep + spot-check sample confirmed sound - bulk pass 2026-08-26"
"tag","333f74aa-9e82-4ef8-821e-09bed684de01","2021","607ade39-fb4a-48ed-ae8a-59a83804666a","Mineral and energy resources: metallic/non-metallic mineral types, distribution and mining regions, ferrous/non-ferrous metal production and","","","verified","Clean sweep + spot-check sample confirmed sound - bulk pass 2026-08-26"
"tag","0e44f590-3b0c-419f-8340-fe5fbf4b2759","2021","607ade39-fb4a-48ed-ae8a-59a83804666a","Mineral and energy resources: metallic/non-metallic mineral types, distribution and mining regions, ferrous/non-ferrous metal production and","","","verified","Clean sweep + spot-check sample confirmed sound - bulk pass 2026-08-26"
"tag","c15229a2-d15d-4bae-99ff-1c39fb79b39f","2021","62304d51-cb8d-475b-b0c4-2951d56d8505","Case studies: public-service integrity & corruption dilemmas: welfare-scheme 'ghost beneficiary' fraud amid caste sensitivities, law-enforce","","","verified","Clean sweep + spot-check sample confirmed sound - bulk pass 2026-08-26"
"tag","03fb8917-9153-4d60-92e6-5ac91424a798","2021","62304d51-cb8d-475b-b0c4-2951d56d8505","Case studies: public-service integrity & corruption dilemmas: welfare-scheme 'ghost beneficiary' fraud amid caste sensitivities, law-enforce","","","verified","Clean sweep + spot-check sample confirmed sound - bulk pass 2026-08-26"
"tag","8d0ab161-aee5-46ed-bbc8-934c28c9cc08","2021","62304d51-cb8d-475b-b0c4-2951d56d8505","Case studies: public-service integrity & corruption dilemmas: welfare-scheme 'ghost beneficiary' fraud amid caste sensitivities, law-enforce","","","verified","Clean sweep + spot-check sample confirmed sound - bulk pass 2026-08-26"
"tag","761ccd56-c807-4d18-b4fd-562ba3639bf6","2021","6354dd20-e475-4180-bf00-2e9ea8dd5cfc","Planning in India: objectives, history, Five-Year-Plan analysis, and Growth vs Development distinction (national income determination, GDP/G","","","verified","Clean sweep + spot-check sample confirmed sound - bulk pass 2026-08-26"
"tag","435cc453-1c1d-4754-a01f-b53315145ab9","2021","66217089-fe4d-42b9-ae4e-ae71da2b040d","Comparative constitutionalism: Indian scheme vs USA, UK, France, and neighbouring constitutions","","spot_check","verified","Clean sweep + spot-check sample confirmed sound - bulk pass 2026-08-26"
"tag","84d56e0d-9e99-4486-a243-82ad77fefc9a","2021","6ca6382e-c307-415a-b750-3e76d7f2b32a","Council of Ministers, Attorney General of India, and Parliament: composition of Lok Sabha/Rajya Sabha, qualification/disqualification, sessi","","","verified","Clean sweep + spot-check sample confirmed sound - bulk pass 2026-08-26"
"tag","ed5edf7e-1d59-4b35-80e1-4281ab087fca","2021","6ca6382e-c307-415a-b750-3e76d7f2b32a","Council of Ministers, Attorney General of India, and Parliament: composition of Lok Sabha/Rajya Sabha, qualification/disqualification, sessi","","","verified","Clean sweep + spot-check sample confirmed sound - bulk pass 2026-08-26"
"tag","4acd7235-f60a-4183-9c23-d04e5335f4db","2021","72931a61-5f04-42c2-8713-3dd02d2530e5","Public Distribution System: objectives, functioning, limitations, revamping from universal to targeted PDS, cost-benefit analysis, buffer-st","","","verified","Clean sweep + spot-check sample confirmed sound - bulk pass 2026-08-26"
"tag","6e7a912e-f0bc-42e2-8487-5bd4b7638477","2021","7e671c9b-0ef6-4d86-98af-34912238f041","Money laundering and black money: meaning and harmful effects of money laundering, PMLA 2002 provisions as a check on organized crime/terror","","","verified","Clean sweep + spot-check sample confirmed sound - bulk pass 2026-08-26"
"tag","e996d806-8397-472f-a034-a88126910176","2021","8200f61d-5986-4b57-bb7b-38337bef8000","Physiography of India: geopolitical significance of location, geological divisions, the Peninsular Block, the Himalayas and other peninsular","","","verified","Clean sweep + spot-check sample confirmed sound - bulk pass 2026-08-26"
"tag","f34037a1-8931-41f1-a079-6c5e93e37156","2021","8d38dfff-a6cb-417e-83ff-cfd307e61cf2","Infrastructure: economic/social/environmental impact of infrastructure, transport (ports, inland waterways, roads, National Infrastructure P","","","verified","Clean sweep + spot-check sample confirmed sound - bulk pass 2026-08-26"
"tag","1b9e8984-554e-4c32-958b-9c085b2759fd","2021","96f80871-5186-4d46-84f8-bb0dca95bbc6","Role of agriculture in the Indian economy: historical background and current status, cropping systems (mono-cropping, crop rotation, sequent","","","verified","Clean sweep + spot-check sample confirmed sound - bulk pass 2026-08-26"
"tag","1e5e883b-fb34-4c0b-9ef4-277d682b4e07","2021","97ac2449-1664-4f62-aec1-7e1385f6e1d3","Tribal issue and policy consolidation: present status of tribal issues and policy responses","","","verified","Clean sweep + spot-check sample confirmed sound - bulk pass 2026-08-26"
"tag","9bdb5342-36da-4e71-833d-740e8bdedfa7","2021","97de0712-a47f-4f64-95fd-aae8066a0cd0","Himalayan geomorphology & hazards: receding Himalayan glaciers, Himalayan landslides, tectonic deformation in northern plains, Chenab Valley","","","verified","Clean sweep + spot-check sample confirmed sound - bulk pass 2026-08-26"
"tag","54a537ed-47bb-4f80-a818-ce5a54ff6aee","2021","97de0712-a47f-4f64-95fd-aae8066a0cd0","Himalayan geomorphology & hazards: receding Himalayan glaciers, Himalayan landslides, tectonic deformation in northern plains, Chenab Valley","","spot_check","verified","Clean sweep + spot-check sample confirmed sound - bulk pass 2026-08-26"
"tag","18238822-5b35-4b44-8a53-24a5bfb47a1f","2021","984aca0c-0adc-4eb8-afa5-972ed1232681","Early nationalism: pre-Congress organisations, Indian National Congress (1858-1905), early nationalists vs Swadeshi/Extremist strategic fact","","","verified","Clean sweep + spot-check sample confirmed sound - bulk pass 2026-08-26"
"tag","f9433dd7-89ce-4977-8d84-4c77703399e8","2021","9bd20b7a-c1d9-47a4-9be8-992b9d023c5b","Land reforms: colonial-era ownership patterns (Zamindari, Ryotwari, Mahalwari), objectives and progress since Independence, ceiling-legislat","","","verified","Clean sweep + spot-check sample confirmed sound - bulk pass 2026-08-26"
"tag","143deb82-f270-41fb-ac49-b44ffc3c2521","2021","a1983b76-2b14-4659-8a8b-0cc2f98c8b41","Water resources: underground/surface/inland/oceanic water resources, utilization patterns, water pollution, conservation techniques, river-i","","","verified","Clean sweep + spot-check sample confirmed sound - bulk pass 2026-08-26"
"tag","e89e4f0f-cbf1-44b7-a4eb-9c97ee0a275f","2021","a1983b76-2b14-4659-8a8b-0cc2f98c8b41","Water resources: underground/surface/inland/oceanic water resources, utilization patterns, water pollution, conservation techniques, river-i","","","verified","Clean sweep + spot-check sample confirmed sound - bulk pass 2026-08-26"
"tag","6e64e68c-c516-4584-a8b2-25f233e67c18","2021","a2c93b38-f280-4559-9e54-5a26dc6cb93c","Constitutional bodies: Election Commission, UPSC, State PSC, Finance Commission, GST Council, National Commission for SCs/STs, Special Offic","","","verified","Clean sweep + spot-check sample confirmed sound - bulk pass 2026-08-26"
"tag","8b7144d5-b705-4035-8cbc-b6ca67190caf","2021","b31c1e99-dbfd-4941-9290-7d3c41a86ee6","Ocean & climate-system dynamics: mid-oceanic ridges and biodiversity, changing El Nino/La Nina patterns, Oceanic Nino Index, climate change'","","","verified","Clean sweep + spot-check sample confirmed sound - bulk pass 2026-08-26"
"tag","6d095c11-fba6-4fdd-aabc-727017d31dff","2021","bacbe426-6d8e-404e-9fe8-ebfbf658908a","Development process and industry: growth vs development, main constraints and stakeholders, SHGs (meaning, importance, institutional structu","","","verified","Clean sweep + spot-check sample confirmed sound - bulk pass 2026-08-26"
"tag","ea9b2e83-2e19-4b4f-9332-e948f4cc87fd","2021","bb4b38f9-3dfb-4208-b972-df2bdcf4ec67","The Judiciary: integrated judicial system, Supreme Court composition/independence/jurisdiction/judicial-review/curative-petition, High Court","","","verified","Clean sweep + spot-check sample confirmed sound - bulk pass 2026-08-26"
"tag","0c9df451-e015-408d-a92f-f225adce48a9","2021","be23d986-564f-4405-80b9-4b16a990ffbc","Essential aptitude for civil servants; foundational values of civil services: neutrality, anonymity, accountability, integrity, humility, ad","","spot_check","verified","Clean sweep + spot-check sample confirmed sound - bulk pass 2026-08-26"
"tag","58268d07-1348-4c34-ae19-8ad4581aee75","2021","be23d986-564f-4405-80b9-4b16a990ffbc","Essential aptitude for civil servants; foundational values of civil services: neutrality, anonymity, accountability, integrity, humility, ad","","","verified","Clean sweep + spot-check sample confirmed sound - bulk pass 2026-08-26"
"tag","052b31a2-ce2f-4da7-aa91-c9e9ca9869fa","2021","be23d986-564f-4405-80b9-4b16a990ffbc","Essential aptitude for civil servants; foundational values of civil services: neutrality, anonymity, accountability, integrity, humility, ad","","","verified","Clean sweep + spot-check sample confirmed sound - bulk pass 2026-08-26"
"tag","cc46d12f-ec0f-47fb-a5a0-0a85480cdae7","2021","be23d986-564f-4405-80b9-4b16a990ffbc","Essential aptitude for civil servants; foundational values of civil services: neutrality, anonymity, accountability, integrity, humility, ad","","","verified","Clean sweep + spot-check sample confirmed sound - bulk pass 2026-08-26"
"tag","c310e918-a645-4677-b39d-da1c409c886d","2021","be23d986-564f-4405-80b9-4b16a990ffbc","Essential aptitude for civil servants; foundational values of civil services: neutrality, anonymity, accountability, integrity, humility, ad","","","verified","Clean sweep + spot-check sample confirmed sound - bulk pass 2026-08-26"
"tag","1ceb41f0-b65c-4d51-a957-ce49faad86af","2021","c78bf170-9afd-47db-938c-61da2f40d7f3","Demography: concept of human resources, population distribution (physical/socio-cultural/demographic factors), world/continental distributio","","","verified","Clean sweep + spot-check sample confirmed sound - bulk pass 2026-08-26"
"tag","85b63044-68de-4e9b-ab7d-5f2952a7ebcc","2021","cabfe4d1-1f6d-4164-8209-16b3d6c15e57","'Constitutional morality': concept and how it is enforced in a democratic system; social auditing as more than financial verification ??? an","","","verified","Clean sweep + spot-check sample confirmed sound - bulk pass 2026-08-26"
"tag","c1aea309-0064-4ce3-b39f-8c52327f6085","2021","cabfe4d1-1f6d-4164-8209-16b3d6c15e57","'Constitutional morality': concept and how it is enforced in a democratic system; social auditing as more than financial verification ??? an","","","verified","Clean sweep + spot-check sample confirmed sound - bulk pass 2026-08-26"
"tag","21578628-453e-4e7c-90f3-3abfd18caf43","2021","cdee37b0-c5ff-4304-abb8-a463ced823e3","Biotechnology: genetic engineering process/applications, genomics/proteomics, RNA technologies, genome sequencing, environmental application","","","verified","Clean sweep + spot-check sample confirmed sound - bulk pass 2026-08-26"
"tag","d60049ad-0b9e-4b11-ad80-a37f1c8d9c66","2021","d08a6995-9703-4913-9e85-977f3d639281","Electronics and telecommunications: computer generations and cloud computing, IT-enabled services, display technologies (LCD/LED/OLED/AMOLED","","","verified","Clean sweep + spot-check sample confirmed sound - bulk pass 2026-08-26"
"tag","139a0642-038e-4cc7-9414-c4d3f0948601","2021","d292c4db-02c2-4fe3-a392-d9ff1f83d612","India and other regions: Africa (historical connections, South-South engagement, trade/investment/security cooperation), Australia (diaspora","","spot_check","verified","Clean sweep + spot-check sample confirmed sound - bulk pass 2026-08-26"
"tag","d3077da1-ffa8-4629-b3fb-5922d3d850c2","2021","d2d853a4-e3d1-4558-af3c-16f22fb3c16e","Re-organisation and integration of states: constitutional provisions, factors behind the merger, accession of princely states, J&K/Hyderabad","","","verified","Clean sweep + spot-check sample confirmed sound - bulk pass 2026-08-26"
"tag","35e9d52e-3215-4620-b8b8-db472074d00e","2021","d58d7c5d-184f-4f33-b935-efc1f41517e2","Cyber warfare: factors aggravating cyber attacks and recent initiatives to tackle cyber warfare; structural/command changes needed for urban","","","verified","Clean sweep + spot-check sample confirmed sound - bulk pass 2026-08-26"
"tag","7997f50e-1ff9-4298-830d-a776c3f80366","2021","d594130c-6968-4204-a72c-1813a5c423a0","Climate mitigation & industrial transition: Anthropocene debate, green industrialisation, carbon farming, electric mobility, green hydrogen ","","","verified","Clean sweep + spot-check sample confirmed sound - bulk pass 2026-08-26"
"tag","79580527-3ba3-43f5-b4ac-740221a4ecb2","2021","d594130c-6968-4204-a72c-1813a5c423a0","Climate mitigation & industrial transition: Anthropocene debate, green industrialisation, carbon farming, electric mobility, green hydrogen ","","","verified","Clean sweep + spot-check sample confirmed sound - bulk pass 2026-08-26"
"tag","d2c2fd74-c2d8-4010-bba9-0cfea923a1e3","2021","d72e6038-8dad-4335-be6d-8e06c657add8","Socio-religious reform movements of the 19th century (Raja Ram Mohan Roy, Jyotirao Phule, Ishwar Chandra Vidyasagar, Ambedkar movement)","","","verified","Clean sweep + spot-check sample confirmed sound - bulk pass 2026-08-26"
"tag","8248928a-1ad7-4ddc-99a6-bd4e081c55ad","2021","da722bcf-2ab7-4f91-869e-d4658ba32b6a","Industry and industrial geography: industrial development phases, iron-and-steel/textile/engineering/chemical/agro-based/paper/cement/petrol","","","verified","Clean sweep + spot-check sample confirmed sound - bulk pass 2026-08-26"
"tag","f4f44585-24b5-4b1c-9896-36d6fcd2c19d","2021","df4beaae-e368-4121-ae6b-7f3081679cb5","Importance of EI at the workplace and in civil services; components of EI applied to conflict resolution and crisis-time administrative comm","","","verified","Clean sweep + spot-check sample confirmed sound - bulk pass 2026-08-26"
"tag","0cf0471c-16a4-4e8b-b42b-603cf1ed5946","2021","dff19fcc-e7e8-4f00-91c8-d46168152f94","Volcanism & tectonic phenomena: subaerial/fissure volcanic eruptions, supervolcanoes, volcanic island arcs, volcanic vortex rings, earthquak","","","verified","Clean sweep + spot-check sample confirmed sound - bulk pass 2026-08-26"
"tag","15d2b4b7-1e99-4932-a01e-44ff498a477e","2021","e33a0781-b54e-4c13-b139-a2d1be703304","External sector & global economy: foreign-investment decline, de-dollarisation, global debt crisis, forex reserves, US-China trade war impac","","","verified","Clean sweep + spot-check sample confirmed sound - bulk pass 2026-08-26"
"tag","721df0ee-16b8-48cd-96e2-0bb8373d7ad0","2021","e5704894-15e4-4497-aab1-946239e3550c","Terrorism threat to India: changing face of terrorism, threats faced, the broader counter-terrorism framework, and drawbacks in intelligence","","spot_check","verified","Clean sweep + spot-check sample confirmed sound - bulk pass 2026-08-26"
"tag","37faceb4-b85a-4e1b-a1f9-e58e8789bf8a","2021","e586510e-b291-4d77-8981-c9f92a1ab815","'Health for All' target vs structural health-infrastructure gaps; rising out-of-pocket health expenditure; commercialization of healthcare v","","","verified","Clean sweep + spot-check sample confirmed sound - bulk pass 2026-08-26"
"tag","3a029a2c-e486-474b-afc8-884dfcc58d8b","2021","e69efc40-8e74-4921-9228-3c22cd90b943","Inter-war years (1919-1939): the Great Depression, rise of Fascism in Italy, rise of Nazism in Germany, and the Soviet Union (USSR)","","","verified","Clean sweep + spot-check sample confirmed sound - bulk pass 2026-08-26"
"tag","f3132421-e0f3-4630-88dc-bc7655f312de","2021","ed7ace53-667c-4047-8ed7-e6b8e9d7a09b","Landforms across the world: fold/block/volcanic mountains, plateau types (dissected, volcanic) and their economic significance","","","verified","Clean sweep + spot-check sample confirmed sound - bulk pass 2026-08-26"
"tag","13e09c66-a06c-4cc3-9d6e-7e2cbe0be496","2021","f0eca3c5-d9c3-4667-b9ee-05f9b2b4333e","Digital governance & information regimes: 'concern about democracy in the digital age', internet shutdowns, fake news/hate speech, IT rules ","","","verified","Clean sweep + spot-check sample confirmed sound - bulk pass 2026-08-26"
"tag","cbd309e6-171e-4064-b7f5-6d12315b4432","2021","f2ae88fa-34ec-4090-ab2e-81ad921e95f1","Air pollution & control regimes: nitrogen pollution, radioactive discharges, acid rain impact, coal-plant SO2 control, GRAP in NCR, metal-mi","","","verified","Clean sweep + spot-check sample confirmed sound - bulk pass 2026-08-26"
"tag","2e29f884-e0dd-4258-9fe9-20db26d5c529","2021","f9a1a286-8d52-4e4a-90b9-1787bc9a221b","Case studies: crisis & resource-allocation dilemmas: drought-relief tanker capture by a 'tanker mafia', disaster resource-allocation triage ","","","verified","Clean sweep + spot-check sample confirmed sound - bulk pass 2026-08-26"
"tag","ccd6333c-4d1d-4e6f-942a-10d9d96b2cb8","2021","fd32212d-1290-49c5-a12c-e750d0345354","Technology & AI ethics (case studies): drone ethics, AI ethics (in healthcare, creativity, human rights), technological ethics (facial recog","","","verified","Clean sweep + spot-check sample confirmed sound - bulk pass 2026-08-26"
"tag","1970ac6c-b10c-452d-954f-b007c56a7969","2021","fe28f5e5-99c3-4c9d-829c-4c38a0b6ffe3","India and Asian nations: Central Asian republics (Turkmenistan, Kazakhstan, Tajikistan; China's role; International North-South Transport Co","","","verified","Clean sweep + spot-check sample confirmed sound - bulk pass 2026-08-26"
"tag","83f9cdd4-b7c8-4341-bd4a-1a3836747f4e","2021","ffcd01f2-546b-4661-a94f-c43bf6680f62","Attitude-formation model, impact of beliefs and values, group and social influences, persuasion tactics and tools","","","verified","Clean sweep + spot-check sample confirmed sound - bulk pass 2026-08-26"
"question","c3355469-900c-42c4-8eb3-63e024e220ae","2022","1","How will you explain that Medieval Indian temple sculptures represent the social life of those days? (Answer in 150 words)","","spot_check","verified","Clean sweep + spot-check sample confirmed sound - bulk pass 2026-08-26"
"question","a1bf907d-9aa5-4c3d-aa22-b0199b101d5a","2022","2","Why did the armies of the British East India Company ??? mostly comprising of Indian Soldiers ??? win consistently against the more numerous","non_ascii_suspect","flagged","needs_correction","Mojibake-corrupted punctuation (em/en-dash), confirmed 2026-08-26. Content otherwise genuine - re-type from official PDF in follow-up pass."
"question","0579b528-91c0-4f03-85a2-fb2922449c5b","2022","3","Why was there a sudden spurt in famines in colonial India since the mid-eighteenth century? Give reasons. (Answer in 150 words)","","","verified","Clean sweep + spot-check sample confirmed sound - bulk pass 2026-08-26"
"question","d6dac999-4755-481c-9f98-a5c710db03cd","2022","4","Describe the characteristics and types of primary rocks. (Answer in 150 words)","","","verified","Clean sweep + spot-check sample confirmed sound - bulk pass 2026-08-26"
"question","c98f21a7-d529-4664-80a8-e597991aece7","2022","5","Discuss the meaning of colour-coded weather warnings for cyclone prone areas given by India Meteorological Department. (Answer in 150 words)","","","verified","Clean sweep + spot-check sample confirmed sound - bulk pass 2026-08-26"
"question","a7e46e69-0be7-4336-9661-c96f7badb383","2022","6","Discuss the natural resource potentials of 'Deccan Trap'. (Answer in 150 words)","","","verified","Clean sweep + spot-check sample confirmed sound - bulk pass 2026-08-26"
"question","3f535cb6-3922-4ffa-a312-c5bd84272ffe","2022","7","Examine the potential of wind energy in India and explain the reasons for their limited spatial spread. (Answer in 150 words)","","","verified","Clean sweep + spot-check sample confirmed sound - bulk pass 2026-08-26"
"question","db561aa2-20b7-4c53-8248-233b281a9b52","2022","8","Explore and evaluate the impact of 'Work From Home' on family relationships. (Answer in 150 words)","","","verified","Clean sweep + spot-check sample confirmed sound - bulk pass 2026-08-26"
"question","203454af-c725-4038-aaaf-1d0ab9f1eb3c","2022","9","How is the growth of Tier 2 Cities related to the rise of a new middle class with an emphasis on the culture of consumption? (Answer in 150 ","","","verified","Clean sweep + spot-check sample confirmed sound - bulk pass 2026-08-26"
"question","71faeebe-9c63-43df-82ba-79b83a051482","2022","10","Given the diversities among tribal communities in India, in which specific contexts should they be considered as a single category? (Answer ","","","verified","Clean sweep + spot-check sample confirmed sound - bulk pass 2026-08-26"
"question","2f01e21c-3c6b-4069-911c-1bbf075ae16c","2022","11","The political and administrative reorganization of states and territories has been a continuous ongoing process since the mid-nineteenth cen","","","verified","Clean sweep + spot-check sample confirmed sound - bulk pass 2026-08-26"
"question","3cdfacae-c562-47d9-b94d-dc7a1c7a82cc","2022","12","Discuss the main contributions of Gupta period and Chola period to Indian heritage and culture. (Answer in 250 words)","","","verified","Clean sweep + spot-check sample confirmed sound - bulk pass 2026-08-26"
"question","55d308d5-3b06-432c-914e-e0d1f3656c85","2022","13","Discuss the significance of the lion and bull figures in Indian mythology, art and architecture. (Answer in 250 words)","","spot_check","verified","Clean sweep + spot-check sample confirmed sound - bulk pass 2026-08-26"
"question","ba7abf6e-9c03-4230-9132-997178f7033b","2022","14","What are the forces that influence ocean currents? Describe their role in fishing industry of the world. (Answer in 250 words)","","","verified","Clean sweep + spot-check sample confirmed sound - bulk pass 2026-08-26"
"question","72c67f6f-733f-497d-9e2d-1c00167e4668","2022","15","Describing the distribution of rubber producing countries, indicate the major environmental issues faced by them. (Answer in 250 words)","","","verified","Clean sweep + spot-check sample confirmed sound - bulk pass 2026-08-26"
"question","3397a970-fb25-49a8-9c7e-bee9fba1cfeb","2022","16","Mention the significance of straits and isthmus in international trade. (Answer in 250 words)","","","verified","Clean sweep + spot-check sample confirmed sound - bulk pass 2026-08-26"
"question","35e2c42f-cfcf-4760-8acd-cc3bce335672","2022","17","Troposphere is a very significant atmosphere layer that determines weather processes. How? (Answer in 250 words)","","","verified","Clean sweep + spot-check sample confirmed sound - bulk pass 2026-08-26"
"question","f779cf18-55d2-4edd-aa98-ab7bf7328a72","2022","18","Analyse the salience of 'sect' in Indian society vis-a-vis caste, region and religion. (Answer in 250 words)","","","verified","Clean sweep + spot-check sample confirmed sound - bulk pass 2026-08-26"
"question","90112e26-6455-4aa6-81ba-e35ae8577368","2022","19","Are tolerance, assimilation and pluralism the key elements in the making of an Indian form of secularism? Justify your answer. (Answer in 25","","","verified","Clean sweep + spot-check sample confirmed sound - bulk pass 2026-08-26"
"question","b487a977-3394-407d-a0f8-005dfe730d4b","2022","20","Elucidate the relationship between globalization and new technology in a world of scarce resources, with special reference to India. (Answer","","","verified","Clean sweep + spot-check sample confirmed sound - bulk pass 2026-08-26"
"question","682e60e3-1bd3-4398-8643-1eea6cb07f70","2022","21","""The most significant achievement of modern law in India is the constitutionalization of environmental problems by the Supreme Court."" Discu","","","verified","Clean sweep + spot-check sample confirmed sound - bulk pass 2026-08-26"
"question","9112d5ce-8337-40cc-b3ee-b2cd7baf9a26","2022","22","""Right of movement and residence throughout the territory of India are freely available to the Indian citizens, but these rights are not abs","","","verified","Clean sweep + spot-check sample confirmed sound - bulk pass 2026-08-26"
"question","539f6930-5fd0-4319-99c5-5407635aefe0","2022","23","To what extent, in your opinion, has the decentralisation of power in India changed the governance landscape at the grassroots?","","","verified","Clean sweep + spot-check sample confirmed sound - bulk pass 2026-08-26"
"question","b1ae0beb-8db5-464b-b52d-cd6e56ee1616","2022","24","Discuss the role of the Vice-President of India as the chairman of the Rajya Sabha.","","spot_check","verified","Clean sweep + spot-check sample confirmed sound - bulk pass 2026-08-26"
"question","1189a23c-5724-47be-95ea-4d681ee70e0d","2022","25","Discuss the role of the National Commission for Backward Classes in the wake of its transformation from a statutory body to a constitutional","","","verified","Clean sweep + spot-check sample confirmed sound - bulk pass 2026-08-26"
"question","ca3b6d07-d549-46e5-8bde-b97169ad4a11","2022","26","The Gati-Shakti Yojana needs meticulous coordination between the government and the private sector to achieve the goal of connectivity. Disc","","","verified","Clean sweep + spot-check sample confirmed sound - bulk pass 2026-08-26"
"question","24cfee6f-a18c-4f01-8ba6-ee14b4562989","2022","27","The Rights of Persons with Disabilities Act, 2016 remains only a legal document without intense sensitisation of government functionaries an","","","verified","Clean sweep + spot-check sample confirmed sound - bulk pass 2026-08-26"
"question","133fa8b2-2109-4d83-a5ca-674c16ea4268","2022","28","Reforming the government delivery system through the Direct Benefit Transfer Scheme is a progressive step, but it has its limitations too. C","","","verified","Clean sweep + spot-check sample confirmed sound - bulk pass 2026-08-26"
"question","8bad3308-4daa-472b-9e04-b5b34d5debac","2022","29","'India is an age-old friend of Sri Lanka.' Discuss India's role in the recent crisis in Sri Lanka in the light of the preceding statement.","","","verified","Clean sweep + spot-check sample confirmed sound - bulk pass 2026-08-26"
"question","5c8bdc8a-fd6a-47d4-a5bc-fd45cfe8ab8a","2022","30","Do you think that BIMSTEC is a parallel organisation like the SAARC? What are the similarities and dissimilarities between the two? How are ","","","verified","Clean sweep + spot-check sample confirmed sound - bulk pass 2026-08-26"
"question","f1ef05f5-3ab5-4d1b-bea2-b4b6f7bd8ce0","2022","31","Discuss the procedures to decide the disputes arising out of the election of a Member of the Parliament or State Legislature under The Repre","","","verified","Clean sweep + spot-check sample confirmed sound - bulk pass 2026-08-26"
"question","afcefc38-9c01-4f8b-9e6b-dacd87b74a54","2022","32","Discuss the essential conditions for exercise of the legislative powers by the Governor. Discuss the legality of re-promulgation of ordinanc","","","verified","Clean sweep + spot-check sample confirmed sound - bulk pass 2026-08-26"
"question","a116f0ba-c8e3-4543-b8dc-5e0a7c19e554","2022","33","""While the national political parties in India favour centralisation, the regional parties are in favour of State autonomy."" Comment.","","","verified","Clean sweep + spot-check sample confirmed sound - bulk pass 2026-08-26"
"question","c6b39903-e773-48a3-a6bf-61ced72e48c9","2022","34","Critically examine the procedures through which the Presidents of India and France are elected.","","spot_check","verified","Clean sweep + spot-check sample confirmed sound - bulk pass 2026-08-26"
"question","febadfc1-b15b-4a04-b753-0d124d6b886f","2022","35","Discuss the role of the Election Commission of India in the light of the evolution of the Model Code of Conduct.","","","verified","Clean sweep + spot-check sample confirmed sound - bulk pass 2026-08-26"
"question","b4cac465-5dd9-4b6e-a6cf-7dd1678ba13a","2022","36","Besides the welfare schemes, India needs deft management of inflation and unemployment to serve the poor and the underprivileged sections of","","","verified","Clean sweep + spot-check sample confirmed sound - bulk pass 2026-08-26"
"question","d75187f0-dd50-4fbe-953d-a13fb8a54fc4","2022","37","Do you agree with the view that increasing dependence on donor agencies for development reduces the importance of community participation in","","","verified","Clean sweep + spot-check sample confirmed sound - bulk pass 2026-08-26"
"question","4dae173c-d982-4076-b466-29958444687d","2022","38","The Right of Children to Free and Compulsory Education Act, 2009 remains inadequate in promoting incentive-based system for children's educa","","","verified","Clean sweep + spot-check sample confirmed sound - bulk pass 2026-08-26"
"question","6614928d-46ad-4b90-ba48-2f6a09bbde5d","2022","39","How will I2U2 (India, Israel, UAE and USA) grouping transform India's position in global politics?","","","verified","Clean sweep + spot-check sample confirmed sound - bulk pass 2026-08-26"
"question","191d8ed2-488a-4995-8698-a708e8b6a920","2022","40","'Clean energy is the order of the day.' Describe briefly India's changing policy towards climate change in various international fora in the","","","verified","Clean sweep + spot-check sample confirmed sound - bulk pass 2026-08-26"
"question","88b29914-a8f7-45da-b383-5e4171708841","2022","41","Why is Public Private Partnership (PPP) required in infrastructural projects? Examine the role of PPP model in the redevelopment of Railway ","","","verified","Clean sweep + spot-check sample confirmed sound - bulk pass 2026-08-26"
"question","99a51111-f89d-4fef-8512-9175f3a83e10","2022","42","Is inclusive growth possible under market economy? State the significance of financial inclusion in achieving economic growth in India.","","","verified","Clean sweep + spot-check sample confirmed sound - bulk pass 2026-08-26"
"question","1a7bd3ac-76be-4341-9037-7f841abcfa54","2022","43","What are the major challenges of Public Distribution System (PDS) in India? How can it be made effective and transparent?","","","verified","Clean sweep + spot-check sample confirmed sound - bulk pass 2026-08-26"
"question","0af94972-ed6e-4973-b0c6-90b47453ecc6","2022","44","Elaborate the scope and significance of the food processing industry in India.","","","verified","Clean sweep + spot-check sample confirmed sound - bulk pass 2026-08-26"
"question","b3a4299d-7dd4-408d-9d80-a8f90a443c30","2022","45","The increase in life expectancy in the country has led to newer health challenges in the community. What are those challenges and what steps","","spot_check","verified","Clean sweep + spot-check sample confirmed sound - bulk pass 2026-08-26"
"question","029e3d79-ffef-4e16-a27e-0fc9ddcee05f","2022","46","Each year a large amount of plant material, cellulose, is deposited on the surface of Planet Earth. What are the natural processes this cell","","","verified","Clean sweep + spot-check sample confirmed sound - bulk pass 2026-08-26"
"question","0aadb46a-8b2e-4248-b16a-f0d86baedaff","2022","47","Discuss in detail the photochemical smog emphasizing its formation, effects and mitigation. Explain the 1999 Gothenburg Protocol.","","","verified","Clean sweep + spot-check sample confirmed sound - bulk pass 2026-08-26"
"question","12b52c2b-a86b-4a19-8210-68f2d0b33c5a","2022","48","Explain the mechanism and occurrence of cloudburst in the context of the Indian subcontinent. Discuss two recent examples.","","","verified","Clean sweep + spot-check sample confirmed sound - bulk pass 2026-08-26"
"question","33daf006-30fa-47ce-9c27-18f907fd5fc8","2022","49","Discuss the types of organised crimes. Describe the linkages between terrorists and organised crime that exist at the national and transnati","","","verified","Clean sweep + spot-check sample confirmed sound - bulk pass 2026-08-26"
"question","f930ccaa-a4ae-470a-8d9a-981c3bc61e4d","2022","50","What are the maritime security challenges in India? Discuss the organisational, technical and procedural initiatives taken to improve the ma","","","verified","Clean sweep + spot-check sample confirmed sound - bulk pass 2026-08-26"
"question","ac38a7f8-ce7d-4308-a476-0eb24c404a58","2022","51","""Economic growth in the recent past has been led by increase in labour productivity."" Explain this statement. Suggest the growth pattern tha","","","verified","Clean sweep + spot-check sample confirmed sound - bulk pass 2026-08-26"
"question","20026be5-07d8-4bd3-94b7-44aa502d3f62","2022","52","Do you think India will meet 50 percent of its energy needs from renewable energy by 2030? Justify your answer. How will the shift of subsid","","","verified","Clean sweep + spot-check sample confirmed sound - bulk pass 2026-08-26"
"question","e52f17ef-631f-4d2e-9cc7-2da063d69461","2022","53","What are the main bottlenecks in upstream and downstream process of marketing of agricultural products in India?","","","verified","Clean sweep + spot-check sample confirmed sound - bulk pass 2026-08-26"
"question","e323d7b5-ba92-4a09-9618-dac020488424","2022","54","What is Integrated Farming System? How is it helpful to small and marginal farmers in India?","","","verified","Clean sweep + spot-check sample confirmed sound - bulk pass 2026-08-26"
"question","d9104503-53f1-4f76-bbae-1364bc4b8314","2022","55","Launched on 25th December, 2021, James Webb Space Telescope has been much in the news since then. What are its unique features which make it","","","verified","Clean sweep + spot-check sample confirmed sound - bulk pass 2026-08-26"
"question","97edd562-a65f-4e72-99a1-31b81cf420cf","2022","56","What is the basic principle behind vaccine development? How do vaccines work? What approaches were adopted by the Indian vaccine manufacture","","spot_check","verified","Clean sweep + spot-check sample confirmed sound - bulk pass 2026-08-26"
"question","974e4a92-be08-45fa-8dc8-0a01541ad80e","2022","57","Discuss global warming and mention its effects on the global climate. Explain the control measures to bring down the level of greenhouse gas","","","verified","Clean sweep + spot-check sample confirmed sound - bulk pass 2026-08-26"
"question","9d015ff9-c1b9-4d9c-b0c3-c8ad25fa70d4","2022","58","Explain the causes and effects of coastal erosion in India. What are the available coastal management techniques for combating the hazard?","","","verified","Clean sweep + spot-check sample confirmed sound - bulk pass 2026-08-26"
"question","e3148d40-fc34-4d74-bdab-5968dbae0813","2022","59","What are the different elements of cyber security? Keeping in view the challenges in cyber security, examine the extent to which India has s","","","verified","Clean sweep + spot-check sample confirmed sound - bulk pass 2026-08-26"
"question","0919b96e-5cc5-4dd1-8d80-f833817fd7fd","2022","60","Naxalism is a social, economic and developmental issue manifesting as a violent internal security threat. In this context, discuss the emerg","","","verified","Clean sweep + spot-check sample confirmed sound - bulk pass 2026-08-26"
"question","3272e132-334e-4b6c-a378-664f56eea923","2022","61","Wisdom lies in knowing what to reckon with and what to overlook. An officer being engrossed with the periphery, ignoring the core issues bef","","","verified","Clean sweep + spot-check sample confirmed sound - bulk pass 2026-08-26"
"question","c7fab65f-156f-4f28-8e20-e55d1291c9c0","2022","62","Apart from intellectual competency and moral qualities, empathy and compassion are some of the other vital attributes that facilitate the ci","","","verified","Clean sweep + spot-check sample confirmed sound - bulk pass 2026-08-26"
"question","15b919a6-c70f-4338-98c8-671d10c8c740","2022","63","The Rules and Regulations provided to all the civil servants are same, yet there is difference in the performance. Positive minded officers ","","","verified","Clean sweep + spot-check sample confirmed sound - bulk pass 2026-08-26"
"question","fc318faa-0b88-4c32-93c2-84ef087ca1e3","2022","64","It is believed that adherence to ethics in human actions would ensure smooth functioning of an organization/system. If so, what does ethics ","","","verified","Clean sweep + spot-check sample confirmed sound - bulk pass 2026-08-26"
"question","a5b30a29-d75b-49e5-b0d4-5e682b1c4b95","2022","65","""Ethics is knowing the difference between what you have the right to do and what is right to do."" - Potter Stewart.","","","verified","Clean sweep + spot-check sample confirmed sound - bulk pass 2026-08-26"
"question","7151db10-caab-40f2-b7f8-ae6245ee5026","2022","66","""If a country is to be corruption free and become a nation of beautiful minds, I strongly feel there are three key societal members who can ","","spot_check","verified","Clean sweep + spot-check sample confirmed sound - bulk pass 2026-08-26"
"question","87435308-3330-40ca-bd82-1b44362ade6b","2022","67","""Judge your success by what you had to give up in order to get it."" - Dalai Lama.","","","verified","Clean sweep + spot-check sample confirmed sound - bulk pass 2026-08-26"
"question","4ea2bfe3-bcee-43ed-b0bd-d11f16494e0e","2022","68","What do you understand by the term 'good governance'? How far have recent initiatives in terms of e-Governance steps taken by the State help","","","verified","Clean sweep + spot-check sample confirmed sound - bulk pass 2026-08-26"
"question","a545c35a-fb13-408f-a39e-3e1dff04427f","2022","69","Online methodology is being used for day-to-day meetings, institutional approvals in the administration and for teaching and learning in the","","","verified","Clean sweep + spot-check sample confirmed sound - bulk pass 2026-08-26"
"question","7b9b2951-c6b5-4ade-aeaa-abb34b47d754","2022","70","Russia and Ukraine war has been going on for the last seven months. Different countries have taken independent stands and actions keeping in","","","verified","Clean sweep + spot-check sample confirmed sound - bulk pass 2026-08-26"
"question","c77a71d7-a987-4a2b-9c53-0bed4803ae2b","2022","71","Write short notes on the following in 30 words each: (i) Constitutional morality (ii) Conflict of interest (iii) Probity in public life (iv)","","","verified","Clean sweep + spot-check sample confirmed sound - bulk pass 2026-08-26"
"question","965f3c8a-be9d-45bf-9951-f581be9dc064","2022","72","Whistle blower, who reports corruption and illegal activities, wrongdoing and misconduct to the concerned authorities, runs the risk of bein","","","verified","Clean sweep + spot-check sample confirmed sound - bulk pass 2026-08-26"
"question","dda6270e-363f-4221-acb7-6660ce6d5c80","2022","73","In the contemporary world, corporate sector's contribution in generating wealth and employment is increasing. In doing so, they are bringing","","","verified","Clean sweep + spot-check sample confirmed sound - bulk pass 2026-08-26"
"question","386423de-0c90-4eea-81cf-0466f047029a","2022","74","Prabhat was working as Vice President (Marketing) at Sterling Electric Ltd., a reputed multinational company. But presently the company was ","","","verified","Clean sweep + spot-check sample confirmed sound - bulk pass 2026-08-26"
"question","1ee7bdd7-6d22-44cb-9389-1e7bd5b71a4d","2022","75","Ramesh is a State Civil Services Officer who got the opportunity of getting posted to the capital of a border State after rendering 20 years","","","verified","Clean sweep + spot-check sample confirmed sound - bulk pass 2026-08-26"
"question","9eb9a1dc-2771-4dfd-b094-198d598621fa","2022","76","The Supreme Court has banned mining in the Aravalli Hills to stop degradation of the forest cover and to maintain ecological balance. Howeve","","","verified","Clean sweep + spot-check sample confirmed sound - bulk pass 2026-08-26"
"question","7b244470-8416-43aa-8568-dcd47ef0cd64","2022","77","You have done an MBA from a reputed institution three years back but could not get campus placement due to COVID-19 generated recession. How","","spot_check","verified","Clean sweep + spot-check sample confirmed sound - bulk pass 2026-08-26"
"question","904519bd-e3b1-4d57-b7ad-1dc5ef3dc88b","2022","78","Rakesh was working as a Joint Commissioner in the Transport department of a city. As part of his job profile, among others, he was entrusted","","","verified","Clean sweep + spot-check sample confirmed sound - bulk pass 2026-08-26"
"question","47c46886-9f3b-48e6-88fe-efb7f8c0059a","2022","79","You are appointed as an officer heading the section in the Environment Pollution Control Board to ensure compliance and its follow-up. In th","","","verified","Clean sweep + spot-check sample confirmed sound - bulk pass 2026-08-26"
"question","f143cdc4-fa58-4804-9c63-aa9d8bb475a9","2022","80","Forests are the best case studies for economic excellence","","","verified","Clean sweep + spot-check sample confirmed sound - bulk pass 2026-08-26"
"question","158af70b-03ce-43b8-af72-f644749dc9d5","2022","81","Poets are the unacknowledged legislators of the world","","","verified","Clean sweep + spot-check sample confirmed sound - bulk pass 2026-08-26"
"question","f66be184-85dc-4784-b5ae-1f0f5be5e360","2022","82","History is a series of victories won by the scientific man over the romantic man","","","verified","Clean sweep + spot-check sample confirmed sound - bulk pass 2026-08-26"
"question","c0237a15-f31a-423e-91f3-4499e6ca1966","2022","83","A ship in harbour is safe, but that is not what ship is for","","","verified","Clean sweep + spot-check sample confirmed sound - bulk pass 2026-08-26"
"question","d8910a1f-d31a-4b06-8584-bb0e207ae09d","2022","84","The time to repair the roof is when the sun is shining","","","verified","Clean sweep + spot-check sample confirmed sound - bulk pass 2026-08-26"
"question","da460d57-c550-4fa2-972b-aff31ed195d9","2022","85","You cannot step twice in the same river","","","verified","Clean sweep + spot-check sample confirmed sound - bulk pass 2026-08-26"
"question","0e60c2d2-d91f-41f4-b226-600215ccf9c7","2022","86","A smile is the chosen vehicle for all ambiguities","","","verified","Clean sweep + spot-check sample confirmed sound - bulk pass 2026-08-26"
"question","d32e29e2-71f0-49dc-998f-d5a5c90d3842","2022","87","Just because you have a choice, it does not mean that any of them has to be right","","","verified","Clean sweep + spot-check sample confirmed sound - bulk pass 2026-08-26"
"tag","4a42c9ea-3a50-4490-8683-690472986023","2022","049901d3-a4a5-41ea-a138-c0eec3f3d0c3","Case studies: public-safety & procurement dilemmas under pressure: infrastructure-safety cover-up under election-timeline pressure, defence-","","spot_check","verified","Clean sweep + spot-check sample confirmed sound - bulk pass 2026-08-26"
"tag","d3db366f-4c3d-4045-830a-6aecbf6090d2","2022","049901d3-a4a5-41ea-a138-c0eec3f3d0c3","Case studies: public-safety & procurement dilemmas under pressure: infrastructure-safety cover-up under election-timeline pressure, defence-","","","verified","Clean sweep + spot-check sample confirmed sound - bulk pass 2026-08-26"
"tag","9f20e645-ce28-410b-a25d-af281ad175c3","2022","0a1d6c4c-e422-43ac-bf11-26bd980cf5de","Ethics of war: war theories and the evils of war","","","verified","Clean sweep + spot-check sample confirmed sound - bulk pass 2026-08-26"
"tag","2f24d043-4ec3-4e0a-a918-a799a1b309bb","2022","0d381e5b-0f91-43a4-9cca-890a9d42de16","Fundamental Rights: significance, definition of 'State', equality/freedom/exploitation/religion/cultural-educational/constitutional-remedies","","","verified","Clean sweep + spot-check sample confirmed sound - bulk pass 2026-08-26"
"tag","b8301643-cf3a-40a5-b78a-67df9cf42046","2022","0f1d400b-0f67-4fa2-9333-783c47c7db32","Ethical concerns/dilemmas in public and private institutions; laws/rules/regulations vs conscience as sources of ethical guidance; accountab","","","verified","Clean sweep + spot-check sample confirmed sound - bulk pass 2026-08-26"
"tag","1d5ef56e-0f72-4478-bc4d-d18e89d10e7f","2022","121c1c3d-9916-47df-ada5-d850ea820c68","Mauryan art and architecture (Ashokan pillars, polishing techniques, and rock-cut caves)","","","verified","Clean sweep + spot-check sample confirmed sound - bulk pass 2026-08-26"
"tag","3ebab56f-5738-4349-9c12-e4987ce8c6a7","2022","193d656c-b542-4f7d-a950-96bd80b389be","NGOs: definition and distinction from INGOs, UN criteria, role in development projects/community development/relief-rehabilitation/disaster ","","","verified","Clean sweep + spot-check sample confirmed sound - bulk pass 2026-08-26"
"tag","6ed7fd75-436e-443f-8868-f86e30883ed3","2022","1eb641d0-a6b8-42e8-9f46-1a3505cbcb04","Conscience vs conformity: whistleblowing dilemmas within rule-bound bureaucratic hierarchies (including the Edward Snowden case ??? legality","","","verified","Clean sweep + spot-check sample confirmed sound - bulk pass 2026-08-26"
"tag","30f7d1b3-b4fc-46d8-8166-ea8d21e08a32","2022","1f074352-90a9-460f-9ec8-dcf193c6198b","Effects of globalization on Indian society: kinds of impact (economic, political, developmental, socio-cultural) and whether the impact is s","","","verified","Clean sweep + spot-check sample confirmed sound - bulk pass 2026-08-26"
"tag","8a9ea785-8c15-4b89-8e64-cb6582820dcd","2022","21b8574b-4143-4333-9d38-d916fd1035a2","The Governor, Chief Minister, Advocate-General, and State Legislature: appointment, discretionary/ordinance/pardoning powers, composition of","","","verified","Clean sweep + spot-check sample confirmed sound - bulk pass 2026-08-26"
"tag","9f86640b-0a0a-4bee-be15-0192d8df06cd","2022","2a7ac40c-4ad1-4abc-9496-79984ee6ddf1","Volcanism: shield/composite/caldera/flood-basalt/mid-ocean-ridge types, lava types, intrusive landforms (batholiths, laccoliths, lapoliths, ","","spot_check","verified","Clean sweep + spot-check sample confirmed sound - bulk pass 2026-08-26"
"tag","b9526fae-c23b-4052-a9e4-8e037d41ca92","2022","2ad0a29e-043e-4c11-b5e2-6ea63cd67426","The President: importance, qualification, election procedure, powers (executive/legislative/emergency/financial/judicial), ordinance-making ","","","verified","Clean sweep + spot-check sample confirmed sound - bulk pass 2026-08-26"
"tag","696da33a-75e0-4746-bd95-a64d0440ee1c","2022","31af056f-6b68-465a-a7d4-457779f961fb","Important aspects of governance, transparency and accountability: citizen-centric governance, legislative/administrative/judicial accountabi","","","verified","Clean sweep + spot-check sample confirmed sound - bulk pass 2026-08-26"
"tag","122f63cb-3461-480b-ae37-cdcb7a68008b","2022","35fbd86b-e1cf-4c28-b0d9-ac22e4a5a7dc","Climatology: atmospheric composition and structure (exosphere to troposphere), insolation and heat balance, temperature distribution and inv","","","verified","Clean sweep + spot-check sample confirmed sound - bulk pass 2026-08-26"
"tag","7d1a0cdc-2210-4e7e-af23-e6701799b5e4","2022","3e04d631-ba39-4ae4-967b-288ed3a8ddb2","Basics of cyber security: types of cyber crimes, impact and required steps, ransomware incidents, India's cyber-security infrastructure, and","","","verified","Clean sweep + spot-check sample confirmed sound - bulk pass 2026-08-26"
"tag","a0f89c92-a260-4b59-81de-f221901a4abb","2022","40521038-bf2f-4cc8-93b5-6c94e4bd3999","Geology: minerals, major crustal elements, physical characteristics of minerals, rocks (igneous/sedimentary/metamorphic), rock cycle, and ro","","","verified","Clean sweep + spot-check sample confirmed sound - bulk pass 2026-08-26"
"tag","dfe5047a-4b7b-4068-ac9a-d522378624be","2022","40dbd68f-420d-4f75-85cc-fa5107f64783","Empathy and compassion as values distinguishing a pro-poor administrator from a status-quoist one; consequences of political alignment by bu","","","verified","Clean sweep + spot-check sample confirmed sound - bulk pass 2026-08-26"
"tag","5431fea6-016b-4f29-95ad-34b2c3f81175","2022","41ad5c1f-7129-4d6e-b241-5c67f84cfb99","Frequently cited quotation-anchors for ethics answer-writing: Gandhi's 'Seven Sins' and 'the weak can never forgive'; Socrates' 'an unexamin","","","verified","Clean sweep + spot-check sample confirmed sound - bulk pass 2026-08-26"
"tag","2d01431a-53bf-42c2-990b-288e0a53a1ea","2022","445b315b-6161-494f-a586-7499b580f1ef","Tropical cyclones: formation conditions, convective cyclogenesis, path, damage, Arabian Sea cyclones, naming conventions, and early-warning ","","","verified","Clean sweep + spot-check sample confirmed sound - bulk pass 2026-08-26"
"tag","db03f041-f734-41c4-afef-bb1b7fd9cabd","2022","45968189-9bef-40d6-80b7-2d2d64653b01","Linguistic reorganization of states and the Commissions (Dhar, JVP, Fazl Ali) ??? and whether it strengthened or weakened Indian unity; ling","","","verified","Clean sweep + spot-check sample confirmed sound - bulk pass 2026-08-26"
"tag","76463a44-26b9-4101-b685-a934909e2f75","2022","46decb7a-a9bb-4819-b8d9-0f2ec973bd38","Major powers: Russia (strategic cooperation, Russia-China impact on India), China (economic relations, water disputes, String of Pearls, Mar","","spot_check","verified","Clean sweep + spot-check sample confirmed sound - bulk pass 2026-08-26"
"tag","a2c7e3d7-0acd-4a45-ab7d-1eef0dd794a9","2022","46decb7a-a9bb-4819-b8d9-0f2ec973bd38","Major powers: Russia (strategic cooperation, Russia-China impact on India), China (economic relations, water disputes, String of Pearls, Mar","","","verified","Clean sweep + spot-check sample confirmed sound - bulk pass 2026-08-26"
"tag","f372cb62-3c9e-4900-ba1d-74aa3c6afb57","2022","46e69d27-cd73-4302-ab40-a6be2ec9d86c","Inclusive growth: meaning and concept of inclusion, India's inclusion experience, social-sector initiatives, ground reality of flagship sche","","","verified","Clean sweep + spot-check sample confirmed sound - bulk pass 2026-08-26"
"tag","f1a5317d-0914-4a1a-83a3-9a25c49d6e99","2022","4ae26f49-1b68-4366-b3a3-becbe93c9abb","Case studies: development vs displacement/environment trade-offs: environmental clearance vs displacement/pollution trade-offs, court-ordere","","","verified","Clean sweep + spot-check sample confirmed sound - bulk pass 2026-08-26"
"tag","ae2233d5-9a6b-43e6-a979-de61dcabf174","2022","4e6766bf-c471-47c3-a9f4-9a93b8fdf69d","Global moral/civic exemplars used as case anchors: Abraham Lincoln, Nelson Mandela, Martin Luther King, Aung San Suu Kyi, Dalai Lama, Mother","","","verified","Clean sweep + spot-check sample confirmed sound - bulk pass 2026-08-26"
"tag","8c76b10f-6e89-4ee3-a209-99194d64660c","2022","4e6766bf-c471-47c3-a9f4-9a93b8fdf69d","Global moral/civic exemplars used as case anchors: Abraham Lincoln, Nelson Mandela, Martin Luther King, Aung San Suu Kyi, Dalai Lama, Mother","","","verified","Clean sweep + spot-check sample confirmed sound - bulk pass 2026-08-26"
"tag","1863ec4a-f466-42c7-8a69-864541283ac6","2022","5132ae93-41e4-4337-a495-29cc6f00fccc","Attitude-behaviour gap in civil-servant decision-making under political pressure; persuasion techniques in public communication and citizen ","","","verified","Clean sweep + spot-check sample confirmed sound - bulk pass 2026-08-26"
"tag","0e2bd140-17c2-42c5-a914-8694df7b5b3e","2022","529f8ea2-d455-4c0a-93e3-e7044ad48271","Case studies: whistleblowing, disclosure & confidentiality dilemmas: whistleblower/suspect pleading humanitarian delay, workplace-harassment","","","verified","Clean sweep + spot-check sample confirmed sound - bulk pass 2026-08-26"
"tag","96e38a32-4136-406e-97b9-88430782676d","2022","55b8a5a7-5842-4572-a518-ab91a3841a16","Poverty, hunger and health governance: evaluation of schemes (MGNREGA, PM-POSHAN, Ayushman Bharat) and policies (NHP, NEP) against poverty/h","","","verified","Clean sweep + spot-check sample confirmed sound - bulk pass 2026-08-26"
"tag","3ec7bf5f-7443-4a59-b256-0370ab844874","2022","5638f39b-4422-473c-9e9a-29f653fb7609","Imperial Guptas: political history, Fa-hien's account, administration, development of art and culture, urban centres, and societal change; t","","","verified","Clean sweep + spot-check sample confirmed sound - bulk pass 2026-08-26"
"tag","91853479-179c-42c1-af50-814b7d9a1577","2022","591d0f76-0890-43fe-8595-05fba92819c7","Secularism: meaning, the Indian constitutional vantage point, comparison with the Western model, Gandhian view on religion, and threats to t","","spot_check","verified","Clean sweep + spot-check sample confirmed sound - bulk pass 2026-08-26"
"tag","e4ec10e1-78fd-4cd0-8f53-fdec6908e144","2022","5988fe67-d79a-4c02-8588-232fbf3619b9","Maritime & space security: anti-maritime-piracy law, maritime-security developments in the IOR, drone attacks on merchant vessels, Gaganyaan","","","verified","Clean sweep + spot-check sample confirmed sound - bulk pass 2026-08-26"
"tag","d46c3744-933e-4819-b342-c4d38aa4756a","2022","5ccc7889-2702-4896-abba-c8d8593b4741","Fundamental Rights vs DPSPs: structural tension resolved via landmark pronouncements; scope expansion via the Right to Privacy judgment","","","verified","Clean sweep + spot-check sample confirmed sound - bulk pass 2026-08-26"
"tag","12831d10-c851-424f-94df-e6c2ff32cf70","2022","5edc03f7-4c97-489f-84e6-1addba136647","The National Commission for SCs (constitutional-reservation enforcement including in religious-minority institutions); Rights of Persons wit","","","verified","Clean sweep + spot-check sample confirmed sound - bulk pass 2026-08-26"
"tag","33b00cea-e76e-43d2-b940-05c87ed9cb8b","2022","5f764b03-ef7f-40e1-9b42-26bc3ef4b01f","Space missions & policy: PRATUSH lunar telescope, NISAR mission, Aditya-L1, Chandrayaan-3, Indian Space Policy 2023, SSLV-D2, Artemis missio","","","verified","Clean sweep + spot-check sample confirmed sound - bulk pass 2026-08-26"
"tag","833954cb-9943-4c0f-ae50-714d8499b2bd","2022","5fbcda9e-616e-411b-b50c-dd6fc29160c7","East India Company's administrative expansions (Regulating Act 1773; Ring Fence policy as precursor to Subsidiary Alliance; Doctrine of Laps","","","verified","Clean sweep + spot-check sample confirmed sound - bulk pass 2026-08-26"
"tag","bbe934e6-4396-429f-ac1b-384fb381c910","2022","607ade39-fb4a-48ed-ae8a-59a83804666a","Mineral and energy resources: metallic/non-metallic mineral types, distribution and mining regions, ferrous/non-ferrous metal production and","","","verified","Clean sweep + spot-check sample confirmed sound - bulk pass 2026-08-26"
"tag","3fa62d9b-af6b-4462-b955-595f44441b50","2022","60dbf376-d7e5-4833-92de-a0bb8f24568d","Essence, determinants and consequences of ethics in human actions; approaches to ethical study (Indian vs Western perspectives); basic conce","","","verified","Clean sweep + spot-check sample confirmed sound - bulk pass 2026-08-26"
"tag","60defd38-6826-484a-80bd-da7b35653222","2022","61f632ee-31af-4e38-99fb-d1040785acd5","Linkage between development and extremism: Left-Wing Extremism's stated purpose, its resonance with common people, Covid-19's effect on Naxa","","","verified","Clean sweep + spot-check sample confirmed sound - bulk pass 2026-08-26"
"tag","880fd125-1fee-4271-94d3-3bfb4f0b81c9","2022","6a6a5724-f2a2-47f3-8acd-6bc4fdac23d5","Foundational science: chemistry basics (atomic structure, bonding, metallurgy, acids/bases, electro-chemistry, polymers, pharmaceuticals, bi","","","verified","Clean sweep + spot-check sample confirmed sound - bulk pass 2026-08-26"
"tag","299d283a-f8aa-40c9-9f5a-3a4c205a243d","2022","7036549d-c1aa-4248-84c6-45ae201bba10","India and neighbours: Nepal (water/hydropower cooperation, contentions, recommendations), Bhutan (economic overview, China issues), Afghanis","","spot_check","verified","Clean sweep + spot-check sample confirmed sound - bulk pass 2026-08-26"
"tag","fb3f44b3-4801-44a1-9825-ba7d7678348d","2022","7144a5ba-9350-439f-9f89-f6e0c5418d3b","Agriculture marketing: process and structure in India, importance, government measures (APMC Act analysis, e-NAM)","","","verified","Clean sweep + spot-check sample confirmed sound - bulk pass 2026-08-26"
"tag","ff273637-fa1d-44a0-9fa3-80fb8b631315","2022","72931a61-5f04-42c2-8713-3dd02d2530e5","Public Distribution System: objectives, functioning, limitations, revamping from universal to targeted PDS, cost-benefit analysis, buffer-st","","","verified","Clean sweep + spot-check sample confirmed sound - bulk pass 2026-08-26"
"tag","0b202502-85f5-40b9-b5bc-7aa9f2cc564b","2022","76558b71-03c7-4831-a443-e8cc4629059e","Marine & coastal ecosystem degradation: mangrove-ecosystem IUCN reports, Great Barrier Reef coral bleaching, Arctic Ocean marine heatwaves, ","","","verified","Clean sweep + spot-check sample confirmed sound - bulk pass 2026-08-26"
"tag","734ac3f7-b9d2-422a-8386-f0e42ee63ac8","2022","7b31789a-f9ea-4044-bb4e-d8bed7defa2f","Political dynamics: provisions on political parties, rise of regional parties, electoral reforms, importance of NRI votes, and the Tenth Sch","","","verified","Clean sweep + spot-check sample confirmed sound - bulk pass 2026-08-26"
"tag","9db223fb-dbdf-4373-9e11-8eb4d7a7029e","2022","8429938b-9911-4a70-b5ad-49e0eb336017","Oceanography: hydrological cycle, ocean floor relief (continental shelf/slope, deep sea plain, trenches, mid-oceanic ridges, seamounts, subm","","","verified","Clean sweep + spot-check sample confirmed sound - bulk pass 2026-08-26"
"tag","f9df7f7c-f026-4610-b5e5-0bd6e97d7177","2022","892e96d5-0de0-4f4f-ab26-bea3328a84c0","Vice-President and Prime Minister: office, functions, appointment, and role vis-a-vis Council of Ministers/President/Lok Sabha/political par","","","verified","Clean sweep + spot-check sample confirmed sound - bulk pass 2026-08-26"
"tag","94701ead-45cc-4b77-ad6c-7711fc547176","2022","89e5bc0f-be21-4bfc-a50e-9b96b4e3960e","Structural growth debates: savings rate/investment pattern/capital-output ratio as growth levers, manufacturing's limited capacity to absorb","","","verified","Clean sweep + spot-check sample confirmed sound - bulk pass 2026-08-26"
"tag","fe4323a3-ea0f-42b4-998b-d2b05d405ea6","2022","8d38dfff-a6cb-417e-83ff-cfd307e61cf2","Infrastructure: economic/social/environmental impact of infrastructure, transport (ports, inland waterways, roads, National Infrastructure P","","","verified","Clean sweep + spot-check sample confirmed sound - bulk pass 2026-08-26"
"tag","0d610cc7-7032-4817-aab1-1963d8df94df","2022","908b958d-0ffc-410c-aa31-0ca2f623ed88","Food processing and related industries: scope and significance, location, upstream/downstream requirements, supply-chain management, Mega Fo","","spot_check","verified","Clean sweep + spot-check sample confirmed sound - bulk pass 2026-08-26"
"tag","0b54f380-c5e7-452e-8b80-1468c9f0179e","2022","93668a0a-8cd5-4046-aaad-d8d9d8076c08","Migration and settlements: push/pull factors, internal vs world migration, functional classification of cities, boundaries vs frontiers, rur","","","verified","Clean sweep + spot-check sample confirmed sound - bulk pass 2026-08-26"
"tag","57bd6c37-ea0c-4f85-9384-cdcce5e09197","2022","96f80871-5186-4d46-84f8-bb0dca95bbc6","Role of agriculture in the Indian economy: historical background and current status, cropping systems (mono-cropping, crop rotation, sequent","","","verified","Clean sweep + spot-check sample confirmed sound - bulk pass 2026-08-26"
"tag","32234cb2-68f7-42bd-bfc6-f38e112dd733","2022","9cc67a5d-b228-4658-83cc-9ebf547fcf53","Family, marriage, and kinship structural shifts in transitional Indian society; validity of Hindu marriages, live-in relationships, raising ","","","verified","Clean sweep + spot-check sample confirmed sound - bulk pass 2026-08-26"
"tag","82e7bf29-4c0a-499b-9da9-50eef08b0685","2022","9e56d20d-e4af-41bc-8901-3e386b5b55e9","Human health and diseases: causative agents and classification (nutrient-deficiency, molecular/chromosomal, vector/water-borne, lifestyle di","","","verified","Clean sweep + spot-check sample confirmed sound - bulk pass 2026-08-26"
"tag","20f4650a-fe67-4415-b29a-7888e26b0fb5","2022","a078d4ec-9a8b-4478-ba5d-4587ed7b8e4a","Medieval school of sculpture and modern Indian sculpture","","","verified","Clean sweep + spot-check sample confirmed sound - bulk pass 2026-08-26"
"tag","5545d822-106e-4011-bd08-76721e863cbe","2022","a2c93b38-f280-4559-9e54-5a26dc6cb93c","Constitutional bodies: Election Commission, UPSC, State PSC, Finance Commission, GST Council, National Commission for SCs/STs, Special Offic","","","verified","Clean sweep + spot-check sample confirmed sound - bulk pass 2026-08-26"
"tag","cabaeb68-6062-48bf-b874-8b320f3a84b9","2022","a2c93b38-f280-4559-9e54-5a26dc6cb93c","Constitutional bodies: Election Commission, UPSC, State PSC, Finance Commission, GST Council, National Commission for SCs/STs, Special Offic","","","verified","Clean sweep + spot-check sample confirmed sound - bulk pass 2026-08-26"
"tag","dd1716ce-0a23-4d33-be9d-99eff963d8c9","2022","a600c54a-80f5-4bf6-900c-63f10b2b10d8","Religions in India: pre-Vedic religion, Hinduism, Buddhism, Jainism, Sikhism, Islam, Christianity, Zoroastrianism, Judaism; Indian philosoph","","","verified","Clean sweep + spot-check sample confirmed sound - bulk pass 2026-08-26"
"tag","196d7ac8-67bd-4454-948e-ebe820d2ffe9","2022","ac81dfb8-4c24-4d78-b286-d1c143e5c919","Business ethics: principles, dimensions within organisations, business ethics and corporate governance, philanthropy-to-CSR journey, and imp","","","verified","Clean sweep + spot-check sample confirmed sound - bulk pass 2026-08-26"
"tag","2501385f-ee5d-4034-a9d6-d7ba18797d60","2022","b44a1adf-7f6e-4bf6-829b-4c25b6ab9cc5","Delivery mechanisms & sectoral missions: co-operatives, MSME, One Nation One Ration Card/One District One Product, entitlement portability, ","","spot_check","verified","Clean sweep + spot-check sample confirmed sound - bulk pass 2026-08-26"
"tag","68a6ba66-2e5d-4143-9468-3f34972bd2d9","2022","b44a1adf-7f6e-4bf6-829b-4c25b6ab9cc5","Delivery mechanisms & sectoral missions: co-operatives, MSME, One Nation One Ration Card/One District One Product, entitlement portability, ","","","verified","Clean sweep + spot-check sample confirmed sound - bulk pass 2026-08-26"
"tag","ca247483-2115-41df-86a6-3e92ff8d422e","2022","bc25126f-b87b-48ab-815a-e38d4695b353","'Adivasi' as a category: reasons for the term and geographic concentration of tribal populations; issues with tribal habitat in India","","","verified","Clean sweep + spot-check sample confirmed sound - bulk pass 2026-08-26"
"tag","ab149140-c16c-4704-af7b-fb65d532fd8b","2022","be23d986-564f-4405-80b9-4b16a990ffbc","Essential aptitude for civil servants; foundational values of civil services: neutrality, anonymity, accountability, integrity, humility, ad","","","verified","Clean sweep + spot-check sample confirmed sound - bulk pass 2026-08-26"
"tag","cca52fe8-8d6a-4bc8-be21-c15f9d743cbe","2022","c2d2c7ef-ad01-4557-acd6-5b819250b417","Organized crime: types, control challenges, drug trafficking in India, combating strategies, and the terrorism-organized-crime linkage","","","verified","Clean sweep + spot-check sample confirmed sound - bulk pass 2026-08-26"
"tag","ae8e709c-8281-47e8-9d34-f8ff0de57de5","2022","c5a88fcd-8bda-41a1-8ab7-f8c3d7ea8037","Agricultural geography: land-use/capability classification, land degradation, cropping seasons/patterns/regionalization, infrastructure fact","","","verified","Clean sweep + spot-check sample confirmed sound - bulk pass 2026-08-26"
"tag","34c33ba6-39bb-4051-b6ed-d417d725a96d","2022","c6cd8a05-f639-4616-a446-29427819ed0d","Climate change basics: greenhouse effect and global warming, international efforts to control climate change, ozone-layer depletion, acid ra","","","verified","Clean sweep + spot-check sample confirmed sound - bulk pass 2026-08-26"
"tag","a389a0dc-4ec5-4cca-9968-1bbd451d94bc","2022","ca01391b-a07b-4e8a-afb3-96a2e2d29a5f","Transport and communication: land/water/air transport modes, sea routes and shipping canals, inland waterways, pipelines, and India-specific","","","verified","Clean sweep + spot-check sample confirmed sound - bulk pass 2026-08-26"
"tag","7af7cb7e-23aa-4df6-ae7c-d843f8eed986","2022","cabfe4d1-1f6d-4164-8209-16b3d6c15e57","'Constitutional morality': concept and how it is enforced in a democratic system; social auditing as more than financial verification ??? an","","","verified","Clean sweep + spot-check sample confirmed sound - bulk pass 2026-08-26"
"tag","9a40b970-337d-4b06-bb40-0b2e845e1949","2022","d0aef2ad-4b7d-4f1d-b6f9-15501c29e2ab","Right to Education Act's access-expansion vs persistent quality challenge; MGNREGA's asset-creation and distress-migration-reduction perform","","","verified","Clean sweep + spot-check sample confirmed sound - bulk pass 2026-08-26"
"tag","02ff69cb-b152-4a9a-8b27-b89377880bb0","2022","d594130c-6968-4204-a72c-1813a5c423a0","Climate mitigation & industrial transition: Anthropocene debate, green industrialisation, carbon farming, electric mobility, green hydrogen ","","spot_check","verified","Clean sweep + spot-check sample confirmed sound - bulk pass 2026-08-26"
"tag","1bf1e870-fca5-4425-b332-a82cfdd32944","2022","e48e4da6-8be0-41dc-a6c2-66ddfe5ef783","Colonial land revenue systems (Permanent Settlement, Ryotwari, Mahalwari), commercialization of agriculture, and economic drain theory","","","verified","Clean sweep + spot-check sample confirmed sound - bulk pass 2026-08-26"
"tag","59058e93-d108-4e05-be1f-a6da9a91ad67","2022","eb9512da-20be-4f9a-ba53-22b93a6f176d","India's neighbourhood & regional diplomacy: BIMSTEC Charter, Chabahar Port, India-China border dispute (Arunachal Pradesh), Bhutan-China rel","","","verified","Clean sweep + spot-check sample confirmed sound - bulk pass 2026-08-26"
"tag","4eaad0a7-5c0c-448b-80f9-a784dd778ce0","2022","f25643d9-50b9-411e-b57b-f7ee52bd843b","Landslide vulnerability of the Western Ghats and Himalayas: causes and mitigation strategies; institutional setups for chemical/industrial d","","","verified","Clean sweep + spot-check sample confirmed sound - bulk pass 2026-08-26"
"tag","15fb9269-8ed0-480a-929d-22e395dcecfd","2022","f2ae88fa-34ec-4090-ab2e-81ad921e95f1","Air pollution & control regimes: nitrogen pollution, radioactive discharges, acid rain impact, coal-plant SO2 control, GRAP in NCR, metal-mi","","","verified","Clean sweep + spot-check sample confirmed sound - bulk pass 2026-08-26"
"tag","38eab0c5-8d82-4f11-8559-0d08ef7b8fac","2022","f2ce7115-701d-429b-83d3-346aaf9a1b82","Employment & demographic economics: GDP-employment linkage, ageing workforce, demographic dividend, gaming sector","","","verified","Clean sweep + spot-check sample confirmed sound - bulk pass 2026-08-26"
"tag","9bc536fa-0dc7-491c-a48f-b736ad7cbbf2","2022","f9a1a286-8d52-4e4a-90b9-1787bc9a221b","Case studies: crisis & resource-allocation dilemmas: drought-relief tanker capture by a 'tanker mafia', disaster resource-allocation triage ","","","verified","Clean sweep + spot-check sample confirmed sound - bulk pass 2026-08-26"
"tag","7dd2ebb0-463e-4950-bfa2-663156765276","2022","fa0f8549-786c-417d-847b-b5391e971c77","Corruption in India: extent, dimension, and response; corruption as a social evil; probity in public life; exposing corruption via civil-soc","","","verified","Clean sweep + spot-check sample confirmed sound - bulk pass 2026-08-26"
"tag","a16c76cc-a32a-4339-9e47-f382370769f6","2022","fd32212d-1290-49c5-a12c-e750d0345354","Technology & AI ethics (case studies): drone ethics, AI ethics (in healthcare, creativity, human rights), technological ethics (facial recog","","","verified","Clean sweep + spot-check sample confirmed sound - bulk pass 2026-08-26"
"tag","82aaabd1-d950-4eb3-a8ef-efeeb840cf33","2022","fd4be87b-b725-45b9-b6f1-aef0037001f7","Elections in India: salient features of the Representation of People Acts 1950/1951, electoral reforms, criminalization of politics, negativ","","","verified","Clean sweep + spot-check sample confirmed sound - bulk pass 2026-08-26"
"question","14ee0752-d7a7-4ffd-a6f5-b94b0afcbee1","2023","1","Explain the role of geographical factors towards the development of Ancient India.","","spot_check","verified","Clean sweep + spot-check sample confirmed sound - bulk pass 2026-08-26"
"question","f9994e85-c4b2-49e2-bd92-c1448d61c6d0","2023","2","What was the difference between Mahatma Gandhi and Rabindranath Tagore in their approach towards education and nationalism?","","","verified","Clean sweep + spot-check sample confirmed sound - bulk pass 2026-08-26"
"question","4990ec0d-d591-486a-8629-3ef00c3332e4","2023","3","Bring out the socio-economic effects of the introduction of railways in different countries of the world.","","","verified","Clean sweep + spot-check sample confirmed sound - bulk pass 2026-08-26"
"question","feb1276e-bb86-4254-aeab-e9c099fba370","2023","4","Discuss the consequences of climate change on the food security in tropical countries.","","","verified","Clean sweep + spot-check sample confirmed sound - bulk pass 2026-08-26"
"question","977d68cb-f18c-49fe-9a36-9df1b772e22a","2023","5","Why is the world today confronted with a crisis of availability of and access to freshwater resources?","","","verified","Clean sweep + spot-check sample confirmed sound - bulk pass 2026-08-26"
"question","bec65212-7c95-4a7c-890a-29696e8b24a6","2023","6","How are fjords formed? Why do they constitute some of the most picturesque areas of the world?","","","verified","Clean sweep + spot-check sample confirmed sound - bulk pass 2026-08-26"
"question","37b3446d-3b75-4265-a95a-a96feb4d6b74","2023","7","Why is the South-West monsoon called 'Purvaiya' (easterly) in Bhojpur Region? How has this directional seasonal wind system influenced the c","","","verified","Clean sweep + spot-check sample confirmed sound - bulk pass 2026-08-26"
"question","b5411aa7-72c3-4311-808f-711eb407547d","2023","8","Do you think marriage as a sacrament is loosing its value in Modern India?","","","verified","Clean sweep + spot-check sample confirmed sound - bulk pass 2026-08-26"
"question","4024c4b1-4874-4fb8-b883-9c16c3df1a46","2023","9","Explain why suicide among young women is increasing in Indian Society.","","","verified","Clean sweep + spot-check sample confirmed sound - bulk pass 2026-08-26"
"question","006ae67e-933c-475f-8948-7a32f343b02b","2023","10","Child cuddling is now being replaced by mobile phones. Discuss its impact on the socialization of children.","","","verified","Clean sweep + spot-check sample confirmed sound - bulk pass 2026-08-26"
"question","a3e2d499-9abc-4ce6-aa8e-5d390fd386fe","2023","11","What are the main features of Vedic society and religion? Do you think some of the features are still prevailing in Indian society?","","spot_check","verified","Clean sweep + spot-check sample confirmed sound - bulk pass 2026-08-26"
"question","a744ec9d-9f73-4e2e-b71b-643d8f2bbd0f","2023","12","What were the major technological changes introduced during the Sultanate period? How did those technological changes influence the Indian s","","","verified","Clean sweep + spot-check sample confirmed sound - bulk pass 2026-08-26"
"question","9429442f-b5f7-42b6-a4d1-9a480cdcefcb","2023","13","How did the colonial rule affect the tribals in India and what was the tribal response to the colonial oppression?","","","verified","Clean sweep + spot-check sample confirmed sound - bulk pass 2026-08-26"
"question","be8f33e0-6879-49c1-adeb-f1adcc7436c0","2023","14","Comment on the resource potentials of the long coastline of India and highlight the status of natural hazard preparedness in these areas.","","","verified","Clean sweep + spot-check sample confirmed sound - bulk pass 2026-08-26"
"question","dfa2d0ee-a138-4144-875c-0c47ac3ac0ae","2023","15","Identify and discuss the factors responsible for diversity of natural vegetation in India. Assess the significance of wildlife sanctuaries i","","","verified","Clean sweep + spot-check sample confirmed sound - bulk pass 2026-08-26"
"question","2a03a5b6-df91-49f4-9e29-d74859e87799","2023","16","Why did human development fail to keep pace with economic development in India?","","","verified","Clean sweep + spot-check sample confirmed sound - bulk pass 2026-08-26"
"question","1ba1bf70-f3c6-4e4d-ae7a-40156d48ffa7","2023","17","From being net food importer in 1960s, India has emerged as a net food exporter to the world. Provide reasons.","","","verified","Clean sweep + spot-check sample confirmed sound - bulk pass 2026-08-26"
"question","abdcb64f-cee8-4af8-818b-5978ad8e549f","2023","18","Does urbanization lead to more segregation and/or marginalization of the poor in Indian metropolises?","","","verified","Clean sweep + spot-check sample confirmed sound - bulk pass 2026-08-26"
"question","aa49e69b-44ca-4114-9049-9662dba5571a","2023","19","Why is caste identity in India both fluid and static?","","","verified","Clean sweep + spot-check sample confirmed sound - bulk pass 2026-08-26"
"question","d5704af4-01de-403b-9eaa-cc7409fa95b1","2023","20","Discuss the impact of post-liberal economy on ethnic identity and communalism.","","","verified","Clean sweep + spot-check sample confirmed sound - bulk pass 2026-08-26"
"question","0ec7a3ee-e074-4aa1-9905-cb0f68354d37","2023","21","""Constitutionally guaranteed judicial independence is a prerequisite of democracy."" Comment.","","spot_check","verified","Clean sweep + spot-check sample confirmed sound - bulk pass 2026-08-26"
"question","0455f07f-5a1e-431b-97a8-6607ad0c60e4","2023","22","Who are entitled to receive free legal aid? Assess the role of the National Legal Services Authority (NALSA) in rendering free legal aid in ","","","verified","Clean sweep + spot-check sample confirmed sound - bulk pass 2026-08-26"
"question","6cf0aaf1-550d-455a-aca3-60c9bb5928fb","2023","23","""The states in India seem reluctant to empower urban local bodies both functionally as well as financially."" Comment.","","","verified","Clean sweep + spot-check sample confirmed sound - bulk pass 2026-08-26"
"question","cb90b2db-09a9-43af-93d8-903ff76f3826","2023","24","Compare and contrast the British and Indian approaches to Parliamentary sovereignty.","","","verified","Clean sweep + spot-check sample confirmed sound - bulk pass 2026-08-26"
"question","76c74520-2d9a-4274-bc2c-097d2a6363ff","2023","25","Discuss the role of Presiding Officers of state legislatures in maintaining order and impartiality in conducting legislative work and in fac","","","verified","Clean sweep + spot-check sample confirmed sound - bulk pass 2026-08-26"
"question","0471cdce-76f0-4f6c-a8e6-2a2c56abafff","2023","26","The crucial aspect of development process has been the inadequate attention paid to Human Resource Development in India. Suggest measures th","","","verified","Clean sweep + spot-check sample confirmed sound - bulk pass 2026-08-26"
"question","e8770010-cd0a-4db8-a79a-f3f0d44cb9cf","2023","27","Discuss the role of the Competition Commission of India in containing the abuse of dominant position by the Multi-National Corporations in I","","","verified","Clean sweep + spot-check sample confirmed sound - bulk pass 2026-08-26"
"question","286309a5-bb37-41aa-9299-194b441bf56e","2023","28","e-governance, as a critical tool of governance, has ushered in effectiveness, transparency and accountability in governments. What inadequac","","","verified","Clean sweep + spot-check sample confirmed sound - bulk pass 2026-08-26"
"question","aa33fd55-555f-4631-b685-31341a2ca0bb","2023","29","'Virus of Conflict is affecting the functioning of the SCO'. In the light of the above statement point out the role of India in mitigating p","","","verified","Clean sweep + spot-check sample confirmed sound - bulk pass 2026-08-26"
"question","05bdf095-b5d8-43d5-8b6b-b8b9754525cf","2023","30","Indian diaspora has scaled new heights in the West. Describe its economic and political benefits for India.","","","verified","Clean sweep + spot-check sample confirmed sound - bulk pass 2026-08-26"
"question","d4e8c335-efd6-4a17-8505-a122de269cc9","2023","31","""The Constitution of India is a living instrument with capabilities of enormous dynamism. It is a constitution made for a progressive societ","","spot_check","verified","Clean sweep + spot-check sample confirmed sound - bulk pass 2026-08-26"
"question","ff1b511c-1dd3-4921-91ef-3c47906ed089","2023","32","Explain the constitutional perspectives of Gender Justice with the help of relevant Constitutional Provisions and case laws.","","","verified","Clean sweep + spot-check sample confirmed sound - bulk pass 2026-08-26"
"question","f45e7766-1309-4b1d-a130-de37e9fdb487","2023","33","Account for the legal and political factors responsible for the reduced frequency of using Article 356 by the Union Governments since mid 19","","","verified","Clean sweep + spot-check sample confirmed sound - bulk pass 2026-08-26"
"question","362be011-1aec-416f-9e2b-018cd699e8ac","2023","34","Discuss the contribution of civil society groups for women's effective and meaningful participation and representation in state legislatures","","","verified","Clean sweep + spot-check sample confirmed sound - bulk pass 2026-08-26"
"question","913c6260-2829-4b30-a818-1aacd90d31e4","2023","35","Explain the significance of the 101st Constitutional Amendment Act. To what extent does it reflect the accommodative spirit of federalism?","","","verified","Clean sweep + spot-check sample confirmed sound - bulk pass 2026-08-26"
"question","102b6cf8-91fb-4bf0-9287-4bc0da45f277","2023","36","Explain the structure of the Parliamentary Committee system. How far have the financial committees helped in the institutionalization of Ind","","","verified","Clean sweep + spot-check sample confirmed sound - bulk pass 2026-08-26"
"question","fc22b8c0-3406-4c17-9f6d-5c3870acfe1c","2023","37","""Development and welfare schemes for the vulnerable, by its nature, are discriminatory in approach."" Do you agree? Give reasons for your ans","","","verified","Clean sweep + spot-check sample confirmed sound - bulk pass 2026-08-26"
"question","a93d131e-c086-4502-bca8-9a798d8caf4f","2023","38","Skill development programs have succeed in increasing human resources supply to various sectors. In the context of the statement analyze the","","","verified","Clean sweep + spot-check sample confirmed sound - bulk pass 2026-08-26"
"question","30e1bf17-10d5-4113-b982-b8c93b432577","2023","39","'The expansion and strengthening of NATO and a stronger US-Europe strategic partnership works well in India.' What is your opinion about thi","","","verified","Clean sweep + spot-check sample confirmed sound - bulk pass 2026-08-26"
"question","0a1d9778-332e-4afc-bf77-a1151c6c61d4","2023","40","'Sea is an important Component of the Cosmos'. Discuss in the light of the above statement the role of the IMO (International Maritime Organ","","","verified","Clean sweep + spot-check sample confirmed sound - bulk pass 2026-08-26"
"question","e645be6a-f473-4da9-8090-bf0ce01ae018","2023","41","Faster economic growth requires increased share of the manufacturing sector in GDP, particularly of MSMEs. Comment on the present policies o","","spot_check","verified","Clean sweep + spot-check sample confirmed sound - bulk pass 2026-08-26"
"question","c2e867d8-aac2-401c-9804-b23048ee86ad","2023","42","What is the status of digitalization in the Indian economy? Examine the problems faced in this regard and suggest improvements.","","","verified","Clean sweep + spot-check sample confirmed sound - bulk pass 2026-08-26"
"question","d5b8b293-7f5c-426d-851f-b2a753da8315","2023","43","How does e-Technology help farmers in production and marketing of agricultural produce? Explain it.","","","verified","Clean sweep + spot-check sample confirmed sound - bulk pass 2026-08-26"
"question","dba0fb5e-c25c-4e92-97a2-f9b80841a033","2023","44","State the objectives and measures of land reforms in India. Discuss how land ceiling policy on landholding can be considered as an effective","","","verified","Clean sweep + spot-check sample confirmed sound - bulk pass 2026-08-26"
"question","d4a9945b-3682-4600-a961-0d303db6ab74","2023","45","Introduce the concept of Artificial Intelligence (AI). How does AI help clinical diagnosis? Do you perceive any threat to privacy of the ind","","","verified","Clean sweep + spot-check sample confirmed sound - bulk pass 2026-08-26"
"question","b8db2d5f-5e26-420f-9d54-a5e46eda2190","2023","46","Discuss several ways in which microorganisms can help in meeting the current fuel shortage.","","","verified","Clean sweep + spot-check sample confirmed sound - bulk pass 2026-08-26"
"question","798dbaac-7545-45c7-8d88-1c052f13f0ff","2023","47","Dam failures are always catastrophic, especially on the downstream side, resulting in a colossal loss of life and property. Analyze the vari","","","verified","Clean sweep + spot-check sample confirmed sound - bulk pass 2026-08-26"
"question","809b7c75-020f-4f4d-b634-3e2cb9221f1c","2023","48","What is oil pollution? What are its impacts on the marine ecosystem? In what way is oil pollution particularly harmful for a country like In","","","verified","Clean sweep + spot-check sample confirmed sound - bulk pass 2026-08-26"
"question","214b63d2-a214-4a0a-87e0-047d678d0764","2023","49","Winning of 'Hearts and Minds' in terrorism affected areas is an essential step in restoring the trust of the population. Discuss the measure","","","verified","Clean sweep + spot-check sample confirmed sound - bulk pass 2026-08-26"
"question","1509c297-3115-451d-b6a4-58cd8abe3e3e","2023","50","The use of unmanned aerial vehicles (UAVs) by our adversaries across the borders to ferry arms/ammunitions, drugs, etc., is a serious threat","","","verified","Clean sweep + spot-check sample confirmed sound - bulk pass 2026-08-26"
"question","3541c19d-e4ae-4ba8-b58e-f1b50902a752","2023","51","Most of the unemployment in India is structural in nature. Examine the methodology adopted to compute unemployment in the country and sugges","","spot_check","verified","Clean sweep + spot-check sample confirmed sound - bulk pass 2026-08-26"
"question","ab13869f-fcba-4a6e-a22b-6109473f15c9","2023","52","Distinguish between 'care economy' and 'monetized economy'. How can care economy be brought into monetized economy through women empowerment","","","verified","Clean sweep + spot-check sample confirmed sound - bulk pass 2026-08-26"
"question","8a7386fe-4486-4f78-af3f-1693a8f1953a","2023","53","Explain the changes in cropping pattern in India in the context of changes in consumption pattern and marketing conditions.","","","verified","Clean sweep + spot-check sample confirmed sound - bulk pass 2026-08-26"
"question","b8d2dbc1-aed6-49cb-a60e-05caf3100385","2023","54","What are the direct and indirect subsidies provided to farm sector in India? Discuss the issues raised by the World Trade Organization (WTO)","","","verified","Clean sweep + spot-check sample confirmed sound - bulk pass 2026-08-26"
"question","fb6b55b4-610c-4afc-b15b-fecf3b28f824","2023","55","The adoption of electric vehicles is rapidly growing worldwide. How do electric vehicles contribute to reducing carbon emissions and what ar","","","verified","Clean sweep + spot-check sample confirmed sound - bulk pass 2026-08-26"
"question","8c1551c2-95c8-4365-84bc-1d64ce61113e","2023","56","What is the main task of India's third moon mission which could not be achieved in its earlier mission? List the countries that have achieve","","","verified","Clean sweep + spot-check sample confirmed sound - bulk pass 2026-08-26"
"question","778ff6b1-d450-4051-90bc-f6fed1a0b71e","2023","57","Comment on the National Wetland Conservation Programme initiated by the Government of India and name a few India's wetlands of international","","","verified","Clean sweep + spot-check sample confirmed sound - bulk pass 2026-08-26"
"question","05f6ddd1-48bf-41dd-a5db-bee46bab0092","2023","58","The Intergovernmental Panel on Climate Change (IPCC) has predicted a global sea level rise of about one metre by AD 2100. What would be its ","","","verified","Clean sweep + spot-check sample confirmed sound - bulk pass 2026-08-26"
"question","021e658c-5111-4060-80fd-bab1934de7f7","2023","59","What are the internal security challenges being faced by India? Give out the role of Central Intelligence and Investigative Agencies tasked ","","","verified","Clean sweep + spot-check sample confirmed sound - bulk pass 2026-08-26"
"question","4e6382f5-e149-406b-910d-3b982bb21b09","2023","60","Give out the major sources of terror funding in India and efforts being made to curtail these sources. In the light of this, also discuss th","","","verified","Clean sweep + spot-check sample confirmed sound - bulk pass 2026-08-26"
"question","7ca8a952-d0a6-400b-970a-5e3ccd73cb12","2023","61","(a) What do you understand by 'moral integrity' and 'professional efficiency' in the context of corporate governance in India? Illustrate wi","","spot_check","verified","Clean sweep + spot-check sample confirmed sound - bulk pass 2026-08-26"
"question","b911b42a-e61f-4782-9a9c-26ac507cca78","2023","62","(a) ""Corruption is the manifestation of the failure of core values in the society."" In your opinion, what measures can be adopted to uplift ","","","verified","Clean sweep + spot-check sample confirmed sound - bulk pass 2026-08-26"
"question","473d5902-3298-4fc7-85af-a31a256feb24","2023","63","Given below are three quotations of great thinkers. What do each of these quotations convey to you in the present context? (a) ""The simplest","","","verified","Clean sweep + spot-check sample confirmed sound - bulk pass 2026-08-26"
"question","1e8a375a-ab8a-4cf1-85bb-068b6a9af958","2023","64","(a) ""What really matters for success, character, happiness and lifelong achievements is a definite set of emotional skills - your EQ - not j","","","verified","Clean sweep + spot-check sample confirmed sound - bulk pass 2026-08-26"
"question","f7779f21-be67-4769-98f0-499b221f3cd8","2023","65","(a) Is conscience a more reliable guide when compared to laws, rules and regulations in the context of ethical decision making? Discuss. (An","","","verified","Clean sweep + spot-check sample confirmed sound - bulk pass 2026-08-26"
"question","0282ff1f-54f3-4836-9fba-b86d0fc59195","2023","66","(a) What were the major teachings of Guru Nanak? Explain their relevance in the contemporary world. (Answer in 150 words) 10 (b) Explain the","","","verified","Clean sweep + spot-check sample confirmed sound - bulk pass 2026-08-26"
"question","4c0f053d-e032-4225-98b9-5ebe85d2c0df","2023","67","You are working as an executive in a nationalized bank for several years. One day one of your close colleagues tells you that her father is ","","","verified","Clean sweep + spot-check sample confirmed sound - bulk pass 2026-08-26"
"question","259587bd-37c6-4560-9a89-d8008103e998","2023","68","A landslide occurred in the middle of the night on 20th July, 2023 in a remote mountain hamlet, approximately 60 kilometers from Uttarkashi.","","","verified","Clean sweep + spot-check sample confirmed sound - bulk pass 2026-08-26"
"question","6db52310-4ebd-4bdf-ba20-171ef1a8f436","2023","69","At 9 pm on Saturday evening, Rashika, a Joint Secretary, was still engrossed in her work in her office. Her husband, Vikram, is an executive","","","verified","Clean sweep + spot-check sample confirmed sound - bulk pass 2026-08-26"
"question","664c3dfd-992d-4f73-b547-8fbbfea0a5d8","2023","70","Vinod is an honest and sincere IAS officer. Recently, he has taken over as Managing Director of the State Road Transport Corporation, his si","","","verified","Clean sweep + spot-check sample confirmed sound - bulk pass 2026-08-26"
"question","ec6dad79-2fba-4578-9ab8-5703c4421c00","2023","71","You have just been appointed as Additional Director General of Central Public Works Department. The Chief Architect of your division, who is","","spot_check","verified","Clean sweep + spot-check sample confirmed sound - bulk pass 2026-08-26"
"question","aece36c8-a5d0-4ff6-8079-156e4a8ad7ff","2023","72","You hold a responsible position in a ministry in the government. One day in the morning you received a call from the school of your 11-year-","","","verified","Clean sweep + spot-check sample confirmed sound - bulk pass 2026-08-26"
"question","920ad850-ac6c-4282-ab8d-ef4228ba596f","2023","73","Thinking is like a game, it does not begin unless there is an opposite team.","","","verified","Clean sweep + spot-check sample confirmed sound - bulk pass 2026-08-26"
"question","cf7a278c-d355-4b48-a00d-382fb36f5742","2023","74","Visionary decision-making happens at the intersection of intuition and logic.","","","verified","Clean sweep + spot-check sample confirmed sound - bulk pass 2026-08-26"
"question","26f5cf96-e3a5-4541-9d90-f7874bf28167","2023","75","Not all who wander are lost.","","","verified","Clean sweep + spot-check sample confirmed sound - bulk pass 2026-08-26"
"question","215f9329-c937-40e6-8a11-8e4f6a4b8b2e","2023","76","Inspiration for creativity springs from the effort to look for the magical in the mundane.","","","verified","Clean sweep + spot-check sample confirmed sound - bulk pass 2026-08-26"
"question","ef378c69-e6c5-4a48-b991-eab055f6e8d8","2023","77","Girls are weighed down by restrictions, boys with demands - two equally harmful disciplines.","","","verified","Clean sweep + spot-check sample confirmed sound - bulk pass 2026-08-26"
"question","01503d68-d87f-4068-a3b6-c9c408150395","2023","78","Mathematics is the music of reason.","","","verified","Clean sweep + spot-check sample confirmed sound - bulk pass 2026-08-26"
"question","b0cbb5ae-9adf-42d8-a194-d216ba4e94ac","2023","79","A society that has more justice is a society that needs less charity.","","","verified","Clean sweep + spot-check sample confirmed sound - bulk pass 2026-08-26"
"question","6e89d5e1-cc1f-429c-846a-f984a10a6e4b","2023","80","Education is what remains after one has forgotten what one has learned in school.","","","verified","Clean sweep + spot-check sample confirmed sound - bulk pass 2026-08-26"
"tag","05e8220a-4f3d-43ad-8b15-e565bb2979b6","2023","018e03d5-cd5d-473a-a22a-35b09052a315","Defence technology: missile classification (ballistic/cruise), India's missile programme, Integrated Guided Missile Programme, robotics/AI i","","spot_check","verified","Clean sweep + spot-check sample confirmed sound - bulk pass 2026-08-26"
"tag","c30b255a-45d9-4024-8e23-479e1ce84f11","2023","01e8ce53-5baa-4562-becf-6b729e965ab5","Defence preparedness & terror financing: FATF's role in curbing terror financing, indigenization of defence production (Atmanirbhar Bharat),","","","verified","Clean sweep + spot-check sample confirmed sound - bulk pass 2026-08-26"
"tag","e934b2e9-3fc9-4206-8acb-c9939e7dc9e8","2023","054aa525-7ef7-41fa-be69-d3778ce887de","Internal security challenges: social diversity as a security issue, neighbourhood-origin threats, non-state actors, global vulnerability ind","","","verified","Clean sweep + spot-check sample confirmed sound - bulk pass 2026-08-26"
"tag","96a3adbb-6e7d-4e8c-bd5f-33ea4713c12b","2023","086fcfd4-93cf-4440-967d-5af19b5cdad4","Strategic partnerships & major-power relations: NATO's 75th anniversary, India-US strategic (jet-engine) partnership, Atlantic Declaration, ","","","verified","Clean sweep + spot-check sample confirmed sound - bulk pass 2026-08-26"
"tag","67b661fb-e17e-4394-8e12-9fa7564bf954","2023","11489155-4dd4-4d1d-8c89-bb5a898fb885","The Delhi Sultanate (1206-1526): Slave, Khalji, Tughlaq, Sayyid, and Lodi dynasties; Mongol/Turk attacks; administration, economy, urbanizat","","","verified","Clean sweep + spot-check sample confirmed sound - bulk pass 2026-08-26"
"tag","ad5f2bce-0950-4033-ac7a-1194c1bf111e","2023","1573b5bf-4244-4c9b-92cb-24b1a844aeba","Monetary & financial-sector policy: stock-market factors, RBI surplus transfer/gold reserves, RBI liquidity management, bad-loans problem, d","","","verified","Clean sweep + spot-check sample confirmed sound - bulk pass 2026-08-26"
"tag","d73741f3-847e-40d5-851e-3f679ce43cd5","2023","1eb641d0-a6b8-42e8-9f46-1a3505cbcb04","Conscience vs conformity: whistleblowing dilemmas within rule-bound bureaucratic hierarchies (including the Edward Snowden case ??? legality","","","verified","Clean sweep + spot-check sample confirmed sound - bulk pass 2026-08-26"
"tag","25474f72-401b-4683-88a5-67d2337af48a","2023","21b8574b-4143-4333-9d38-d916fd1035a2","The Governor, Chief Minister, Advocate-General, and State Legislature: appointment, discretionary/ordinance/pardoning powers, composition of","","","verified","Clean sweep + spot-check sample confirmed sound - bulk pass 2026-08-26"
"tag","86420ae9-63c3-4452-8a52-0d9916594338","2023","2ad0a29e-043e-4c11-b5e2-6ea63cd67426","The President: importance, qualification, election procedure, powers (executive/legislative/emergency/financial/judicial), ordinance-making ","","","verified","Clean sweep + spot-check sample confirmed sound - bulk pass 2026-08-26"
"tag","cfccf412-621a-4e21-af02-3d51ec895fc0","2023","3c4cd1e1-15ca-4fee-b1f2-0303ac14dc17","Soils and natural vegetation of India: soil classification/texture/degradation/conservation; forest types, cover, conservation, and problems","","spot_check","verified","Clean sweep + spot-check sample confirmed sound - bulk pass 2026-08-26"
"tag","0bbdea42-7d87-43f5-b05f-d0d76718bec9","2023","3eb08a5b-0910-493b-bf1d-07f0b7468836","Indian moral/spiritual exemplars used as case anchors: Mahatma Gandhi, Dr S. Radhakrishnan, Rabindranath Tagore, Swami Dayanand Saraswati, M","","","verified","Clean sweep + spot-check sample confirmed sound - bulk pass 2026-08-26"
"tag","fb5638dd-992d-4da8-bd64-607b9283a4f3","2023","3ffa1fcb-5db4-41ef-afb5-b6637d76b9d4","Children and vulnerable-section issues: child labour, child adoption, Juvenile Justice Act 2015, child trafficking, age of consent; tribal w","","","verified","Clean sweep + spot-check sample confirmed sound - bulk pass 2026-08-26"
"tag","dd7b04ff-db80-42d6-932e-33eaa5e1730e","2023","41ad5c1f-7129-4d6e-b241-5c67f84cfb99","Frequently cited quotation-anchors for ethics answer-writing: Gandhi's 'Seven Sins' and 'the weak can never forgive'; Socrates' 'an unexamin","","","verified","Clean sweep + spot-check sample confirmed sound - bulk pass 2026-08-26"
"tag","b6284812-9112-4ef6-9fcc-f0768e31caa5","2023","42676e0a-cfef-4a7d-99eb-106cdc037eea","Local government and governance: issues of funds/functions/functionaries, local government's interface with vulnerable sections and emerging","","","verified","Clean sweep + spot-check sample confirmed sound - bulk pass 2026-08-26"
"tag","b1b57b16-1437-468c-8e6c-797f38efcfea","2023","43116335-ee15-41c5-90bd-d56b3ef29c17","Subsidies: farm/fertiliser/power/irrigation subsidies, issues of direct/indirect subsidies and MSP, objectives, gainer-loser resource transf","","","verified","Clean sweep + spot-check sample confirmed sound - bulk pass 2026-08-26"
"tag","2d814115-352f-4bd2-870d-be65f8c634bc","2023","435af0f4-9815-4df8-8fd7-4e97c563eaf4","Health, education and human-resource services: India's education structure (primary/secondary/higher), GOI education initiatives and reform ","","","verified","Clean sweep + spot-check sample confirmed sound - bulk pass 2026-08-26"
"tag","5b8a7f61-77da-485a-b8b9-eeae00f0ecac","2023","4f0a8f23-1e09-4558-901b-30c67e3015b1","Inequality, wages & welfare economics: inequality and growth, economic redistribution, low-wage impact, wealth/income gap, minimum-vs-living","","","verified","Clean sweep + spot-check sample confirmed sound - bulk pass 2026-08-26"
"tag","2b4b7e15-f4ec-4ddf-bc2d-4cfd7f17b313","2023","50f567a0-1935-4a77-be6f-edbc18a9800f","Agriculture & resource economics: sugar production's groundwater impact, primary agricultural societies, e-technology in agriculture, energy","","","verified","Clean sweep + spot-check sample confirmed sound - bulk pass 2026-08-26"
"tag","75966557-4c65-4120-81c3-cb0cf7ed0048","2023","529f8ea2-d455-4c0a-93e3-e7044ad48271","Case studies: whistleblowing, disclosure & confidentiality dilemmas: whistleblower/suspect pleading humanitarian delay, workplace-harassment","","spot_check","verified","Clean sweep + spot-check sample confirmed sound - bulk pass 2026-08-26"
"tag","570f6516-58ce-45eb-a593-43f8313f914f","2023","5a10e711-45ba-4b01-85f7-14fe8c8704ea","Statutory/regulatory/quasi-judicial bodies: CVC, CBI, NHRC ('toothless tiger' critique), SHRC, Central/State Information Commission, NGT, SE","","","verified","Clean sweep + spot-check sample confirmed sound - bulk pass 2026-08-26"
"tag","c2015a3b-8bf6-4713-8c71-efb9139032ec","2023","5b9d10c3-2e41-4dfb-858c-87fcc8003436","e-Governance: introduction, applications, models, successes/limitations/future prospects, dashboards/portals, democracy-and-e-governance lin","","","verified","Clean sweep + spot-check sample confirmed sound - bulk pass 2026-08-26"
"tag","6aab9938-6d05-4b83-9ef1-4250b860d6b2","2023","5ccc7889-2702-4896-abba-c8d8593b4741","Fundamental Rights vs DPSPs: structural tension resolved via landmark pronouncements; scope expansion via the Right to Privacy judgment","","","verified","Clean sweep + spot-check sample confirmed sound - bulk pass 2026-08-26"
"tag","aada47b2-194e-4b12-bc8b-0069f3134035","2023","5ccc7889-2702-4896-abba-c8d8593b4741","Fundamental Rights vs DPSPs: structural tension resolved via landmark pronouncements; scope expansion via the Right to Privacy judgment","","","verified","Clean sweep + spot-check sample confirmed sound - bulk pass 2026-08-26"
"tag","d4cf6692-d17d-48ed-a50f-6d047bc9fc56","2023","5f764b03-ef7f-40e1-9b42-26bc3ef4b01f","Space missions & policy: PRATUSH lunar telescope, NISAR mission, Aditya-L1, Chandrayaan-3, Indian Space Policy 2023, SSLV-D2, Artemis missio","","","verified","Clean sweep + spot-check sample confirmed sound - bulk pass 2026-08-26"
"tag","6661ca33-7b35-4691-a20b-1f3921495df7","2023","60628fbc-bf5f-410e-86c8-2857389d9826","Public discourse & rights ethics (case studies): internet-shutdown ethics, free speech on social media, social-media influencing, moral poli","","","verified","Clean sweep + spot-check sample confirmed sound - bulk pass 2026-08-26"
"tag","946e4568-433c-431d-ab6b-f54498c5a1c0","2023","60628fbc-bf5f-410e-86c8-2857389d9826","Public discourse & rights ethics (case studies): internet-shutdown ethics, free speech on social media, social-media influencing, moral poli","","","verified","Clean sweep + spot-check sample confirmed sound - bulk pass 2026-08-26"
"tag","517413f9-65cf-4853-b8b2-a206aa3136b5","2023","62304d51-cb8d-475b-b0c4-2951d56d8505","Case studies: public-service integrity & corruption dilemmas: welfare-scheme 'ghost beneficiary' fraud amid caste sensitivities, law-enforce","","","verified","Clean sweep + spot-check sample confirmed sound - bulk pass 2026-08-26"
"tag","659de05f-1ca8-4649-8158-301f39be81ab","2023","62304d51-cb8d-475b-b0c4-2951d56d8505","Case studies: public-service integrity & corruption dilemmas: welfare-scheme 'ghost beneficiary' fraud amid caste sensitivities, law-enforce","","spot_check","verified","Clean sweep + spot-check sample confirmed sound - bulk pass 2026-08-26"
"tag","58b06579-1803-410f-ba79-9598aca27e06","2023","6ca6382e-c307-415a-b750-3e76d7f2b32a","Council of Ministers, Attorney General of India, and Parliament: composition of Lok Sabha/Rajya Sabha, qualification/disqualification, sessi","","","verified","Clean sweep + spot-check sample confirmed sound - bulk pass 2026-08-26"
"tag","b1898604-a126-4182-b8ab-d3c0ffe29878","2023","6f7337e0-7a23-49c0-b631-a5eaa334baa2","Theories associated with emotional intelligence and whether EI can be developed; components of emotional competence","","","verified","Clean sweep + spot-check sample confirmed sound - bulk pass 2026-08-26"
"tag","12aa6dfc-11c6-4cd6-99c8-1fdeb14d16f9","2023","7f28b657-f93d-46f9-95a5-6d24a527b8e7","Civil-society organisations' impact on public policy formulation; FCRA compliance tightening and civil-society funding constraints; SHG fede","","","verified","Clean sweep + spot-check sample confirmed sound - bulk pass 2026-08-26"
"tag","3947129e-fb2f-49da-9611-9c8aa9578e4b","2023","8200f61d-5986-4b57-bb7b-38337bef8000","Physiography of India: geopolitical significance of location, geological divisions, the Peninsular Block, the Himalayas and other peninsular","","","verified","Clean sweep + spot-check sample confirmed sound - bulk pass 2026-08-26"
"tag","2c12e68a-a8e3-4f27-9922-18d3c21a6c6e","2023","8585c562-ebb4-4b53-bbd1-c86e2bbe2aa1","Population and associated issues: suicide deaths in India, 'great replacement theory' discourse, population crisis in Asian nations, manual ","","","verified","Clean sweep + spot-check sample confirmed sound - bulk pass 2026-08-26"
"tag","c5ac24e7-33eb-4145-8038-460464f36c5e","2023","96f80871-5186-4d46-84f8-bb0dca95bbc6","Role of agriculture in the Indian economy: historical background and current status, cropping systems (mono-cropping, crop rotation, sequent","","","verified","Clean sweep + spot-check sample confirmed sound - bulk pass 2026-08-26"
"tag","12503556-edd0-408f-90a0-e74779e497a1","2023","974077d9-8ad9-46bb-8d6d-6291436c76c3","Global institutions: UN structure (UNGA, UNSC and India's candidacy, ECOSOC), ICJ, UN specialised agencies (FAO, ICAO, ILO, IMO, ITU, UNESCO","","","verified","Clean sweep + spot-check sample confirmed sound - bulk pass 2026-08-26"
"tag","f61a89c9-426b-428e-9bf8-f1a199d8cdea","2023","9bd20b7a-c1d9-47a4-9be8-992b9d023c5b","Land reforms: colonial-era ownership patterns (Zamindari, Ryotwari, Mahalwari), objectives and progress since Independence, ceiling-legislat","","","verified","Clean sweep + spot-check sample confirmed sound - bulk pass 2026-08-26"
"tag","cf2bed93-c36e-4f36-a62c-640d973dd6f1","2023","9cb31537-3a8c-4f8c-91b4-ad2aa5857e68","Flagship schemes: start-up & skill development: Stand-Up India, National Student Startup Policy, PMKVY, Deen Dayal schemes, Atal Innovation ","","spot_check","verified","Clean sweep + spot-check sample confirmed sound - bulk pass 2026-08-26"
"tag","202695e2-e8ff-47f3-b7fa-7638194fe49f","2023","9cc67a5d-b228-4658-83cc-9ebf547fcf53","Family, marriage, and kinship structural shifts in transitional Indian society; validity of Hindu marriages, live-in relationships, raising ","","","verified","Clean sweep + spot-check sample confirmed sound - bulk pass 2026-08-26"
"tag","e6b54f8c-535c-47d9-8022-a61233108389","2023","9d6353a6-f328-460c-bcac-e07278b399f8","Wetland conservation and the Ramsar 'wise use' concept with Indian Ramsar-site examples; the 'Organic State' (Sikkim) model's ecological/eco","","","verified","Clean sweep + spot-check sample confirmed sound - bulk pass 2026-08-26"
"tag","76a4fdab-bcb8-4b24-91d1-a4288d760933","2023","9db64cc9-59df-4af5-b4c2-62d4ce17b119","Indian diaspora: role played, safety of Indians abroad, and welfare schemes for overseas Indians","","","verified","Clean sweep + spot-check sample confirmed sound - bulk pass 2026-08-26"
"tag","d27ee4a9-6f72-4683-a307-acf824c95db3","2023","9ed64994-3a5d-4040-a73f-357e7b644a22","Peasant, tribal, and civil resistance pre- and during-British rule (Santhal Hul, Kol mutiny, Indigo revolt, tribal/peasant/working-class mov","","","verified","Clean sweep + spot-check sample confirmed sound - bulk pass 2026-08-26"
"tag","bc292b36-151c-44cc-95db-b1fe5fbbeeed","2023","a1983b76-2b14-4659-8a8b-0cc2f98c8b41","Water resources: underground/surface/inland/oceanic water resources, utilization patterns, water pollution, conservation techniques, river-i","","","verified","Clean sweep + spot-check sample confirmed sound - bulk pass 2026-08-26"
"tag","6cb0c5f5-fe4f-44a2-8d97-d9d402809b8e","2023","b0f90d0f-c35e-4c56-b8ff-2bfac91061cd","Communalism: meaning, historicity, role of third parties in inciting/perpetrating it, and whether it can be eradicated; regionalism's theori","","","verified","Clean sweep + spot-check sample confirmed sound - bulk pass 2026-08-26"
"tag","652e394d-4391-4888-8722-67fcd4d954c9","2023","b66eead7-fb77-4470-b5f7-9933f6f2e349","Main features of industrial development: role of private/public sectors, investment/employment/productivity trends, disinvestment/privatizat","","","verified","Clean sweep + spot-check sample confirmed sound - bulk pass 2026-08-26"
"tag","073b1ffc-6c80-45ca-9d87-33e411cfd340","2023","b7deebd7-f749-4bbb-9005-9c15fac2eda9","Urbanization challenges: growth of the informal urban sector, smart cities as a management tool, flood vulnerability of major cities, rural-","","","verified","Clean sweep + spot-check sample confirmed sound - bulk pass 2026-08-26"
"tag","ff743d1e-f7d5-45f6-95e4-93e3d1b8dfb1","2023","b91fb326-e3f0-4e78-a2fa-33cbe5ed4a6c","Border & territorial security: India-China Ladakh border tensions, India-Pakistan LoC ceasefire, demographic inversion in border areas from ","","spot_check","verified","Clean sweep + spot-check sample confirmed sound - bulk pass 2026-08-26"
"tag","39385016-fd47-4df7-be3f-1968022e063d","2023","baf5fbee-9711-4bbe-a3d9-3fe8d62e2dad","Overview of economic development since Independence: Five Year Plans journey, agriculture (land reforms, post-Green-Revolution issues, agrar","","","verified","Clean sweep + spot-check sample confirmed sound - bulk pass 2026-08-26"
"tag","2280822f-f689-4eea-8f73-38233a15bcd9","2023","bb4b38f9-3dfb-4208-b972-df2bdcf4ec67","The Judiciary: integrated judicial system, Supreme Court composition/independence/jurisdiction/judicial-review/curative-petition, High Court","","","verified","Clean sweep + spot-check sample confirmed sound - bulk pass 2026-08-26"
"tag","2be6613f-ab8a-46c6-be71-16719af69385","2023","bb4b38f9-3dfb-4208-b972-df2bdcf4ec67","The Judiciary: integrated judicial system, Supreme Court composition/independence/jurisdiction/judicial-review/curative-petition, High Court","","","verified","Clean sweep + spot-check sample confirmed sound - bulk pass 2026-08-26"
"tag","d4b33764-febd-4c2d-9877-7f8186df078a","2023","bcaa8337-227a-4c25-910b-971863bbc8fe","Landform evolution by agent: wind (pediments, playas, deflation hollows, barchans, seif, parabolic/transverse/longitudinal dunes), running w","","","verified","Clean sweep + spot-check sample confirmed sound - bulk pass 2026-08-26"
"tag","72b7a7b2-77b1-4f28-bbb8-36794d6a0fb4","2023","bcda1789-d071-48bf-a8ee-e82702b4bdae","Development & welfare indicators: socio-economic inequality, climate change and food insecurity, One Nation One Ration Card, Human Developme","","","verified","Clean sweep + spot-check sample confirmed sound - bulk pass 2026-08-26"
"tag","65729591-a33b-4590-a832-0f1d850a9b01","2023","ca01391b-a07b-4e8a-afb3-96a2e2d29a5f","Transport and communication: land/water/air transport modes, sea routes and shipping canals, inland waterways, pipelines, and India-specific","","","verified","Clean sweep + spot-check sample confirmed sound - bulk pass 2026-08-26"
"tag","a6c52efa-7084-418f-80b7-b6c78d919d6d","2023","cdee37b0-c5ff-4304-abb8-a463ced823e3","Biotechnology: genetic engineering process/applications, genomics/proteomics, RNA technologies, genome sequencing, environmental application","","","verified","Clean sweep + spot-check sample confirmed sound - bulk pass 2026-08-26"
"tag","1af42c98-88c2-4941-a9c3-c24519aa4bd0","2023","d20495ee-0240-41d2-a358-f39354d32d4d","Environmental pollution: air/water/thermal/soil/noise pollution sources-effects-control measures, National Ambient Air Quality Standards, pe","","","verified","Clean sweep + spot-check sample confirmed sound - bulk pass 2026-08-26"
"tag","e402fcbd-b0b7-4468-8442-fb61c2f08ac3","2023","d594130c-6968-4204-a72c-1813a5c423a0","Climate mitigation & industrial transition: Anthropocene debate, green industrialisation, carbon farming, electric mobility, green hydrogen ","","spot_check","verified","Clean sweep + spot-check sample confirmed sound - bulk pass 2026-08-26"
"tag","46662def-1310-4325-b928-d8280710aacf","2023","d594130c-6968-4204-a72c-1813a5c423a0","Climate mitigation & industrial transition: Anthropocene debate, green industrialisation, carbon farming, electric mobility, green hydrogen ","","","verified","Clean sweep + spot-check sample confirmed sound - bulk pass 2026-08-26"
"tag","44c82863-70c1-446c-9fe6-d9f55c782554","2023","db13324d-5fe6-4343-956d-716d9a769fb1","Vulnerable-sections governance: issues/challenges/solutions/laws/interventions for SC/ST/OBC/migrants/women/disabled/children/refugees/trans","","","verified","Clean sweep + spot-check sample confirmed sound - bulk pass 2026-08-26"
"tag","56b20c03-8d30-46df-b7d1-6b34eb00c99e","2023","e23504b3-750a-486a-957d-0d2ce4557721","Natural and man-made disasters: India's vulnerability profile ??? earthquakes, tsunamis, landslides, floods, droughts, epidemics, nuclear-re","","","verified","Clean sweep + spot-check sample confirmed sound - bulk pass 2026-08-26"
"tag","504db8de-7a9c-4888-a0da-a2623782beab","2023","e639b66e-27b5-4f64-a8bd-63b99acff2e5","Human development & regional disparity: low human development pockets, climate change and the North-South divide within India, social capita","","","verified","Clean sweep + spot-check sample confirmed sound - bulk pass 2026-08-26"
"tag","02e2ecf0-0642-4dac-b8a6-431fead35004","2023","f0ac6dfe-35bd-4579-b34d-7a95fed47598","Historical evolution: Regulating Act 1773 to Government of India Act 1935 institutional lineages; the Constituent Assembly and objectives/sa","","","verified","Clean sweep + spot-check sample confirmed sound - bulk pass 2026-08-26"
"tag","de436255-2ef0-4832-a6d6-b14a915e455a","2023","f1853e54-83ed-4227-bde0-12350c6e63af","The struggle for Swaraj: Montagu's 1917 statement, Gandhi's emergence as a mass leader, Khilafat and Non-Cooperation, Swaraj Party, revoluti","","","verified","Clean sweep + spot-check sample confirmed sound - bulk pass 2026-08-26"
"tag","6775c035-500c-40b5-9940-4f8405f3f490","2023","f1e0f21b-3a02-4120-a618-1264537b46d3","101st Amendment (GST): salient features and efficacy in building a common national market; 69th Amendment (NCT of Delhi) and federal frictio","","","verified","Clean sweep + spot-check sample confirmed sound - bulk pass 2026-08-26"
"tag","818bed23-2db5-4008-88a2-6fcbf3d904df","2023","f23ed3c3-13b4-40cd-9bff-1e8904524068","Caste system: structural resilience as a barrier to social mobility, and its adaptation to modernization/secularization","","","verified","Clean sweep + spot-check sample confirmed sound - bulk pass 2026-08-26"
"tag","6c12919b-b991-429a-9576-c87705d8376f","2023","f2ce7115-701d-429b-83d3-346aaf9a1b82","Employment & demographic economics: GDP-employment linkage, ageing workforce, demographic dividend, gaming sector","","spot_check","verified","Clean sweep + spot-check sample confirmed sound - bulk pass 2026-08-26"
"tag","51d0496f-2dcf-413e-a2bc-bf884f3d7b66","2023","f38e1c64-04e5-4a79-ab66-8ab9fcc03902","Vedic society: original home of Aryans, Vedic texts and Upanishads, Rig Vedic vs later Vedic geography, economy, polity, varna system, relig","","","verified","Clean sweep + spot-check sample confirmed sound - bulk pass 2026-08-26"
"tag","44bf5863-dcac-4c81-b9b8-e9478b3e5d75","2023","f9271b6e-5473-4f13-a825-414b1e7381cf","Monsoon, climate & extreme-weather geography: cyclones of the Bay of Bengal and climate change, El Nino and Indian monsoon, Indian Ocean Dip","","","verified","Clean sweep + spot-check sample confirmed sound - bulk pass 2026-08-26"
"tag","eaf5f597-30dd-4c57-aae2-19b2610e5816","2023","f9271b6e-5473-4f13-a825-414b1e7381cf","Monsoon, climate & extreme-weather geography: cyclones of the Bay of Bengal and climate change, El Nino and Indian monsoon, Indian Ocean Dip","","","verified","Clean sweep + spot-check sample confirmed sound - bulk pass 2026-08-26"
"tag","d7939781-ee17-4c52-8d76-9a9ccb5150af","2023","f9a1a286-8d52-4e4a-90b9-1787bc9a221b","Case studies: crisis & resource-allocation dilemmas: drought-relief tanker capture by a 'tanker mafia', disaster resource-allocation triage ","","","verified","Clean sweep + spot-check sample confirmed sound - bulk pass 2026-08-26"
"tag","1dc8a8be-1b78-4457-a236-de34275a9a21","2023","fa0f8549-786c-417d-847b-b5391e971c77","Corruption in India: extent, dimension, and response; corruption as a social evil; probity in public life; exposing corruption via civil-soc","","","verified","Clean sweep + spot-check sample confirmed sound - bulk pass 2026-08-26"
"tag","f7107452-0a64-40ef-9e68-e5bfd09e8b1b","2023","fbe64408-6570-498e-ae35-64133838fe6c","Corporate governance: concept, models of Corporate Social Responsibility, World Bank steps for good corporate governance, and norms for corp","","","verified","Clean sweep + spot-check sample confirmed sound - bulk pass 2026-08-26"
"tag","f865937b-b000-40df-bbc9-33707c13e0b6","2023","fe28f5e5-99c3-4c9d-829c-4c38a0b6ffe3","India and Asian nations: Central Asian republics (Turkmenistan, Kazakhstan, Tajikistan; China's role; International North-South Transport Co","","","verified","Clean sweep + spot-check sample confirmed sound - bulk pass 2026-08-26"
"tag","542df143-12c6-4abb-ba4a-baf82cd50ac7","2023","ff3d38cc-6d02-4e15-82c5-e078f7c14ba9","Robotics and AI: classification of robots, advantages/disadvantages, applications across sectors, neural networks, machine learning/deep lea","","","verified","Clean sweep + spot-check sample confirmed sound - bulk pass 2026-08-26"
"question","70104bcb-467e-4a2b-8284-7e222d8ca338","2024","1","???????????????????????? ?????? ???????????????-??????????????? ????????? ?????? ????????????????????? ?????? ?????????????????? ???????????","non_ascii_suspect","flagged","needs_correction","Mojibake-corrupted punctuation (em/en-dash), confirmed 2026-08-26. Content otherwise genuine - re-type from official PDF in follow-up pass."
"question","2d14b4d3-2d12-4881-91f6-e5c623dbb1b3","2024","2","?????????????????? ???????????? ????????? ????????? ??? ????????????????????? ?????? ??????????????? ????????? ??????????????? ?????? ??????","non_ascii_suspect","flagged","needs_correction","Mojibake-corrupted punctuation (em/en-dash), confirmed 2026-08-26. Content otherwise genuine - re-type from official PDF in follow-up pass."
"question","723e28de-a11d-4319-abe5-bd8e080612c9","2024","3","?????? ?????????-?????? ?????????????????? ????????? ??????????????? ???????????? ???????????? ??????????????? ?????????????????? ??????????","non_ascii_suspect","flagged","needs_correction","Mojibake-corrupted punctuation (em/en-dash), confirmed 2026-08-26. Content otherwise genuine - re-type from official PDF in follow-up pass."
"question","cd764ae3-2099-4150-885d-62c4d992e164","2024","4","????????????????????? ????????? ?????? ?????????????????? ????????? ?????????????????? ???????????? ??????? ?????? ?????????????????????????","non_ascii_suspect","flagged","needs_correction","Mojibake-corrupted punctuation (em/en-dash), confirmed 2026-08-26. Content otherwise genuine - re-type from official PDF in follow-up pass."
"question","79bf0157-decd-465b-bd11-6776593c4307","2024","5","???????????? ??????????????? ?????? ??????????????? ????????? ???????????? ????????? ???????????? ?????????????????????????????? ?????? ????","non_ascii_suspect","flagged","needs_correction","Mojibake-corrupted punctuation (em/en-dash), confirmed 2026-08-26. Content otherwise genuine - re-type from official PDF in follow-up pass."
"question","98d1aa1c-d89b-429d-9d71-e778a2e58e61","2024","6","'???????????? ????????????' ?????? ????????????????????? ???????????? ??????? ???????????????????????? ?????????????????? (150 ????????????)","non_ascii_suspect","flagged","needs_correction","Mojibake-corrupted punctuation (em/en-dash), confirmed 2026-08-26. Content otherwise genuine - re-type from official PDF in follow-up pass."
"question","dafabe02-dd9f-4318-a4b7-024f455820ea","2024","7","'???????????????????????????????????? ????????? (????????????????????????????????? ??????????????????)' ?????? ????????????????????? ???????","non_ascii_suspect","flagged","needs_correction","Mojibake-corrupted punctuation (em/en-dash), confirmed 2026-08-26. Content otherwise genuine - re-type from official PDF in follow-up pass."
"question","b411802f-d6b2-4eab-ac8e-05d8660a441e","2024","8","?????????????????? ??????????????????, ?????????????????? ?????????????????????????????? ????????? ??????????????? ?????????????????????????","non_ascii_suspect","flagged","needs_correction","Mojibake-corrupted punctuation (em/en-dash), confirmed 2026-08-26. Content otherwise genuine - re-type from official PDF in follow-up pass."
"question","9dfa10d3-9330-45af-a989-a4197850e0db","2024","9","???????????? ?????????????????????-?????????????????? ???????????? ???????????? ????????????????????? ?????? ????????? ?????????????????????","non_ascii_suspect","flagged","needs_correction","Mojibake-corrupted punctuation (em/en-dash), confirmed 2026-08-26. Content otherwise genuine - re-type from official PDF in follow-up pass."
"question","6f3b5419-88a6-4ee2-93b0-692eb1ef006d","2024","10","??????????????? ?????? ?????????????????????-?????????????????? ????????????????????? ?????? ?????????????????? ????????? ???????????????, ?","non_ascii_suspect","flagged","needs_correction","Mojibake-corrupted punctuation (em/en-dash), confirmed 2026-08-26. Content otherwise genuine - re-type from official PDF in follow-up pass."
"question","944924be-2c1f-4e24-bad7-91c5d7f193bb","2024","11","""????????????????????? ???????????? ????????? ???????????? ????????? ??????????????? ???????????? ????????? ??????????????? ???????????? ???","non_ascii_suspect","flagged","needs_correction","Mojibake-corrupted punctuation (em/en-dash), confirmed 2026-08-26. Content otherwise genuine - re-type from official PDF in follow-up pass."
"question","56aefa3a-adf8-4e05-90c3-e67b3c4dd706","2024","12","?????? ???????????? ???????????? ?????? ???????????? ?????? ?????? ??????????????? ?????????????????????????????? ??????????????? ??????????","non_ascii_suspect","flagged","needs_correction","Mojibake-corrupted punctuation (em/en-dash), confirmed 2026-08-26. Content otherwise genuine - re-type from official PDF in follow-up pass."
"question","e4a1ad13-18f8-4a42-a9bc-828d3448eaf6","2024","13","???????????? ????????? ??????????????????????????? ?????? ??????????????? ???????????????????????? ?????? ????????? ?????? ????????? ???????","non_ascii_suspect","flagged","needs_correction","Mojibake-corrupted punctuation (em/en-dash), confirmed 2026-08-26. Content otherwise genuine - re-type from official PDF in follow-up pass."
"question","e6f65803-cfc9-470e-92e5-264e503e134b","2024","14","???????????? ???????????? ?????? ???????????? ?????????????????? ????????? ??????????????? ?????????????????? ??? ????????? ????????? ??????","non_ascii_suspect","flagged","needs_correction","Mojibake-corrupted punctuation (em/en-dash), confirmed 2026-08-26. Content otherwise genuine - re-type from official PDF in follow-up pass."
"question","4011c041-db68-4c7b-8cc1-5b5fa070c64b","2024","15","??????????????? ?????????????????????????????? ?????? ??????????????? ??????????????????????????? ???????????? ?????????? ?????? ???????????","non_ascii_suspect","flagged","needs_correction","Mojibake-corrupted punctuation (em/en-dash), confirmed 2026-08-26. Content otherwise genuine - re-type from official PDF in follow-up pass."
"question","982601e2-7d9b-45a7-857b-0ba863291f58","2024","16","???????????????????????? ???????????? ??????? ???????????????????????? ?????? ??????????????? ?????? ??????????????? ?????? ????????????????","non_ascii_suspect","flagged","needs_correction","Mojibake-corrupted punctuation (em/en-dash), confirmed 2026-08-26. Content otherwise genuine - re-type from official PDF in follow-up pass."
"question","e812f0df-79c4-4441-8820-c5b57a8eb610","2024","17","??????????????????????????? ????????????????????? ???????????? ??????? ?????? ????????????????????? ?????? ????????? ?????????????????? ????","non_ascii_suspect","flagged","needs_correction","Mojibake-corrupted punctuation (em/en-dash), confirmed 2026-08-26. Content otherwise genuine - re-type from official PDF in follow-up pass."
"question","56e1e6da-d841-4ca8-9792-6e85b37c1a50","2024","18","?????????????????? ?????? ????????????????????? ??????????????? ?????? ?????????????????? ????????????????????? ?????? ??????????????????, ?","non_ascii_suspect","flagged","needs_correction","Mojibake-corrupted punctuation (em/en-dash), confirmed 2026-08-26. Content otherwise genuine - re-type from official PDF in follow-up pass."
"question","e3b8b309-61f1-4ac6-8810-5bd637d1f2b5","2024","19","??????????????????????????? ?????? ????????????????????? ?????????????????? ?????? ????????????, ???????????? ????????? ????????????????????","non_ascii_suspect","flagged","needs_correction","Mojibake-corrupted punctuation (em/en-dash), confirmed 2026-08-26. Content otherwise genuine - re-type from official PDF in follow-up pass."
"question","803e4a6c-543e-4d48-bbd3-0b04d87e71e9","2024","20","?????? ??????????????? ?????? ?????????????????????????????? ???????????????????????? ??????????????? ?????? ???????????? ?????? ???????????","non_ascii_suspect","flagged","needs_correction","Mojibake-corrupted punctuation (em/en-dash), confirmed 2026-08-26. Content otherwise genuine - re-type from official PDF in follow-up pass."
"question","d8368a8c-cd99-447a-9077-9a3b93015a4c","2024","21","??????????????? ???????????????, ""?????? ?????????????????????-?????? ???????????????"" ?????????????????? ????????? ?????????????????? (150 ","non_ascii_suspect","flagged","needs_correction","Mojibake-corrupted punctuation (em/en-dash), confirmed 2026-08-26. Content otherwise genuine - re-type from official PDF in follow-up pass."
"question","a1a16722-6245-4da9-93d2-bf6b1af64c6b","2024","22","????????? ??????????????? ??? ??????????????????????????? ?????????????????? ???????????????, ???????????? ??????????????? ?????????????????","non_ascii_suspect","flagged","needs_correction","Mojibake-corrupted punctuation (em/en-dash), confirmed 2026-08-26. Content otherwise genuine - re-type from official PDF in follow-up pass."
"question","541d8d58-3f67-4bdc-a727-c22ee94b49b3","2024","23","""????????????????????? ????????????????????? ?????? ?????????????????? ?????????????????????????????? ?????????????????? ?????? ?????????"" ?","non_ascii_suspect","flagged","needs_correction","Mojibake-corrupted punctuation (em/en-dash), confirmed 2026-08-26. Content otherwise genuine - re-type from official PDF in follow-up pass."
"question","baf7312f-fd96-4795-8197-29fbf52ee1f5","2024","24","""CAG ?????? ????????????????????? ???????????? ??????????????? ?????? ????????????, ?????????????????? ?????? ??????????????????????????? ??","non_ascii_suspect","flagged","needs_correction","Mojibake-corrupted punctuation (em/en-dash), confirmed 2026-08-26. Content otherwise genuine - re-type from official PDF in follow-up pass."
"question","e3b07640-cc4d-42ab-8910-f445c40cfdac","2024","25","????????????????????? ????????????????????? ?????? ?????????????????? ?????????????????? ??????????????? ?????????????????????-???????????? ","non_ascii_suspect","flagged","needs_correction","Mojibake-corrupted punctuation (em/en-dash), confirmed 2026-08-26. Content otherwise genuine - re-type from official PDF in follow-up pass."
"question","d49e473a-85c6-4b93-a434-c4a57f1c4422","2024","26","??????????????????????????? ???????????????????????? ?????????????????? ???????????? ?????? ??????????????? ?????? ????????????????????? ???","non_ascii_suspect","flagged","needs_correction","Mojibake-corrupted punctuation (em/en-dash), confirmed 2026-08-26. Content otherwise genuine - re-type from official PDF in follow-up pass."
"question","c12ac90a-3cf0-4b63-8e57-63ee4a9e381a","2024","27","???????????????????????? ??? ?????????????????? ?????? ???????????????????????? ???????????? ??????????????? ????????????????????? ?????? ??","non_ascii_suspect","flagged","needs_correction","Mojibake-corrupted punctuation (em/en-dash), confirmed 2026-08-26. Content otherwise genuine - re-type from official PDF in follow-up pass."
"question","a0352d76-7d8e-4aac-873f-d84da7a6dae1","2024","28","??????????????????????????????????????? ???????????? ????????? ????????? ?????????????????? ?????? ?????????????????????????? ??? ?????? ???","non_ascii_suspect","flagged","needs_correction","Mojibake-corrupted punctuation (em/en-dash), confirmed 2026-08-26. Content otherwise genuine - re-type from official PDF in follow-up pass."
"question","bf9fa7d0-c0cf-4b06-8697-b0096e7e5347","2024","29","?????????????????? ???????????? ?????? ?????????-???????????????????????? ?????? ???????????? ???????????? ?????????????????? ??? ??????????","non_ascii_suspect","flagged","needs_correction","Mojibake-corrupted punctuation (em/en-dash), confirmed 2026-08-26. Content otherwise genuine - re-type from official PDF in follow-up pass."
"question","1079136e-aae3-492e-9db3-94e35cd887c0","2024","30","???????????? ?????????????????? ??????????????????????????? (CARs) ?????? ???????????? ?????? ????????????????????????, ??????????????????, ","non_ascii_suspect","flagged","needs_correction","Mojibake-corrupted punctuation (em/en-dash), confirmed 2026-08-26. Content otherwise genuine - re-type from official PDF in follow-up pass."
"question","c92c3c39-f77e-42fa-a09a-194b32396fd0","2024","31","????????? ????????????????????? (?????????????????? ???????????? ??????????????????) ????????????????????? 2024 ?????? ?????????????????? ??","non_ascii_suspect","flagged","needs_correction","Mojibake-corrupted punctuation (em/en-dash), confirmed 2026-08-26. Content otherwise genuine - re-type from official PDF in follow-up pass."
"question","4206eddc-5042-4b43-8e30-59e0bf8eeff2","2024","32","??????????????? ?????? ?????????????????? ???????????????????????? 21 ????????????????????? ??? ???????????????????????? ???????????? ??????","non_ascii_suspect","flagged","needs_correction","Mojibake-corrupted punctuation (em/en-dash), confirmed 2026-08-26. Content otherwise genuine - re-type from official PDF in follow-up pass."
"question","bca1a38f-be99-4d1c-983d-820a3e15826a","2024","33","??????????????????-??????????????? ????????????????????? ????????? ????????? ??????????????? ????????????? ?????????????????? ??????????????","non_ascii_suspect","flagged","needs_correction","Mojibake-corrupted punctuation (em/en-dash), confirmed 2026-08-26. Content otherwise genuine - re-type from official PDF in follow-up pass."
"question","d1030546-2bef-4ea4-9789-e90794e47a7a","2024","34","???????????? ????????? ??????????????? ???????????????????????? ?????? ?????????????????? ?????? ???????????? ??????????????? ???????????? ?","non_ascii_suspect","flagged","needs_correction","Mojibake-corrupted punctuation (em/en-dash), confirmed 2026-08-26. Content otherwise genuine - re-type from official PDF in follow-up pass."
"question","c9f77554-31a0-4c89-9c17-28e36d406ae5","2024","35","???????????? ?????? ???????????????????????????????????? ??????????????? ????????? ????????? ????????????????????? ?????????, US ???????????","non_ascii_suspect","flagged","needs_correction","Mojibake-corrupted punctuation (em/en-dash), confirmed 2026-08-26. Content otherwise genuine - re-type from official PDF in follow-up pass."
"question","907a2634-c116-4ae7-84d4-c597af643bc6","2024","36","?????????????????? ??????????????????-???????????? ??????????????? ?????????????????? ?????? ???????????? ????????????????????? ????????????","non_ascii_suspect","flagged","needs_correction","Mojibake-corrupted punctuation (em/en-dash), confirmed 2026-08-26. Content otherwise genuine - re-type from official PDF in follow-up pass."
"question","67dcca3c-cf47-4dd2-87a3-9b910f713456","2024","37","????????? ??????????????????????????? ????????? ??????????????????????????? ?????? ?????????????????????????????? ??????????????? ??????????","non_ascii_suspect","flagged","needs_correction","Mojibake-corrupted punctuation (em/en-dash), confirmed 2026-08-26. Content otherwise genuine - re-type from official PDF in follow-up pass."
"question","9cba9cdd-85e3-4697-9c18-4fb9ff968d39","2024","38","e-governance ???????????? ??????????????? ??????????????????????????? ???????????? ??? ??????????????????????????????/??????????????????????","non_ascii_suspect","flagged","needs_correction","Mojibake-corrupted punctuation (em/en-dash), confirmed 2026-08-26. Content otherwise genuine - re-type from official PDF in follow-up pass."
"question","70d9cf69-d34a-44f2-a6f2-888fdc501098","2024","39","????????????????????? ????????????????????? ???????????? ??? UNSC ?????? CTC ??? ?????????????????? ????????????????????? ?????? ???????????","non_ascii_suspect","flagged","needs_correction","Mojibake-corrupted punctuation (em/en-dash), confirmed 2026-08-26. Content otherwise genuine - re-type from official PDF in follow-up pass."
"question","2952a157-14ff-4e2e-8fa9-a9193c3b13a4","2024","40","?????????????????? ?????? ???????????? ???????????? ??????-????????????????????????/??????-????????????????????? ????????????????????? (????","non_ascii_suspect","flagged","needs_correction","Mojibake-corrupted punctuation (em/en-dash), confirmed 2026-08-26. Content otherwise genuine - re-type from official PDF in follow-up pass."
"question","93582115-2a6b-4bba-a435-b601615ebccc","2024","41","???????????? ????????? ????????????????????? ?????? ???????????? ????????? ????????????????????? ?????????????????? ?????? ???????????? ????","non_ascii_suspect","flagged","needs_correction","Mojibake-corrupted punctuation (em/en-dash), confirmed 2026-08-26. Content otherwise genuine - re-type from official PDF in follow-up pass."
"question","47fcc0f3-c114-4a3d-bdfb-9a06d288655e","2024","42","???????????? ????????? ?????????????????? ???????????? ??????????????? ???????????????????????????????????? ?????? ????????????? RBI ???????","non_ascii_suspect","flagged","needs_correction","Mojibake-corrupted punctuation (em/en-dash), confirmed 2026-08-26. Content otherwise genuine - re-type from official PDF in follow-up pass."
"question","815aa151-4085-4d31-a51d-d25963c62b83","2024","43","????????? ?????? ????????? ??????????????? ????????? ???????????? ??????????????? ????????? ????????????????????????????????? ?????? ???????","non_ascii_suspect","flagged","needs_correction","Mojibake-corrupted punctuation (em/en-dash), confirmed 2026-08-26. Content otherwise genuine - re-type from official PDF in follow-up pass."
"question","ab83c840-0d44-4970-b426-242d5a023eb0","2024","44","???????????? ????????? ??????????????????????????? ??? ???????????? ????????????????????? ????????? ???????????? ?????????????????? ?????? ?","non_ascii_suspect","flagged","needs_correction","Mojibake-corrupted punctuation (em/en-dash), confirmed 2026-08-26. Content otherwise genuine - re-type from official PDF in follow-up pass."
"question","e939ae9d-0cf6-4621-8ec5-2a479a985645","2024","45","???????????? ?????????????????????????????? ????????? ????????????????????? ??????????????? ?????????????????? ?????? ????????????????????? ","non_ascii_suspect","flagged","needs_correction","Mojibake-corrupted punctuation (em/en-dash), confirmed 2026-08-26. Content otherwise genuine - re-type from official PDF in follow-up pass."
"question","182ce8fb-4903-4ec4-a5b7-77e2181eee49","2024","46","?????????????????????????????? ?????? ???????????????????????????????????? ??????-?????? ?????????????????? ???????????? ?????????-?????? ??","non_ascii_suspect","flagged","needs_correction","Mojibake-corrupted punctuation (em/en-dash), confirmed 2026-08-26. Content otherwise genuine - re-type from official PDF in follow-up pass."
"question","2a21ed70-5e2d-46da-a2b6-2161ee4f3f43","2024","47","???????????? ????????? ????????? ?????? ?????? ???????????????????????? ????????????????????? ?????????????????????????????? ???????????????","non_ascii_suspect","flagged","needs_correction","Mojibake-corrupted punctuation (em/en-dash), confirmed 2026-08-26. Content otherwise genuine - re-type from official PDF in follow-up pass."
"question","3f906fe3-4307-4c72-9c24-2b1076dcde38","2024","48","???????????? ????????? ?????????????????? ?????????????????????????????? ?????? EIA ???????????????????????? ????????? ?????????????????????","non_ascii_suspect","flagged","needs_correction","Mojibake-corrupted punctuation (em/en-dash), confirmed 2026-08-26. Content otherwise genuine - re-type from official PDF in follow-up pass."
"question","d6389225-62d3-433c-ad95-d1ea15b5fe69","2024","49","??????????????????-????????????????????? ???????????????????????? ????????? ????????? ??????????????? ???????????? ????????? ????????? ?????","non_ascii_suspect","flagged","needs_correction","Mojibake-corrupted punctuation (em/en-dash), confirmed 2026-08-26. Content otherwise genuine - re-type from official PDF in follow-up pass."
"question","171ac49b-a0b4-4160-9437-3e1a8a0047ee","2024","50","?????????????????? ??????????????????????????? ???????????? ????????????????????? ????????????????????? 2023 ?????? ?????????????????? ??? ?","non_ascii_suspect","flagged","needs_correction","Mojibake-corrupted punctuation (em/en-dash), confirmed 2026-08-26. Content otherwise genuine - re-type from official PDF in follow-up pass."
"question","e5ff7812-e35d-463b-baf1-5d9ef48f478e","2024","51","???????????? ????????? ???????????? ??????????????? ??????????????? ??? ????????? '???????????? ????????????????????????' ?????? ?????????-?","non_ascii_suspect","flagged","needs_correction","Mojibake-corrupted punctuation (em/en-dash), confirmed 2026-08-26. Content otherwise genuine - re-type from official PDF in follow-up pass."
"question","d81b8198-b351-44fc-a7ec-a771e72ad408","2024","52","???????????? ????????? ??????????????????????????? ???????????? ????????????????????????????????? ????????????????????? ?????? ?????????????","non_ascii_suspect","flagged","needs_correction","Mojibake-corrupted punctuation (em/en-dash), confirmed 2026-08-26. Content otherwise genuine - re-type from official PDF in follow-up pass."
"question","4e5a0446-d20d-4426-a497-e021a4235c2e","2024","53","?????????????????? ?????????????????? ????????????????????? ?????? ?????????????????? ???????????????????????????? ???????????? ????????????","non_ascii_suspect","flagged","needs_correction","Mojibake-corrupted punctuation (em/en-dash), confirmed 2026-08-26. Content otherwise genuine - re-type from official PDF in follow-up pass."
"question","3d45fcf5-8abb-4bbc-855b-ce4c01912da6","2024","54","???????????? ???????????? ??????????????????????????? ????????? ????????? ??????????????? ?????? ????????????????????? ?????????????????? ??","non_ascii_suspect","flagged","needs_correction","Mojibake-corrupted punctuation (em/en-dash), confirmed 2026-08-26. Content otherwise genuine - re-type from official PDF in follow-up pass."
"question","ef825704-f669-4d18-ad0d-da911167fc08","2024","55","?????????????????? ???????? ??? ???????????? ?????? ????????? ???????????? ???????????? ???????????????????????? ?????????????????????? ????","non_ascii_suspect","flagged","needs_correction","Mojibake-corrupted punctuation (em/en-dash), confirmed 2026-08-26. Content otherwise genuine - re-type from official PDF in follow-up pass."
"question","192a7982-3156-414b-bfc8-84c39e5360ec","2024","56","????????????????????????????????? (asteroids) ???????????? ?????????? ???????????? ???????????????????????? ???????????? ??????????????? ???","non_ascii_suspect","flagged","needs_correction","Mojibake-corrupted punctuation (em/en-dash), confirmed 2026-08-26. Content otherwise genuine - re-type from official PDF in follow-up pass."
"question","a85acaf5-ab3a-4449-8629-46d8c20644ff","2024","57","???????????? ???????????????????????? (resilience) ???????????? ??????? ???????????? ??????????????????????????? ????????????? ?????????????","non_ascii_suspect","flagged","needs_correction","Mojibake-corrupted punctuation (em/en-dash), confirmed 2026-08-26. Content otherwise genuine - re-type from official PDF in follow-up pass."
"question","98e52a45-d4d6-4dff-8b27-bacac821c7ca","2024","58","???????????? ???????????? ??????????????????-????????????????????? ???????????? ??? ???????????? ??????????????? ???????????? ??????????????","non_ascii_suspect","flagged","needs_correction","Mojibake-corrupted punctuation (em/en-dash), confirmed 2026-08-26. Content otherwise genuine - re-type from official PDF in follow-up pass."
"question","af3deb14-0375-4de8-aa26-f0987d108bda","2024","59","????????????-?????????-??????????????????????????? ???????????? ??????????????? ??? ????????????????????? ??????????????????????????? ??????","non_ascii_suspect","flagged","needs_correction","Mojibake-corrupted punctuation (em/en-dash), confirmed 2026-08-26. Content otherwise genuine - re-type from official PDF in follow-up pass."
"question","0ff81e31-cfe3-4cbf-9b60-41b0aeba0cb3","2024","60","???????????? ?????????????????? ??? ???????????????????????????????????? ??????????????? ?????????????????? ????????????????????? ??????????","non_ascii_suspect","flagged","needs_correction","Mojibake-corrupted punctuation (em/en-dash), confirmed 2026-08-26. Content otherwise genuine - re-type from official PDF in follow-up pass."
"question","6b99446a-1391-45aa-bd53-e6dee2015e2a","2024","61","??????????????????????????? ???????????????????????? ?????????????????? ???????????? ?????? ????????? ??????????????? ?????? ?????? ????????","non_ascii_suspect","flagged","needs_correction","Mojibake-corrupted punctuation (em/en-dash), confirmed 2026-08-26. Content otherwise genuine - re-type from official PDF in follow-up pass."
"question","191713b3-5e71-4f06-a3d4-afbc28933f4e","2024","62","""????????????????????? ????????? ?????? ?????????????????? ???????????? ??????????????? ????????? ?????? ?????????????????????????????? ????","non_ascii_suspect","flagged","needs_correction","Mojibake-corrupted punctuation (em/en-dash), confirmed 2026-08-26. Content otherwise genuine - re-type from official PDF in follow-up pass."
"question","2dcc1c84-eb3b-468e-a964-935b741c39c8","2024","63","""??????????????? ?????? ???????????? ????????? ???????????? ????????? ???????????? ?????? ???????????????????????? ???????????? ??????, ????","non_ascii_suspect","flagged","needs_correction","Mojibake-corrupted punctuation (em/en-dash), confirmed 2026-08-26. Content otherwise genuine - re-type from official PDF in follow-up pass."
"question","fa0cbf06-4b9a-4676-81db-74c33c4916f7","2024","64","?????????????????? ???????????????????????? ?????? ?????????????????? ???????????????????????? ??????????????? ?????? ????????? ?????? ?????","non_ascii_suspect","flagged","needs_correction","Mojibake-corrupted punctuation (em/en-dash), confirmed 2026-08-26. Content otherwise genuine - re-type from official PDF in follow-up pass."
"question","77263fd0-3478-4ae2-8a69-7ddd09cac7f1","2024","65","???????????? ???????????????????????? ?????? ????????? ?????????????????? ???????????? ????????? ?????? ???????????? ????????????????????? ?","non_ascii_suspect","flagged","needs_correction","Mojibake-corrupted punctuation (em/en-dash), confirmed 2026-08-26. Content otherwise genuine - re-type from official PDF in follow-up pass."
"question","71ff7d6e-b93f-4f76-9279-44e855e9b6a9","2024","66","???????????? ???????????????????????? ?????? ????????? ?????????????????? ???????????? ????????? ?????? ???????????? ????????????????????? ?","non_ascii_suspect","flagged","needs_correction","Mojibake-corrupted punctuation (em/en-dash), confirmed 2026-08-26. Content otherwise genuine - re-type from official PDF in follow-up pass."
"question","935e04d7-853c-4727-b131-3232b464dc29","2024","67","???????????? ???????????????????????? ?????? ????????? ?????????????????? ???????????? ????????? ?????? ???????????? ????????????????????? ?","non_ascii_suspect","flagged","needs_correction","Mojibake-corrupted punctuation (em/en-dash), confirmed 2026-08-26. Content otherwise genuine - re-type from official PDF in follow-up pass."
"question","84c47310-afb9-473c-b9c6-b539026d8ca2","2024","68","""?????????????????????????????? ?????? ????????????????????????????????? ?????? ????????????????????? ??????????????????????????? ????????? ","non_ascii_suspect","flagged","needs_correction","Mojibake-corrupted punctuation (em/en-dash), confirmed 2026-08-26. Content otherwise genuine - re-type from official PDF in follow-up pass."
"question","a1e67c68-7b1f-486c-bce2-08c61634be0f","2024","69","""??????????????? ?????? ????????? ?????? ?????????????????????????????? ???????????? ????????? ?????? ??????????????? ????????????????????? ","non_ascii_suspect","flagged","needs_correction","Mojibake-corrupted punctuation (em/en-dash), confirmed 2026-08-26. Content otherwise genuine - re-type from official PDF in follow-up pass."
"question","b9f3d4a4-e62c-475d-b74c-e8264a80a95d","2024","70","'???????????? ??????????????????' ?????? '??????????????? ??????????????????' ????????? ????????????????????? ????????? ????????????????????","non_ascii_suspect","flagged","needs_correction","Mojibake-corrupted punctuation (em/en-dash), confirmed 2026-08-26. Content otherwise genuine - re-type from official PDF in follow-up pass."
"question","8086f341-67e9-403e-8421-fb01e64af2ee","2024","71","?????? ??????????????? ?????????????????? ??????????????? ?????????????????? (??????????????????) ?????? ??????????????? ?????????????????? ","non_ascii_suspect","flagged","needs_correction","Mojibake-corrupted punctuation (em/en-dash), confirmed 2026-08-26. Content otherwise genuine - re-type from official PDF in follow-up pass."
"question","810e7d18-b214-4651-97a8-2394c98c1d07","2024","72","""?????????????????? ???????????????????????? ?????? ??????????????? ????????????????????? ????????? ?????????????????? ?????????????????????","non_ascii_suspect","flagged","needs_correction","Mojibake-corrupted punctuation (em/en-dash), confirmed 2026-08-26. Content otherwise genuine - re-type from official PDF in follow-up pass."
"question","29723de1-1ec7-4362-83ec-543f2800aedc","2024","73","???????????? ???????????????????????? ?????? ?????????????????? ???????????????????????? ?????? ???????????? ???????????? ?????? ???????????","non_ascii_suspect","flagged","needs_correction","Mojibake-corrupted punctuation (em/en-dash), confirmed 2026-08-26. Content otherwise genuine - re-type from official PDF in follow-up pass."
"question","1845768c-3cf7-4dd4-990a-94f829877d88","2024","74","??????????????? ??????????????????????????????????????? ????????? ?????? ?????? ?????????????????? ??????????????? ?????? ?????? ???????????","non_ascii_suspect","flagged","needs_correction","Mojibake-corrupted punctuation (em/en-dash), confirmed 2026-08-26. Content otherwise genuine - re-type from official PDF in follow-up pass."
"question","8698df18-baeb-444a-9519-6c041c33438e","2024","75","????????? ?????? ????????????????? ?????????????????? ????????????????????? ????????? ?????? ????????? ?????? ????????? ?????????????????? ?","non_ascii_suspect","flagged","needs_correction","Mojibake-corrupted punctuation (em/en-dash), confirmed 2026-08-26. Content otherwise genuine - re-type from official PDF in follow-up pass."
"question","cb16884a-7fc5-4b62-9c2c-8b4f58ef4e5e","2024","76","??????????????? ????????? ?????????????????? ?????????, ??????????????? ????????? ?????? ????????????????????? ?????? ??????????????? ??????","non_ascii_suspect","flagged","needs_correction","Mojibake-corrupted punctuation (em/en-dash), confirmed 2026-08-26. Content otherwise genuine - re-type from official PDF in follow-up pass."
"question","ff526cd1-9b90-45ae-ae30-7b076772681d","2024","77","?????????????????? ?????? ????????????????? ????????????????????? ????????? ?????? ?????? ??????????????? ???????????? ???????????? ????????","non_ascii_suspect","flagged","needs_correction","Mojibake-corrupted punctuation (em/en-dash), confirmed 2026-08-26. Content otherwise genuine - re-type from official PDF in follow-up pass."
"question","49f8d4dd-6f76-4e15-955a-807909e7d38c","2024","78","?????? ???????????? ????????????????????? ????????? ?????? ???????????? ??????????????? ???????????? ?????? ????????????, ???????????? ?????","non_ascii_suspect","flagged","needs_correction","Mojibake-corrupted punctuation (em/en-dash), confirmed 2026-08-26. Content otherwise genuine - re-type from official PDF in follow-up pass."
"question","b3684ffe-5aa0-40d0-bea2-425b894121f8","2024","79","??????. ?????????????????????????????? ?????? ??????????????????????? ?????? ?????????-???????????????????????????????????? ??????????????? ","non_ascii_suspect","flagged","needs_correction","Mojibake-corrupted punctuation (em/en-dash), confirmed 2026-08-26. Content otherwise genuine - re-type from official PDF in follow-up pass."
"question","e17e93cc-d7fa-48d1-bec4-e88b8ae96854","2024","80","Forests precede civilizations and deserts follow them.","","spot_check","verified","Clean sweep + spot-check sample confirmed sound - bulk pass 2026-08-26"
"question","66aa92b2-0fc6-4722-b7c6-40c15b6b64dd","2024","81","The empires of the future will be the empires of the mind.","","","verified","Clean sweep + spot-check sample confirmed sound - bulk pass 2026-08-26"
"question","794b1acf-badc-40f8-b60a-2d12756ee9eb","2024","82","There is no path to happiness, Happiness is the path.","","","verified","Clean sweep + spot-check sample confirmed sound - bulk pass 2026-08-26"
"question","b061f803-9c87-4f45-9e63-fe5454c0e9f7","2024","83","The doubter is a true man of science.","","","verified","Clean sweep + spot-check sample confirmed sound - bulk pass 2026-08-26"
"question","411c985c-1990-4acf-b14b-16f9eee81d9c","2024","84","Social media is triggering ???Fear of Missing Out??? amongst the youth precipitating depression and loneliness.","non_ascii_suspect","flagged","needs_correction","Mojibake-corrupted punctuation (em/en-dash), confirmed 2026-08-26. Content otherwise genuine - re-type from official PDF in follow-up pass."
"question","d9c4942b-7725-4b7c-a798-6b63c66b3f5e","2024","85","Nearly all men can stand adversity, but to test the character, give him power.","","spot_check","verified","Clean sweep + spot-check sample confirmed sound - bulk pass 2026-08-26"
"question","c99102f6-cf73-490e-9e10-24eff07d7810","2024","86","All ideas having large consequences are always simple.","","","verified","Clean sweep + spot-check sample confirmed sound - bulk pass 2026-08-26"
"question","c730fc11-863c-4e79-85a3-08afca12d5d4","2024","87","The cost of being wrong is less than the cost of doing nothing.","","","verified","Clean sweep + spot-check sample confirmed sound - bulk pass 2026-08-26"
"tag","a85cafe6-c295-4ebc-b233-fa97198e2a93","2024","01bc558f-a3a3-4612-8141-f6b2019d7c9f","Gandhian mass mobilization phases (Non-Cooperation, Civil Disobedience, Quit India) and the special role of women in this phase","","spot_check","verified","Clean sweep + spot-check sample confirmed sound - bulk pass 2026-08-26"
"tag","1bcf9774-7877-49b6-bd86-f6a73d39f857","2024","049901d3-a4a5-41ea-a138-c0eec3f3d0c3","Case studies: public-safety & procurement dilemmas under pressure: infrastructure-safety cover-up under election-timeline pressure, defence-","","","verified","Clean sweep + spot-check sample confirmed sound - bulk pass 2026-08-26"
"tag","bcfdcb5e-b30b-4c70-9106-d0b697402b65","2024","06fa28e7-3e83-4e92-a61a-9e4f5a5eb874","Salient features and changes within Indian society and their repercussions; diversity of India and whether 'unity in diversity' is reality o","","","verified","Clean sweep + spot-check sample confirmed sound - bulk pass 2026-08-26"
"tag","fb5a5213-9741-4f44-b368-4c1b56fbbb1e","2024","0e370af1-44dc-430b-a830-9c549d036623","Citizen's Charter and RTI Act: utility/limitations as accountability instruments; RTI's role in redefining accountability beyond mere citize","","","verified","Clean sweep + spot-check sample confirmed sound - bulk pass 2026-08-26"
"tag","81a0084d-8c3a-47a0-b56d-ceab9771d04b","2024","12feeb23-16c7-4c59-b28b-f61ce53a3053","Women-related issues: hysterectomies, workforce participation gaps, gender disparities in poverty, women in corporate roles, abortion rights","","","verified","Clean sweep + spot-check sample confirmed sound - bulk pass 2026-08-26"
"tag","d3b61728-ea48-4f32-83c0-afdf11ee3bd4","2024","135082bc-d1b2-46fd-b73b-99a2ce1eb321","Case studies & sector-specific disaster risk: pandemic-preparedness funding, disaster-induced displacement, urban flood management, Joshimat","","","verified","Clean sweep + spot-check sample confirmed sound - bulk pass 2026-08-26"
"tag","b9380249-7fb3-4458-8d21-03d216f15bf5","2024","1b42a963-7767-4dfa-8d3d-481a767bbc9a","World War I: causes, course, major events, consequences, aftermath, and the League of Nations","","","verified","Clean sweep + spot-check sample confirmed sound - bulk pass 2026-08-26"
"tag","b3447c18-6321-4aa2-b499-95c09a1136cc","2024","1f074352-90a9-460f-9ec8-dcf193c6198b","Effects of globalization on Indian society: kinds of impact (economic, political, developmental, socio-cultural) and whether the impact is s","","","verified","Clean sweep + spot-check sample confirmed sound - bulk pass 2026-08-26"
"tag","9843e82b-fbb8-422a-8309-06cb9aa084ae","2024","2071ecc9-3042-45cc-b6d5-0a2c7970f1c8","Atmospheric & coastal phenomena: geomagnetic storms and auroras, sea swells and rip currents, alpenglow phenomenon, atmospheric rivers, ligh","","","verified","Clean sweep + spot-check sample confirmed sound - bulk pass 2026-08-26"
"tag","23d2d797-155a-44ba-ac96-d58da6e6f0ea","2024","26a1506e-c212-48b3-ab7d-ac33f38f6292","Social media and internal-security threats: regulation challenges, AI's dual role, and monitoring difficulties","","","verified","Clean sweep + spot-check sample confirmed sound - bulk pass 2026-08-26"
"tag","dd827bdc-7fd1-4e72-b8ee-80ce03aacafe","2024","2a964f06-9b59-4139-9e33-2af38ac3ebac","Classical Temple Architecture: Nagara, Dravida, Vesara and regional sub-schools (Pallava, Chola, Pandya, Vijayanagara, Nayaka, Hoysala, Rash","","spot_check","verified","Clean sweep + spot-check sample confirmed sound - bulk pass 2026-08-26"
"tag","c77335da-7937-4858-99d1-0c5a9fc06f92","2024","301095c0-baea-4fd3-963e-1de5fed159e6","Disaster management, preparedness and mitigation: community-based management, government initiatives, National Disaster Management Act 2005,","","","verified","Clean sweep + spot-check sample confirmed sound - bulk pass 2026-08-26"
"tag","8b811cb7-2698-4cf4-8e48-cb40788c2d96","2024","3162e4b3-2e3b-4032-9aae-fd72895470f2","Poverty and hunger: definitional debates across committees, poverty data, causes, urban vs rural vs feminized poverty, poverty-alleviation m","","","verified","Clean sweep + spot-check sample confirmed sound - bulk pass 2026-08-26"
"tag","8b6117d4-3b8d-487d-81b5-79ab9249e817","2024","31fb942c-7c86-4953-a7a9-f8621792076a","Environmental ethics: linkage between ethics and environment, relevant theories, and the role of the individual","","","verified","Clean sweep + spot-check sample confirmed sound - bulk pass 2026-08-26"
"tag","58e5b916-2ca2-4585-b823-f1e52a1a95a2","2024","35fbd86b-e1cf-4c28-b0d9-ac22e4a5a7dc","Climatology: atmospheric composition and structure (exosphere to troposphere), insolation and heat balance, temperature distribution and inv","","","verified","Clean sweep + spot-check sample confirmed sound - bulk pass 2026-08-26"
"tag","434c9fbd-643c-40c0-ac1c-930deb7f6f6c","2024","3ae95ca7-5883-4a49-aa03-b245b9b6500a","Need and importance of government policies: growth/development, human capital formation, equality and social justice, unity and integrity, t","","","verified","Clean sweep + spot-check sample confirmed sound - bulk pass 2026-08-26"
"tag","883917d5-c349-4095-a36e-6890a6a65150","2024","3eb08a5b-0910-493b-bf1d-07f0b7468836","Indian moral/spiritual exemplars used as case anchors: Mahatma Gandhi, Dr S. Radhakrishnan, Rabindranath Tagore, Swami Dayanand Saraswati, M","","","verified","Clean sweep + spot-check sample confirmed sound - bulk pass 2026-08-26"
"tag","ecaab502-2b03-43b5-9f67-a49ed142ca07","2024","3eb08a5b-0910-493b-bf1d-07f0b7468836","Indian moral/spiritual exemplars used as case anchors: Mahatma Gandhi, Dr S. Radhakrishnan, Rabindranath Tagore, Swami Dayanand Saraswati, M","","","verified","Clean sweep + spot-check sample confirmed sound - bulk pass 2026-08-26"
"tag","e4fe2ff3-d430-4013-83ae-3a9174d3bec8","2024","435af0f4-9815-4df8-8fd7-4e97c563eaf4","Health, education and human-resource services: India's education structure (primary/secondary/higher), GOI education initiatives and reform ","","","verified","Clean sweep + spot-check sample confirmed sound - bulk pass 2026-08-26"
"tag","73a3560c-8a71-49ea-9b70-775cc272bd0a","2024","445b315b-6161-494f-a586-7499b580f1ef","Tropical cyclones: formation conditions, convective cyclogenesis, path, damage, Arabian Sea cyclones, naming conventions, and early-warning ","","","verified","Clean sweep + spot-check sample confirmed sound - bulk pass 2026-08-26"
"tag","039fbf03-af7c-4987-b62b-4981683b66e2","2024","46decb7a-a9bb-4819-b8d9-0f2ec973bd38","Major powers: Russia (strategic cooperation, Russia-China impact on India), China (economic relations, water disputes, String of Pearls, Mar","","spot_check","verified","Clean sweep + spot-check sample confirmed sound - bulk pass 2026-08-26"
"tag","d14f6a31-16d1-4d90-a026-00b8abd2a2d7","2024","46e69d27-cd73-4302-ab40-a6be2ec9d86c","Inclusive growth: meaning and concept of inclusion, India's inclusion experience, social-sector initiatives, ground reality of flagship sche","","","verified","Clean sweep + spot-check sample confirmed sound - bulk pass 2026-08-26"
"tag","6bfc4cf9-f64e-4a0b-acd8-df99f17c582f","2024","4c1a049f-93d8-44e1-ad99-ea91ebbd6fce","Federalism, reservation & constitutional status: Article 31C, reservation on the basis of religion/domicile, sub-categorisation of SC/OBC, r","","","verified","Clean sweep + spot-check sample confirmed sound - bulk pass 2026-08-26"
"tag","dc629f62-3409-40b7-8f7c-8b1d381b0457","2024","4c1a049f-93d8-44e1-ad99-ea91ebbd6fce","Federalism, reservation & constitutional status: Article 31C, reservation on the basis of religion/domicile, sub-categorisation of SC/OBC, r","","","verified","Clean sweep + spot-check sample confirmed sound - bulk pass 2026-08-26"
"tag","025d6e07-c3d9-46be-ae50-51d442e80cbc","2024","55c53ad8-cdf0-45ea-a874-65aea7779aed","Effect of human activities on the environment: impacts of modern agriculture, housing, power generation, river-valley/mining/transport/touri","","","verified","Clean sweep + spot-check sample confirmed sound - bulk pass 2026-08-26"
"tag","d749c3fb-28e2-46aa-8cfa-f67f2ac96f73","2024","5b9d10c3-2e41-4dfb-858c-87fcc8003436","e-Governance: introduction, applications, models, successes/limitations/future prospects, dashboards/portals, democracy-and-e-governance lin","","","verified","Clean sweep + spot-check sample confirmed sound - bulk pass 2026-08-26"
"tag","1a49a11c-acc7-44aa-9464-52c1de4c6abc","2024","5ccc7889-2702-4896-abba-c8d8593b4741","Fundamental Rights vs DPSPs: structural tension resolved via landmark pronouncements; scope expansion via the Right to Privacy judgment","","","verified","Clean sweep + spot-check sample confirmed sound - bulk pass 2026-08-26"
"tag","2c099011-0e26-4d76-a690-482a5a044674","2024","5f764b03-ef7f-40e1-9b42-26bc3ef4b01f","Space missions & policy: PRATUSH lunar telescope, NISAR mission, Aditya-L1, Chandrayaan-3, Indian Space Policy 2023, SSLV-D2, Artemis missio","","","verified","Clean sweep + spot-check sample confirmed sound - bulk pass 2026-08-26"
"tag","fe8052fd-e244-4a87-9df2-fdebe0ec1696","2024","60628fbc-bf5f-410e-86c8-2857389d9826","Public discourse & rights ethics (case studies): internet-shutdown ethics, free speech on social media, social-media influencing, moral poli","","","verified","Clean sweep + spot-check sample confirmed sound - bulk pass 2026-08-26"
"tag","2141a208-4332-43aa-bfdb-d1bd37b64a75","2024","60dbf376-d7e5-4833-92de-a0bb8f24568d","Essence, determinants and consequences of ethics in human actions; approaches to ethical study (Indian vs Western perspectives); basic conce","","","verified","Clean sweep + spot-check sample confirmed sound - bulk pass 2026-08-26"
"tag","21a4979a-08f4-4f77-ad9c-f8972782dcfe","2024","62161478-bbc3-4d4e-8597-539d7453db81","Social empowerment: meaning, need, Five-Year-Plan and government initiatives, role of civil society organisations","","spot_check","verified","Clean sweep + spot-check sample confirmed sound - bulk pass 2026-08-26"
"tag","4dc23699-10da-4f44-815a-f9274cbbd97a","2024","637fbe68-a66c-4746-a9ef-f172c4ec6dfa","Consequentialist vs Deontological (Kantian) moral boundaries in public-administration execution; Utilitarianism's concept and its critique w","","","verified","Clean sweep + spot-check sample confirmed sound - bulk pass 2026-08-26"
"tag","a0c91d60-0d7a-4f5c-bb49-9b2d612145d8","2024","637fbe68-a66c-4746-a9ef-f172c4ec6dfa","Consequentialist vs Deontological (Kantian) moral boundaries in public-administration execution; Utilitarianism's concept and its critique w","","","verified","Clean sweep + spot-check sample confirmed sound - bulk pass 2026-08-26"
"tag","1f769eea-a027-4c24-929d-2af8f9bb5992","2024","668f065b-3b15-48ea-b637-e6a9da32bf2f","Can an administrator succeed on aptitude alone, without integrity? ??? the integrity-vs-competence debate; impartiality maintenance under po","","","verified","Clean sweep + spot-check sample confirmed sound - bulk pass 2026-08-26"
"tag","8d321783-eb8f-4bcd-833a-0c4ded043d81","2024","6ca6382e-c307-415a-b750-3e76d7f2b32a","Council of Ministers, Attorney General of India, and Parliament: composition of Lok Sabha/Rajya Sabha, qualification/disqualification, sessi","","","verified","Clean sweep + spot-check sample confirmed sound - bulk pass 2026-08-26"
"tag","1e6f3bfe-b470-4bab-b71c-b152bc9ff88e","2024","6d9b8bde-1762-4f64-9809-288cd1a81a7d","International & security ethics (case studies): ethics in international relations (trade, war, climate finance), arbitration ethics, peaceke","","","verified","Clean sweep + spot-check sample confirmed sound - bulk pass 2026-08-26"
"tag","9a36fc1e-e679-47a5-ae7b-5754e4db5854","2024","6d9b8bde-1762-4f64-9809-288cd1a81a7d","International & security ethics (case studies): ethics in international relations (trade, war, climate finance), arbitration ethics, peaceke","","","verified","Clean sweep + spot-check sample confirmed sound - bulk pass 2026-08-26"
"tag","d93d8dd9-5406-485c-91ba-2c5966655498","2024","7036549d-c1aa-4248-84c6-45ae201bba10","India and neighbours: Nepal (water/hydropower cooperation, contentions, recommendations), Bhutan (economic overview, China issues), Afghanis","","","verified","Clean sweep + spot-check sample confirmed sound - bulk pass 2026-08-26"
"tag","54dffed6-29f5-42e4-96a4-a4141fedab01","2024","72931a61-5f04-42c2-8713-3dd02d2530e5","Public Distribution System: objectives, functioning, limitations, revamping from universal to targeted PDS, cost-benefit analysis, buffer-st","","","verified","Clean sweep + spot-check sample confirmed sound - bulk pass 2026-08-26"
"tag","02cd0a5b-bb17-4856-bb75-eb18aea5cbb6","2024","7b930876-1b58-482e-9eb7-73b549ea751b","Venture capital's role in tech-startup growth; IP piracy's impact on creative/tech industries; biotechnology's lab-to-commercial-scale const","","","verified","Clean sweep + spot-check sample confirmed sound - bulk pass 2026-08-26"
"tag","a5c7d595-6d29-4240-8220-2ecfeff14445","2024","7be96824-296a-4a7c-8328-5463940d40f7","Monetary policy: instruments, pre- and post-1991-reform eras, Urjit Patel Committee, and the Monetary Policy Committee's inflation-targeting","","spot_check","verified","Clean sweep + spot-check sample confirmed sound - bulk pass 2026-08-26"
"tag","c67e80ce-e62f-4da1-90cc-4ffeb3f007c2","2024","8637daf2-e313-4ab2-9f53-bd4a8c352461","Problem of caste and social consolidation: caste practices, Ambedkar movement, constitutional provisions, recent emancipation initiatives fo","","","verified","Clean sweep + spot-check sample confirmed sound - bulk pass 2026-08-26"
"tag","3b8328f9-6f59-47cb-b51b-edbf112d0942","2024","864d1c11-6f6a-4e72-bab5-1468b24ab6e8","Distinguishing a 'Code of Conduct' from a 'Code of Ethics'; code of conduct for ministers/legislators/civil servants/regulators/judiciary","","","verified","Clean sweep + spot-check sample confirmed sound - bulk pass 2026-08-26"
"tag","30365579-67a3-417b-bb7f-41c5cd4602b2","2024","8a59db20-4195-4abc-abed-90993b8a8dac","Environmental Impact Assessment: executing body, effects analysed, EIA process, and the EIA notification of 1984 (procedural evolution)","","","verified","Clean sweep + spot-check sample confirmed sound - bulk pass 2026-08-26"
"tag","15a9fddb-2ef6-41d2-a0a0-d0d69aa590c9","2024","8d38dfff-a6cb-417e-83ff-cfd307e61cf2","Infrastructure: economic/social/environmental impact of infrastructure, transport (ports, inland waterways, roads, National Infrastructure P","","","verified","Clean sweep + spot-check sample confirmed sound - bulk pass 2026-08-26"
"tag","2d15e409-172b-4bbe-a9d8-230e977d5454","2024","8d38dfff-a6cb-417e-83ff-cfd307e61cf2","Infrastructure: economic/social/environmental impact of infrastructure, transport (ports, inland waterways, roads, National Infrastructure P","","","verified","Clean sweep + spot-check sample confirmed sound - bulk pass 2026-08-26"
"tag","9a4fa2c7-0f73-4a3b-9939-9e402b704aba","2024","90ed023c-e549-4e63-b13a-7f428b2fca21","Demographic transition: changes in population growth rates and distribution since Independence; population problems of developing vs develop","","","verified","Clean sweep + spot-check sample confirmed sound - bulk pass 2026-08-26"
"tag","ec202fb8-459c-41fa-92b1-d4398965597b","2024","93668a0a-8cd5-4046-aaad-d8d9d8076c08","Migration and settlements: push/pull factors, internal vs world migration, functional classification of cities, boundaries vs frontiers, rur","","","verified","Clean sweep + spot-check sample confirmed sound - bulk pass 2026-08-26"
"tag","6ec8218d-8786-41e6-ac15-16dae26bcbba","2024","995a17a5-b4a8-42aa-b692-eb7550d8c358","Cold-chain and price-volatility management: long-term cold-chain solutions for vegetable-price volatility; MSP's role in food security and c","","","verified","Clean sweep + spot-check sample confirmed sound - bulk pass 2026-08-26"
"tag","ca7e818b-bd8e-4dd8-a2c6-585014947a73","2024","9bd20b7a-c1d9-47a4-9be8-992b9d023c5b","Land reforms: colonial-era ownership patterns (Zamindari, Ryotwari, Mahalwari), objectives and progress since Independence, ceiling-legislat","","spot_check","verified","Clean sweep + spot-check sample confirmed sound - bulk pass 2026-08-26"
"tag","aa8ad91f-4e65-43da-b190-194014d4af3c","2024","9cc67a5d-b228-4658-83cc-9ebf547fcf53","Family, marriage, and kinship structural shifts in transitional Indian society; validity of Hindu marriages, live-in relationships, raising ","","","verified","Clean sweep + spot-check sample confirmed sound - bulk pass 2026-08-26"
"tag","069c49c6-40c8-43c2-8c90-b0ed5002ec4f","2024","a4a8c1e1-108a-4040-8df0-ed5104f2a464","Western philosophers used as ethics-paper anchors: Plato, Aristotle, Socrates, Jeremy Bentham, J.S. Mill, Thomas Hobbes, John Locke, Jean-Ja","","","verified","Clean sweep + spot-check sample confirmed sound - bulk pass 2026-08-26"
"tag","d02f0654-1cde-47cd-97c2-4e32bbdc188c","2024","a600bad8-e61a-4fdd-b07e-aa67441e04db","Major early medieval dynasties (750-1200): Pratiharas, Palas, Rashtrakutas, tripartite conflict, Senas, Rajputs, Pallavas, Chalukyas, and th","","","verified","Clean sweep + spot-check sample confirmed sound - bulk pass 2026-08-26"
"tag","34562846-6421-4714-8ac1-5cff86d4381d","2024","aed2b8f0-5d07-43b8-8d16-9d72b34efc31","Local government: 73rd/74th Amendment provisions, functions of municipal corporations/councils/nagar panchayats, State Election/Finance Comm","","","verified","Clean sweep + spot-check sample confirmed sound - bulk pass 2026-08-26"
"tag","500824ee-6321-43ca-b247-0e9243791be5","2024","b23fb7b4-e3ee-46bd-be5e-6973dc95f363","Inclusive growth: measurement criteria, government initiatives, basic amenities (housing/drinking water/sanitation), sustainable and rural d","","","verified","Clean sweep + spot-check sample confirmed sound - bulk pass 2026-08-26"
"tag","77203579-f76f-43ca-b1b9-176718e81a22","2024","b8f41a2a-2b1b-4331-8251-02c6b6b949f1","Role of ethical values in governance and society; significance of value in civil services; society's and educational institutions' contribut","","","verified","Clean sweep + spot-check sample confirmed sound - bulk pass 2026-08-26"
"tag","ac7317cb-52bf-4a5e-ae2b-a2877559b13d","2024","bb4b38f9-3dfb-4208-b972-df2bdcf4ec67","The Judiciary: integrated judicial system, Supreme Court composition/independence/jurisdiction/judicial-review/curative-petition, High Court","","","verified","Clean sweep + spot-check sample confirmed sound - bulk pass 2026-08-26"
"tag","068e3662-7c79-46ea-b0c2-98806b9966c4","2024","bb4b38f9-3dfb-4208-b972-df2bdcf4ec67","The Judiciary: integrated judicial system, Supreme Court composition/independence/jurisdiction/judicial-review/curative-petition, High Court","","","verified","Clean sweep + spot-check sample confirmed sound - bulk pass 2026-08-26"
"tag","41c62cd1-6d02-4b66-a4f6-277826c3fa05","2024","bcc1c454-fbd5-42de-937d-71ee1d28580f","Data security and the Justice B.N. Srikrishna Committee Report on personal data protection; drug trafficking's linkage to gunrunning/human t","","","verified","Clean sweep + spot-check sample confirmed sound - bulk pass 2026-08-26"
"tag","8ff5e236-f240-4e72-a7ae-d80cf000c0de","2024","c2d2c7ef-ad01-4557-acd6-5b819250b417","Organized crime: types, control challenges, drug trafficking in India, combating strategies, and the terrorism-organized-crime linkage","","spot_check","verified","Clean sweep + spot-check sample confirmed sound - bulk pass 2026-08-26"
"tag","16c27964-493d-4daa-b1bf-dbd5401dce78","2024","c84a04cf-d06b-44cf-a39b-2d1d233835da","Connectivity, security & new-frontier diplomacy: global anti-terrorism efforts (CTTF), India-Middle-East-Europe Corridor, Red Sea crisis, No","","","verified","Clean sweep + spot-check sample confirmed sound - bulk pass 2026-08-26"
"tag","393c754b-a8ff-4790-92f9-b7cd143d012e","2024","c958a86a-c4f3-40be-b491-35160c646f7e","Intellectual Property Rights: concept, types, international agreements/institutions, IPR regime in India, and the National IPR Policy","","","verified","Clean sweep + spot-check sample confirmed sound - bulk pass 2026-08-26"
"tag","fd987411-175f-44e3-9569-bc6fabe1b383","2024","cdb9967e-50a6-44eb-a6a9-8b14cc892378","Conflict of interest: definition, actual vs potential conflicts, with illustrative examples; administrative value conflicts in maintaining p","","","verified","Clean sweep + spot-check sample confirmed sound - bulk pass 2026-08-26"
"tag","b5687d33-c03d-4767-aa8b-293e11efb816","2024","cff89651-8639-4cde-a526-18bb27b5290f","Deindustrialization of traditional artisanal industries and British economic policy's impact on the rural economy","","","verified","Clean sweep + spot-check sample confirmed sound - bulk pass 2026-08-26"
"tag","88a139ac-11c8-4cc8-866d-bbc176dfc03e","2024","d2d2fda1-58c9-4693-becc-f9d1aa3e9420","River-basin & water-resource management: Indus dam construction prospects/challenges, integrated river-basin management, shrinking reservoir","","","verified","Clean sweep + spot-check sample confirmed sound - bulk pass 2026-08-26"
"tag","12122ca0-cfea-48dc-b58c-a14ab5936e5e","2024","d9481625-b7ce-4ad6-9fb4-b3b1d9d6dd14","Security challenges in border areas: challenges to border management, community-participation approaches, non-demarcated border segments, an","","","verified","Clean sweep + spot-check sample confirmed sound - bulk pass 2026-08-26"
"tag","27ebd117-01e0-4f3f-8fad-0bc581ce935a","2024","e586510e-b291-4d77-8981-c9f92a1ab815","'Health for All' target vs structural health-infrastructure gaps; rising out-of-pocket health expenditure; commercialization of healthcare v","","","verified","Clean sweep + spot-check sample confirmed sound - bulk pass 2026-08-26"
"tag","98b0d936-c659-4f7d-a27c-d90c1f1b05c1","2024","e639b66e-27b5-4f64-a8bd-63b99acff2e5","Human development & regional disparity: low human development pockets, climate change and the North-South divide within India, social capita","","","verified","Clean sweep + spot-check sample confirmed sound - bulk pass 2026-08-26"
"tag","ec35dbe6-b732-4192-921a-ecd11a249883","2024","e957f7b7-aa14-4051-898d-e2bd98925f4f","Constitutional Bodies: appointment transparency (CEC/EC selection process, CAG appointment/functions/powers), tenure security, and functiona","","","verified","Clean sweep + spot-check sample confirmed sound - bulk pass 2026-08-26"
"tag","e7d961d3-f72c-44d4-a6ef-daab91dc274d","2024","f38e1c64-04e5-4a79-ab66-8ab9fcc03902","Vedic society: original home of Aryans, Vedic texts and Upanishads, Rig Vedic vs later Vedic geography, economy, polity, varna system, relig","","spot_check","verified","Clean sweep + spot-check sample confirmed sound - bulk pass 2026-08-26"
"tag","32339189-3450-41be-a66e-bac221ebed27","2024","f9271b6e-5473-4f13-a825-414b1e7381cf","Monsoon, climate & extreme-weather geography: cyclones of the Bay of Bengal and climate change, El Nino and Indian monsoon, Indian Ocean Dip","","","verified","Clean sweep + spot-check sample confirmed sound - bulk pass 2026-08-26"
"tag","358ac3ad-afcf-424e-81b7-84017753adb1","2024","f993f545-1bfb-4e7b-b76b-8b21885c842a","Water-resource degradation: hydrological cycle, groundwater depletion, water-borne/water-induced diseases, fluoride/arsenic contamination in","","","verified","Clean sweep + spot-check sample confirmed sound - bulk pass 2026-08-26"
"tag","d3279966-54cb-4049-aed7-27a414092f3b","2024","f993f545-1bfb-4e7b-b76b-8b21885c842a","Water-resource degradation: hydrological cycle, groundwater depletion, water-borne/water-induced diseases, fluoride/arsenic contamination in","","","verified","Clean sweep + spot-check sample confirmed sound - bulk pass 2026-08-26"
"tag","ed0c489b-b00a-41dd-b1e8-5ea8fede4a3d","2024","f9a1a286-8d52-4e4a-90b9-1787bc9a221b","Case studies: crisis & resource-allocation dilemmas: drought-relief tanker capture by a 'tanker mafia', disaster resource-allocation triage ","","","verified","Clean sweep + spot-check sample confirmed sound - bulk pass 2026-08-26"
"tag","87b59f94-2a3a-47f8-a5f5-f9a789d13f7d","2024","f9a1a286-8d52-4e4a-90b9-1787bc9a221b","Case studies: crisis & resource-allocation dilemmas: drought-relief tanker capture by a 'tanker mafia', disaster resource-allocation triage ","","","verified","Clean sweep + spot-check sample confirmed sound - bulk pass 2026-08-26"
"tag","676c0731-2d19-49a2-96a2-d6906afed3cd","2024","fd32212d-1290-49c5-a12c-e750d0345354","Technology & AI ethics (case studies): drone ethics, AI ethics (in healthcare, creativity, human rights), technological ethics (facial recog","","","verified","Clean sweep + spot-check sample confirmed sound - bulk pass 2026-08-26"
"tag","90b000f3-8695-4f79-9e74-7ce176f79ff0","2024","fd32212d-1290-49c5-a12c-e750d0345354","Technology & AI ethics (case studies): drone ethics, AI ethics (in healthcare, creativity, human rights), technological ethics (facial recog","","","verified","Clean sweep + spot-check sample confirmed sound - bulk pass 2026-08-26"
"tag","391e9f40-a1ea-44a2-bc02-b0792a0bd10c","2024","fd4be87b-b725-45b9-b6f1-aef0037001f7","Elections in India: salient features of the Representation of People Acts 1950/1951, electoral reforms, criminalization of politics, negativ","","","verified","Clean sweep + spot-check sample confirmed sound - bulk pass 2026-08-26"
"tag","8f0c092b-2f46-4cac-acba-77ed652a7852","2024","fe28f5e5-99c3-4c9d-829c-4c38a0b6ffe3","India and Asian nations: Central Asian republics (Turkmenistan, Kazakhstan, Tajikistan; China's role; International North-South Transport Co","","","verified","Clean sweep + spot-check sample confirmed sound - bulk pass 2026-08-26"
"question","e1902d5f-3514-45c4-8d5a-2c561bca3b00","2025","1","Discuss the salient features of the Harappan architecture. (Answer in 150 words) 10 Marks [Hindi] ????????????????????? ????????????????????","non_ascii_suspect","flagged","needs_correction","Mojibake-corrupted punctuation (em/en-dash), confirmed 2026-08-26. Content otherwise genuine - re-type from official PDF in follow-up pass."
"question","ed52307d-05cb-40c1-be39-d958dee103a6","2025","2","Examine the main aspects of Akbar's religious syncretism. (Answer in 150 words) 10 Marks [Hindi] ???????????? ?????? ????????????????????? ?","non_ascii_suspect","flagged","needs_correction","Mojibake-corrupted punctuation (em/en-dash), confirmed 2026-08-26. Content otherwise genuine - re-type from official PDF in follow-up pass."
"question","82f67091-9c4e-4966-949c-e0010a642d10","2025","3","""The sculptors filled the Chandella art form with resilient vigour and breadth of life."" Elucidate. (Answer in 150 words) 10 Marks [Hindi] '","non_ascii_suspect","flagged","needs_correction","Mojibake-corrupted punctuation (em/en-dash), confirmed 2026-08-26. Content otherwise genuine - re-type from official PDF in follow-up pass."
"question","19eb5574-d48b-43f8-a027-73adbb29cb8c","2025","4","How are climate change and sea level rise affecting the very existence of many island nations? Discuss with examples. (Answer in 150 words) ","non_ascii_suspect","flagged","needs_correction","Mojibake-corrupted punctuation (em/en-dash), confirmed 2026-08-26. Content otherwise genuine - re-type from official PDF in follow-up pass."
"question","f7742a68-fd3c-4682-bafd-25a580f8bf4b","2025","5","What are non-farm primary activities? How are these activities related to physiographic features in India? Discuss with suitable examples. (","non_ascii_suspect","flagged","needs_correction","Mojibake-corrupted punctuation (em/en-dash), confirmed 2026-08-26. Content otherwise genuine - re-type from official PDF in follow-up pass."
"question","7cdff3a3-fa6a-48ce-b695-65802d5d0e20","2025","6","Explain briefly the ecological and economic benefits of solar energy generation in India with suitable examples. (Answer in 150 words) 10 Ma","non_ascii_suspect","flagged","needs_correction","Mojibake-corrupted punctuation (em/en-dash), confirmed 2026-08-26. Content otherwise genuine - re-type from official PDF in follow-up pass."
"question","0e153dd2-ad0a-4d0f-ae9e-d8f1cdd83113","2025","7","What are tsunamis? How and where are they formed? What are their consequences? Explain with examples. (Answer in 150 words) 10 Marks [Hindi]","non_ascii_suspect","flagged","needs_correction","Mojibake-corrupted punctuation (em/en-dash), confirmed 2026-08-26. Content otherwise genuine - re-type from official PDF in follow-up pass."
"question","b2ba12bf-2c2c-4b4e-9473-35ace20e44b4","2025","8","How does Smart City in India address the issues of urban poverty and distributive justice? (Answer in 150 words) 10 Marks [Hindi] ??????????","non_ascii_suspect","flagged","needs_correction","Mojibake-corrupted punctuation (em/en-dash), confirmed 2026-08-26. Content otherwise genuine - re-type from official PDF in follow-up pass."
"question","8e63e89e-02c8-4256-ab7a-97fb3617bf98","2025","9","The ethos of civil service in India stands for the combination of professionalism with nationalistic consciousness. Elucidate. (Answer in 15","non_ascii_suspect","flagged","needs_correction","Mojibake-corrupted punctuation (em/en-dash), confirmed 2026-08-26. Content otherwise genuine - re-type from official PDF in follow-up pass."
"question","6fe9fa1a-5612-426f-abaf-f4312305d14d","2025","10","Do you think that globalization results in only an aggressive consumer culture? Justify your answer. (Answer in 150 words) 10 Marks [Hindi] ","non_ascii_suspect","flagged","needs_correction","Mojibake-corrupted punctuation (em/en-dash), confirmed 2026-08-26. Content otherwise genuine - re-type from official PDF in follow-up pass."
"question","75d02b27-8dbf-42f8-9b7a-3c645e7f774a","2025","11","Mahatma Jotirao Phule's writings and efforts of social reforms touched the issues of almost all subaltern classes. Discuss. (Answer in 250 w","non_ascii_suspect","flagged","needs_correction","Mojibake-corrupted punctuation (em/en-dash), confirmed 2026-08-26. Content otherwise genuine - re-type from official PDF in follow-up pass."
"question","e5d18450-dd92-45f6-bdaf-a49d61606022","2025","12","Trace India's consolidation process during the early phase of Independence in terms of polity, economy, education and international relation","non_ascii_suspect","flagged","needs_correction","Mojibake-corrupted punctuation (em/en-dash), confirmed 2026-08-26. Content otherwise genuine - re-type from official PDF in follow-up pass."
"question","ceaa8d56-3fa8-476e-9bc2-63b2861eb2f7","2025","13","The French Revolution has enduring relevance to the contemporary world. Explain. (Answer in 250 words) 15 Marks [Hindi] ????????????????????","non_ascii_suspect","flagged","needs_correction","Mojibake-corrupted punctuation (em/en-dash), confirmed 2026-08-26. Content otherwise genuine - re-type from official PDF in follow-up pass."
"question","534f1ced-f8cc-4470-af21-5cc23105dbd6","2025","14","Give a geographical explanation of the distribution of off-shore oil reserves of the world. How are they different from the on-shore occurre","non_ascii_suspect","flagged","needs_correction","Mojibake-corrupted punctuation (em/en-dash), confirmed 2026-08-26. Content otherwise genuine - re-type from official PDF in follow-up pass."
"question","cd896161-607f-4b6e-9eb9-9d0d52fcf7d6","2025","15","How can Artificial Intelligence (AI) and drones be effectively used along with GIS and RS techniques in locational and areal planning? (Answ","non_ascii_suspect","flagged","needs_correction","Mojibake-corrupted punctuation (em/en-dash), confirmed 2026-08-26. Content otherwise genuine - re-type from official PDF in follow-up pass."
"question","16f2073e-3518-4da1-8ad3-dd1bb4911ae2","2025","16","Discuss how the changes in the shape and size of continents and ocean basins of the planet take place due to tectonic movements of the crust","non_ascii_suspect","flagged","needs_correction","Mojibake-corrupted punctuation (em/en-dash), confirmed 2026-08-26. Content otherwise genuine - re-type from official PDF in follow-up pass."
"question","ed9b2889-7be0-44c3-a329-d8f13f33d845","2025","17","Discuss the distribution and density of population in the Ganga River Basin with special reference to land, soil and water resources. (Answe","non_ascii_suspect","flagged","needs_correction","Mojibake-corrupted punctuation (em/en-dash), confirmed 2026-08-26. Content otherwise genuine - re-type from official PDF in follow-up pass."
"question","0e91707c-1743-458b-a780-d11b2db8ba31","2025","18","How do you account for the growing fast food industries despite increasing health concerns in modern society? Illustrate your answer with th","non_ascii_suspect","flagged","needs_correction","Mojibake-corrupted punctuation (em/en-dash), confirmed 2026-08-26. Content otherwise genuine - re-type from official PDF in follow-up pass."
"question","bbd4da44-701a-4239-9cec-6edd22887f2b","2025","19","Achieving sustainable growth with emphasis on environmental protection could come into conflict with the needs of poor people in a country l","non_ascii_suspect","flagged","needs_correction","Mojibake-corrupted punctuation (em/en-dash), confirmed 2026-08-26. Content otherwise genuine - re-type from official PDF in follow-up pass."
"question","52ae2a47-1a7e-4d35-8b1a-fbce25936f4d","2025","20","Does tribal development in India centre around two axes???displacement and rehabilitation? Give your opinion. (Answer in 250 words) 15 Marks","non_ascii_suspect","flagged","needs_correction","Mojibake-corrupted punctuation (em/en-dash), confirmed 2026-08-26. Content otherwise genuine - re-type from official PDF in follow-up pass."
"question","664f47b6-cc17-4e11-92e4-62a6bebb44c6","2025","21","Discuss the ???corrupt practices??? for the purpose of the Representation of the People Act, 1951. Analyze whether the increase in the asset","non_ascii_suspect","flagged","needs_correction","Mojibake-corrupted punctuation (em/en-dash), confirmed 2026-08-26. Content otherwise genuine - re-type from official PDF in follow-up pass."
"question","53df4054-cb46-49b9-9869-e57db5541bfc","2025","22","Comment on the need of administrative tribunals as compared to the court system. Assess the impact of the recent tribunal reforms through ra","non_ascii_suspect","flagged","needs_correction","Mojibake-corrupted punctuation (em/en-dash), confirmed 2026-08-26. Content otherwise genuine - re-type from official PDF in follow-up pass."
"question","721afdd0-060c-4341-9e11-aae0ba075a78","2025","23","Compare and contrast the President???s power to pardon in India and in the USA. Are there any limits to it in both the countries? What are ?","non_ascii_suspect","flagged","needs_correction","Mojibake-corrupted punctuation (em/en-dash), confirmed 2026-08-26. Content otherwise genuine - re-type from official PDF in follow-up pass."
"question","7518a891-d3d9-4dc1-b499-dc503f3d0e11","2025","24","Discuss the nature of Jammu and Kashmir Legislative Assembly after the Jammu and Kashmir Reorganization Act, 2019. Briefly describe the powe","non_ascii_suspect","flagged","needs_correction","Mojibake-corrupted punctuation (em/en-dash), confirmed 2026-08-26. Content otherwise genuine - re-type from official PDF in follow-up pass."
"question","6c0d2370-913a-4fe7-99c1-2291a505f755","2025","25","???The Attorney General of India plays a crucial role in guiding the legal framework of the Union Government and ensuring sound governance t","non_ascii_suspect","flagged","needs_correction","Mojibake-corrupted punctuation (em/en-dash), confirmed 2026-08-26. Content otherwise genuine - re-type from official PDF in follow-up pass."
"question","dec7c441-594c-49d4-958b-f4f61054572c","2025","26","Women???s social capital complements in advancing empowerment and gender equity. Explain. (Answer in 150 words) 10 Marks [Hindi] ???????????","non_ascii_suspect","flagged","needs_correction","Mojibake-corrupted punctuation (em/en-dash), confirmed 2026-08-26. Content otherwise genuine - re-type from official PDF in follow-up pass."
"question","7c2e095f-1221-4e03-b7c0-3a32be5426ae","2025","27","e-governance projects have a built-in bias towards technology and back-end integration than user-centric designs. Examine. (Answer in 150 wo","non_ascii_suspect","flagged","needs_correction","Mojibake-corrupted punctuation (em/en-dash), confirmed 2026-08-26. Content otherwise genuine - re-type from official PDF in follow-up pass."
"question","9d7e85f3-e29f-4e7e-9064-d9b7628af197","2025","28","Civil Society Organizations are often perceived as being anti-State actors than non-State actors. Do you agree? Justify. (Answer in 150 word","non_ascii_suspect","flagged","needs_correction","Mojibake-corrupted punctuation (em/en-dash), confirmed 2026-08-26. Content otherwise genuine - re-type from official PDF in follow-up pass."
"question","183516a2-ca37-4a69-8e32-4d8200ff18a7","2025","29","India???Africa digital partnership is achieving mutual respect, co-development and long-term institutional partnerships. Elaborate. (Answer ","non_ascii_suspect","flagged","needs_correction","Mojibake-corrupted punctuation (em/en-dash), confirmed 2026-08-26. Content otherwise genuine - re-type from official PDF in follow-up pass."
"question","d804ee06-1aa0-4837-a7f1-3e8b7a206572","2025","30","???With the waning of globalization, post-Cold War world is becoming a site of sovereign nationalism.??? Elucidate. (Answer in 150 words) 10","non_ascii_suspect","flagged","needs_correction","Mojibake-corrupted punctuation (em/en-dash), confirmed 2026-08-26. Content otherwise genuine - re-type from official PDF in follow-up pass."
"question","adf2beb0-985c-430c-af5e-9f2ded5b17b7","2025","31","???Constitutional morality is the fulcrum which acts as an essential check upon the high functionaries and citizens alike?????? In view of t","non_ascii_suspect","flagged","needs_correction","Mojibake-corrupted punctuation (em/en-dash), confirmed 2026-08-26. Content otherwise genuine - re-type from official PDF in follow-up pass."
"question","4d3c176a-493f-439d-9853-4135199fd9fc","2025","32","Indian Constitution has conferred the amending power on the ordinary legislative institutions with a few procedural hurdles. In view of this","non_ascii_suspect","flagged","needs_correction","Mojibake-corrupted punctuation (em/en-dash), confirmed 2026-08-26. Content otherwise genuine - re-type from official PDF in follow-up pass."
"question","ef9d9cfb-35cf-4caf-8aa4-ea6a9c828d9e","2025","33","Discuss the evolution of collegium system in India. Critically examine the advantages and disadvantages of the system of appointment of the ","non_ascii_suspect","flagged","needs_correction","Mojibake-corrupted punctuation (em/en-dash), confirmed 2026-08-26. Content otherwise genuine - re-type from official PDF in follow-up pass."
"question","8ba1f251-b7d7-4ad3-8db8-dfcbb5d3aa69","2025","34","Examine the evolving pattern of Centre-State financial relations in the context of planned development in India. How far have the recent ref","non_ascii_suspect","flagged","needs_correction","Mojibake-corrupted punctuation (em/en-dash), confirmed 2026-08-26. Content otherwise genuine - re-type from official PDF in follow-up pass."
"question","a6f2986b-5c59-4710-a312-a6c4e24f51d8","2025","35","What are environmental pressure groups? Discuss their role in raising awareness, influencing policies and advocating for environmental prote","non_ascii_suspect","flagged","needs_correction","Mojibake-corrupted punctuation (em/en-dash), confirmed 2026-08-26. Content otherwise genuine - re-type from official PDF in follow-up pass."
"question","941087f9-f4b0-49de-b536-08765be3fa2b","2025","36","Inequality in the ownership pattern of resources is one of the major causes of poverty. Discuss in the context of ???paradox of poverty???. ","non_ascii_suspect","flagged","needs_correction","Mojibake-corrupted punctuation (em/en-dash), confirmed 2026-08-26. Content otherwise genuine - re-type from official PDF in follow-up pass."
"question","e967aaeb-c986-48d0-8e52-a91dc647fe9b","2025","37","???In contemporary development models, decision-making and problem-solving responsibilities are not located close to the source of informati","non_ascii_suspect","flagged","needs_correction","Mojibake-corrupted punctuation (em/en-dash), confirmed 2026-08-26. Content otherwise genuine - re-type from official PDF in follow-up pass."
"question","d12d9b38-14eb-45df-b915-4e80f9d83aa6","2025","38","The National Commission for Protection of Child Rights has to address the challenges faced by children in the digital era. Examine the exist","non_ascii_suspect","flagged","needs_correction","Mojibake-corrupted punctuation (em/en-dash), confirmed 2026-08-26. Content otherwise genuine - re-type from official PDF in follow-up pass."
"question","359d3c3f-6c96-4344-b679-44e1c8890363","2025","39","???Energy security constitutes the dominant kingpin of India???s foreign policy, and is linked with India???s overarching influence in Middl","non_ascii_suspect","flagged","needs_correction","Mojibake-corrupted punctuation (em/en-dash), confirmed 2026-08-26. Content otherwise genuine - re-type from official PDF in follow-up pass."
"question","e58eef23-ef31-40c0-aeb6-ee14a323ffca","2025","40","???The reform process in the United Nations remains unresolved, because of the delicate imbalance of East and West and entanglement of the U","non_ascii_suspect","flagged","needs_correction","Mojibake-corrupted punctuation (em/en-dash), confirmed 2026-08-26. Content otherwise genuine - re-type from official PDF in follow-up pass."
"question","6adaf0f9-ab4d-422a-a6c4-06258518eb68","2025","41","Distinguish between the Human Development Index (HDI) and the Inequality-adjusted Human Development Index (IHDI) with special reference to I","non_ascii_suspect","flagged","needs_correction","Mojibake-corrupted punctuation (em/en-dash), confirmed 2026-08-26. Content otherwise genuine - re-type from official PDF in follow-up pass."
"question","6fac0a60-834e-41d4-90c8-88ab27fb9998","2025","42","What are the challenges before the Indian economy when the world is moving away from free trade and multilateralism to protectionism and bil","non_ascii_suspect","flagged","needs_correction","Mojibake-corrupted punctuation (em/en-dash), confirmed 2026-08-26. Content otherwise genuine - re-type from official PDF in follow-up pass."
"question","14d06dd1-c1a5-413c-9c29-2de435c43a0c","2025","43","Explain the factors influencing the decision of the farmers on the selection of high value crops in India. (Answer in 150 words) 10 [Hindi] ","non_ascii_suspect","flagged","needs_correction","Mojibake-corrupted punctuation (em/en-dash), confirmed 2026-08-26. Content otherwise genuine - re-type from official PDF in follow-up pass."
"question","5b97f842-3506-4a62-abb3-38a86f176204","2025","44","Elaborate the scope and significance of supply chain management of agricultural commodities in India. (Answer in 150 words) 10 [Hindi] ?????","non_ascii_suspect","flagged","needs_correction","Mojibake-corrupted punctuation (em/en-dash), confirmed 2026-08-26. Content otherwise genuine - re-type from official PDF in follow-up pass."
"question","4b53832f-4860-4a17-8340-8ef756223fa3","2025","45","The fusion energy programme in India has steadily evolved over the past few decades. Mention India???s contributions to the international fu","non_ascii_suspect","flagged","needs_correction","Mojibake-corrupted punctuation (em/en-dash), confirmed 2026-08-26. Content otherwise genuine - re-type from official PDF in follow-up pass."
"question","a9c096d9-c309-45b9-a792-0cb9b362207e","2025","46","How can India achieve energy independence through clean technology by 2047? How can biotechnology play a crucial role in this endeavour? (An","non_ascii_suspect","flagged","needs_correction","Mojibake-corrupted punctuation (em/en-dash), confirmed 2026-08-26. Content otherwise genuine - re-type from official PDF in follow-up pass."
"question","bbeac196-4369-48d9-ae29-3d3fd8891f9b","2025","47","What is Carbon Capture, Utilization and Storage (CCUS)? What is the potential role of CCUS in tackling climate change? (Answer in 150 words)","non_ascii_suspect","flagged","needs_correction","Mojibake-corrupted punctuation (em/en-dash), confirmed 2026-08-26. Content otherwise genuine - re-type from official PDF in follow-up pass."
"question","b4ca1eac-67fe-4159-9c8d-a7c160b7bbb1","2025","48","Seawater intrusion in the coastal aquifers is a major concern in India. What are the causes of seawater intrusion and the remedial measures ","non_ascii_suspect","flagged","needs_correction","Mojibake-corrupted punctuation (em/en-dash), confirmed 2026-08-26. Content otherwise genuine - re-type from official PDF in follow-up pass."
"question","49dfa8b4-83b3-4749-9c0f-77d77fc8edaf","2025","49","Terrorism is a global scourge. How has it manifested in India? Elaborate with contemporary examples. What are the counter measures adopted b","non_ascii_suspect","flagged","needs_correction","Mojibake-corrupted punctuation (em/en-dash), confirmed 2026-08-26. Content otherwise genuine - re-type from official PDF in follow-up pass."
"question","150fa258-99ff-4faa-9945-aa1a9fe92184","2025","50","The Government of India recently stated that Left Wing Extremism (LWE) will be eliminated by 2026. What do you understand by LWE and how are","non_ascii_suspect","flagged","needs_correction","Mojibake-corrupted punctuation (em/en-dash), confirmed 2026-08-26. Content otherwise genuine - re-type from official PDF in follow-up pass."
"question","16bd003b-6f63-483d-a21b-f3b4f8f8beca","2025","51","Explain how the Fiscal Health Index (FHI) can be used as a tool for assessing the fiscal performance of states in India. In what way would i","non_ascii_suspect","flagged","needs_correction","Mojibake-corrupted punctuation (em/en-dash), confirmed 2026-08-26. Content otherwise genuine - re-type from official PDF in follow-up pass."
"question","131578c0-030f-4541-8f69-10b0ea2a0034","2025","52","Discuss the rationale of the Production Linked Incentive (PLI) scheme. What are its achievements? In what way can the functioning and outcom","non_ascii_suspect","flagged","needs_correction","Mojibake-corrupted punctuation (em/en-dash), confirmed 2026-08-26. Content otherwise genuine - re-type from official PDF in follow-up pass."
"question","17b28cc5-dbe7-4157-b83b-f7b889355564","2025","53","Examine the factors responsible for depleting groundwater in India. What are the steps taken by the government to mitigate such depletion of","non_ascii_suspect","flagged","needs_correction","Mojibake-corrupted punctuation (em/en-dash), confirmed 2026-08-26. Content otherwise genuine - re-type from official PDF in follow-up pass."
"question","3f48a554-e1f7-4003-8e47-4b811e4ab4ad","2025","54","Examine the scope of the food processing industries in India. Elaborate the measures taken by the government in the food processing industri","non_ascii_suspect","flagged","needs_correction","Mojibake-corrupted punctuation (em/en-dash), confirmed 2026-08-26. Content otherwise genuine - re-type from official PDF in follow-up pass."
"question","bc03e1bc-2c8e-4d5e-9ffc-a0b0509138bb","2025","55","How does nanotechnology offer significant advancements in the field of agriculture? How can this technology help to uplift the socio-economi","non_ascii_suspect","flagged","needs_correction","Mojibake-corrupted punctuation (em/en-dash), confirmed 2026-08-26. Content otherwise genuine - re-type from official PDF in follow-up pass."
"question","d61effe6-3d77-4262-acdf-3f6ea99e63b7","2025","56","India aims to become a semiconductor manufacturing hub. What are the challenges faced by the semiconductor industry in India? Mention the sa","non_ascii_suspect","flagged","needs_correction","Mojibake-corrupted punctuation (em/en-dash), confirmed 2026-08-26. Content otherwise genuine - re-type from official PDF in follow-up pass."
"question","283795e8-a69a-4bd8-a2d4-d4bb9d685206","2025","57","Mineral resources are fundamental to the country???s economy and these are exploited by mining. Why is mining considered an environmental ha","non_ascii_suspect","flagged","needs_correction","Mojibake-corrupted punctuation (em/en-dash), confirmed 2026-08-26. Content otherwise genuine - re-type from official PDF in follow-up pass."
"question","0c66a604-8d30-465c-82fe-3ac3075037d6","2025","58","Write a review on India???s climate commitments under the Paris Agreement (2015) and mention how these have been further strengthened in COP","non_ascii_suspect","flagged","needs_correction","Mojibake-corrupted punctuation (em/en-dash), confirmed 2026-08-26. Content otherwise genuine - re-type from official PDF in follow-up pass."
"question","87cd383e-2427-465b-ae7b-62378a42e98e","2025","59","What are the major challenges to internal security and peace process in the North-Eastern States? Map the various peace accords and agreemen","non_ascii_suspect","flagged","needs_correction","Mojibake-corrupted punctuation (em/en-dash), confirmed 2026-08-26. Content otherwise genuine - re-type from official PDF in follow-up pass."
"question","b99ba02b-dedd-4f1e-bc69-8e0c21d20afe","2025","60","Why is maritime security vital to protect India???s sea trade? Discuss maritime and coastal security challenges and the way forward. (Answer","non_ascii_suspect","flagged","needs_correction","Mojibake-corrupted punctuation (em/en-dash), confirmed 2026-08-26. Content otherwise genuine - re-type from official PDF in follow-up pass."
"question","db2f075b-5ccf-46b5-aef2-f9e41f96b1cf","2025","61","?????????????????? ?????????????????? ????????? ????????? ???????????? ?????????????????? ?????? ??????????????? ?????? ?????????????????? ?","non_ascii_suspect","flagged","needs_correction","Mojibake-corrupted punctuation (em/en-dash), confirmed 2026-08-26. Content otherwise genuine - re-type from official PDF in follow-up pass."
"question","6d2d0a4b-c90a-4c22-a8fc-c8ef86eb5143","2025","62","""??????????????????????????? ????????????????????? ????????? ??????????????????????????? ?????????????????? ???????????? ??????, ???????????","non_ascii_suspect","flagged","needs_correction","Mojibake-corrupted punctuation (em/en-dash), confirmed 2026-08-26. Content otherwise genuine - re-type from official PDF in follow-up pass."
"question","8694711f-9834-4171-a2b0-06333acfada4","2025","63","??????????????? ????????? ????????????????????????????????? ?????? ?????? ????????? ????????? ??????, ""??????????????? ??????????????? ?????","non_ascii_suspect","flagged","needs_correction","Mojibake-corrupted punctuation (em/en-dash), confirmed 2026-08-26. Content otherwise genuine - re-type from official PDF in follow-up pass."
"question","5c9070df-eb33-4ff6-aee8-333b912d8f7e","2025","64","??????????????????????????? ????????????????????? ?????? ??????????????? ????????? ???????????? ????????? ????????? ????????? ??????????????","non_ascii_suspect","flagged","needs_correction","Mojibake-corrupted punctuation (em/en-dash), confirmed 2026-08-26. Content otherwise genuine - re-type from official PDF in follow-up pass."
"question","0c857bec-e959-45b1-8f6e-3a18c276a8c2","2025","65","???????????? ???????????????????????? ?????? ????????? ?????????????????? ???????????? ????????? ?????? ???????????? ????????????????????? ?","non_ascii_suspect","flagged","needs_correction","Mojibake-corrupted punctuation (em/en-dash), confirmed 2026-08-26. Content otherwise genuine - re-type from official PDF in follow-up pass."
"question","524dcf13-d53a-4d8b-a56a-80853e315f34","2025","66","???????????? ???????????????????????? ?????? ????????? ?????????????????? ???????????? ????????? ?????? ???????????? ????????????????????? ?","non_ascii_suspect","flagged","needs_correction","Mojibake-corrupted punctuation (em/en-dash), confirmed 2026-08-26. Content otherwise genuine - re-type from official PDF in follow-up pass."
"question","7fb630db-1053-432a-b7c1-48dff09c969b","2025","67","???????????? ???????????????????????? ?????? ????????? ?????????????????? ???????????? ????????? ?????? ???????????? ????????????????????? ?","non_ascii_suspect","flagged","needs_correction","Mojibake-corrupted punctuation (em/en-dash), confirmed 2026-08-26. Content otherwise genuine - re-type from official PDF in follow-up pass."
"question","96a64e2d-902b-48ce-908e-3903256ec409","2025","68","???????????? ?????? ?????????????????? ?????? ????????????????????? ??????????????????????????? ?????? ????????? ???????????????????????????","non_ascii_suspect","flagged","needs_correction","Mojibake-corrupted punctuation (em/en-dash), confirmed 2026-08-26. Content otherwise genuine - re-type from official PDF in follow-up pass."
"question","9dc89766-683e-46ff-b66a-594bac406d0d","2025","69","?????????????????? ?????? ?????????????????? ???????????????????????? ???????????? ?????????? ????????????????????? ??????????????? ????????","non_ascii_suspect","flagged","needs_correction","Mojibake-corrupted punctuation (em/en-dash), confirmed 2026-08-26. Content otherwise genuine - re-type from official PDF in follow-up pass."
"question","7f757a15-cbd7-49d8-b966-60205da476d4","2025","70","""?????? ????????????????????? ???????????? ????????????????????? ?????? ??????????????? ????????????????????? ???????????? ??????, ?????? ??","non_ascii_suspect","flagged","needs_correction","Mojibake-corrupted punctuation (em/en-dash), confirmed 2026-08-26. Content otherwise genuine - re-type from official PDF in follow-up pass."
"question","e4abfdb7-44c6-405a-b8c8-d19e2d528690","2025","71","??????????????? ??????????????? ?????????????????? ?????? ????????????????????? ???????????? ?????? ?????????, ?????? ??????????????? ??????","non_ascii_suspect","flagged","needs_correction","Mojibake-corrupted punctuation (em/en-dash), confirmed 2026-08-26. Content otherwise genuine - re-type from official PDF in follow-up pass."
"question","f7c72ffe-70ad-45df-89f1-1483848cedbd","2025","72","????????? ????????? ???????????? ?????? ?????? ??????????????? ??????????????? ???????????????????????? ?????? ????????? ???????????????????","non_ascii_suspect","flagged","needs_correction","Mojibake-corrupted punctuation (em/en-dash), confirmed 2026-08-26. Content otherwise genuine - re-type from official PDF in follow-up pass."
"question","e0742fd1-0554-4933-9d4f-9d00a2533a48","2025","73","???????????? ??????????????? ?????? ??????????????? ????????? ?????????????????? ??????????????? ?????? ????????????????????? ??????.??????.","non_ascii_suspect","flagged","needs_correction","Mojibake-corrupted punctuation (em/en-dash), confirmed 2026-08-26. Content otherwise genuine - re-type from official PDF in follow-up pass."
"question","862a4f59-27b0-44d7-9720-5a49821550a8","2025","74","???????????? ??????????????? ?????? ?????????????????? ?????? ????????? ?????? ?????????????????? ?????????????????? ??????????????? ?????? ","non_ascii_suspect","flagged","needs_correction","Mojibake-corrupted punctuation (em/en-dash), confirmed 2026-08-26. Content otherwise genuine - re-type from official PDF in follow-up pass."
"question","96f0fd60-1b72-4f80-aa77-af5d823b550b","2025","75","?????????????????? ????????????????????? ????????? ??????????????? ??????????????? ?????? ???????????? ???????????????????????? ????????????","non_ascii_suspect","flagged","needs_correction","Mojibake-corrupted punctuation (em/en-dash), confirmed 2026-08-26. Content otherwise genuine - re-type from official PDF in follow-up pass."
"question","a69ffaf8-4b56-4fce-94df-ed11459e0965","2025","76","??????????????? ??????????????? ??????????????? ????????? ?????????????????????????????? ??????????????? ?????? ???????????? ???????????? ??","non_ascii_suspect","flagged","needs_correction","Mojibake-corrupted punctuation (em/en-dash), confirmed 2026-08-26. Content otherwise genuine - re-type from official PDF in follow-up pass."
"question","0af0856f-4685-4875-b79f-2443cf3d705d","2025","77","??????????????? ???????????? ?????? ????????? ?????? ???????????? ?????? ????????? ??????????????? ??? ????????????????????? ???????????? ??","non_ascii_suspect","flagged","needs_correction","Mojibake-corrupted punctuation (em/en-dash), confirmed 2026-08-26. Content otherwise genuine - re-type from official PDF in follow-up pass."
"question","e07a329f-f5ea-48f3-a771-b89cf90bab6c","2025","78","????????????????????? ??????????????? ??????????????????????????? ????????????????????? ?????????????????? ?????????????????? ??????????????","non_ascii_suspect","flagged","needs_correction","Mojibake-corrupted punctuation (em/en-dash), confirmed 2026-08-26. Content otherwise genuine - re-type from official PDF in follow-up pass."
"question","b52edeb0-4788-4e5e-b512-bdc16186d390","2025","79","???????????? ?????????????????????????????? ??????????????? ?????? ?????? ??????????????????????????? ???????????? ?????? ???????????? ?????","non_ascii_suspect","flagged","needs_correction","Mojibake-corrupted punctuation (em/en-dash), confirmed 2026-08-26. Content otherwise genuine - re-type from official PDF in follow-up pass."
"question","99fff66a-876c-43fe-82dc-aee4a984e0df","2025","80","???????????? ????????? ????????? ???????????? ??????????????? ????????? ??? Truth knows no color.","non_ascii_suspect","flagged","needs_correction","Mojibake-corrupted punctuation (em/en-dash), confirmed 2026-08-26. Content otherwise genuine - re-type from official PDF in follow-up pass."
"question","943df5a7-e6e1-42c4-833c-2ee162e9e968","2025","81","???????????? ???????????? ????????? ??????????????? ?????? ?????? ????????? ???????????? ??????????????? ?????? ???????????????????????? ???","non_ascii_suspect","flagged","needs_correction","Mojibake-corrupted punctuation (em/en-dash), confirmed 2026-08-26. Content otherwise genuine - re-type from official PDF in follow-up pass."
"question","b5cf4e39-34c7-4c38-be49-1e4efc21ca29","2025","82","??????????????? ?????? ?????????????????? ??????????????? ?????? ?????? ?????? ?????? ??????????????? ?????? ????????? ??? Thought finds a w","non_ascii_suspect","flagged","needs_correction","Mojibake-corrupted punctuation (em/en-dash), confirmed 2026-08-26. Content otherwise genuine - re-type from official PDF in follow-up pass."
"question","b5673eac-4d36-4b1c-9afc-3298c1c8f0ed","2025","83","???????????? ??????????????? ????????? ??????????????? ????????????????????? ?????? ???????????? ???????????? ???????????? ??? Best lessons ","non_ascii_suspect","flagged","needs_correction","Mojibake-corrupted punctuation (em/en-dash), confirmed 2026-08-26. Content otherwise genuine - re-type from official PDF in follow-up pass."
"question","5e74cb13-a773-4374-92b2-997482380958","2025","84","???????????? ???????????? ?????? ??????????????? ???????????? ???????????? ?????? ?????? ????????? ???????????? ??????????????? ????????? ??","non_ascii_suspect","flagged","needs_correction","Mojibake-corrupted punctuation (em/en-dash), confirmed 2026-08-26. Content otherwise genuine - re-type from official PDF in follow-up pass."
"question","8618c3ea-2643-4252-b771-563e88061d62","2025","85","???????????? ???????????? ????????? ?????????????????? ?????????, ?????? ????????? ????????? ???????????? ?????????????????? ??? The years t","non_ascii_suspect","flagged","needs_correction","Mojibake-corrupted punctuation (em/en-dash), confirmed 2026-08-26. Content otherwise genuine - re-type from official PDF in follow-up pass."
"question","c53e93dc-885a-4231-b668-89b25da9e2ae","2025","86","???????????? ?????? ?????????????????? ?????? ????????? ????????? ??????????????? ??????????????????????????? ??????, ??? ?????? ?????? ????","non_ascii_suspect","flagged","needs_correction","Mojibake-corrupted punctuation (em/en-dash), confirmed 2026-08-26. Content otherwise genuine - re-type from official PDF in follow-up pass."
"question","97691f97-f120-4c28-b0c1-ca6ad9269167","2025","87","??????????????? ??????????????????????????? ???????????????????????? ??????; ???????????????????????? ????????????????????? ????????????????","non_ascii_suspect","flagged","needs_correction","Mojibake-corrupted punctuation (em/en-dash), confirmed 2026-08-26. Content otherwise genuine - re-type from official PDF in follow-up pass."
"tag","501d358d-65a9-43af-ba6b-31c6d88b67b9","2025","028918a2-4769-4d8c-9dab-1e42fcb46b1c","French Revolution: causes, course, France under Napoleon, impact and significance for the modern world","","spot_check","verified","Clean sweep + spot-check sample confirmed sound - bulk pass 2026-08-26"
"tag","86cdb99d-c493-409c-89d3-84c4c546acce","2025","12162135-681a-4e58-87f3-31cf403b3cfb","Pressure groups and formal/informal associations: types, significance, distinction from political parties, politicisation of pressure groups","","","verified","Clean sweep + spot-check sample confirmed sound - bulk pass 2026-08-26"
"tag","cc1d7932-f1b4-4e95-8048-ad82573cc611","2025","168c3918-75a9-4941-8be8-38afce9e706f","Frontier physics & materials science: LIGO/dark-matter search, National Quantum Mission, graphene applications, nuclear-fusion breakthroughs","","","verified","Clean sweep + spot-check sample confirmed sound - bulk pass 2026-08-26"
"tag","ed3cf1b2-1996-47ca-b0b6-b8abdc70886d","2025","1a9b4adf-04a4-421a-895a-b97bdf52104c","Insurgency in the North-East: issues/conflicts, Assam insurgency, and resolving the Bodo issue","","","verified","Clean sweep + spot-check sample confirmed sound - bulk pass 2026-08-26"
"tag","a2a241f9-5394-4bec-a316-98abdc6152a9","2025","1e70ab73-4d51-4f6f-98a8-d7aa2e70070d","Foreign trade and international organisations: trade policy, India's Balance of Payments (current/capital account performance), exchange-rat","","","verified","Clean sweep + spot-check sample confirmed sound - bulk pass 2026-08-26"
"tag","5918fb5d-f37f-45bf-94ba-5dced992659d","2025","1f074352-90a9-460f-9ec8-dcf193c6198b","Effects of globalization on Indian society: kinds of impact (economic, political, developmental, socio-cultural) and whether the impact is s","","","verified","Clean sweep + spot-check sample confirmed sound - bulk pass 2026-08-26"
"tag","16507552-cf0c-4da0-9d48-9b83235c879a","2025","2ad0a29e-043e-4c11-b5e2-6ea63cd67426","The President: importance, qualification, election procedure, powers (executive/legislative/emergency/financial/judicial), ordinance-making ","","","verified","Clean sweep + spot-check sample confirmed sound - bulk pass 2026-08-26"
"tag","813ab33c-20cb-462f-960c-52b8f801a64f","2025","3162e4b3-2e3b-4032-9aae-fd72895470f2","Poverty and hunger: definitional debates across committees, poverty data, causes, urban vs rural vs feminized poverty, poverty-alleviation m","","","verified","Clean sweep + spot-check sample confirmed sound - bulk pass 2026-08-26"
"tag","85b75ad7-915e-4bcc-9659-2b8362c21ff1","2025","350fa181-f113-4dd3-9404-7bd1e1a8d16c","Consolidation and expansion under Akbar: conflict with the nobility, relations with Rajputs, state/government structure (mansabdari, land re","","","verified","Clean sweep + spot-check sample confirmed sound - bulk pass 2026-08-26"
"tag","2723c636-819f-496b-a2f9-2d6e7b5b251a","2025","3bfce028-bfe2-49e2-bb57-5d11a8330332","Post-Independence Consolidation","","","verified","Clean sweep + spot-check sample confirmed sound - bulk pass 2026-08-26"
"tag","c8a36572-20d0-40d1-a090-64a42c100ca1","2025","3cd771d3-9640-46ca-92ef-8c8122a5d18b","Ocean & seabed mineral geography: Antarctica's mineral resources, mid-oceanic-ridge minerals, EEZ mineral deposits, hydrocarbon extraction p","","spot_check","verified","Clean sweep + spot-check sample confirmed sound - bulk pass 2026-08-26"
"tag","77eb442e-f970-48f7-8104-7ce9a0a274db","2025","3eb08a5b-0910-493b-bf1d-07f0b7468836","Indian moral/spiritual exemplars used as case anchors: Mahatma Gandhi, Dr S. Radhakrishnan, Rabindranath Tagore, Swami Dayanand Saraswati, M","","","verified","Clean sweep + spot-check sample confirmed sound - bulk pass 2026-08-26"
"tag","4a970410-8047-43f2-ade2-951cf83b158e","2025","3eb08a5b-0910-493b-bf1d-07f0b7468836","Indian moral/spiritual exemplars used as case anchors: Mahatma Gandhi, Dr S. Radhakrishnan, Rabindranath Tagore, Swami Dayanand Saraswati, M","","","verified","Clean sweep + spot-check sample confirmed sound - bulk pass 2026-08-26"
"tag","6bc731b9-c469-4da7-ab37-be5a765aeb48","2025","40dbd68f-420d-4f75-85cc-fa5107f64783","Empathy and compassion as values distinguishing a pro-poor administrator from a status-quoist one; consequences of political alignment by bu","","","verified","Clean sweep + spot-check sample confirmed sound - bulk pass 2026-08-26"
"tag","c932bac7-c6b9-421a-b857-670dfd72a093","2025","41ad5c1f-7129-4d6e-b241-5c67f84cfb99","Frequently cited quotation-anchors for ethics answer-writing: Gandhi's 'Seven Sins' and 'the weak can never forgive'; Socrates' 'an unexamin","","","verified","Clean sweep + spot-check sample confirmed sound - bulk pass 2026-08-26"
"tag","28c983f7-c7ae-431d-8bf9-ab41943f6d38","2025","42676e0a-cfef-4a7d-99eb-106cdc037eea","Local government and governance: issues of funds/functions/functionaries, local government's interface with vulnerable sections and emerging","","","verified","Clean sweep + spot-check sample confirmed sound - bulk pass 2026-08-26"
"tag","5aedff9f-3877-4cac-9165-e4764d30e3bc","2025","4556998f-c48b-4404-b469-d8693d65a100","Fiscal policy: important budgetary/fiscal terms, government revenue/spending, revenue/fiscal/primary deficits and their financing","","","verified","Clean sweep + spot-check sample confirmed sound - bulk pass 2026-08-26"
"tag","3330c80c-aa93-41e1-a5fa-57a3c5129d15","2025","486d9558-b45c-4b18-bd76-313104277b4a","Welfare schemes by constitutional arrangement: women welfare (gender technology gap, women in the political system, marriageable-age debate)","","","verified","Clean sweep + spot-check sample confirmed sound - bulk pass 2026-08-26"
"tag","a1825ee9-35dd-41a0-8ab1-3d42ab2b0292","2025","486d9558-b45c-4b18-bd76-313104277b4a","Welfare schemes by constitutional arrangement: women welfare (gender technology gap, women in the political system, marriageable-age debate)","","","verified","Clean sweep + spot-check sample confirmed sound - bulk pass 2026-08-26"
"tag","fa762221-6e75-4fc6-972e-0b651f0f9d84","2025","4ae26f49-1b68-4366-b3a3-becbe93c9abb","Case studies: development vs displacement/environment trade-offs: environmental clearance vs displacement/pollution trade-offs, court-ordere","","","verified","Clean sweep + spot-check sample confirmed sound - bulk pass 2026-08-26"
"tag","17552375-0167-47c4-8989-b0fb8f123fb4","2025","4ae26f49-1b68-4366-b3a3-becbe93c9abb","Case studies: development vs displacement/environment trade-offs: environmental clearance vs displacement/pollution trade-offs, court-ordere","","spot_check","verified","Clean sweep + spot-check sample confirmed sound - bulk pass 2026-08-26"
"tag","7e24035d-502f-4237-894f-f1f2190ee37c","2025","50f567a0-1935-4a77-be6f-edbc18a9800f","Agriculture & resource economics: sugar production's groundwater impact, primary agricultural societies, e-technology in agriculture, energy","","","verified","Clean sweep + spot-check sample confirmed sound - bulk pass 2026-08-26"
"tag","2face052-96de-4cdc-9931-157ef8c98e74","2025","537f74e9-41ab-45b2-947b-de8daec9a50b","Architecture in ancient India: Harappan, Mauryan, post-Mauryan/Gupta periods","","","verified","Clean sweep + spot-check sample confirmed sound - bulk pass 2026-08-26"
"tag","ea3c0b49-9b5a-4aef-8278-83abe1bd269c","2025","5988fe67-d79a-4c02-8588-232fbf3619b9","Maritime & space security: anti-maritime-piracy law, maritime-security developments in the IOR, drone attacks on merchant vessels, Gaganyaan","","","verified","Clean sweep + spot-check sample confirmed sound - bulk pass 2026-08-26"
"tag","af902350-7334-4ddc-9644-0c8163c013a0","2025","5b289bd3-2e90-4b04-80fd-5d9598524631","Amendment process: the Constitution's dynamic/'living document' nature (Article 368), Basic Structure Doctrine as a judicial 'safety valve',","","","verified","Clean sweep + spot-check sample confirmed sound - bulk pass 2026-08-26"
"tag","42cf86ed-245c-4b79-9ccf-81ca9944fe46","2025","5b9d10c3-2e41-4dfb-858c-87fcc8003436","e-Governance: introduction, applications, models, successes/limitations/future prospects, dashboards/portals, democracy-and-e-governance lin","","","verified","Clean sweep + spot-check sample confirmed sound - bulk pass 2026-08-26"
"tag","b151abc0-5872-4c27-98a9-19fbeaca3787","2025","60628fbc-bf5f-410e-86c8-2857389d9826","Public discourse & rights ethics (case studies): internet-shutdown ethics, free speech on social media, social-media influencing, moral poli","","","verified","Clean sweep + spot-check sample confirmed sound - bulk pass 2026-08-26"
"tag","af66a81c-b90e-4139-bd84-74b6efeeb190","2025","612af828-a8fa-41fb-8b98-deed0f04b758","Resource & energy geography: wind-energy potential, petroleum-production challenges, critical-mineral distribution, rare-earth-metal prospec","","","verified","Clean sweep + spot-check sample confirmed sound - bulk pass 2026-08-26"
"tag","8394f875-e90d-4892-80cc-bbc53fd23c16","2025","61f632ee-31af-4e38-99fb-d1040785acd5","Linkage between development and extremism: Left-Wing Extremism's stated purpose, its resonance with common people, Covid-19's effect on Naxa","","","verified","Clean sweep + spot-check sample confirmed sound - bulk pass 2026-08-26"
"tag","9b737a6f-fe57-458f-9dd6-c7aac22eabad","2025","62304d51-cb8d-475b-b0c4-2951d56d8505","Case studies: public-service integrity & corruption dilemmas: welfare-scheme 'ghost beneficiary' fraud amid caste sensitivities, law-enforce","","","verified","Clean sweep + spot-check sample confirmed sound - bulk pass 2026-08-26"
"tag","e4bfe1df-e247-44a8-834b-c598c9974cfd","2025","62304d51-cb8d-475b-b0c4-2951d56d8505","Case studies: public-service integrity & corruption dilemmas: welfare-scheme 'ghost beneficiary' fraud amid caste sensitivities, law-enforce","","spot_check","verified","Clean sweep + spot-check sample confirmed sound - bulk pass 2026-08-26"
"tag","8d045ad1-491b-41fc-8fc7-59306a38116d","2025","6354dd20-e475-4180-bf00-2e9ea8dd5cfc","Planning in India: objectives, history, Five-Year-Plan analysis, and Growth vs Development distinction (national income determination, GDP/G","","","verified","Clean sweep + spot-check sample confirmed sound - bulk pass 2026-08-26"
"tag","2bc9fffc-edaf-4aac-91e3-741ad1e72c22","2025","6ca6382e-c307-415a-b750-3e76d7f2b32a","Council of Ministers, Attorney General of India, and Parliament: composition of Lok Sabha/Rajya Sabha, qualification/disqualification, sessi","","","verified","Clean sweep + spot-check sample confirmed sound - bulk pass 2026-08-26"
"tag","7371dfdd-84b9-4c3e-ac74-caea4faa7476","2025","6d5d61fa-6f33-480f-b9ce-dc13825b8dc4","Accountability vs Responsibility: distinguishing the two with a suitable example; utilisation of public funds and problems in fund release/u","","","verified","Clean sweep + spot-check sample confirmed sound - bulk pass 2026-08-26"
"tag","bdc3bcf2-2860-4c5a-af9a-f6867d01defa","2025","6d9b8bde-1762-4f64-9809-288cd1a81a7d","International & security ethics (case studies): ethics in international relations (trade, war, climate finance), arbitration ethics, peaceke","","","verified","Clean sweep + spot-check sample confirmed sound - bulk pass 2026-08-26"
"tag","d56740a4-1a1b-4694-ba61-e11b76da45e1","2025","6d9b8bde-1762-4f64-9809-288cd1a81a7d","International & security ethics (case studies): ethics in international relations (trade, war, climate finance), arbitration ethics, peaceke","","","verified","Clean sweep + spot-check sample confirmed sound - bulk pass 2026-08-26"
"tag","e8283d33-89ee-4ab7-a7f6-61b62ded3488","2025","7601505e-390d-45cb-af61-3fb992d2b7be","Important key concepts: New World Order dynamics and 'New Cold War' debates","","","verified","Clean sweep + spot-check sample confirmed sound - bulk pass 2026-08-26"
"tag","c50e82ae-1252-4f38-b818-1bc395adfb34","2025","7b930876-1b58-482e-9eb7-73b549ea751b","Venture capital's role in tech-startup growth; IP piracy's impact on creative/tech industries; biotechnology's lab-to-commercial-scale const","","","verified","Clean sweep + spot-check sample confirmed sound - bulk pass 2026-08-26"
"tag","a54f3054-101c-4155-b18f-1041c634e680","2025","7f28b657-f93d-46f9-95a5-6d24a527b8e7","Civil-society organisations' impact on public policy formulation; FCRA compliance tightening and civil-society funding constraints; SHG fede","","","verified","Clean sweep + spot-check sample confirmed sound - bulk pass 2026-08-26"
"tag","25e9c680-766c-4e9d-98e7-cd1febc63e83","2025","8200f61d-5986-4b57-bb7b-38337bef8000","Physiography of India: geopolitical significance of location, geological divisions, the Peninsular Block, the Himalayas and other peninsular","","","verified","Clean sweep + spot-check sample confirmed sound - bulk pass 2026-08-26"
"tag","cec7b519-1717-470d-8af9-7b7f3f75e315","2025","83499214-66c6-447c-81dc-24f619b81279","Judiciary, rights & rule of law: right to personality, right to vote for undertrials, curative petition, tribunals in India, criminal law re","","spot_check","verified","Clean sweep + spot-check sample confirmed sound - bulk pass 2026-08-26"
"tag","33e4a992-2ff9-4eae-9cce-14d8f4e4d84b","2025","864d1c11-6f6a-4e72-bab5-1468b24ab6e8","Distinguishing a 'Code of Conduct' from a 'Code of Ethics'; code of conduct for ministers/legislators/civil servants/regulators/judiciary","","","verified","Clean sweep + spot-check sample confirmed sound - bulk pass 2026-08-26"
"tag","1a105b5b-3d52-4e58-9100-b63e62115137","2025","86e91925-ade1-46a6-9f3f-ee232619cec4","Ethics in public life vs economic life; freedom and discipline; duties and rights; virtue ethics; consequences of ethics in human actions","","","verified","Clean sweep + spot-check sample confirmed sound - bulk pass 2026-08-26"
"tag","03bceee3-607e-4e98-9492-69caae8f5745","2025","908b958d-0ffc-410c-aa31-0ca2f623ed88","Food processing and related industries: scope and significance, location, upstream/downstream requirements, supply-chain management, Mega Fo","","","verified","Clean sweep + spot-check sample confirmed sound - bulk pass 2026-08-26"
"tag","8b5947e5-be48-4b47-a10f-f216ea6d9448","2025","908b958d-0ffc-410c-aa31-0ca2f623ed88","Food processing and related industries: scope and significance, location, upstream/downstream requirements, supply-chain management, Mega Fo","","","verified","Clean sweep + spot-check sample confirmed sound - bulk pass 2026-08-26"
"tag","2eb374d8-0528-405e-8b7c-6a931eaac5d7","2025","93668a0a-8cd5-4046-aaad-d8d9d8076c08","Migration and settlements: push/pull factors, internal vs world migration, functional classification of cities, boundaries vs frontiers, rur","","","verified","Clean sweep + spot-check sample confirmed sound - bulk pass 2026-08-26"
"tag","6f8b1b3f-489f-49d5-a87a-45df8754877f","2025","96f80871-5186-4d46-84f8-bb0dca95bbc6","Role of agriculture in the Indian economy: historical background and current status, cropping systems (mono-cropping, crop rotation, sequent","","","verified","Clean sweep + spot-check sample confirmed sound - bulk pass 2026-08-26"
"tag","894e86ff-b553-4547-b245-023d3b10560c","2025","974077d9-8ad9-46bb-8d6d-6291436c76c3","Global institutions: UN structure (UNGA, UNSC and India's candidacy, ECOSOC), ICJ, UN specialised agencies (FAO, ICAO, ILO, IMO, ITU, UNESCO","","","verified","Clean sweep + spot-check sample confirmed sound - bulk pass 2026-08-26"
"tag","f4f71864-dec8-4ad9-84b8-53e62dcc4f63","2025","9a0d8ac5-41c0-4970-b9d2-4fbf9efa7f9f","Urbanization in India: pattern, issues, rural-urban migration, slum emergence, urban transport/waste/water-sanitation, urban poverty, and in","","","verified","Clean sweep + spot-check sample confirmed sound - bulk pass 2026-08-26"
"tag","559bae14-a81a-467e-aa1a-3ceeba373646","2025","9b3782ad-33ba-445e-a503-a41e05e01fd6","Plate tectonics: lithospheric plates (major/minor), plate boundary types (divergent/convergent/transform), rates and forces of plate movemen","","spot_check","verified","Clean sweep + spot-check sample confirmed sound - bulk pass 2026-08-26"
"tag","795b418b-173e-4617-955f-e2c05da0f6b5","2025","ad76f979-2c23-45bd-b5ff-771c43bf9b51","Health, nutrition and sanitation: NFHS-5 findings, renewed healthcare system, One Health concept, Global Hunger Index, Open Defecation Free ","","","verified","Clean sweep + spot-check sample confirmed sound - bulk pass 2026-08-26"
"tag","66990ccc-b627-4e4b-a61d-66d7027d80af","2025","b31c1e99-dbfd-4941-9290-7d3c41a86ee6","Ocean & climate-system dynamics: mid-oceanic ridges and biodiversity, changing El Nino/La Nina patterns, Oceanic Nino Index, climate change'","","","verified","Clean sweep + spot-check sample confirmed sound - bulk pass 2026-08-26"
"tag","22c00aa8-38e2-4e9a-8cd7-5406691d2be6","2025","b8f41a2a-2b1b-4331-8251-02c6b6b949f1","Role of ethical values in governance and society; significance of value in civil services; society's and educational institutions' contribut","","","verified","Clean sweep + spot-check sample confirmed sound - bulk pass 2026-08-26"
"tag","e09779e2-4d67-4dd5-9dee-7aa96ebc84d4","2025","bb4b38f9-3dfb-4208-b972-df2bdcf4ec67","The Judiciary: integrated judicial system, Supreme Court composition/independence/jurisdiction/judicial-review/curative-petition, High Court","","","verified","Clean sweep + spot-check sample confirmed sound - bulk pass 2026-08-26"
"tag","b23c8046-631e-4149-a8e4-cde686e552a1","2025","bb4b38f9-3dfb-4208-b972-df2bdcf4ec67","The Judiciary: integrated judicial system, Supreme Court composition/independence/jurisdiction/judicial-review/curative-petition, High Court","","","verified","Clean sweep + spot-check sample confirmed sound - bulk pass 2026-08-26"
"tag","ec63ce52-13a3-4d76-955d-1006473ac9db","2025","bc25126f-b87b-48ab-815a-e38d4695b353","'Adivasi' as a category: reasons for the term and geographic concentration of tribal populations; issues with tribal habitat in India","","","verified","Clean sweep + spot-check sample confirmed sound - bulk pass 2026-08-26"
"tag","f3489619-509c-4393-80aa-d568c734d9a8","2025","be23d986-564f-4405-80b9-4b16a990ffbc","Essential aptitude for civil servants; foundational values of civil services: neutrality, anonymity, accountability, integrity, humility, ad","","","verified","Clean sweep + spot-check sample confirmed sound - bulk pass 2026-08-26"
"tag","1fa9aafa-b2f0-488f-a863-64523d4ed2da","2025","c6cd8a05-f639-4616-a446-29427819ed0d","Climate change basics: greenhouse effect and global warming, international efforts to control climate change, ozone-layer depletion, acid ra","","","verified","Clean sweep + spot-check sample confirmed sound - bulk pass 2026-08-26"
"tag","286c2da4-145b-49e3-ac17-60cc2965aaac","2025","c78bf170-9afd-47db-938c-61da2f40d7f3","Demography: concept of human resources, population distribution (physical/socio-cultural/demographic factors), world/continental distributio","","","verified","Clean sweep + spot-check sample confirmed sound - bulk pass 2026-08-26"
"tag","9f2d784e-0be0-4f41-be5c-b3932845bb50","2025","cabfe4d1-1f6d-4164-8209-16b3d6c15e57","'Constitutional morality': concept and how it is enforced in a democratic system; social auditing as more than financial verification ??? an","","spot_check","verified","Clean sweep + spot-check sample confirmed sound - bulk pass 2026-08-26"
"tag","82523a3a-610b-4178-9297-8ee4ac55d78c","2025","cd0bf15a-08ab-4978-97b0-54a2c1ce5c6f","Union and states: State Reorganisation Commission, components of Indian territory, formation of new states, Zonal Councils, Union Territorie","","","verified","Clean sweep + spot-check sample confirmed sound - bulk pass 2026-08-26"
"tag","fbf47b0a-008f-4887-a1af-97a6ac1bc3f5","2025","cdb9967e-50a6-44eb-a6a9-8b14cc892378","Conflict of interest: definition, actual vs potential conflicts, with illustrative examples; administrative value conflicts in maintaining p","","","verified","Clean sweep + spot-check sample confirmed sound - bulk pass 2026-08-26"
"tag","ca3c7729-320d-46f1-98c1-aea8642a4893","2025","d07227df-974f-4268-bbc4-a59fb80b38bb","Nanoscience and nanotechnology: basics, nanomaterials, applications (medicine, semiconductors, food, textiles, sustainable energy, environme","","","verified","Clean sweep + spot-check sample confirmed sound - bulk pass 2026-08-26"
"tag","c222e785-dd62-45d3-bedb-fa421faa5c07","2025","d08a6995-9703-4913-9e85-977f3d639281","Electronics and telecommunications: computer generations and cloud computing, IT-enabled services, display technologies (LCD/LED/OLED/AMOLED","","","verified","Clean sweep + spot-check sample confirmed sound - bulk pass 2026-08-26"
"tag","ed1344d5-f955-48cb-9ffc-3babdd9af1e6","2025","d292c4db-02c2-4fe3-a392-d9ff1f83d612","India and other regions: Africa (historical connections, South-South engagement, trade/investment/security cooperation), Australia (diaspora","","","verified","Clean sweep + spot-check sample confirmed sound - bulk pass 2026-08-26"
"tag","1fd80f3f-daed-4e44-a2a9-86bc266e868b","2025","d594130c-6968-4204-a72c-1813a5c423a0","Climate mitigation & industrial transition: Anthropocene debate, green industrialisation, carbon farming, electric mobility, green hydrogen ","","","verified","Clean sweep + spot-check sample confirmed sound - bulk pass 2026-08-26"
"tag","50ece4cb-aade-456a-9cd4-2b8517f142ca","2025","d72e6038-8dad-4335-be6d-8e06c657add8","Socio-religious reform movements of the 19th century (Raja Ram Mohan Roy, Jyotirao Phule, Ishwar Chandra Vidyasagar, Ambedkar movement)","","","verified","Clean sweep + spot-check sample confirmed sound - bulk pass 2026-08-26"
"tag","cc1f06b2-f0f9-43c1-b20b-b00c7aab3829","2025","d9be9125-85a2-4155-bbd1-526c8a0d31f8","Regional temple traditions: Khajuraho, Odisha, Gwalior, Gujarat, Rajasthan, Bengal, Assam, HP, J&K temple styles","","","verified","Clean sweep + spot-check sample confirmed sound - bulk pass 2026-08-26"
"tag","00ceec52-c98d-42e9-a636-a08b64c65bfe","2025","e2e59dbf-8916-47fa-8c5c-c6702699ddea","Tsunami mechanism, wave properties, and effects","","","verified","Clean sweep + spot-check sample confirmed sound - bulk pass 2026-08-26"
"tag","cea2dde3-bf70-4a09-b952-86f9bcd44884","2025","e5704894-15e4-4497-aab1-946239e3550c","Terrorism threat to India: changing face of terrorism, threats faced, the broader counter-terrorism framework, and drawbacks in intelligence","","spot_check","verified","Clean sweep + spot-check sample confirmed sound - bulk pass 2026-08-26"
"tag","df92307d-24ed-4309-853b-f5247a139df7","2025","e99332aa-0545-4ab5-b851-1845c178f47f","Minerals and environmental degradation: mining's direct/indirect impacts, international mining laws, and sustainable-mining regulation in In","","","verified","Clean sweep + spot-check sample confirmed sound - bulk pass 2026-08-26"
"tag","214f177e-5cfb-4818-af64-8935103f4cec","2025","ebec1783-9d34-4091-86c2-73b8832e1c26","Poverty and development issues: concept of development, Sen vs Bhagwati model, crisis of development","","","verified","Clean sweep + spot-check sample confirmed sound - bulk pass 2026-08-26"
"tag","99707993-3f4b-4365-8ad4-ce6412eb1d74","2025","f1e0f21b-3a02-4120-a618-1264537b46d3","101st Amendment (GST): salient features and efficacy in building a common national market; 69th Amendment (NCT of Delhi) and federal frictio","","","verified","Clean sweep + spot-check sample confirmed sound - bulk pass 2026-08-26"
"tag","acd5adfa-acee-4efc-9e02-7ab1c5da6728","2025","f4efc600-4ddf-41b4-91a2-e9f4642f1f95","Representation of People's Act: disqualification triggers, criminalization of politics, electoral reform proposals, and electoral bond after","","","verified","Clean sweep + spot-check sample confirmed sound - bulk pass 2026-08-26"
"tag","1c87552d-f7fd-41eb-b1d5-24ed70d65081","2025","f993f545-1bfb-4e7b-b76b-8b21885c842a","Water-resource degradation: hydrological cycle, groundwater depletion, water-borne/water-induced diseases, fluoride/arsenic contamination in","","","verified","Clean sweep + spot-check sample confirmed sound - bulk pass 2026-08-26"
"tag","8ea75886-f5c8-4c2e-8db8-e43e957e7303","2025","f993f545-1bfb-4e7b-b76b-8b21885c842a","Water-resource degradation: hydrological cycle, groundwater depletion, water-borne/water-induced diseases, fluoride/arsenic contamination in","","","verified","Clean sweep + spot-check sample confirmed sound - bulk pass 2026-08-26"
"tag","601f41e4-5b83-4d98-9324-d6359177cddd","2025","f9a1a286-8d52-4e4a-90b9-1787bc9a221b","Case studies: crisis & resource-allocation dilemmas: drought-relief tanker capture by a 'tanker mafia', disaster resource-allocation triage ","","","verified","Clean sweep + spot-check sample confirmed sound - bulk pass 2026-08-26"
"tag","796a5430-dd0d-4c1f-bafe-609312b44874","2025","fe28f5e5-99c3-4c9d-829c-4c38a0b6ffe3","India and Asian nations: Central Asian republics (Turkmenistan, Kazakhstan, Tajikistan; China's role; International North-South Transport Co","","","verified","Clean sweep + spot-check sample confirmed sound - bulk pass 2026-08-26"
"tag","b433499f-341e-43ff-9da6-213ab0cec0df","2025","ffcd01f2-546b-4661-a94f-c43bf6680f62","Attitude-formation model, impact of beliefs and values, group and social influences, persuasion tactics and tools","","","verified","Clean sweep + spot-check sample confirmed sound - bulk pass 2026-08-26"
