row_type,row_id,paper_year,question_number_or_topic_id,text_preview,flags,sample_reason,decision,notes,assign_topic_id,difficulty
"question","b8771e95-39be-435e-a413-27a766311c25","2023","1","37.5% of 239.90 + √99.99 =?","non_ascii_suspect","flagged","","","","",""
"question","ea658db5-d5b7-47d5-83ea-9a0ae439820e","2023","1","As per the Budget 2023 – 2024, phase 3 of the e- Courts project will be launched with an outlay of _________ (Topic- Latest Union Budget)","non_ascii_suspect;suspicious_repeat_char","flagged","","","","",""
"question","510adfef-c41e-4cdd-94d0-c2360176a911","2023","1","Who sits second to the right of Bob?","no_primary_tag","flagged","","","","",""
"question","ed761733-bdc7-4fba-aac5-70239d6e69ac","2023","1","Write an Essay of about 200 words on any one of the following topics: - (30 Marks) (i) How do foreign exchange reserves impact national mark","","spot_check","","","","",""
"question","a6e81c1e-2800-45f8-b8f9-dec27d959549","2023","1","What is the leverage ratio of domestic systemically important banks (D-SIBs) in India? {Topic- Banking (Financial Risk Management)}","","spot_check","","","","hard",""
"question","83a715e4-d712-4969-9d23-8ae8f7781d51","2023","1","A penalty of _______ has been imposed by SEBI on Multi Commodity Exchange (MCX) for flouting norms related to data entries of Sikkim-based c","suspicious_repeat_char","flagged","","","","",""
"question","8b886eb7-f6c1-43fb-be44-bd12a8c9d1cb","2023","1","Under NPS, how many Pension funds (PFs) other than the government sector are registered with PFRDA? (Topic- National Pension Scheme)","","spot_check","","","","hard",""
"question","3663632a-061b-4804-805a-647b6bab8f5d","2023","1","In the context of IFSC Banking Unit (IBU), what constitutes the minimum threshold for term deposits to be categorized as bulk deposits? (Top","","spot_check","","","","hard",""
"question","5c78042c-380d-411f-b9b6-9f4c51fa2890","2023","2","840.98 ÷ 28.99 +? = 112.08","non_ascii_suspect","flagged","","","","",""
"question","ead7724e-9205-4d04-8d88-6a62a7ca15d0","2023","2","Mahila Samman Certificate will be made available for a two–year period up to ________ and the scheme will offer deposit facility upto ______","non_ascii_suspect;suspicious_repeat_char","flagged","","","","",""
"question","966f6aea-63ce-4202-b4b0-dd4b8b0c6dde","2023","2","Which one sits at one end of the row?","no_primary_tag","flagged","","","","",""
"question","68aedf71-b510-491a-8647-6045bba915a5","2023","2","Make a Précis of the following passage in 120 words and give it a suitable title: - (35 Marks) It’s taboo but we all think about it. We are ","non_ascii_suspect","flagged","","","","",""
"question","b999b013-26f1-4afd-a8e5-3d1de75a5eb7","2023","2","Which securities can individuals invest in under the Retail Direct Scheme? {Topic- Capital Market (Debt Market)}","","","","","","easy",""
"question","d20d52d3-62b1-4b9a-b400-d286a59acba8","2023","2","How many complaints against companies and market intermediaries received through SCORES platform was disposed of in February according to th","","spot_check","","","","",""
"question","2c0c538e-305e-42ec-839f-644d6e6fc866","2023","2","What is the maximum investment in equity allowed under the Atal Pension Yojana (APY) guidelines? (Topic- Atal Pension Yojana)","","","","","","easy",""
"question","a3163e08-c50a-418e-8393-115f817a5b55","2023","2","Which of the following statements about IFSC banking units is INCORRECT? (Topic- IFSCA Regulations - Banking, Bullion, Capital Market and In","","","","","","easy",""
"question","dceb7f80-b2b8-4b4f-bde3-47867e1af9a1","2023","3","14.98 ×8.04 + 21.07 × 30.05 =?","non_ascii_suspect","flagged","","","","",""
"question","7a4781c6-2247-4ce4-892c-dcc4176a5d19","2023","3","UIDF will be managed by the _________, and will be used by public agencies to create urban infrastructure in ___________ (Topic- Latest Unio","suspicious_repeat_char","flagged","","","","",""
"question","bd0d36af-3a40-459e-95fe-6078ffd737a6","2023","3","How many people are facing south in a row?","no_primary_tag","flagged","","","","",""
"question","5e97bbea-e4fa-4720-ae9b-9e6200bf60f2","2023","3","Read the given Passage and answer the Question given below based on the Passage:- (35 Marks) India's service sector growth continued to stre","non_ascii_suspect","flagged","","","","",""
"question","12e58177-e375-4702-8465-c0ebaf32f2c7","2023","3","What is the Minimum Lock-in period of the medium- and long-term government deposits under the Medium- and Long-Term Government Deposit (MLTG","","","","","","hard",""
"question","bbc0b1a1-895e-43e0-88e6-4460d385b999","2023","3","Name the bank whose finance arm has received capital markets regulator SEBI’s nod to raise up to ₹2,500 crore through rights issue of shares","non_ascii_suspect","flagged","","","","",""
"question","b5297708-48ff-416b-9eac-7896e0d9be86","2023","3","The Central Government had introduced the National Pension System (NPS) with effect from January 1, 2004 (except for armed forces). Pension ","suspicious_repeat_char","flagged","","","","easy",""
"question","90f7ca25-b20b-49f9-9036-5d9bd0a71bb1","2023","3","What is the minimum capital requirement of an IFSC Banking Unit (IBU)? (Topic- IFSCA Regulations - Banking, Bullion, Capital Market and Insu","","","","","","hard",""
"question","6934e704-1a0e-42f1-b0e7-c6233ecfbf6c","2023","4","1653.04 ÷ 57.01 x 39.93 =? + 19.98","non_ascii_suspect","flagged","","","","",""
"question","c103b38e-38c6-4819-839e-8062574da247","2023","4","Total Estimated Expenditure in Budget 2023 – 2024 is _________. (Topic- Latest Union Budget)","non_ascii_suspect;suspicious_repeat_char","flagged","","","","",""
"question","0bfc2bff-4309-457e-a425-6082039f6d9a","2023","4","Who faces the same direction as Emily?","no_primary_tag","flagged","","","","",""
"question","b067d9f2-d8be-4246-9029-9988758bfc3b","2023","4","Banks must maintain a stock of gold that is at least equal to the amount of gold that is expected to be redeemed by depositors under the Med","suspicious_repeat_char","flagged","","","","hard",""
"question","69362348-21a9-493c-a618-e3c5da9ea61b","2023","4","An ‘Infrastructure Finance Company (IFC)’ status has been granted to which renewable energy company by Reserve Bank of India (RBI)?","non_ascii_suspect","flagged","","","","",""
"question","aa744e57-f536-44e1-9448-8c847865c51d","2023","4","As per IRDAI, corporate agent (health) may have arrangements with a maximum of _____________ insurers in their respective lines of business.","suspicious_repeat_char","flagged","","","","hard",""
"question","eb219bbc-4ec4-4f0d-a403-119ecdfabd74","2023","4","International Financial Services Centres Authority (IFSCA) banking units are not covered under which of the following? (Topic- IFSCA Regulat","","","","","","easy",""
"question","53980026-c5c4-4897-86bc-272bc1b05bf5","2023","5","18.95 × √224.95 =? × √25.03","non_ascii_suspect","flagged","","","","",""
"question","a9824e74-bdde-4309-b176-a2664a6aeec8","2023","5","Fiscal Deficit target in FY 2023 – 2024 __________ to be reduced to 4.5% by _________. (Topic- Latest Union Budget)","non_ascii_suspect;suspicious_repeat_char;no_primary_tag","flagged","","","","",""
"question","7215e382-ad60-41c2-82a9-325831d4e3b9","2023","5","Who is an immediate neighbor of Alice?","no_primary_tag","flagged","","","","",""
"question","7358b516-2cb6-4c48-a35a-7dda694260c8","2023","5","Which of the following entities can participate in the auction of gold under the Gold Monetization Scheme (GMS)? (Topic- Bullion)","","","","","","easy",""
"question","20fb8bc4-b04c-4c4e-b930-3e2edb473c93","2023","5","How much liquidity has been infused into the banking system by Reserve Bank of India (RBI) via the 14-day Variable Repo Rate (VRR) auction a","","","","","","",""
"question","2161c510-2ea5-4199-89a2-12dd65715560","2023","5","In accordance with the International Financial Services Centres Authority (IFSCA) (Issuance and Listing of Securities) Regulations, 2021, wh","","","","","","hard",""
"question","929abe1e-2746-4de0-a46e-f8dc641d760c","2023","6","Ratio of the speed of the car to bike is 4:3 and the bike travels 40 km less than the car in the same time duration. What is the distance tr","","spot_check","","","","",""
"question","a9263638-fea5-44da-9f1d-fe1cf9308afe","2023","6","Which of the following sector not been identified as One Hundred Critical transport infrastructure projects, for last and first mile connect","","spot_check","","","","",""
"question","649b73c0-79e6-4907-88fd-feb22e5379fd","2023","6","Who among the following person stays immediately above N?","","spot_check","","","","","[caselet] Ten persons, X, Y, Z, M, N, O, P, Q, R, and S, are staying in two different flats, namely Flat Alpha and Flat Beta, in a five-storey building. The lowermost floor is numbered as 1, and the floor immediately above it is n"
"question","8b286785-2b1f-49d9-af1f-8f63ee0856b8","2023","6","Which of the following Acts is not under the purview of the Reserve Bank of India (RBI)? {Topic- Banking (Functions of RBI)}","","","","","","easy",""
"question","5d316a26-555f-4dc8-9c55-ba75b5683dc4","2023","6","A fine of ₹3.06 crores imposed by RBI on which company?","non_ascii_suspect","flagged","","","","",""
"question","4115f49f-0e0c-46a3-9a7b-65641924e207","2023","6","According to the International Financial Services Centres Authority Act of 2019, which of the following options is not classified as a finan","","spot_check","","","","easy",""
"question","f0c61c17-6beb-416e-b8b7-9ae684ee089d","2023","7","A shopkeeper bought two articles A and B such that he had a Profit of 15% and 20% on selling article, A and B respectively. Selling price of","","","","","","",""
"question","52626efe-51e6-4993-9cc2-86cc5f5877ed","2023","7","In which of the following year Railway Budget was merged with the Union Budget? (Topic- Latest Union Budget)","","","","","","easy",""
"question","da42d118-aaaa-4815-ac8a-df9dc904be2b","2023","7","On which of the following floor and flat does P stay?","","","","","","","[caselet] Ten persons, X, Y, Z, M, N, O, P, Q, R, and S, are staying in two different flats, namely Flat Alpha and Flat Beta, in a five-storey building. The lowermost floor is numbered as 1, and the floor immediately above it is n"
"question","9201f1c1-81dc-41cc-8d61-e5d71a04f593","2023","7","An NBFC -factor shall ensure that its financial assets in the factoring business constitute at least _______________of its total assets and ","suspicious_repeat_char","flagged","","","","hard",""
"question","f13d688c-884a-4931-a3fe-4ffbfeb82d3e","2023","7","As per Centre for Monitoring Indian Economy, all India unemployment rate remained elevated in February 2023 and rose to______ from 7.14% in ","suspicious_repeat_char","flagged","","","","",""
"question","61b2c923-e599-47de-952e-7dbac1111ec8","2023","7","Section 13 of the IFSCA Act 2019 does not list which of the following regulators as a body whose powers have been transferred to the IFSCA? ","","","","","","easy",""
"question","2eef3460-632a-44b2-8282-08adc73cce25","2023","8","A boat can travel 90 km upstream and 120 km downstream in 12 hours 30 minutes. What is the speed of the stream, if the boat can travel 60 km","","","","","","",""
"question","22a5c76b-99c8-4e97-b9a6-be7aaf5180b8","2023","8","The average monthly gross GST collection has increased from crore in _________ FY18 to ₹1.49 lakh crore in FY23 (Topic- Latest Economic Surv","non_ascii_suspect;suspicious_repeat_char","flagged","","","","",""
"question","e3d8429c-66bf-465d-9991-5d94a413efb0","2023","8","Four of the following five are alike in a certain way as per the given arrangement and hence form a group. Find the one who doesn’t belong t","non_ascii_suspect","flagged","","","","","[caselet] Ten persons, X, Y, Z, M, N, O, P, Q, R, and S, are staying in two different flats, namely Flat Alpha and Flat Beta, in a five-storey building. The lowermost floor is numbered as 1, and the floor immediately above it is n"
"question","ab7dc6b4-39be-4b0e-a5fb-60656794b65d","2023","8","As per RBIs directions on Bank Finance to Non-Banking Financial Companies (NBFCs), what is the present ceiling on bank credit linked to the ","","spot_check","","","","hard",""
"question","08ab6a0b-3b99-436c-a343-64bafa824c06","2023","8","According to data provided by the Ministry of Statistics and Programme Implementation (MoSPI), the indian economy grew at _____ between Octo","suspicious_repeat_char","flagged","","","","",""
"question","4f37e2cb-b5a6-42fa-bd09-4d0d5c90a389","2023","8","What was the enactment year of the International Financial Services Centres Authority (IFSCA) Act? (Topic- IFSCA Act)","","","","","","easy",""
"question","cb3c392b-766a-4be7-9c9e-40145a6f2dfb","2023","9","If the product of the present ages of A and B is 864 and the ratio of the ages of A to B is 2:3, then what is A’s age after 20 years?","non_ascii_suspect","flagged","","","","",""
"question","056aaf92-a1b7-4a0f-b642-ea9ae55f3534","2023","9","Which of the following is not a challenge faced by the agriculture sector in India? (Topic- Latest Economic Survey)","no_primary_tag","flagged","","","","",""
"question","33f5bc51-298d-4b27-80e5-90e72ec8af26","2023","9","What is the position of Z with respect to N?","","","","","","","[caselet] Ten persons, X, Y, Z, M, N, O, P, Q, R, and S, are staying in two different flats, namely Flat Alpha and Flat Beta, in a five-storey building. The lowermost floor is numbered as 1, and the floor immediately above it is n"
"question","0ab83085-f2d2-4685-8ea3-284baed42f6d","2023","9","According to the Securities and Exchange Board of India (SEBI) annual report, how many clearing corporations are there in India? {Topic- Cap","","","","","","hard",""
"question","3873d4d2-042b-4051-bb10-6d2a998a2ad7","2023","9","According to Reserve Bank of India, the bank credit growth stood at _____ for 3 months ending December 2022.","suspicious_repeat_char","flagged","","","","",""
"question","d7ddbf2d-9415-41b8-a77a-a5a97681baf0","2023","9","Units operating in the IFSCA are granted a ____% income tax exemption for ____ consecutive years of the 15-year term. (Topic- GIFT City and ","suspicious_repeat_char","flagged","","","","easy",""
"question","47bc7755-173d-4268-9476-797d86cc473b","2023","10","A milkman has the mixture of milk and water in the ratio of 3:2. When he sold 20 Liters of the mixture and then added 5 litres of water, the","","","","","","",""
"question","0dfb0389-494f-4b88-bbd0-04d26192a566","2023","10","How many floors are between Q and O?","","","","","","","[caselet] Ten persons, X, Y, Z, M, N, O, P, Q, R, and S, are staying in two different flats, namely Flat Alpha and Flat Beta, in a five-storey building. The lowermost floor is numbered as 1, and the floor immediately above it is n"
"question","03c1d1e6-b425-40ed-a7ef-67a19a1581f4","2023","10","As per the social stock exchange framework issued by SEBI, Not for Profit Organization (NPO) may not raise funds from which of the following","","","","","","medium",""
"question","aad9dfd0-6ba6-4dfb-92c3-11dcb5cdcf5a","2023","10","Wholesale price index (WPI)-based inflation rate fell to ______ in February, according to the data by the Ministry of Commerce and Industry.","suspicious_repeat_char","flagged","","","","",""
"question","97f1b7f6-b42d-4188-89d5-4460760f8b51","2023","10","Which institution is the first international university established within the IFSCA? (Topic- GIFT City and GIFT IFSCA)","","","","","","easy",""
"question","eae7b9ad-3a6e-4158-885b-e0dee39652fa","2023","11","(I) x2 – 10x – 24 = 0 (II) y2 + 4y + 4 = 0","non_ascii_suspect","flagged","","","","",""
"question","82b9805b-9e9b-4380-b175-0d41a75f8aac","2023","11","Statements: All bread is butter. No butter is cream. All cream is bad. Conclusions: I. All bread are bad II. Some bad are butter","","spot_check","","","","",""
"question","fb560278-e4f9-499a-af3f-e725bfe9d403","2023","11","What is the main objective of capital issued by a company? {Topic- Capital Market (Equity Market)}","","","","","","easy",""
"question","02c57051-e05e-4e30-99fc-e941bf153e0c","2023","11","As per UK-based Brand Finance list, which telecom brand is ranked as the most valuable brand globally?","no_primary_tag","flagged","","","","",""
"question","e43db304-1351-4657-8dd7-e53ec8931832","2023","11","On what date did the International Financial Services Centres Authority assumed the powers of the RBI, SEBI, IRDAI, and PFRDA for IFSCs? (To","","","","","","easy",""
"question","0bc60b1d-dfb4-4ae6-9d56-57bc8110d519","2023","12","(I) x2 -17x + 52 =0 (II) y2 -14y + 45 =0","","","","","","",""
"question","03953220-dfa8-4d48-b815-79304eabd8e9","2023","12","Statements: A few plants are not green. All green are colorful. No colorful is black. Conclusions: I. No black is green. II. No plant is bla","","","","","","",""
"question","8a12b758-e524-44af-b9e7-f474f5f10875","2023","12","Anchor investors have a lock-in period of____________ during which they cannot sell their shares or offload their shares holdings. {Topic- C","suspicious_repeat_char","flagged","","","","hard",""
"question","49523e36-0371-4478-b694-4ba1b2227f26","2023","12","Moody's Investors Service has revised India's growth estimate for 2022 to_______ from 7 per cent pegged in November 2022.","suspicious_repeat_char","flagged","","","","",""
"question","b8d8c558-55ed-43c6-9e1e-2bd295572fb4","2023","12","As per the Global Financial Centres Index, which listed financial centre does not feature among the top five financial center? (Topic- Globa","no_primary_tag","flagged","","","","",""
"question","82fd27d7-3235-4710-b696-90f1b05b42c4","2023","13","(I) x2 – 25x + 84 = 0 (II) y2 – 28y + 147 = 0","non_ascii_suspect","flagged","","","","",""
"question","da991ebd-9300-4d33-949b-4f6800403f80","2023","13","Statements: No tiger is a dog. Some rats are tigers. All domestic are dogs. Conclusions: I. No tiger is a rat. II. All dogs are definitely n","","","","","","",""
"question","78977083-5ecc-4770-81f0-3a535762e3a1","2023","13","As per social stock exchange framework what is the minimum corpus requirement of Social Impact Fund? {Topic- Capital Market (Equity Market)}","","","","","","hard",""
"question","25df6a1b-62c9-409a-b7b8-19a38e98823e","2023","13","__________ and Federal Bank will partner with association of microfinance institutions Sa-Dhan and Delhi-based fintech solutions provider Ne","suspicious_repeat_char","flagged","","","","",""
"question","4d731586-16dd-40bd-9f69-6f548dd146aa","2023","14","(I) x2 – 5x + 6 = 0 (II) y2–8y + 15 = 0","non_ascii_suspect","flagged","","","","",""
"question","fdd95d43-8e51-4349-bac4-15bde69d2e86","2023","14","Statements: Some music is videos. No book is bad. All books are music. Some bad are not videos. Conclusions: I. All bad being a book is a po","","","","","","",""
"question","652d2816-839f-4387-beed-effcda2c25d1","2023","14","Multilateral exercise La Perouse (3rd Edition) is being organized from 13 to 14 March 2023 in the Indian Ocean region. Which among the follo","non_ascii_suspect","flagged","","","","",""
"question","ddc59105-689e-4ef6-8800-882023b8057e","2023","15","(I) x2 – 8x + 15 = 0 (II) y2 + y – 12 = 0","non_ascii_suspect","flagged","","","","",""
"question","c1423e7a-f618-434e-9800-f61dcef21a8c","2023","15","Statements: Some metros are trains. Some metros are lucky. All lucky is great. No human is lucky. All wise are humans. Conclusions: I: All m","","","","","","",""
"question","472ee992-4fdc-4c5c-8618-36c929e07050","2023","15","State the theme of World Wildlife Day 2023?","","","","","","",""
"question","1eb10396-c387-499a-a1a2-b321ffc5a1aa","2023","16","Total number of orders delivered in 2005 is how much more/less than total number of orders delivered in 2002?","no_primary_tag","flagged","","","","",""
"question","72bfaad3-c34f-438b-a030-82974d962840","2023","16","Who is the sister-in-law of Zane?","","spot_check","","","","","[caselet] Eight persons — Harper, Zane, Nova, Orion, Luna, Atlas, Vega, and Lyra — consist of a family of three generations. There are three females and two married couples in the family. For every person in the family, either bot"
"question","d2a81d03-1485-4aef-a8fc-2e408268b68d","2023","16","Who has been elected as the new President of Vietnam?","no_primary_tag","flagged","","","","",""
"question","2a06f4c5-bd1c-4c94-9550-0ab4935c4372","2023","17","Find the ratio of total number of orders delivered in 2001 and total number of orders delivered in 2004?","no_primary_tag","flagged","","","","",""
"question","e5e22611-99ac-4052-a46b-03b3b6dfb3b7","2023","17","How is Luna related to Harper?","","","","","","","[caselet] Eight persons — Harper, Zane, Nova, Orion, Luna, Atlas, Vega, and Lyra — consist of a family of three generations. There are three females and two married couples in the family. For every person in the family, either bot"
"question","3e7d2dd0-6cb1-4c46-9514-bddeab8813fa","2023","17","____ partnered with Aadhar Housing Finance to offer home loans for salaried employees, loan for plot purchase and construction, home improve","suspicious_repeat_char","flagged","","","","",""
"question","432409d6-f34d-4628-963c-f23211693625","2023","18","Total number of orders delivered in 2003 is what percentage of total number of orders delivered in 2001?","no_primary_tag","flagged","","","","",""
"question","c9a62049-9d47-4eb8-8090-f8c068596141","2023","18","Who is the husband of Orion?","","","","","","","[caselet] Eight persons — Harper, Zane, Nova, Orion, Luna, Atlas, Vega, and Lyra — consist of a family of three generations. There are three females and two married couples in the family. For every person in the family, either bot"
"question","69727384-8d2c-4dba-a6ef-a77f20fe1a3d","2023","18","Badri Narayan received the prestigious literary award Sahitya Akademi Award, 2022 for?","","spot_check","","","","",""
"question","4bce7963-5d8d-4b89-947f-736645849e23","2023","19","Find the difference between the total number of orders delivered in 2003 and total number of orders delivered in 2005?","no_primary_tag","flagged","","","","",""
"question","604dbd30-efc1-4855-90fc-db0cec1ef276","2023","19","How many children does Lyra have?","","","","","","","[caselet] Eight persons — Harper, Zane, Nova, Orion, Luna, Atlas, Vega, and Lyra — consist of a family of three generations. There are three females and two married couples in the family. For every person in the family, either bot"
"question","b852787c-8515-47db-bde0-bf11af4cab10","2023","19","Who among the following has been honoured with the ‘Player of the Year Award’ by the Asian Chess Federation?","non_ascii_suspect","flagged","","","","",""
"question","917683c3-803f-4952-93a0-fe9cb2bf5a6d","2023","20","If the ratio of number of orders delivered in 2002 and 2006 is 3:5 and then find the average number of orders delivered in 2004 and 2006 tog","no_primary_tag","flagged","","","","",""
"question","04cb450f-2a15-4af3-8f3f-261acf778429","2023","20","How many performances happened between the performances of Daniel and Harper?","","","","","","","[caselet] Ten persons Ethan, Olivia, Rohan, Liam, Norah, Mia, Harper, Isabella, Daniel and Ava performed in a competition on the 12th and 23rd of each month among June, July, August, September and October, such that only one perso"
"question","08453c9c-6a58-4300-9e5b-76792a575b76","2023","20","As per direction of SEBI the issue summary document for filing papers pertaining to IPO and for further issue of securities in XBRL format w","suspicious_repeat_char","flagged","","","","hard",""
"question","d2bd17a5-3977-4fba-8092-dd6fd60ba3a8","2023","21","A can complete the work in 18 days and A and B together can complete the half of the work in 6 days. C is 20% more efficiency than B. In how","","spot_check","","","","",""
"question","29bcd77c-4860-429b-86c0-6f4693cb0247","2023","21","In which month did Harper inform?","","spot_check","","","","","[caselet] Ten persons Ethan, Olivia, Rohan, Liam, Norah, Mia, Harper, Isabella, Daniel and Ava performed in a competition on the 12th and 23rd of each month among June, July, August, September and October, such that only one perso"
"question","7a27952f-094e-47cf-a29f-c46b263107cb","2023","21","PM Modi releases the 13th installment of financial benefits worth ____ to over eight crore eligible farmers under the flagship PM-KISAN sche","suspicious_repeat_char;no_primary_tag","flagged","","","","",""
"question","d8690373-acfa-4932-ac5d-e122052c72c7","2023","22","There are three sections (A, B and C) in class 6. The average marks scored by 25 students in Section A is 42, average marks scored by 20 stu","","","","","","",""
"question","45a6a8d5-52cb-4355-a5c1-188133d206f8","2023","22","Who performed immediately after Noah?","","","","","","","[caselet] Ten persons Ethan, Olivia, Rohan, Liam, Norah, Mia, Harper, Isabella, Daniel and Ava performed in a competition on the 12th and 23rd of each month among June, July, August, September and October, such that only one perso"
"question","8f3afe81-7e6f-4abf-b97f-fc299ab5c635","2023","22","Second global hackathon -- 'HARBINGER 2023 - Innovation for Transformation' announced by Reserve Bank of India with the theme -","","","","","","",""
"question","55922c43-c638-4d3c-b94d-c8b2980505b4","2023","23","In a bank examination, the number of passed candidates was five times the number of failed candidates. If there had been 40 less candidates ","","","","","","",""
"question","cd28117d-ad42-44b2-89c1-218e74f24906","2023","23","How many persons performed before Olivia?","","","","","","","[caselet] Ten persons Ethan, Olivia, Rohan, Liam, Norah, Mia, Harper, Isabella, Daniel and Ava performed in a competition on the 12th and 23rd of each month among June, July, August, September and October, such that only one perso"
"question","d95747dd-1bed-4f25-9577-1de55cefbaf3","2023","23","Name the first private sector bank to take up a service that allows customers to use RuPay credit cards on UPI with BHIM and other UPI - ena","","","","","","",""
"question","b611cd96-b9aa-4241-a80e-51761873ed7f","2023","24","A wire is looped in the form of rectangle whose area is 96 cm2 and the ratio of the length to breadth of the rectangle is 3:2. If the same w","","","","","","",""
"question","1257cd2b-5e04-40c9-9336-67e13e41e4a2","2023","24","Find the odd one out","","","","","","","[caselet] Ten persons Ethan, Olivia, Rohan, Liam, Norah, Mia, Harper, Isabella, Daniel and Ava performed in a competition on the 12th and 23rd of each month among June, July, August, September and October, such that only one perso"
"question","58a02ded-d15a-4d3b-80fe-e6e9681f4ddc","2023","24","Financial Literacy Week 2023 organized by Reserve Bank of India will be held from _______?","suspicious_repeat_char","flagged","","","","",""
"question","56dcea39-ae23-44ad-a2c5-7bdac76aeec6","2023","25","Three pipes A, B and C can fill a tank in 12 hours. After working at it together for 3 hours, C is closed and A and B can fill the remaining","","","","","","",""
"question","d82f6d96-6ff5-4f67-970d-98cb300d3bfa","2023","25","If it is possible to make a meaningful word without repetition of the letter with the second, fifth, sixth and seventh letter of the word ‘P","non_ascii_suspect","flagged","","","","",""
"question","93049f99-aa14-499e-8f0f-400aa0306485","2023","25","Direct Tax Collections for F.Y. 2022 - 23 at ₹15 .67 lakh crore – which is _____ % higher than gross collections for corresponding period of","non_ascii_suspect;suspicious_repeat_char;no_primary_tag","flagged","","","","",""
"tag","1efb4f54-332a-4cb9-8b1c-3ba069d9752a","2023","0140aef7-82c3-45de-be0d-e9286820ee7f","Odd-one-out within an arrangement","","spot_check","","","","",""
"tag","9841f673-6416-44ff-bed2-627e08109374","2023","0140aef7-82c3-45de-be0d-e9286820ee7f","Odd-one-out within an arrangement","","","","","","",""
"tag","ee29d4f6-cc38-4f1f-90f5-6a79e03919a8","2023","01f2ee8f-c655-4c2e-912e-e0f18a2d3201","Quadratic equations ΓÇö root comparison (x vs y)","","","","","","",""
"tag","5f6f3d32-da2a-414e-a7b4-6fe6a40f1261","2023","01f2ee8f-c655-4c2e-912e-e0f18a2d3201","Quadratic equations ΓÇö root comparison (x vs y)","","","","","","",""
"tag","23dabf36-6038-454e-8767-428e820b6894","2023","01f2ee8f-c655-4c2e-912e-e0f18a2d3201","Quadratic equations ΓÇö root comparison (x vs y)","","","","","","",""
"tag","4feff0de-04ed-490f-933f-63c1f9737eb6","2023","01f2ee8f-c655-4c2e-912e-e0f18a2d3201","Quadratic equations ΓÇö root comparison (x vs y)","","","","","","",""
"tag","018c5307-d50c-4a3c-aedb-427ed7d8391e","2023","01f2ee8f-c655-4c2e-912e-e0f18a2d3201","Quadratic equations ΓÇö root comparison (x vs y)","","","","","","",""
"tag","0cd28a8c-4833-4613-bc40-ed24fcb4d010","2023","069fdcf6-30e5-4be7-9ef2-6ae4f9631ca6","Social Stock Exchange and Social Impact Funds","","","","","","",""
"tag","855a3f38-3fa6-4e9c-873c-09f74fbd5ebd","2023","069fdcf6-30e5-4be7-9ef2-6ae4f9631ca6","Social Stock Exchange and Social Impact Funds","","","","","","",""
"tag","f5a1f499-ff8b-489a-a242-fd08790d1d86","2023","1326ca6c-e981-4960-8229-e3e61c4b91ab","Current events of international importance","","","","","","",""
"tag","2f81e03e-4afa-4369-9ef5-00fc9c1b06db","2023","1326ca6c-e981-4960-8229-e3e61c4b91ab","Current events of international importance","","","","","","",""
"tag","c91a45be-23f3-4eab-b21e-cc5bb30fd084","2023","1326ca6c-e981-4960-8229-e3e61c4b91ab","Current events of international importance","","","","","","",""
"tag","182660bd-fc62-496a-b81f-b84bb480d1bd","2023","1af08d43-cdee-4c13-bdcd-ac7ef28b7b08","IFSCA Capital Market Regulations","","spot_check","","","","",""
"tag","873d18e0-6162-4204-815d-4d380fef0c23","2023","21fb2f26-ef41-477c-a8eb-2717f20b6083","Pipes and cisterns","","","","","","",""
"tag","4b5142d6-069e-4339-b5ce-7e8ee56ac078","2023","2c0f28df-6ad1-4702-9008-5e671511e626","Asset classes E, C, G and A","","","","","","",""
"tag","63fc4685-751a-4aae-ae0b-bb8069f1aa3b","2023","3976cecf-b912-4229-8e77-757f89f96360","IPO process and book building","","","","","","",""
"tag","e4b8b799-7031-4bd7-a8da-6124529731f6","2023","3a54536e-35fe-4c7a-949c-382476120f62","Square roots, cube roots and powers","","","","","","",""
"tag","66ad29c1-f6d7-4e07-8dfc-48a1cb3f1b7c","2023","3f2a57b9-ea87-4d0e-9296-6651b115c149","Written answers to a passage","","","","","","",""
"tag","97d0eee3-4872-41e8-b2b0-f0eed6d565cb","2023","479587ab-2cef-4046-9da4-c0ca924e8ef6","Word formation from given letters","","","","","","",""
"tag","47a98b09-cc84-42c2-8144-3d5333ffd7bb","2023","47d00077-5f85-ba3b-fc49-cf7405914aa2","Pr├⌐cis Writing","","","","","","",""
"tag","35801d54-a6e3-444d-9fe2-df42ad0c1e12","2023","528ffbb5-94cb-438d-a875-c854d0f65ec5","Averages ΓÇö simple and weighted","","","","","","",""
"tag","cb179cb1-4890-4113-966b-c4859dc9e30c","2023","63d9ed95-155f-b31b-acd8-3bb63b0bbb76","Essay Writing","","","","","","",""
"tag","84e67484-2272-42b5-aff2-af3a6b13eb85","2023","652eb8c7-a25a-48c1-b51d-ddf64f8ede1b","Family tree puzzle with generations","","","","","","",""
"tag","7a060f1f-1a1f-44d6-b1ca-8a8c4b9d765a","2023","652eb8c7-a25a-48c1-b51d-ddf64f8ede1b","Family tree puzzle with generations","","","","","","",""
"tag","c4cac335-604f-46c6-b469-bc957432777b","2023","652eb8c7-a25a-48c1-b51d-ddf64f8ede1b","Family tree puzzle with generations","","","","","","",""
"tag","a51f68f3-0db3-4067-bb40-aeb30b2aa1f9","2023","652eb8c7-a25a-48c1-b51d-ddf64f8ede1b","Family tree puzzle with generations","","spot_check","","","","",""
"tag","5a63669e-9ef6-43fa-aba3-05fe130b7934","2023","67cbcf15-b007-4ffe-b2cc-2ba4458f0759","IFSCA Banking Regulations","","","","","","",""
"tag","ff584ac7-7b68-4bea-a2bd-31ca602c4bca","2023","67cbcf15-b007-4ffe-b2cc-2ba4458f0759","IFSCA Banking Regulations","","","","","","",""
"tag","39fc5dc7-5a45-483b-bc53-cdf7935da1d8","2023","67cbcf15-b007-4ffe-b2cc-2ba4458f0759","IFSCA Banking Regulations","","","","","","",""
"tag","5781a56a-1635-40df-a93d-fbbb129af906","2023","67cbcf15-b007-4ffe-b2cc-2ba4458f0759","IFSCA Banking Regulations","","","","","","",""
"tag","2f84a197-cf04-44e9-a832-092efd561692","2023","6e107aa5-c9e0-4888-a7e9-862e98bea935","Month and date scheduling puzzle","","","","","","",""
"tag","4ab19891-005e-43e5-83c5-e6b10ab9f56e","2023","6e107aa5-c9e0-4888-a7e9-862e98bea935","Month and date scheduling puzzle","","","","","","",""
"tag","ecec2ca5-080a-4235-8d41-ada4f23668f4","2023","6e107aa5-c9e0-4888-a7e9-862e98bea935","Month and date scheduling puzzle","","","","","","",""
"tag","6c862733-f7b1-4b23-a1bc-2b4f968bb83f","2023","6e107aa5-c9e0-4888-a7e9-862e98bea935","Month and date scheduling puzzle","","","","","","",""
"tag","212fa0ef-2a2f-490c-a43d-7e4d4adbd1da","2023","71b06075-f4d6-4b04-8921-30d18492f18a","Current events of national importance","","","","","","",""
"tag","76c20fb3-59c3-4f09-83ff-b08fd8c4bb24","2023","71b06075-f4d6-4b04-8921-30d18492f18a","Current events of national importance","","","","","","",""
"tag","47479a01-ef19-495c-a0c2-fdb1fe336bfb","2023","71b06075-f4d6-4b04-8921-30d18492f18a","Current events of national importance","","","","","","",""
"tag","25ffd913-e92d-4ac4-bea5-3aaa333b03eb","2023","71b06075-f4d6-4b04-8921-30d18492f18a","Current events of national importance","","spot_check","","","","",""
"tag","999ab970-c653-4136-b444-b32d0a324d0a","2023","71b06075-f4d6-4b04-8921-30d18492f18a","Current events of national importance","","","","","","",""
"tag","8350f971-c507-4d01-9c9a-6a64b5706b73","2023","71b06075-f4d6-4b04-8921-30d18492f18a","Current events of national importance","","","","","","",""
"tag","b1212347-abcb-40bd-add4-aa02110f010d","2023","71b06075-f4d6-4b04-8921-30d18492f18a","Current events of national importance","","","","","","",""
"tag","5fd530c9-043d-48b6-9479-414b98911829","2023","71b06075-f4d6-4b04-8921-30d18492f18a","Current events of national importance","","","","","","",""
"tag","8b81efeb-9a47-4cd1-afee-64cd6f7f76e8","2023","71b06075-f4d6-4b04-8921-30d18492f18a","Current events of national importance","","","","","","",""
"tag","efd09628-5c7d-4730-b507-4c02464290cc","2023","71b06075-f4d6-4b04-8921-30d18492f18a","Current events of national importance","","","","","","",""
"tag","4702c296-8753-4f36-8f2b-cfdee6143fe3","2023","71b06075-f4d6-4b04-8921-30d18492f18a","Current events of national importance","","","","","","",""
"tag","b0d765cd-7737-436e-b90c-7729c38ddda8","2023","71b06075-f4d6-4b04-8921-30d18492f18a","Current events of national importance","","","","","","",""
"tag","42353d7d-21a2-401c-be12-15ec047b2db3","2023","71b06075-f4d6-4b04-8921-30d18492f18a","Current events of national importance","","","","","","",""
"tag","be977428-f7ae-4b97-b5d5-c7b3ee71cdb2","2023","71b06075-f4d6-4b04-8921-30d18492f18a","Current events of national importance","","","","","","",""
"tag","79e2e8b3-c9cf-431a-a9e1-cfc06bb7f839","2023","71b06075-f4d6-4b04-8921-30d18492f18a","Current events of national importance","","","","","","",""
"tag","91c2a39a-005d-49f6-b5c6-d2ab23e18ac6","2023","74799854-a84e-4607-844e-afb8c50b7bc0","Simple and compound ratio","","","","","","",""
"tag","16d9e57e-4e50-436c-9de7-7c6e2fe3fd7d","2023","7d94ff40-34f9-47fe-9caa-9eae0dc38116","Mixtures and alligation","","spot_check","","","","",""
"tag","70d2dd8b-a9e3-4ad7-84e1-b69cc2327c50","2023","7e1e6fc8-4e40-4e18-bfb7-660c80143603","RBI Act 1934 ΓÇö constitution, note issue, functions","","","","","","",""
"tag","637eae4e-645e-4f6d-82c1-e7d22fb797d4","2023","7e9de247-a854-4388-a44a-597c50de043a","Missing-term simplification (find ?)","","","","","","",""
"tag","f2121d1b-3eab-465c-9c3f-0af720e5864f","2023","7e9de247-a854-4388-a44a-597c50de043a","Missing-term simplification (find ?)","","","","","","",""
"tag","a43e49d8-ff86-4e1b-bf9f-2f55a6a51aa4","2023","83767c6b-bfac-4384-8dc1-2deeff9d5b83","Capital and leverage norms; D-SIBs","","","","","","",""
"tag","e52226d0-3bae-4805-9830-02b664b1a440","2023","89bb1536-fd50-4ef9-aa73-a28cf8923927","RBI Retail Direct","","","","","","",""
"tag","0e8074ae-0445-4668-b3cc-47a593f31b3d","2023","8b7921cf-e18e-489a-b064-521439563b66","Measurement of growth ΓÇö national income and per capita income","","","","","","",""
"tag","8a973110-1337-4f2b-b9de-c2d0f4f6f0aa","2023","970269b7-0d99-4a0b-a239-fb4d5a6b26eb","Pension Fund Managers","","","","","","",""
"tag","fed34811-9ff6-444e-9d3e-f6dd256899d1","2023","993efa09-2f9d-42be-a0b3-b6c912e0f07c","Possibility conclusions","","","","","","",""
"tag","d8265e0d-202a-4a01-af2d-ae046899523d","2023","993efa09-2f9d-42be-a0b3-b6c912e0f07c","Possibility conclusions","","","","","","",""
"tag","49509aef-80eb-4513-8713-2c50ce3e367b","2023","9ce26fd0-9787-4ed3-b02e-003d2c78327f","Broad trends in the Union Budget","","","","","","",""
"tag","fa4daeef-c47a-4f62-83a5-938cb33942ca","2023","9ce26fd0-9787-4ed3-b02e-003d2c78327f","Broad trends in the Union Budget","","","","","","",""
"tag","8577d2ae-060f-43c0-924c-f8be8669b6b5","2023","9ce26fd0-9787-4ed3-b02e-003d2c78327f","Broad trends in the Union Budget","","spot_check","","","","",""
"tag","3c1a477f-5b1a-44fd-9437-82e6f8925357","2023","9ce26fd0-9787-4ed3-b02e-003d2c78327f","Broad trends in the Union Budget","","","","","","",""
"tag","d08c17ae-6dd0-4312-b044-9404c7799e44","2023","9ce26fd0-9787-4ed3-b02e-003d2c78327f","Broad trends in the Union Budget","","","","","","",""
"tag","f10da60d-44ea-412d-96f8-9cf19df9db99","2023","a3da90af-8bfa-457f-94d6-fa7d072fa042","Poverty alleviation and employment generation in India","","","","","","",""
"tag","7ffb0da8-a8a9-42e2-a718-394a3b5c4c84","2023","a5ece133-4cad-4641-8caa-5e593c34e888","Simultaneous equations from word conditions","","","","","","",""
"tag","e0749e74-8172-4445-b55a-3503ff9bc52b","2023","af47c6ee-252a-4618-acde-f828e5cbdd84","Unified powers over RBI, SEBI, IRDAI and PFRDA domains","","","","","","",""
"tag","b125f237-6238-4f05-9f0b-224d73cf62e4","2023","af47c6ee-252a-4618-acde-f828e5cbdd84","Unified powers over RBI, SEBI, IRDAI and PFRDA domains","","","","","","",""
"tag","43b03285-763a-4371-b7b3-d3254a41f05a","2023","b15890c8-9099-4526-bcee-4599579ce183","Financial inclusion schemes","","","","","","",""
"tag","8240fb5e-d622-4852-8964-fc0a602995dc","2023","b3d81d2c-a6e7-40d0-84dc-eea66c22bee7","Clearing corporations and settlement","","","","","","",""
"tag","c9040a86-f656-48f4-a6d6-05b61f1d231b","2023","b3d81d2c-a6e7-40d0-84dc-eea66c22bee7","Clearing corporations and settlement","","","","","","",""
"tag","f5fcb91b-0acc-4642-a3be-7f5a25ee24e8","2023","b3d81d2c-a6e7-40d0-84dc-eea66c22bee7","Clearing corporations and settlement","","","","","","",""
"tag","d37ea07d-8a73-44c8-a99e-e68016da3461","2023","b3d81d2c-a6e7-40d0-84dc-eea66c22bee7","Clearing corporations and settlement","","","","","","",""
"tag","8a7aa22f-ecb2-4b84-a0b8-4d9067f00dbe","2023","b77e7e84-163c-4a38-95b3-6c6ba6729d6d","IFSCA Act 2019 ΓÇö establishment and composition","","spot_check","","","","",""
"tag","303412e6-5d09-4259-99d4-cdbaa7a813a9","2023","b77e7e84-163c-4a38-95b3-6c6ba6729d6d","IFSCA Act 2019 ΓÇö establishment and composition","","","","","","",""
"tag","3fae218c-9a8c-4733-a5e0-6bfe8f87c4a0","2023","ba7baa6e-c6aa-4961-9163-0f9ef870cd7c","GIFT City ecosystem","","","","","","",""
"tag","ace4b97f-bb68-4c66-bfbd-f99cba6bd8f0","2023","ba7baa6e-c6aa-4961-9163-0f9ef870cd7c","GIFT City ecosystem","","","","","","",""
"tag","0968cde7-2433-43e8-8e39-80abffd1d357","2023","c2384cfd-529f-4f48-8d67-33fb2e5ce9fb","Reshaping and equal-perimeter problems","","","","","","",""
"tag","c773a4de-00ef-4768-b494-476d5d67c79e","2023","c26f0386-26ac-4035-96d6-3522f658cb19","Floor and flat double-variable puzzle","","","","","","",""
"tag","bfaa9f0d-f627-4b10-9181-a2278e72ce50","2023","c26f0386-26ac-4035-96d6-3522f658cb19","Floor and flat double-variable puzzle","","","","","","",""
"tag","a4e10e75-f46c-4a1f-816f-96487e93e549","2023","c26f0386-26ac-4035-96d6-3522f658cb19","Floor and flat double-variable puzzle","","","","","","",""
"tag","9ff3bbad-0442-4ea2-8445-e1658df78ac7","2023","c26f0386-26ac-4035-96d6-3522f658cb19","Floor and flat double-variable puzzle","","","","","","",""
"tag","3d0c9b2e-afaf-4628-a77f-fbfac6a601bd","2023","cd574056-f811-4f7b-8fdd-a4e37d0c9772","Ages ΓÇö present, past and future","","","","","","",""
"tag","e2a824f3-0bd5-4c12-ad8f-f2fd39bae053","2023","d1979e85-7942-4fdd-a5fa-b1d2e29f5977","Boats and streams","","","","","","",""
"tag","34d24265-48ee-4f56-945a-aaa295236f39","2023","d1b7a3f9-84e1-4832-8d3f-ca851b844ce6","Approximation with decimals and surds","","","","","","",""
"tag","6bff25e3-f0ac-44ac-91bc-c21b0ee9daaf","2023","d1b7a3f9-84e1-4832-8d3f-ca851b844ce6","Approximation with decimals and surds","","","","","","",""
"tag","de5ae800-e558-4991-bec9-b5f0cfe6ea9c","2023","d5730793-96f4-40bb-92b5-ff3a27a73d89","Anchor investors and lock-in","","spot_check","","","","",""
"tag","2e83fd3d-3b50-416a-8f48-385814ffbef5","2023","d8355e58-6c85-48c8-9878-318ba0a41772","Efficiency comparison and relative capacity","","","","","","",""
"tag","19cfbcf1-01f8-48fa-8b38-b1d28379fab3","2023","e2ed0952-3f31-409c-a5c3-617d9dfa7640","Themes and findings of the latest Economic Survey","","","","","","",""
"tag","9fddb36e-d1e6-4088-ac79-8f3215831d3e","2023","e36fe7d1-24c8-44a7-833c-faf3a2e6feff","Central Recordkeeping Agency","","","","","","",""
"tag","ca3fd7fc-0a07-4546-8401-97a48d821db4","2023","e8fccc09-a2c9-4076-a001-ad1c2378a23f","NBFC categories ΓÇö IFC, Factor, P2P","","","","","","",""
"tag","e2e2f841-a928-4601-b71f-35dc55819992","2023","e8fccc09-a2c9-4076-a001-ad1c2378a23f","NBFC categories ΓÇö IFC, Factor, P2P","","","","","","",""
"tag","3389d4f4-cefd-42b5-a81d-5c6ae4a7ae6f","2023","ee63d21f-3ff5-4193-975f-7e6c04a59c89","Three or more statement syllogism","","","","","","",""
"tag","a48fd97c-288d-41dc-954b-c3713859fd32","2023","ee63d21f-3ff5-4193-975f-7e6c04a59c89","Three or more statement syllogism","","","","","","",""
"tag","a7a63e3f-3ef1-4481-9f65-5be30ca99f14","2023","ee63d21f-3ff5-4193-975f-7e6c04a59c89","Three or more statement syllogism","","","","","","",""
"tag","21f02963-6381-4552-8106-f038cb770e26","2023","efd7de44-a236-4f45-ad92-35940425d2ac","Budget documents and the budget process","","","","","","",""
"tag","c422c070-d192-4557-9b9d-bba334c5a7c7","2023","f9bbff3d-12ad-4c33-85f9-6c4b1e71b8a9","Types and evolution of intermediaries","","","","","","",""
"tag","9b89d6c9-f592-4bf4-99e9-0c767f954ae6","2023","fa8a4cb7-7670-4f67-b933-9e9e0d4ace77","Combined transactions and overall gain","","","","","","",""
"question","5dd95765-c338-4c9f-9406-69b32a3f1383","2024","1","Write an Essay of about 250-270 words on any one of the following topics: (30 Marks) (i) Discuss the importance of mental health in adults. ","","spot_check","","","","",""
"question","64e0c328-0e13-4ce7-8d0b-d68f0a0056f1","2024","1","What is the maximum monthly pension available under the Atal Pension Yojana (APY)?","","spot_check","","","","easy",""
"question","2b4a2198-fcff-4e5b-b7c0-c7ca5636f2ad","2024","1","The professor's (A) profound research on (B) historical artifacts (C) shed light on the (D) significance of ancient cultures.","","spot_check","","","","",""
"question","991ec850-8e7d-4d06-a34c-59ecec94e78d","2024","1","How is the cost of production calculated?","","spot_check","","","","easy",""
"question","cf4c9f68-f728-4f68-bbfd-dbc8a7d302dd","2024","1","What is the maximum limit of Foreign Direct Investment (FDI) in the insurance sector in India as of 2024?","","spot_check","","","","hard",""
"question","b02fbc33-ce89-4268-9415-bfaf3717c13f","2024","1","55.55% of 305.98 + 6.08 × 11.98 - 960.89−−−−−−√𝟗𝟗𝟗𝟗𝟗𝟗.𝟖𝟖𝟖𝟖 =?","non_ascii_suspect;suspicious_repeat_char","flagged","","","","",""
"question","21443a06-7adc-4fbf-826b-b4bb4e9ff1bb","2024","1","Which eight-time Olympic gold medallist has been chosen as the ambassador for the ICC Men's T20 World Cup 2024?","no_primary_tag","flagged","","","","",""
"question","9eefe39d-29ef-4a68-834a-acf1285cf646","2024","1","Which of the following is not a part of the Bima Trinity introduced by IRDAI?","","spot_check","","","","medium",""
"question","a9621e19-1719-45ca-bbdb-61cbe6b4796f","2024","1","The SGX Nifty has been renamed as:","","spot_check","","","","easy",""
"question","e7ed24cb-95fe-43a4-a00e-0e694434924e","2024","1","What term is used to describe the difference between total expenditure and total receipts, excluding borrowings?","","spot_check","","","","easy",""
"question","21fb9401-c309-4b24-9cb5-1f27c13455ee","2024","1","Who sits immediate right of G?","no_primary_tag","flagged","","","","",""
"question","029be2e3-c426-408a-94c8-3b5ceb81a35e","2024","2","Make a Précis of the following passage in 120-130 words and give it a suitable title. (35 Marks) Trust and ethics are the cornerstones of a ","non_ascii_suspect","flagged","","","","",""
"question","421064e1-9fdc-4cf7-b77d-a91f160f363f","2024","2","Under the National Pension System (NPS), what is the maximum age up to which an individual can defer their exit or withdrawal?","","","","","","easy",""
"question","5c115e75-2013-40f2-bc0e-541d33505ac6","2024","2","During the (A) negotiation, the company's (B) stringent terms were (C) challenged by the (D) representatives of the union.","","","","","","",""
"question","3fc5359c-a0ce-4ee8-ae7e-e51731756c55","2024","2","What is the size of the batch of production where total cost of setup and holding costs are minimized?","","","","","","easy",""
"question","2f2353e1-e67a-45ff-9247-bdb86d66960a","2024","2","What is the minimum size of a futures contract that can be made public for individuals on exchanges in India as of 2024?","","","","","","hard",""
"question","ba54729a-c9bc-4703-857d-1895649b448e","2024","2","15𝟏𝟏𝟏𝟏 x 699.9845 – 43.002 x 5 + 594.012 x 2 = ?","non_ascii_suspect;suspicious_repeat_char","flagged","","","","",""
"question","f0558685-709d-491f-b72a-e39d721856a2","2024","2","Which health insurance scheme in India aims to achieve Universal Health Coverage (UHC)?","no_primary_tag","flagged","","","","",""
"question","078dce9f-c14d-4789-8702-657fb9e20102","2024","2","Which country’s bank, in collaboration with the International Finance Corporation (IFC), issued the world’s first biodiversity bond in the f","non_ascii_suspect","flagged","","","","",""
"question","52b3fc40-34ba-4b9d-b083-7050dc1a33a8","2024","2","What is the maximum number of members allowed in the International Financial Services Centres Authority (IFSCA)?","","","","","","easy",""
"question","78d4d2ac-df07-4f20-8c16-4fa77d7a8c23","2024","2","The direct benefit transfer of one-month salary for first-time employees registered in the EPFO will be up to what amount?","","","","","","",""
"question","e71101db-7662-4980-8d9b-a5f33df5be7c","2024","2","Who sits opposite to A?","no_primary_tag","flagged","","","","",""
"question","2623fa5b-871c-406c-bb79-25be0adfbcc0","2024","3","Read the passage given below and answer the questions on the basis of the passage in your own words. (35 Marks) Moonlighting, the practice o","non_ascii_suspect","flagged","","","","",""
"question","bd1c0211-782d-4f9b-b4c5-3f171cf6f781","2024","3","What is the minimum monthly pension under the UPS if an individual has completed at least 10 years of service?","","","","","","easy",""
"question","259af0b5-d7b7-48fb-baf2-580ce4168aba","2024","3","The novel's (A) intricate plot (B) delves into the (C) intricate emotions of its (D) deeply flawed characters.","","","","","","",""
"question","4e5f3e65-9d52-4d2b-be4e-68a942a27ea4","2024","3","What type of process loss is not allowed to affect the cost of good units?","","","","","","easy",""
"question","82fc1301-fc92-4fc6-95ac-8705420d18aa","2024","3","Which of the following is another name for municipal bonds issued to finance specific revenue-generating projects?","","","","","","easy",""
"question","816d2a38-196a-482d-b713-0f2eeb086fee","2024","3","11.18 × 170.02−−−−−−√𝟏𝟏𝟏𝟏𝟏𝟏.𝟎𝟎𝟎𝟎 =? × 48.902−−−−−−√𝟒𝟒𝟒𝟒.𝟗𝟗𝟗𝟗𝟗𝟗 + 19.034 × 1.908","non_ascii_suspect;suspicious_repeat_char","flagged","","","","",""
"question","1c63d983-fedc-484f-9154-c9a1d56f84a8","2024","3","What is the name of the Reusable Launch Vehicle for which ISRO conducted the third Landing Experiment (LEX) on June 23 at the Aeronautical T","no_primary_tag","flagged","","","","",""
"question","4e765149-89b2-486b-b188-3338159275f0","2024","3","In India, a Super Senior Citizen is defined as an individual resident who is of what age or above during the previous year?","","","","","","easy",""
"question","5514f067-3008-42d8-b116-bea23928ac52","2024","3","What is the full form of GIFT in GIFT City?","","","","","","easy",""
"question","cb4f4795-d582-467f-9a18-895ad0332003","2024","3","According to the Economic Survey 2023-24, India's equity market capitalization as a percentage of GDP ranks as the ____ largest in the world","suspicious_repeat_char","flagged","","","","",""
"question","72758f4c-827d-46eb-8555-5aedb79413ec","2024","3","How many people sit between B and A, if counted from the right of B?","no_primary_tag","flagged","","","","",""
"question","27363e69-82d8-4ddf-ac77-401e1dd1c1ff","2024","4","What is the maximum withdrawal allowed during the deferment period for a non-linked life pension product?","","","","","","hard",""
"question","7861e89c-092e-4a33-8e68-3552fc86688a","2024","4","The conference (A) provided a platform for (B) discussing the latest (C) advances in technology and (D) highlighted key challenges facing th","","","","","","",""
"question","f7328e67-ba7a-45e2-b026-2452c7024acf","2024","4","Given the following data: • Break-Even Point (BEP) = ₹1,50,000 • Fixed Costs (FC) = ₹60,000 • Variable Cost per unit (VC) = ₹12 Calculate th","non_ascii_suspect","flagged","","","","medium",""
"question","99fdb410-3b39-4f05-9054-ffce396ae99c","2024","4","Under the Reserve Bank of India (RBI) Act, what is the maximum denomination of banknotes that can be issued by the RBI?","","","","","","easy",""
"question","4ffe203a-cc8b-401a-bc36-6367f59c565d","2024","4","44.44 % of 198.109 + 224.98−−−−−−√𝟐𝟐𝟐𝟐𝟐𝟐.𝟗𝟗𝟗𝟗 × 2.087 – 218.190=?","non_ascii_suspect;suspicious_repeat_char","flagged","","","","",""
"question","38742898-cdc3-4264-8012-19c784f62db1","2024","4","Which organization recognized the name ""Statio Shiv Shakti"" for the landing site of Chandrayaan-3â€™s Vikram lander?","non_ascii_suspect;no_primary_tag","flagged","","","","",""
"question","71ac5a1f-a20c-49ae-8db9-6d90a98a576c","2024","4","In July 2024, which company was approved by the Reserve Bank of India (RBI) for conversion from a Non-Banking Financial Company (NBFC) to a ","","","","","","",""
"question","831ac90b-99c4-41d6-930f-d707d31fcf90","2024","4","International Financial Services Centres (IFSCs) are eligible for a tax-free period of how many years out of a total of 15 years?","","","","","","easy",""
"question","494464ac-5ac2-46d8-881c-4f0c5db388f5","2024","4","Which of the following is NOT a priority area of the Budget 2024-25?","","","","","","",""
"question","c3b7a96a-9eef-4d52-912a-9b0ed233473e","2024","4","What is the position of C with respect to H?","no_primary_tag","flagged","","","","",""
"question","7412ec21-3379-4254-8734-1ef1c1e89514","2024","5","What is the minimum annual contribution required for an NPS Tier-1 account?","","spot_check","","","","easy",""
"question","ba450043-fa9c-4e7f-a5f8-d2c03816a1e9","2024","5","Her (A) meticulous attention to (B) detail in preparing the (C) financial report was (D) noted by the audit team.","","","","","","",""
"question","885c9de3-2f31-4365-87b1-ae85f250ede2","2024","5","Which of the following is used in Margin of Safety calculation?","","","","","","easy",""
"question","a9c567a7-0566-4005-892e-095d13fa8f86","2024","5","Under which of the following Acts is a scheduled bank classified and mentioned in India?","","spot_check","","","","easy",""
"question","68557355-55ae-4a1b-9389-1f6f388184fc","2024","5","419.98 ÷ 6.97 + 8.12 × 13.108 – 629.912 ÷ 441.01−−−−−−√𝟒𝟒𝟒𝟒𝟒𝟒.𝟎𝟎𝟎𝟎 = ?","non_ascii_suspect;suspicious_repeat_char","flagged","","","","",""
"question","7cca238d-ade4-491e-b099-7080c652ee47","2024","5","What is the new minimum paid-up capital requirement for Asset Reconstruction Companies (ARCs) as per the RBI's regulations effective from Ap","no_primary_tag","flagged","","","","",""
"question","7c863f3f-4ac4-4242-a148-0988b8840246","2024","5","Who sits third to the right of F?","no_primary_tag","flagged","","","","",""
"question","3da053e5-9968-449f-add5-ef016215f522","2024","6","What is the standard percentage of an employee’s contribution to the Employees' Provident Fund (EPF)?","non_ascii_suspect","flagged","","","","easy",""
"question","5c13701f-d6e4-4de0-a85b-0ff2e82ed07f","2024","6","AI has also made significant strides, with applications ranging from virtual assistants to sophisticated data analysis tools. In healthcare,","","spot_check","","","","","[passage] The rise of technology has profoundly influenced nearly every aspect of modern life, fundamentally reshaping industries and transforming daily routines. Over the past few decades, technological advancements such as autom"
"question","52193e4d-fbb6-4c5f-b50a-4cde3e1acaef","2024","6","The National Bank for Financing Infrastructure and Development (NaBFID) primarily provides long-term finance for which of the following sect","","","","","","easy",""
"question","303cedb4-81d3-41a5-82a6-69be9b65d8da","2024","6","The percentage loss incurred by selling the product at Rs. 1350 is equal to one-half of the percentage profit earned by selling the same pro","","spot_check","","","","",""
"question","4fc072b5-1e15-467a-b1a4-084bfb897b88","2024","6","Under the Union Budget 2024, how many youth are expected to be skilled over a 5- year period through the skilling programme?","","","","","","",""
"question","4474f5d0-e945-4511-935d-8d7ed50a344c","2024","6","Who sits immediate right of R?","","spot_check","","","","","[caselet] A, E, G, H, K, M, R and V are sitting in a row that runs from East to West, all facing North, but not necessarily in the same order. V is sitting 2nd to the left of G. Only one person is sitting between V and K. M is sit"
"question","a0226fe3-10d1-4f9a-86fc-077e74f2dee0","2024","7","What is the maximum benefit provided under the Employees' Deposit Linked Insurance (EDLI) scheme?","","","","","","hard",""
"question","060b3bec-26eb-4a42-9111-5c7cf8473625","2024","7","AI has also made significant strides, with applications ranging from virtual assistants to sophisticated data analysis tools. In healthcare,","","","","","","","[passage] The rise of technology has profoundly influenced nearly every aspect of modern life, fundamentally reshaping industries and transforming daily routines. Over the past few decades, technological advancements such as autom"
"question","b1a5ca4d-8ad5-4680-a6a7-c2b0fadb7b76","2024","7","________ is a voluntary market association for Fixed Income, Money, and Derivatives markets in India.","suspicious_repeat_char","flagged","","","","easy",""
"question","e67e24b6-1f99-4090-b72c-39a6c5c93335","2024","7","In still water, boat 'B' is twice as fast as boat 'A'. Boats 'A' and 'B' are 300 km apart in a stream, and are travelling towards each other","","","","","","",""
"question","7dc6bbb7-62cf-432b-9de6-c26094281235","2024","7","Which bank is listed as the top Global Systemically Important Bank (G-SIB) with a 2.5% additional capital buffer, as per the November 2023 l","","","","","","",""
"question","d2312a22-1769-45e6-9af9-95e09354e332","2024","7","How many persons sit between V and A?","","","","","","","[caselet] A, E, G, H, K, M, R and V are sitting in a row that runs from East to West, all facing North, but not necessarily in the same order. V is sitting 2nd to the left of G. Only one person is sitting between V and K. M is sit"
"question","0ab16e3a-7f63-4359-9ecb-630052744fa0","2024","8","What is the minimum period required for contributing to the Atal Pension Yojana (APY) scheme to receive pension benefits?","","","","","","easy",""
"question","b9df92ff-c4e4-47bd-b8b2-90e5a8cc73ae","2024","8","AI has also made significant strides, with applications ranging from virtual assistants to sophisticated data analysis tools. In healthcare,","","","","","","","[passage] The rise of technology has profoundly influenced nearly every aspect of modern life, fundamentally reshaping industries and transforming daily routines. Over the past few decades, technological advancements such as autom"
"question","3b455f71-a147-44ab-8242-658260e62f25","2024","8","Which of the following is NOT a function of the Securities and Exchange Board of India (SEBI)?","","","","","","easy",""
"question","95c93d6d-6341-40b5-87eb-1bbdcb7821d4","2024","8","'A' and 'B' started a business by investing their capitals in the ratio of 4:3, respectively. Seven months later, 'C' joins them by investin","","","","","","",""
"question","61ad935d-b6ab-4ae7-999f-eabcc52016fe","2024","8","The Prime Minister of India addressed which edition of the Global Fintech Fest (GFF) in 2024?","","spot_check","","","","",""
"question","ced3a18c-7c15-4395-8efb-0e684aa9730e","2024","8","How many persons sit between M and H?","","","","","","","[caselet] A, E, G, H, K, M, R and V are sitting in a row that runs from East to West, all facing North, but not necessarily in the same order. V is sitting 2nd to the left of G. Only one person is sitting between V and K. M is sit"
"question","7280b28e-edce-49b4-9ef1-f3357679429b","2024","9","What is the age eligibility criteria for joining the National Pension System (NPS)?","","","","","","easy",""
"question","841ae068-aea7-45c2-a41b-fe4335f29b37","2024","9","AI has also made significant strides, with applications ranging from virtual assistants to sophisticated data analysis tools. In healthcare,","","","","","","","[passage] The rise of technology has profoundly influenced nearly every aspect of modern life, fundamentally reshaping industries and transforming daily routines. Over the past few decades, technological advancements such as autom"
"question","67d50c3c-cd40-47f5-b2a4-2d9bedf66405","2024","9","In the forex market, which of the following is known as settlement risk?","","","","","","easy",""
"question","59cc146c-3050-4b90-8b35-e96c9fe52659","2024","9","Ratio of the number of boys and girls in the class is 11:14. If 8 boys and 4 girls joined the class, then the ratio of the boys and girls be","","","","","","",""
"question","fbff539c-7bb6-4819-b42c-417775e738c6","2024","9","Which depository service provider in India has the largest proportion of new Demat accounts as of March 2024?","","","","","","",""
"question","66c297b8-70e0-4df7-9cf5-7abe340f5e0e","2024","9","Which among the following is the right combination of persons sitting at the left and right end of the respectively?","","","","","","","[caselet] A, E, G, H, K, M, R and V are sitting in a row that runs from East to West, all facing North, but not necessarily in the same order. V is sitting 2nd to the left of G. Only one person is sitting between V and K. M is sit"
"question","3d2b30f5-6127-4e86-ac62-adc2a2aa2244","2024","10","According to the Insurance Regulatory and Development Authority of India (IRDAI) guidelines, within how many days must an insurer resolve a ","","spot_check","","","","hard",""
"question","3847dfca-5d4c-4e45-9240-beed4fe407f2","2024","10","AI has also made significant strides, with applications ranging from virtual assistants to sophisticated data analysis tools. In healthcare,","","","","","","","[passage] The rise of technology has profoundly influenced nearly every aspect of modern life, fundamentally reshaping industries and transforming daily routines. Over the past few decades, technological advancements such as autom"
"question","8efe6680-a2f6-4fa7-a12e-4ceb754eefda","2024","10","Which of the following statements is NOT correct regarding Non-Banking Financial Companies (NBFCs) regulated by the Reserve Bank of India (R","","spot_check","","","","medium",""
"question","f063b6d3-b8c9-4f49-b6f7-7bbba5e8ab6b","2024","10","The income of 'A' is Rs. 12,500 while the income of 'B' is 16% more than that of 'A'. The ratio of expenditure and savings of 'A' is 2:3, re","","","","","","",""
"question","f7a47440-ed19-4ee6-b998-953664a71202","2024","10","After how many years of remaining unpaid and unclaimed are dividends, deposits, or debentures credited to the Investor Education and Protect","no_primary_tag","flagged","","","","",""
"question","c21c2406-b9a2-4dc9-8d91-c588bbb15b43","2024","10","Find the odd one out?","","spot_check","","","","","[caselet] A, E, G, H, K, M, R and V are sitting in a row that runs from East to West, all facing North, but not necessarily in the same order. V is sitting 2nd to the left of G. Only one person is sitting between V and K. M is sit"
"question","22119a24-4c99-4a32-b2ab-f408aaefd23b","2024","11","Which of the following is a statutory insurance in India?","","","","","","easy",""
"question","c11475b7-4638-48f1-9e9a-0445876e1034","2024","11","AI has also made significant strides, with applications ranging from virtual assistants to sophisticated data analysis tools. In healthcare,","","spot_check","","","","","[passage] The rise of technology has profoundly influenced nearly every aspect of modern life, fundamentally reshaping industries and transforming daily routines. Over the past few decades, technological advancements such as autom"
"question","93b7ab26-507a-4e43-987e-44384d7d55bb","2024","11","What minimum percentage of assets should a Non-Banking Financial Company Infrastructure Finance Company (NBFC-IFC) have in infrastructure as","","","","","","hard",""
"question","6eecc4fc-b56d-4d77-9bff-dca2135a2158","2024","11","How many hours totally did the three friends spend on technical preparation?","","spot_check","","","","","[caselet] Direction (11-15): Read the following information carefully and answer the questions. Three friends Mayank, Isha and Lalit prepared for an exam to get their dream job. Each dedicated certain hours of time in three domain"
"question","2e5989a9-4f50-49c3-8ffa-8d04e6ca0006","2024","11","Which of the following is NOT an eligibility criterion for opening a National Pension System (NPS) account?","","","","","","easy",""
"question","c7186818-5f6b-4781-bb23-82adcfad8a69","2024","11","Statements: R > K ≤ G = C < Z; C ≤ E = A ≥ S Conclusions: I) K ≤ A II) Z > S III) E > K","non_ascii_suspect","flagged","","","","",""
"question","d4d2050b-52cc-4aa5-9018-e4a1dec3b02c","2024","12","What is the term used for the basis of settlement of loss when the insurance cover is for an amount below the actual value of the item?","","","","","","easy",""
"question","771ce26f-b973-4a54-a904-aa7e3501999d","2024","12","AI has also made significant strides, with applications ranging from virtual assistants to sophisticated data analysis tools. In healthcare,","","","","","","","[passage] The rise of technology has profoundly influenced nearly every aspect of modern life, fundamentally reshaping industries and transforming daily routines. Over the past few decades, technological advancements such as autom"
"question","c7dbc40a-c53a-4044-bf46-6ffbccbe3d0e","2024","12","________ are a type of equity compensation that companies issue to their employees or directors in recognition of their contributions, such ","suspicious_repeat_char","flagged","","","","easy",""
"question","44816574-6548-4df3-9506-39d12ae5f7af","2024","12","Mayank and Lalit spent 35𝟑𝟑𝟑𝟑th and 34𝟑𝟑𝟑𝟑th of the number of hours spent on non technical preparation for maths. What is the ratio of the t","non_ascii_suspect;suspicious_repeat_char","flagged","","","","","[caselet] Direction (11-15): Read the following information carefully and answer the questions. Three friends Mayank, Isha and Lalit prepared for an exam to get their dream job. Each dedicated certain hours of time in three domain"
"question","279f9bbf-3e4d-4999-ab91-bfaa467389d0","2024","12","What is the name of India's first-ever multinational air exercise to be hosted by the Indian Air Force (IAF)?","","","","","","",""
"question","908058ef-3912-4ac0-be49-096ad0c098d1","2024","12","Statements: S > I = W ≥ C ≥ A = U; B > W ≤ Y = E Conclusions: I) E ≥ A II) U < B III) Y > S","non_ascii_suspect","flagged","","","","",""
"question","444a07f1-25db-49a7-a333-c4381fd53aad","2024","13","What is the free look period for a health insurance policy with a term of one year or more?","","","","","","easy",""
"question","c8ec54d3-d114-41d9-8a59-e3130a96e968","2024","13","The new policy was designed to _____ both the inefficiencies in the process and the _____ it had on employee morale.","suspicious_repeat_char","flagged","","","","",""
"question","5c28ace1-890b-4097-9b0e-7e61ca9cd751","2024","13","________ refers to a platform that facilitates IT-related services to connect buyers and sellers in e-commerce.","suspicious_repeat_char","flagged","","","","easy",""
"question","fc03dfa9-9db0-479c-bfef-2977fe754263","2024","13","The total number of hours spent by Lalit is what percentage more or less than the total number of hours spent by three friends on general kn","","","","","","","[caselet] Direction (11-15): Read the following information carefully and answer the questions. Three friends Mayank, Isha and Lalit prepared for an exam to get their dream job. Each dedicated certain hours of time in three domain"
"question","f95cc160-a98a-4256-8a94-cda6d9e760e1","2024","13","What percentage of its stake does State Bank of India (SBI) aim to sell in Yes Bank by the end of March 2024?","","","","","","",""
"question","011ed15d-0665-4e49-bc0f-730a6e09b7a1","2024","13","Statements Q ≥ W < E ≤ Y < P ≥ D; W = T > U > L ≤ V = A ≥ M Conclusions I) L < P II) Y > V III) Q > L","non_ascii_suspect","flagged","","","","",""
"question","1ab12caf-96f6-41cb-b4b0-14c5040b48b4","2024","14","The Ubharte Sitaare Fund, registered in July 2021, is co-sponsored by which of the following institutions?","no_primary_tag","flagged","","","","easy",""
"question","1a3f0d1a-8d6f-446e-96d5-23fa45b3071b","2024","14","Despite the _____ of the project, the team managed to deliver it on time and within budget, demonstrating their _____ and dedication.","suspicious_repeat_char","flagged","","","","",""
"question","82fd4a3e-fc7e-4d5b-ad07-da3ad8176683","2024","14","________ is used by the Reserve Bank of India (RBI) to absorb liquidity from the banking system.","suspicious_repeat_char","flagged","","","","easy",""
"question","c163cda2-14d6-483d-8d91-6eb973c993d5","2024","14","What is the average number of hours spent by three friends on all three domains?","","","","","","","[caselet] Direction (11-15): Read the following information carefully and answer the questions. Three friends Mayank, Isha and Lalit prepared for an exam to get their dream job. Each dedicated certain hours of time in three domain"
"question","b01c84e2-8a2f-4e31-b32f-f360b3f6c4d5","2024","14","What is the annual fee that broker-dealers need to pay to IFSCA, as per the June 2024 clarificatory circular, if they access global markets ","","spot_check","","","","hard",""
"question","01f649fd-1d6e-42d0-a603-2ada9458a2bf","2024","14","How is T related to E if G is a female?","","","","","","","[caselet] There are seven members G, Q, D, E, T, U, and H in the family with three generations. There is a couple in each generation. Q is the daughter-in-law of G, who has two children. U is the son of D and does not have any sib"
"question","2e64e3e1-5fcc-4bb6-8e59-e8efe57d2a62","2024","15","What is the term used to describe a reinsurer of a reinsurance company, where the ceding reinsurer is known as?","","","","","","easy",""
"question","895c1651-6997-466a-8a25-17e253a4f67b","2024","15","The CEO's speech was intended to _____ the employees' concerns and _____ confidence in the company's future.","suspicious_repeat_char","flagged","","","","",""
"question","878a12d2-ada9-44fd-a0c9-e92680613a7a","2024","15","Which of the following is NOT a money market instrument?","","","","","","easy",""
"question","6451c866-f439-48d9-8da0-2a011c5bfe2a","2024","15","Among the total hours spent by the three friends on general knowledge, they involved in interviewing each other for 45 minutes on every turn","","","","","","","[caselet] Direction (11-15): Read the following information carefully and answer the questions. Three friends Mayank, Isha and Lalit prepared for an exam to get their dream job. Each dedicated certain hours of time in three domain"
"question","1e1e097c-2664-462f-89b4-a0407a19a0ba","2024","15","The Reserve Bank of India (RBI) has approved an increase in the promoter's stake to 26% in which of the following banks?","no_primary_tag","flagged","","","","",""
"question","4a55abae-7d82-4a29-a082-662c66fe5987","2024","15","How is Q related to H?","","","","","","","[caselet] There are seven members G, Q, D, E, T, U, and H in the family with three generations. There is a couple in each generation. Q is the daughter-in-law of G, who has two children. U is the son of D and does not have any sib"
"question","a2d6c31e-b6ba-40a4-be64-bc70b1f42253","2024","16","What is the solvency requirement for insurance companies as mandated by the Insurance Regulatory and Development Authority of India (IRDAI)?","","spot_check","","","","hard",""
"question","6b9c5d2c-a4c0-4840-bb09-195d59128702","2024","16","The committee's decision was met with widespread approval and was seen as a highly commendable move.","","","","","","",""
"question","a0f5e64b-c896-4dda-b627-67a1ab8dcb31","2024","16","An agreement between two counterparties to exchange interest and/or principal payments in different currencies on an agreed date is known as","","","","","","easy",""
"question","08e253a8-c6c7-48e2-b413-9611224e50e8","2024","16","169, 289, ?, 469, 529, 569, 589","","","","","","",""
"question","ab0a2a45-ac9a-41ac-a9a1-1846c43c3b01","2024","16","Who was appointed as the protem Speaker of the 18th Lok Sabha?","","","","","","",""
"question","0c91a573-c4e6-4eeb-aebe-248e42a000f5","2024","16","How many such pairs of letters are there in the word “DESTINATION” each of which has as many letters between them as there in the English al","non_ascii_suspect","flagged","","","","",""
"question","5b8fdd73-bfd1-48fb-afab-30bb4eca8c0d","2024","17","What is the term for the realization value of a damaged asset that is deducted from the insurance claim?","","","","","","easy",""
"question","4d3ab9e7-7b51-47a0-b677-d0fabad57cd8","2024","17","The new software program is designed to significantly enhance productivity and efficiency in the workplace.","","","","","","",""
"question","39b71593-c081-4d90-8dbe-cbff801f06f4","2024","17","The Reserve Bank of India’s (RBI) ____ is a groundbreaking technological innovation poised to transform the Indian lending sector.","non_ascii_suspect;suspicious_repeat_char","flagged","","","","easy",""
"question","4d2660cc-0a70-4657-8812-781bbadfde36","2024","17","12, 86, 226, ?, 830, 1372","","spot_check","","","","",""
"question","ac2c5be9-79d1-43be-a285-543e3f2d87f5","2024","17","Muthoot Finance was selected for which international report in 2023-24?","","","","","","",""
"question","2ca25634-cd1d-4f6d-80ba-3d8a8b9d9027","2024","17","What is the shortest distance between point G and D?","","","","","","","[caselet] A girl started walking from point A towards east for 7m to reach point B. Then, she walks for 4m towards south to reach point C. Then, she takes a left turn and walks for 9m to reach point D. After this she walks for 5m "
"question","e46d758f-01cf-4d02-95f8-26ae4c087e39","2024","18","What is the lock-in period for Linked Insurance products, during which policy proceeds cannot be paid to policyholders except in case of dea","","","","","","easy",""
"question","3306cb70-09d5-4c43-8907-ddba02a97550","2024","18","Her approach to solving complex problems is both innovative and practical, making her a valuable asset to the team.","","spot_check","","","","",""
"question","bfb6b682-fd8c-4975-bc0b-44559dcf0e15","2024","18","An MMID, or Mobile Money Identifier, consists of how many digits?","","spot_check","","","","easy",""
"question","9df3f4ed-1900-4a9f-b77c-61cf58bd1d68","2024","18","124, 131, ?, 146, 157, 170","","","","","","",""
"question","dd688fbe-9c7e-491f-8c0f-1f4c751a8b17","2024","18","Which bank is the second-highest credit card issuer in India in terms of market share?","","","","","","",""
"question","e017f891-419c-4db9-a989-a3d6da7a931d","2024","18","What is the direction of the girl’s current position with respect to the boy’s starting position?","non_ascii_suspect","flagged","","","","","[caselet] A girl started walking from point A towards east for 7m to reach point B. Then, she walks for 4m towards south to reach point C. Then, she takes a left turn and walks for 9m to reach point D. After this she walks for 5m "
"question","53eefc73-aa64-4764-8d64-268c49452cfe","2024","19","What is the grace period for life insurance policies with monthly premium payments?","","","","","","easy",""
"question","c3c5f8fa-53e2-4a40-9908-71def8686ca1","2024","19","The government introduced a series of measures aimed at mitigating the adverse effects of the economic downturn.","","","","","","",""
"question","fd4df3b5-fc48-4e80-9624-0918b726ac40","2024","19","________ is considered the first development financial institution in India.","suspicious_repeat_char","flagged","","","","easy",""
"question","9e88a897-704f-44f9-9a29-4d40aaade2ba","2024","19","24, ? , 18, 45, 157.5, 708.75","","","","","","",""
"question","5faba8f0-42b4-4bc1-921c-7c650bb717a7","2024","19","Reserve Bank of India (RBI) announced a revised currency swap framework for South Asian Association of Regional Cooperation (SAARC) nations ","","","","","","medium",""
"question","b13d9ede-1293-4c36-ae62-5e2365bdf06a","2024","19","What is the direction of point C with respect to point I?","","","","","","","[caselet] A girl started walking from point A towards east for 7m to reach point B. Then, she walks for 4m towards south to reach point C. Then, she takes a left turn and walks for 9m to reach point D. After this she walks for 5m "
"question","deedb100-4263-415a-904e-5639d31faa1b","2024","20","The team was able to _____ the project ahead of schedule due to their effective management and coordination.","suspicious_repeat_char","flagged","","","","",""
"question","6f0ce998-8e2a-4b25-af6c-efe54460c8db","2024","20","The authorized capital of the National Housing Bank (NHB) currently stands at ₹1,450 crore and is fully subscribed by ______.","non_ascii_suspect;suspicious_repeat_char","flagged","","","","easy",""
"question","461dad49-496a-49f3-81f1-9fa9f8ddc77b","2024","20","15, 27, 49, ?, 115, 155","","","","","","",""
"question","5dbbab3d-bb92-4294-9e9f-bb0b00cd0e17","2024","20","What was India's rank in the UNDP Human Development Report for the year 2022?","","spot_check","","","","",""
"question","8101a505-3869-414f-9b66-0d9b5122ab68","2024","20","What is the shortest distance between point B and I?","","spot_check","","","","","[caselet] A girl started walking from point A towards east for 7m to reach point B. Then, she walks for 4m towards south to reach point C. Then, she takes a left turn and walks for 9m to reach point D. After this she walks for 5m "
"question","a59a3fe9-dcfc-44b4-98d2-4972e2354e2e","2024","21","To ensure the accuracy of the research findings, it is important to _____ all sources of data before drawing any conclusions.","suspicious_repeat_char","flagged","","","","",""
"question","ef3897ab-0420-41da-9449-024385e3aa69","2024","21","What type of mutual fund invests in its own mutual funds or other mutual funds instead of directly in securities?","","","","","","easy",""
"question","92994815-47c4-4c32-ac20-756f8d5c3a47","2024","21","Find the ratio of the number of wooden spoons sold by 'E' to the number of plastic spoons sold by 'C'.","","spot_check","","","","","[table] Directions (21-25): Answer the questions based on the information given below. The given table shows the average number of spoons (wooden and plastic) and percentage of wooden spoons sold out of total number of spoons so"
"question","33f38230-c99f-4563-bd0b-803ad3bdc55d","2024","21","As per the recent SEBI guidelines, what is the maximum aggregate contribution allowed by NRIs, OCIs, and Resident Indians in the corpus of F","no_primary_tag","flagged","","","","",""
"question","bec119fb-d669-452b-a1b9-c43717debdc3","2024","21","Directions: In the question given below, there are two statements (I) and (II). These statements may be either independent causes or may be ","","","","","","",""
"question","d05b78f6-3d4f-4401-8b92-fde553a638be","2024","22","Her presentation was filled with detailed information and _____ arguments that convinced the audience of her point of view.","suspicious_repeat_char","flagged","","","","",""
"question","e78ace07-4078-428b-a92d-add1421ba2ab","2024","22","What type of contract that gives obligation and is commonly used between two counterparties to trade gold at a specified price on a future d","","","","","","easy",""
"question","04baa82e-d95f-4291-91b9-9c89b9d79d71","2024","22","The number of plastic spoons sold by 'B' is how much percent more/less than the number of wooden spoons sold by 'D'?","","","","","","","[table] Directions (21-25): Answer the questions based on the information given below. The given table shows the average number of spoons (wooden and plastic) and percentage of wooden spoons sold out of total number of spoons so"
"question","802962cf-657b-4825-a149-5e0f2d75993c","2024","22","UPI-PayNow was launched between India and which country?","","","","","","easy",""
"question","ab58ee5a-1b94-4097-a77d-45cb60e032f7","2024","22","Directions: A situation/problem statement is given followed by three statements. Choose the one/s which is/are the correct course of action/","","","","","","",""
"question","39c0904d-48e5-4885-8640-8a99f48f4519","2024","23","The company have introduced a new set of guidelines to ensure all employees comply with the latest regulations.","","","","","","",""
"question","8c52affb-cc53-409d-a6ff-0888b6557c7c","2024","23","What is the full form of IIBX?","","","","","","easy",""
"question","24e184c0-df07-4ecc-898d-b0c2aa1283b4","2024","23","'A' sold each plastic and wooden spoon for Rs. 4 and Rs. 15, respectively. Find the total amount earned by him.","","","","","","","[table] Directions (21-25): Answer the questions based on the information given below. The given table shows the average number of spoons (wooden and plastic) and percentage of wooden spoons sold out of total number of spoons so"
"question","5f1c4f90-daff-4951-b880-65411bd8e7d1","2024","23","Who is the current Chairperson of the International Financial Services Centres Authority (IFSCA)?","","","","","","",""
"question","960103b1-4f20-41bd-b577-c5b78c23bd17","2024","23","Directions: The question given below consists of a statement, followed by two arguments numbered I and II. You have to decide which of the a","","","","","","",""
"question","80df0d91-7146-4684-9cb0-d134be01bf04","2024","24","Neither the manager nor the employees were aware of the changes that was implemented last week.","","","","","","",""
"question","5558461d-2e19-441b-a831-c43123578877","2024","24","Find the average number of plastic spoons sold by 'D' and 'E'.","","","","","","","[table] Directions (21-25): Answer the questions based on the information given below. The given table shows the average number of spoons (wooden and plastic) and percentage of wooden spoons sold out of total number of spoons so"
"question","218fc15f-296c-4a30-8d5d-0f3ab10e62c3","2024","24","How many registered International Insurance Offices (IIOs) are there in the Life Segment after IFSCA granted Certificate of Registration (Co","","","","","","",""
"question","65c6a098-b52c-49f9-ad66-c240330dd08c","2024","25","Despite of the challenges, the team managed to meet the project deadlines and exceed expectations.","","","","","","",""
"question","a6fa25ce-9307-4273-a13b-457c29ed98fa","2024","25","Find the difference between total number of wooden spoons sold by 'B' and 'C' together and average number of spoons sold by 'E'.","","","","","","","[table] Directions (21-25): Answer the questions based on the information given below. The given table shows the average number of spoons (wooden and plastic) and percentage of wooden spoons sold out of total number of spoons so"
"question","0817f1f0-a53c-4fea-850d-b6fa30d25f46","2024","25","Which phase of the Pradhan Mantri Gram Sadak Yojana (PMGSY) was announced in the Union Budget 2024?","","","","","","",""
"question","912d1557-8d25-49d9-8fad-91340638dcb1","2024","25","If in the number “1437456689” all the digits are arranged in ascending order from left to right, how many digits will remain at the same pos","non_ascii_suspect","flagged","","","","",""
"tag","a3dd7391-e384-43d7-927f-c1141a9b2265","2024","00d3f0d6-79a3-4c9b-a019-d0ac728fbb19","Digital Public Infrastructure and India Stack","","spot_check","","","","",""
"tag","4f98596f-b45f-4b7b-bc48-ed4f3e4304c3","2024","0140aef7-82c3-45de-be0d-e9286820ee7f","Odd-one-out within an arrangement","","","","","","",""
"tag","9fae6a80-b7d8-4a8a-a571-911818b7cda7","2024","023e18bf-9868-4996-a2c3-24a2382589b0","Withdrawal, exit and deferment rules","","","","","","",""
"tag","d4f2e61e-5716-46f2-acf6-8ca0ab1c7a76","2024","06786998-4834-4197-b8ac-20b6cd4f6991","Insurance and pension schemes","","","","","","",""
"tag","14580c65-bada-470a-a666-0929f5207cb8","2024","06786998-4834-4197-b8ac-20b6cd4f6991","Insurance and pension schemes","","","","","","",""
"tag","35b43ec7-636d-4d0a-a096-22ed60a81ebf","2024","09eef279-390d-4889-a8fb-81c6961bee8a","Shortest distance by Pythagoras","","","","","","",""
"tag","be9b7dc6-028c-4181-830e-c881c26d903a","2024","09eef279-390d-4889-a8fb-81c6961bee8a","Shortest distance by Pythagoras","","","","","","",""
"tag","1d8c8034-2880-4f4d-acbe-d30dd933f914","2024","0b53297b-0109-4334-b1ee-e56a18137969","Word-pair fit","","","","","","",""
"tag","a28f7849-7246-47c8-9fd7-82cf8cb14735","2024","0b53297b-0109-4334-b1ee-e56a18137969","Word-pair fit","","","","","","",""
"tag","66d6056d-2abb-4e75-8461-8884b51b92b1","2024","0b53297b-0109-4334-b1ee-e56a18137969","Word-pair fit","","","","","","",""
"tag","a519da6b-e128-4fcc-a55f-3f2b1baf893a","2024","10d8610d-9dbd-4f47-b301-1ed3c0d2dce6","Income, expenditure and savings","","","","","","",""
"tag","2d87a47c-bd59-45b8-bc78-fd941401fc99","2024","1326ca6c-e981-4960-8229-e3e61c4b91ab","Current events of international importance","","","","","","",""
"tag","ae39d316-b2ad-490c-8e13-ac9edc31286f","2024","1326ca6c-e981-4960-8229-e3e61c4b91ab","Current events of international importance","","","","","","",""
"tag","f765b3e2-b28b-4c17-bc3a-26394c328c75","2024","1326ca6c-e981-4960-8229-e3e61c4b91ab","Current events of international importance","","","","","","",""
"tag","50dfacbb-ad77-4593-b98e-c9acc4154705","2024","1326ca6c-e981-4960-8229-e3e61c4b91ab","Current events of international importance","","","","","","",""
"tag","08806605-d8c5-47c8-a060-f9d9c3ac8a25","2024","1326ca6c-e981-4960-8229-e3e61c4b91ab","Current events of international importance","","","","","","",""
"tag","e13ddf6a-bfa9-49e5-8160-ef422695b0d3","2024","15e5b403-5be3-49c4-a4c5-8c3805cc2694","RBI, SEBI, IRDAI, PFRDA ΓÇö mandate boundaries","","","","","","",""
"tag","e2916576-b5e2-4830-a8c1-6419a8d47d91","2024","15e7768f-f126-4030-a227-218a815ea259","Multi-chain inequality with linked variables","","","","","","",""
"tag","3aa379a6-ddd6-4219-8b69-9320c9350178","2024","15e7768f-f126-4030-a227-218a815ea259","Multi-chain inequality with linked variables","","spot_check","","","","",""
"tag","b1167e7b-5f61-4aa3-aa9e-93eda556e96b","2024","15e7768f-f126-4030-a227-218a815ea259","Multi-chain inequality with linked variables","","","","","","",""
"tag","c3ed763a-e6e2-43b8-ac68-38bc3255dea1","2024","1ef2f19a-fc69-4cb8-9018-1fe593a6d2b0","Unified Pension Scheme","","","","","","",""
"tag","7d57619d-4f48-47e4-a8d5-59b1bacde368","2024","2f212655-56e8-44f1-a4ff-04dd298e8a61","Dilution and further issue of capital","","","","","","",""
"tag","cf4b551a-5dd5-46f8-a360-7218315cfd59","2024","2fd766ca-2573-4fee-99c2-fa88df93628f","Caselet data interpretation","","","","","","",""
"tag","0638b779-77fb-4fff-bd7e-f867482c0336","2024","2fd766ca-2573-4fee-99c2-fa88df93628f","Caselet data interpretation","","","","","","",""
"tag","12ad7faa-991d-4395-82af-1b6f3d3f5042","2024","2fd766ca-2573-4fee-99c2-fa88df93628f","Caselet data interpretation","","","","","","",""
"tag","eafffba8-a84b-4e31-857b-a085613d8938","2024","2fd766ca-2573-4fee-99c2-fa88df93628f","Caselet data interpretation","","","","","","",""
"tag","e7f3ea6f-60c1-4c96-89e7-2bcee706bfcb","2024","2fd766ca-2573-4fee-99c2-fa88df93628f","Caselet data interpretation","","","","","","",""
"tag","bee36faf-bcb2-4e67-8255-7f2902f44951","2024","308c9fd7-83fd-4fa7-ac7d-6dd132598da7","Margin of safety and angle of incidence","","","","","","",""
"tag","3428cbc1-b1fc-44ab-8168-bdf6137e4e96","2024","342ec4bb-5625-4398-9b44-2963d65062a4","Explicit detail retrieval","","","","","","",""
"tag","653d0d0d-ef32-4e6f-b0c4-53116f0e3992","2024","342ec4bb-5625-4398-9b44-2963d65062a4","Explicit detail retrieval","","","","","","",""
"tag","d2875542-6b7c-4337-b894-46c4222e8d70","2024","342ec4bb-5625-4398-9b44-2963d65062a4","Explicit detail retrieval","","","","","","",""
"tag","2ea78535-58bc-4b88-9741-7faad85d635f","2024","342ec4bb-5625-4398-9b44-2963d65062a4","Explicit detail retrieval","","","","","","",""
"tag","c425de82-d301-4d47-a5ca-fa79b758833b","2024","342ec4bb-5625-4398-9b44-2963d65062a4","Explicit detail retrieval","","","","","","",""
"tag","c5aea89e-89f4-4030-912e-bab1c9713e2c","2024","342ec4bb-5625-4398-9b44-2963d65062a4","Explicit detail retrieval","","","","","","",""
"tag","6ea6ca9b-4bcb-4ab2-89b6-0bd023a3244c","2024","390cb8c4-537c-469c-b3d1-14d9194d8cea","NPCI systems ΓÇö UPI, IMPS, NEFT, RTGS","","","","","","",""
"tag","2503e970-9332-4bbd-a673-81a4b6546ec1","2024","3a54536e-35fe-4c7a-949c-382476120f62","Square roots, cube roots and powers","","","","","","",""
"tag","a34c89a0-338d-46c6-8816-506c63260469","2024","3cce1ed9-2cf1-4bcc-9d21-a121db409aaa","Budget concepts and approach","","","","","","",""
"tag","f243c451-ba01-47c3-9df0-75c99d38b91c","2024","3f2a57b9-ea87-4d0e-9296-6651b115c149","Written answers to a passage","","spot_check","","","","",""
"tag","89dca2bb-9fc1-42da-be76-fe2fbd2f17eb","2024","440c8813-032d-4fab-955f-99dd9a3acde3","Process costing ΓÇö normal loss, abnormal loss, abnormal gain","","","","","","",""
"tag","f90cbadb-696d-4247-90c3-9f7f874db13c","2024","471d51d4-ca3e-4705-8f46-000457b5d042","Claims management","","","","","","",""
"tag","8c23600a-3757-479b-9179-90737d2e80ab","2024","471d51d4-ca3e-4705-8f46-000457b5d042","Claims management","","","","","","",""
"tag","1ecf89e7-326a-47d0-b4e6-c67cf1095c91","2024","471d51d4-ca3e-4705-8f46-000457b5d042","Claims management","","","","","","",""
"tag","76da0dda-4e43-45ae-ba0a-1268418236c8","2024","47d00077-5f85-ba3b-fc49-cf7405914aa2","Pr├⌐cis Writing","","","","","","",""
"tag","909e0c16-0bb7-455f-90ad-b07f18bc6e83","2024","55cde475-d4af-4ff7-b347-b51066736cab","Direction of one point relative to another","","","","","","",""
"tag","8c2a73cc-2f60-41c0-a9a4-eb0e99025d8a","2024","55cde475-d4af-4ff7-b347-b51066736cab","Direction of one point relative to another","","","","","","",""
"tag","3dab9254-15b8-4e0d-8cc2-d6854d711690","2024","63d9ed95-155f-b31b-acd8-3bb63b0bbb76","Essay Writing","","","","","","",""
"tag","20273334-2b22-4523-bded-21d21d27c19d","2024","64a0d03a-4bc1-4d43-9e1a-4fe2e748dc32","Cost concepts ΓÇö prime, production, conversion cost","","","","","","",""
"tag","d55c97b6-0648-4979-a4ba-d4f245e24e97","2024","652eb8c7-a25a-48c1-b51d-ddf64f8ede1b","Family tree puzzle with generations","","","","","","",""
"tag","b384d515-7abc-4581-9c3d-582579606e85","2024","71b06075-f4d6-4b04-8921-30d18492f18a","Current events of national importance","","","","","","",""
"tag","8840dda9-1876-4eae-b56a-61f027404921","2024","71b06075-f4d6-4b04-8921-30d18492f18a","Current events of national importance","","","","","","",""
"tag","7eb58e58-d421-4099-87be-91fdc14965a1","2024","71b06075-f4d6-4b04-8921-30d18492f18a","Current events of national importance","","","","","","",""
"tag","ab392a46-6401-445d-a315-87c30e05dcf6","2024","71b06075-f4d6-4b04-8921-30d18492f18a","Current events of national importance","","","","","","",""
"tag","d310e8b0-bc1e-416b-b147-7712d67e759f","2024","71b06075-f4d6-4b04-8921-30d18492f18a","Current events of national importance","","","","","","",""
"tag","050f7bff-1c89-4584-8079-a107a2279a72","2024","71b06075-f4d6-4b04-8921-30d18492f18a","Current events of national importance","","","","","","",""
"tag","7f05e7c7-90f2-4b5f-a845-4d12191a8d2d","2024","71b06075-f4d6-4b04-8921-30d18492f18a","Current events of national importance","","","","","","",""
"tag","bcaf41e3-6bcd-4ed7-83da-3ba111a7b7c9","2024","71b06075-f4d6-4b04-8921-30d18492f18a","Current events of national importance","","spot_check","","","","",""
"tag","cfa99c3b-382a-487d-b877-d8867aaf57f0","2024","71b06075-f4d6-4b04-8921-30d18492f18a","Current events of national importance","","","","","","",""
"tag","ca8ac115-7773-4745-b780-0cf3e1f41994","2024","71b06075-f4d6-4b04-8921-30d18492f18a","Current events of national importance","","","","","","",""
"tag","4ddc5015-e9fa-41d5-be5c-a0ba36099887","2024","71b06075-f4d6-4b04-8921-30d18492f18a","Current events of national importance","","","","","","",""
"tag","2c2ccd7f-0c43-4108-a4c1-fea3b67a0978","2024","71faffff-a24e-49ae-918e-1216b65553d8","Statement and argument ΓÇö strong or weak","","","","","","",""
"tag","3adaee0e-9232-4edd-964b-585d1f6ff5c3","2024","739faf06-bd8e-464f-8035-5927c492ca7a","Scheme types and fund of funds","","","","","","",""
"tag","37eebe7f-02b0-440e-9a67-49c502dd0b7c","2024","7a2c2e52-c0f0-4a62-bb28-69fe43fbd971","Cause and effect","","","","","","",""
"tag","8d7529f8-76d8-40da-b363-8e396f8c3116","2024","7aa6a5c3-2e2a-46c9-b5cf-d8a2168f4f88","Development financial institutions ΓÇö NABARD, SIDBI, NHB, NaBFID, EXIM","","","","","","",""
"tag","9eac6e34-0b3e-4f61-9bf9-070155b2671e","2024","7aa6a5c3-2e2a-46c9-b5cf-d8a2168f4f88","Development financial institutions ΓÇö NABARD, SIDBI, NHB, NaBFID, EXIM","","","","","","",""
"tag","5ca78ca9-a05b-4a8c-8e35-c63479e6c79e","2024","7aa6a5c3-2e2a-46c9-b5cf-d8a2168f4f88","Development financial institutions ΓÇö NABARD, SIDBI, NHB, NaBFID, EXIM","","","","","","",""
"tag","b019e730-ca5d-41dd-9713-edb25c1cfc4d","2024","7c71b869-e50a-4ebd-aea1-fe291dbee5ed","Subject-verb agreement","","","","","","",""
"tag","99ee2932-cf2e-46ae-8237-7f0c6ddf6ca2","2024","7c71b869-e50a-4ebd-aea1-fe291dbee5ed","Subject-verb agreement","","","","","","",""
"tag","0738ead0-5ee3-46c4-b617-ccef2abcd25e","2024","7e1e6fc8-4e40-4e18-bfb7-660c80143603","RBI Act 1934 ΓÇö constitution, note issue, functions","","","","","","",""
"tag","b4dec340-9880-4be2-a9f6-92b111ca2699","2024","7e1e6fc8-4e40-4e18-bfb7-660c80143603","RBI Act 1934 ΓÇö constitution, note issue, functions","","","","","","",""
"tag","ab93252b-3412-4193-8a11-7ef4a7bfed06","2024","7f29a8bb-6ef5-41af-b75d-93a2bc9cca65","Property and liability insurance","","","","","","",""
"tag","9e8db548-b61d-4342-9b1e-516b23846ad0","2024","82ebea06-9d87-40af-b539-2a37c6024b12","Population, strength and quantity change","","","","","","",""
"tag","990a3e5d-d636-4198-9fee-4c235ea6a962","2024","89b27d9f-7081-4930-9186-c41b93349e1a","Number series ΓÇö multiplicative and mixed patterns","","","","","","",""
"tag","72a57d81-456b-4b93-bb37-1c596589e404","2024","89b27d9f-7081-4930-9186-c41b93349e1a","Number series ΓÇö multiplicative and mixed patterns","","","","","","",""
"tag","4383115f-987e-4225-948e-a1b06ccd2a1f","2024","8fa1dcd2-aabb-4340-b70a-c98ab28a6679","Call, notice and term money","","","","","","",""
"tag","3be764a2-eed3-4537-ad3e-c60b4110a0aa","2024","90a4700b-5c25-481c-a0b0-07b51e1dc28c","Letter and digit pair counting","","spot_check","","","","",""
"tag","f50c52ec-d6ab-4329-96aa-19ed9ebbe32d","2024","93fc5e89-4d60-4670-bb0d-7237768ab820","APY eligibility and contribution","","","","","","",""
"tag","e2443987-05ac-46f0-8857-92e475912af1","2024","97ecb58f-8832-411a-819a-fc97faac2928","NPS tiers and account types","","","","","","",""
"tag","32a36340-f19a-4d4f-b140-d317d1c309ff","2024","9bfc64dc-3820-49a5-894d-0512bfde4bbd","Batch costing and economic batch quantity","","","","","","",""
"tag","741c1d4a-0cef-4c92-8386-f7bac068b7e6","2024","9ce26fd0-9787-4ed3-b02e-003d2c78327f","Broad trends in the Union Budget","","","","","","",""
"tag","51bce4c4-eb4d-496b-a7d3-582f4a147899","2024","9ce26fd0-9787-4ed3-b02e-003d2c78327f","Broad trends in the Union Budget","","","","","","",""
"tag","e9a96a97-5d9f-403a-b813-d82c7fe22671","2024","9ce26fd0-9787-4ed3-b02e-003d2c78327f","Broad trends in the Union Budget","","","","","","",""
"tag","60e8d164-99f4-4597-a378-7c9fed127d0b","2024","9ce26fd0-9787-4ed3-b02e-003d2c78327f","Broad trends in the Union Budget","","","","","","",""
"tag","ba0a8a14-4d22-4a86-becf-7d345f4c87ac","2024","9d936e80-9f60-4342-9788-f57dca121812","Product design","","","","","","",""
"tag","113bdc05-89aa-47a2-84e7-41add56a1490","2024","9d936e80-9f60-4342-9788-f57dca121812","Product design","","","","","","",""
"tag","a9a04706-2f54-40e0-8c48-f7681834e0bb","2024","9d936e80-9f60-4342-9788-f57dca121812","Product design","","","","","","",""
"tag","1d859191-339a-48f8-b6d2-e2513622cca0","2024","9da07a27-3e79-4b90-a203-a18816266499","All-Citizen model","","","","","","",""
"tag","772b612c-71bf-4a11-ab18-2654179e75d2","2024","9dd7c31e-abab-4cdb-b52c-6e5063cf2d1d","Unified Lending Interface","","","","","","",""
"tag","56631f27-956d-461c-85bf-7f6aafe28457","2024","9f8bf02d-9a4f-441b-953b-2c7e16bd1ae5","Demographic trends","","","","","","",""
"tag","f89a4d43-6b07-4321-b988-75cea13bcfd6","2024","a3a46ed8-70dd-4651-800e-37e03f6d7b5e","Types and features of retirement schemes in India","","","","","","",""
"tag","cf69b5fe-342c-453d-8ac3-f76c5ac8f01f","2024","a3a46ed8-70dd-4651-800e-37e03f6d7b5e","Types and features of retirement schemes in India","","","","","","",""
"tag","38c4a6f1-7a1a-4926-8ad0-72e5b2429115","2024","a4dddc0f-e194-4eb6-bfc6-078240c8d4f0","Number and digit coding","","","","","","",""
"tag","63c3b638-0bf8-4e46-9176-572d7111564e","2024","aca7c90a-40a6-436a-98f2-92b678f173ba","Equal profit and loss conditions","","","","","","",""
"tag","29e25a64-552e-48c3-bba0-b36d9230bc8b","2024","aee552d1-1abc-4a29-8f6c-b8228db54a60","Municipal and revenue bonds","","spot_check","","","","",""
"tag","d720b443-6416-4f47-ab3f-2c616ee7194f","2024","b0e8a0b7-df35-4f9e-9bdb-dfa6558e2b7a","Number series ΓÇö arithmetic and difference patterns","","","","","","",""
"tag","7fc76f3b-ea7b-45e8-8c16-8bc989790112","2024","b0e8a0b7-df35-4f9e-9bdb-dfa6558e2b7a","Number series ΓÇö arithmetic and difference patterns","","","","","","",""
"tag","b77a51b8-af9f-4cc3-a038-3a5970f19fce","2024","b0e8a0b7-df35-4f9e-9bdb-dfa6558e2b7a","Number series ΓÇö arithmetic and difference patterns","","","","","","",""
"tag","a0611785-db81-47da-bdd4-cc32a37909f6","2024","b3d81d2c-a6e7-40d0-84dc-eea66c22bee7","Clearing corporations and settlement","","","","","","",""
"tag","52815c11-bd97-4ef0-9e81-2c8a4f409add","2024","b6274271-99d5-4993-9fed-e94769bf75b2","Valuation and solvency requirements","","","","","","",""
"tag","a5ac5802-2469-4ae8-bfde-7871b3078be2","2024","b77e7e84-163c-4a38-95b3-6c6ba6729d6d","IFSCA Act 2019 ΓÇö establishment and composition","","","","","","",""
"tag","28a629cf-7705-4000-852a-1c34bd58536f","2024","b8aa6c4d-7880-4c5a-a78d-134faa5d6749","Swaps ΓÇö interest rate and currency","","","","","","",""
"tag","45461984-df40-4245-96f7-3347a33d9dad","2024","ba7baa6e-c6aa-4961-9163-0f9ef870cd7c","GIFT City ecosystem","","","","","","",""
"tag","4ae01ff8-7503-408e-b938-12ef664b34af","2024","ba7baa6e-c6aa-4961-9163-0f9ef870cd7c","GIFT City ecosystem","","","","","","",""
"tag","f6be242e-d7ab-4b09-8af9-5256aedefa13","2024","ba7baa6e-c6aa-4961-9163-0f9ef870cd7c","GIFT City ecosystem","","","","","","",""
"tag","fab24f71-d644-48af-b961-b8d3c55c5862","2024","bad0e283-9954-4173-82e8-29efa9aa37a5","Monetary policy operations ΓÇö SDF, VRRR, LAF","","","","","","",""
"tag","560f84e9-4e89-4f18-ba83-35ca97ab3046","2024","baf763bb-6d36-4a25-b1ba-6419e3b26852","Main idea and central theme","","","","","","",""
"tag","ebbce506-d6fa-4e66-9f80-08361c846b6a","2024","bb17b54f-b233-4c9d-9bad-4526b5ce2f87","Synonyms","","","","","","",""
"tag","6a818c64-565b-4624-a87c-f8452cf41b80","2024","bb17b54f-b233-4c9d-9bad-4526b5ce2f87","Synonyms","","","","","","",""
"tag","4573df85-2283-43d4-b3db-23aeaee8b7f6","2024","bb17b54f-b233-4c9d-9bad-4526b5ce2f87","Synonyms","","","","","","",""
"tag","0859a7de-65d0-4ea7-9d69-23217f20f759","2024","bb17b54f-b233-4c9d-9bad-4526b5ce2f87","Synonyms","","","","","","",""
"tag","669f9ee4-9e63-4a59-a53f-6c87a36bce74","2024","bb343a30-e26e-474a-9ab7-6ecab8e6931b","Partnership and profit sharing","","","","","","",""
"tag","77ca4c2e-0424-4c04-aca9-f3597775df0e","2024","bb62f21b-3994-4ad3-88ad-a1ed61e52944","Currency risk and settlement risk","","spot_check","","","","",""
"tag","80f4dcb2-5a73-4516-8749-509780a23b50","2024","c18d927f-2eab-49db-b302-a017cf1f2193","Word interchange within a sentence","","","","","","",""
"tag","99bf1b01-18f6-4929-b5f6-0985c798684f","2024","c18d927f-2eab-49db-b302-a017cf1f2193","Word interchange within a sentence","","","","","","",""
"tag","f17e03c3-3be4-497a-b522-94480928912b","2024","c18d927f-2eab-49db-b302-a017cf1f2193","Word interchange within a sentence","","","","","","",""
"tag","6aa2203f-7095-4ccb-93b7-cb55cd996b26","2024","c18d927f-2eab-49db-b302-a017cf1f2193","Word interchange within a sentence","","","","","","",""
"tag","9eb09ef6-8965-4b0a-a04e-5a4b41d674db","2024","c18d927f-2eab-49db-b302-a017cf1f2193","Word interchange within a sentence","","","","","","",""
"tag","b6f5e9cd-959c-437e-b5a2-5a99f4f08886","2024","c4012952-1df1-4ce4-a6ce-f54083541fd6","FDI caps and sectoral limits","","","","","","",""
"tag","6a34abd2-c54f-40bb-9b37-ad2314fe5874","2024","c7ea1e13-578a-4977-a08e-df0a6d689f16","Forwards vs futures","","","","","","",""
"tag","1144052a-3e6c-4562-b275-8a48762230fe","2024","c7ea1e13-578a-4977-a08e-df0a6d689f16","Forwards vs futures","","","","","","",""
"tag","ef33163f-5bff-4ae5-9d6b-3d993bf5a8e4","2024","cbb196b4-3325-4af1-80f9-a4280d592e9f","Single-word contextual fit","","","","","","",""
"tag","f4d93bd7-72db-4600-9dd2-38fb74d7c509","2024","cbb196b4-3325-4af1-80f9-a4280d592e9f","Single-word contextual fit","","","","","","",""
"tag","e42fbc72-106e-4c07-b608-08d58b59a4b3","2024","cbb196b4-3325-4af1-80f9-a4280d592e9f","Single-word contextual fit","","","","","","",""
"tag","46559e92-54ae-4733-b128-e38b5467ae0d","2024","cd48d660-2fee-415a-8bd5-e6e78324d73c","Linear row ΓÇö single row, one direction","","","","","","",""
"tag","20cb2689-4aa8-40ff-8df0-a8847f7fa895","2024","cd48d660-2fee-415a-8bd5-e6e78324d73c","Linear row ΓÇö single row, one direction","","","","","","",""
"tag","2f087e38-12ae-461c-a5a9-c9dce9afbdf2","2024","cd48d660-2fee-415a-8bd5-e6e78324d73c","Linear row ΓÇö single row, one direction","","","","","","",""
"tag","939dff88-2183-4c53-9a1f-f3fa102e26bb","2024","cd48d660-2fee-415a-8bd5-e6e78324d73c","Linear row ΓÇö single row, one direction","","","","","","",""
"tag","19178a2e-b34c-4471-b4ee-8a9cd4209db3","2024","ce23f17b-f621-46b0-bb72-fc926a0be3d4","Tabular data interpretation","","","","","","",""
"tag","6b6f7de7-04ea-4ef8-93bc-885c9da115c9","2024","ce23f17b-f621-46b0-bb72-fc926a0be3d4","Tabular data interpretation","","","","","","",""
"tag","712ed5a8-3a85-49f4-96cc-0f3246d6db0d","2024","ce23f17b-f621-46b0-bb72-fc926a0be3d4","Tabular data interpretation","","","","","","",""
"tag","1891987e-7c13-449d-8faa-bb53de6291c3","2024","ce23f17b-f621-46b0-bb72-fc926a0be3d4","Tabular data interpretation","","spot_check","","","","",""
"tag","cbb5d870-f7d1-46cf-b215-567d216f614f","2024","ce23f17b-f621-46b0-bb72-fc926a0be3d4","Tabular data interpretation","","","","","","",""
"tag","0e82399a-53d0-4b87-8b98-b99a86332bdc","2024","d1b7a3f9-84e1-4832-8d3f-ca851b844ce6","Approximation with decimals and surds","","","","","","",""
"tag","7bb8c9ab-c3ad-4ace-ad79-ab1ed92ec265","2024","d1b7a3f9-84e1-4832-8d3f-ca851b844ce6","Approximation with decimals and surds","","","","","","",""
"tag","0492693b-8b51-4b58-9a08-aa2e96c6d1c4","2024","d1b7a3f9-84e1-4832-8d3f-ca851b844ce6","Approximation with decimals and surds","","","","","","",""
"tag","84aa6fc2-8b6d-489f-8754-7414182bd1ea","2024","d1b7a3f9-84e1-4832-8d3f-ca851b844ce6","Approximation with decimals and surds","","","","","","",""
"tag","27bfcb93-4aba-4c53-92ba-f1cc7531a4bf","2024","d6a7e1f4-1163-4afc-87dd-3c18a13937fb","Reinsurance","","","","","","",""
"tag","6fda7b76-c0a2-4b72-9414-7b72b1b6bcfa","2024","d7552288-cec8-4bf0-a99a-1f546c81ad0c","Marginal costing ΓÇö contribution and P/V ratio","","","","","","",""
"tag","f13b62aa-c0b7-4223-8e7f-c2cec6c2062b","2024","e2ed0952-3f31-409c-a5c3-617d9dfa7640","Themes and findings of the latest Economic Survey","","","","","","",""
"tag","6b549a23-6736-4305-aa05-d07535432b3f","2024","e3ac9a58-2cb2-4dde-815c-54edb8cbf435","Life insurance and annuities","","","","","","",""
"tag","8b33e1c0-f7af-4d53-83f6-ef1361e6be9d","2024","e8fccc09-a2c9-4076-a001-ad1c2378a23f","NBFC categories ΓÇö IFC, Factor, P2P","","","","","","",""
"tag","c945f65a-0ecd-41fa-812b-b0194e7595ef","2024","e8fccc09-a2c9-4076-a001-ad1c2378a23f","NBFC categories ΓÇö IFC, Factor, P2P","","","","","","",""
"tag","8e98ec8b-d5b7-42a6-a534-717bedd39997","2024","eccadce1-2c9a-4672-9eef-65ee4bfaeb84","Course of action","","","","","","",""
"tag","73dcd1c0-e8d9-41bc-be69-fd8be9b2afd5","2024","ed452a5c-75d7-4e2c-847d-7dff14a6b022","FBIL benchmark rates","","","","","","",""
"tag","38eca57f-3501-4597-81d0-be5c82a0265e","2024","f5c68108-e718-4a7e-b546-d07e543534b5","Relative speed and meeting problems","","","","","","",""
"tag","664abc8b-655b-4ade-8784-0fa6a36738ec","2024","f62fb498-ea86-49f8-8bc3-4f77c9a485d6","Relation with gender ambiguity","","","","","","",""
"tag","07ecd744-297f-4f44-aa7b-78d520f17427","2024","f9c12eec-a497-4d10-b219-2da6b28a92f7","Preposition and article errors","","","","","","",""
"tag","603cd5a6-2bce-4f3d-a1ec-8601bb1a5566","2024","fdc5bb1d-5db1-4ed2-af97-9ef85bf45a19","Guaranteed pension slabs","","","","","","",""
"question","1a5975e2-eb5f-4e80-975b-fe0e83ad9fbe","2025","1","PFRDA is the regulator of which pension system?","","spot_check","","","","easy",""
"question","c6d259d6-d946-49ab-adbd-be4aca031135","2025","1","The IndiaAI Mission, which signed the MoU with Gates Foundation to cooperate on AI solutions for better crops, stronger healthcare, smarter ","","spot_check","","","","easy",""
"question","5884f4d7-cc4f-48a6-a2d6-7d9d15b29668","2025","1","The Immediate Payment Service (IMPS) in India is operated and managed by ______.","suspicious_repeat_char","flagged","","","","easy",""
"question","7f3e4ac1-1b87-4706-ade7-6e38d532aac5","2025","1","As per the Union Budget 2025–26 announcement, what is the revised Foreign Direct Investment (FDI) limit permitted in the Indian insurance se","non_ascii_suspect","flagged","","","","hard",""
"question","f02479db-780f-4f1c-aa49-e33b592f8c53","2025","1","Who among the following is sitting fifth to the right of W?","no_primary_tag","flagged","","","","",""
"question","fc1b90b3-654f-4c47-b19b-271900f79881","2025","1","Cost price of a Pen is 80% of the cost price of a Pencil and 20% more than the cost price of an Eraser. If the cost of Pencil is increased b","","spot_check","","","","",""
"question","079c881c-7d90-421d-8f6f-ea3861b831de","2025","1","Write an Essay of about 250-270 words on any one of the following topics: (30 Marks) (i) Situation of Pet Care in the Context of India. (ii)","","spot_check","","","","",""
"question","d7b11774-28c0-4354-a307-63c929907cc6","2025","1","Which short-term debt instrument is issued by highly rated companies for 7 days to 1 year?","","spot_check","","","","easy",""
"question","f78c82d1-6b4c-456a-830c-344e73742c76","2025","1","Effective planning in management relies on certain foundational premises that shape future decisions. It involves assessing various internal","","spot_check","","","","easy",""
"question","615562f4-de22-4337-bef7-ab92bee22470","2025","1","GIFT in GIFT City stands for:","","spot_check","","","","easy",""
"question","cf90db31-d77e-4ecd-a343-0ad471ac1422","2025","1","Which ratio shows the relationship between profitability and owner’s funds?","non_ascii_suspect","flagged","","","","easy",""
"question","90a9f385-6b6f-4094-a75b-729f81279b03","2025","1","Consider the following statements regarding the objectives of the e-Shram Portal: Statement 1: To create a national database of unorganised ","","spot_check","","","","easy",""
"question","8cff3005-1241-425e-b901-f66cc2e66e12","2025","1","D in DMAIC stands for ________.","suspicious_repeat_char","flagged","","","","easy",""
"question","ed6871ff-41a4-4ee1-9948-2a4ff5b4b6e8","2025","2","PFRDA became a statutory body with the passing of the:","","","","","","easy",""
"question","9723e4b0-2c3a-492e-96e3-c8e21348ba3b","2025","2","BRICS Business Meet was held in which of the following city, on July 5, 2025, as part of the larger 17th BRICS Summit?","","","","","","",""
"question","ef943c03-fd69-4b3b-a7fe-76b7d9230fac","2025","2","According to the Reserve Bank of India’s latest figures, India’s Financial Inclusion Index (FI-Index) for the year ending March 2025 has cha","non_ascii_suspect;suspicious_repeat_char","flagged","","","","hard",""
"question","382ff140-79c6-4b75-9858-c4dee10207d1","2025","2","The Economic Survey 2024-25 frequently uses which term to describe shifting savings into formal financial instruments?","","spot_check","","","","",""
"question","a0f4bd1b-c65f-4f6d-ba8c-a5bd92030e7e","2025","2","U, V and W can complete a task together in 8 hrs. The ratio of the number of hours taken by U and V to complete the task individually is 1:4","","","","","","",""
"question","a83554a8-03c5-4b3b-ad37-4ff72e2064a2","2025","2","Make a Précis of the following passage in 120-130 words and give it a suitable title. (35 Marks) Green hydrogen has emerged as a promising s","non_ascii_suspect","flagged","","","","",""
"question","633f2ad0-8246-481f-85f7-f0b743de6e30","2025","2","In a futures market, when the futures price is lower than the spot price, the situation is called:","","","","","","easy",""
"question","aec6b567-fabf-4857-a3cc-e15d2850ec23","2025","2","An organisation experiencing declining morale introduces a transparent, performance linked incentive plan offering choices like bonuses, vou","non_ascii_suspect","flagged","","","","medium",""
"question","a1ec382d-a899-453f-994c-9e0732a9aeb1","2025","2","Which statement best describes regulation in GIFT IFSC?","","","","","","easy",""
"question","ab54d925-181d-4a36-9ef7-5e2c601458ce","2025","2","What is the main purpose of a Fund Flow Statement?","","spot_check","","","","easy",""
"question","cc2aba9e-ac32-4239-bcd0-4c32a5fd07b1","2025","2","Which organisation publishes the World Population Prospects report?","","","","","","easy",""
"question","f0843034-d174-4196-87bc-594c9b9749cd","2025","2","Both BPR and PI were introduced in 1999. While BPR (Business Process Reengineering) focuses on ________ of the processes, Process Innovation","suspicious_repeat_char","flagged","","","","easy",""
"question","e71ee2dc-8474-4e9f-901a-263ce5f0bc98","2025","3","Which of the following is a defined contribution pension scheme?","","","","","","easy",""
"question","a390ebf0-6fe3-424f-b4d1-298888d5a8da","2025","3","Which of the following company has signed MoU with Bank of Baroda (BoB) to finance solar power projects for MSME customers?","","","","","","",""
"question","a8184f0a-b37e-45a7-b15b-16cbfa95d135","2025","3","The value of a derivative is derived from the value of _____.","suspicious_repeat_char","flagged","","","","easy",""
"question","30070ad1-72e1-4532-a53c-631b06e88436","2025","3","In the context of the prudential framework followed by entities regulated by IFSCA, the Expected Credit Loss (ECL) framework primarily requi","","","","","","medium",""
"question","8af784be-26e8-4de8-82d0-039a6a3d6424","2025","3","Which of the following box kept exactly between G and E?","no_primary_tag","flagged","","","","",""
"question","f9eaf714-20cb-4db9-b33e-3460ed73572e","2025","3","A boat goes 900 km upstream and in return covers only 70% of the upstream distance. If the speed of the boat downstream is 50 km/h and the s","","","","","","",""
"question","a79a47ec-1adb-47ef-97b3-80c9f223d6b7","2025","3","Read the passage given below and answer the questions on the basis of the passage in your own words (35Marks) The insurance sector in India ","non_ascii_suspect","flagged","","","","",""
"question","33758c91-cb0a-4335-93b9-270497edfb66","2025","3","A circuit breaker on a stock exchange is designed to:","","","","","","easy",""
"question","27ff12e6-370b-4c80-a131-f48a33adef87","2025","3","Which of the following is not a leadership style under Kurt Lewin’s leadership style theory?","non_ascii_suspect","flagged","","","","easy",""
"question","57563e71-171f-48b4-9bda-a31e08c5b787","2025","3","The regulatory environment in GIFT IFSC for banking and insurance is best described as:","","","","","","easy",""
"question","e6fcd4de-894c-4a4a-8eb8-9dc6b24d71ab","2025","3","An investment is considered a cash equivalent if it is realizable within ______ months.","suspicious_repeat_char","flagged","","","","easy",""
"question","4915b18d-5b91-4dfd-83a4-4795c2804e08","2025","3","Consider the following statements regarding India’s population peak as per the UN’s “World Population Prospects 2025”: 1. India’s population","non_ascii_suspect","flagged","","","","",""
"question","42a62dc3-b071-4f42-96e3-dc54b2d746a2","2025","3","Job costing is used in ______ industries.","suspicious_repeat_char","flagged","","","","easy",""
"question","f3648105-9b5f-4543-b194-2f8f40bc68ee","2025","4","In NPS, which scheme choice invests mainly in government securities?","","","","","","easy",""
"question","b4012303-2060-4e01-b6e5-947e17a24c69","2025","4","FICCI, under the aegis of its Centre for Sustainability Leadership, successfully organised the 15th India Climate Policy and Business Concla","","","","","","",""
"question","9cb5c4ec-5e58-4301-91ca-f25e2018f212","2025","4","The primary role of the Project Sponsoring Authority in a Public–Private Partnership (PPP) project is to ______.","non_ascii_suspect;suspicious_repeat_char","flagged","","","","easy",""
"question","113268c7-5fae-433b-8c6c-a33d4d9b47cb","2025","4","Which of the following is usually not described as an ‘engine of growth’ in budget documents?","non_ascii_suspect","flagged","","","","",""
"question","096fbb87-a8b1-4971-8866-c5d3a82d7cff","2025","4","What is the position of X from the top of the position?","no_primary_tag","flagged","","","","",""
"question","4b4c1418-5d23-4a03-970f-a43acef8adb6","2025","4","Chirag and Naveen started a business together by investing Rs.12000 and Rs.20000 respectively. Naveen left the business after 9 months from ","suspicious_repeat_char","flagged","","","","",""
"question","fe6d5ba2-1c08-4595-94fb-a2188c0b5eb6","2025","4","In a primary issue, which intermediary undertakes to take up the unsubscribed portion of shares?","","","","","","easy",""
"question","0674486d-1d98-4787-b70d-dbdcc9b9319e","2025","4","According to renowned management expert Peter Drucker, which of the following does not qualify as a Human Resource Development (HRD) interve","","","","","","easy",""
"question","fc5f94fd-e2a0-487f-844f-0531ae53ab49","2025","4","Which method is recommended for valuing the shares under an Employee Stock Option (ESOP)?","","","","","","easy",""
"question","a7a4398a-0885-4b28-a83b-845ce552f76c","2025","4","In a Public-Private Partnership (PPP) project, what is the primary role of the Project Sponsoring Authority?","no_primary_tag","flagged","","","","easy",""
"question","26ee28d2-28eb-4f6f-8140-a9a6c59b22b7","2025","4","Which of the following is best suited for a bakery that produces biscuits in high volume?","","spot_check","","","","easy",""
"question","857f5fb5-bf4e-4de0-a228-7994a22c0587","2025","5","The maximum guaranteed monthly pension under Atal Pension Yojana (APY) is:","","spot_check","","","","easy",""
"question","71f17347-cf8b-4309-8479-01ab99578096","2025","5","As the new Goods and Services Tax (GST) rates took effect on September 22, digital payments surged to around __________, nearly 10 times the","suspicious_repeat_char","flagged","","","","",""
"question","ffc520f7-9090-4e89-9ba6-d418804a2ab5","2025","5","Which of the following schemes was launched by the Government of India in 2014 to promote financial inclusion?","","spot_check","","","","easy",""
"question","abe318b3-6a80-48a7-b824-1c461d28c1ce","2025","5","Which of the following schemes targets the unorganised sector?","","","","","","easy",""
"question","c24bc207-4a2c-4571-86ab-2b370b599712","2025","5","How many boxes are kept between F and the box that is kept immediately below G?","no_primary_tag","flagged","","","","",""
"question","36cfab3c-ad8b-4d45-ac89-fa4da60cb1fd","2025","5","A sum of ₹2500 is invested at simple interest of 6% p.a. for 1 year and then at compound interest of 8% p.a. for the next 2 years. What annu","non_ascii_suspect","flagged","","","","",""
"question","2886b2cb-36b5-408b-9d51-1ea31ac80203","2025","5","Tri-party repo in India is centrally operated through:","","spot_check","","","","easy",""
"question","b6bec02c-f407-4b80-9406-cec08c535935","2025","5","Which of the following communication channels can be used to handle ambiguous managerial problems?","","","","","","easy",""
"question","4e079f96-1810-4802-b57c-238561859436","2025","5","______ ratio shows the relationship between interest-bearing capital and equity capital.","suspicious_repeat_char","flagged","","","","easy",""
"question","c3969f7e-46bb-46e2-969d-470ef905b1bb","2025","5","Consider the following statements regarding the working paper on domestic migration released by the EAC–PM: 1. The title of the paper releas","non_ascii_suspect","flagged","","","","",""
"question","e1ee6c9f-741c-4639-bc75-d6c01209a842","2025","5","______ requires no data entry for partially completed work, because in this costing method all material, labour, and overhead costs are reco","suspicious_repeat_char","flagged","","","","easy",""
"question","1b8eee73-c984-4c20-9da8-8a2b18c436fa","2025","6","Which of the following is an example of a defined contribution scheme rather than a defined benefit scheme?","","","","","","easy",""
"question","e4f83291-ef71-4595-98cb-c795428efd29","2025","6","Which of the following is NOT a current member state of the European Free Trade Association (EFTA)?","","","","","","easy",""
"question","854c58aa-9d75-4c85-9a7d-2949b064e328","2025","6","As per the RBI’s revised guidelines effective from 4th October 2025, the changes introduced in the Cheque Truncation System (CTS) will lead ","non_ascii_suspect;suspicious_repeat_char","flagged","","","","hard",""
"question","e4eb633e-493c-4fe7-8d72-d827b49165b2","2025","6","Jal Jeevan Mission aims to achieve 100% functional household tap connections by:","","","","","","easy",""
"question","83fe08a5-4650-49aa-bcc4-e805fc2807c4","2025","6","If X and U interchange its positions and the same way V and F interchange its positions, then which of the following box kept at three boxes","no_primary_tag","flagged","","","","",""
"question","71e13834-3455-4c19-b594-bff180680ce6","2025","6","223,234, 256, 300, 388, ?","","","","","","",""
"question","880ccc49-4bd9-4b63-a996-72052c0d1443","2025","6","Notice money market deals with borrowing and lending of funds for a period of:","","","","","","easy",""
"question","39c54d5d-b559-4e46-b9b4-fa2cb8ec2b62","2025","6","According to Koontz and O’Donnell, which of the following best describes the primary function of a manager?","non_ascii_suspect","flagged","","","","easy",""
"question","9f90ee07-0f1d-40e4-99c7-16d16abf4c16","2025","6","During FY 2024–25, a company has partially completed goods costing Rs 5,000. To complete these goods, additional expenses of Rs 1,000 are re","non_ascii_suspect","flagged","","","","medium",""
"question","5b44558e-17e6-4142-bb87-fa8c058a680b","2025","6","According to the Gender Snapshot 2025 report, closing the gender digital divide could add ______ to the global economy by 2030.","suspicious_repeat_char","flagged","","","","",""
"question","53b75b24-fc7e-46c5-9f13-9987c08ed02a","2025","6","Which of the following is the process in which production and purchase of materials take place only as and when required, or when demand ari","","","","","","easy",""
"question","067f4771-989d-4fb5-8d58-6c4b1bb6455b","2025","7","LIC was nationalised in which year?","","","","","","easy",""
"question","a5f95d9a-e619-4e0b-b60d-081b8b52dcd3","2025","7","Which of the following state has received the highest Foreign Direct Investment (FDI) in India for the 2024-25 FY?","","spot_check","","","","",""
"question","23754a0b-b193-4120-ad11-04ff5c2cc674","2025","7","Which of the following can be used to manage or hedge against interest rate risk?","","","","","","easy",""
"question","1e91de48-c5c1-4155-a063-ef99bacb72c1","2025","7","Mittelstand in the context of the Indian economy is closest to which segment?","","","","","","easy",""
"question","184f794b-7014-4adc-ab34-6370ea129f2d","2025","7","Which of the following box is kept above box H? I) The box which is kept immediately below F II) G III) The box which is kept two boxes belo","no_primary_tag","flagged","","","","",""
"question","258a1136-f13a-4476-b1af-a92bb75bdcde","2025","7","23, 24, 50,153, ?, 3085","","","","","","",""
"question","a58e3e86-1744-4419-bd5a-3498f92f7a18","2025","7","The RBI electronic platform used for dealing in Government securities and conducting auctions is:","","","","","","easy",""
"question","0d42c777-f3ce-417e-ad85-69f38612edab","2025","7","______ is used by the management to oversee the day-to-day activities in the organization.","suspicious_repeat_char","flagged","","","","easy",""
"question","ef002276-c10b-4f2a-8a74-dc21156f629c","2025","7","As per AS-11, the profit or loss arising in the Foreign Currency Monetary Item Translation Difference Account (FCMITDA) is transferred to __","suspicious_repeat_char","flagged","","","","easy",""
"question","271ee652-544d-4217-8c98-e456f9d6d5a4","2025","7","Consider the following statements based on the World Bank’s Poverty Brief Report: 1. The extreme poverty rate in India is estimated at 2.3%.","non_ascii_suspect","flagged","","","","",""
"question","18905f6d-90cf-458e-a055-2c6ff3b106ed","2025","7","Cost analysis refers to ______.","suspicious_repeat_char","flagged","","","","easy",""
"question","7f9d0bda-9279-4e31-ae7b-ef88952871a8","2025","8","Who carries out actuarial valuation and pricing of insurance products?","","spot_check","","","","easy",""
"question","0f7f2062-90a4-4c95-8472-3fe6756c7f1f","2025","8","The Open Network for Digital Commerce (ONDC) is an initiative directly overseen by which Indian Ministry?","","","","","","easy",""
"question","f5609168-770f-47b9-aa64-6e68375a10a5","2025","8","In market risk management, when an entity holding an existing position takes an equal and opposite position in a related instrument to offse","suspicious_repeat_char","flagged","","","","easy",""
"question","da31bad6-2ee9-4cb2-827f-6fabe0cb5071","2025","8","Statements: Z < A ≤ I = B; A ≥ J ≥ K ≥ P; D ≤ M ≤ P Conclusions: I. B > D II. B = D","non_ascii_suspect","flagged","","","","",""
"question","f68d9a7f-a4af-4de1-bfa5-7506e8204716","2025","8","25, 37, 51, 67, 85, ?","","spot_check","","","","",""
"question","4eedc319-812f-4fce-bb53-703ce1781ae5","2025","8","The RBI subsidiary created specifically for its IT and cyber-security needs is:","","","","","","easy",""
"question","2fc2e9dd-2d95-48dc-a471-894d3d60100b","2025","8","Which of the following is an external factor influencing corporate governance?","","","","","","easy",""
"question","dc999257-5d01-4acd-a2a7-54fb58d92c05","2025","8","Which of the following does not form part of deferred tax assets or deferred tax liabilities as per AS-22?","","","","","","easy",""
"question","d12fb771-0e39-44d8-a871-266ab76a3dbb","2025","8","The 2025 UNFPA State of World Population (SOWP) report was recently released. What is the title of this report?","","","","","","",""
"question","84ac82c0-a9ef-43a1-8845-48d0966b4512","2025","9","Which principle of insurance states that the insured cannot profit from a loss but is only restored to the previous financial position?","","","","","","easy",""
"question","50a4e447-12c1-4cad-8ce7-099bdc15ab41","2025","9","Which of the following is not typically considered one of the key financial sector regulators involved in the Inter-operable Regulatory Sand","","","","","","medium",""
"question","0051e2c4-4baa-4916-8b84-b4b7992ce1f6","2025","9","Consider the following statements regarding Payment Banks in India: 1. Payment Banks can accept deposits from individuals and small business","","","","","","easy",""
"question","f0e6a88a-a9a6-4c19-a00f-f998779da012","2025","9","Statements: Y < R ≤ D = N > J; C ≥ L > M = D > G; E < R ≤ B < A = Z Conclusion: I. L > E II. A ≤ M","non_ascii_suspect","flagged","","","","",""
"question","71510840-3a51-431f-9eb6-899521bbe8d9","2025","9","8, 5, 4, 0, -24, ?","","","","","","",""
"question","7e48760e-ceb5-443d-9aa6-bce5817c76e7","2025","9","Which one of the following is NOT a typical function of SEBI?","","","","","","easy",""
"question","03241735-4b36-4b4b-afc0-07c3540b3b31","2025","9","The United Nations Secretary-General hosted the first Biennial Summit for a sustainable, inclusive, and resilient global economy. In which c","","","","","","",""
"question","f2edd376-8c49-4e76-aa73-87c9a864dff3","2025","10","‘Proximate cause’ in insurance refers to:","non_ascii_suspect","flagged","","","","easy",""
"question","ef16ad72-6c3a-4543-96a0-19d64c28139b","2025","10","Rolls-Royce opened its largest and most advanced Global Capability and Innovation Centre (GCC) in which Indian city?","","","","","","",""
"question","b156d9ba-7ee3-4401-b453-cc8468d7b2a4","2025","10","What is the primary purpose of the Audit Committee?","","","","","","easy",""
"question","efe921d9-6468-4083-b136-7563f4cd9975","2025","10","Statements: N > Y ≥ L = P; U < F ≤ T < P; M ≥ R > U Conclusions: I). Y > U II). L < M","non_ascii_suspect","flagged","","","","",""
"question","f9dd146b-e69b-4be1-a258-4cd4a74c5a29","2025","10","(I) x2 - 29x + 204 = 0 (II) y2 - 27y - 238 = 0","","","","","","",""
"question","014da164-6aad-4c6d-94d4-b82168b51031","2025","10","The sentiment index used for Micro and Small Enterprises in India is:","","spot_check","","","","easy",""
"question","973ddcbc-cece-4b4a-a7af-68995e6b34a0","2025","10","In the International Monetary Fund (IMF), the voting power of each member country is determined based on its:","no_primary_tag","flagged","","","","",""
"question","de687708-a770-48c6-9a16-d974a7d61068","2025","11","Which principle allows an insurer, after paying a claim, to recover the amount from the negligent third party?","","","","","","easy",""
"question","2f5f8353-833d-4f71-874b-8df5525e7fd8","2025","11","The SMILE Initiative (Support for Marginalized Individuals for Livelihood and Enterprise) is funded by which of the following organization?","","","","","","easy",""
"question","cb6ee9d8-bafc-4438-a5f1-2eac066749ea","2025","11","How many such pairs of digits are there in the number “275469813” each of which has as many digits between them in the given number (both fo","non_ascii_suspect","flagged","","","","",""
"question","9aae5caf-6e16-441e-8b87-d13cde48c999","2025","11","(I) x 2 - 21x + 68 = 0 (II) 2y2 + 11y - 63 = 0","","","","","","",""
"question","a18ce13b-3cf4-45ae-a33b-cb229f4ff5a4","2025","11","If a vehicle passes through a FASTag lane without a valid or sufficient FASTag balance, the toll operator is permitted to collect:","","","","","","easy",""
"question","6e7d7598-8cd4-4fbd-9c9b-1449519edb57","2025","12","Insurance for export credit risk to Indian exporters is mainly provided by:","","","","","","easy",""
"question","93f5cbaf-f456-4bbe-840c-02fb78124167","2025","12","Recently, Shri Sarbananda Sonowal has launched the _________ mobile app for the National Logistics Portal Marine.","suspicious_repeat_char","flagged","","","","",""
"question","a72a9ec9-81ab-4521-84e1-0cdc033d7cf3","2025","12","Who among the following persons have meeting in the same month?","","spot_check","","","","","[caselet] Ten persons, namely M, N, O, P, Q, R, S, T, U, and V, have a meeting on two different dates viz. 9th and 26th of five different months among March, April, June, July and September of the same year, but not necessarily in"
"question","6b7cb621-9e67-4c04-8bac-d1689fa4ce2f","2025","12","(I) x2 + 13x - 30 = 0 (II) y2 - 33y + 242 = 0","","spot_check","","","","",""
"question","a817ee74-0dee-4dfb-9c65-34108a7896a8","2025","12","In zero-trust network architecture, which statement summarises the core idea?","","","","","","easy",""
"question","7cbe7f31-0085-4656-9634-8f4bb29aab54","2025","13","Which Latin term expresses the principle of ‘utmost good faith’ in insurance?","non_ascii_suspect","flagged","","","","easy",""
"question","59848aeb-1935-4f93-bd4f-d101187f7223","2025","13","What is the total proposed corpus (original plus new allocation) for the Fund of Funds for Startups (FFS) following the recent expansion pro","","spot_check","","","","",""
"question","13452ac5-49dd-4413-a0a1-2453e00a4775","2025","13","The number of persons who have meeting between O and P is the same as between____ and ___?","suspicious_repeat_char","flagged","","","","","[caselet] Ten persons, namely M, N, O, P, Q, R, S, T, U, and V, have a meeting on two different dates viz. 9th and 26th of five different months among March, April, June, July and September of the same year, but not necessarily in"
"question","e2b40bd5-9651-46e0-94b1-fe9fac7670f0","2025","13","I. x2 -24x + 143 = 0 II. y2 - 21y + 90 = 0","","","","","","",""
"question","11a78081-3ae9-43a6-8817-a17f32c9833b","2025","13","Account Aggregator (AA) framework in India is based on the principle of:","","","","","","easy",""
"question","ede96521-727f-4e9c-8459-a754c6830909","2025","14","In insurance, ‘sundry overhead expenses’ are usually apportioned in the ratio of:","non_ascii_suspect;no_primary_tag","flagged","","","","medium",""
"question","82776a01-3fb3-439d-be6a-d706c842185d","2025","14","Consider the following statements regarding the Global Findex Database: 1. The database is published by the International Monetary Fund (IMF","non_ascii_suspect","flagged","","","","",""
"question","7a1d4e98-db99-4587-a9a2-2feb9a4e288f","2025","14","Who among the following people has a meeting immediately before V?","","","","","","","[caselet] Ten persons, namely M, N, O, P, Q, R, S, T, U, and V, have a meeting on two different dates viz. 9th and 26th of five different months among March, April, June, July and September of the same year, but not necessarily in"
"question","a291ac8b-fd71-4e27-bb75-1343ebaf912a","2025","14","(I) x2 - 22x + 57 = 0 (II) y2 - 41y + 420 = 0","","","","","","",""
"question","225f26f7-32ea-40f9-be5f-08c4eec3193a","2025","14","To improve financial inclusion, expand opportunities for innovation and enhance efficiency, which technology is highlighted in policy discus","","spot_check","","","","easy",""
"question","02395140-06dc-4e90-9a70-cadc46de65ce","2025","15","Chief Minister of particular state visited Gopalpur Industrial Park (GIP) in June and September 2025, marked the groundbreaking for several ","non_ascii_suspect","flagged","","","","",""
"question","ce0272eb-49ae-4e1e-bfba-5a7168c211d8","2025","15","Four of the following five are alike in a certain way and hence form a group. Find the one that doesn't belong to that group.","","","","","","","[caselet] Ten persons, namely M, N, O, P, Q, R, S, T, U, and V, have a meeting on two different dates viz. 9th and 26th of five different months among March, April, June, July and September of the same year, but not necessarily in"
"question","3e8f95c4-1d28-4363-bc5d-b8b4fafaa9b3","2025","15","I. x2 +5x - 36 = 0 II. y2 - 36y + 320 = 0","","","","","","",""
"question","b5c865ef-07d2-4168-b5f4-e48660e80736","2025","15","The RBI’s payments vision 2025 is popularly summarised as:","non_ascii_suspect","flagged","","","","easy",""
"question","90006ab3-7b74-4890-814d-bf3ce7a584f6","2025","16","What was the official theme adopted by the South African Presidency for the G20 Summit in 2025?","","","","","","",""
"question","ab69edb7-2254-411b-8352-3ca7b7ba6220","2025","16","Which of the following statements is correct?","","","","","","","[caselet] Ten persons, namely M, N, O, P, Q, R, S, T, U, and V, have a meeting on two different dates viz. 9th and 26th of five different months among March, April, June, July and September of the same year, but not necessarily in"
"question","3c93b6f4-3c25-469c-9fee-4b137ef1b8ed","2025","16","Ratio of income of Meenakshi to Priyanka is 10: 7 respectively while ratio of expenditure of Meenakshi to Priyanka is 3: 2 respectively. Inc","","","","","","",""
"question","8e7eb55a-6030-4baf-a0fa-19ff820f315e","2025","16","Minimum net owned funds required for an NBFC-P2P (Peer-to-Peer lending platform) is:","","","","","","hard",""
"question","22b6836d-6a5e-4f8b-ad93-4c92e257ef01","2025","17","The Government of Haryana signed the key agreements (State Support Agreement and Shareholder Agreement) for the Integrated Manufacturing Clu","","","","","","",""
"question","e041f0d2-9381-4a51-b343-71156541ef80","2025","17","In a certain code language, ""SURVEY"" is written as ""@2%¥&7"" ,""TROPIC"" is written as ""$%*#3!” and ""VAGUE"" is written as ""¥7?2&”. How is “PEAN","non_ascii_suspect","flagged","","","","",""
"question","317e8848-1491-426e-8946-5a12a75b2156","2025","17","Average salary of 30 workers of a company is Rs.5000 and is increased by Rs. (s + 500) when the salary of 10 new workers is added. If the av","","spot_check","","","","",""
"question","bd97710c-e8dc-423f-96a2-7bf5cbc2b079","2025","17","As per the applicable regulatory framework, a registered Research Analyst is required to maintain a deposit of:","","","","","","hard",""
"question","59ac78a0-98f3-4cc1-a7ac-ab49d70dcecb","2025","18","Who is the current Managing Director (MD) of the International Monetary Fund (since October 1, 2019)?","","","","","","",""
"question","06abf31b-cf25-4378-af7e-a6b411a1953d","2025","18","How many persons are sitting in the row?","","spot_check","","","","","[caselet] A certain number of persons are sitting in a linear row such that all of them are facing towards the north. M sits fourth to the left of O. N sits seventh to the right of M. The number of persons sitting between M and O "
"question","8a1217e4-8fbd-4ec6-81ac-82fda604fe88","2025","18","Set P contains 6 consecutive odd numbers and set Q contains 5 consecutive multiples of 3. Last element of set P is equal to the second eleme","","","","","","",""
"question","9952439a-0c69-4022-885e-9731cd1a94bd","2025","18","Under the IFSCA (Fund Management) Regulations, a Fund Management Entity (FME) operating in the Retail category in the International Financia","","","","","","hard",""
"question","d03498d3-7cdf-4524-8fac-517ccc943119","2025","19","What position did Maruti Suzuki achieve in the global ranking of automakers by market capitalization, as reported when it reached this new m","","","","","","",""
"question","1ecc2c85-c65b-41ca-8545-c8cb2b536e51","2025","19","How many people sit between R and S?","","","","","","","[caselet] A certain number of persons are sitting in a linear row such that all of them are facing towards the north. M sits fourth to the left of O. N sits seventh to the right of M. The number of persons sitting between M and O "
"question","38af2d28-40eb-470a-be82-837db25b98ba","2025","19","If the diameter of a circle is equal to the side of a square having perimeter 280 cm, then find the difference between the area of the squar","","","","","","",""
"question","9293eedc-e500-4e16-a6a0-c17a23b76fe9","2025","19","In the derivatives risk-management framework applicable to entities regulated by IFSCA, the primary purpose of initial margin is to:","","","","","","easy",""
"question","589f7065-5e9b-4d93-b97a-53c7ccc96692","2025","20","Which Indian state's Ministry of Urban Development and Housing recently released a draft policy for Transit-Oriented Development (TOD) with ","","spot_check","","","","",""
"question","79ecb601-c50b-4b3a-a966-8da23a3352d2","2025","20","Which of the following statements is/are true with respect to the final arrangement?","","","","","","","[caselet] A certain number of persons are sitting in a linear row such that all of them are facing towards the north. M sits fourth to the left of O. N sits seventh to the right of M. The number of persons sitting between M and O "
"question","3393b557-ccc0-4d15-8c22-76a84e15e650","2025","20","If the sale of Earbuds in May is increased by 44% as compared to that in previous month, then how many Earbuds sold from the store from Apri","","","","","","","[table] Directions (20- 21): Read the data carefully and answer the following questions. Following table represents the ratio of sale of Power bank to Earbuds in a store from May to October and the average sale of Power bank and"
"question","51c0d788-4c63-4a3d-b03a-8a8e339c6d08","2025","20","Which of the following best describes a swap used by financial institutions?","","spot_check","","","","easy",""
"question","a10ed26a-0fad-4804-a827-c4ba951c81bf","2025","21","Consider the following statements regarding the basic functions and identity of a Non-Banking Financial Company (NBFC): 1. An NBFC is a comp","","","","","","easy",""
"question","fbca4b0e-5d8d-4e12-954d-0d6c7b9a0526","2025","21","Statement: The school administration has decided to reduce the annual sports fee for students after receiving feedback that many parents fin","","","","","","",""
"question","2a2c658e-2101-400b-9c92-cf215e0feed5","2025","21","Sale of Power bank in September is increased or decreased by what percentage as compared to that in previous month?","","spot_check","","","","","[table] Directions (20- 21): Read the data carefully and answer the following questions. Following table represents the ratio of sale of Power bank to Earbuds in a store from May to October and the average sale of Power bank and"
"question","3f5ceaa7-9cfa-4659-aad5-5d88c9fcb99b","2025","21","Which broad technology is viewed as a key enabler in RBI’s payments vision to achieve ‘4Es’?","non_ascii_suspect","flagged","","","","easy",""
"question","be49aad0-1b25-4302-9a7c-b3688be62982","2025","22","Securities and Exchange Board of India (Sebi) has introduced a stricter framework to regulate intraday position limits in index options, aim","suspicious_repeat_char","flagged","","","","hard",""
"question","6075b01e-48e4-42c3-9c24-42750c702171","2025","22","Statement: Schools should make participation in at least one extracurricular activity compulsory for every student. Arguments: I. Yes, extra","","","","","","",""
"question","a9b65ed0-c6a2-4856-9d89-fe35c4f569ba","2025","22","If the price of one Power bank is Rs.40 and the price of one Earbuds is Rs.60 respectively, then find the earnings of the store on Power ban","","","","","","","[table] Directions (20- 21): Read the data carefully and answer the following questions. Following table represents the ratio of sale of Power bank to Earbuds in a store from May to October and the average sale of Power bank and"
"question","c8db1074-7078-4bd4-83a5-97c4a7d01cc5","2025","22","NaBFID has been primarily set up to:","","","","","","easy",""
"question","2ebee501-ad8d-441e-a172-3a69278efe7d","2025","23","Which of the following co-working space company in India successfully launched its Initial Public Offering (IPO) in July 2025?","","","","","","",""
"question","d1b1d912-4df5-4a98-b306-7b91df112514","2025","23","What is the ratio of sale of Power bank in June and October together to the sale of Earbuds in July and August together?","","","","","","","[table] Directions (20- 21): Read the data carefully and answer the following questions. Following table represents the ratio of sale of Power bank to Earbuds in a store from May to October and the average sale of Power bank and"
"question","420fb33f-ca5f-4025-9d31-2678fd477762","2025","23","Which of the following best captures a core objective of the Financial Stability and Development Council (FSDC)?","","","","","","easy",""
"question","ecb642a6-a60f-4f66-8876-16e5f88f3e00","2025","24","What does the term ""Pink Tax"" primarily refer to in the context of consumer economics?","","","","","","easy",""
"question","e41fbf74-5f44-41b1-9242-c141f65a137d","2025","24","In May, if the sale of Charger in the store is 2k + 100 and k + 50 more than the sale of Power bank and Earbuds respectively, then the value","","","","","","","[table] Directions (20- 21): Read the data carefully and answer the following questions. Following table represents the ratio of sale of Power bank to Earbuds in a store from May to October and the average sale of Power bank and"
"question","1f04125a-8023-4d8c-abe1-f0b0e166d93d","2025","24","Which principle, emphasised in policy discussions, states that a person is not considered at fault unless proved otherwise?","no_primary_tag","flagged","","","","easy",""
"question","1cd8de3d-d446-4551-8922-fe7b1f9c3796","2025","25","Which of the following sectors is allowed to have 100% FDI under the Automatic Route?","","","","","","medium",""
"question","9e9c8470-a799-4e81-bdf5-221c4bc343f2","2025","25","What is the average sale of Power bank in June, July and August?","","","","","","","[table] Directions (20- 21): Read the data carefully and answer the following questions. Following table represents the ratio of sale of Power bank to Earbuds in a store from May to October and the average sale of Power bank and"
"question","971626c4-4a08-45cd-b54f-dc40dcab7c38","2025","25","In business cycle analysis, ‘underlying cycle’ generally refers to:","non_ascii_suspect;no_primary_tag","flagged","","","","easy",""
"question","fcbbe22b-7642-4d0f-82f8-82a9b10ff657","2025","26","On MCX, the standard lot size of the Gold Mini futures contract is:","","","","","","hard",""
"tag","95b3f58e-d2fc-413f-8dae-7537e0bc4da3","2025","00d3f0d6-79a3-4c9b-a019-d0ac728fbb19","Digital Public Infrastructure and India Stack","","spot_check","","","","",""
"tag","2dd20b97-59ef-41e5-bce9-004d93855bee","2025","00d3f0d6-79a3-4c9b-a019-d0ac728fbb19","Digital Public Infrastructure and India Stack","","","","","","",""
"tag","5c5a0335-1ed3-4449-9a2f-57a28fde4aec","2025","013c3239-7b82-4bce-9e03-48c5ee614cef","Defined benefit vs defined contribution","","","","","","",""
"tag","88d12876-b6ff-42cd-95cc-da9e2bbc3065","2025","013c3239-7b82-4bce-9e03-48c5ee614cef","Defined benefit vs defined contribution","","","","","","",""
"tag","5e6338b3-5cb2-4e08-b3fd-fd16cd603093","2025","0140aef7-82c3-45de-be0d-e9286820ee7f","Odd-one-out within an arrangement","","","","","","",""
"tag","1af025cd-095d-4234-92cf-da7c81e49e02","2025","01f2ee8f-c655-4c2e-912e-e0f18a2d3201","Quadratic equations ΓÇö root comparison (x vs y)","","","","","","",""
"tag","23627817-13e2-4e37-99ba-f4e5b949dfcd","2025","01f2ee8f-c655-4c2e-912e-e0f18a2d3201","Quadratic equations ΓÇö root comparison (x vs y)","","","","","","",""
"tag","b468a4fd-8a10-45a9-81a9-b7550bc31c9a","2025","01f2ee8f-c655-4c2e-912e-e0f18a2d3201","Quadratic equations ΓÇö root comparison (x vs y)","","","","","","",""
"tag","dea4d05d-7cb4-4a6c-8de0-e376867b04ca","2025","01f2ee8f-c655-4c2e-912e-e0f18a2d3201","Quadratic equations ΓÇö root comparison (x vs y)","","","","","","",""
"tag","5e97987e-0e98-4c37-8022-023e7939e1b1","2025","01f2ee8f-c655-4c2e-912e-e0f18a2d3201","Quadratic equations ΓÇö root comparison (x vs y)","","","","","","",""
"tag","d1414c3a-2029-45d6-8f9f-e471cf494a53","2025","01f2ee8f-c655-4c2e-912e-e0f18a2d3201","Quadratic equations ΓÇö root comparison (x vs y)","","","","","","",""
"tag","95180204-236b-45fc-abf8-5a291ac4974f","2025","025a36aa-e8da-426c-a9b7-44f678eb17be","Cash and cash equivalents ΓÇö the three-month test","","","","","","",""
"tag","f69239ea-c87a-4f61-8d50-78dcca189e9a","2025","06786998-4834-4197-b8ac-20b6cd4f6991","Insurance and pension schemes","","","","","","",""
"tag","fd787620-924d-40d0-a584-cb09e2216789","2025","06c6dc13-3a3f-4af1-96a7-869e8708004e","Kurt Lewin styles ΓÇö autocratic, democratic, laissez-faire","","","","","","",""
"tag","60f197d5-f475-4a9e-a664-f7d638ef3f51","2025","092d9550-09b4-4f5a-a5b2-c1add1aac460","Profitability ratios ΓÇö GP, NP, EBIT margin, ROE, ROCE","","","","","","",""
"tag","542012fb-119c-4302-88f3-49232f1c95b6","2025","0e5b478f-5048-4be2-a4da-997415ef0843","Internal vs external factors affecting governance","","","","","","",""
"tag","80775992-5cc3-454d-88f0-b9e0d461bfd5","2025","10d8610d-9dbd-4f47-b301-1ed3c0d2dce6","Income, expenditure and savings","","","","","","",""
"tag","6ac859a6-4132-48d9-894b-7b3381490135","2025","1326ca6c-e981-4960-8229-e3e61c4b91ab","Current events of international importance","","","","","","",""
"tag","6de5ad1b-ceae-45f2-a761-535b692459d6","2025","1326ca6c-e981-4960-8229-e3e61c4b91ab","Current events of international importance","","","","","","",""
"tag","1833aa61-40ee-4b6e-b3bc-a093ffd7ab25","2025","1326ca6c-e981-4960-8229-e3e61c4b91ab","Current events of international importance","","","","","","",""
"tag","e3d90261-7425-42e5-a5a5-17d8e5ead38a","2025","1326ca6c-e981-4960-8229-e3e61c4b91ab","Current events of international importance","","spot_check","","","","",""
"tag","c771f30a-2a51-4314-8291-65bfe1ee198f","2025","1326ca6c-e981-4960-8229-e3e61c4b91ab","Current events of international importance","","","","","","",""
"tag","ea4c96e7-da6a-4385-90e8-614096e68163","2025","1326ca6c-e981-4960-8229-e3e61c4b91ab","Current events of international importance","","","","","","",""
"tag","33160c65-37f4-4b5e-aa69-e615b6b68adc","2025","1326ca6c-e981-4960-8229-e3e61c4b91ab","Current events of international importance","","","","","","",""
"tag","72cd114b-3f9b-4919-b9e7-9b260a927166","2025","15e5b403-5be3-49c4-a4c5-8c3805cc2694","RBI, SEBI, IRDAI, PFRDA ΓÇö mandate boundaries","","","","","","",""
"tag","b3f7898f-d0d4-4c7e-a9e4-cf65071f15c7","2025","15e5b403-5be3-49c4-a4c5-8c3805cc2694","RBI, SEBI, IRDAI, PFRDA ΓÇö mandate boundaries","","","","","","",""
"tag","b9afeb6c-1754-4c9c-b1e6-3de9afb6cf74","2025","15e5b403-5be3-49c4-a4c5-8c3805cc2694","RBI, SEBI, IRDAI, PFRDA ΓÇö mandate boundaries","","","","","","",""
"tag","606c0920-2f24-4b53-98ba-a07a7b5f75be","2025","15e7768f-f126-4030-a227-218a815ea259","Multi-chain inequality with linked variables","","","","","","",""
"tag","2fe1a1bd-d07e-4d6b-adba-b5fb267889b2","2025","15e7768f-f126-4030-a227-218a815ea259","Multi-chain inequality with linked variables","","","","","","",""
"tag","643afbf3-10f9-488b-b94d-9833b8cf687c","2025","15e7768f-f126-4030-a227-218a815ea259","Multi-chain inequality with linked variables","","","","","","",""
"tag","cf8f5786-83a0-41d2-b059-be082d81f9b9","2025","16630438-beb1-473f-b251-baccce8cd86a","Sets of consecutive and patterned numbers","","","","","","",""
"tag","4bc9ade3-19d9-4ee2-853c-4ef3c3f5a2a7","2025","1b09d755-6303-4c32-84b6-caae5d7f5b94","Cheque Truncation System","","","","","","",""
"tag","22e5a333-cc1d-4ac2-9914-eb19c1dfd5b1","2025","22f081a2-6718-436e-ac55-594bcf98fb5a","AS 2 ΓÇö inventories, NRV, abnormal wastage","","","","","","",""
"tag","15df1cc2-1bee-47a4-bcfb-cc3c9177ffa2","2025","263d8b96-85bb-4653-906a-e802e11dc9b2","Pricing","","","","","","",""
"tag","1616a268-590d-4482-b2a6-7e306f744539","2025","29439db3-323c-4aa1-9e65-313a22c6a8d3","Drucker on HRD interventions","","","","","","",""
"tag","039dff60-0871-4c8f-b6d6-323d3958befb","2025","2c0f28df-6ad1-4702-9008-5e671511e626","Asset classes E, C, G and A","","","","","","",""
"tag","f849b02d-1a45-42ec-b6df-5996e6bfe449","2025","2fe2dab9-4e8f-40b0-98f6-68c19bc64180","Vroom expectancy theory ΓÇö valence, instrumentality, expectancy","","","","","","",""
"tag","4f01c290-4085-4086-bd27-6628e58af7ec","2025","34f30d5e-67f3-4769-92d9-fa9109201d13","Gender issues and social justice","","","","","","",""
"tag","661efd3b-a5f8-4e7c-a198-f3c6a4ec4255","2025","34f30d5e-67f3-4769-92d9-fa9109201d13","Gender issues and social justice","","","","","","",""
"tag","c95aac1d-fd3c-4bb2-ab56-88afd96d0b6b","2025","390cb8c4-537c-469c-b3d1-14d9194d8cea","NPCI systems ΓÇö UPI, IMPS, NEFT, RTGS","","spot_check","","","","",""
"tag","df883318-8e81-4eda-8aa9-0ce7b320627d","2025","390cb8c4-537c-469c-b3d1-14d9194d8cea","NPCI systems ΓÇö UPI, IMPS, NEFT, RTGS","","","","","","",""
"tag","e6637b19-a9ab-477e-9849-ef3475714e49","2025","398e64eb-a793-4921-98a3-50bbdaf6976e","Credit guarantee and MSME schemes","","","","","","",""
"tag","39cc20de-edec-48b6-abd3-3d34adb8f882","2025","3cce1ed9-2cf1-4bcc-9d21-a121db409aaa","Budget concepts and approach","","","","","","",""
"tag","86854716-0b2c-4b1b-be2b-326b03ecfa8f","2025","3cce1ed9-2cf1-4bcc-9d21-a121db409aaa","Budget concepts and approach","","","","","","",""
"tag","c20df28f-c7c9-42ec-a110-3fbae2297f5c","2025","3f2a57b9-ea87-4d0e-9296-6651b115c149","Written answers to a passage","","","","","","",""
"tag","560022b0-458e-4c3a-84f2-35c378df7c03","2025","45fdd5a8-54b2-4f57-86f8-e3dbcb964dd9","AS 22 ΓÇö deferred tax","","","","","","",""
"tag","1b7489ab-6a84-40f0-bf97-6f524dba84de","2025","477e5dfd-2a09-4e42-9704-e6d82082e24d","Six Sigma ΓÇö DMAIC, belts, defect level","","","","","","",""
"tag","b2269219-7862-4426-9391-8e7931a9d8fe","2025","47d00077-5f85-ba3b-fc49-cf7405914aa2","Pr├⌐cis Writing","","","","","","",""
"tag","9fd39588-4355-4d8e-939d-dd3704aa5be4","2025","4ac5fc1d-9fcf-4772-bd60-d9cfa9f8e673","RBI Payments Vision and the 4Es","","","","","","",""
"tag","f895875d-fc9a-4e55-8abd-ef54e1764995","2025","4ac5fc1d-9fcf-4772-bd60-d9cfa9f8e673","RBI Payments Vision and the 4Es","","","","","","",""
"tag","b22250a4-8bf2-489f-9304-b6410fe647f3","2025","4b0f91f3-b058-4977-92ba-470bb7e6a44c","Hedging vs arbitrage vs speculation","","","","","","",""
"tag","5c6c1159-9500-4c90-bbb7-f287eef443ce","2025","4c625f60-1f43-4a4e-89b3-3b2de5a57a0f","Urbanisation and migration","","","","","","",""
"tag","8f2465fb-0558-463d-8f6c-43657cf51010","2025","4c625f60-1f43-4a4e-89b3-3b2de5a57a0f","Urbanisation and migration","","","","","","",""
"tag","6aa843ef-7be9-4d0c-ba98-7c2dc7eec74d","2025","528ffbb5-94cb-438d-a875-c854d0f65ec5","Averages ΓÇö simple and weighted","","","","","","",""
"tag","17b06b65-ff25-4558-a097-59795152bc26","2025","539e43d7-73e6-4a2a-a03f-fe99dcb282f6","Introduction to cost and management accounting","","","","","","",""
"tag","407e4e9d-0c92-4a39-9e15-da906ee5e5fd","2025","57fb49b3-fff9-4874-b1fc-232ce7be0044","Repo, tri-party repo and CROMS","","","","","","",""
"tag","df9f7fc1-9a61-4af3-a287-19a50bd088c8","2025","585243ac-4681-4b22-8891-b2fdb8e0253c","Just-in-Time and pull systems","","","","","","",""
"tag","a7ddd72c-2c16-4cbb-b63b-228b01d3759b","2025","585243ac-4681-4b22-8891-b2fdb8e0253c","Just-in-Time and pull systems","","","","","","",""
"tag","3000e07c-12b6-46dc-9abf-73dfde9c46ca","2025","5aad7b00-f39f-4f1e-8616-2737d2774da6","Principles of insurance","","spot_check","","","","",""
"tag","025b6331-814b-4b8b-8801-8a7729ab8d47","2025","5aad7b00-f39f-4f1e-8616-2737d2774da6","Principles of insurance","","","","","","",""
"tag","55e9b05b-1d9c-440c-9962-adbb97b926f6","2025","5aad7b00-f39f-4f1e-8616-2737d2774da6","Principles of insurance","","","","","","",""
"tag","2bd9c4c6-5963-42c5-b3d0-62c512235b9b","2025","5aad7b00-f39f-4f1e-8616-2737d2774da6","Principles of insurance","","","","","","",""
"tag","059f7ea4-01bd-4d3b-94d8-ed3565e0c174","2025","6004727f-31a9-4a63-a609-693a26becfa8","Circuit breakers and trading halts","","","","","","",""
"tag","693fcfeb-0dd5-42bb-ab8d-6eed2a73738a","2025","63d77db8-f362-4083-86f3-74293a2f5b78","Koontz and O'Donnell on the manager's function","","","","","","",""
"tag","65887c2d-e45e-40c1-8d23-c9a9de61f914","2025","63d9ed95-155f-b31b-acd8-3bb63b0bbb76","Essay Writing","","","","","","",""
"tag","b5f3b851-1505-4dbb-bdc4-f6a77271b898","2025","69cdc941-3ceb-4237-a49f-35d9407e4d12","Fund flow ΓÇö sources and applications","","","","","","",""
"tag","6a1b591f-b821-45b0-9687-3359f2a99963","2025","6e107aa5-c9e0-4888-a7e9-862e98bea935","Month and date scheduling puzzle","","","","","","",""
"tag","80c70c24-2d92-4c67-9d23-c25645bd0d4d","2025","6e107aa5-c9e0-4888-a7e9-862e98bea935","Month and date scheduling puzzle","","","","","","",""
"tag","8bf10133-d04e-4a03-9a88-c57ca70b935e","2025","6e107aa5-c9e0-4888-a7e9-862e98bea935","Month and date scheduling puzzle","","","","","","",""
"tag","d3666444-047b-41a4-ab59-4dd0913338d4","2025","6e107aa5-c9e0-4888-a7e9-862e98bea935","Month and date scheduling puzzle","","","","","","",""
"tag","348554ab-375a-4652-af55-0f8be3977226","2025","71b06075-f4d6-4b04-8921-30d18492f18a","Current events of national importance","","","","","","",""
"tag","7758ecf1-8b70-4b03-931a-26d2795ee261","2025","71b06075-f4d6-4b04-8921-30d18492f18a","Current events of national importance","","","","","","",""
"tag","839d1c8b-041e-4c40-b6fa-01abc83fdc39","2025","71b06075-f4d6-4b04-8921-30d18492f18a","Current events of national importance","","","","","","",""
"tag","740bb837-0472-496e-90d3-bd5aa39f6102","2025","71b06075-f4d6-4b04-8921-30d18492f18a","Current events of national importance","","","","","","",""
"tag","95da066d-2d9f-48d7-9b8d-52fc85304c64","2025","71b06075-f4d6-4b04-8921-30d18492f18a","Current events of national importance","","","","","","",""
"tag","0231409a-b1a0-4330-9f02-a88a81b316fd","2025","71b06075-f4d6-4b04-8921-30d18492f18a","Current events of national importance","","","","","","",""
"tag","780c4485-40ce-4d49-b6f8-290101d3f5a5","2025","71b06075-f4d6-4b04-8921-30d18492f18a","Current events of national importance","","","","","","",""
"tag","7f0cfac6-64b9-45cf-90fc-f469759a371d","2025","71b06075-f4d6-4b04-8921-30d18492f18a","Current events of national importance","","","","","","",""
"tag","19774b87-9e53-4c0a-b0b7-89f45572adb8","2025","71b06075-f4d6-4b04-8921-30d18492f18a","Current events of national importance","","spot_check","","","","",""
"tag","463158d6-f100-4a21-b472-7f6c92b815fb","2025","71b06075-f4d6-4b04-8921-30d18492f18a","Current events of national importance","","","","","","",""
"tag","b8295910-aadc-4534-9cc5-44616c41881d","2025","71b06075-f4d6-4b04-8921-30d18492f18a","Current events of national importance","","","","","","",""
"tag","e03c2191-9750-4f15-be43-9e9039d7fbc8","2025","71b06075-f4d6-4b04-8921-30d18492f18a","Current events of national importance","","","","","","",""
"tag","aed438f9-0d45-4178-b685-f00e13d7a387","2025","71b06075-f4d6-4b04-8921-30d18492f18a","Current events of national importance","","","","","","",""
"tag","2a1b7215-c398-48ba-a705-05b839715531","2025","71b06075-f4d6-4b04-8921-30d18492f18a","Current events of national importance","","","","","","",""
"tag","992cecd7-d386-476e-b991-946b4f57c547","2025","71b06075-f4d6-4b04-8921-30d18492f18a","Current events of national importance","","","","","","",""
"tag","79e05069-828a-47cb-9a17-5bf19f9c0beb","2025","71b06075-f4d6-4b04-8921-30d18492f18a","Current events of national importance","","","","","","",""
"tag","fecae518-b32d-41e8-808c-b7d2839012d5","2025","71b06075-f4d6-4b04-8921-30d18492f18a","Current events of national importance","","","","","","",""
"tag","01e7d619-67b4-4809-8858-f7d69c744c26","2025","71faffff-a24e-49ae-918e-1216b65553d8","Statement and argument ΓÇö strong or weak","","","","","","",""
"tag","ea94b38e-92ac-4323-88e9-c2631d0f5c93","2025","7aa6a5c3-2e2a-46c9-b5cf-d8a2168f4f88","Development financial institutions ΓÇö NABARD, SIDBI, NHB, NaBFID, EXIM","","","","","","",""
"tag","bd0a03df-242d-4e3e-8f14-e0d002225ae0","2025","7e1e6fc8-4e40-4e18-bfb7-660c80143603","RBI Act 1934 ΓÇö constitution, note issue, functions","","","","","","",""
"tag","92d26f3d-7f1d-4b2d-80b5-e08ad01ccf2c","2025","80431c8b-edaf-43bc-9179-ac4ddb667a6b","Process innovation and Business Process Re-engineering","","","","","","",""
"tag","30a947e6-05fa-4670-909f-b02b9ea1cf39","2025","8725d916-ccfc-4b37-8cc8-ce931ec98592","Margining ΓÇö initial and variation","","","","","","",""
"tag","b3611c79-8733-42ae-a6e6-5c3b5a218e9f","2025","87d209e9-dc7e-4bda-ab68-45774ff65364","Controlling and supervision of day-to-day activities","","","","","","",""
"tag","954324be-4150-4b8b-9d6e-9b12e46ee29d","2025","893c3058-a22f-46b8-818b-768a6d7bdeb5","AS 11 ΓÇö foreign exchange, FCMITDA, non-integrated operations","","","","","","",""
"tag","9da9ff6a-c1d6-4fd6-95fd-6e93bb3a5850","2025","89b27d9f-7081-4930-9186-c41b93349e1a","Number series ΓÇö multiplicative and mixed patterns","","","","","","",""
"tag","20d85d2e-9f48-439e-a74a-d5bacd6db7c7","2025","89b27d9f-7081-4930-9186-c41b93349e1a","Number series ΓÇö multiplicative and mixed patterns","","","","","","",""
"tag","4a842ea2-182c-441e-9a35-3a3c9a2bc3d5","2025","8ae22500-d6b0-4477-9480-d7199e784b1b","Which costing method suits which industry","","","","","","",""
"tag","440ec161-1ad7-4fc0-b6a5-55179e03304b","2025","8f2e1cb0-8b2b-4ffc-a0fb-9cfec07c69c9","Row with unknown number of persons","","","","","","",""
"tag","8955d377-bd64-43d1-9f7a-6be17c26b00c","2025","8f2e1cb0-8b2b-4ffc-a0fb-9cfec07c69c9","Row with unknown number of persons","","spot_check","","","","",""
"tag","b34ced03-17a7-405d-b228-962575dc6668","2025","8f2e1cb0-8b2b-4ffc-a0fb-9cfec07c69c9","Row with unknown number of persons","","","","","","",""
"tag","7c280b22-0bc5-4e5a-833a-3bf00d53600e","2025","8fa1dcd2-aabb-4340-b70a-c98ab28a6679","Call, notice and term money","","","","","","",""
"tag","cac82f2f-e332-4100-96e4-833a8faf4c13","2025","90a4700b-5c25-481c-a0b0-07b51e1dc28c","Letter and digit pair counting","","","","","","",""
"tag","ca991df9-1b7c-4a38-b306-e21898a09e47","2025","96a29b61-265f-45da-ac54-b7fc2abbf95b","Contango and backwardation","","","","","","",""
"tag","759955cf-68f0-48e5-a614-6acff8938e43","2025","9ce26fd0-9787-4ed3-b02e-003d2c78327f","Broad trends in the Union Budget","","","","","","",""
"tag","f8a88dc0-c8b1-4b6b-8a3b-f5c4f16a9cd5","2025","9da6f0b1-57ff-4a8b-a0e7-40f85cee7b22","Individual and combined work rates","","","","","","",""
"tag","dbacb035-5746-4f07-b49a-a824ffe7b2bc","2025","9ea559c5-2c7b-49b4-8ab0-98938fd471df","Simple and compound interest","","","","","","",""
"tag","336ff4e8-f004-4927-a926-4b9c726d86e9","2025","9f8bf02d-9a4f-441b-953b-2c7e16bd1ae5","Demographic trends","","","","","","",""
"tag","929f19ff-d492-49a1-8959-58329abf95af","2025","9f8bf02d-9a4f-441b-953b-2c7e16bd1ae5","Demographic trends","","","","","","",""
"tag","51603ea9-449e-4e9b-bea4-bc8d20d6a405","2025","9f8bf02d-9a4f-441b-953b-2c7e16bd1ae5","Demographic trends","","","","","","",""
"tag","cf247c23-db76-446a-a5cd-c1730ec2881f","2025","a3da90af-8bfa-457f-94d6-fa7d072fa042","Poverty alleviation and employment generation in India","","","","","","",""
"tag","292aaed4-196b-488b-b1a4-6f2a201029e5","2025","a3da90af-8bfa-457f-94d6-fa7d072fa042","Poverty alleviation and employment generation in India","","","","","","",""
"tag","c1adce9c-164f-46a2-9023-aaa342ab2a4c","2025","a3da90af-8bfa-457f-94d6-fa7d072fa042","Poverty alleviation and employment generation in India","","","","","","",""
"tag","e714ec71-3dea-4339-bc3b-22d9a372fbe6","2025","a704c46a-26db-43f5-9ece-3e339a15ac3b","Circle ΓÇö area, circumference and sectors","","","","","","",""
"tag","70621214-2799-447d-ad2c-933298119b6d","2025","a91ae85c-9a36-400b-84d5-2be30725ecfe","Agricultural and export credit guarantee insurance","","","","","","",""
"tag","02e29d95-b994-4664-b388-d72e8411f3d7","2025","a9883304-de94-409d-9982-1321b6035395","Underwriting and devolvement","","","","","","",""
"tag","7319d2d7-43bb-41e3-b27d-79adad9131a9","2025","aa771f11-bf97-4208-865b-e85f784f6c9a","Commercial paper ΓÇö eligibility and net worth","","","","","","",""
"tag","37774254-4699-4c87-ad88-c459f95abcea","2025","ae3d406e-d3f7-43df-95e5-78a621cfc421","PFRDA Act 2013 ΓÇö powers and functions","","","","","","",""
"tag","e19b4ae5-8bf4-498e-81df-8554a72e4158","2025","ae3d406e-d3f7-43df-95e5-78a621cfc421","PFRDA Act 2013 ΓÇö powers and functions","","spot_check","","","","",""
"tag","c5da09aa-be6f-4e07-b40f-18c5a1e62251","2025","b0e8a0b7-df35-4f9e-9bdb-dfa6558e2b7a","Number series ΓÇö arithmetic and difference patterns","","","","","","",""
"tag","07b17bf6-7562-4bf6-912c-186eaa510a93","2025","b0e8a0b7-df35-4f9e-9bdb-dfa6558e2b7a","Number series ΓÇö arithmetic and difference patterns","","","","","","",""
"tag","f7057ea1-5b44-4691-86d1-764d3f5049ff","2025","b23d73d0-f433-4321-8232-e15eda5d1582","FSDC and regulatory coordination","","","","","","",""
"tag","71b75077-f247-4d87-aec7-71a39d6b58e4","2025","b3d81d2c-a6e7-40d0-84dc-eea66c22bee7","Clearing corporations and settlement","","","","","","",""
"tag","230c9d7c-5b5c-425e-bb96-b8460305e524","2025","b40455eb-5470-4a6a-a540-db75843698ba","Research analyst and investment adviser regulations","","","","","","",""
"tag","a999473c-a73d-4d38-a14f-692260dcf43b","2025","b65d24b6-0f30-43e0-8149-2f8f56f8f392","Job costing","","","","","","",""
"tag","762ccd76-5166-4445-bed9-8a1526ff2f0a","2025","b8aa6c4d-7880-4c5a-a78d-134faa5d6749","Swaps ΓÇö interest rate and currency","","","","","","",""
"tag","06c48d8b-4145-4dfd-833a-6b7b4318125b","2025","b8aa6c4d-7880-4c5a-a78d-134faa5d6749","Swaps ΓÇö interest rate and currency","","","","","","",""
"tag","3d9f23ff-9a6f-40f1-bd18-3dac41aabace","2025","ba164b72-afb0-458f-87f4-b413e45719e7","NDS-OM and the G-sec auction platform","","","","","","",""
"tag","79b30e9f-6a89-433b-b9ec-e6b101c7712b","2025","ba7baa6e-c6aa-4961-9163-0f9ef870cd7c","GIFT City ecosystem","","","","","","",""
"tag","8920228a-9c50-4749-b1e9-2524b5ed8de3","2025","bb343a30-e26e-474a-9ab7-6ecab8e6931b","Partnership and profit sharing","","","","","","",""
"tag","168d5514-f680-475f-b671-ff74c863fd56","2025","bd20e212-5d6f-44c3-bddf-daede6e0516f","Credit rating agencies and sovereign ratings","","","","","","",""
"tag","ac5a7231-1945-4279-a825-ad1f3605017c","2025","bdc504eb-8d08-466c-954c-f8705705f53c","Leverage ratios ΓÇö debt-equity and capital gearing","","","","","","",""
"tag","f45455d2-6a1f-4794-83d8-c26e2039d543","2025","c1eb7815-50ba-46e1-ac59-75fa6cd35b98","Planning premises","","","","","","",""
"tag","e402a098-575b-4268-94ff-536817e3e366","2025","c5601368-743b-44df-80e0-353aeb680835","IFSC framework and unified regulation","","","","","","",""
"tag","34e2fd88-1160-4a35-a8ba-4d803dd411b1","2025","c5601368-743b-44df-80e0-353aeb680835","IFSC framework and unified regulation","","","","","","",""
"tag","c48ca113-ec27-4a45-acb4-d1db2d41b17e","2025","c7ea1e13-578a-4977-a08e-df0a6d689f16","Forwards vs futures","","","","","","",""
"tag","ac9b09b9-7c46-463b-b689-0d8002509548","2025","ce23f17b-f621-46b0-bb72-fc926a0be3d4","Tabular data interpretation","","","","","","",""
"tag","31d8e0d4-a0e8-4eae-8d2a-81d2bfa595e0","2025","ce23f17b-f621-46b0-bb72-fc926a0be3d4","Tabular data interpretation","","spot_check","","","","",""
"tag","7d254d45-4148-4816-a3d1-6832e7d7d204","2025","ce23f17b-f621-46b0-bb72-fc926a0be3d4","Tabular data interpretation","","","","","","",""
"tag","c7d52dce-4949-4d9a-a0b7-28323719d8da","2025","ce23f17b-f621-46b0-bb72-fc926a0be3d4","Tabular data interpretation","","","","","","",""
"tag","29720374-1fbc-4bea-968c-7f7b2fa754d4","2025","ce23f17b-f621-46b0-bb72-fc926a0be3d4","Tabular data interpretation","","","","","","",""
"tag","d25842df-9caf-4cfb-8eeb-437d1a574ed4","2025","ce23f17b-f621-46b0-bb72-fc926a0be3d4","Tabular data interpretation","","","","","","",""
"tag","a9f5fc2c-d90f-416b-bd23-e41fb985efa7","2025","d17a9a7b-d3dd-4b7f-910c-160c168fa6a3","PPP models and the project sponsoring authority","","","","","","",""
"tag","eba7dcd1-1491-418d-b70e-6d01e24d11a4","2025","d1979e85-7942-4fdd-a5fa-b1d2e29f5977","Boats and streams","","","","","","",""
"tag","d55d4421-15ff-4425-ad9d-382016c44935","2025","dbf5ff73-47b3-490b-9a19-b0832fe4da7b","History of Indian insurance","","","","","","",""
"tag","06f06816-6b20-405e-928e-c22975762bba","2025","e150a45a-9706-47a3-b57a-a2768913db7e","ESOP valuation methods","","","","","","",""
"tag","0b53591a-ab41-4664-8c3c-8df7dbec8751","2025","e2ed0952-3f31-409c-a5c3-617d9dfa7640","Themes and findings of the latest Economic Survey","","","","","","",""
"tag","cca8d716-760b-4cf2-9c1e-87e2387ed212","2025","e7dfdb22-8ee7-445d-9f0a-e27ccf215314","Letter-to-symbol coding","","","","","","",""
"tag","28964d65-627e-43f2-b8b8-762c7047fef7","2025","e8fccc09-a2c9-4076-a001-ad1c2378a23f","NBFC categories ΓÇö IFC, Factor, P2P","","","","","","",""
"tag","f2702553-6db2-4727-9097-d52685c2dc58","2025","eab5fa38-2696-4ec6-ac94-9da924086f92","Account Aggregator framework","","","","","","",""
"tag","41a713c5-3e77-44b8-af19-cbd7979a3f1d","2025","eee49054-ca21-469d-8da7-7386c4e8e6fd","Communication channels and channel richness","","","","","","",""
"tag","3ef54428-c3ee-437f-9810-1bf9e1a27986","2025","f56288ef-a26d-402b-9dc1-f1d4e141968e","Payment banks and differentiated banks","","","","","","",""
"tag","432767fc-31d5-45fd-bad8-302f1813d01d","2025","fc3e9289-0478-4a6c-a0e8-1f6f3f79f82a","Statement and assumption","","","","","","",""
"tag","4dd0ac4f-4ed7-40f5-beb6-1ed1847fd287","2025","fdc5bb1d-5db1-4ed2-af97-9ef85bf45a19","Guaranteed pension slabs","","","","","","",""
"tag","c17712aa-5513-40c4-aee6-8118656be055","2025","ff082708-c649-46b6-980f-4a66363e6eab","Percentage comparison ΓÇö what percent of / more than","","","","","","",""
"tag","e325a988-61f8-406c-b9a1-9d8a3a4e6f65","2025","ffdc4541-194f-4155-a578-d0fc9d7d4c91","Financial Inclusion Index and schemes","","","","","","",""
"tag","de91a6c3-a7fe-4510-9076-e5ce900d4261","2025","ffdc4541-194f-4155-a578-d0fc9d7d4c91","Financial Inclusion Index and schemes","","","","","","",""
