"row_type","row_id","paper_year","question_number_or_topic_id","text_preview","flags","sample_reason","decision","notes","assign_topic_id","difficulty","stimulus_preview"
"question","f7f428aa-ebf8-4af7-b9bf-12cfbb57be85","2020","1","Q.1) Based on the statements mentioned below find the type of farming system? Statement I – Use of less herbicides Statement II – Use of les","non_ascii_suspect","flagged","","","","",""
"question","a007a91e-b1dd-4a0d-8026-745ba975b4d2","2020","1","Q.1) Who is sitting on the immediate left of Ginni?","","spot_check","","","","",""
"question","d94043e9-7378-4df9-b04a-0040948ee376","2020","2","Q.2) What is the kind of mushroom that ages well and forms gills and wrinkled umbrella?","","spot_check","","","","",""
"question","3c6cee47-96b6-494e-bc86-64060a4d3ea2","2020","2","Q.2) How many persons sit between Kavya and Sana, with left of Sana?","","","","","","",""
"question","e691e15f-1050-456a-8c02-81a653e1448b","2020","3","Q.3) Blue revolution is related to?","","","","","","",""
"question","4122dd8d-f1cf-40a6-b3f7-46e17f84d938","2020","3","Q.3) Kavya belongs to which city among the following?","","","","","","",""
"question","387f4613-3055-4110-892f-02786bd03782","2020","4","Q.4) What is the first milk produced by animals which is highly nutritious?","","","","","","",""
"question","dcd877f5-a586-4ba0-afd4-0e3100bfcb78","2020","4","Q.4) Who is an immediate neighbour of Gudia and Kavya?","","","","","","",""
"question","94a4413a-cbe5-4b31-abc0-cc4f512c5310","2020","5","Q.5) Which of the following tillage implements perform harrowing action with rotating with stell discs","","","","","","",""
"question","761951e1-949c-4cd2-8e39-51c41ad3bbd1","2020","5","Q.5) Who is sitting on the third left of Ginni?","","spot_check","","","","",""
"question","2eb6a5eb-18d2-48b1-8857-7b61183c487d","2020","6","Q.6) What is the kind of forestry system which contains Trees, Crops, Pasteur for livestock?","","spot_check","","","","",""
"question","2bf6c5ef-0b59-4173-a3d3-8b07de3cc805","2020","6","Q.6) Eight boxes are placed one above the other in a stack. Which of the following box is placed immediately above Box H? I. Three boxes are","","","","","","",""
"question","f325ef63-e37c-4586-8049-3b1b1fbcafa6","2020","7","Q.7) What is the kind of forestry system- for the community, to the community and by the community?","","","","","","",""
"question","9bf83b14-28ab-4833-accb-a6fceda336aa","2020","7","Q.7) There are 6 people P, Q, R, S, T and U each lives on a different floor of a 6 storey building having 6 floors numbered 1 to 6 (the grou","non_ascii_suspect","flagged","","","","",""
"question","cded986c-43c8-4be9-906f-b14c9f1c19d0","2020","8","Q.8) As per the classification of type of farmers in India based land holding, what would be the land holding of marginal farmers?","","","","","","",""
"question","e49673e0-8ab8-4517-849c-38395f5c1fa2","2020","8","Q.8) What will come in place of question mark (?) in the following series? 2B25, 3C24, ?, 5E22, 6F21","","","","","","",""
"question","40e3ea33-421f-4749-bbe6-1c0943bae764","2020","9","Q.9) Which is the best milk yielding indigenous breed of cattle?","","","","","","",""
"question","93bd83ff-b9e4-44d7-a309-1665863832f4","2020","9","Q.9) How is W related to X?","","","","","","",""
"question","336bf21b-6201-49e2-b33b-1e76fd0e0601","2020","10","Q.10) Which of the following breeds of sheep is famous for its finest carpet wool?","","","","","","",""
"question","e4da73f5-efc2-403d-b6c8-694168e5411b","2020","10","Q.10) How is V related to P?","","","","","","",""
"question","12a43f9a-cbdc-470f-9ad1-81bf1215fcd3","2020","11","Q.11) Which type of soil classification is acceptable for soils in India?","","spot_check","","","","",""
"question","c8682245-7013-4f4f-9b75-540a1e186463","2020","11","Q.11) What is the position of S, according to U in the arrangement?","","spot_check","","","","",""
"question","cb98b623-c208-4efc-8235-54075f5239fa","2020","12","Q.12) Which type of soils occupy the maximum area in India?","","","","","","",""
"question","30c13cfa-7423-4059-abb4-73064c4c60da","2020","12","Q.12) Q is an immediate neighbour of whom among the following?","","","","","","",""
"question","efb8b3a9-f6f0-4c18-9480-bd06519a2bdd","2020","13","Q.13) What is the soil order that is low in plant nutrients but high in Boron?","","","","","","",""
"question","93d72f0d-5615-4a41-ad07-eda062825f18","2020","13","Q.13) How many persons are sitting between the one who likes Orange and the one who likes Green?","","","","","","",""
"question","953d413b-2af4-44f8-9a9c-e916e76838ae","2020","14","Q.14) What is the amount of soil moisture present in each volume of soil at a given time?","","","","","","",""
"question","d03313d9-01ba-4551-9c57-845815d18c69","2020","14","Q.14) Which pair is an immediate neighbour of each other?","","","","","","",""
"question","11565e98-3865-4c57-9807-f73580b564d5","2020","15","Q.15) In India, net irrigated area has increased over time. Gross irrigation area is more than net irrigation area. Paragraph talks about tw","","","","","","",""
"question","6c6220a5-333e-4688-ac60-2b13abe7906b","2020","15","Q.15) What is the code for ‘investigating’?","non_ascii_suspect","flagged","","","","",""
"question","05cdbb35-80b7-428f-b7ba-b00608b73aec","2020","16","Q.16) The proportion area irrigated is high in which state?","","spot_check","","","","",""
"question","7b897175-3d75-49fd-987d-0e7f28cfce8e","2020","16","Q.16)‘while in related’ can be coded as","non_ascii_suspect","flagged","","","","",""
"question","efce24c4-16ac-4fc0-b215-fd42841a29ba","2020","17","Q.17) What is post-harvest loss of vegetables and fruits in India?","","","","","","",""
"question","7e80e8bb-cdef-479f-8366-1bfb2d59f0f7","2020","17","Q.17) What does ‘cdw’ stand for?","non_ascii_suspect","flagged","","","","",""
"question","f3a9df8d-7f09-4a41-b6fc-abca242e2e43","2020","18","Q.18) Which of the following pairs of fruits are semi-perishable?","","","","","","",""
"question","155bca49-8cb0-4646-af07-277fdc150ad6","2020","18","Q.18) Statements: A ≥ B; C > G; A ≥ H; B ≥ C; I = B Conclusions: I. H > C II. A > C III. I = A IV. A > G","non_ascii_suspect","flagged","","","","",""
"question","fc6e9cfb-da2e-4904-8919-e013a2663e5a","2020","19","Q.19) Which type or section of Maturity index of Jackfruit which differentiates from mango?","","","","","","",""
"question","d1252001-46c9-48df-9a2c-278d163e5323","2020","19","Q.19) Statement: F ≤ C ≤ V = Z < X = U Conclusion: I. F ≤ Z II. V = X III. U > C IV. X ≤ F","non_ascii_suspect","flagged","","","","",""
"question","b8d5edbc-2b9e-4cef-928d-357d8ef1a27f","2020","20","Q.20) What is the cropping pattern of Sugarcane with a short span crop orop that can be harvested even before Sugarcane reaches maturity?","","spot_check","","","","",""
"question","80a2c6e1-6573-4b9f-bec3-ddf0b0dfc793","2020","20","Q.20) How many such pairs of letters are there in the word ‘FRUITFUL’ each of which has as many letters between them in the word as in the E","non_ascii_suspect","flagged","","","","",""
"question","582a5581-b68c-4b48-8665-a17dfe23ba20","2020","21","Q.21) Which of the following cropping system is highest in India?","","","","","","",""
"question","32492a2b-b442-468e-8623-21746c10e573","2020","21","Q.21) Current IMF conditionalities pertain to:","","spot_check","","","","",""
"question","83d8e21d-7a7b-4869-8153-93c165babf38","2020","22","Q.22)Which cereal cropping system after rice and wheat combinations has highest area under cultivation?","","","","","","",""
"question","8bd12346-61d4-4413-a0cf-7057c3bfd766","2020","22","Q.22) Initially, the role of the World Bank was to:","","","","","","",""
"question","1f836f35-8c75-4955-8f8f-4f667bb77332","2020","23","Q.23)Broilers are marketed between ___________weeks of age?","suspicious_repeat_char","flagged","","","","",""
"question","ebec8ea8-7be5-4594-b2a7-95fa5d65f70e","2020","23","Q.23) Which of the following represent(s) the opinion(s) of the critics of the orthodox stabilization and structural adjustment programs? (1","","","","","","",""
"question","d877df4c-bdc8-499f-8df2-01ec71a531d3","2020","24","Q.24) International Monetary fund was established in which of following year?","","","","","","",""
"question","5b78615b-218d-45a4-b772-95d8674a759b","2020","24","Q.24) According to the passage the term 'cross conditionality' means:","","","","","","",""
"question","db98a507-42e8-4da6-9a9a-396f5fd38a37","2020","25","Q.25) Which of the following statements regarding World Trade organisation are NOT true?","","spot_check","","","","",""
"question","38cbd841-30a0-44a3-98f1-a384fa5c8026","2020","25","Q.25) The main constituents of a stabilization and structural adjustment program are:","","spot_check","","","","",""
"question","3afe7121-8642-4049-9c3a-ec483818fee5","2020","26","Q.26) What is the concept in which the stable high fertility and mortality population is converted to low-fertility, low mortality populatio","","","","","","",""
"question","59df17c7-4f20-4d7e-8c70-de1a34db66f4","2020","26","Q.26) This oven helps in ____ the essential vitamins in the food and ____ cooking faster.","suspicious_repeat_char","flagged","","","","",""
"question","13195641-27a5-41ad-a92b-4fe0b3eb2cee","2020","27","Q.27) RTE Act was enacted in year 2009 which came into effect from which of the following years?","","","","","","",""
"question","fa4354ca-50f7-4321-9aff-1bc11db094d2","2020","27","Q.27) The molecular targeting of CCSs may improve the _____ of current chemotherapeutic ______ required for the management of this illness.","suspicious_repeat_char","flagged","","","","",""
"question","a40ebc75-4bdc-4c67-8743-8a23af38394c","2020","28","Q.28) Which of the following is NOT the feature of KCC? 1) A loan of 3 lakh can be sanctioned 2) No collateral will be required that will be","","","","","","",""
"question","b60c01d6-d870-4352-b957-412c58b18376","2020","28","Q.28) Although, the cancerous stem cells are ____ to chemotherapy, they are the _____ objectives for therapy.","suspicious_repeat_char","flagged","","","","",""
"question","4345d458-c450-4232-bfe0-852a7551c404","2020","29","Q.29) The committee was set up in the backdrop of national outrage over the Planning Commission’s suggested poverty line of ₹22 a day for ru","non_ascii_suspect","flagged","","","","",""
"question","54cbd359-777a-4385-bf78-14d1b411389d","2020","29","Q.29) There can be no______ that blind beliefs will have to be_____.","suspicious_repeat_char","flagged","","","","",""
"question","87687b7e-13dc-41d7-976b-805da490d6e9","2020","30","Q.30)Which of the following statements are INCORRECT about Production Function Curve? 1) The graph shows short raw functional relationship b","","","","","","",""
"question","010bf075-8333-426a-9292-22656d9e3dae","2020","30","Q.30) Fill in the blank:","","","","","","",""
"question","339a93eb-9be6-40a4-aa4e-f0847fd8c7a4","2020","31","Q.31) Fill in the blank:","","","","","","",""
"question","1ab839c2-6c36-479d-a05d-4196e1d0a6d0","2020","31","Q.31) Which of the following is not true regarding PMSVANIDHI scheme?","","spot_check","","","","",""
"question","b3172013-d867-4bf7-a82b-fdd02709a955","2020","32","Q.32) Fill in the blank:","","","","","","",""
"question","ac2bd1dd-28cf-4183-8f89-1decb38957f9","2020","32","Q.32) Under which of the above framework the schemes above are mentioned through the 8 given sub- schemes?","no_primary_tag","flagged","","","","",""
"question","67361544-1588-4663-88ca-6c40186e0e1b","2020","33","Q.33) Fill in the blank:","","","","","","",""
"question","6bf43f7a-1faa-4ab2-b6d0-3db88d5e9b0a","2020","33","Q.33) Eklavya Model Residential Schools (EMRS) have been opened for which of the following communities in India?","","","","","","",""
"question","b9515720-1929-4fbb-b61f-6ada96c1309e","2020","34","Q.34) Fill in the blank:","","spot_check","","","","",""
"question","e255415b-0025-4e94-a7cd-d483cd90dd78","2020","34","Q.34) According to RBI data, what is central governments external debt by march 2020?","","","","","","",""
"question","92c0b03c-d5cb-4971-9baf-bb58846b179d","2020","35","Q.35) Fill in the blank:","","","","","","",""
"question","56faadeb-2be4-4228-b207-34ed343b4cc9","2020","35","Q.35) Which of the following has been the eligible age group under PMSYM?","","","","","","",""
"question","7a3835db-cf42-421c-859c-648cb2b676ab","2020","36","Q.36) Fill in the blank:","","","","","","",""
"question","50e6abd0-36d9-4227-a939-5554af21a2e4","2020","36","Q.36) Which of the following amount has been given to Pregnant and Lactating mothers under the PMMVY?","","","","","","",""
"question","6a8d9dc5-f0ba-4685-b494-5858da75d57e","2020","37","Q.37) In following question, five different ways of presenting an idea are given. Choose the one that conforms most closely to the standard ","non_ascii_suspect;duplicate_option_text","flagged","","","","",""
"question","12da286d-399f-49e0-9552-a328a2a2bae5","2020","37","Q.37) MGNREGA monitoring at village level is done by which of the following bodies?","","spot_check","","","","",""
"question","7d29f7a6-878e-486d-aacd-866c75374786","2020","38","Q.38) From the reason adduced by the Gupta report for the rejection of the Johl report it can be inferred that -","","","","","","",""
"question","ac81fe82-8923-4f5e-a8d1-481059a32c5b","2020","38","Q.38) The Mission aims at creating efficient and effective institutional platforms of the rural poor enabling them to increase household inc","","","","","","",""
"question","1552eb5a-d3fb-475e-baf6-9bd2fe061d0d","2020","39","Q.39) With regards to the interest that is charged on credit extended by the money lenders, the author seems to favour _______?","suspicious_repeat_char","flagged","","","","",""
"question","7f1e85ba-de0d-4def-9ef7-f90c0582594a","2020","39","Q.39) Which of the following committees has been setup by the government for Doubling farmers income?","","","","","","",""
"question","fb52e0f7-a85e-430d-b631-add3e66ea7a1","2020","40","Q.40) Which of the following situations is analogous to the situation of “moneylenders making use of the mechanism of interlocked markets”?","non_ascii_suspect","flagged","","","","",""
"question","f0a90acd-32d8-410c-ba8a-dee9f0da28bf","2020","40","Q.40) Which scheme related to sanitation was launched on 2 nd October, 2014 as a tribute to Mahatma Gandhi with aim to make India clean?","","","","","","",""
"question","7da1ea5a-b0c8-407e-b987-fddaca38a01e","2020","41","Q.41) The main grouse of the author against Gupta report is that _______?","suspicious_repeat_char","flagged","","","","",""
"question","1283e442-02b5-4dc3-b302-cc013f4f8424","2020","41","Q.41) Identify the scheme that has been launched by the Government to provide insurance to farmers in case of crop failure?","","","","","","",""
"question","4e8e3ebc-7b22-4c2e-9118-962c90daa4d4","2020","42","Q.42) With reference to the relationship of banks with money lenders, as envisaged by the Gupta report, the author's apprehension is that -","","","","","","",""
"question","59b6090a-abb4-4f9f-be59-72eb8d377009","2020","42","Q.42) Which mission has been launched by the Government to create well planned Rurban clusters and to stimulate local economic development?","","spot_check","","","","",""
"question","81f408b5-b49b-45f9-a3e9-3f8f164095b4","2020","43","Q.43) Plunging international crude oil prices (1)/ and the subsequently lowered of fuel prices (2)/ come as a morale booster (3)/ for the au","","spot_check","","","","",""
"question","3736c733-cd1f-4217-a10c-41c0e216b16e","2020","43","Q.43) Which of the following is not a sub-mission of National Livestock Mission.","","","","","","",""
"question","0804904c-ae33-4ff9-81b8-f2859c0b764f","2020","44","Q.44) Handwriting is an art form (1)/ just like painting, drawing and (2)/ sketching, this art (3)/ can develop by individuals with some eff","","","","","","",""
"question","4d80b35a-8e6e-41bd-87f3-816e8a668137","2020","44","Q.44) Under the Lead Bank Scheme, the District Coordination Committee must meet after ____X____ period of intervals.","suspicious_repeat_char","flagged","","","","",""
"question","82bef697-dfe7-41ef-8e24-02843b2b70f3","2020","45","Q.45) The decision (1)/ to buy out the plant (2)/ was base at (3)/ the cost benefit analysis. (4) No error (5).","","","","","","",""
"question","0cf77089-bd89-4580-ab30-7d2717d38030","2020","45","Q. 45) Which of the following schemes are a part of the publication mentioned above in the passage? 1) International Solar Alliance 2) Pradh","","","","","","",""
"question","8968bb73-ee9c-445c-884a-4d56ad460607","2020","46","Q.46) The states will also be told to effective utilise the new (1)/ created price index to ensure (2)/ that prices of onions and potatoes (","","","","","","",""
"question","e7922cdd-6d7b-4ad3-b267-ae2a3b9da341","2020","46","Q.46)India has a target of ___________GW of renewable energy by 2022.","suspicious_repeat_char","flagged","","","","",""
"question","8a055b9d-b386-4c36-9395-aa18c25c9419","2020","47","Q.47) The draft made a case by removed different (1)/ types of fees and charges on (2)/ e- transactions by various entities and providing (3","","spot_check","","","","",""
"question","a6e0fd22-6c97-4387-8014-4b0cad6295ae","2020","47","Q.47) Which of the schemes are related to LED Distribution scheme.","","","","","","",""
"question","9749bf8e-4ff4-4ad3-b834-abdcc43abaf5","2020","48","Q.48) Which of the following should be the LAST (SIXTH) sentence after rearrangement?","","","","","","",""
"question","66a0a7cb-08f5-46ac-995f-3c25ff41181f","2020","48","Q.48) Reimbursement % of training layout provided by government under PMKVY is__________.","suspicious_repeat_char","flagged","","","","",""
"question","df4a0b21-5545-4f9c-b02f-b0f020b41e34","2020","49","Q.49) Which of the following should be the FIFTH sentence after rearrangement?","","","","","","",""
"question","9377fe5e-088f-4a6c-ba56-76fb887c4882","2020","49","Q.49) Three statements are given. Select the correct statement. 1) To increase the number of candidates 2) Get maximum stipend up to Rs 9000","","spot_check","","","","",""
"question","b4bccc52-81ea-44aa-adf6-b9a9d99aa20b","2020","50","Q.50) In the question given below, a sentence split into four parts labelled 1, 2, 3, 4 is given. Rearrange the parts to form the original s","","","","","","",""
"question","d3dba56b-4caf-4da5-90c1-51e89aef3408","2020","50","Q.50) Maximum financial support can be provided per month per trainee is________.","suspicious_repeat_char","flagged","","","","",""
"question","54923258-b6bf-48bc-8b62-2cc83540eb7c","2020","51","Q.51) Read the statements given below and rearrange them to form a meaningful paragraph. (1) When individuals can rise through the social ra","","spot_check","","","","",""
"question","1e470fad-6863-4d03-a31b-dc015c3890d2","2020","51","Q.51) PMKVY was launched under which of the following scheme?","","","","","","",""
"question","d208a82a-f934-46aa-986d-7c1a5d2e8d1d","2020","52","Q.52) Read the statements given below and rearrange them to form a meaningful paragraph. (1) Effective urban mobility systems, such as well-","","","","","","",""
"question","9599b74b-d1a2-4d5e-872c-6364016ab78f","2020","52","Q.52) Identify the index which is mentioned above in the passage.","","","","","","",""
"question","2eda746b-950e-4c0a-9df9-dc494cf2ca5b","2020","53","Q.53) Read the statements given below and rearrange them to form a meaningful paragraph. (1) The concentration of wealth in the hands of a p","","","","","","",""
"question","05b7db6b-a294-46dd-bc16-56d6a56359fd","2020","53","Q.53) Which of the following reforms related to PSBs were introduced in 2020 406 | P a g e 1) Dial-a-loan 2) Tech-enabled agriculture lendin","","","","","","",""
"question","66aa5d78-6b7a-4d3d-a7ef-13bf60d48851","2020","54","Q.54)Read the statements given below and rearrange them to form a meaningful paragraph. (1) Small businesses and industries reliant on face-","","","","","","",""
"question","84300146-cc67-438e-a481-1cf12f926f0a","2020","54","Q.54) PSBs measures the performance on the basis of how many numbers of performance metrices.","","","","","","",""
"question","1a8b9ff1-f3ee-40d5-9db9-3b98cd153515","2020","55","Q.55) Read the statements given below and rearrange them to form a meaningful paragraph. (1) To address these issues, promoting innovative a","","","","","","",""
"question","a75482d0-f300-457d-9e2b-f689286cb9f5","2020","55","Q.55) Identify the portal?","","spot_check","","","","",""
"question","1ff5ec23-1725-4a3f-be79-bd68b4ec6033","2020","56","Q.56)Which of the following idiom/phrase can be used in both of the below-mentioned sentences? 1) Despite the initial resistance from the te","suspicious_repeat_char","flagged","","","","",""
"question","d95e9552-a183-4d9f-a142-705d2274e94c","2020","57","Q.57)Which of the following idiom/phrase can be used in both of the below-mentioned sentences? 1) In the intense tennis match, Serena Willia","suspicious_repeat_char","flagged","","","","",""
"question","728d97a0-6b13-4fe1-8ffb-9b4deba63d19","2020","57","Q.57) This revolution in India, from an agricultural perspective, is a concept that advocates for sustainable and continuous growth in agric","","","","","","",""
"question","0b96eb2e-1ff3-4041-9ade-a620893bd342","2020","58","Q.58)Which of the following idiom/phrase can be used in both of the below-mentioned sentences? 1) The company's profits began to decline rap","suspicious_repeat_char","flagged","","","","",""
"question","81dfb102-590a-4363-8bde-91013e035f30","2020","58","Q.58) Number of projects covered under Online dashboard.","","","","","","",""
"question","8d5e305d-555d-4f55-ad59-2716a6423ef0","2020","59","Q.59)Which of the following options is carrying forward the idea of the paragraph? Corporate governance refers to the system of rules, pract","suspicious_repeat_char","flagged","","","","",""
"question","8cd6b778-175b-4f6a-b751-bc4ac8977b20","2020","59","Q.59) Identify the name of online dashboard?","","","","","","",""
"question","c815efcc-30c2-4bac-b33b-6f6d37550675","2020","60","Q.60) Which of the following options is carrying forward the idea of the paragraph? Patriotism is a deep love, devotion, and loyalty to one'","suspicious_repeat_char","flagged","","","","",""
"question","aafee9b6-f864-489d-9fc6-7b4599bd94b0","2020","60","Q.60) Q. What are the features of online dashboard? 1. Search a pan-India database for investment opportunities across sectors 2. Track the ","","","","","","",""
"question","2b7c6ffc-5901-4b27-b34d-03bab70ff422","2020","61","Q.61)____ is larger than LANs but smaller than MANs and WANs.","suspicious_repeat_char","flagged","","","","",""
"question","ce5b2d6d-b963-4fe9-b76c-834b9ffb52a2","2020","61","Q.61) Government has launched ""Fraud Prevention and Management Function"" to enable, among others, effective investigation of fraud cases. It","","spot_check","","","","",""
"question","fdc7b749-5f44-40e8-865b-1cd15ffe0499","2020","62","Q.62)A ___________ can be either a hardware device or a software that provides protection from online intrusions.","suspicious_repeat_char","flagged","","","","",""
"question","8acca317-4e37-4c92-8d52-91e70964a687","2020","62","Q.62) “Fraud Prevention and Management function” is based on registry. This registry is based on which of the following?","non_ascii_suspect","flagged","","","","",""
"question","474c288c-f392-42ac-916e-081f8e9ed8e1","2020","63","Q.63)What is the main folder on a storage device called?","","spot_check","","","","",""
"question","457abf3d-65fc-4f08-b326-623fc0376e0c","2020","63","Q.63) Which of the following was first index indicating the prices of houses established in the year of 2007?","","","","","","",""
"question","733f5596-0b90-4677-b242-90be7577ed0f","2020","64","Q.64)A _______________ is an input device used to enter motion data into computers or other electronic devices.","suspicious_repeat_char","flagged","","","","",""
"question","88089352-fbad-4e66-aada-c8247e207100","2020","64","Q.64) What is the contribution of livestock to agriculture GDP?","","","","","","",""
"question","cb78747e-cdac-4f19-afa2-8a01f792ade9","2020","65","Q.65)FTP allows us to transfer files from one computer to another on the internet. FTP stands for","","","","","","",""
"question","cecf6b94-2802-429b-a02f-9d4c82967d05","2020","65","Q.65) Child sex ratio is measured for an age group of?","","","","","","",""
"question","cf6c6f8f-5579-4415-9b2d-247695c8c9ab","2020","66","Q.66)Hardware is a __________ component.","suspicious_repeat_char","flagged","","","","",""
"question","6a9e4932-bf97-486a-a878-7a63b332e79b","2020","66","Q.66) Which State is first to introduce Contract farming in India? 407 | P a g e","","","","","","",""
"question","9c4727c0-786c-4e5a-b8f8-aef05dc23ce4","2020","67","Q.67)A ____________, in the context of networking is a high-speed device that receives incoming data and redirects it to its destination on ","suspicious_repeat_char","flagged","","","","",""
"question","5700b0cb-f140-493b-bc22-b107e402e71c","2020","68","Q.68)What for ‘I’ stands for in PPI?","non_ascii_suspect","flagged","","","","",""
"question","97953948-f0f5-4e80-b403-8afacbefaa2d","2020","69","Q.69)The word wrap feature-","","","","","","",""
"question","90f2de70-49d4-44c5-80da-5a1a38e6ae8e","2020","70","Q.70)VIRUS is actually an acronym for","","","","","","",""
"question","40eee6b3-bbc5-4d20-8ba2-811cb236cc2d","2020","71","Q.71)Which of the following BIOS function tests the computer hardware and makes sure that no error exists before loading the operating syste","","spot_check","","","","",""
"question","45c15436-44ef-4a28-8d81-b65e63b29038","2020","72","Q.72)A _____ is a piece of computer hardware that produces the image you see on a monitor.","suspicious_repeat_char","flagged","","","","",""
"question","78cc24a0-0df3-423b-80de-8698b3f3818f","2020","73","Q.73)To increase the line spacing, use the ______ shortcut keys.","suspicious_repeat_char","flagged","","","","",""
"question","0c245a58-dca6-4c8d-b145-b61e4dc025d8","2020","74","Q.74)The letter and number of the intersecting column and row is the","","","","","","",""
"question","b5d33766-8d48-43d0-9707-abf44bc40f49","2020","75","Q.75)What type of topology is found in a WIRELESS LAN?","","","","","","",""
"question","2a4bf166-93e4-44af-a39a-5224cbe29fd4","2020","76","Q.76)Symantec is the maker of which among the following popular antivirus software?","","spot_check","","","","",""
"question","dbf73801-a320-4a93-ac7a-cb71f4e2e9cb","2020","77","Q.77)Which of the following is an example of an input device?","","","","","","",""
"question","d5628fa6-80ca-41dd-a71d-ca5299e595eb","2020","78","Q.78)The bottom portion of internet Browsers and other program Windows that displays the current status of the web page or Window currently ","suspicious_repeat_char","flagged","","","","",""
"question","f11ee1ab-a1d6-4c23-a229-0d22f06b1eef","2020","79","Q.79)Name the fourth layer of OSI model.","","","","","","",""
"question","2b6f3d92-5bfa-47dd-a7e7-0c14518bc6c7","2020","80","Q.80)Which of the following acts as an interface between user and hardware?","","","","","","",""
"question","9cd0d22a-f774-4a65-80ad-daddaaaf8f51","2020","81","Q.81) The ratio of the volume of two cylinders C1 & C2 is 4:1. Their height is same and radius of C1 is 7cm more than that of C2. What will ","","spot_check","","","","",""
"question","ad35fd9c-9d72-4452-9255-36e06331c61e","2020","82","Q.82)Two pipes A & B can fill a tank in 16 hours and 20 hours respectively. The tank is already 1/4th full. A is opened for first 6 hours an","","","","","","",""
"question","5770e862-0c96-4c14-a3f6-9fe8120781c9","2020","83","Q.83)A started a business. B replaced A after 4 months and A & B invested in the ratio 7:3. If the total annual profit earned by them was Rs","","","","","","",""
"question","464bfe1b-4aca-4c8c-87d2-1e8141dcd5fa","2020","84","Q.84)If an article is sold at 13% discount still a person gets a gain of 30.5%. If it is sold at 30% discount then find gain/loss%.","","","","","","",""
"question","1bb2aa73-f379-4e6d-a093-342faeba21d1","2020","85","Q.85)In a 240 L Mixture of Milk & water, Milk is 200L. Now 40L of water is added in to it and then 35L of mixture is drawn out of it then th","","","","","","",""
"question","c82001b2-a1e8-4948-9a41-a74a67761135","2020","86","Q.86)The income of Sargun is 30% more than that of Wasim. They save an equal amount of money. The savings of Wasim is Rs. 12000. If income o","","spot_check","","","","",""
"question","724d6c0d-7042-4651-bcb0-243168398c11","2020","87","Q.87)If Simple interest earned on a sum of money is 37.5% of Amount earned on same money for 4 years at R% per annum Simple Interest, what i","","","","","","",""
"question","b3c7bcbc-af01-49be-ac8e-c10880b8c348","2020","88","Q.88)The present ages of A & B are in the ratio of 4:5. 8 years hence A‘s age is equal to sum of age of B, 8 years ago and age of C, 8 years","non_ascii_suspect","flagged","","","","",""
"question","7a7fa215-fde7-4b0d-8628-b7d3d17dc549","2020","89","Q.89)If number of people (male + female) registered on Friday is 20% more than the total number of people (male + female) registered on Mond","","","","","","",""
"question","6d5970ed-02a6-498b-a369-ba5237711657","2020","90","Q.90)Find difference between the total number of people registered on Tuesday & Wednesday and total number of people attended on Monday & Th","","","","","","",""
"question","2f2a19b1-38f2-4aa8-8e3f-4f3178253145","2020","91","Q.91)If on Wednesday, the ratio of number of male and female who attended seminar is 4:1 then find the number of female who registered for s","","","","","","",""
"question","4ecef4cd-28ef-4812-b6d9-7668e437e327","2020","92","Q.92)The number of female registered for seminar on Thursday is what percentage more than the number of male registered for seminar on Monda","","spot_check","","","","",""
"question","573547fd-46a6-4b36-a019-6fff961282bd","2020","93","Q.93)The ratio of number of people who attended the seminar on Tuesday and number of people who attended the seminar on Wednesday is","","","","","","",""
"question","c2e9f69b-e00d-4d7f-9958-7b8825f916c8","2020","94","Q.94)If on Thursday, 40% of females who registered for the seminar attended it, then find out the number of males who attended the seminar.","","","","","","",""
"question","13876959-8027-44e7-9d2c-4d42552d5522","2020","95","Q.95)8, ? , 45, 110, 236, 453","","","","","","",""
"question","e112cad4-7e93-45a4-86e4-72e1c3558d58","2020","96","Q.96)1, 3, 9, 31, ? , 651","","spot_check","","","","",""
"question","957a457f-e9f4-4d64-a3e4-6ba3644bd91a","2020","97","Q.97)28, 29, 27, 33, 9, ?","","","","","","",""
"question","1c79cfcb-f6bc-4c90-98e9-2e5c7e3aeb34","2020","98","Q.98) I. x2 + 7x + 12 = 0 II. y2 + 5y + 6 = 0","","","","","","",""
"question","b933bf34-4d8b-4809-b13a-3e1943daf248","2020","99","Q.99) I. 3x2 + 8x + 4 = 0 II. 6y2 + 7y + 2 = 0","","","","","","",""
"question","456179ad-cfa9-4d1b-a80d-1b22167cd1b8","2020","100","Q.100) I. x2 - 5x - 84 = 0 II. y2 - 9y - 52 = 0","","","","","","",""
"question","afa131b2-051a-474d-986a-d8d0e2c98588","2020","121","Q.121)The Agricultural Export Policy was introduced in December 2018 which aims at doublingagricultural exports from 30 billion USD to 60 bi","suspicious_repeat_char","flagged","","","","",""
"question","2051c769-6b27-458e-8084-1411297d3fd4","2020","122","Q.122)Which of the following components is not under the National Mission for Sustainable Agriculture?","","spot_check","","","","",""
"question","556ae734-dcf8-48db-ad06-be6a3cd55c09","2020","123","Q.123)Sansad Adarsh Gram Yojana which is a demand driven scheme, inspired by society, is based on which of the following principles","","","","","","",""
"question","11880977-b0f5-4618-a7c9-a842f5e7a191","2020","124","Q.124)Which of the following is not true regarding PMKSY?","","","","","","",""
"question","5fd5c9a3-cde7-47e6-bb2e-5a14ef2cfa49","2020","125","Q.125) India ‘s rank under Human Development Index, 2019 is","non_ascii_suspect","flagged","","","","",""
"question","f3c609c5-a36c-4871-90aa-3bb6aa31c1cb","2020","126","Q.126) Retail inflation rose to about five -and-half year high of ___ percent in December 2019","","","","","","",""
"question","ff21ebba-7840-429a-bb41-d0457a8eaa04","2020","127","Q.127) Union government on 25 September 2014 launched Deen Dayal Upadhyaya Grameen Kaushalya Yojana under which of the following ministries?","","","","","","",""
"question","db9ecf70-aa41-470d-ba1a-d9041a813926","2020","128","Q.128) As per Economic Survey, GDP of 2019 -20 is expected to be 5% when compared to GDP of 2018-19 which stood at _________","suspicious_repeat_char","flagged","","","","",""
"question","107a950f-10c5-4762-8c3e-a682f809f584","2020","129","Q.129) Which of the following is not a part of PM Kisan Sampada Scheme?","","spot_check","","","","",""
"question","60961996-b375-4701-bad8-dd928721a2ff","2020","130","Q.130) As per IBC bill, 2016, the deadline for resolution of cases has been extended from 270 to____ days","suspicious_repeat_char","flagged","","","","",""
"question","19c292a4-abb8-459a-8315-a90ef06151be","2020","131","Q.131) Which Indian state in India has the highest Gross State Domestic Product?","","","","","","",""
"question","774e2059-7611-4313-be15-494b71f18dc8","2020","132","Q.132) As per Global Risk Report 2020, released by WEF, the global risks in terms of likelihood include 1) Extreme weather 2) Climate action","","","","","","",""
"question","c1a57f42-8b2a-498f-9b1f-681c33398650","2020","133","Q.133) 124th constitutional amendment Bill states 10% reservation to EWS, the Bill shows income limit for the same is _____ Lakhs","suspicious_repeat_char","flagged","","","","",""
"question","911a9609-d9fb-447f-b1d2-1bea69c7b894","2020","134","Q.134) NABARD to raise Rs 55000 Cr from the market for the year 2020 through longterm bonds of usually __________ years tenure","suspicious_repeat_char","flagged","","","","",""
"question","92320eff-c511-4a9f-b7ec-2b78b9b9a61b","2020","135","Q.135) Agriculture Markets and Farmers Friendly Index is a project of","","","","","","",""
"question","6ce359ac-3115-4236-803c-cf750d5e9f27","2020","136","Q.136) Which of the following are the institutional reforms to improve agricultural performance?","","","","","","",""
"question","2d9edd80-40c3-4759-8eb3-8fc1d3142f52","2020","137","Q.137) In which type of farming, large amount of labour and capital is used relative to the land Available?","","spot_check","","","","",""
"question","b1475e9c-6c0a-4b1e-82e4-027cbd22761c","2020","138","Q.138)As per First Advance Estimates, the estimated production of major crops during Kharif 2019-20, total food grain production is _____ Mi","suspicious_repeat_char","flagged","","","","",""
"question","57f4fa86-03ba-4f27-9afb-3b4b6488dc71","2020","139","Q.139) As per the budget 2020-21, which of the following is NOT true regarding the „Vivad Se Vishwas‟ Scheme? 1) The scheme aims to settle t","non_ascii_suspect","flagged","","","","",""
"question","e52f2c25-fee1-4224-a651-71207fe67550","2020","140","Q.140) How much amount has been allocated for Education by the Central Government of India in the budget 2020-21?","","","","","","",""
"question","0864929c-a0cd-4d77-89ca-6906ef8c6526","2020","141","Q.141) Index of Industrial Production is released by which of the following?","","","","","","",""
"question","9b34370e-166a-4b8a-83f7-d446af3be5f9","2020","142","Q.142) India imports approximately what percentage of its crude oil consumption?","","","","","","",""
"question","7cddf526-5adf-4b7a-bba1-2db5683d767d","2020","143","Q.143) Financial stability assessment under Financial Sector Assessment Program is conducted by which of the following?","","","","","","",""
"question","5a511723-84ee-443a-bbd6-c14ae85ff439","2020","144","Q.144) What is government's share in India's first sovereign wealth fund National investment and infrastructure fund?","","spot_check","","","","",""
"question","d53c7136-05d1-4c0d-846d-214dba33abf1","2020","145","Q.145) RBI constituted a task force on offshore rupee market. Who among the following is heading the same?","","","","","","",""
"question","3ee4280f-482e-4b01-921f-3caa37cf2959","2020","146","Q.146) Logistics Performance Index is published by which of the following?","","","","","","",""
"question","c8cb836e-21fd-4394-be0a-13488fed8a1a","2020","147","Q.147) Industrial policy of India which is in place now is of ______, which DPIIT is planning to replace or amend?","suspicious_repeat_char","flagged","","","","",""
"question","fbb664dd-649d-4def-a3d4-c047d8990106","2020","148","Q.148) The World Bank lowered its growth estimate for India to ____ per cent for the current fiscal from the earlier projection of 6 per cen","suspicious_repeat_char","flagged","","","","",""
"question","13371f15-7550-4556-9e6b-ba1e138c6234","2020","149","Q.149) Which of the following is the challenge mentioned in the National draft education policy along with Access, equity, quality, Affordab","","","","","","",""
"question","966e6149-d505-4b09-9105-aef5843511c4","2020","150","Q.150) As per the mega food parks scheme, the capital grants from centre for special states would be ___ %","","","","","","",""
"question","f246bd20-e6f6-40a9-8643-ba3f5764fe18","2020","151","Q.151) Rashtriya Gram Swaraj yojana which is a restructured erstwhile scheme and launched in 2018, has a sunset date of","","spot_check","","","","",""
"question","8e199bbe-662e-43db-a8f9-828a29cd18ae","2020","152","Q.152) As per Economic Survey, the service sector contribution to the total economy of India is ____ %","suspicious_repeat_char","flagged","","","","",""
"question","e0e88505-a5f0-4880-aef9-78de3c5e3d4b","2020","153","Q.153) The Transformation of Aspirational District’s Programme which aims to expeditious improve the socio-economic status of 117 districts ","non_ascii_suspect","flagged","","","","",""
"question","7c2b4f60-7f20-492e-9d16-5a38b38b78dd","2020","154","Q.154) The Phase-III of PMGSY which aims at consolidation of 1,25,000 Kms Through Routes and Major Rural Links that connect habitations to G","suspicious_repeat_char","flagged","","","","",""
"question","aad9a872-86fb-4c83-af2d-51bb409e389b","2020","155","Q.155) The theme of the World Economic Forum's meeting for 2020 held in Davos is","","","","","","",""
"question","54409308-7d7f-4739-94d5-90aaf0c3da8a","2020","156","Q.156) UN lowered its GDP growth estimate for India to ____ % in FY20 (from 7.6 per cent forecast in WESP 2019), released on 16th Jan 2020.","suspicious_repeat_char","flagged","","","","",""
"question","309556c3-d4e8-4780-97fe-0ce08bfc0df1","2020","157","Q.157) Which of the following is the reason behind IMF’s lowering of GDP growth of India for 2019-20?","non_ascii_suspect","flagged","","","","",""
"question","9adce4a6-d8b3-4c1b-b3dd-a238f68ed665","2020","158","Q.158) The age eligibility for PM Kisan Maan Dhan Yojana is","","","","","","",""
"question","cd91087b-1058-4374-b67e-73a730a2a52b","2020","159","Q.159) The aim of DAY-NRLM is","","","","","","",""
"question","c58a20bc-174a-4119-8793-b590a075efd0","2020","160","Q.160) Which of the following has launched PM Garib Kalyan Vikas Yojana with the help of RBI?","","","","","","",""
"question","f66c3f4d-ca81-4916-9e41-f481f2e3ba97","2020","161","Q.161)Which state has the highest rice production","","spot_check","","","","",""
"question","72ef27b4-8f27-473d-9d27-48855f14ed79","2020","162","Q.162) According to the first advance estimate 2019 -20, What is the total food grain production in kharif 2019?","","","","","","",""
"question","3c59a40d-7273-4466-b185-5b9666ec0d38","2020","163","Q.163)According to the third advance estimate 2018 -19, What is the total horticulture production?","","","","","","",""
"question","647e51ad-80c7-4458-a50c-734516fe6c9d","2020","164","Q.164) Which among is correct on the basis of decreasing order of production?","","","","","","",""
"question","23e4a626-a7b1-46f5-b864-cea0e96a781e","2020","165","Q.165) According to 5th Minor irrigation Census 2013 – 14, Which state has the highest number of minor irrigation projects/Schemes?","non_ascii_suspect","flagged","","","","",""
"question","cc5ec8ad-3599-4168-b054-3fa844ca96c9","2020","166","Q.166) Which region in India covers maximum area under alluvial soil?","","","","","","",""
"question","d957f590-28da-4231-9c9a-ff8a826b07c3","2020","167","Q.167) Which among the following has the highest water retention capacity?","","spot_check","","","","",""
"question","89e72822-de7a-4f18-9e33-b5731108bd04","2020","168","Q.168) The Phase-III of PMGSY which aims at consolidation of 1,25,000 Kms Through Routes a Major Rural Links that connect habitations to Gra","suspicious_repeat_char","flagged","","","","",""
"question","eb09121b-793e-4848-9af1-710798bf3cd3","2020","169","Q.169) The Pulses Conclave 2020 (TPC 2020) has been scheduled to be held from 12 -14 February 2020 in_______________. The announcement was m","suspicious_repeat_char","flagged","","","","",""
"question","9fe79a43-9b87-4364-832d-fc423a6cbc55","2020","170","Q.170)Which state has the maximum area under sunflower production?","","","","","","",""
"question","d3999a7d-af21-4afa-995f-35211317e138","2020","171","Q.171) Which crop is known as white gold?","","","","","","",""
"question","60850d8e-b542-45c1-b356-6c94a0a09ec7","2020","172","Q.172) What is the productive age of the layers in poultry?","","","","","","",""
"question","8f79aaff-63b0-4050-911e-6e39c476a2b5","2020","173","Q.173) Which one is false for PM KISAN?","","","","","","",""
"question","e8f914d6-200f-442f-9d70-eccd2c0b4a5a","2020","174","Q.174) PDS and PDPS are the components of which scheme","","spot_check","","","","",""
"question","057eb4d0-2aa9-4021-a3ff-d2d64b35fb67","2020","175","Q.175) For the better connectivity in the rural areas, roads are constructed which schemes covers the construction?","","","","","","",""
"question","f207d9ac-e716-44d3-8f6c-1daf8d89653b","2020","176","Q.176) The 6th world congress of agriculture held at _____________.","suspicious_repeat_char","flagged","","","","",""
"question","2e51f451-d912-4101-aefa-b2e857c5afd6","2020","177","Q.177) Swasth Dhara Khet Hara is the tag line for","","","","","","",""
"question","22a25d2d-5997-4dc9-be22-8272d4affbcb","2020","178","Q.178) Under which committee the concept of democratic decentralization came which led to the three-tier system of Panchayati Raj?","","","","","","",""
"question","f444761d-6374-4254-8f22-92678eedb30b","2020","179","Q.179) Which scheme provide 100 days guaranteed employment of 100 days every year to the individuals above 18 yrs of age?","","","","","","",""
"question","9d89df93-da5a-4b72-a8be-f2e9dbff5c73","2020","180","Q.180) What is the rate of interest on KCC in which govt gives interest subsidy of 2%?","","spot_check","","","","",""
"question","350b7c28-565d-4355-ba0f-819066c00173","2020","181","Q.181) In GOBAR-DHAN Scheme, R stands for","","","","","","",""
"question","97fa0c99-06fa-42c2-b505-613a7a1acaec","2020","182","Q.182) What is the minimum amount of rainfall require to call a rainy day?","","","","","","",""
"question","0f22fe7a-e639-47cc-b2ad-7b84b228507b","2020","183","Q.183) Which year is dedicated as the international year of Millets by UN FAO?","","","","","","",""
"question","561470d2-f8ff-4212-98fc-73b051a4807d","2020","184","Q.184) Whenever there is shortfall from the target of priority sector, bank has to deposit the short amount to which fund?","","","","","","",""
"question","6f73b098-5439-44b1-82cc-fafff39f8072","2020","185","Q.185) When farming is done along the lines of slopes in highly sloped area then it is known as","","spot_check","","","","",""
"question","9e2c81e5-5f78-4ff0-bfb1-1e8176f02d5f","2020","186","Q.186) Inarching is used in the propagation of","","","","","","",""
"question","903b8143-3826-4622-9157-43f561ebeb7f","2020","187","Q.187) Tipping is practiced in which of the crop","","","","","","",""
"question","130c89d8-999b-4654-9a96-11ff7a9db0f3","2020","188","Q.188)What is the subsidy given by bank for financing combine harvester?","","","","","","",""
"question","6ebb0db7-c97a-4d79-92ae-d06e7c0fc508","2020","189","Q.189)Which crop is having highest conversion rate of solar energy?","","","","","","",""
"question","577df12f-8c43-4092-a548-4d230c0daed6","2020","190","Q.190) Which of the following is the most dominant factor for soil degradation in semi-arid zones in India?","","spot_check","","","","",""
"question","dbcb7c90-4bff-45da-9e89-db3c6a401370","2020","191","Q.191) Elephant grass is also known with the name","","","","","","",""
"question","d3d02061-4f32-4a21-afb7-90bbf5ba23d7","2020","192","Q.192) Which of the following crop occupies largest area in India?","","","","","","",""
"question","6e58f6f2-de7b-465c-8c49-705348dc5174","2020","193","Q.193) Which of the following soil has self-ploughing properties?","","","","","","",""
"question","4cd1fa37-a007-4343-bc43-f4d51b71e300","2020","194","Q.194)In union budget 2020, finance minister announced a ____ point programme for revival of Agriculture sector","suspicious_repeat_char","flagged","","","","",""
"question","4e2e23a8-4910-46df-a42c-e038cf635136","2020","195","Q.195) A minor irrigation scheme covers cultural command area upto","","","","","","",""
"question","03e7a791-1584-456f-81de-852005e7d5e5","2020","196","Q.196)Which of the following is the knowledge partner for the committee on doubling of farmers Income?","","spot_check","","","","",""
"question","877f7c60-33e0-4304-8228-997077fa4b98","2020","197","Q.197)Which of the following type of fishes live in fresh water but move towards sea for breeding?","","","","","","",""
"question","a024edec-fe0a-48bb-b46f-0fb70db780e5","2020","198","Q.198) Which of the following is the most serious viral disease of poultry?","","","","","","",""
"question","0e6936d4-0c33-4156-86c7-77b861ab2736","2020","199","Q.199)Which of the following nutrient plays key role in sugar synthesis in Sugarcane?","","","","","","",""
"question","6c6d3290-2279-4e2c-a853-49f6917ddb7f","2020","200","Q.200) Rosetting in groundnut is due to","","","","","","",""
"tag","ed76fbfc-4103-42c1-a2e5-c45b770e2640","2020","01f2ee8f-c655-4c2e-912e-e0f18a2d3201","Quadratic equations ΓÇö root comparison (x vs y)","","spot_check","","","","",""
"tag","f0231161-04e8-49f6-bd14-051f344e9787","2020","01f2ee8f-c655-4c2e-912e-e0f18a2d3201","Quadratic equations ΓÇö root comparison (x vs y)","","","","","","",""
"tag","5d7aeda3-412d-4c3e-a372-8e4d003f2fe7","2020","01f2ee8f-c655-4c2e-912e-e0f18a2d3201","Quadratic equations ΓÇö root comparison (x vs y)","","","","","","",""
"tag","fadce851-4f84-4378-bed5-507cc30c27de","2020","056efd72-c34d-48ae-9c72-931959910d05","Growth forecasts by international agencies","","","","","","",""
"tag","f14c9d17-caa5-4486-9e7b-7a400bc97737","2020","056efd72-c34d-48ae-9c72-931959910d05","Growth forecasts by international agencies","","","","","","",""
"tag","fc76e49c-afa3-4aea-a2f2-eb06c576fb8f","2020","056efd72-c34d-48ae-9c72-931959910d05","Growth forecasts by international agencies","","","","","","",""
"tag","a88e38df-096f-43cb-b4f4-9e25cae1927c","2020","05a332b6-47f0-46fc-ae4d-86f2fc883872","National Education Policy 2020","","","","","","",""
"tag","3ef16f72-fe70-416d-a211-ba61b9ac7770","2020","0630aa25-6472-403e-a3a4-fc1d3a0dfe43","Production economics and factors of production","","","","","","",""
"tag","ec2bdb02-f065-49ba-a91c-1ba8ce740821","2020","0893cd2f-eb6e-4259-ab1b-d5e7784f3de8","Financial stability assessment and reporting","","","","","","",""
"tag","3cfda6ef-d881-4703-8bfd-fd0adb704e55","2020","08bb405d-9517-4fd2-9841-1412bd5b2f11","Swachh Bharat and sanitation missions","","","","","","",""
"tag","c985a6b0-dbc2-4dde-91a1-efb6f6f0d543","2020","08bdcee9-fc28-4eb1-a2de-75a99969f042","Direct coded inequality","","","","","","",""
"tag","cd2f8cf4-7a8c-4205-a004-265f67f632c3","2020","0ab1ed81-d4c6-42b0-82bf-77f64ab7a0e3","Soil types and their distribution in India","","","","","","",""
"tag","02439b6a-cc4b-47f0-9a45-382200b06072","2020","0ab1ed81-d4c6-42b0-82bf-77f64ab7a0e3","Soil types and their distribution in India","","","","","","",""
"tag","87d10afc-98de-4e7e-837e-9f43f03a785d","2020","0ab1ed81-d4c6-42b0-82bf-77f64ab7a0e3","Soil types and their distribution in India","","","","","","",""
"tag","44ba0a6f-d35e-4dde-aaf2-99909b3920ed","2020","0af84c96-012b-4e72-8f94-03b958789be3","MS Excel cell references, shortcuts and display behaviour","","","verified","","","",""
"tag","81733e4b-5e75-4616-ab99-e487f76edc96","2020","0df931ef-2b4e-4203-bcd0-f7886f74efe8","Sectoral composition of the economy","","","","","","",""
"tag","e19ed1f0-077a-4198-8704-74e494af41da","2020","102804b0-13d0-47a0-96ed-de6cc028e08d","Minimum Support Price and procurement","","","","","","",""
"tag","4002ddc0-b724-47e5-8ad4-d2b9faa37730","2020","10b21db7-8b86-4fa9-a1f6-8cd7d21085da","Segment-marked error identification","","","","","","",""
"tag","f8f03291-1d3a-4dce-b6cb-bf51bf435e53","2020","10b21db7-8b86-4fa9-a1f6-8cd7d21085da","Segment-marked error identification","","","","","","",""
"tag","ac08b817-45cd-4825-9898-cd05450f8f68","2020","10b21db7-8b86-4fa9-a1f6-8cd7d21085da","Segment-marked error identification","","","","","","",""
"tag","f310a87f-3e61-4e00-ad00-41a7fbaf30ee","2020","10b21db7-8b86-4fa9-a1f6-8cd7d21085da","Segment-marked error identification","","","","","","",""
"tag","678cf7ef-4a0d-44bb-889c-dd783e9489f9","2020","10b21db7-8b86-4fa9-a1f6-8cd7d21085da","Segment-marked error identification","","","","","","",""
"tag","c3d6d80e-3e28-4114-86bd-72c0e214dc08","2020","10d8610d-9dbd-4f47-b301-1ed3c0d2dce6","Income, expenditure and savings","","","","","","",""
"tag","214f8be0-e3ec-4b49-abb3-0b55b93371b7","2020","1106691f-e920-413b-a884-59bdd7da3007","Village and Gram Panchayat development schemes","","","","","","",""
"tag","8459e277-066d-4e17-88f8-3fa054525713","2020","126804dc-0695-4dfb-86b2-4fd6a38dc761","Cropping systems and cropping patterns","","","","","","",""
"tag","b4a39ad1-f02b-4e3a-b766-208f0ae9962d","2020","126804dc-0695-4dfb-86b2-4fd6a38dc761","Cropping systems and cropping patterns","","","","","","",""
"tag","1c73e8ff-4bda-4da3-9453-fca4328aa2ec","2020","126804dc-0695-4dfb-86b2-4fd6a38dc761","Cropping systems and cropping patterns","","","","","","",""
"tag","8d40df8c-f81b-4c36-bb0a-8158ea6cde0d","2020","15e7768f-f126-4030-a227-218a815ea259","Multi-chain inequality with linked variables","","","","","","",""
"tag","bd71fb59-512d-496d-a953-767efe9bba78","2020","1dc3e5ea-2950-42a3-8c79-8a45ade66003","Census and demographic profile of India","","","","","","",""
"tag","b83ab1e5-75b5-48eb-b6fe-1e3899f09e82","2020","1ef2d87a-8450-4fec-b77f-32e616a9b664","Agricultural events and industry associations","","","","","","",""
"tag","80829184-524e-4a8a-8c91-5a9e3a99f7f8","2020","1ef2d87a-8450-4fec-b77f-32e616a9b664","Agricultural events and industry associations","","spot_check","","","","",""
"tag","bbfda8e6-dfae-4a03-a6b1-7483f79b81d6","2020","1f6ed331-0ac7-4797-aff8-0272fb90b535","Industrial production and statistical agencies","","","","","","",""
"tag","06157df1-0517-4585-8355-4f201a17e45f","2020","20a9a4fa-564c-48a6-bfc8-4165c754c50b","Fish species, breeds and migration","","","","","","",""
"tag","c99e1001-84fa-4958-9f2c-e0241bc8f155","2020","21fb2f26-ef41-477c-a8eb-2717f20b6083","Pipes and cisterns","","","","","","",""
"tag","15e205c3-b028-4941-b9c1-87d46e4f510a","2020","22357aa2-c8bb-4f30-95f2-36a1004236b8","Operational land holdings and farm size classification","","","","","","",""
"tag","e8cc9dc2-f953-4a3a-a7d5-b5c6fc1a06f4","2020","2592bee0-89ec-499a-8ecc-aae6e4006afc","Population theories and demographic transition","","","","","","",""
"tag","4286f599-96d9-418f-ab61-cefaffaf4c73","2020","26fec480-b396-43d1-891d-8bc0b24d5a30","Soil health management and testing","","","","","","",""
"tag","969363e4-03d7-49be-b0ca-83a6433c6e8e","2020","2c6282c0-9d24-4452-82d4-57fe6495bfea","Forest management and community forestry","","","","","","",""
"tag","bbc768ba-3059-4292-8bd6-8c5a7cc505db","2020","2fd2d779-63c9-4129-9436-0afbe836c6f9","Organic and natural farming","","","","","","",""
"tag","0d9da185-dd62-4bd6-95d7-44b7e9010ae5","2020","2fd51d77-80f5-48e6-9dd7-a56a0dbdd59c","Lead Bank Scheme and district credit planning","","","","","","",""
"tag","617aa73a-bcf7-4f47-89f7-dd5d4441a976","2020","31fac32f-3fe7-4f1b-ac8f-1f2ce452a046","e-NAM and electronic agricultural markets","","","","","","",""
"tag","8236ced4-687e-45bf-99e7-02e441957847","2020","33e5ac65-b15e-4079-ad4b-e32675e4f168","Rural roads and PMGSY","","","","","","",""
"tag","7627c708-59e5-4bfa-80e6-56736e2d7673","2020","33e5ac65-b15e-4079-ad4b-e32675e4f168","Rural roads and PMGSY","","","","","","",""
"tag","3d883328-136f-4a7f-a866-3afeb7b6c456","2020","342ec4bb-5625-4398-9b44-2963d65062a4","Explicit detail retrieval","","","","","","",""
"tag","9408572b-fd6b-4d85-9727-b44e3d2161c1","2020","342ec4bb-5625-4398-9b44-2963d65062a4","Explicit detail retrieval","","","","","","",""
"tag","2ab884e3-7889-4e35-b62e-58682a5ed4af","2020","342ec4bb-5625-4398-9b44-2963d65062a4","Explicit detail retrieval","","","","","","",""
"tag","eb3d497b-d11c-44f1-b89f-cdd0dbc25bec","2020","342ec4bb-5625-4398-9b44-2963d65062a4","Explicit detail retrieval","","","","","","",""
"tag","9e4ced77-23ae-45de-8ee2-6db693df429f","2020","35913209-6eed-4b06-b8cf-e97f7e953d40","Booting, BIOS and system startup","","","verified","","","",""
"tag","67de3bfd-ef26-457f-814f-0dc073b4bc11","2020","3b991e17-56af-488e-ad5e-b65fb0907df6","Agroforestry systems","","","","","","",""
"tag","d338592d-49f2-487c-a270-fab405184b33","2020","3f10cf99-c7c6-4b9a-b589-e015a8719703","Inflation measurement and price indices","","","","","","",""
"tag","3e1cc4c2-7bb4-48e9-a559-2afcaa24de40","2020","3f1a7f36-2c18-4145-a3e4-0bac21a5c68b","Horticulture production statistics","","","","","","",""
"tag","bdf4d35d-a22a-4e3f-96f8-59d049dd04ec","2020","4168d193-763b-499a-9e67-04c6182feddd","Malware types and antivirus software","","","verified","","","",""
"tag","dc583280-9d3f-47a4-8532-15f2f400ef63","2020","4168d193-763b-499a-9e67-04c6182feddd","Malware types and antivirus software","","","verified","","","",""
"tag","96e5bfd2-32e6-4fb6-afd4-44473e20720c","2020","420312ba-2e38-4e16-a836-7e6764a05535","Inference and implied meaning","","","","","","",""
"tag","8ffb8c8e-ca53-4e24-9dd8-65afc9a42c2f","2020","420312ba-2e38-4e16-a836-7e6764a05535","Inference and implied meaning","","","","","","",""
"tag","deaebeb4-1b07-40c7-ae0a-c56d9a324a9d","2020","465e2c9f-9232-42d7-b851-7c3024403720","MS Word page setup and formatting","","","verified","","","",""
"tag","887fa077-9fb8-450e-985d-06097de581a7","2020","49d20336-ad3d-48c7-b172-fdd9c3d17e7f","Circular arrangement ΓÇö facing centre","","","","","","",""
"tag","6d4f97e7-e3ea-4bf5-8a2a-0b5a22ac2530","2020","49d20336-ad3d-48c7-b172-fdd9c3d17e7f","Circular arrangement ΓÇö facing centre","","","","","","",""
"tag","de79c79a-0da0-4553-bfc0-1fe2d8c0fd35","2020","49d20336-ad3d-48c7-b172-fdd9c3d17e7f","Circular arrangement ΓÇö facing centre","","","","","","",""
"tag","2f08007e-e0de-43c9-b107-6ceec45338b8","2020","49d20336-ad3d-48c7-b172-fdd9c3d17e7f","Circular arrangement ΓÇö facing centre","","","","","","",""
"tag","40b7a0a5-939d-42fc-83c7-164871550bc9","2020","49d20336-ad3d-48c7-b172-fdd9c3d17e7f","Circular arrangement ΓÇö facing centre","","","","","","",""
"tag","3773c613-ea33-420f-81cc-bb2aaa19dd56","2020","4a877cc7-abc0-4163-9fb9-7fd2000b6702","Soil conservation and erosion control","","spot_check","","","","",""
"tag","54b60e98-3396-44d3-ba3a-763d5b2a4ec0","2020","4a877cc7-abc0-4163-9fb9-7fd2000b6702","Soil conservation and erosion control","","","","","","",""
"tag","a03aabb0-d0f3-4424-8169-97d04f332f7f","2020","4ae25a21-8514-427f-855d-9f93db330ab2","Union Budget and agriculture allocations","","","","","","",""
"tag","f8421d0d-c80a-4d9d-92ba-7148aa2a4e39","2020","4d2ef984-313a-468f-87f4-d5027de94736","Sustainable agriculture missions","","","","","","",""
"tag","99a69152-37d9-4cb1-813f-ea610702d5d3","2020","4e5250f3-b424-4de9-afa3-fe1a1f614d66","Operating systems, utilities and system software","","","verified","","","",""
"tag","0326c9d3-c316-4f2e-a152-aac24b8313bd","2020","53bf9a36-47c0-4473-b677-29a66d1a7bdb","Double-blank sentence completion","","","","","","",""
"tag","7bc3c285-2257-43ba-99d4-10f75ddf9be8","2020","53bf9a36-47c0-4473-b677-29a66d1a7bdb","Double-blank sentence completion","","","","","","",""
"tag","2587b61e-8ff4-4455-ba91-6f3297d0827b","2020","53bf9a36-47c0-4473-b677-29a66d1a7bdb","Double-blank sentence completion","","","","","","",""
"tag","121fec30-6781-491c-b740-5ab2f5339d17","2020","53bf9a36-47c0-4473-b677-29a66d1a7bdb","Double-blank sentence completion","","","","","","",""
"tag","573c2775-8fee-4155-a2dd-4225ab93dad4","2020","541e84ce-069e-40de-b447-762fc36291f2","Insolvency and economic legislation","","","","","","",""
"tag","e736b9bd-1506-4cb3-ace7-1fbc7e32abff","2020","549537a6-0ac0-489e-8e68-72e20d7391f6","OSI model and IP addressing","","","verified","","","",""
"tag","e79cb117-146b-4170-a85b-246946456d5c","2020","57d7c155-4004-4fc9-9037-a8b4e01d6ca6","RBI committees and working groups","","","","","","",""
"tag","6a1679c1-e724-460a-be9d-fa171db968a6","2020","58d62c4e-fa96-4cd9-b858-fc269a89fb85","Fodder crops and grasses","","","","","","",""
"tag","83c09998-1917-4e68-a209-bff20c6c6950","2020","59426b01-cc08-4d8d-85b9-9668f95fbfee","Agricultural revolutions","","","","","","",""
"tag","d787e9a5-fe78-4b3d-817e-eac791e283a9","2020","596728b4-72d4-4921-8260-9d6c46fb06ca","Sovereign and infrastructure funds","","","","","","",""
"tag","17ac7531-717c-4914-9dc9-caa14a849ad5","2020","59d569cb-cb6d-4402-899d-c984effc6b5b","Agricultural marketing reform and indices","","","","","","",""
"tag","d4595615-cb74-41b0-a2b6-8f8c2f389797","2020","59d569cb-cb6d-4402-899d-c984effc6b5b","Agricultural marketing reform and indices","","","","","","",""
"tag","dbc30a1a-0693-45ed-b1d2-0e8855add200","2020","5b888ec9-1569-4ed0-b723-9e551c5b2989","Agro-meteorology, rainfall and instruments","","","","","","",""
"tag","265482c4-76eb-4ebd-b3b0-132b736b3ddf","2020","5dbf06cd-9975-4aed-b9a2-c480190d381b","Bank fraud prevention and early warning","","","","","","",""
"tag","aaed2570-c54d-456b-82fc-6ff81f4d50e0","2020","5dbf06cd-9975-4aed-b9a2-c480190d381b","Bank fraud prevention and early warning","","","","","","",""
"tag","9916dfe4-89ce-4534-be7c-525b0738207d","2020","6010004a-bf6d-4db6-9487-7f32107d4d1f","Plantation crop management","","","","","","",""
"tag","ad2768cd-5425-464c-9522-068f6249e3f4","2020","606d4b80-5d4a-d093-d000-3fe8ec208fc9","Data sufficiency with numbered statements","","","","","","",""
"tag","63b4a88d-8b4a-4421-9483-ea07aacfa5fc","2020","606d4b80-5d4a-d093-d000-3fe8ec208fc9","Data sufficiency with numbered statements","","","","","","",""
"tag","172113e1-d938-4474-990b-167554477223","2020","60ac26fb-8223-4672-9303-d9bf13382889","Rural roads and PMGSY","","","","","","",""
"tag","3ddb0888-d78a-4ded-86de-ff6802327d30","2020","61c4b3c3-5391-41c0-99c5-ee6ba3111979","Agricultural trade and export policy","","","","","","",""
"tag","72681319-8fa6-428a-95a7-9da21024a650","2020","638f1a41-9d72-4325-8986-dac31e30e02d","Networking devices","","","verified","","","",""
"tag","8b1a4163-88db-43ec-8200-eb417ae0173d","2020","644ad60a-a652-4609-870a-5ec437e0b2a0","Soil classification systems and soil orders","","","","","","",""
"tag","c1788aaa-a625-4152-91f6-ac9eef47eeed","2020","644ad60a-a652-4609-870a-5ec437e0b2a0","Soil classification systems and soil orders","","","","","","",""
"tag","e39b51ad-0961-42b4-b56f-31c597a3af97","2020","652eb8c7-a25a-48c1-b51d-ddf64f8ede1b","Family tree puzzle with generations","","","","","","",""
"tag","4934ebe6-a746-4be9-9191-47a49f8278e4","2020","65c6b4bb-b6fc-4351-a9ea-e09a179d12da","Public sector bank reforms","","","","","","",""
"tag","4ec5d053-97f3-4a99-8afd-f4e69cf8b4b5","2020","65c6b4bb-b6fc-4351-a9ea-e09a179d12da","Public sector bank reforms","","","","","","",""
"tag","577f17ff-5f50-439f-b027-6bd7bbebac14","2020","65c6b4bb-b6fc-4351-a9ea-e09a179d12da","Public sector bank reforms","","spot_check","","","","",""
"tag","db58b89e-d8c0-42dd-b28f-79b21d654948","2020","6693626c-4ed5-45f9-ae4a-150f7d7d0489","Panchayati Raj institutions and rural governance","","","","","","",""
"tag","ec9c4904-d8f6-4e71-8b0b-382784f206b9","2020","6886047d-8a37-4358-a794-10776d047ada","Internet protocols and addressing","","","verified","","","",""
"tag","f4531ad0-16e4-479e-800b-c4e157762398","2020","68fbeaa4-4246-47f0-a9ce-cbd54986c9ba","Aspirational Districts Programme","","","","","","",""
"tag","08663dc9-b5b4-4d9b-a588-11193f41810a","2020","691d05b7-bfdf-47d2-ac5e-36b937f2d3f6","Post-harvest storage, grading and losses","","","","","","",""
"tag","1a0bbb7d-924d-4bbe-8ddc-6d595bacda5e","2020","6f182884-0443-48e2-ad72-601b4ad101ab","DAY-NRLM, self-help groups and rural livelihoods","","","","","","",""
"tag","498d889d-48ea-486e-a66f-ef8c85dd908d","2020","6f182884-0443-48e2-ad72-601b4ad101ab","DAY-NRLM, self-help groups and rural livelihoods","","","","","","",""
"tag","96c140fc-6ab3-4adc-8ead-137ee9b346fc","2020","75791278-f076-4df9-8099-e6456ff02b77","Pension schemes for unorganised workers and farmers","","","","","","",""
"tag","241321bb-eb50-48df-b2e5-a72aece033bc","2020","75791278-f076-4df9-8099-e6456ff02b77","Pension schemes for unorganised workers and farmers","","","","","","",""
"tag","b70e0a40-d7a2-470f-bc1b-a15f10bf7516","2020","76e93455-6950-4881-9bcb-4552928a42b9","Network topologies","","","verified","","","",""
"tag","afc66ecf-02df-4412-a092-f0270cd02521","2020","77c5282e-d8c6-4881-88fb-965c0efc5891","Crop physiology and productivity","","","","","","",""
"tag","a4124706-2f44-4d38-82ce-2fa28335bf04","2020","77d11d05-45e8-4a8f-a30c-25d1bb402ecb","Crop production statistics and leading states","","","","","","",""
"tag","867dc5bf-fa85-4df3-8d07-d64b89e5f7a5","2020","77d11d05-45e8-4a8f-a30c-25d1bb402ecb","Crop production statistics and leading states","","","","","","",""
"tag","b5a0fd7c-d461-4ef4-bc93-2aa43ec4d32d","2020","77d11d05-45e8-4a8f-a30c-25d1bb402ecb","Crop production statistics and leading states","","","","","","",""
"tag","39a415b3-3a2c-45d6-91c5-7484ea9ba009","2020","77d11d05-45e8-4a8f-a30c-25d1bb402ecb","Crop production statistics and leading states","","","","","","",""
"tag","c9834b8c-3357-4479-ad4a-5b3a96dd7b92","2020","77d11d05-45e8-4a8f-a30c-25d1bb402ecb","Crop production statistics and leading states","","","","","","",""
"tag","fe86de88-afb7-4103-b86b-39207557c0a8","2020","7c539976-00b4-46cc-9529-2fcd2924c493","Computer fundamentals and basic terminology","","","verified","","","",""
"tag","2302263b-7080-4313-8bad-c4569f130a72","2020","7d94ff40-34f9-47fe-9caa-9eae0dc38116","Mixtures and alligation","","","","","","",""
"tag","24b86503-1e15-4841-8d6e-272d1ad921ae","2020","7e24fbed-8ce4-4cf1-946e-4f8e430b8e44","MGNREGA","","","","","","",""
"tag","dd264a69-1679-4930-adda-81fe352b293b","2020","7e50d38b-7732-4446-8519-b4089ca994ac","Web browsers and browsing privacy","","","verified","","","",""
"tag","23afc14a-7d64-4b56-9787-39f3b6ff71f2","2020","82ddc866-0fc6-4c1c-9233-b40b3a1b0c58","Cattle breeds","","","","","","",""
"tag","5f0ecea1-aaac-422d-8685-46510998aa00","2020","858ee570-f7d8-48c3-8f58-9248f8e4200a","File and folder management","","","verified","","","",""
"tag","5d1ca1cc-7e1b-4784-8b12-311c61b7ab67","2020","877cb0e3-c1c7-4158-a635-690eb035a72c","Irrigation projects and command area classification","","","","","","",""
"tag","0820201b-da19-49ed-8778-ae97f21f8c5c","2020","877cb0e3-c1c7-4158-a635-690eb035a72c","Irrigation projects and command area classification","","","","","","",""
"tag","140e18d4-ced7-4be0-8171-0948b45ae2f1","2020","88076255-4d18-4da2-9791-782e06adf825","Right to Education Act","","","","","","",""
"tag","056a78c8-2c7f-4b9f-b625-15de99c837dc","2020","89b27d9f-7081-4930-9186-c41b93349e1a","Number series ΓÇö multiplicative and mixed patterns","","","","","","",""
"tag","65d56f6e-fc46-4bdc-8534-99563208bf9d","2020","89b27d9f-7081-4930-9186-c41b93349e1a","Number series ΓÇö multiplicative and mixed patterns","","","","","","",""
"tag","add11ab6-47dd-43a6-9b92-4189e83f91d2","2020","89b27d9f-7081-4930-9186-c41b93349e1a","Number series ΓÇö multiplicative and mixed patterns","","","","","","",""
"tag","bd5c42ae-d7ae-48ef-9f25-7cdd94342cda","2020","8a64f844-7e04-436c-ab9a-5fa2e9ceb99d","Housing finance and house price indices","","","","","","",""
"tag","9c138f69-d618-412b-8d49-c9c9a652f2ab","2020","8a8a6a97-f141-4f6b-aa19-b9c277bba87c","Farm implements and mechanisation","","","","","","",""
"tag","55818f8e-4668-4568-b4e0-0f4b5f1c842f","2020","8a8a6a97-f141-4f6b-aa19-b9c277bba87c","Farm implements and mechanisation","","spot_check","","","","",""
"tag","a3b769a2-f4b5-46c2-a533-63032dd65404","2020","8aed2166-9ae9-4125-8e4b-ca0c82bd3f27","Multilateral development banks and the IMF","","","","","","",""
"tag","29edde6c-9fec-4adb-812c-e9828468938c","2020","8bf48843-7b68-4295-9097-6087e269eb01","Climate change initiatives in agriculture","","","","","","",""
"tag","c66ed85f-f21f-4972-9056-8d5f400d4364","2020","8d5f6ccc-0a62-47df-8c75-c1d5240fc43f","International economic forums and summit declarations","","","","","","",""
"tag","a44c0b49-4bae-446a-bdb8-24286ba6d5d4","2020","8e1188ee-6b95-4ef3-889a-02c6a00cde57","Rural waste management and bioenergy","","","","","","",""
"tag","c9d4be28-58ed-4b7b-937b-73e409ab53b2","2020","90a4700b-5c25-481c-a0b0-07b51e1dc28c","Letter and digit pair counting","","","","","","",""
"tag","142f28ab-e807-4b59-9988-a1a41da21b43","2020","91eef3ac-470a-4602-81fe-92922a5ec30c","Soil physical properties and soil moisture","","","","","","",""
"tag","aea0447c-9b69-4ac1-80ea-29b75f40028e","2020","91eef3ac-470a-4602-81fe-92922a5ec30c","Soil physical properties and soil moisture","","","","","","",""
"tag","8b1cda8f-5dd2-4f19-a9ce-590e26c7a71e","2020","98d49687-d96b-e39c-24b2-4889fc64d54a","Word-substitution message coding","","","","","","",""
"tag","23d5448a-3e7e-4956-af57-c6e13404ee70","2020","98d49687-d96b-e39c-24b2-4889fc64d54a","Word-substitution message coding","","","","","","",""
"tag","570af78f-8f93-40b1-97b3-05645dcd8829","2020","98d49687-d96b-e39c-24b2-4889fc64d54a","Word-substitution message coding","","","","","","",""
"tag","ab6606a7-f72f-43f1-a0c6-b0100ad6b24f","2020","99cce517-c7b0-4f01-9ef2-b1c75569bae7","Livestock and poultry diseases","","","","","","",""
"tag","40e80d66-8bac-4a2c-9a1f-1cf977072851","2020","9a47e1ff-bf0f-4e89-b7c7-82657dad304e","Livestock and dairy development programmes","","","","","","",""
"tag","1bc323ec-bfe5-446e-93ab-b950e80c1bab","2020","9a47e1ff-bf0f-4e89-b7c7-82657dad304e","Livestock and dairy development programmes","","","","","","",""
"tag","43cd2efd-7436-47ea-aa82-0123e58877ce","2020","9a74f982-0866-4eba-a6e9-1c8361e0837c","Input devices and pointing hardware","","","verified","","","",""
"tag","37132707-054d-40bf-8426-ef4c633f85f7","2020","9a74f982-0866-4eba-a6e9-1c8361e0837c","Input devices and pointing hardware","","","verified","","","",""
"tag","48e8ff95-f520-4b81-a01f-d7b8a4bdac68","2020","9b195905-5d1c-467c-bbc4-c9ab118ecc20","Firewalls, phishing and safe computing","","","verified","","","",""
"tag","5466647f-7129-4bc7-9d85-f3acac2d05c6","2020","9c5607da-8834-4331-9fe3-9b3518a0a493","Rurban clusters and rural cluster development","","","","","","",""
"tag","1ce43dd2-371e-481d-a358-4580e63c8af4","2020","9cc0f630-ab4f-4a0a-b5b2-9212f18af346","Sentence-level correctness selection","","","","","","",""
"tag","c7f88977-eb6a-4188-b550-69000a5862f9","2020","9d57686e-05d4-4900-92f9-6c795494a8b4","Poverty measurement and multidimensional poverty","","","","","","",""
"tag","90d342f7-13b6-45ed-b752-1fa2c509c779","2020","9ea559c5-2c7b-49b4-8ab0-98938fd471df","Simple and compound interest","","","","","","",""
"tag","7be1cc2e-a3d7-45e4-a3f6-3d77fe50a1b8","2020","9f0a4265-4d8f-417c-8cf7-686e86ee2f72","Printers, printing metrics and display hardware","","","verified","","","",""
"tag","6d306d76-f2df-41cc-94f7-f6a31e0c26f7","2020","9f0a4265-4d8f-417c-8cf7-686e86ee2f72","Printers, printing metrics and display hardware","","","verified","","","",""
"tag","94e5ed63-8f8f-4574-89cc-85b00c0c98ef","2020","9fa06a82-fffa-48e5-8d9c-f712dfed4e93","Poverty alleviation packages and Garib Kalyan schemes","","","","","","",""
"tag","04d2f03c-6d63-448c-b9ad-c4ee16535d80","2020","a0b3ccef-9ea8-4bce-9a3d-1eacb5cfe165","Balance of payments and the external sector","","","","","","",""
"tag","f98eff6a-b6fa-4747-86ff-ef4d57db18ba","2020","a4080599-f494-4ece-9642-8c11fa396d1a","NABARD, RIDF and development finance","","","","","","",""
"tag","ddf1df88-6841-44b4-b6fa-1fc8f2659986","2020","a73b4af1-fb46-41dd-9d25-1cbb815f91cb","Global risk and outlook reports","","","","","","",""
"tag","3d44ff58-eeef-4899-a0ea-6dd57aee2e8f","2020","a83152d6-a96e-48f8-acdd-e167db03adb9","MGNREGA design, entitlements and performance","","","","","","",""
"tag","9bbc0742-cad1-4a77-9c6f-1b841ccdb3c8","2020","a8e79dbb-62c4-424f-83dd-56dbf319e539","Skill development and apprenticeship","","","","","","",""
"tag","9dd4a93d-8ba0-48a0-8437-53ce912a65a3","2020","a8e79dbb-62c4-424f-83dd-56dbf319e539","Skill development and apprenticeship","","","","","","",""
"tag","f1972962-efa8-4b56-8d19-991839351264","2020","a8e79dbb-62c4-424f-83dd-56dbf319e539","Skill development and apprenticeship","","spot_check","","","","",""
"tag","d14b9544-6980-4443-917a-134f86f35f76","2020","a8e79dbb-62c4-424f-83dd-56dbf319e539","Skill development and apprenticeship","","","","","","",""
"tag","b7323c42-474e-479d-867e-b44d6cdc037f","2020","aa8c299f-4a40-4d5c-84f4-7d424c99228c","Plant propagation methods","","","","","","",""
"tag","c84fe8e7-2c30-4e5e-8b4e-480abbd3b870","2020","aaf95cbb-9b3e-4685-8cf6-4dee4ab48ef2","Network types and scale","","","verified","","","",""
"tag","7dd70d0b-9177-4f58-a335-b023c513c8d3","2020","af53b54e-1844-450a-b3e2-e16020be4533","Industrial policy and manufacturing","","","","","","",""
"tag","f93139b6-f80f-4ad1-8f5c-2527972098a4","2020","afe864dd-13da-4bb1-a63e-afceaa14fe6a","Crop production estimates and agricultural statistics","","","","","","",""
"tag","7a2cc12c-9d7a-410c-8dab-12c2781a7ce1","2020","b039be16-869c-45c4-8272-17254bd701d7","Public debt and external liabilities","","","","","","",""
"tag","152746fe-6afd-421e-86d7-0614c4a8e578","2020","b2b889f0-5310-23a4-a50c-daa504f0afe7","Logical Order","","","","","","",""
"tag","ad736c73-a1db-44d4-bb2d-7b2a8d6a0aa6","2020","b2b889f0-5310-23a4-a50c-daa504f0afe7","Logical Order","","","","","","",""
"tag","4f58a3c2-1f20-4a2c-8cc8-9bd3e48840f7","2020","b2b889f0-5310-23a4-a50c-daa504f0afe7","Logical Order","","","","","","",""
"tag","114d7800-f337-4ad2-84bd-33cad46da5f8","2020","b2b889f0-5310-23a4-a50c-daa504f0afe7","Logical Order","","","","","","",""
"tag","8f7c26e8-ba5b-4745-8120-db6b9495fbfd","2020","b2b889f0-5310-23a4-a50c-daa504f0afe7","Logical Order","","","","","","",""
"tag","9aafc3ad-df69-47e5-b131-7ff0fa7b4de4","2020","b2b889f0-5310-23a4-a50c-daa504f0afe7","Logical Order","","","","","","",""
"tag","7585157d-64b2-4223-b1a6-e2b6ec1c6cab","2020","b2b889f0-5310-23a4-a50c-daa504f0afe7","Logical Order","","","","","","",""
"tag","a62c51c1-1256-4a4e-a890-f2d6d37bf4c9","2020","b2b889f0-5310-23a4-a50c-daa504f0afe7","Logical Order","","","","","","",""
"tag","256c831a-ed4f-4a78-a3ba-f33d2795c947","2020","b321c194-cd25-4d6a-add2-272ac27075cb","Commercial and fibre crops","","","","","","",""
"tag","708e8639-28f5-4058-a03a-7649a3f83ac7","2020","b84af26b-d828-4c6b-adcd-3d59f6e7187d","Contract farming and market reform","","","","","","",""
"tag","191cdc03-b9aa-437d-9eab-2e6d2f719338","2020","b89cdc5c-bd1b-413a-b94c-8ac0370a496e","Agricultural revolutions","","","","","","",""
"tag","a00625b9-6cf5-4d78-92cc-c81952e4c1a5","2020","ba50fea4-a0f8-4254-9e5c-dbd2046eacdc","Alphanumeric and mixed series","","","","","","",""
"tag","a3b83345-a623-4fef-8558-3501956dec4f","2020","bacb7cab-d3dc-4e4d-85f1-f8a9b2263d20","MS Word ribbon, tabs and shortcuts","","","verified","","","",""
"tag","a7238249-56a8-4682-95bc-2aaa70f4f039","2020","bb343a30-e26e-474a-9ab7-6ecab8e6931b","Partnership and profit sharing","","","","","","",""
"tag","33d7e667-e7cb-44f9-b333-ae2755052b58","2020","bf4bcb8a-87b2-4d3d-a9ac-8616297436c9","Doubling farmers' income and its committees","","","","","","",""
"tag","8a8bc079-4156-41eb-b94c-d96dc11f2833","2020","c059c12d-9ad3-49fd-a46f-8d5795be868c","State and regional economic performance","","","","","","",""
"tag","30bc4eb2-9915-4971-84d5-91af6c4fc43a","2020","c0d24159-25cd-445d-bbc6-728832228351","Irrigation coverage and statistics","","","","","","",""
"tag","1ad734be-940f-45bb-8654-716ccd9c4ad0","2020","c0d24159-25cd-445d-bbc6-728832228351","Irrigation coverage and statistics","","","","","","",""
"tag","f4f5f188-dad4-405c-9fab-22a2b83ab971","2020","c1faeb38-3982-4810-a1fb-3c9dedb97cce","Dairy physiology and milk production","","","","","","",""
"tag","90628e9e-7243-4064-a25e-2348a151f9e8","2020","c33c0eb6-4a93-43aa-9dfc-571b43f805b8","Post-harvest physiology, maturity and ripening","","","","","","",""
"tag","6b54a259-b02d-4589-a73b-a0a0424d0f31","2020","c33c0eb6-4a93-43aa-9dfc-571b43f805b8","Post-harvest physiology, maturity and ripening","","","","","","",""
"tag","381c9952-d104-467c-a620-db6c817d883c","2020","c5d44e15-072a-4557-ad7d-f61221fe61c7","Volume and surface area of solids","","","","","","",""
"tag","d395aa2c-0f9d-48e3-a552-3b25dddb7bf2","2020","c5dad17a-4e02-4d2e-9dc2-2734e2313497","Tribal residential education","","","","","","",""
"tag","f5e0f6df-d75c-426e-8cb2-90593b13bcba","2020","c6ebe13d-7510-4c1e-95fa-74ea2b14f4e4","Mushroom cultivation","","","","","","",""
"tag","1d55b178-1ac4-4a82-a5c2-5d43b910af51","2020","c862456b-d22b-45b5-9150-d9d1f21eb0c6","Global indices and India's rank","","spot_check","","","","",""
"tag","ca3df00a-0e4b-4101-b8d4-ac2dab79ccbd","2020","c862456b-d22b-45b5-9150-d9d1f21eb0c6","Global indices and India's rank","","","","","","",""
"tag","744307db-016a-4c37-98a6-b77c2cd0476f","2020","c91ecdcc-7fc9-4d23-b3b7-9122ce81cf9a","Multi-blank passage cloze","","","","","","",""
"tag","ae335caa-eed3-4d8e-8e44-106aecce5d72","2020","c91ecdcc-7fc9-4d23-b3b7-9122ce81cf9a","Multi-blank passage cloze","","","","","","",""
"tag","8ac5eeb4-534e-46ad-ab03-363a72033597","2020","c91ecdcc-7fc9-4d23-b3b7-9122ce81cf9a","Multi-blank passage cloze","","","","","","",""
"tag","c9f3e769-c22a-4e70-9a02-9e7246a702ea","2020","c91ecdcc-7fc9-4d23-b3b7-9122ce81cf9a","Multi-blank passage cloze","","","","","","",""
"tag","1537c778-0f6d-441b-bcab-7da85f08d1d4","2020","c91ecdcc-7fc9-4d23-b3b7-9122ce81cf9a","Multi-blank passage cloze","","","","","","",""
"tag","60a26813-d6e1-44dd-88e1-d8e7e00466b3","2020","c91ecdcc-7fc9-4d23-b3b7-9122ce81cf9a","Multi-blank passage cloze","","","","","","",""
"tag","a90a9b1a-edd2-4f39-8750-8fd17e6da5e8","2020","c91ecdcc-7fc9-4d23-b3b7-9122ce81cf9a","Multi-blank passage cloze","","","","","","",""
"tag","a184c037-676d-47ef-81b6-80d478d76ee3","2020","cb66a58b-08bd-460a-bdef-681731413367","Irrigation, water resources and river linking","","","","","","",""
"tag","79ef94d1-e109-4961-9e8f-3a6caaf07050","2020","cc4e608e-7e27-4c7d-b695-9807b8bdc76d","Crop insurance schemes","","","","","","",""
"tag","479f31bc-86e2-484e-b721-7306d701dcb7","2020","cc9c9016-9240-4d13-956b-830ee380b547","Sheep and goat breeds","","","","","","",""
"tag","83e788f8-802c-4608-a584-2fc09a4c9eef","2020","ccb35433-91ab-4bbe-b188-9cc1671add79","Farming systems and operational land holdings","","","","","","",""
"tag","fdc90363-0565-4e50-b840-305a9211f86e","2020","cd48d660-2fee-415a-8bd5-e6e78324d73c","Linear row ΓÇö single row, one direction","","","","","","",""
"tag","0591cc06-edc5-4392-8281-d9b38a809815","2020","cd48d660-2fee-415a-8bd5-e6e78324d73c","Linear row ΓÇö single row, one direction","","","","","","",""
"tag","061e0875-b0e4-4ca7-81bd-ff313fd36004","2020","cd48d660-2fee-415a-8bd5-e6e78324d73c","Linear row ΓÇö single row, one direction","","","","","","",""
"tag","2e87fdd7-5390-41af-a6f9-6d5c92eab980","2020","cd48d660-2fee-415a-8bd5-e6e78324d73c","Linear row ΓÇö single row, one direction","","","","","","",""
"tag","a6eacb56-3385-4beb-bdd9-c40e93150b37","2020","cd574056-f811-4f7b-8fdd-a4e37d0c9772","Ages ΓÇö present, past and future","","","","","","",""
"tag","d00f61be-5ca0-4f67-a95e-b38ad8361bde","2020","cd8eba60-75a0-420a-b213-8de420de23e2","Plant nutrients, their functions and deficiency symptoms","","","","","","",""
"tag","7095fe5f-0fdb-4735-999f-7cffc994f578","2020","ce23f17b-f621-46b0-bb72-fc926a0be3d4","Tabular data interpretation","","","","","","",""
"tag","17beb2e6-d384-4be2-891a-c08174e2d09f","2020","ce23f17b-f621-46b0-bb72-fc926a0be3d4","Tabular data interpretation","","","","","","",""
"tag","c3f2ca7a-b982-4c68-b64a-87afa691ce76","2020","ce23f17b-f621-46b0-bb72-fc926a0be3d4","Tabular data interpretation","","","","","","",""
"tag","e2a5b310-e2bb-4679-befb-e1fc234d9873","2020","ce23f17b-f621-46b0-bb72-fc926a0be3d4","Tabular data interpretation","","","","","","",""
"tag","9daf87e5-7a53-4f04-8e3b-fcf4d7bf8b28","2020","ce23f17b-f621-46b0-bb72-fc926a0be3d4","Tabular data interpretation","","","","","","",""
"tag","b3dfceb5-5a68-4913-9b58-cd8aa0f8f33e","2020","ce23f17b-f621-46b0-bb72-fc926a0be3d4","Tabular data interpretation","","","","","","",""
"tag","d0b37794-aeae-4bf4-b340-a03113bcea48","2020","d4887bc0-3062-4436-ae79-cacf8c09e0d2","Kisan Credit Card and agricultural credit targets","","","","","","",""
"tag","9f730bee-b14d-44b5-b212-f6dcabf32384","2020","d4887bc0-3062-4436-ae79-cacf8c09e0d2","Kisan Credit Card and agricultural credit targets","","","","","","",""
"tag","80de1779-78a5-4807-8a19-5cacfcd41bdd","2020","d5196064-f334-4725-803a-7e74e1b425f8","Priority sector lending and RIDF","","","","","","",""
"tag","a56ae14e-9d12-487a-9c96-bb50056de837","2020","d9727773-6fbe-6454-fc17-fcca3d466594","Sentence completion with a missing part","","","","","","",""
"tag","2ef7997c-5158-4ef8-a443-34b440c53e30","2020","d9727773-6fbe-6454-fc17-fcca3d466594","Sentence completion with a missing part","","","","","","",""
"tag","64757ef8-e114-4fb1-89d4-d8611f6b25f4","2020","dbed7599-7bab-45e3-ab53-cb8cbb8a1c55","Vocabulary from context within a passage","","","","","","",""
"tag","fc5d949d-cc09-4af7-b499-304616ad994b","2020","dc83f041-e5e3-4adf-89f8-80455cec19f1","Poultry production and management","","spot_check","","","","",""
"tag","ea2cf935-dcc4-4508-b423-4a3deb71559a","2020","dc83f041-e5e3-4adf-89f8-80455cec19f1","Poultry production and management","","","","","","",""
"tag","ce3fbd0f-b709-42ee-a713-89c4af2aea37","2020","dcf342df-0b93-4e2c-91a1-42e0781cd12c","WTO and global trade bodies","","","","","","",""
"tag","ab44af09-94ea-475f-8336-1f672c57672e","2020","e8a7b389-1b01-4024-93a9-e1bf79df8c81","Panchayati Raj and rural governance","","","","","","",""
"tag","38372834-a045-4438-b5c3-b0a8f84407eb","2020","e8cae290-c508-4ad8-a0d5-51f6ad30195e","Street vendor credit and livelihood schemes","","","","","","",""
"tag","37941eb5-8eb4-4efd-bb0d-2894dd67de3e","2020","e9bb182f-0be0-4bc0-9d0b-6aaa76bbeb6d","Rural skilling and livelihood missions","","","","","","",""
"tag","bcb095b9-c95d-44c1-8d86-67540a358aa7","2020","ebdd3a2a-f038-4775-9684-647b6cbbdcbb","Author tone, attitude and purpose","","","","","","",""
"tag","cabecd0b-0765-4af3-ab40-44961fe7bcb3","2020","ebdd3a2a-f038-4775-9684-647b6cbbdcbb","Author tone, attitude and purpose","","","","","","",""
"tag","9701094f-4fd3-4617-af33-1bab2fc49a0b","2020","ebdd3a2a-f038-4775-9684-647b6cbbdcbb","Author tone, attitude and purpose","","","","","","",""
"tag","5c228e44-b328-4d29-9804-0391f1a49c70","2020","ef0541ee-5cd6-4e67-b125-618fed9e6138","Millets and coarse cereals","","","","","","",""
"tag","a8c1aae9-bba5-4d04-bcc9-5f483149641e","2020","ef886720-44b2-4f09-af54-9bcdd10fe69b","Direct income support to farmers","","","","","","",""
"tag","722c42ac-de16-4cfe-8579-5fe11ce58134","2020","f0438d84-6f03-45a4-a48e-44336c8e15e7","National income aggregates and growth estimates","","","","","","",""
"tag","7882adb0-3fe3-48a2-b582-f25d7d07824e","2020","f225f3a4-7ad0-42d8-9ab0-acfbf821f304","Renewable energy targets and efficiency schemes","","","","","","",""
"tag","6fa70b3d-58c0-4379-8fa6-72612450cbf9","2020","f225f3a4-7ad0-42d8-9ab0-acfbf821f304","Renewable energy targets and efficiency schemes","","","","","","",""
"tag","149679d8-9b3c-4639-8edd-006f8dc35d8a","2020","f26292d1-d93f-42fa-863a-7049b5a8663c","Women and child welfare schemes","","","","","","",""
"tag","41866097-7b5d-4875-b16b-75a236c50fdf","2020","f36e118c-31e6-42b2-a5f9-27c3af609569","Food processing and value-chain schemes","","","","","","",""
"tag","02cf1c2f-482d-4694-8426-6d99a7a9641b","2020","f36e118c-31e6-42b2-a5f9-27c3af609569","Food processing and value-chain schemes","","","","","","",""
"tag","8b4b8a1b-0a06-4e85-88a2-844bfd19b6d1","2020","f4ab61e2-cadf-4686-a1c5-50554463f230","Meaning of an idiom in context","","","","","","",""
"tag","a912b048-9532-42ae-bc00-f227251a6b2c","2020","f4ab61e2-cadf-4686-a1c5-50554463f230","Meaning of an idiom in context","","","","","","",""
"tag","d9efb4d0-31be-42ab-9237-cfd4ac883e42","2020","f4ab61e2-cadf-4686-a1c5-50554463f230","Meaning of an idiom in context","","","","","","",""
"tag","69a512c4-9bd7-45d7-99f4-dde164e80ef8","2020","f62fb498-ea86-49f8-8bc3-4f77c9a485d6","Relation with gender ambiguity","","","","","","",""
"tag","e7b86296-855e-4330-af32-ca6db6e5d59a","2020","f6a36919-07e6-46a8-ae43-e3c13d549c98","Discount and marked price","","","","","","",""
"tag","dd5432bd-a184-41eb-99a4-26fa1b697cc7","2020","f70ed015-3c73-47a4-bd11-b2ec35338ff0","Doubling farmers' income","","","","","","",""
"tag","4f5ad942-a160-4ae6-8c31-6a2a710555b1","2020","f7deb105-9d9d-49b6-a74a-d4f431e10c0c","Constitutional amendments and reservation","","","","","","",""
"tag","6e3add54-61b4-48a4-8cb3-9f61863f1a4b","2020","fa731497-39a6-49f8-b3ff-e0f3bb19cb96","Union Budget provisions and taxation","","","","","","",""
"tag","e20efba4-89f0-48b0-ab0e-0b68fa971a69","2020","fa731497-39a6-49f8-b3ff-e0f3bb19cb96","Union Budget provisions and taxation","","","","","","",""
"tag","5e9aae9a-15df-4281-a965-51b8bedfe1f3","2020","fac566e1-1cba-4017-9733-f13cc31b1aa6","National Infrastructure Pipeline and project dashboards","","","","","","",""
"tag","a934b717-7dea-4917-b394-782fc9d88d6a","2020","fac566e1-1cba-4017-9733-f13cc31b1aa6","National Infrastructure Pipeline and project dashboards","","","","","","",""
"tag","8e5fac89-bdc4-49f5-9dae-442a4c80166f","2020","fac566e1-1cba-4017-9733-f13cc31b1aa6","National Infrastructure Pipeline and project dashboards","","","","","","",""
"tag","f3f7e553-754a-4ce4-acd3-2ccd463aad4f","2020","fcf38506-9e51-4dca-bdbe-878b006d780a","Crop diseases and their causal agents","","","","","","",""
"question","04ca7e12-2831-4be9-9330-22369a656ac8","2021","1","Q.1) Ramesh is from which of the following states?","","spot_check","","","","",""
"question","cf327aac-a2d0-42c8-9684-778646916a3a","2021","1","Q.1) How much amount has been allocated under the Swachh Bharat Mission Urban 2.0?","","spot_check","","","","",""
"question","e3840855-c7b0-4170-8409-7e6b63338437","2021","1","Q.1) As per recently released “2nd advance estimate of area and production of Horticultural crops for the year 2020-21”, which state has the","non_ascii_suspect","flagged","","","","",""
"question","6971a72f-d713-401f-ba76-8d5324292b26","2021","2","Q.2) Which of the following combination is true regarding the given options?","","","","","","",""
"question","69babdfb-a5d0-4f55-812d-38b379dceed4","2021","2","Q.2) Under MUDRA Scheme, what is the maximum loan amount that can be offered to a borrower?","","","","","","",""
"question","344783a0-3061-42f0-8665-3be8c0c503c0","2021","2","Q.2) Which one of the following portals has been launched to provide information on horticulture assessment management using Geoinformatics?","","spot_check","","","","",""
"question","51e44550-6f2f-46d8-9a63-f7dc31fd1ff3","2021","3","Q.3) If Lovish is related to Odisha, Rajesh is related to Kerala in the same way to whom is Tapesh related to?","","","","","","",""
"question","4ec3b9ec-c0ca-421b-8e4a-8dd6d0641ef6","2021","3","Q.3) Which among the following ministries is/are headed by Shri Piyush Goyal? 1) Ministry of Commerce & Industry 2) Ministry of consumer aff","","","","","","",""
"question","fbadd367-ee5e-4ba5-99fc-75d4d410b83d","2021","3","Q.3) As per recently released 2nd advance estimate of area and production of horticultural crops for the year 2020-21, what is the horticult","","","","","","",""
"question","93dfd0a5-9aab-4d14-acc7-783445ee2d42","2021","4","Q.4) The one who is from Goa lives on which of the following floor?","","","","","","",""
"question","adca588f-8808-46f3-a0d0-eb1c6242f589","2021","4","Q.4) Recently, India’s new National Education Policy (NEP) 2020 is set to replace the 10+2 schooling system in India with a new _____ system","non_ascii_suspect;suspicious_repeat_char","flagged","","","","",""
"question","f6624695-c999-4b71-99ec-08f2691c564d","2021","4","Q.4) Which of the following Indian state is the first to become completely organic?","","","","","","",""
"question","e5d6d5f6-29ed-4712-ab16-80ce76fb9759","2021","5","Q.5) Which statement is not correct according to given information?","","spot_check","","","","",""
"question","d0ca825a-3721-4f4b-9e09-8b471aa5a76d","2021","5","Q.5) Under the MGNREGA Scheme, the duty of Programme Officer (PO) is to ensure that anyone who applied for work gets employment. What is the","","","","","","",""
"question","c646bbbe-66df-49ac-a923-e30780556cf5","2021","5","Q.5) Which of the following scheme is associated with organic farming in India?","","","","","","",""
"question","103253af-51a8-44da-82bd-0473c454f315","2021","6","Q.6) Who among the following sits diagonally opposite to S?","","","","","","",""
"question","a04be00a-2eab-4275-92b3-46077c692101","2021","6","Q.6) As per recently released, “INDIAN EDUCATION SECTOR IN INDIA INDUSTRY REPORT”, India’s Online education market is forecasted to reach th","non_ascii_suspect","flagged","","","","",""
"question","beb52192-3ea4-447e-9c96-ccccd5311e81","2021","6","Q.6) Which amongst the following states has largest area under organic farming?","","spot_check","","","","",""
"question","08233e36-b872-4b02-85bd-83402b78a2bb","2021","7","Q.7) Who among the following sits third to the left of U?","","","","","","",""
"question","bf3471e7-e05e-4c71-84e1-5e53fc748dd4","2021","7","Q.7) Identify the act mentioned in the above passage","","spot_check","","","","",""
"question","dd568558-47b3-41d8-9fd6-c291bae84dc6","2021","7","Q.7) Which of the following is the single largest category of crops under organic farming in terms of commodities?","","","","","","",""
"question","1a11f632-d2f5-4a06-b0b1-c8b310f14983","2021","8","Q.8) Who among the following faces X?","","","","","","",""
"question","81503a00-bee8-4525-8a5b-79c40b5cd044","2021","8","Q.8) Which section of the Act mentioned in the above passage has been amended?","","","","","","",""
"question","7b181ec8-1a4c-4d41-ba88-64308e2b8e21","2021","8","Q.8) What is the name of process where the plants are isolated and acclimatized to the climate where they are grown?","","","","","","",""
"question","d81d49b3-faaa-4dd5-90ae-5093c004dcda","2021","9","Q.9) Four of the following five form a group, which among the following does not belong to this group?","","spot_check","","","","",""
"question","7a62da4b-2ebb-41e8-b4ba-015af96ff9df","2021","9","Q.9) Which of the following statements related to above mentioned act is correct? 1. The act will not be applicable to Primary agricultural ","","","","","","",""
"question","2599ed43-744a-43af-a6ea-6620b853b5e0","2021","9","Q.9) The Branch of Agriculture that deals with management of soil and water is called as?","","","","","","",""
"question","b9f64bc3-fcee-48b7-a6d6-a005ab9437f8","2021","10","Q.10) How many persons sit between Y and J?","","","","","","",""
"question","4ff93830-5926-4f9e-afd4-985f6554b467","2021","10","Q.10) The scheme envisions to help mitigate catastrophic expenditure on medical treatment on which among the following: 1) covers up to 3 da","","","","","","",""
"question","56508bf4-a777-42b6-85a9-074ac406d2be","2021","10","Q.10) The practice of forestry in areas devoid of tree growth and other vegetation situated in places away from the conventional forest area","","spot_check","","","","",""
"question","e469c10f-2cbf-4448-a8a7-3a7c20da521c","2021","11","Q.11) On which day play N is to be performed?","","","","","","",""
"question","ab6981db-b3ff-4cf5-a81a-1a35ca57091e","2021","11","Q.11) Which among the following statements are not correct: 415 | P a g e 1) There is a Restriction on the family size, age or gender. 2) Se","","spot_check","","","","",""
"question","414da08b-6a53-40ec-88ad-df76557bde75","2021","11","Q.11) Which of the following schemes has been formulated with the vision of extending the coverage of irrigation and improving water use eff","","","","","","",""
"question","e05ec12c-6d74-4723-b9ed-50783d4fb712","2021","12","Q.12) Which play is to be performed on Monday?","","","","","","",""
"question","c8987617-2300-4b11-a5f8-5e0bfa50d54f","2021","12","Q.12) Which among the following are the beneficiaries of the schemes mentioned the above passage 1) Home-based worker and Tailor 2) Construc","","","","","","",""
"question","69338860-69c2-457b-92be-9487faf93144","2021","12","Q.12) Name the mobile app recently launched by government in order to facilitate the ‘One Nation-One Ration Card’ system in the country with","non_ascii_suspect","flagged","","","","",""
"question","05ca4862-64ad-4f4a-91ac-3ba28f835837","2021","13","Q.13) Statement: All Hero are Zero. Some Hero are Actor. All Actor are Dancer. Conclusion: I. Some Hero are Dancer. II. Some Actor are Zero.","","","","","","",""
"question","c268c1e1-6dfb-4f02-9ff9-991963e1b34b","2021","13","Q.13) Which among the following is/are not one of the pillars of the policy mentioned in the above passage? 416 | P a g e","","","","","","",""
"question","52f76edd-ef63-46c2-a389-5074a7f37043","2021","13","Q.13) Soil that comprises of both sand, silt and organic matter is termed as................","suspicious_repeat_char","flagged","","","","",""
"question","3c082f86-bb0d-49a1-a958-157a5fb3dd69","2021","14","Q.14) Statement: All Pet are Dog. No Dog is Cat. Some Cat are Animal. Conclusion: I. No Cat is Pet. II. Some Animal can be Dog.","","spot_check","","","","",""
"question","81155e44-5800-415e-9551-4e517dbf6342","2021","14","Q.14) The Union Cabinet chaired by the Prime Minister Shri Narendra Modi approved the National Education Policy 2020 which is aligned to the","suspicious_repeat_char","flagged","","","","",""
"question","baff7cd4-39b7-4517-aa4d-1f871ecce06e","2021","14","Q.14) What is the cropping pattern of Sugarcane with a short span crop orop that can be harvested even before Sugarcane reaches maturity?","","","","","","",""
"question","e04edd0b-45a1-4c5b-98d8-d138ada5bdbb","2021","15","Q.15) Statement: Every Brown is Horse. No Brown is Key. Some Brown are Red. Conclusion: I. Some Red are not Key. II. Some Horse are not key.","","","","","","",""
"question","2c43841f-02c8-4f33-8632-d9bf27228f39","2021","15","Q.15) Which of the following statements is correct in relation with UNICEF data on child education during pandemic? 1) 5-6 hrs of online edu","","","","","","",""
"question","8a2a44f7-699c-46dd-8e4d-e36737f6fae2","2021","15","Q.15) In which form of tillage is the soil left undisturbed from harvest to planting except for nutrient injection?","","","","","","",""
"question","ff6b282d-43f6-416a-b364-37e6c2fef95d","2021","16","Q.16) What is the code for ‘Dirty’?","non_ascii_suspect","flagged","","","","",""
"question","539e8fcb-d157-4bd8-9a73-fa87ccd550c5","2021","17","Q.17) Which word is coded as ‘ja’?","non_ascii_suspect","flagged","","","","",""
"question","45993b7e-2748-4d87-b816-3347eb45e21e","2021","18","Q.18) Statements: A > B > C; B < F = J Conclusion: I. A > F II. J > B","","","","","","",""
"question","144b3ab9-1dd3-4e0e-9d89-f39f0fb1bf9d","2021","19","Q.19) Statements: A > B = W, A = C > O Conclusion: I. O ≥ B II. B > O 23 | P a g e","non_ascii_suspect","flagged","","","","",""
"question","538b0a78-06aa-4c64-bf74-f8087556431c","2021","20","Q.20) Statements: O < F = J < A < I = K Conclusion: I. A > O II. K > F","","","","","","",""
"question","b0d23dc8-e319-4bc3-b450-cd88ead7c5e3","2021","21","Q.21) Which of the following best describes the author's position in relation to a permanent seat in the UN Security Council?","","spot_check","","","","",""
"question","a42a3da0-d7a1-4656-97ab-7f69a60344be","2021","22","Q.22) Which of the following phrases most logically substitutes the phrase 'lingering vestiges of dominance'?","","","","","","",""
"question","dee865ef-584e-46da-8b56-64992ed4228c","2021","23","Q.23) The author's attitude can be best described as-","","","","","","",""
"question","54096259-8a98-48a7-99cf-075fdd9d7fda","2021","24","Q.24) Which of the following CANNOT be inferred from the information given in the passage?","","","","","","",""
"question","e077e82e-cfae-4044-b169-828312cc596c","2021","25","Q.25) Which of the following, if true, would undermine the author's argument in the last paragraph?","","","","","","",""
"question","11d8c0ec-74a9-4108-93f2-23779e0d7fef","2021","26","Q.26) Fill in the blank","","spot_check","","","","",""
"question","6c68ac19-fa11-40a8-9f51-a93a2c1757ca","2021","27","Q.27) Fill in the blank","","","","","","",""
"question","453e2789-f8bd-4bd7-8b03-5b8c8b4f1775","2021","28","Q.28) Fill in the blank","","","","","","",""
"question","05c13c40-2fad-401f-9397-1344a0a31e1d","2021","29","Q.29) Fill in the blank","","","","","","",""
"question","a22932f3-424c-4188-9fb2-86a19fd42d05","2021","30","Q.30) Fill in the blank","","","","","","",""
"question","cdfea42f-b084-4fe6-a647-9355a5e69095","2021","31","Q.31) Fill in the blank","","spot_check","","","","",""
"question","a2fec4b8-0d5a-4422-9664-560be984dfc2","2021","32","Q.32) Fill in the blank","","","","","","",""
"question","fb9a75c5-9f2e-4021-ab96-fe35e2ec5f3d","2021","33","Q.33) (1) Coordination is necessary for all social activities, whether good or bad. (2) Plato’s Republic is a discussion between Socrates an","non_ascii_suspect","flagged","","","","",""
"question","1bcee6cf-00e2-4a9b-8891-1de1021749b3","2021","34","Q.34) (1) 11th September 2001 was, Beck says the ‘Chernobyl of globalization’. (2) In that where the 1986 explosion of the nuclear reactor d","non_ascii_suspect","flagged","","","","",""
"question","26f2214a-396b-49f5-b897-82a920c597ba","2021","35","Q.35) Corporate culture ideally provides an individual worker with a group as well as an individual identity, encouraging effort towards gro","","","","","","",""
"question","2307e194-17ef-4281-8d1e-8e571d571756","2021","36","Q.36) Grade inflation is a trend where higher grades are increasingly awarded for the same level of academic performance, leading to a rise ","","","","","","",""
"question","46a6b305-9753-4654-9ea7-8dde0b275ae2","2021","37","Q.37) If there is bottled fresh air, can bottled bad air be far behind? The purpose of the two are markedly different - the former aims to h","","spot_check","","","","",""
"question","9bf25b72-a341-486e-8a77-f843ff4c984d","2021","38","Q.38) Last week, after reading an article on the importance of having medical insurance, I was alarmed enough to search for potential medica","","","","","","",""
"question","42cc4c66-234e-4f28-9b75-9adcac138322","2021","39","Q.39) (1) That this policy intervention has started paying dividend is evident from Latin American experiences. (2) For India, which has pur","","","","","","",""
"question","1e486b85-d614-4bac-9caf-befa8bb0bc5a","2021","40","Q.40) 86 | P a g e (1) At the heart of the crisis is the old European liberal consensus that everyone, irrespective of his or her social or ","","","","","","",""
"question","65a49fb4-0a57-4cd9-b5a9-30e9557e0989","2021","41","Q.41) In spite of possessing an enviable _____, rarely does he indulge in ____.","suspicious_repeat_char","flagged","","","","",""
"question","408fe91f-5e6e-4e03-8f33-85c5cb6aebfe","2021","42","Q.42) Abraham Lincoln is known to have ____in his childhood and it is no accident that he went on to become a/an____.","suspicious_repeat_char","flagged","","","","",""
"question","54816637-1bc1-43d4-ac1f-8f90a78c1769","2021","43","Q.43) Which does the author mean by the 'paradoxical nature' of music revivals?","","","","","","",""
"question","84c184c6-163b-4801-b7f1-260511df741e","2021","44","Q.44) Which of the following can be inferred about the core group at the heart of music revivals?","","spot_check","","","","",""
"question","e2a43faa-0ccc-4b3b-8747-94a13912947e","2021","45","Q.45) Which of the following is NOT the reason for the transient nature of music revivals?","","","","","","",""
"question","0ef3ba8b-9c2e-4219-96ca-ccad305226f9","2021","46","Q.46) According to the passage, which of the following is NOT a trait of the musical revival?","","","","","","",""
"question","38220cb7-3bb5-4856-9618-6f70dc1ba4ad","2021","47","Q.47) Which of the following CANNOT be a proper inference based on the information given in the passage?","","","","","","",""
"question","a5288d11-fb0d-41d7-87cf-7428a292923c","2021","48","Q.48) In this weekly ‘homily’, the ____cautioned us against treating anything in creation as _____, since every creation of God has a defini","non_ascii_suspect;suspicious_repeat_char","flagged","","","","",""
"question","88d055ed-e448-488b-8b14-a021c4c7b5fc","2021","49","Q.49) He has a ____nature, but his job requires him to be ______.","suspicious_repeat_char","flagged","","","","",""
"question","7441e502-f502-4b73-a2fa-ad87fda34a23","2021","50","Q.50) In the following question, there are four sentences. Each sentence has pairs of words/phrases that are marked with letters (A) and (B)","","","","","","",""
"question","4c7d432e-701e-432e-80c4-683c7a25c467","2021","51","Q.51) What is the full form of URL?","","spot_check","","","","",""
"question","a675fa48-9c53-4ffb-ab74-84bfee9c3359","2021","52","Q.52) Which of the following options is available in the share ribbon of file explorer in windows 10?","","","","","","",""
"question","560e7790-94d6-4eb4-acc0-455690f9d4c4","2021","53","Q.53) How many holes are there in a VGA connector?","","","","","","",""
"question","2ae68794-8fac-4dbe-96f8-c4905d7e662d","2021","54","Q.54) _____ is found just above the file tab option in MS word. Its purpose is to provide a convenient access to most commonly used commands","suspicious_repeat_char","flagged","","","","",""
"question","cde5d4d5-2cfc-4f97-9764-d6dd91d032ff","2021","55","Q.55) In MS Excel, to reach to the last cell of the worksheet that contains data, which of the following shortcut key is used?","","","","","","",""
"question","8bdf6a98-1f9d-46f6-bf08-df6d4b1b2544","2021","56","Q.56) _____ file operation is simply deleting the file except deleting the attributes.","suspicious_repeat_char","flagged","","","","",""
"question","7c105c68-2648-43bf-9ddf-67ce095ccbd7","2021","57","Q.57) The length of IPv4 address is","","spot_check","","","","",""
"question","876ead89-b00c-4f5a-80e3-9d503e19b374","2021","58","Q.58) ______ is a type of device that acts as the central point among computers and other devices that are a part of a network.","suspicious_repeat_char","flagged","","","","",""
"question","3efb874f-9733-414f-b626-55fe68c6a113","2021","59","Q.59) Starting a computer or a computer embedded device is called –","non_ascii_suspect","flagged","","","","",""
"question","9712aaa9-d0b2-42e9-a58f-409f9c7d0f5d","2021","60","Q.60) Language used in second generation computers is called","","","","","","",""
"question","140a61e1-5209-4422-9e15-90dabe759032","2021","61","Q.61) The ‘Header and Footer’ option in MS-Word is present under which tab?","non_ascii_suspect","flagged","","","","",""
"question","d8041c18-ce48-48f8-9b2a-0f37204a4a2e","2021","62","Q.62) Which of the following registers holds the address of an instruction?","","","","","","",""
"question","5bbb0092-1b5b-4e67-affc-05f65aa964c6","2021","63","Q.63) The difference between the arrival time and the time at which the process first gets the CPU is called _____ Time.","suspicious_repeat_char","flagged","","","","",""
"question","1a6b53d5-abca-4365-a83f-535020beb980","2021","64","Q.64) Which MS excel function calculates the number of days between 2 dates?","","spot_check","","","","",""
"question","c0fce2ef-77d8-40ab-b0a3-c6f8a033de02","2021","65","Q.65) Create, insert and write, preview results and finish are commands found in which tab of MS word 2013?","","","","","","",""
"question","0877f97f-ba62-4500-bac3-2c5f5c2dfdae","2021","66","Q.66) BCC stands for","","","","","","",""
"question","2c3bf592-4302-45a0-b9f1-0c1278e5e0ee","2021","67","Q.67) _____ method can make macros run automatically in MS-excel 2013, once you have done some setup for scheduling a macros.","suspicious_repeat_char","flagged","","","","",""
"question","342da8b5-918a-4171-813f-4dcbe46a456b","2021","68","Q.68) ________type of Column chart in MS-Excel 2013 is like a stacked column. It uses a single bar for each category and subdivides that bar","suspicious_repeat_char","flagged","","","","",""
"question","ca1bcee2-8a30-4318-8eaf-f99d8f1b4862","2021","69","Q.69) ____ contains the code, by executing which the CPU access the very first partition of hard disk when we turn on the computer.","suspicious_repeat_char","flagged","","","","",""
"question","d500d6b7-1fcd-4e43-a228-97597cfdc825","2021","70","Q.70) What is the storage capacity of a dual layered Blue ray disc?","","","","","","",""
"question","e141a5e4-5113-482b-9d50-3a33487faa03","2021","71","Q.71) Pipe A can fill a tank in 36 min. Pipe B can fill it in 45 min. Both pipes are opened together. Pipe A is closed after X min. Total ti","","spot_check","","","","",""
"question","2e51aef4-7493-401f-937d-75937f498f46","2021","72","Q.72) A set has 5 consecutive even numbers. Square of average of last 3 numbers of the set is 420 more than square of smallest number of the","","","","","","",""
"question","1237c232-c219-4e9e-a283-f8ef0741cbf5","2021","73","Q.73) Area of a rectangle is 96 square metre more than the area of a triangle. Length of rectangle is 18 m. Height of triangle is 20 m. Base","","","","","","",""
"question","b4937bd4-89a5-4313-9638-3e40752f6c70","2021","74","Q.74) Vessel A contains 120 litre mixture of milk and water in the ratio 17:7. 40% is poured out into vessel B. Vessel B already contains 10","","","","","","",""
"question","b9929d55-ecbd-4cd1-ae4b-303b8ff5533d","2021","75","Q.75) Ratio of present age of Ranjan and Sanjay is 3:2. Sanjay’s age 8 years hence will be equal to Ranjan’s age 8 years ago. If Irfan is 12","non_ascii_suspect","flagged","","","","",""
"question","6a67633a-b50c-42a9-9011-45201494e094","2021","76","Q.76) Marks obtained by A, B, C = 207. A scores 3/4th of B. B scores average of A, B and C plus 3. Find the ratio of marks of A and C.","","","","","","",""
"question","12b75198-aa30-468c-99d2-c69329944304","2021","77","Q.77) A principal of Rs 10500 is invested in scheme A at Simple Interest at 12% p.a. for 10 years. One-third of the interest earned from A i","","spot_check","","","","",""
"question","278a73d9-51bc-44f9-be61-f7ce884e0832","2021","78","Q.78) (11.99) 1/3 X 124.989 + 407.05 / 10.98 = ?","","","","","","",""
"question","b84bd78d-fb1c-4adf-ac50-5681504d7f08","2021","79","Q.79) 864.02 / 3.99 + 38.05 / 18.98 X 110.01 = ??","","","","","","",""
"question","0018862f-c7b2-4f94-92a8-83e7a30c0504","2021","80","Q.80) 74.998 + 19.99% of 1650.01 / (899.99)0.5 = ??","","","","","","",""
"question","426a108d-f836-45f7-a1a1-1bc2f4ece5a1","2021","81","Q.81) If a boat travels 40 km upstream, it takes 3 hours 12 minutes. Speed of stream is 3 kmph. If the speed of boat in still water in incre","","","","","","",""
"question","2cdabe7c-a702-4001-b35a-3d026014a071","2021","82","Q.82) Find out the wrong number in the below given series: 217, 267, 304, 330, 348, 357","","spot_check","","","","",""
"question","0a7a4b42-6a48-45a5-a84a-3e838671bbbd","2021","83","Q.83) Find out the wrong number in the below series: 177, 190, 205, 224, 249, 283","","","","","","",""
"question","f556c81f-6d60-4ef5-9fad-8aec264c7ec0","2021","84","Q.84) Find out the wrong number: 74, 92, 115, 143, 176, 217, 257","","","","","","",""
"question","7a40b82c-9fe0-4634-a4e4-246876b8f10e","2021","85","Q.85) In 2020, number of males in town B was 80% more than number of females in town C in 2019. What was the percentage increase in number o","","","","","","",""
"question","dc92ccee-e93f-4b03-be14-1d2a03e4bbfc","2021","86","Q.86) Population of males in town D is 13000. Population of females in town D is equal to the average of population of males in A, B, C, D. ","","spot_check","","","","",""
"question","08fc1380-7e00-4bb5-a43c-1b081236325a","2021","87","Q.87) What is the difference between total males in town A & C together and females in town C?","","","","","","",""
"question","1e8f22d7-90da-48dc-909d-d11d5426cd8f","2021","88","Q.88) 5000 males from town C work in an organization and the remaining work in a farm. 20% of males in town C who work in farm like coffee, ","","","","","","",""
"question","a72e684e-ef57-441c-8528-c60072f050bd","2021","89","Q.89) Number of females in town A is what percentage more than number of females in town C?","","","","","","",""
"question","03e08a46-8356-4a82-b238-875283808de9","2021","90","Q.90) The ratio between number of females in town B and number of males in town E is 8:17. What is the ratio between number of males in town","","","","","","",""
"question","25c8f0b8-2b78-41a7-a6c6-d9949a5ae6af","2021","91","Q.91) Which is a structured method of group decision making which allows a rich generation of original ideas, behavioural participation of a","","spot_check","","","","",""
"question","f7a60389-cb45-4399-91fd-26da877b90ff","2021","92","Q.92) With a view to improve the process and outcomes of future decisions decision makers generally assess both outcome of a decision and pr","non_ascii_suspect","flagged","","","","",""
"question","68e91ccd-30c7-46b2-988c-50e1004e871d","2021","93","Q.93) Managers sometimes make decisions based on skills, knowledge & training. Such decisions are known as-","","","","","","",""
"question","830d54b1-ff66-4478-8fcd-d0c1c1ab401d","2021","94","Q.94) Which of the following is an individual level factor that can affect process of decision making in an organisation?","","","","","","",""
"question","d4341137-3e2c-43c3-9e6c-da77260521fe","2021","95","Q.95) Method of determining the root cause of the problem uses Boolean logic to determine cause of the problem in any undesirable event whic","","","","","","",""
"question","45f16e64-902c-49f1-a40f-159ea27010b1","2021","96","Q.96) When a decision making wrongly comprises of two situations because of perceived similarity or evaluates an event without comparing it ","non_ascii_suspect","flagged","","","","",""
"question","c63125f3-8d46-4f43-9589-307b813e31db","2021","97","Q.97) Which decision making theory was put forward, based on how the game of chess is played, and an individual’s relationship with uncertai","non_ascii_suspect","flagged","","","","",""
"question","745c6157-6af5-4b24-ad89-646ff0aab432","2021","98","Q.98) Decision making technique useful in motivating participation in group decisions and which encourages all members to contribute at an i","","spot_check","","","","",""
"question","46ae4d81-6d34-4006-83df-9582cffbf205","2021","99","Q.99) Tendency to maintain things as they are even when that may be significantly less than the optimal is termed as -","","","","","","",""
"question","db04248a-f2fe-48fc-92e2-f60791eb04a4","2021","100","Q.100) Leadership style where leader uses knowledge and past experience to reach a decision without seeking information from others-","","","","","","",""
"question","baa18078-f915-413f-8bb2-ee38123400aa","2021","121","Q.121) Samagra Shiksha is an ambitious programme for the school education till class 12. It was launched in which year?","","spot_check","","","","",""
"question","9ba17358-cf0d-4c29-9eeb-4a6097551d9d","2021","122","Q.122) Which of the following signifies the prime aim of the Beti Bachao Beti Padhao Scheme?","","","","","","",""
"question","e1f9dbce-ff92-4017-8ce7-6154e815a7a8","2021","123","Q.123) Financial Stability Report which contains an assessment of financial sectors in India and also the collective effort of various regul","","","","","","",""
"question","e39b6441-8c5a-42ec-8e25-e9ad7c24b785","2021","124","Q.124) Recently, Union Minister for Finance Smt. Nirmala Sitharaman unveiled EASE 4.0, the Public Sector Bank (PSB) Reforms Agenda 2020 -21 ","suspicious_repeat_char","flagged","","","","",""
"question","26f600a4-f446-45d1-a6f0-0d8452a348a7","2021","125","Q.125) REITs and InvITs are innovative vehicles that allow developers to monetize revenue- generating real estate and infrastructure assets,","","","","","","",""
"question","8e790a5f-49bc-46ef-8a9a-6fb1ace3f21e","2021","126","Q.126) The United Nations Development Programme (UNDP) has launched 'Sahi Disha' campaign to celebrate___________?","suspicious_repeat_char","flagged","","","","",""
"question","34f890b7-33e2-46b5-bb0d-d81c1b410af5","2021","127","Q.127) Ministry of Jal Shakti has prepared plan for transferring water from water surplus region to water deficit region. Identify the first","","","","","","",""
"question","b4ae2209-4fee-4e10-b744-c07007b49f0a","2021","128","Q.128) Ministry of Education has launched a National Initiative “NIPUN Bharat”. Identify the major aims and objective of this scheme.","non_ascii_suspect","flagged","","","","",""
"question","e8fa6b64-bc20-4ddd-86d3-9d0dd5ac1e69","2021","129","Q.129) To tackle menace in Microfinance sector after 2010 Andhra Crisis, identify the committee which has been set up by RBI?","","spot_check","","","","",""
"question","5d58dc89-bae1-4f86-9c7e-cad97bd9100d","2021","130","Q.130) What is the objective of PM KUSUM scheme?","","","","","","",""
"question","e58a6344-9087-421c-a223-1eba6122c392","2021","131","Q.131) Pradhan Mantri Garib Kalyan Yojna launched Insurance Scheme for Health Workers Fighting COVID -19’ was launched to provide comprehens","non_ascii_suspect;suspicious_repeat_char","flagged","","","","",""
"question","362989e7-bc49-460b-b63d-d4d3f73b589b","2021","132","Q.132) The Kisan Credit Card scheme is a Government of India scheme which provides farmers with timely access to credit. It was launched in ","","","","","","",""
"question","d8d2bdd2-8909-40e3-8f0c-a2c00ef9e21d","2021","133","Q.133) Which of the following financial institution satisfies the following condition 1) provide financial services to the unserved and unba","","","","","","",""
"question","da06a4fb-625a-45ef-8d0d-dd7b652cde7d","2021","134","Q.134) With a view to ensure continued availability of credit to agriculture, MSME and housing sectors and to facilitate faster economic rec","","","","","","",""
"question","063fd31a-ccc6-45c2-b9c5-f76909b9e7f1","2021","135","Q.135) Identify the chairman of committee who recommended National Education policy 2020?","","spot_check","","","","",""
"question","9397e03f-cfcb-4552-a867-1c077c27deab","2021","136","Q.136) Which of the following is not one of the features of Agriculture Infrastructure development fund.","","","","","","",""
"question","0474c956-a29c-4691-956b-5ad0eac3a844","2021","137","Q.137) New Educational Policy 2020, has set an aim to increase the Gross enrolment ratio in higher Education including vocational education ","","","","","","",""
"question","52ae5602-c8a9-4ee8-b73e-c67a310a47e8","2021","138","Q.138) As per constitution, article 280 mandates for establishing Finance Commission every 5 year. Identify the date of commencement of 15th","","","","","","",""
"question","b0198099-8750-491a-aa30-5c27dbec9345","2021","139","Q.139) The Union Budget 2021 -22 with focus on Capital expenditure along with a Development Financial Institution is based on how many pilla","","","","","","",""
"question","0a690d51-556c-42e5-abe7-7ccda27d1e04","2021","140","Q.140) The XV Finance Commission has recommended in its recently submitted report that health spending by states should be increased to more","","spot_check","","","","",""
"question","564a2513-7fe3-4393-8f1f-14ded4083177","2021","141","Q.141) Identify the correct statement about ATAL Pension Yojna 1) Applicable to all citizen of India aged between 18-40 years 2) The subscri","","","","","","",""
"question","3a288c45-e2a1-4263-ab2e-81da4f2c7b35","2021","142","Q.142) Analyse the following features and identify the scheme. 1) To provide support to Women Self Help Groups 2) To impart relevant skill t","","","","","","",""
"question","13612355-239e-474e-9fc3-049efa392aff","2021","143","Q.143) Identify the fiscal deficit as per Union Budget 2021-22?","","","","","","",""
"question","b0e7de79-0038-44bf-9336-8a14f4820853","2021","144","Q.144) According to the Union Budget 2021 -22, to promote digital economy, the gross turnover threshold for tax audit has been increased fro","suspicious_repeat_char","flagged","","","","",""
"question","75505edf-4f9c-433d-898f-d83ea14769d3","2021","145","Q.145) Identify the incorrect statement about the Pradhan Mantri Awaas Yojana – Urban?","non_ascii_suspect","flagged","","","","",""
"question","6a2d497e-6fec-4814-8c3c-35826750a726","2021","146","Q.146) According to the Prohibition of Child Marriage Act, 2006, Child age is defined as","","spot_check","","","","",""
"question","d1f22190-045d-4c38-9513-b4d6abf7bac0","2021","147","Q.147) Identify the Incorrect statement about New Development Bank (NDB)?","","","","","","",""
"question","7c866b78-16ec-47be-b87d-e011464d76cd","2021","148","Q.148)Which of the following country is not a member of Shanghai Cooperation Organisation (SCO)?","","","","","","",""
"question","9dbd6b28-aec7-4ec3-bcdc-ed8ffb24f141","2021","149","Q.149) Which of the following country is not a member of Association of South East Asian Nations (ASEAN)?","","","","","","",""
"question","838407a6-e968-4a06-98a7-36f4836a136e","2021","150","Q.150) As per Ministry of Labour and Employment, calories intake corresponding to income, considered for calculating minimum wages per day i","","","","","","",""
"question","16fa9ea4-8f70-446b-be8d-ed5a8c415557","2021","151","Q.151) Which of the following shows the difference between exports and imports of goods and services?","","spot_check","","","","",""
"question","82d19cd7-018c-4b11-8f41-bacfcfb4860d","2021","152","Q.152) In India, the Managing Director and Chief executive Officer of Public Sector Banks is recommended by which of the following?","","","","","","",""
"question","cd3e1770-edf6-4187-a15a-4120f83e6181","2021","153","Q.153) Which of the following is an indicator of retail inflation in India?","","","","","","",""
"question","74915ff9-7db7-4fb1-b2af-bed3e86c7820","2021","154","Q.154) Identify the correct statement regarding Public Accounts Committee.","","","","","","",""
"question","096a96a8-49cd-4b33-81e3-a55ea139f73e","2021","155","Q.155) Which of the following statement is NOT correct regarding Food and Agriculture Organisation (FAO)?","","","","","","",""
"question","a9acaa3c-0993-47b4-8416-567c928ffff2","2021","156","Q.156) Who of the following is associated with Beej Bachao Andolan initiated in 1986 ?","","spot_check","","","","",""
"question","d1cad1a7-7d46-42ac-a464-5ff74c31cdec","2021","157","Q.157)Which of the following Article of the Indian Constitution prohibits employment of children in factories etc.?","","","","","","",""
"question","e3a2072a-5574-4e68-b90a-4df38fa2de1e","2021","158","Q.158) How many languages are there in 8th schedule of Indian constitution?","","","","","","",""
"question","c3e965bc-521d-4dd2-af33-2e6f6268b098","2021","159","Q.159) Identify the National Panchayati Raj Day?","","","","","","",""
"question","eaefab51-6bad-4fac-b53e-1b8059baed13","2021","160","Q.160) Interest subvention to SHG under DAY-NRLM?","","","","","","",""
"question","daeaa52c-b8ba-4471-954c-299a4f7e7498","2021","161","Q.161) KCC scheme aims at providing adequate and timely credit support from the banking system under a single window with flexible and simpl","","spot_check","","","","",""
"question","eeea0ffe-41f1-4b15-a459-bd8f821cb8ed","2021","162","Q.162) Potamodromous fish is a freshwater fish, lives as well as migrate within fresh water. Which of the following fish is categorized as p","","","","","","",""
"question","e79714d3-a654-4545-b795-f46cccb3c74b","2021","163","Q.163) What percent of India’s geographical area should be under forest cover?","non_ascii_suspect","flagged","","","","",""
"question","692da6a8-eb39-42d6-b9aa-e4eeb98928cd","2021","164","Q.164) ………… is an initiative by an Indian tobacco company (ITC) specifically designed to tackle the challenges posed by the unique features ","non_ascii_suspect;suspicious_repeat_char","flagged","","","","",""
"question","c8fdf86b-55fe-4b3d-b1df-e451a083ff7a","2021","165","Q.165) Identify the year in which Rural infrastructure development Fund has been constituted?","","","","","","",""
"question","05671186-2905-458f-8e20-f0360af7c736","2021","166","Q.166) According to operational land holdings, small farmer is categorized under","","","","","","",""
"question","d39eafd8-ba04-40c0-8ad1-db6d140ba461","2021","167","Q.167) Cultivated command area for medium irrigated project is","","","","","","",""
"question","5d37d81d-699f-4c30-a50b-97a244a9ed9d","2021","168","Q.168) Which state has maximum FPOs?","","spot_check","","","","",""
"question","b5f04429-1184-44bf-af81-eef7da1cf4dc","2021","169","Q.169) Agroforestry practice in which trees or shrubs are grown as hedge rows simultaneously with an arable crop","","","","","","",""
"question","7a62d023-3bb8-413f-8e79-d4e363fc4db3","2021","170","Q.170) Which of the following fertilizer is organic in nature?","","","","","","",""
"question","0bbe103a-13d5-47fc-95eb-93c27881a214","2021","171","Q.171) As per 4th All India Handloom Census 2019-20, how many weaver households are located in rural areas of our countries?","","","","","","",""
"question","d13c184f-5f70-4046-be41-228845e86330","2021","172","Q.172) Wheel Hoe is used for _______.","suspicious_repeat_char","flagged","","","","",""
"question","b4a8b34c-2e78-4813-a17a-122ba8c06ce7","2021","173","Q.173) 5 Kg food grains per person per month distributed additionally under ……………. Yojana","non_ascii_suspect;suspicious_repeat_char","flagged","","","","",""
"question","f8adb11d-5869-4529-bd4d-b750fcf397ec","2021","174","Q.174) Hens which are reared for the purpose of laying eggs are called _____.","suspicious_repeat_char","flagged","","","","",""
"question","eda0426d-8ae7-470b-8ab5-e7c541101603","2021","175","Q.175) The traditional methods of processing fish by salting, drying, smoking pickling etc. are collectively known as ……………","non_ascii_suspect;suspicious_repeat_char","flagged","","","","",""
"question","435eedca-06fd-4990-a277-f780fdb48885","2021","176","Q.176) Maximum selling agricultural commodity through National Agriculture Market (eNAM).","","","","","","",""
"question","bfff89c3-8f85-401c-8d98-ef7b4dc2d227","2021","177","Q.177) Covering soils with crop residue, straw, etc., to conserve moisture and lowers evaporation is known as …………..","non_ascii_suspect;suspicious_repeat_char","flagged","","","","",""
"question","451d8f95-9605-4b5d-b4d5-ef4022654bc6","2021","178","Q.178) Soil formed due to wide diffusion of iron oxide is","","spot_check","","","","",""
"question","0f495dbc-7a0e-47df-8822-85268f2a5e0e","2021","179","Q.179) Atal Bhujal Yojana is World Bank aided Central Sector Scheme of Government of India with total outlay of Rs. 6000 crore. What is the ","non_ascii_suspect","flagged","","","","",""
"question","2ddb84ee-12cd-46d5-b4eb-1b6929c7ed39","2021","180","Q.180) Which instrument is used to measure humidity?","","","","","","",""
"question","6a0e1767-75fe-4981-9c31-692f1664fe49","2021","181","Q.181) According to Emissions Gap Report 2020 released by United Nations Environment Programme (UNEP), the Global Carbon Dioxide Emissions a","","","","","","",""
"question","92da6f71-8080-4502-aa3f-8aca62784615","2021","182","Q.182) Which one of the following terms describes the practice of growing two or more crops simultaneously on the same piece of land without","","","","","","",""
"question","fd9b13d6-84d8-4008-bf85-8bf7021e0110","2021","183","Q.183) Buffalo rolling in mud is called ……………","non_ascii_suspect;suspicious_repeat_char","flagged","","","","",""
"question","8760ace5-eeee-4fc3-b618-ac5f689ea59d","2021","184","Q.184) Type of irrigation in which water is directly applied to the root zone of tree and easy for giving fertilizers, etc.","","spot_check","","","","",""
"question","a8c42387-d4d7-48be-a156-d5b2cad2b5a5","2021","185","Q.185) SUJALAM campaign to ensure sustainability of ODF gains & create one million soak pits is under which ministry?","","","","","","",""
"question","09febc23-0016-4292-930c-482e00315a4f","2021","186","Q.186)……………………….. is a demand driven wage employment programme, which provides for livelihood security by providing at least one hundred day","non_ascii_suspect;suspicious_repeat_char","flagged","","","","",""
"question","b18b936d-e5ea-465b-b5aa-79984b4454f4","2021","187","Q.187) Fastest growing indigenous fish in India?","","","","","","",""
"question","ea387796-758e-4954-815e-1d05efb0583d","2021","188","Q.188) Haryana lies in which agro-climatic zone of India?","","","","","","",""
"question","bf3067c3-81ec-454e-bbd7-8e933e7b0650","2021","189","Q.189) Male sheep used for breeding purpose is ………","non_ascii_suspect","flagged","","","","",""
"question","8ab657c4-310b-40f2-bae0-0ccdf38b64a1","2021","190","Q.190) As per National Accounts Statistics, Livestock sector contributed ……... per cent of total GVA in 2018-19.","non_ascii_suspect","flagged","","","","",""
"question","e421dbba-89f4-415c-b414-91cca768097f","2021","191","Q.191) Study of fruits is called ……………","non_ascii_suspect;suspicious_repeat_char","flagged","","","","",""
"question","b9cefe10-0840-47e4-bfa3-f9ac991f775c","2021","192","Q.192)One additional tree is planted in the center of each square planting method in ………..","non_ascii_suspect","flagged","","","","",""
"question","e8986c82-946c-477c-b99b-7b397d0bff53","2021","193","Q.193)What is the purpose of PM kusum scheme launched by Union Ministry of New and Renewable Energy (MNRE)?","","","","","","",""
"question","8d24d126-a619-4bc3-aeec-5be600e82786","2021","194","Q.194)Nitrogen content in urea is","","spot_check","","","","",""
"question","a954ede1-8158-4a4b-88dc-41ae345656e4","2021","195","Q.195)According to NRLM, maximum SHGs are in which state?","","","","","","",""
"question","85ea4765-4ffd-4dfe-bb10-00a7f070360b","2021","196","Q.196)According to UNEP report, largest emitter of GHGs in 2019-20 in world is","","","","","","",""
"question","3c5441c6-ea3b-46c4-a719-fe07f71a9cad","2021","197","Q.197)According to APEDA, to which country, maximum flower is exported from India in terms of highest value?","","","","","","",""
"question","c1033ba4-7102-467d-aa43-b58755117519","2021","198","Q.198)………………government decides to produce its own seeds under brand name Sah-Beej.","non_ascii_suspect;suspicious_repeat_char","flagged","","","","",""
"question","f5fa251b-7dee-4eea-a75e-7de383b59006","2021","199","Q.199)…………………launched Operation Greens scheme in November, 2018 for integrated development of Tomato, Onion and Potato (TOP) value chain wit","non_ascii_suspect;suspicious_repeat_char","flagged","","","","",""
"question","f06dae4a-15a5-4edf-a59e-8604a62fe495","2021","200","Q.200)Highest residue after the harvesting is generated by which of the following crops?","","","","","","",""
"tag","c3a9f133-76ae-42d0-84a9-5d297b71537b","2021","05a332b6-47f0-46fc-ae4d-86f2fc883872","National Education Policy 2020","","spot_check","","","","",""
"tag","227d9909-2cdf-4a5c-b24a-c40e3b9019f5","2021","05a332b6-47f0-46fc-ae4d-86f2fc883872","National Education Policy 2020","","","","","","",""
"tag","528f961d-d3c4-4ae7-a868-b35cc215e1a8","2021","05a332b6-47f0-46fc-ae4d-86f2fc883872","National Education Policy 2020","","","","","","",""
"tag","8ce5938f-b187-43d7-a3a2-11a4a0e2cc39","2021","05a332b6-47f0-46fc-ae4d-86f2fc883872","National Education Policy 2020","","","","","","",""
"tag","84ffbbca-bf85-4ef6-97de-087f85ed3245","2021","0893cd2f-eb6e-4259-ab1b-d5e7784f3de8","Financial stability assessment and reporting","","","","","","",""
"tag","bc63308c-1594-41f3-b5b5-db982a75ccdb","2021","08bb405d-9517-4fd2-9841-1412bd5b2f11","Swachh Bharat and sanitation missions","","","","","","",""
"tag","f662101f-2581-4912-92da-dbf2120329a4","2021","08bdcee9-fc28-4eb1-a2de-75a99969f042","Direct coded inequality","","","","","","",""
"tag","4b39a276-492b-4828-8a75-ad8ca3e1dab1","2021","0ab1ed81-d4c6-42b0-82bf-77f64ab7a0e3","Soil types and their distribution in India","","","","","","",""
"tag","cd45c399-e435-48ff-b7e3-fcfc7645a9e5","2021","0af84c96-012b-4e72-8f94-03b958789be3","MS Excel cell references, shortcuts and display behaviour","","","verified","","","",""
"tag","4400104f-f1da-4987-960d-d271ef3385c0","2021","0cb4578c-d1d6-4ec8-8f82-19fb4cd4b70b","Forest cover and forest policy","","","","","","",""
"tag","065885f8-94b6-41af-a499-d73ffad5da2a","2021","0df7dc1f-8059-4012-a9a4-59b8bc8b7181","Commonly confused word pairs","","","","","","",""
"tag","5a28de2f-6abc-4b4e-bc61-e807339063f4","2021","0ffc4710-e0a5-4092-adbf-de5c41cd9c87","Selective perception and similarity bias","","","verified","","","",""
"tag","b04ac6f2-409e-40de-9d69-a1ae32fb4d38","2021","126804dc-0695-4dfb-86b2-4fd6a38dc761","Cropping systems and cropping patterns","","","","","","",""
"tag","1e6ae08c-94b2-4f6f-9101-3628828a0323","2021","126804dc-0695-4dfb-86b2-4fd6a38dc761","Cropping systems and cropping patterns","","","","","","",""
"tag","d92b46ec-4f99-46f5-97d1-7fafa1fe20dc","2021","14635d68-7b45-4941-86f5-ef405aac6d43","Agro-climatic zones and crop regions","","","","","","",""
"tag","33b9af31-87c3-4ca3-8af5-f6ca9fa9a527","2021","15e7768f-f126-4030-a227-218a815ea259","Multi-chain inequality with linked variables","","","","","","",""
"tag","cd26a52d-445a-4c73-8c6f-4ce1c633155e","2021","15e7768f-f126-4030-a227-218a815ea259","Multi-chain inequality with linked variables","","","","","","",""
"tag","7b350f2f-63a0-41d7-b9e9-173c107ba51a","2021","163beae2-2624-4605-8851-b6ca21acf6f4","International groupings and their membership","","","","","","",""
"tag","52cc1c67-d3f8-4155-9baa-de7248912140","2021","163beae2-2624-4605-8851-b6ca21acf6f4","International groupings and their membership","","","","","","",""
"tag","768ff2ad-1028-49d2-b616-edc27e695b21","2021","16630438-beb1-473f-b251-baccce8cd86a","Sets of consecutive and patterned numbers","","","","","","",""
"tag","c8189511-e658-467c-aeda-b52786ec7e0f","2021","1a8f7670-53ba-4b97-8a50-82c9a5cbf68d","Value-chain and price stabilisation initiatives","","","","","","",""
"tag","8fabc6cc-4d68-4f6c-9d07-2737208db968","2021","1a8f7670-53ba-4b97-8a50-82c9a5cbf68d","Value-chain and price stabilisation initiatives","","","","","","",""
"tag","344979fd-60ce-4a76-a1b2-8d8017f5359c","2021","1bd0a377-4a34-45f9-b7d1-2f39bf0f1b28","Banking regulation and legislation","","","","","","",""
"tag","6f469174-fc9d-4688-8d0d-6101dacb78f7","2021","1bd0a377-4a34-45f9-b7d1-2f39bf0f1b28","Banking regulation and legislation","","","","","","",""
"tag","4d474623-166b-4359-be0e-39793c9edb54","2021","1bd0a377-4a34-45f9-b7d1-2f39bf0f1b28","Banking regulation and legislation","","","","","","",""
"tag","b82f117d-185f-4aba-9127-77132b450d3c","2021","20a9a4fa-564c-48a6-bfc8-4165c754c50b","Fish species, breeds and migration","","","","","","",""
"tag","67230fb3-df46-4507-a5e0-227dae790d9a","2021","20a9a4fa-564c-48a6-bfc8-4165c754c50b","Fish species, breeds and migration","","spot_check","","","","",""
"tag","bf0cc446-c113-49e6-8c50-04d33b185abc","2021","21fb2f26-ef41-477c-a8eb-2717f20b6083","Pipes and cisterns","","","","","","",""
"tag","b9133047-4b11-4d52-93bc-8056be75dc43","2021","22357aa2-c8bb-4f30-95f2-36a1004236b8","Operational land holdings and farm size classification","","","","","","",""
"tag","cae2ea5b-3882-4308-bccc-1ba65a3fa0be","2021","233b03d8-8fba-4cd2-9376-1cc256cbc3fc","MS Excel formulas and functions","","","verified","","","",""
"tag","2a183671-284e-43b0-b10d-01f41e97bdc8","2021","2ad78959-fd73-4e54-b3c3-b6127b4ffd98","Soil moisture conservation practices","","","","","","",""
"tag","6709a77c-bec9-4016-9b77-48c29c1dba71","2021","2c53a1a0-e2e8-4952-9b7b-d44a297b110b","Microfinance sector and its regulation","","","","","","",""
"tag","b155e3b7-8cc5-401e-a7c7-bee0febf8f4a","2021","2f1d3bfa-ddd2-425f-916e-f29913c0eb16","Floriculture and flower export","","","","","","",""
"tag","24fec7a8-5071-434e-878d-21a180ad9e4e","2021","2fd2d779-63c9-4129-9436-0afbe836c6f9","Organic and natural farming","","","","","","",""
"tag","69d6bed3-3d01-4c30-b6d5-3375215a8583","2021","2fd2d779-63c9-4129-9436-0afbe836c6f9","Organic and natural farming","","","","","","",""
"tag","226286c8-28de-444a-b19b-a1ba3fbc186d","2021","2fd2d779-63c9-4129-9436-0afbe836c6f9","Organic and natural farming","","","","","","",""
"tag","2689dacb-f422-41ad-bcec-f1d0911696ee","2021","2fd2d779-63c9-4129-9436-0afbe836c6f9","Organic and natural farming","","","","","","",""
"tag","8992512f-3f0c-43d3-9916-d1965dc3827d","2021","342ec4bb-5625-4398-9b44-2963d65062a4","Explicit detail retrieval","","","","","","",""
"tag","46a55e7d-cd43-4f65-b9a0-abe8db087339","2021","342ec4bb-5625-4398-9b44-2963d65062a4","Explicit detail retrieval","","","","","","",""
"tag","5c68f181-7dee-4252-8196-8fb0bf75e2d7","2021","342ec4bb-5625-4398-9b44-2963d65062a4","Explicit detail retrieval","","","","","","",""
"tag","92967c6f-b9ff-4c98-b09c-474a06bd8c32","2021","35539a9a-fb89-4447-8941-00367cea042d","Crop residue and by-products","","","","","","",""
"tag","31c80af8-3823-4059-9281-ffa8f8a4d064","2021","35913209-6eed-4b06-b8cf-e97f7e953d40","Booting, BIOS and system startup","","","verified","","","",""
"tag","3175269c-a268-44e6-9493-324e257724cd","2021","35913209-6eed-4b06-b8cf-e97f7e953d40","Booting, BIOS and system startup","","","verified","","","",""
"tag","ec97b483-87fa-4102-88a6-bb07f07f4bc6","2021","37a6c1ba-a15d-4d85-baff-09ffe944f42e","Kisan Credit Card and agricultural credit","","","","","","",""
"tag","41079985-7b4c-495e-b46d-3e8c6302ebd9","2021","3b29fc1a-f888-4188-8f85-a828933d644e","Higher education, enrolment and AISHE","","","","","","",""
"tag","8e623409-1b88-4466-b58b-d16dbe46e7aa","2021","3b991e17-56af-488e-ad5e-b65fb0907df6","Agroforestry systems","","","","","","",""
"tag","7fc56257-075f-44e0-9e53-2ed3d82a5290","2021","3f0b1528-a75b-45e9-8356-2a2022a10ae4","Parliamentary committees and oversight","","","","","","",""
"tag","33d520c8-b1ef-499f-b2e4-fec6cecd280c","2021","3f10cf99-c7c6-4b9a-b589-e015a8719703","Inflation measurement and price indices","","","","","","",""
"tag","4697598c-c285-416e-9c63-dc58e1427260","2021","3f1a7f36-2c18-4145-a3e4-0bac21a5c68b","Horticulture production statistics","","","","","","",""
"tag","8e39afa9-99cd-48ab-852a-74d383a5bb88","2021","3f1a7f36-2c18-4145-a3e4-0bac21a5c68b","Horticulture production statistics","","","","","","",""
"tag","1b6263ce-7681-49d0-b28e-d87c5c435277","2021","40f86afc-614f-4b8e-b34e-af04598b64ae","Seed production, classes and certification","","","","","","",""
"tag","a13c9082-bd28-4c00-a884-3aea1303ca69","2021","420312ba-2e38-4e16-a836-7e6764a05535","Inference and implied meaning","","","","","","",""
"tag","8f52294e-0f29-4a7b-838f-4348b9cff49a","2021","420312ba-2e38-4e16-a836-7e6764a05535","Inference and implied meaning","","spot_check","","","","",""
"tag","6c6aade4-9b5f-43d8-86dc-48d7505bf3b1","2021","420312ba-2e38-4e16-a836-7e6764a05535","Inference and implied meaning","","","","","","",""
"tag","a8fc7731-13fb-4992-ab77-52e691f8f156","2021","424d99d5-720f-409e-ba66-8660ac95a486","Area and perimeter ΓÇö rectangle, square, triangle","","","","","","",""
"tag","35dccaf3-0011-4e26-b644-e64fe2d50a8c","2021","4478ba75-c79a-4eaa-aac9-043630438e3b","Storage media, capacity and compression","","","verified","","","",""
"tag","c14e7af2-f438-4a41-8656-413b08684e71","2021","47fc1959-7be5-495b-8809-984a9c542ec0","Steps in the decision-making process","","","verified","","","",""
"tag","c5c8834b-77f2-4524-8f5e-82945fe683cd","2021","4a877cc7-abc0-4163-9fb9-7fd2000b6702","Soil conservation and erosion control","","","","","","",""
"tag","10562578-74af-49d7-964e-c1959ed1d5c3","2021","4e5250f3-b424-4de9-afa3-fe1a1f614d66","Operating systems, utilities and system software","","","verified","","","",""
"tag","b2bc97eb-1137-4e69-ab01-0085afe4025c","2021","528ffbb5-94cb-438d-a875-c854d0f65ec5","Averages ΓÇö simple and weighted","","","","","","",""
"tag","b609653c-3d9c-40b0-91f6-2ff37e307b78","2021","53bf9a36-47c0-4473-b677-29a66d1a7bdb","Double-blank sentence completion","","","","","","",""
"tag","133fddcb-1247-46ae-84c4-cf3aea866406","2021","53bf9a36-47c0-4473-b677-29a66d1a7bdb","Double-blank sentence completion","","","","","","",""
"tag","4649536a-6bf5-41b9-81b1-10622014e68b","2021","53bf9a36-47c0-4473-b677-29a66d1a7bdb","Double-blank sentence completion","","","","","","",""
"tag","11d9a306-46ca-4340-8e69-50786b75851f","2021","53bf9a36-47c0-4473-b677-29a66d1a7bdb","Double-blank sentence completion","","","","","","",""
"tag","5a27dce8-a11c-46a0-94a0-39fad0402cf7","2021","5415d27f-5900-4225-80ec-96f497e3a012","Decision-making styles and leadership approaches","","","verified","","","",""
"tag","2c9cc667-1aab-436a-9837-b90964ee959d","2021","549537a6-0ac0-489e-8e68-72e20d7391f6","OSI model and IP addressing","","","verified","","","",""
"tag","e5dc2f54-b4dc-4d2e-b422-6e354bb33e3a","2021","55017e5e-7c55-4ca2-a8a4-9467526ef577","Social movements and civil society","","","","","","",""
"tag","32b3c011-507d-44fb-a9a6-f5fd25e14fd9","2021","55445373-0670-480b-9789-76cf81fef778","Solar and renewable energy schemes in agriculture","","","","","","",""
"tag","396a1063-bd48-4ba5-a0f2-eb71ad43b7bc","2021","5668bede-9b13-4bd9-92fe-4ef7c8bcee7f","Sanitation and drinking water missions","","","","","","",""
"tag","2b16019c-ef4e-4d68-99b7-5d926d1f4105","2021","5a56b2a1-1651-42b1-bc1c-a9912be980c0","Pandemic relief packages and worker support","","","","","","",""
"tag","41542a28-c3c5-4e75-94ba-80db9ca9b5eb","2021","5a56b2a1-1651-42b1-bc1c-a9912be980c0","Pandemic relief packages and worker support","","","","","","",""
"tag","1a72bd42-7dc8-411a-ad2f-e8b7084ee73b","2021","5b888ec9-1569-4ed0-b723-9e551c5b2989","Agro-meteorology, rainfall and instruments","","","","","","",""
"tag","fd6420bc-78c4-40c6-962e-dc1085116444","2021","6301c46d-2155-4c14-a8e4-25b86de9e301","Rural artisan and handloom sector","","","","","","",""
"tag","2cf2e763-3a49-44d0-8e86-49ed129feb10","2021","638f1a41-9d72-4325-8986-dac31e30e02d","Networking devices","","","verified","","","",""
"tag","3ea51b78-4fc7-4bd1-88c5-4a2ec99adc0c","2021","644ad60a-a652-4609-870a-5ec437e0b2a0","Soil classification systems and soil orders","","","","","","",""
"tag","f2a3aabb-fc38-4f4d-a423-016f0261977d","2021","6543f906-3a5b-4e9d-9672-3628cc7a032c","Capital market instruments and regulation","","","","","","",""
"tag","e64a5be9-90cf-4a23-abc2-a7ac22ba0b99","2021","65c6b4bb-b6fc-4351-a9ea-e09a179d12da","Public sector bank reforms","","","","","","",""
"tag","e773cf1b-ec14-4b1c-869f-f34322ef6965","2021","65c6b4bb-b6fc-4351-a9ea-e09a179d12da","Public sector bank reforms","","","","","","",""
"tag","9d533d3c-85ce-45cc-87a1-06d4ad9fa3d0","2021","6693626c-4ed5-45f9-ae4a-150f7d7d0489","Panchayati Raj institutions and rural governance","","","","","","",""
"tag","3b66ec7f-89e6-477c-bb91-dc86378dafad","2021","66a62ed1-fa20-4c88-a023-79730ae3b7cf","Overconfidence and status-quo bias","","spot_check","verified","","","",""
"tag","14ce3826-ee45-4d54-ad03-c9cc641c2072","2021","67198b82-3136-4a92-8f44-676488c348d2","Social legislation on women, children and the elderly","","","","","","",""
"tag","712fdd5c-a918-4a87-a3c4-9ef52da94287","2021","6886047d-8a37-4358-a794-10776d047ada","Internet protocols and addressing","","","verified","","","",""
"tag","55cf7cb6-b969-44e8-8a30-1919a6325df0","2021","69c473a2-6bff-4c48-b309-9029f8e745c9","Irrigation and groundwater schemes","","","","","","",""
"tag","8ef9d14b-7115-463a-b38f-33f238ae9d6c","2021","69c473a2-6bff-4c48-b309-9029f8e745c9","Irrigation and groundwater schemes","","","","","","",""
"tag","340f63ee-0bf7-4d6c-a895-83ea8570542a","2021","6a50ceb9-80de-43a0-9f6d-02791f16682c","Types of forestry and social forestry","","","","","","",""
"tag","11de5568-fb65-41b5-bf0d-5a7b5dd75ba9","2021","6e297230-1512-4dc6-bb69-926c59273145","Agriculture infrastructure financing","","","","","","",""
"tag","7214c8c8-afae-4e86-afd3-a74ca7f43e65","2021","6f182884-0443-48e2-ad72-601b4ad101ab","DAY-NRLM, self-help groups and rural livelihoods","","","","","","",""
"tag","faabcc81-2235-43e4-8fb9-11ab9001329d","2021","6f182884-0443-48e2-ad72-601b4ad101ab","DAY-NRLM, self-help groups and rural livelihoods","","","","","","",""
"tag","e04ab5f2-193f-4311-9e34-ec9d9694081e","2021","6fc59f8f-06b0-4f72-867a-9d3bd44e5c3a","Fish processing and post-harvest handling","","","","","","",""
"tag","d00e288b-8b1b-43e4-9e56-340af97669b5","2021","70b4fc2f-cf07-d8ef-fb7e-3025342ba94d","Comprehension and Summary","","","","","","",""
"tag","f68d5069-e847-42e7-8e39-3fd6c93c408a","2021","70b4fc2f-cf07-d8ef-fb7e-3025342ba94d","Comprehension and Summary","","","","","","",""
"tag","86c5c9a4-1fc5-467d-ab40-1de937cd8b25","2021","723d02b4-f442-4530-84e1-f57f15858b93","e-NAM and agricultural marketing platforms","","","","","","",""
"tag","4d26484b-89ed-4c1a-b211-561afdec8713","2021","746131c7-4003-4c07-af32-3f189a111c62","MS Excel charts and macros","","","verified","","","",""
"tag","5d84ca6e-52b3-446a-ae81-ef7dbddafd1c","2021","746131c7-4003-4c07-af32-3f189a111c62","MS Excel charts and macros","","","verified","","","",""
"tag","240b78e4-df09-4455-8ebc-8e596c1371a5","2021","7571611f-335f-419f-bb07-46408833d294","Wrong-term series","","","","","","",""
"tag","071f22e5-33d9-44e2-aae7-abcc7b12a090","2021","7571611f-335f-419f-bb07-46408833d294","Wrong-term series","","","","","","",""
"tag","9fcef37e-51a6-42f1-a193-04bebaa5b1ba","2021","7571611f-335f-419f-bb07-46408833d294","Wrong-term series","","","","","","",""
"tag","19ca2564-8a85-442a-8c2f-c365389d110b","2021","75791278-f076-4df9-8099-e6456ff02b77","Pension schemes for unorganised workers and farmers","","","","","","",""
"tag","0ab08f90-96e3-4caa-ac58-7e34b946a573","2021","76e7c1f9-6f93-4f8c-ae26-09979acb986f","Solar energy schemes in agriculture","","","","","","",""
"tag","c107a465-64c4-4fe2-a3c4-824c4f19c896","2021","7d090fe2-c214-431c-9408-93bdc8693ecc","Labour laws, wages and maternity benefit","","","","","","",""
"tag","ef21d2fa-5bf4-44da-a9ca-5b861fd53766","2021","7d94ff40-34f9-47fe-9caa-9eae0dc38116","Mixtures and alligation","","","","","","",""
"tag","9e899a15-27ec-4558-9398-bc321da5b472","2021","7e24fbed-8ce4-4cf1-946e-4f8e430b8e44","MGNREGA","","","","","","",""
"tag","6670c873-033b-49fc-8952-fe537214d4df","2021","817f838b-9908-4dae-811a-8e56b388bf25","Ministries and organisation of government","","","","","","",""
"tag","e3d3bd45-aabb-47a8-8bf7-09cf4aa9bcef","2021","843fc8a7-4333-4abb-94ff-fd1368248a46","Manures, fertilizers and biofertilizers","","","","","","",""
"tag","ae4298c4-7fa9-4583-a8cb-664312f6160e","2021","843fc8a7-4333-4abb-94ff-fd1368248a46","Manures, fertilizers and biofertilizers","","","","","","",""
"tag","76aaa56a-c666-4ecb-a455-99e4dd642557","2021","858ee570-f7d8-48c3-8f58-9248f8e4200a","File and folder management","","spot_check","verified","","","",""
"tag","4215d1ba-9925-4bfe-a5c9-e300c5bca1ed","2021","858ee570-f7d8-48c3-8f58-9248f8e4200a","File and folder management","","","verified","","","",""
"tag","8402441d-d661-414c-92ce-7128d1d0c9eb","2021","86759eb5-dd49-407c-996c-d74e0b84bc56","Email fields and conventions","","","verified","","","",""
"tag","c95fecd7-ce10-46a6-9cdf-6165d2bd318d","2021","877cb0e3-c1c7-4158-a635-690eb035a72c","Irrigation projects and command area classification","","","","","","",""
"tag","215f17bb-e678-4d22-88ad-0b5ee2e20c74","2021","8a8a6a97-f141-4f6b-aa19-b9c277bba87c","Farm implements and mechanisation","","","","","","",""
"tag","82df346c-0ade-4c3c-8d0f-24062f55ba03","2021","8ada94bb-b65d-4607-a561-7d91e3e9a95d","Food security and the public distribution system","","","","","","",""
"tag","8505b9db-f9f6-4ccb-98e3-739b16dd17b0","2021","8ada94bb-b65d-4607-a561-7d91e3e9a95d","Food security and the public distribution system","","","","","","",""
"tag","c74b2038-0839-42cb-a123-e9f32d9c4650","2021","8aed2166-9ae9-4125-8e4b-ca0c82bd3f27","Multilateral development banks and the IMF","","","","","","",""
"tag","6f3fd102-78a3-4f16-8917-041f1b139177","2021","98d49687-d96b-e39c-24b2-4889fc64d54a","Word-substitution message coding","","","","","","",""
"tag","5e1e2cff-2d89-4776-ba42-bc4d00f8a309","2021","98d49687-d96b-e39c-24b2-4889fc64d54a","Word-substitution message coding","","","","","","",""
"tag","bcd3f782-fce9-4a81-9372-26379edc4863","2021","9cc0f630-ab4f-4a0a-b5b2-9212f18af346","Sentence-level correctness selection","","","","","","",""
"tag","3c633379-2d4f-4026-bd96-d2dae32a208c","2021","9cc0f630-ab4f-4a0a-b5b2-9212f18af346","Sentence-level correctness selection","","","","","","",""
"tag","cef27366-e802-4866-810b-ff2c766936e5","2021","9cc0f630-ab4f-4a0a-b5b2-9212f18af346","Sentence-level correctness selection","","","","","","",""
"tag","c32275b0-04f2-422b-afe4-447836afee71","2021","9cc0f630-ab4f-4a0a-b5b2-9212f18af346","Sentence-level correctness selection","","","","","","",""
"tag","61aa1527-cf33-4091-9910-e34a33261dbc","2021","9e18528b-a603-4032-834d-6ec9be203f03","Livestock terminology and management practices","","","","","","",""
"tag","8d90005c-99d5-451d-801e-e8627d126ec2","2021","9e18528b-a603-4032-834d-6ec9be203f03","Livestock terminology and management practices","","","","","","",""
"tag","1470f989-7112-4850-b4e9-627a77c77557","2021","9ea559c5-2c7b-49b4-8ab0-98938fd471df","Simple and compound interest","","","","","","",""
"tag","2b04c8f0-bd99-4446-8698-bf5868623601","2021","a0b3ccef-9ea8-4bce-9a3d-1eacb5cfe165","Balance of payments and the external sector","","","","","","",""
"tag","190f6e5f-51c2-437b-a1a4-11e501d1799f","2021","a2db3cb7-0c21-4406-a745-adc9d09d8e75","Differentiated banks and rural banking","","","","","","",""
"tag","972eabf6-5b9a-447b-bb84-5b65fffe54be","2021","a406cb7b-b61d-4987-8afe-2039eef3133b","Rural and urban housing schemes","","","","","","",""
"tag","cc6a6729-d0e9-40ea-b5db-2aa25c3b44ad","2021","a4b30fb7-a28f-4ae7-aa5c-d44da85fcb83","Fiscal deficit and public finance","","","","","","",""
"tag","cf653027-889a-465b-9dfe-aa184d8d2641","2021","a7723c1a-4bd3-4660-a04f-48f45f7c48c6","Tillage systems and practices","","","","","","",""
"tag","83d70de2-48b4-41ab-8ec6-bab15a3da2b9","2021","a7d6abac-5d55-47fe-be5d-c5d32a43a105","Programming languages and their generations","","","verified","","","",""
"tag","aa1c8416-ec94-4ef6-aac5-b1a749a91d77","2021","a83152d6-a96e-48f8-acdd-e167db03adb9","MGNREGA design, entitlements and performance","","","","","","",""
"tag","e4812cd1-c0d4-4600-a5fd-dbc8a2a01f14","2021","a9454c10-00ae-4e32-82b2-0b5bca9ca1d4","Priority sector lending norms","","","","","","",""
"tag","581bee1e-c61b-4b7f-a76f-1642f96d1baa","2021","abf57bec-5615-4320-a666-ff980779a0c2","Argument evaluation in a passage","","","","","","",""
"tag","77d25cc7-fc08-4664-bdf6-ec6eb39910a0","2021","b2b889f0-5310-23a4-a50c-daa504f0afe7","Logical Order","","spot_check","","","","",""
"tag","5c2abc19-83b6-48bb-bf73-5f88989b79fd","2021","b2b889f0-5310-23a4-a50c-daa504f0afe7","Logical Order","","","","","","",""
"tag","1090c53b-a9d3-46ed-b947-9098e55d6dfc","2021","b39657a7-6206-4b1d-9b39-cf64ff7902a3","Finance Commission and fiscal federalism","","","","","","",""
"tag","172e6219-e2f8-43b4-b229-8c70770e09fd","2021","b39657a7-6206-4b1d-9b39-cf64ff7902a3","Finance Commission and fiscal federalism","","","","","","",""
"tag","64f7b0aa-a514-4300-b09d-f8b9c7877b74","2021","b4d02db5-b5b2-4319-9cd3-63157e96f347","Individual and organisational factors affecting decisions","","","verified","","","",""
"tag","7eae7609-aad5-4d02-9434-08f1ffa8cea2","2021","ba4a8915-89b4-4e26-87de-9573d8c40bc4","United Nations agencies and campaigns","","","","","","",""
"tag","e80fff32-939d-465a-9513-7f565dd55db3","2021","ba4a8915-89b4-4e26-87de-9573d8c40bc4","United Nations agencies and campaigns","","","","","","",""
"tag","9c28caa9-e263-456d-883a-f7d47fef7222","2021","bacb7cab-d3dc-4e4d-85f1-f8a9b2263d20","MS Word ribbon, tabs and shortcuts","","","verified","","","",""
"tag","3487b0ca-7fb5-40ea-bf8c-d5339b082978","2021","bacb7cab-d3dc-4e4d-85f1-f8a9b2263d20","MS Word ribbon, tabs and shortcuts","","","verified","","","",""
"tag","dd677ef9-2190-49f0-b74f-91999b8ef6b3","2021","bacb7cab-d3dc-4e4d-85f1-f8a9b2263d20","MS Word ribbon, tabs and shortcuts","","","verified","","","",""
"tag","e7b36f29-5466-4e2f-99a4-bf5f7394da59","2021","bd23f639-354b-49e1-a8be-be068316153d","Ayushman Bharat and health insurance","","","","","","",""
"tag","e7d5f788-da3d-409c-989c-e15bd3ef1ac0","2021","bd23f639-354b-49e1-a8be-be068316153d","Ayushman Bharat and health insurance","","","","","","",""
"tag","4b0b6e02-d71b-4ae6-9ad3-6146451fb6f9","2021","be85d287-69fe-49ff-8607-1dda2bfe4cd8","Orchard planting systems","","","","","","",""
"tag","8a15f250-420c-4da2-bf9b-d3781ba1c428","2021","bec57881-d538-4f40-a08f-c3ef57043803","Schedules of the Constitution","","","","","","",""
"tag","6bc7b98c-8f5f-4db8-a753-109d2d54b14b","2021","c0029f13-4ec9-45fe-8077-45d6bf5c3529","Structured group decision-making techniques","","","verified","","","",""
"tag","5613d915-b188-4f95-be64-c56588a75434","2021","c0029f13-4ec9-45fe-8077-45d6bf5c3529","Structured group decision-making techniques","","","verified","","","",""
"tag","7889e571-ce22-4ab1-aba0-3e61368565e7","2021","c07b3f29-e87e-4721-8dfe-257793aae9e3","MUDRA and micro-enterprise credit","","","","","","",""
"tag","61c8c177-47ca-42be-be51-eeade7973775","2021","c0907f8c-4101-4509-a958-4b59a572bb3e","Tissue culture and nursery techniques","","","","","","",""
"tag","7268cb64-1d44-4545-9635-d4f40a8c4c42","2021","c215d7bb-a63e-4a06-bcb3-a64fc6184045","Fundamental Rights articles","","","","","","",""
"tag","e8de6b97-7282-4b8f-a2e7-fef9a9446d73","2021","c53b855a-5559-4479-83ea-9901a2d9c9ee","Microprocessors, registers and digital logic","","","verified","","","",""
"tag","5d59a420-3cc1-41b9-943b-d12b52f4df9d","2021","c61a0c4e-425f-4879-aeb4-a6445cab0daa","Ports, connectors and expansion interfaces","","","verified","","","",""
"tag","8cc34bd5-e6c2-4a17-86a4-1a98f45646d7","2021","c6f2420b-90f9-4510-9579-fed2249b046b","Irrigation methods","","","","","","",""
"tag","98ed314a-f1eb-4770-8c2b-f5dfba7b9448","2021","c7ccbff3-da69-4369-90fe-f5f8b13ff7b9","Linear row ΓÇö facing both directions","","","","","","",""
"tag","5590e0df-c6cc-4db7-a963-5bc5597fb0cb","2021","c7ccbff3-da69-4369-90fe-f5f8b13ff7b9","Linear row ΓÇö facing both directions","","","","","","",""
"tag","975e1f5b-27cc-4597-bfcb-f4651f4ec8de","2021","c7ccbff3-da69-4369-90fe-f5f8b13ff7b9","Linear row ΓÇö facing both directions","","","","","","",""
"tag","56934512-bbc2-4a8a-a29b-eba217fcecd7","2021","c7ccbff3-da69-4369-90fe-f5f8b13ff7b9","Linear row ΓÇö facing both directions","","","","","","",""
"tag","35a49862-9b70-47ec-9745-558f18452dc8","2021","c7ccbff3-da69-4369-90fe-f5f8b13ff7b9","Linear row ΓÇö facing both directions","","","","","","",""
"tag","e16f6938-ad68-40ae-ba14-41680307fb45","2021","c886a7de-5a43-4058-b779-d25bd99be0c9","Decision theories from allied disciplines","","spot_check","verified","","","",""
"tag","47591e32-6c31-4957-b61d-f456c96b52da","2021","c91ecdcc-7fc9-4d23-b3b7-9122ce81cf9a","Multi-blank passage cloze","","","","","","",""
"tag","35b36cbd-bbdd-40f1-9161-82ef108d2b28","2021","c91ecdcc-7fc9-4d23-b3b7-9122ce81cf9a","Multi-blank passage cloze","","","","","","",""
"tag","ef254567-d6a5-474e-8aae-1e76fd160968","2021","c91ecdcc-7fc9-4d23-b3b7-9122ce81cf9a","Multi-blank passage cloze","","","","","","",""
"tag","7f498757-1bc9-44fb-939c-f786ea57e23c","2021","c91ecdcc-7fc9-4d23-b3b7-9122ce81cf9a","Multi-blank passage cloze","","","","","","",""
"tag","2f5144ff-9f7e-48d9-98d1-067016b38341","2021","c91ecdcc-7fc9-4d23-b3b7-9122ce81cf9a","Multi-blank passage cloze","","","","","","",""
"tag","4e9958e9-78e5-4725-bc89-adda62b869af","2021","c91ecdcc-7fc9-4d23-b3b7-9122ce81cf9a","Multi-blank passage cloze","","","","","","",""
"tag","78eafa1a-3e61-4dde-8e36-ae6b82102aa9","2021","c91ecdcc-7fc9-4d23-b3b7-9122ce81cf9a","Multi-blank passage cloze","","","","","","",""
"tag","a1c95834-8d1d-41cd-ad27-0564ba89a75a","2021","cb66a58b-08bd-460a-bdef-681731413367","Irrigation, water resources and river linking","","","","","","",""
"tag","1ff03463-cdb8-49fd-b7f6-8c0bd0927f50","2021","cd574056-f811-4f7b-8fdd-a4e37d0c9772","Ages ΓÇö present, past and future","","","","","","",""
"tag","2e54948d-dabd-4d18-966e-638b311f51d1","2021","ce23f17b-f621-46b0-bb72-fc926a0be3d4","Tabular data interpretation","","","","","","",""
"tag","40579193-770e-4c9c-9cac-3ce31f81f554","2021","ce23f17b-f621-46b0-bb72-fc926a0be3d4","Tabular data interpretation","","","","","","",""
"tag","e87087ee-8773-4300-9590-b52cc945239e","2021","ce23f17b-f621-46b0-bb72-fc926a0be3d4","Tabular data interpretation","","","","","","",""
"tag","371ba243-1ae7-4aff-9131-16b88ada1dc6","2021","ce23f17b-f621-46b0-bb72-fc926a0be3d4","Tabular data interpretation","","","","","","",""
"tag","9d25ffee-aba6-414b-aed3-03c638644fef","2021","ce23f17b-f621-46b0-bb72-fc926a0be3d4","Tabular data interpretation","","","","","","",""
"tag","1c415c31-7649-466b-aef2-257998e75b76","2021","ce23f17b-f621-46b0-bb72-fc926a0be3d4","Tabular data interpretation","","","","","","",""
"tag","8b521d8e-efe6-44ea-a7aa-6502e183c067","2021","cefdf13b-9b68-489e-b5b2-e3d171d70f2c","Day and week scheduling puzzle","","","","","","",""
"tag","1da5e7b8-f370-4e16-bed4-868d5023a11e","2021","cefdf13b-9b68-489e-b5b2-e3d171d70f2c","Day and week scheduling puzzle","","","","","","",""
"tag","969b8370-ea5c-4b8c-992c-a4704480a48b","2021","d1979e85-7942-4fdd-a5fa-b1d2e29f5977","Boats and streams","","","","","","",""
"tag","096675cc-d76f-439e-b1f0-d9b8a2d6b2e5","2021","d1b7a3f9-84e1-4832-8d3f-ca851b844ce6","Approximation with decimals and surds","","","","","","",""
"tag","3be79f2c-70cd-4fe8-be52-0bd666372a1b","2021","d1b7a3f9-84e1-4832-8d3f-ca851b844ce6","Approximation with decimals and surds","","","","","","",""
"tag","26c46415-ab10-4a10-8991-194844106e85","2021","d1b7a3f9-84e1-4832-8d3f-ca851b844ce6","Approximation with decimals and surds","","","","","","",""
"tag","2f8027bf-3812-4e16-9217-e5ab38557c9a","2021","d4887bc0-3062-4436-ae79-cacf8c09e0d2","Kisan Credit Card and agricultural credit targets","","","","","","",""
"tag","5b3932c7-08e8-4767-8f77-1183017effc3","2021","d5196064-f334-4725-803a-7e74e1b425f8","Priority sector lending and RIDF","","","","","","",""
"tag","9b269ef5-a1cc-4f61-a9e3-1511a06de412","2021","d5facd8f-8d07-4922-b776-40d8eee61961","Branches of horticulture","","","","","","",""
"tag","75774da5-ebcb-43fa-9815-832a7e240e4c","2021","dbed7599-7bab-45e3-ab53-cb8cbb8a1c55","Vocabulary from context within a passage","","","","","","",""
"tag","cf4d2682-990f-4dc8-9b73-ffbb4e01cc15","2021","dc83f041-e5e3-4adf-89f8-80455cec19f1","Poultry production and management","","spot_check","","","","",""
"tag","84c3419f-2684-46ca-b8f9-6957e44d53c8","2021","de46c277-f402-4137-8f97-aebe2fbe3fa6","Education sector market and online learning","","","","","","",""
"tag","c7ad3d05-cffb-45e1-91a6-6d5504321f79","2021","de46c277-f402-4137-8f97-aebe2fbe3fa6","Education sector market and online learning","","","","","","",""
"tag","330b95f3-db20-4190-a3f8-64c354a65e74","2021","de689596-235b-4ead-8ba1-3431e1189e98","Floor puzzle","","","","","","",""
"tag","eff84f04-48d2-4a7e-9755-cf0f535a5b6f","2021","de689596-235b-4ead-8ba1-3431e1189e98","Floor puzzle","","","","","","",""
"tag","bea6e71e-3a9c-45a3-b494-f54541620277","2021","de689596-235b-4ead-8ba1-3431e1189e98","Floor puzzle","","","","","","",""
"tag","60e7c313-13ed-4d36-bfc9-b34fb6551993","2021","de689596-235b-4ead-8ba1-3431e1189e98","Floor puzzle","","","","","","",""
"tag","d498bd3d-f1f9-4969-9171-efb39a4b57fd","2021","de689596-235b-4ead-8ba1-3431e1189e98","Floor puzzle","","","","","","",""
"tag","4f69735a-fad1-4925-a493-cdde0e9fef90","2021","e7ca4271-6ec8-4a73-be40-7e7dd799da28","School education schemes and curriculum frameworks","","","","","","",""
"tag","757eb2dc-2f2a-4551-9c57-300d2d92ae20","2021","e7ca4271-6ec8-4a73-be40-7e7dd799da28","School education schemes and curriculum frameworks","","","","","","",""
"tag","294d1d33-ec8d-4728-a326-8244454c1125","2021","e86d8867-5a86-49bd-925e-2a1b62dfe3e9","Livestock sector contribution and statistics","","","","","","",""
"tag","d3e438b4-1dfa-459e-8c1b-32706c384b27","2021","ebdd3a2a-f038-4775-9684-647b6cbbdcbb","Author tone, attitude and purpose","","","","","","",""
"tag","6d6e230b-8f23-4cc4-a926-c8e5de288185","2021","ebdd3a2a-f038-4775-9684-647b6cbbdcbb","Author tone, attitude and purpose","","","","","","",""
"tag","a62a4a24-70d1-4a2c-9998-09c3b53d5d92","2021","ee02793f-50fe-4ef5-a734-389c7906da0b","Climate change and emission reports","","","","","","",""
"tag","844c0569-a81f-4a2e-b888-46c8dbba0b9f","2021","ee02793f-50fe-4ef5-a734-389c7906da0b","Climate change and emission reports","","","","","","",""
"tag","26d01fdb-a920-4e43-b9ff-783c41739874","2021","ee63d21f-3ff5-4193-975f-7e6c04a59c89","Three or more statement syllogism","","","","","","",""
"tag","f26b5f0c-f184-48d3-bd22-c6e7a33fc0c7","2021","ee63d21f-3ff5-4193-975f-7e6c04a59c89","Three or more statement syllogism","","","","","","",""
"tag","3bd9c7fb-5217-49d1-844b-3ba4ed4c1e2c","2021","ee63d21f-3ff5-4193-975f-7e6c04a59c89","Three or more statement syllogism","","","","","","",""
"tag","c0c9b0d3-a916-41a9-a3ae-71d0231ab82b","2021","eee0196c-9a64-43f1-bc38-b0e77473ff5e","Horticulture information systems","","","","","","",""
"tag","d2bb743b-7ab5-4abe-b18b-9ccdd13a41b4","2021","f0597006-e1c9-45ef-983f-3dad314f7f17","Self-help groups and DAY-NRLM","","","","","","",""
"tag","bf6ca43a-aed7-4d28-b5b3-1e5807a54aaa","2021","f26292d1-d93f-42fa-863a-7049b5a8663c","Women and child welfare schemes","","","","","","",""
"tag","dfadb830-8179-4719-981b-16de60498b8c","2021","f4e6692c-d603-45a0-ad32-b686c1c23d24","Root cause analysis and problem-solving tools","","","verified","","","",""
"tag","f6bfe2ec-1ddc-4974-acac-5489dae236b2","2021","f6b62626-e91b-40e0-8a6e-a9aa5c8cccee","Farmer Producer Organisations","","","","","","",""
"tag","b4539ec8-25a2-4593-a815-8215650f668e","2021","fa731497-39a6-49f8-b3ff-e0f3bb19cb96","Union Budget provisions and taxation","","","","","","",""
"tag","e6c37c11-4946-4df4-8a2e-6a04d3cecc5a","2021","fa731497-39a6-49f8-b3ff-e0f3bb19cb96","Union Budget provisions and taxation","","","","","","",""
"tag","c1226165-1954-4bf6-9a20-7d4b2a4ead0d","2021","ffae1707-910d-4d42-8bb4-3071192cfa16","Types of decisions and decision levels","","","verified","","","",""
"question","e03907b7-2657-481f-8159-e2fdef4455d4","2022","1","Q.1) Statements: Only bucket are mug. Only a few buckets are caps. Some caps are not light. Conclusions: I. All Lights are caps is a possibi","","spot_check","","","","",""
"question","0f51eb00-cbee-4cf5-b816-69f2a9f3559a","2022","1","Q.1) The one who likes Civics lives just above to ____ and both live in the same type of flat?","suspicious_repeat_char","flagged","","","","",""
"question","fc731514-7a6f-42d9-a29b-5bd99fcf4928","2022","1","Q.1) In 2020, e-NAM was integrated with Karnataka’s Unified Market Portal. This facilitates traders across both platforms to execute seamles","non_ascii_suspect","flagged","","","","",""
"question","ce0635d6-758b-4320-af89-7d6dcde9d139","2022","1","Q.1)The Process of parturition (Act of giving birth) in pig is called ____","suspicious_repeat_char","flagged","","","","",""
"question","efeca6ab-2acb-4103-992a-9f67f50e8eef","2022","2","Q.2) Statements: Only a few formats are switches. Only a few switches are splits. Some splits are styles. 25 | P a g e Conclusion: I. Some s","","","","","","",""
"question","30571ee7-31de-4cfa-9e91-ffdc1f4072a1","2022","2","Q.2) Who lives immediately below B’s flat?","non_ascii_suspect","flagged","","","","",""
"question","9cbd5fad-59a3-4ce0-8a24-dcdd75fd8ab2","2022","2","Q.2) Which of the following Statements is/are Correct outcomes of NAMASTE Scheme? 1) Zero fatalities in sanitation work in India 2) All sani","","spot_check","","","","",""
"question","2dfc4cc6-8032-4d6f-824f-90ddab5e2f36","2022","2","Q.2) The Gestation period in swine is _____","suspicious_repeat_char","flagged","","","","",""
"question","587316a3-89b1-4379-9d65-aba00b9a9532","2022","3","Q.3) Which of the following symbols should replace the blanks in the given expression in order to make the expression T < I and J > M defini","non_ascii_suspect","flagged","","","","",""
"question","dfb795be-168b-41b4-a1e8-65a76f468001","2022","3","Q.3) Which of the following statements is/are true regarding C? I) C likes Civics II) C lives on the second floor III) C lives in flat Y IV)","","spot_check","","","","",""
"question","76f8e851-bf13-4490-ac74-a7565a7c5aa8","2022","3","Q.3) __________ Cities (converging with AMRUT cities) will be taken up under this phase of NAMASTE.","suspicious_repeat_char","flagged","","","","",""
"question","6a5d591e-0c7a-44a9-8e42-1d17c805efef","2022","3","Q.3)The Parturition process in swine generally takes place during","","spot_check","","","","",""
"question","dfb7fae4-be87-462a-be03-ff474db564be","2022","4","Q.4) Statements: B < W ≤ F, C ≤ W ≤ O < U, S > O ≤ A < I Conclusions: I. B < A II. U > S","non_ascii_suspect","flagged","","","","",""
"question","2a073818-1b04-447d-9b9a-842c28ac318b","2022","4","Q.4) Four of the following five are alike in a certain way and thus form a group. Find the one which does not belong to the group?","","","","","","",""
"question","3daaf39e-4d0a-4581-8123-6f4a8ae03357","2022","4","Q.4) The NAMASTE Scheme has been approved with an outlay of Rs. 360 crore for four years from 2022 -23 to____________.","suspicious_repeat_char","flagged","","","","",""
"question","174a540c-0e38-4d55-b197-e9261161a1f1","2022","4","Q.4) The usual floor space is __1.___and the height, 17 inches.","","","","","","",""
"question","5f9dfef9-8c4d-4890-87bb-d9745900f101","2022","5","Q.5) How C is related to F?","","","","","","",""
"question","197b89df-93ed-4ca7-aa36-d59ea682ce67","2022","5","Q.5) Who among the following persons is/are living in Flat X? I) A II) B III) H IV) F","","","","","","",""
"question","b0ee575e-035f-4388-afac-98020185c1f2","2022","5","Q.5) Under the PM Awas Yojana - Gramin, the minimum size of a house has been increased to _______ from the earlier 20 Square Meters. 419 | P","suspicious_repeat_char","flagged","","","","",""
"question","d1cdc61c-81c8-495f-9ecc-3c7674dc24fb","2022","5","Q.5) Pullets, which are more often used than birds of over _2.___should be placed in the cages.","","","","","","",""
"question","9345f6d5-a7a2-4dee-a260-b4e32195a723","2022","6","Q.6) What is the shortest possible distance between the final point and the point Z?","","","","","","",""
"question","479b597e-d919-4dcb-93dc-f439a1761ff1","2022","6","Q.6) Who among the following faces Pawan?","","","","","","",""
"question","dd41e2a6-bc1a-4a46-8141-e7e7ce3d9510","2022","6","Q.6) Under the PM Awas Yojana - Garmin, the monetary assistance for building pucca house is __________ in hilly states, difficult areas, and","suspicious_repeat_char","flagged","","","","",""
"question","d6aea732-d3f1-4b66-927a-0726fb99e654","2022","6","Q.6) Pullets, which are more often used than birds of over _2.___should be placed in the cages at least__3.___ before they are expected to l","","","","","","",""
"question","3accdfd3-a119-4c64-934b-f0913d2cb9a0","2022","7","Q.7) How many persons are sitting in the row?","","spot_check","","","","",""
"question","52911d47-295a-48c1-a95f-b6e91e0fa1ec","2022","7","Q.7) How many persons are there between Karan and Dev?","","","","","","",""
"question","233f33d3-0921-4a16-993d-ef655a387186","2022","7","Q.7) Several Government Initiatives are being run under PM Awas Yojana - Gramin to achieve behavioural Change and Open Defecation Status. Wh","","","","","","",""
"question","4c8e094c-dbc6-4343-85b7-d61b4e4a89cd","2022","7","Q.7) As per the Economic Survey 2021 -22, What is the Gross Value Addition (GVA) of Agriculture Sector in India’s total Economy?","non_ascii_suspect","flagged","","","","",""
"question","c84d3b06-d0c0-4791-a6b4-366755550090","2022","8","Q.8) What is the sum of runs scored by C and H?","","","","","","",""
"question","f254e7d9-2170-4f45-bf81-963dc6881b63","2022","8","Q.8)Which of the following statement is true?","","spot_check","","","","",""
"question","54f248d0-3ba1-4011-b8be-d3879bfade0e","2022","8","Q.8) A sub - scheme of P MKVY for the promotion of traditional agriculture Knowledge launched with the name?","","","","","","",""
"question","bbe528a9-650f-4a50-bc64-de8e047c7a93","2022","8","Q.8) As per the Economic Survey 2021 -22, the existing cropping pattern is skewed towards the cultivation of ____________ that has led to de","suspicious_repeat_char","flagged","","","","",""
"question","5fe6fa6b-0e18-4311-b6fe-f450df355058","2022","9","Q.9) How many persons sit between E and C?","","","","","","",""
"question","7e476994-fae1-4897-8c65-cbc620840b93","2022","9","Q.9) What is the position of Karan with respect to Dev?","","","","","","",""
"question","6464476b-d48a-4762-9e59-9f21d8a473c8","2022","9","Q.9) Under BPKP, financial assistance of Rs ____ for 3 years is provided for cluster formation, capacity building and continuous hand holdin","suspicious_repeat_char","flagged","","","","",""
"question","9d95eb99-0002-4161-aaee-ad0f87b620db","2022","9","Q.9) What is the scientific name of strawberry?","","spot_check","","","","",""
"question","87eddf69-32bb-4be0-a103-83bb66414139","2022","10","Q.10) Who among the following scored the highest runs?","","","","","","",""
"question","45cd6c29-7391-465e-b799-5afecb27b9a2","2022","10","Q.10) Statement: Some Google are browser Only browser are Bing Only a few browser are Yahoo Conclusion: I. Some Yahoo are Bing II. No Google","","","","","","",""
"question","72adb496-53b0-481c-ba77-3fba18b66b5f","2022","10","Q.10) Which one of the following is not align with the aim and objectives of BPKP","","","","","","",""
"question","78a98984-690d-49d9-97eb-1badd69d11f4","2022","10","Q.10) A scientific process of converting organic matter into compost by earthworms is called ____.","suspicious_repeat_char","flagged","","","","",""
"question","903bad90-f9a8-4a92-a049-c6a682627106","2022","11","Q.11) Who among the following was born in the month of November?","","","","","","",""
"question","41f6733e-ef39-4dab-9ee3-3a510b604013","2022","11","Q.11) Statements: All winters are summers. Some summers are springs. No spring is an autumn. Conclusions: I. All summers can never be autumn","","","","","","",""
"question","c190bd2e-07df-4d8c-b844-6a2e341811a6","2022","11","Q.11) Under PDS system the foodgrains via ration shops are provided at highly subsidized rate. The price for rice is ____","suspicious_repeat_char","flagged","","","","",""
"question","bf517f7a-4744-41f2-9930-5d6a2e9db512","2022","11","Q.11) Soil that comprises of both sand, silt and organic matter is termed as................","suspicious_repeat_char","flagged","","","","",""
"question","3b7faecb-8022-40a6-ac10-04f6f5b13334","2022","12","Q.12) Who among the following persons was born in the month having 31 days?","","spot_check","","","","",""
"question","eeff30c7-4e53-4391-80bb-f2a3f0217018","2022","12","Q.12) Statements: All golds are copper. No copper is silver. Some silvers are stones. Conclusions: I. All golds are definitely not silver. I","","spot_check","","","","",""
"question","c7d7fe66-e957-4c21-b313-65e9897bedf0","2022","12","Q.12) Under MNREGA, additional workdays for ………………drought prone areas.","non_ascii_suspect;suspicious_repeat_char","flagged","","","","",""
"question","48659f24-6249-4b2a-b326-426faa312885","2022","12","Q.12) A machine which is used to separate seeds from impurities, inert material and adulterants is _____","suspicious_repeat_char","flagged","","","","",""
"question","cb224fc8-e4ec-4bdd-bad4-a8256ef43eaf","2022","13","Q.13) Who among the following persons is from Pune?","","","","","","",""
"question","25209c15-4ce5-41e2-b7e8-287e6fa8a4af","2022","13","Q.13) What will be the code for “White”?","non_ascii_suspect","flagged","","","","",""
"question","7845d052-767a-4a22-be85-eea52b8601b6","2022","13","Q.13) Organization conditionalities were followed in executing the 1991 LPG Reforms in India","","spot_check","","","","",""
"question","370c2d1a-cef5-4af7-badc-357dd519ce0a","2022","13","Q.13) Which subsidiary of NABARD working with NBFCs is responsible for financing Farmers and cooperations?","","","","","","",""
"question","bd6864e6-454a-48fa-a157-5f081acb9e60","2022","14","Q.14) Which among the following statements is definitely true?","","","","","","",""
"question","fc7e3a43-f205-4814-8018-4dcff1767fa3","2022","14","Q.14) If Orange is written as “Gk”, then what will be the code for “Brown”?","non_ascii_suspect","flagged","","","","",""
"question","009c0338-f2e3-4448-9b10-90d8d3f07d3f","2022","14","Q.14) Which of the following statement is correct regarding to ASHA? 1) She should be illiterate. 2) Age limit should be 25 to 45 years. 3)T","","","","","","",""
"question","c76829a9-2dc3-434f-959d-a3c8700cc695","2022","14","Q.14) In which of the following years, e -NAM was launched?","","","","","","",""
"question","db0f8650-f587-4342-803a-e9ef53491f6f","2022","15","Q.15) On which of the following subjects does P have a presentation?","","","","","","",""
"question","c999aa6a-65ea-46f0-8045-6c362472bf78","2022","15","Q.15) The codes “Rk Sk Nk” may represent which of the following?","non_ascii_suspect","flagged","","","","",""
"question","d5d446c4-7d73-4f7a-b0e3-72cdf112f61c","2022","15","Q.15) Which of the following statement regarding RMNCH+ Scheme is correct 1) Prioritization of high -impact interventions for various lifecy","","","","","","",""
"question","c48b8dd5-a852-45a1-98d9-b28a2568fcfc","2022","15","Q.15) State can take the advantages of the e -NAM portal if they fulfil which of the following conditions? 1) Provision of e -auction/ e -tr","","","","","","",""
"question","be88568d-e3ae-4ec1-9ae4-786d21b68f70","2022","16","Q.16) Four of the following five form a group as per the given arrangement. Which of the following does not belong to that group?","","","","","","",""
"question","ac39da36-c6f2-4cdc-a149-2431339464b1","2022","16","Q.16) What does the code “Fk” represents?","non_ascii_suspect","flagged","","","","",""
"question","090e82ae-3952-4395-a8f9-b493f7fbf8b4","2022","17","Q.17) Which of the following combinations is definitely correct?","","spot_check","","","","",""
"question","f5ba5958-4073-4867-8634-71b5bf495919","2022","17","Q.17) Which of the following three points are in a straight line?","","","","","","",""
"question","bd66db1e-2b1c-4409-8fbc-3fe048b797ce","2022","18","Q.18) Which of the following groups consists of two male persons?","","","","","","",""
"question","9c7dc7ec-2345-41d2-8f84-612efa204ec0","2022","18","Q.18) What is the distance between points U and Y?","","","","","","",""
"question","7556f855-4c7e-467b-a1a5-8c56af7faca7","2022","19","Q.19) Which of the following pairs cannot be the members of the same group?","","","","","","",""
"question","0edd8067-e9fa-4ed6-9232-5ef0e8234d4a","2022","19","Q.19) Who is the daughter-in-law of B? I. I is brother of D. S is wife of J's nephew. II. R is brother of N. T is son of N. S is mother of T","","","","","","",""
"question","a5cec718-94be-408e-8f43-7e9ebf2f2eb0","2022","20","Q.20) Which of the following are the members of group C?","","","","","","",""
"question","b4ba9cbb-0b4d-4286-8d95-0431da7b8c3e","2022","20","Q.20) Among six persons E, F, G, H, I and J, who is the second tallest? I. E is shorter than only two persons and H is taller than only I. I","","","","","","",""
"question","32b2b475-ae4e-4f14-b0c2-deb5cf3be3d5","2022","21","Q.21) Identify the wrong part in the sentence. (1) Sea Lions are able to / (2) rotate their back flippers under / (3) their body, which allo","","spot_check","","","","",""
"question","95dac32a-42fd-4e8e-9533-7e652a26d58d","2022","21","Q.21) Which of the following can be considered ‘inappropriate’ behaviour, in the context of the passage?","non_ascii_suspect","flagged","","","","",""
"question","d312d099-0d8c-4fac-8912-3ed9306a23cd","2022","22","Q.22) Identify the wrong part in the sentence. (1) Oil Prices had already begin / (2) climbing this year as a / (3) result of the crisis","","","","","","",""
"question","b0fe3895-b482-479a-b504-59b4c0e88e29","2022","22","Q.22) It can be inferred that ‘inappropriate behaviour’ will disappear because -","non_ascii_suspect","flagged","","","","",""
"question","5cd5bfb0-d607-4970-b89f-bdc034644c4e","2022","23","Q.23) Identify the wrong part in the sentence. (1) There have been a rapid / (2) transformation in the business / (3) scenario in the countr","","","","","","",""
"question","e11f5103-a0ac-45fc-86c8-77f03089c476","2022","23","Q.23) It can be inferred that the factor that is common for both Darwinian Selection and mutation is that:","","spot_check","","","","",""
"question","891ee532-85da-41f0-a91f-3592f2ed5ed4","2022","24","Q.24) Identify the wrong part in the sentence. (1) An edited version of / (2) the article was published / (3) in the newspaper / (4) to avoi","","","","","","",""
"question","e22a3cb5-71ec-4f72-888e-407fc54b11b7","2022","24","Q.24) Which of the following best parallels the pairwise contest scenario?","","","","","","",""
"question","96105204-827f-4e6f-8b7c-d1d338e2f5c3","2022","25","Q.25) Identify the wrong part in the sentence. 107 | P a g e (1) The working environment in an / (2) organization dependent / (3) on the nat","","spot_check","","","","",""
"question","1357225e-13da-44a2-96be-8140af3ced46","2022","25","Q.25) All of the following can be inferred from the passage EXCEPT:","","","","","","",""
"question","5d7f7cc6-8553-4cbb-8d33-2a3970a4a62d","2022","26","Q.26) In which of the following sentences is the given phrase aptly used? “UNDER THE WEATHER” I) The child did not speak much as he was feel","non_ascii_suspect;duplicate_option_text","flagged","","","","",""
"question","10fcd58b-c493-4511-926d-708f20a376db","2022","26","Q.26) The President of Russia opines that it is only through a spirit of cooperation, __________________, that the problems of global securi","suspicious_repeat_char","flagged","","","","",""
"question","718c67d4-35a4-4d16-9e57-d808b0fed752","2022","27","Q.27) In which of the following sentences is the given phrase aptly used? “COME UP WITH” I) Lifeguards are trained in how to react in order ","non_ascii_suspect","flagged","","","","",""
"question","806bb698-6ca5-46e8-a260-d9677e6fc297","2022","27","Q.27) One of the essential roles of an artist must surely be ______________________ visible the invisible or what we have grown too used to ","suspicious_repeat_char","flagged","","","","",""
"question","50222e47-eafa-4473-bcaa-802342ef4ab2","2022","28","Q.28) In which of the following sentences is the given phrase aptly used? “LAY OFF” I) The doctor advised the patient to lay off cigarettes ","non_ascii_suspect","flagged","","","","",""
"question","ed3a4f6b-3c6b-42e4-811a-58ba46eb8694","2022","28","Q.28) Just as war has been a part of our civilization for thousands of years, _____ for sustenance and for our basic needs.","suspicious_repeat_char","flagged","","","","",""
"question","997f1069-40be-4cd0-9383-49011ee0a214","2022","29","Q.29) In the below-mentioned question, some words are underlined. Some or all of these words have been wrongly placed in the sentence. Inter","","","","","","",""
"question","eabbab83-9701-4be1-9847-5459d773e9c5","2022","29","Q.29) Fill the blank -","","","","","","",""
"question","182d1363-bf64-494c-95ad-04726a9b4733","2022","30","Q.30) In the below-mentioned question, some words are underlined. Some or all of these words have been wrongly placed in the sentence. Inter","","","","","","",""
"question","52828f84-2535-44af-908d-841db80b9cfb","2022","30","Q.30) Fill the blank -","","","","","","",""
"question","d0c2e8fc-2754-4da6-ab8a-7103e1755f86","2022","31","Q.31) In the below-mentioned question, some words are underlined. Some or all of these words have been wrongly placed in the sentence. Inter","","","","","","",""
"question","a7b3a867-e6ef-4263-be06-058a96a3cb59","2022","31","Q.31) Fill the blank -","","spot_check","","","","",""
"question","815abfb6-f2da-4298-893e-18cd2e3d9cdc","2022","32","Q.32) In the below-mentioned question, some words are underlined. Some or all of these words have been wrongly placed in the sentence. Inter","","","","","","",""
"question","0d8ade26-011f-4aa1-a1e7-807d5179e5ea","2022","32","Q.32) Fill the blank-","","","","","","",""
"question","2e4589f7-33f5-43f6-82d7-d80c5fdf5085","2022","33","Q.33) In the below-mentioned question, some words are underlined. Some or all of these words have been wrongly placed in the sentence. Inter","","spot_check","","","","",""
"question","6b14a443-7c3e-424a-a010-fb40a44624a6","2022","33","Q.33) Fill the blank -","","","","","","",""
"question","19180375-816f-4f74-9a86-f0008b2c2764","2022","34","Q.34) Replace the underlined word from the options given below. Sleeplessness over prolonged periods of time is sure to tell on your health.","","","","","","",""
"question","9d0e0ffc-47fc-451c-a2ac-68e7a951facb","2022","34","Q.34) EDGE","empty_or_short","flagged","","","","",""
"question","05c88e78-b31f-42c7-8e46-2697581249f6","2022","35","Q.35) Replace the underlined word from the options given below. It is important to keep in mind that this treaty is the national issue for e","","","","","","",""
"question","ae2d96ec-7c9e-4479-92d4-0bf5a651db21","2022","35","Q.35) GROUND","empty_or_short","flagged","","","","",""
"question","84052b00-297f-4b90-b7a8-b98b09fe8577","2022","36","Q.36) Replace the underlined word with the options given below. 112 | P a g e The new tax laws were rammed through despite people opposing i","","","","","","",""
"question","dd1596cf-a450-4908-b9e7-6e4b95c10ecd","2022","36","Q.36) The Government has decided to clamp down on smoking in public places.","","","","","","",""
"question","d4200eb5-1ebf-4cbe-a07d-89f84db112a9","2022","37","Q.37) Replace the underlined word from the options given below. A clinical trial was performed to show the efficacy and, within limits, asse","","spot_check","","","","",""
"question","d5f75662-b12e-46a5-8f6f-059ca9202378","2022","37","Q.37) Local authorities backed down on their plans to demolish the building.","","","","","","",""
"question","8bba61b3-a4a2-4e9a-85b0-a26c2c64f0c2","2022","38","Q.38) Replace the underlined word with the options given below. The company wanted to break away from its traditional, down-market image.","","","","","","",""
"question","efa25d04-c304-49f9-8230-8574264a7b33","2022","38","Q.38) In the following question, there are five sentences or parts of sentences that form a paragraph. Identify the sentence(s) or part(s) o","","spot_check","","","","",""
"question","61952d0d-60a3-406c-a9e0-1a1e94cd0205","2022","39","Q.39) Identify the correct statement about the use of AI in airlines, as mentioned in the passage.","","","","","","",""
"question","28c0eff7-012c-45fd-912c-8d7dfc845a41","2022","39","Q.39) In the following question, there are five sentences or parts of sentences that form a paragraph. Identify the sentence(s) or part(s) o","","","","","","",""
"question","6edcd138-ae25-40d6-976d-7358ad1ae833","2022","40","Q.40) Identify the correct statement about the use of AI in education, as mentioned in the passage. (i) It adapts itself according to the st","non_ascii_suspect","flagged","","","","",""
"question","3169579b-419f-4e58-9d92-b5726839f2c6","2022","40","Q.40) Rearrange A, B, C and D in such a way that they make a coherent paragraph together with statements 1 and 6. Select the correct order f","","","","","","",""
"question","c7a497b7-64c2-4ed4-85c6-c5c966ad468c","2022","41","Q.41) Which word can replace the “Gauge” in the passage?","non_ascii_suspect","flagged","","","","",""
"question","77e9c340-afc1-4924-bad7-0dc8a4dc2f96","2022","41","Q.41) Rearrange A, B, C and D in such a way that they make a coherent paragraph together with statements 1 and 6. Select the correct order f","","","","","","",""
"question","3d42619e-76f0-4b59-a2fe-dcec905d6cb0","2022","42","Q.42) In what manner is AI helpful in the healthcare industry? (1) AI is helping doctors diagnose diseases more accurately and efficiently (","","","","","","",""
"question","01fae3b0-dc12-4314-8c73-d11fe007d3af","2022","42","Q.42) The wards of the hostel are (1) allowed to do (2) anything except to go out (3) on their own at night (4).","","spot_check","","","","",""
"question","d042d074-7fbc-4ead-b8f6-cfb459c59405","2022","43","Q.43) Which of the following titles is apt for the passage?","","","","","","",""
"question","e139d073-8085-43b5-ac3d-850f0306ef56","2022","43","Q.43) Hardly I have finished (1) writing when my brother (2) snatched the fountain (3) pen from my hand (4).","","","","","","",""
"question","8119841d-9505-4fd5-b5b9-0db3d7036b18","2022","44","Q.44) (1) Assam and West Bengal account for two-thirds of elephant mortality in train hits, followed by Uttarakhand, Jharkhand, Tamil Nadu, ","non_ascii_suspect","flagged","","","","",""
"question","9253b632-f0c2-4e1a-ad14-58480115cf43","2022","44","Q.44) A sentence is given below. From the choices provided, identify the one which best reframes the given sentence: “A well-organised train","non_ascii_suspect","flagged","","","","",""
"question","3417a3e9-d338-4386-a7d0-9dd207220306","2022","45","Q.45) (1) There were demands to expand this policy by incorporating organic waste like Biogas, Green Manure, organic compost of rural areas,","","spot_check","","","","",""
"question","1f5b716b-d852-4d2b-ab18-c08902faa0c5","2022","45","Q.45) The sentences given in the following question, when properly sequenced, form a coherent paragraph. Choose the most logical order of se","","","","","","",""
"question","f0b12513-a58f-4487-8a29-21e5d2f73b2e","2022","46","Q.46) Choose the correct one: (1) The revised salary will come into effect (A)/ affect (B) from January onwards. (2) A delicious black curra","","","","","","",""
"question","5f069b54-8f5b-478d-b4d4-e02ed065719b","2022","46","Q.46) The following question consists of five sentences on a topic. Some sentences are grammatically incorrect or inappropriate. Select the ","","","","","","",""
"question","c4084c3e-7875-4ed1-ba5c-9bbb4c825d5a","2022","47","Q.47) Choose the correct one: (1) Harish tried to diffuse (A)/ defuse (B) the highly charged atmosphere in the room by cracking a joke. (2) ","","","","","","",""
"question","7ee43bfd-ce33-4680-a91b-50773c496885","2022","47","Q.47) Issues of human environmental impacts today tend to be ____, and opinions, about them tend to fall on a spectrum between two ____camps","suspicious_repeat_char","flagged","","","","",""
"question","f37d319b-8da6-4240-a896-f9250756e6f3","2022","48","Q.48) Choose the correct one: (1) The management censored (A)/ censured (B) him for his irresponsible behaviour. (2) The food in this restau","","","","","","",""
"question","17e31832-9c79-4c1b-8a44-0409c9a4f984","2022","48","Q.48) As a first step towards improving bilateral relationship, the two countries decided to resolve the _____dispute in an _____ manner.","suspicious_repeat_char","flagged","","","","",""
"question","f689faf8-317b-4b69-b589-1c4dd35456f1","2022","49","Q.49) ____ of GDP and its growth rate is extremely important and these are important indicators of the ___ of the economy.","suspicious_repeat_char","flagged","","","","",""
"question","71c1ec8c-e260-4ef5-bf53-6d8bdc20c48b","2022","49","Q.49) Identify the correct spelling of the given word:","","","","","","",""
"question","d065b70b-e176-4626-a3fd-b0f43994d342","2022","50","Q.50) ____ to stricter fuel standard is one way to____ air pollution.","suspicious_repeat_char","flagged","","","","",""
"question","c4e498a0-61d9-40d3-8f7d-5ed7acb2375b","2022","50","Q.50) In the question below, two sentences have been mentioned with a blank in each sentence. Use one of the phrases given in the options to","suspicious_repeat_char","flagged","","","","",""
"question","d718218e-710f-41f7-bea9-0c5da3097938","2022","51","Q.51) What is the full form of TIFF?","","spot_check","","","","",""
"question","4476af38-c549-4b25-8e04-5bc75c7fde4d","2022","51","Q.51) Margin that is added to the binding side of the page when printing is called?","","spot_check","","","","",""
"question","89e59338-e6c2-42a5-9bf7-6a136dbfa168","2022","52","Q.52) What is the attempt to acquire sensitive information such as usernames, passwords, and credit card details (and sometimes, indirectly,","","","","","","",""
"question","0ac2b1ff-67df-4052-a0aa-d864cd0c0e4a","2022","52","Q.52) Which is the first browser to act as a text based browser?","","","","","","",""
"question","c578ad99-0bec-4655-9839-320dde1c8660","2022","53","Q.53) While browsing the internet, which of the following key is used for full screen view?","","","","","","",""
"question","afe63256-5b85-44c0-b3c0-22777bb9318d","2022","53","Q.53) In Ms excel, one can use the present value to predict / calculate the future value including repayments and interest rate. Which comma","","","","","","",""
"question","6de29b3d-6425-4457-8e62-6f456f2d0e74","2022","54","Q.54) Which PowerPoint view displays each slide of the presentation as a thumbnail and is useful for rearranging slides?","","","","","","",""
"question","f544c504-c7e5-42a2-86bd-c527b7b6261f","2022","54","Q.54) In Ms excel, an entire column can be selected using the following command?","","","","","","",""
"question","48f081de-bc5c-42b0-8faf-4ba3418142e3","2022","55","Q.55) If you wish to extend the length of the network without having the signal degrade, you would use a _______.","suspicious_repeat_char","flagged","","","","",""
"question","4c2f1fff-ed42-4231-a207-af7d42ee538e","2022","55","Q.55) The 1’s complementary in a binary of 1000 is?","non_ascii_suspect","flagged","","","","",""
"question","1ac35c60-1ee2-4ba5-b44b-61569163bbdc","2022","56","Q.56) What kind of memory is both static and non-volatile?","","","","","","",""
"question","dc1b9b80-16a4-4ca3-b5ec-c613eb775f4a","2022","56","Q.56) In Microsoft PowerPoint presentation, to select one hyperlink after another during a slide presentation, the following keyboard key is","","","","","","",""
"question","ae4fa388-f37a-4207-bfe8-8a8e52e8c756","2022","57","Q.57) A normal CD-ROM usually can store up to _________data?","suspicious_repeat_char","flagged","","","","",""
"question","2329940b-e0bd-4c95-b0f4-07d09ba1f51d","2022","57","Q.57) What do you mean by warm boot?","","spot_check","","","","",""
"question","be8f20d1-e8ff-4dcc-af99-ee872cf05dfc","2022","58","Q.58) What is a light pen?","","spot_check","","","","",""
"question","71479fb3-5bf9-493c-97dc-c6afd635cead","2022","58","Q.58) In MS word, which symbol can be used in naming the document?","","","","","","",""
"question","6b4c5607-cba5-49dd-814b-711f897009a1","2022","59","Q.59) What is the full form of UNIVAC?","","","","","","",""
"question","caa68494-2c85-4ccf-8edf-6b5583a20647","2022","59","Q.59) Which one is the most suitable reason to use Macro in MS Office (Word, Excel, PPT, etc.)?","","","","","","",""
"question","d520c859-478c-48fc-b2ac-8381bb6b34ef","2022","60","Q.60) Who among the following is known as father of Internet?","","","","","","",""
"question","a04d4fb8-dcd5-496c-b7f4-a7e4447e5f3a","2022","60","Q.60) Which of the symbol appear in MS-Excel that says results are too long to fit in a cell?","","","","","","",""
"question","674b0c5c-7e3f-47ff-8660-fe58f27e2970","2022","61","Q.61) In which of the following topology, each device is connected to every other device on a network through a dedicated point-to-point lin","","","","","","",""
"question","d0012e20-9fce-4458-9a1c-98d975e74943","2022","61","Q.61) What does dpi in printing means?","","","","","","",""
"question","7c2d85ae-ee40-45db-b6a3-1b8c440d58d5","2022","62","Q.62) Which ports connect special types of music instruments to sound cards?","","","","","","",""
"question","246b8659-7c0b-40ac-b199-7781e40851d5","2022","62","Q.62) FORTRAN is a computer programming language that is extensively used in numerical, scientific computing. FORTRAN is abbreviated as?","","spot_check","","","","",""
"question","54ff0ab2-c21c-4d58-879e-130bb4e9b70f","2022","63","Q.63) Which files are contents readymade styles that can be used for a word document?","","spot_check","","","","",""
"question","1243ebe5-0d7d-4ec4-931b-18dc056dd87d","2022","63","Q.63) The shortcut control + semicolon is used to enter which of the following in Excel?","","","","","","",""
"question","c9b6f437-859b-4f38-bb9a-f6dc502c482e","2022","64","Q.64) Which of the following techniques can be used to store a large number of files in a small amount of storage space?","","","","","","",""
"question","fde4c3d8-3f15-4a3f-b65b-d5e78d3fb73f","2022","64","Q.64) Ethernet generally uses which of the following topologies?","","","","","","",""
"question","70a66654-20e0-4661-840c-9a005bca940a","2022","65","Q.65) Which of the following shortcut key save the open document in MS Word like ‘Ctrl + S’?","non_ascii_suspect","flagged","","","","",""
"question","e27671b3-161e-4fcf-8772-3512cff626bc","2022","65","Q.65) Cache Memory is a very strong memory. It is a type of which of the following memory?","","","","","","",""
"question","c7dec9f7-4bf9-4a20-836a-4d9264e5f237","2022","66","Q.66) Which printer is also called Inkless Printer?","","","","","","",""
"question","59f8f9c0-730a-4d97-a44c-e2942d94b470","2022","66","Q.66) A virus that fools the user into the downloading and or executing them by pretending to be useful application is called as?","","spot_check","","","","",""
"question","9ad84c0e-3108-45ee-8450-264357161582","2022","67","Q.67) Where are data and programme stored when the processor uses them?","","","","","","",""
"question","7225bd4c-33df-4c82-9bf9-44b2f6259a8b","2022","67","Q.67)You can copy cell formats from one cell to another by using the","","","","","","",""
"question","5a57dc55-a69b-4e47-b4ff-130b1e9c9bc7","2022","68","Q.68) ASCII stands for","","","","","","",""
"question","d217a28a-79b8-48fb-89b3-f31005b13dc3","2022","68","Q.68) Which one of the following digital circuits is used as the basic component for storing data?","","","","","","",""
"question","5fe35043-91fc-4f53-a77d-e45857628b76","2022","69","Q.69) Vendor-created program modifications are called ______.","suspicious_repeat_char","flagged","","","","",""
"question","7c123e00-18f2-4462-9bc6-0cf800f66c0f","2022","69","Q.69) Ctrl+N is used to execute which task in MS-WORD?","","","","","","",""
"question","60afca62-c255-4b75-8ad1-e814a4b68f4b","2022","70","Q.70) _______________ is used in second generation computer.","suspicious_repeat_char","flagged","","","","",""
"question","ea603afc-f34e-4c8c-b800-938ee5965df8","2022","70","Q.70)What is the full form of DOS?","","","","","","",""
"question","5a608a66-503b-4bb7-abe8-454d0b4d1047","2022","71","Directions (Q.71 to Q.76): Consider the data below about the number of applications received by five colleges. The pie chart shows the perce","","spot_check","","","","",""
"question","708b2bf7-60c4-4b11-899d-688066b24e9a","2022","71","Q.71)?/325 = 145/?","","spot_check","","","","",""
"question","2b8e24f8-a535-45a8-8f98-7edd081e6fe8","2022","72","Directions (Q.71 to Q.76): Consider the data below about the number of applications received by five colleges. The pie chart shows the perce","","","","","","",""
"question","813aab52-af21-4778-9437-7b897d7b682c","2022","72","Q.72)√841 + ? + 75 – 93 = 863","non_ascii_suspect","flagged","","","","",""
"question","47e6098e-f0a0-4a7f-bd6f-e94a4f7fa9b5","2022","73","Directions (Q.71 to Q.76): Consider the data below about the number of applications received by five colleges. The pie chart shows the perce","","","","","","",""
"question","e6dc8e13-d857-42c9-8686-ff5587baf8e3","2022","73","Q.73)40 × 55.96 ÷ 7 – 20% of 699.81 + 63 = ? - (11479.50 ÷ 7)","non_ascii_suspect","flagged","","","","",""
"question","c29e7fe7-9dcd-4ec3-9716-90e9a3681eeb","2022","74","Directions (Q.71 to Q.76): Consider the data below about the number of applications received by five colleges. The pie chart shows the perce","","","","","","",""
"question","c6835631-66c1-4156-af74-565f7b022ecd","2022","74","Q.74)60, 85, 135, 220, 310, 435","","","","","","",""
"question","e6443373-7ca3-4ab8-a19c-de64976a7fae","2022","75","Directions (Q.71 to Q.76): Consider the data below about the number of applications received by five colleges. The pie chart shows the perce","","spot_check","","","","",""
"question","b6d11db0-5a68-49a9-8d51-5263358d7240","2022","75","Q.75)110, 118, 131, 152, 180, 215","","","","","","",""
"question","d55d19c5-f49d-4377-adba-f5a789d41a53","2022","76","Directions (Q.71 to Q.76): Consider the data below about the number of applications received by five colleges. The pie chart shows the perce","","","","","","",""
"question","9c98c0d4-14da-48a4-9a24-e69b7352253d","2022","76","Q.76)19, 35, 71, 135, 235, 380","","","","","","",""
"question","d93ba4c6-e95b-4952-be8e-77f95c7d01dd","2022","77","Q.77) In Jar A, the ratio of milk to water is 4 : 1. 25 litres of mixture is poured from Jar A to Jar B which already has ‘x’ litres milk an","non_ascii_suspect","flagged","","","","",""
"question","fde1f95e-c97e-47c3-ad7e-aec70401c8a8","2022","77","Q.77)A ferry takes 108 minutes to row to place B from another place A along the stream. The distance between place A and place B is 32.4 km.","","","","","","",""
"question","5044a13e-2034-4f4a-9d04-567d8cbd2b21","2022","78","Q.78) Solve the below two equations and mark the option which correctly describe the relation between the variable ‘x’ and ‘y’: I. 3x2 + 8x ","non_ascii_suspect","flagged","","","","",""
"question","7016433c-b4ce-4d32-acbe-954da6d2b3c6","2022","78","Q.78)Pipe ‘A’ and pipe ‘B’ together can fill 32% of a tank in 8 hours while pipe ‘C’ takes 35 hours to empty it. Pipe ‘A’ and pipe ‘B’ were ","non_ascii_suspect","flagged","","","","",""
"question","873684dd-2d63-4f04-9a3f-bed6eb057af8","2022","79","Q.79) Solve the below two equations and mark the option which correctly describe the relation between the variable ‘x’ and ‘y’: I. x2 – 12 =","non_ascii_suspect","flagged","","","","",""
"question","9496ccbf-8036-4a22-a70a-3980a4f46ab9","2022","79","Q.79)Rs.7800 is divided into two parts such that if one part be invested at 3% and the other at 5%, the annual interest from both the invest","","spot_check","","","","",""
"question","b4b437e4-436e-46f9-a5eb-ab7ad3ea6f28","2022","80","Q.80) Solve the below two equations and mark the option which correctly describe the relation between the variable ‘x’ and ‘y’: I. 3x2 – 22x","non_ascii_suspect","flagged","","","","",""
"question","99653696-9a26-4c67-93f0-0beecbea7119","2022","80","Q.80)The cost price of article A and B is Rs. ‘X’ and Rs. (X + 480), respectively. Article A is sold at 20% profit while article B is sold a","non_ascii_suspect","flagged","","","","",""
"question","4d443a83-9e4a-4399-9c17-64c857ef1512","2022","81","Q.81) Consider the below given number series and identify the missing number. 3, 7, 22, 89, 446, ___","","","","","","",""
"question","01c85464-8539-4ff7-b69b-0814a17b7aeb","2022","81","Q.81)‘A’ and ‘B’ started a business by investing certain sum in the ratio 2:3, respectively for 6 years. If 30% of the total profit is donat","non_ascii_suspect","flagged","","","","",""
"question","10a93e31-d1ee-4691-8a25-671ffa1dfcc1","2022","82","Q.82) Consider the below given number series and identify the missing number. 96, 996, 371, 771, 546, ___","","","","","","",""
"question","f2bb0b09-d96d-4655-a067-3797cf785df0","2022","82","Directions (Q.82 to Q.86): Answer the questions based on the information given below. Number of people working in the public sector, by apar","","","","","","",""
"question","0db3a112-ba93-4ac7-948a-7ae38a70ba4f","2022","83","Q.83) Consider the below given number series and identify the missing number. 7, ____, 30, 48, 73, 107","suspicious_repeat_char","flagged","","","","",""
"question","e59e89dd-0dd0-4319-88bb-9064b4b3c365","2022","83","Directions (Q.82 to Q.86): Answer the questions based on the information given below. Number of people working in the public sector, by apar","","","","","","",""
"question","bb077f10-6f95-4feb-ac96-a304e13bcc05","2022","84","Q.84) 12 men can complete a work in 16 days. 10 women can do the same work in 24 days. 6 men leave after working for 8 days. Thereafter, ‘X’","non_ascii_suspect","flagged","","","","",""
"question","6c3700e1-d057-4e5f-b599-f67b2cbdd334","2022","84","Directions (Q.82 to Q.86): Answer the questions based on the information given below. Number of people working in the public sector, by apar","","","","","","",""
"question","f1bcab2c-4029-4a9d-b69e-0850dfe828c8","2022","85","Q.85) Abhi’s age (X) years ago is equal to Bhim’s age (3X) years ago. Abhi’s age 3(X) years hence will be equal to Bhim’s age 6 years hence.","non_ascii_suspect","flagged","","","","",""
"question","a82a342a-7b3e-492a-948e-6b98e69c5ba3","2022","85","Directions (Q.82 to Q.86): Answer the questions based on the information given below. Number of people working in the public sector, by apar","","spot_check","","","","",""
"question","3c77748d-e702-49e0-ad93-9887abca21f9","2022","86","Q.86) A sum of Rs 18,000 is invested for 3 years and 5 years in Schemes A and B respectively (at simple interest). The ratio of the sum inve","","spot_check","","","","",""
"question","0716785d-9937-4012-9bb4-64da0b2d51c6","2022","86","Directions (Q.82 to Q.86): Answer the questions based on the information given below. Number of people working in the public sector, by apar","","","","","","",""
"question","7ff3553b-4a27-46d3-9a17-fb419d2bd92e","2022","87","Q.87) Ravi bought a TV at a discount of 20% on the marked price but was charged additionally 5% transportation charges. The TV was subsequen","","","","","","",""
"question","e90fd5b4-f30e-479e-95bc-643476631470","2022","87","Q.87)The total age of A, B and C four years hence will be 88 years. Find the age of C five years hence, if the present age of A and B is 35 ","","","","","","",""
"question","cb571b30-fcdf-4554-8047-79c9ba82a612","2022","88","Q.88) The ratio of the volume of a right circular cone to the volume of a cylinder is 3:10. The ratio of the radius of cone to the radius of","","","","","","",""
"question","344d62ba-6590-4de6-9ec5-22d078a838d6","2022","88","Q.88)378 ml of mixture ‘A’ contains milk and water in the ratio 4:5 respectively. If the quantity of milk in mixture ‘B’ is 37.5% more than ","non_ascii_suspect","flagged","","","","",""
"question","7c1ccae8-e279-490a-83ee-c8b69e0900e2","2022","89","Q.89) There is a boat A which takes 3 hours 20 minutes to cover D1 km downstream. The same boat takes 5 hours to cover D2 km upstream. The r","","","","","","",""
"question","b2c1a7cf-115c-432c-8506-3f13a8232fe3","2022","89","Q.89)The breadth of a rectangular hall is 1/4 of its length. If the area of the floor is 256 sq. m., then the difference between the length ","","","","","","",""
"question","a963ba80-2f74-46f0-a669-4c8768ab7231","2022","90","Q.90) ‘A’ started a business with Rs 6,000. After 6 months, B joined with certain investment. After 2 months of B’s joining, C joined with R","non_ascii_suspect","flagged","","","","",""
"question","d200563a-843e-4356-a123-6777916b23ca","2022","90","Q.90)A and B individually can complete the work in 20 days and 30 days respectively. If the time taken by C alone to complete the work is 1.","","","","","","",""
"question","d7eca68b-b716-4945-a686-ba42874d548f","2022","91","Q.91) Which of the following techniques of decision making involves a process for arriving at an evaluation of decisions, in which selected ","","spot_check","","","","",""
"question","007103b8-8269-48d1-a596-3daef769573c","2022","91","Q.91) Which of the following is a quantitative method of decision making?","","spot_check","","","","",""
"question","d3b9b48a-a6e2-409b-b929-f3020df1976e","2022","92","Q.92) Which type of a decision would it be when an employee in a company is working out a schedule to ensure that all the sales staff arrive","","","","","","",""
"question","e0eb333a-f056-4afc-ab31-774b8f25b4c5","2022","92","Q.92) Tendency to see a particular situation or issue from chosen perspective, influencing our ability to understand alternative or conflict","","","","","","",""
"question","cc6eb947-cfe9-4e9b-80dc-3e7b1a72f1ce","2022","93","Q.93) What type of bias relies too heavily on one piece of information in making a final decision?","","","","","","",""
"question","109c6192-d16b-4391-8a33-c527595ad72c","2022","93","Q.93) Which of the following problem-solving tools is a visual means of displaying the sequence of activities and decisions that occur in a ","","","","","","",""
"question","49f8db6f-2da4-4a54-826f-a341e55a1c69","2022","94","Q.94) A manager's freedom to make totally rational decisions is restricted by internal and external environmental factors and by the manager","suspicious_repeat_char","flagged","","","","",""
"question","8ce28419-37c0-4a1f-8690-d2c4ebd36961","2022","94","Q.94) One of the barriers to good decision making is setting out to solve wrong problem because we have created a mental framework for our d","","","","","","",""
"question","f168e2fb-3b58-49d1-b0aa-c8a5af1bcbab","2022","95","Q.95) A decision is said to be rational when it is based on _______.","suspicious_repeat_char","flagged","","","","",""
"question","7676fdaf-1d65-4c4b-b8ec-fd1b0cc5056d","2022","95","Q.95) The type of Data Analytics which is used to make forecasts about future trends and answer the question ‘What might happen in the futur","non_ascii_suspect","flagged","","","","",""
"question","4f458072-cd52-4c7c-944f-15db74c56947","2022","96","Q.96) The propensity of a decision maker to be influenced by the manner in which the information is presented to him/her is known as _______","suspicious_repeat_char","flagged","","","","",""
"question","ac40a796-e483-4b97-b3ad-c1e64b209121","2022","96","Q.96) Most ‘judgemental problems’ are solved by","non_ascii_suspect","flagged","","","","",""
"question","852d9950-a47a-40dd-9bee-fa6c38dae2dd","2022","97","Q.97) Discussing a problem face to face with open mind by a group of selected persons is known as _________","suspicious_repeat_char","flagged","","","","",""
"question","2c9bfe11-9529-41c1-bbca-f0a44b261d55","2022","97","Q.97) In Root Cause Analysis (RCA), which of the following is the cause in case people did something wrong or did not do something that was ","","spot_check","","","","",""
"question","9591217a-658c-4eab-9354-17bf67ad0008","2022","98","Q.98) __________ emerges when decision makers have limits on their ability to assimilate large amounts of information.","suspicious_repeat_char","flagged","","","","",""
"question","68a501a2-0086-464f-808c-1f8539d963dc","2022","98","Q.98) Effective communication during decision making process will help to minimize","","","","","","",""
"question","362ba5a5-1297-400c-9289-07225f41ce84","2022","99","Q.99) Prospect theory of decision making is given by ________.","suspicious_repeat_char","flagged","","","","",""
"question","fe514612-5c43-48e4-8c6f-534c6b4e773c","2022","99","Q.99) Overconfidence about our judgement abilities and prediction accuracy, as we remember our successes and quickly forget our errors is ca","","","","","","",""
"question","52317b9b-bb75-4ba5-8f53-c53eecb5149f","2022","100","Q.100)Manish is going on a vacation and needs to book a hotel. He shortlists 3 hotels and is now comparing them on the basis of cost, facili","","","","","","",""
"question","6f58b437-2549-489d-b626-e5ed2b776e02","2022","100","Q.100) Which of the following decision making style is suitable for a leader where there are more than one right answer and where cause effe","","","","","","",""
"question","2f68372a-56d0-4976-b6d4-fa044b586161","2022","121","Q.121) What is the Rank of India in the Global Gender Gap Report 2022?","","spot_check","","","","",""
"question","f9c79a76-76e8-4f48-8b89-76ba74e73428","2022","121","Q.121) Which of the following government scheme is implemented through Life Insurance Corporation?","","spot_check","","","","",""
"question","6c559c20-e6c7-42af-b048-dcd12008ab8c","2022","122","Q.122) Which of the following sector is related to the Service sector?","","","","","","",""
"question","5f5c086b-e8a3-46df-afef-097898622ecb","2022","122","Q.122) PM Suraksha Bima yojana is an affordable insurance scheme for the poor and underprivileged people in the age group of?","","","","","","",""
"question","325a1a0b-9eee-4bfc-8bb4-a6f9cff62016","2022","123","Q.123) After the amendment in Maternity Benefit Act, 1961 the leave was increased from 12 weeks to ______ for women in India.","suspicious_repeat_char","flagged","","","","",""
"question","07ac7e36-38df-4a70-a2a2-79993f0ba803","2022","123","Q.123) PM Matru vandana yojana is a maternity benefit programme implemented in 1st January, 2017, which of the following article is related ","","","","","","",""
"question","beb3dddc-5363-41d0-914a-68ff768f4354","2022","124","Q.124) Recently the premium for Pradhan Mantri Jivan Jyoti Bima Yojana (PMJJBY) was increased by the Central government, what is the new pre","","","","","","",""
"question","f3f7c40e-fe1a-4a2f-b775-b5a4a1a513b8","2022","124","Q.124) Which of the following is not related to the Aspirational district program? 285 | P a g e 1) Education 2) Health and nutrition 3) Agr","","","","","","",""
"question","bac04390-a785-4904-9484-1c0135b891e6","2022","125","Q.125) Who among the following is the implementing agency for Pradhan Mantri Shram Yogi Mandhan Yojana?","","","","","","",""
"question","3e8f241b-a978-4610-97bb-5c281d353479","2022","125","Q.125) Which of the following statement is not correct regarding Socio-Economic and Caste Census (SECC)?","","","","","","",""
"question","d0181606-c35f-40c0-a4d8-b0a7a2777bd5","2022","126","Q.126) Which of the following article is related to the Prohibition of discrimination on grounds of religion, race, caste, sex or place of b","","","","","","",""
"question","ba6f2ed9-77ef-4ac0-8d3c-4ec8b2ad2edd","2022","126","Q.126) According to government data, India has become defecation free, but according to recent data how much percentage of households in rur","","spot_check","","","","",""
"question","1935173a-756c-40e6-a2a7-d3ead347fa79","2022","127","Q.127) Which of the following articles is related to the Right to Education under the Directive principle of state policy?","","spot_check","","","","",""
"question","21e870a6-680d-4643-a495-5c2c8c993f52","2022","127","Q.127)As per the date of Central Statistics Office, the Share of MSME Gross Value Added (GVA) in All India Gross Domestic Product at current","","","","","","",""
"question","8c934632-9cb8-465e-868c-3b52a32ebd93","2022","128","Q.128) What is the Rank of India in the Global Food Security Index 2021?","","","","","","",""
"question","19e41c00-e9f4-4a00-a486-73b3334de013","2022","128","Q.128) Coir scheme is related to?","","","","","","",""
"question","a4f3a4cc-255c-47ce-8fdd-d17455f90e8d","2022","129","Q.129) What is the rank of India in Gender Gap report?","","","","","","",""
"question","d73ae1ad-25dc-4e57-a064-faff3304783f","2022","129","Q.129) Rural roads account for about more than _____ percent of share to total road network in the country?","suspicious_repeat_char","flagged","","","","",""
"question","58e2e1c7-44b8-4367-950b-7c4241c68247","2022","130","Q.130) How many states are there in the “Top Achievers” category of Business Reforms Action Plan 2020?","non_ascii_suspect","flagged","","","","",""
"question","1cfdfae3-1e4f-4d2e-af08-f035d8c65b0c","2022","130","Q.130) Which of the following statement/statements is/are correct with respect to Nation apprenticeship Training Scheme?","","","","","","",""
"question","53992ff9-cbde-42a6-a24d-8ac7e4e7e9de","2022","131","Q.131) The Maintenance and Welfare of Parents and Senior Citizens Act was enacted in which of the following year?","","","","","","",""
"question","d964d553-36c0-422c-bf6e-dd7329c9b172","2022","131","Q.131) Consider the following statement regarding Prime Minister’s Scholarship Scheme (PMSS) - 1) PMSS is run by the Ministry of Home Affair","non_ascii_suspect","flagged","","","","",""
"question","2611394c-e3a0-4359-8b99-d1612a97dc4c","2022","132","Q.132) What is the share of agriculture in National income in FY22?","","","","","","",""
"question","1d7c186c-22a1-4d7b-a3d7-ee41b56b4bd2","2022","132","Q.132) What is the maximum amount of incentive in the form of cashback provided for each vendor per loan.","","","","","","",""
"question","e22e8f40-c8f0-45d5-b88a-3e2986ac5339","2022","133","Q.133) As per Census 2011, which of the following state has the maximum number of senior citizens?","","spot_check","","","","",""
"question","3035a04e-935b-458b-a36d-bf5afbb3ba04","2022","133","Q.133) What should be the maximum income of a person for availing the benefit of PM Shram Man dhan Yojana?","","spot_check","","","","",""
"question","1aa6d09a-1f25-426c-ae20-cd3e90db667f","2022","134","Q.134) ESI scheme is applicable to all the beneficiaries whose monthly wage does not exceed.","","","","","","",""
"question","a8b13b0a-ec88-4662-bb01-54885f915ebb","2022","134","Q.134) Regional Rural Banks (RRBs) is not located in which of the following states?","","","","","","",""
"question","c7adc2fc-ae0f-41f0-91b4-b3395de0c4eb","2022","135","Q.135) What is the minimum pension per month for the pensioners under the Employees’ Pension Scheme (EPS), 1995?","non_ascii_suspect","flagged","","","","",""
"question","f1b1ab66-ecc7-4f83-af31-a24e68155765","2022","135","Q.135) As per the census of 2011, what is the percentage of the rural population with respect to the total population?","","","","","","",""
"question","5ba58e83-4502-479b-b0f8-bd6c9903bd74","2022","136","Q.136) Which of the following ministries is associated with “Aazadi se Antoday take'' campaign?","non_ascii_suspect","flagged","","","","",""
"question","cc55fc9c-c2a2-4fe5-aad7-86690af71d70","2022","136","Q.136) Which of the following states have the Maximum cooperative societies?","","","","","","",""
"question","b5deb337-b66c-4380-875f-0d029ec7fae8","2022","137","Q.137) How many kilometers of inland waterways will be built to navigable waterways and strategic locations on key international maritime tr","","","","","","",""
"question","b8cab562-7225-42c3-8830-2d50e0d86b76","2022","137","Q.137) As per the present FDI Policy, 100% FDI is allowed in the which of the following activities of agriculture through automatic route;","","","","","","",""
"question","397d18e7-95fa-4c7a-b376-72ca8257980b","2022","138","Q.138) Opium is legal in which of the following state along with Madhya Pradesh and Uttar Pradesh?","","","","","","",""
"question","28d73946-6a98-4cf8-aece-ea9bba87a9d9","2022","138","Q.138) Employees’ Deposit-Linked Insurance is an insurance cover provided by the EPFO for private employees. It was launched in which of the","non_ascii_suspect","flagged","","","","",""
"question","566fd9c5-20e7-43ef-b1f3-8ee4aca10784","2022","139","Q.139) Share of MSME Gross Value Added (GVA) in All India Gross Domestic Product at current prices (2011-12) for the year 2018-19 was _____ ","suspicious_repeat_char","flagged","","","","",""
"question","254a468b-60d1-484b-b1ef-fc0db62c8664","2022","139","Q.139) 'Mission Shakti' was launched during the 15th Finance Commission period 2021 -22 to ______.","suspicious_repeat_char","flagged","","","","",""
"question","858c8bc0-ca98-4c81-bfe0-a655250a2abb","2022","140","Q.140) How many eligible crops get the Minimum Support Price (MSP) under Kharif, Rabi, and commercial crops?","","","","","","",""
"question","955397b5-f06b-4372-8a02-e874c5327df0","2022","140","Q.140)'Students’ and Teachers’ Holistic Advancement through Quality Education (SARTHAQ) scheme is related to ________?","non_ascii_suspect;suspicious_repeat_char","flagged","","","","",""
"question","e453d92f-1e0a-4a3a-8f85-a4f82af69c91","2022","141","Q.141) As per AISHE 2019 -20 Report, what is the gross enrolment ratio for Schedule Cast students?","","spot_check","","","","",""
"question","db04c68f-c14f-4a7e-8c8a-d6589e9c6ca1","2022","141","Q.141) Central Consumer Protection Authority (CCPA) as a regulatory authority was established under which section of Consumer Protection Act","","spot_check","","","","",""
"question","3ce7760a-1b99-4222-a582-8c709a01765c","2022","142","Q.142) What is the highest inflation tolerance band as agreed by the RBI and the Government of India?","","","","","","",""
"question","a485e69c-9018-4187-88a2-e07bd0817d4e","2022","142","Q.142) Recently Pradhan Mantri Suraksha Bima Yojana (PMSBY) had increased the premium from Rs.12 to____ ?","suspicious_repeat_char","flagged","","","","",""
"question","d446d989-14d0-4fcc-ba92-213ece5bae3a","2022","143","Q.143) What is approx. collection of Income tax during FY 2021-22?","","","","","","",""
"question","5b7a623b-c1e6-4f26-9c36-6a3e50da7e37","2022","143","Q.143) Which of the following in not the eligible beneficiary under Prime Minister's Overarching Scheme for Holistic Nourishment Abhiyaan PO","","","","","","",""
"question","43483e4c-09ae-4fd0-aab7-5448aac97a4d","2022","144","Q.144) Which of the following Scheme is not related to the Senior Citizen of India?","","","","","","",""
"question","1c30c585-ac41-4de6-8bcd-507ec4e2d721","2022","144","Q.144) According to the Food Safety and Standards Authority of India (FSSAI)’s 4th State Food Safety Index (SFSI), Which state hold the top ","non_ascii_suspect","flagged","","","","",""
"question","913b28a4-f13c-4366-8a91-565a1ba380d2","2022","145","Q.145) Which of the following schemes is administered by Life Insurance Corporation?","","spot_check","","","","",""
"question","64d3f9e3-0bf1-40d5-930a-175bc5196c9a","2022","145","Q.145) Under Pradhan Mantri Ujjwala Yojna (PMUY), the beneficiaries get how much subsidy in their bank account and how many subsidized cylin","","","","","","",""
"question","7c3fff20-2241-4232-8bb4-f15d8a74fc57","2022","146","Q.146) Which of the following scheme aims to provide a lump sum family benefit of Rs 10,000/- to the bereaved households in case of the deat","","","","","","",""
"question","9192413a-ac43-4704-b725-d70dab5db42a","2022","146","Q.146) According to Microfinance Institutions Network (MFIN) MFIN Micrometer Q4 FY21 - 22, which state ranked second and third in top after ","","","","","","",""
"question","a5cd1644-472c-42ee-a215-1105e0d5e705","2022","147","Q.147) What percent of the total population is engaged in agriculture and allied activities as per the census 2011?","","","","","","",""
"question","794e4c73-efeb-4cda-a01f-68e25b4dbd56","2022","147","Q.147) World Bank has approved what amount for India’s Road safety Programme?","non_ascii_suspect","flagged","","","","",""
"question","c1cc764b-0fde-41d2-8af7-427a0f0355b4","2022","148","Q.148) What is the percentage of the rural population out of the total population as per the census 2011?","","","","","","",""
"question","f5db7b41-b769-47ba-bd9e-855869fa3669","2022","148","Q.148) Which organization regulates angel investment?","","","","","","",""
"question","e8abf785-e5e5-47ad-b176-481877df3b6a","2022","149","Q.149) What is the new premium amount for Pradhan Mantri Jeevan Jyoti Bima Yojana (PMJJBY)?","","","","","","",""
"question","4540717f-923d-45df-bf1c-3db114518f34","2022","149","Q.149) Women participation rate remains at _____ under MGNREGA in FY 2021-22?","suspicious_repeat_char","flagged","","","","",""
"question","061d3fa0-d3dc-4fba-8639-ea6d20971006","2022","150","Q.150) Which one of the following is not the component of PM Virasat ka Samvardhan (PM VIKAS) Yojana?","","spot_check","","","","",""
"question","cb3dcc3c-daed-4108-bf03-5a5050a54bab","2022","150","Q.150) How much money was allocated to Rural Infrastrucutre Development Fund (RIDF) for the year 2021-22?","","spot_check","","","","",""
"question","58b9fb7e-e4e6-44cd-8fd0-e0c8ef02cbc8","2022","151","Q.151) Jal Jivan Mission started in the year 2019-20 and targeted with providing tap water connection by the year____?","suspicious_repeat_char","flagged","","","","",""
"question","7437894e-64ab-4309-bb92-5738ef412333","2022","151","Q.151) Ministry of minority affairs was separated from Ministry of social justice and empowerment in which of the following year?","","","","","","",""
"question","3d8f328c-06f8-47c8-9606-0696cc4de397","2022","152","Q.152) Under which of the following article of Indian constitution, the state shall within the limits of its economics capacity and developm","","","","","","",""
"question","92aae420-ba33-4ca9-8153-89eed57b5e37","2022","152","Q.152) Which of the following is not the parameters of Niti aayog’s aspirational district index?","non_ascii_suspect","flagged","","","","",""
"question","92a097dc-eff5-4a10-8a30-20a8c7543258","2022","153","Q.153) Forecasting Agriculture output using space, agrometeorological and land -based observation (FASAL), which organisation will generate ","","","","","","",""
"question","abef70a0-f0eb-4b65-8a5d-6ae5ddc6dbf2","2022","153","Q.153) Pradhan Mantri Gram Sadak Yojana (PMGSY), the rural roads construction scheme, in the budget for the year 2022-23 was raised how much","","","","","","",""
"question","3cce30b9-cd07-4bb9-8c5b-fb3e8009fa06","2022","154","Q.154) How much amount has been invested by World Bank since the implementation of Pradhan Mantri Gram Sadak Yojna (PMGSY)?","","","","","","",""
"question","6efab894-4b4d-4afe-8234-20514240ff92","2022","154","Q.154) The number of people having access to improved sanitation facilities increased to what percent according to NFHS- 5, from 49 per cent","","","","","","",""
"question","450c15ac-eb17-495a-ab70-e358d6980253","2022","155","Q.155) What is the percentage decline in the annual per capita availability of water in India?","","","","","","",""
"question","0db8fc40-e8da-4751-91c0-a42aad991ad1","2022","155","Q.155) NPS for traders provide a monthly minimum assured pension of what amount after attaining the age of 60 years?","","","","","","",""
"question","2e29ba7e-b5d8-443b-a25a-a7860a327eda","2022","156","Q.156) According to the CMIE, what was the Labour force participation rate in rural India between January to April 2022?","","spot_check","","","","",""
"question","43045bc5-7f09-49f3-9598-cdac2b3aeeb3","2022","156","Q.156) Recently Government of India took some initiatives to improve Sex ratio in the country. Sex Ratio has increased to 937 in 2020-21 fro","","spot_check","","","","",""
"question","e26503ca-d06c-4a6e-97d6-1fd757cc31af","2022","157","Q.157) Which of the following is not the objective of Watershed Management -","","","","","","",""
"question","106b8b68-4582-4411-b29f-28158482aa25","2022","157","Q.157) NPS for traders provide a monthly minimum assured pension of what amount after attaining the age of 60 years?","","","","","","",""
"question","285a1ac6-9958-47d8-b396-ac5f2dc58cbb","2022","158","Q.158) Which of the following is the third poorest state as per multidimensional poverty index?","","","","","","",""
"question","a6309ee5-ea35-429f-9955-b52dbe9b9074","2022","158","Q.158) How much cash benefit is provided under Pradhan Mantri Matru Vandana Yojana (PMMVY) in each instalment?","","","","","","",""
"question","19ba1c5e-3407-4353-8788-c7601da08931","2022","159","Q.159) In which of the following year National Career Service Launched?","","","","","","",""
"question","4b8e65aa-3b1f-436a-98dd-b1b15d37e7de","2022","159","Q.159 Consider the following statement - 1) Access 2) Usage 3) Quality Which of the above are sub-Indices of Financial Inclusion Index -","","","","","","",""
"question","44a89a31-9dde-4f3c-98c9-2abcc3e92e6b","2022","160","Q.160) What is the target year for Swachh Bharat Mission-Urban 2.0?","","","","","","",""
"question","9fbcbfe5-5b73-46b8-9af9-4c414bce78bd","2022","160","Q.160) Government of India renamed the PTGs as Particularly Vulnerable Tribal Groups (PVTGs), there are how much PVTGs notified in the count","","","","","","",""
"question","47d28763-1c61-444e-a413-700f63681a1b","2022","161","Q.161) When major output is expected from per unit input focus is on factor of production (Land, Labour, Capital, Enterprise is called _____","suspicious_repeat_char","flagged","","","","",""
"question","394bbcda-4887-4195-8292-3d355768982f","2022","161","Q.161) Scientific name of Apple","","spot_check","","","","",""
"question","cb83c5ea-abe5-488a-ab4f-9218f9211e1a","2022","162","Q.162) MSP of Lentil of Rabi Marketing Season (2020-21) is __________.","suspicious_repeat_char","flagged","","","","",""
"question","d7b2f042-933c-409f-bb55-dced85325ee3","2022","162","Q.162) Young female of buffalo is called","","","","","","",""
"question","b6626ba5-e957-4df1-b803-1a847303d61c","2022","163","Q.163) Apna Khet Apna Kaam is the scheme of under MGNREGA in which of the following state?","","spot_check","","","","",""
"question","86d7e7c2-94b4-4007-958c-59f0ac01460c","2022","163","Q.163) A scheme in which the Center transfers an amount of Rs 6,000 per year, in three equal installments, directly into the bank accounts o","","","","","","",""
"question","6b7bc0f7-13e2-4f58-b177-03d9b46e6600","2022","164","Q.164) Gestation period of Sheep is ____________.","suspicious_repeat_char","flagged","","","","",""
"question","dd05980e-640b-42b0-b503-bd2f3eb7eb26","2022","164","Q.164) Separation of graafian follicle from the egg","","","","","","",""
"question","019b2fb6-b436-4052-8634-f55f2d85305f","2022","165","Q.165) Agriculture education day is celebrated on the birth anniversary of _______________.","suspicious_repeat_char","flagged","","","","",""
"question","ee21319f-c8ef-4b5e-918d-47bed093c964","2022","165","Q.165) TRYSEM is related to which of the following 344 | P a g e","","","","","","",""
"question","8199829c-b756-4486-b786-a8b9ca08bd42","2022","166","Q.166) A production system which avoids or largely excludes the use of synthetically compounded fertilizers, pesticides, growth regulators, ","","","","","","",""
"question","715624db-4b03-4fef-9689-d1d6941b7f3e","2022","166","Q.166) The scientific study of soil management and crop production, including irrigation and the use of herbicides, pesticides, and fertiliz","","spot_check","","","","",""
"question","343646e5-e2de-4fad-9f2c-00651f478ea7","2022","167","Q.167) The popular breed of poultry which belongs to Italy.","","","","","","",""
"question","d349895d-08b4-46b1-8266-43873e45bf70","2022","167","Q.167) The branch of ornamental horticulture concerned with growing and marketing flowers and foliage plants as well as with flower arrangem","","","","","","",""
"question","a6bd1964-7765-4e82-918b-75228d4a089b","2022","168","Q.168) The process by which fruits attain their desirable flavour, quality, colour, palatable nature and other textural properties.","","","","","","",""
"question","41194aee-522d-430d-98d7-c60c15ea239e","2022","168","Q.168) Grape is vegetatively propagated through which of the following methods -","","","","","","",""
"question","fcf10b52-1cff-4733-94ff-b1608f820981","2022","169","Q.169) Process of drop down of milk after the stimulation of oxytocin","","","","","","",""
"question","f23a3ffc-96ef-4a5e-abbd-6075607b0cd0","2022","169","Q.169) Process of formation of mammary glands in cow is called","","","","","","",""
"question","be8f3a69-33de-46dc-afd7-7069bd409b5c","2022","170","Q.170) Development of interveinal chlorosis from bottom to top in later stages, purple colour and bronzing ultimately drying of plant parts","","spot_check","","","","",""
"question","d5def613-34fe-4f2c-a7a6-6725653f2aea","2022","170","Q.170)The nodal agency for the holistic development of seafood industry, including export of marine products in India is","","","","","","",""
"question","ce8da7b8-0ee0-48a9-b07f-d1246328a7e2","2022","171","Q.171) The modified stem that grow horizontally on the ground or below the ground are called___________.","suspicious_repeat_char","flagged","","","","",""
"question","291478d9-5b5e-421b-abe5-f3b83ad640ed","2022","171","Q.171) An exotic fish which adapted to Indian conditions","","spot_check","","","","",""
"question","749330fa-b940-4ba3-9cd4-4634cc29caab","2022","172","Q.172) __________ is a pan -India electronic trading portal which networks the existing APMC mandis to create a unified national market for ","suspicious_repeat_char","flagged","","","","",""
"question","afb5f01e-f08c-4339-8322-c4a54a014df9","2022","172","Q.172) Which of the following agroforestry system is a combination of Agri-silviculture and Silvi- pasture where the land is managed for the","","","","","","",""
"question","510cbf36-ba3d-4d34-a166-25403eefe430","2022","173","Q.173) According to the census of India 2011, What is the Percentage of Rural Population of India","","","","","","",""
"question","8e1a07d7-68cc-4973-912a-351dea0824c5","2022","173","Q.173) A condition in which micro pores of soil are filled with water due to rain or irrigation, it is called","","","","","","",""
"question","2d9e5c55-9145-4f03-99b2-e8748bfa6794","2022","174","Q.174) Contribution of agriculture and allied sector in Gross Value Added (GVA) for the 2021-22__________.","suspicious_repeat_char","flagged","","","","",""
"question","cc506f6b-594c-4966-8db9-cae35045181a","2022","174","Q.174) A disease of citrus plants in which cracks develop in the bark and sap oozes out. Profuse gumming on the surface is seen. It also cau","","","","","","",""
"question","93866b0d-0355-4f21-ab1b-aee7db615d2b","2022","175","Q.175) In tractor economy, which of the following will be considered as fixed cost?","","","","","","",""
"question","e5396cec-f01f-443a-89b5-26def471e648","2022","175","Q.175) GVA of livestock has been increased from 24.32% in 2014-15 to ……………in 2018-19","non_ascii_suspect;suspicious_repeat_char","flagged","","","","",""
"question","38dc4c90-4d08-471e-b5ce-74bf04c3983e","2022","176","Q.176) Substances that contain microorganisms, which when added to the soil increase its fertility and promotes plant growth__________.","suspicious_repeat_char","flagged","","","","",""
"question","14c9864c-6222-44dc-b774-b145e571cbb9","2022","176","Q.176) ___ is an irrigation method which resembles natural rainfall. It reduces labor cost and land used in bunding and is suitable for undu","","","","","","",""
"question","73b6dd57-edf9-4534-9c0d-525ae2794f97","2022","177","Q.177) What is the type of farming done along the contour of sloping land to avoid soil erosion with slope less than 33%.","","","","","","",""
"question","ae9fb055-ac24-4dfb-900a-102cd9618289","2022","177","Q.177) Incubation period of broiler ………….? 347 | P a g e","non_ascii_suspect;suspicious_repeat_char","flagged","","","","",""
"question","f199b132-73ab-4cb4-b12e-02e516918e0a","2022","178","Q.178) Aromatic plant botanical name - export and produce in India for perfume and fragrance","","spot_check","","","","",""
"question","d8785aed-4daa-4e59-bc7e-997d7f515408","2022","178","Q.178) The light soil which need frequent irrigation and have low water retention capacity are","","spot_check","","","","",""
"question","0c8be23a-6eb7-4813-8480-65688a401fce","2022","179","Q.179) The water that held tightly on the surface of soil colloidal particle is known as …………….. It is essentially non-liquid and moves prim","non_ascii_suspect;suspicious_repeat_char","flagged","","","","",""
"question","18469bbc-f456-416f-bf5c-4241717e460a","2022","179","Q.179) Bunchy top of banana, caused due to virus, is transmitted by","","","","","","",""
"question","fc803fcb-cf78-4c22-bc5b-7d0273842621","2022","180","Q.180) A wax like substance containing the natural flower perfume together with some plant waxes, albumin and colouring matter.","","","","","","",""
"question","a38c8c87-0873-4171-8e81-a9ebdfe80fef","2022","180","Q.180) A chicken that is raised specially for meat production?","","","","","","",""
"question","a7313195-da95-4324-be2b-81c40060373a","2022","181","Q.181) Damping Off of Papaya symptoms","","","","","","",""
"question","e316957b-bb50-485c-bd48-dd88d04941a5","2022","181","Q.181) A crossing of two or more breeds and alternately mating the hybrid females over several generations with males of the original breeds","","","","","","",""
"question","3cd358e3-a7a4-439e-932b-a0f3e8277b03","2022","182","Q.182) Coconut is propagated through?","","","","","","",""
"question","9a7e4b71-0513-4606-97b0-363ac9ed42c1","2022","182","Q.182) Inter breeding of individuals of same breed which do not have common ancestors for 4 to 5 generations?","","","","","","",""
"question","224447a8-4a6a-4c57-8e2d-9d64d10f4a7e","2022","183","Q.183) Climate smart agriculture does not include ______.","suspicious_repeat_char","flagged","","","","",""
"question","43f8fa28-c9fd-4e1f-a78f-f65a46df8403","2022","183","Q.183)The method of farming which involves cultivating a field partitioned into long, narrow strips which are alternated in a crop rotation ","","spot_check","","","","",""
"question","1da51ded-ca79-4bd0-aaa4-03f6bbf965a2","2022","184","Q.184) Farming so as to meet society's present food and textile needs, without compromising the ability for current or future generations to","","","","","","",""
"question","26fc8610-c2c5-4b21-a724-c0dde2e2f5f0","2022","184","Q.184) ___ refers to the intensification of cropping in sequence on the same field per year the succeeding crop is planted after the precedi","","","","","","",""
"question","5b41a9cd-c95e-42e0-b0ec-966976045216","2022","185","Q.185) The deficiency in plants can be visually identified at the early vegetative stage as an abnormally dark green or reddish, purple colo","","spot_check","","","","",""
"question","16c46e8d-4b8b-4ffc-81b6-7aad0de75701","2022","185","Q.185) Which method of extension is used for teaching a group of people new techniques and practices like preparing nursery bed, treating se","","","","","","",""
"question","03c7957c-815c-453d-9b5c-162140b43e08","2022","186","Q.186) Botanical Name of Teak is called?","","","","","","",""
"question","587377a8-9b63-4b4b-af89-ea69d258e9da","2022","186","Q.186) A flagship scheme of government which focuses on harnessing fisheries sector potential and aims to double the fish farmers income?","","","","","","",""
"question","b38410e2-bc79-4631-bf18-aea6ade0d163","2022","187","Q.187) Whitish-gray powdery coating on the leaves or fruit. On leaves, initial symptoms appear as chlorotic spots on the upper leaf surface ","","","","","","",""
"question","4ad1e8ee-9f34-4cdf-8ef7-457d16c437b5","2022","187","Q.187) A lateral branch arising from the base of main stem and which is used for propagation of some fruit plants is","","","","","","",""
"question","0613a36a-4f07-45cc-934e-b33e72e3c24b","2022","188","Q.188) Highest cut rose sold in which day of the year","","","","","","",""
"question","97bb79af-9280-4d04-bb89-0c8d9798449d","2022","188","Q.188) The transfer of pollens from the stamen to the stigma of the same flower or the stigma of another flower on same plant or to the stig","suspicious_repeat_char","flagged","","","","",""
"question","18406b29-ae78-4f06-8613-0f2d7dbbb563","2022","189","Q.189) Which organelle responsible for growth and development","","","","","","",""
"question","961740cd-268f-412e-ae06-3bfbb174ca17","2022","189","Q.189) Government of India announce MSP on the recommendation of","","spot_check","","","","",""
"question","19c8fa6a-07e2-44fc-91d9-5d85d254c2c6","2022","190","Q.190) Ram lamb is castrated at what age","","spot_check","","","","",""
"question","20a1d78d-0f13-4eb3-9bcd-c289c573d348","2022","190","Q.190) MSP of Tur (Arhar) for the Kharif marketing season 2022-23 is Rs. ___","","","","","","",""
"question","addb388f-35de-4804-922b-0a5e19edcb04","2022","191","Q.191) What should be the pH for the Fish-pond for fish culture?","","","","","","",""
"question","326d74f7-e6ae-4688-8ae5-7bc2e53015aa","2022","191","Q.191) Which of the following forms a part of National Agricultural Research System (NARS), aimed at assessment of location specific technol","","","","","","",""
"question","4574b558-4285-4781-aa6d-32b5fdf1a4ea","2022","192","Q.192) Agroforestry system in which long fodder crops are grown to protect the soil, mulching and to prevent erosion.","","","","","","",""
"question","2dfd3007-7bde-48ae-bf30-104ec7190fc0","2022","192","Q.192) Under PMAY- G, the size of a unit house, which includes a hygienic place for cooking is __","","","","","","",""
"question","41b95452-90ca-485b-9801-4f4a47cba147","2022","193","Q.193) Grape’s leaf feeding in initial stage and complete defoliation is caused by","non_ascii_suspect","flagged","","","","",""
"question","aff397f7-3664-44fc-9906-25272ca3b798","2022","193","Q.193) A pure seed of improved variety which is produced under the supervision of plant Breeder. It is used for the production of breeder se","","","","","","",""
"question","1280c1c4-dcd0-4b9b-8400-b1891c7d9f5a","2022","194","Q.194) __________ involves the participation and collaboration of various stakeholders including community, government and nongovernmental o","suspicious_repeat_char","flagged","","","","",""
"question","8e5d8e77-168c-4cce-8156-1f3f827ec8b3","2022","194","Q.194) A farming technique in which we make use of high technology sensor and analysis tools to identify, analyse and manage soil spatial an","","spot_check","","","","",""
"question","0dec7b2b-c4da-4283-b16d-594bb7211e41","2022","195","Q.195) What is the GVA share of agriculture sector according to the First Income estimates","","","","","","",""
"question","57eca2a4-db8e-4ace-a888-77fc6d51dc82","2022","195","Q.195) In Lift Irrigation Project, the total head is ___","","","","","","",""
"question","ed5211f2-55ef-4e9a-9f92-a435641006dd","2022","196","Q.196) Any surface area from which runoff resulting from rainfall is collected and drained through a common point.","","spot_check","","","","",""
"question","d5e46adb-0b55-48f6-891b-5b59be02e87d","2022","196","Q.196) According to 3rd Advance estimate of foodgrain production 2021-22, the total food grain production has been estimated to be","","","","","","",""
"question","434b015e-99e7-45f8-b11c-49de5540da4c","2022","197","Q.197) Scheme which is used to assess the current status of soil health and, when used over time, to determine changes in soil health that a","","","","","","",""
"question","3535bff5-5b1d-48e1-8693-84811f43108a","2022","197","Q.197) ____ established by MPEDA as an outreach organization for uplifting the livelihood of small-scale farmers through the origin of clust","suspicious_repeat_char","flagged","","","","",""
"question","706a3a71-bd03-40cd-8f63-14572305f9d7","2022","198","Q.198) An integral part of the National Agricultural Research System (NARS), aims at assessment of location specific technology modules in a","","","","","","",""
"question","1c16b87a-cd78-43ed-ba9a-4ec9316e50a1","2022","198","Q.198) According to Census 2011, what is the percentage of the rural workforce?","","","","","","",""
"question","91a760df-8637-4c5a-97b9-583a73819053","2022","199","Q.199) Scheme for the solution of all the problems of farmers","","","","","","",""
"question","37779e8e-7436-4399-aa52-cb616f4d524c","2022","199","Q.199)Identify the scheme which consolidate the existing rural road network by upgradation of existing ‘Through Routes’ and ‘Major Rural Lin","non_ascii_suspect","flagged","","","","",""
"question","e87c2ebf-7a44-4b8d-937d-e67d21b788f2","2022","200","Q.200) Which one of the following is Indian Major Carps","","","","","","",""
"question","92baf83e-bee7-43d2-bb08-c4270f5436ae","2022","200","Q.200) Under the scheme DAY NRLM short term loans of Rs. 3 lakh are given to SHGs. It has a provision of additional interest subvention of _","","","","","","",""
"tag","3827afa7-b224-4077-8f5c-61b93ab195ad","2022","00489463-d616-4b6a-b5f9-81ab32057126","Anchoring, framing and presentation effects","","spot_check","verified","","","",""
"tag","72ba696f-053e-411d-aa7a-62473243a08c","2022","00489463-d616-4b6a-b5f9-81ab32057126","Anchoring, framing and presentation effects","","","verified","","","",""
"tag","a9484a20-ee0f-4549-bc41-9075ff6eed44","2022","00489463-d616-4b6a-b5f9-81ab32057126","Anchoring, framing and presentation effects","","","verified","","","",""
"tag","828dc9c3-bf6c-43bb-b412-b535f80fb71f","2022","01534867-865e-4720-ae7a-fc57ff1502c8","Minority welfare schemes","","","","","","",""
"tag","381a8244-e1fd-4833-829b-0e2f6403db43","2022","01f2ee8f-c655-4c2e-912e-e0f18a2d3201","Quadratic equations ΓÇö root comparison (x vs y)","","","","","","",""
"tag","c5ed4e88-9f94-4f04-a699-446dea2029a1","2022","01f2ee8f-c655-4c2e-912e-e0f18a2d3201","Quadratic equations ΓÇö root comparison (x vs y)","","","","","","",""
"tag","50061b92-6244-485d-9613-6583e97c72af","2022","01f2ee8f-c655-4c2e-912e-e0f18a2d3201","Quadratic equations ΓÇö root comparison (x vs y)","","","","","","",""
"tag","05f48901-4b94-489f-b7ed-d4cb40c218c6","2022","0630aa25-6472-403e-a3a4-fc1d3a0dfe43","Production economics and factors of production","","","","","","",""
"tag","ad6f3a50-97ca-4870-b24d-741fbe85ef67","2022","08bb405d-9517-4fd2-9841-1412bd5b2f11","Swachh Bharat and sanitation missions","","","","","","",""
"tag","e39da91c-049a-4a7b-87d1-7467612e6ad1","2022","08bb405d-9517-4fd2-9841-1412bd5b2f11","Swachh Bharat and sanitation missions","","","","","","",""
"tag","5bed0ebe-1ff1-48e4-96dd-c8baa941e637","2022","09bc3db4-a4ca-47ab-9172-142c1e7475f8","Food security, PDS and free foodgrain schemes","","","","","","",""
"tag","be87ef80-d7a9-424a-9cd1-945757a25d44","2022","09eef279-390d-4889-a8fb-81c6961bee8a","Shortest distance by Pythagoras","","","","","","",""
"tag","c28d669f-caab-4ad8-95c2-4f98ceb99eec","2022","09eef279-390d-4889-a8fb-81c6961bee8a","Shortest distance by Pythagoras","","","","","","",""
"tag","bdc4a9a3-9628-40c6-8980-d32daae2dba8","2022","0af84c96-012b-4e72-8f94-03b958789be3","MS Excel cell references, shortcuts and display behaviour","","","verified","","","",""
"tag","a3097bbb-e81a-4af0-a3ff-987a897437f6","2022","0af84c96-012b-4e72-8f94-03b958789be3","MS Excel cell references, shortcuts and display behaviour","","","verified","","","",""
"tag","74e80d8a-26b3-4bd3-ae6a-5c807019a41c","2022","0af84c96-012b-4e72-8f94-03b958789be3","MS Excel cell references, shortcuts and display behaviour","","","verified","","","",""
"tag","0f4fecec-8486-471b-ab0c-0d79b9787dbb","2022","0af84c96-012b-4e72-8f94-03b958789be3","MS Excel cell references, shortcuts and display behaviour","","","verified","","","",""
"tag","0be6a165-89cd-4182-9fb2-ecb84b38b8d4","2022","0df7dc1f-8059-4012-a9a4-59b8bc8b7181","Commonly confused word pairs","","","","","","",""
"tag","998ad7c8-09ac-45ff-a6bd-d564f39cca58","2022","0df7dc1f-8059-4012-a9a4-59b8bc8b7181","Commonly confused word pairs","","","","","","",""
"tag","06f9ca7c-2cb9-4f15-9583-592941e1af13","2022","0df7dc1f-8059-4012-a9a4-59b8bc8b7181","Commonly confused word pairs","","","","","","",""
"tag","82e07bb0-580e-4d5f-86dd-5372e1d4cd45","2022","0df931ef-2b4e-4203-bcd0-f7886f74efe8","Sectoral composition of the economy","","","","","","",""
"tag","af30d74c-cd97-4372-aa79-69a797b4779b","2022","0ffc4710-e0a5-4092-adbf-de5c41cd9c87","Selective perception and similarity bias","","","verified","","","",""
"tag","a983f7b7-44f5-46b1-9268-ae43629fdb79","2022","102804b0-13d0-47a0-96ed-de6cc028e08d","Minimum Support Price and procurement","","","","","","",""
"tag","c74cb513-c22b-4e7d-a31b-1223dac6aaeb","2022","102804b0-13d0-47a0-96ed-de6cc028e08d","Minimum Support Price and procurement","","","","","","",""
"tag","f6cbb27f-aaaa-43f8-a43a-dc8600d77784","2022","102804b0-13d0-47a0-96ed-de6cc028e08d","Minimum Support Price and procurement","","","","","","",""
"tag","3e3daeb6-47d3-4262-9d2c-b685f28b2d64","2022","10b21db7-8b86-4fa9-a1f6-8cd7d21085da","Segment-marked error identification","","","","","","",""
"tag","f37680f3-e1d8-4d18-8e71-3d70981d3cb3","2022","10b21db7-8b86-4fa9-a1f6-8cd7d21085da","Segment-marked error identification","","","","","","",""
"tag","75b18738-80fa-473f-9e47-9c225bd817b3","2022","10b21db7-8b86-4fa9-a1f6-8cd7d21085da","Segment-marked error identification","","","","","","",""
"tag","2aaeb062-7b8d-40cb-9570-8a2ad9492850","2022","10b21db7-8b86-4fa9-a1f6-8cd7d21085da","Segment-marked error identification","","","","","","",""
"tag","d812eba4-554a-4f2d-94f5-c8d5a2784edd","2022","10b21db7-8b86-4fa9-a1f6-8cd7d21085da","Segment-marked error identification","","","","","","",""
"tag","3eecc06b-93d6-4cb5-b52f-da42cda20a0a","2022","10b21db7-8b86-4fa9-a1f6-8cd7d21085da","Segment-marked error identification","","","","","","",""
"tag","3e03cda0-9e20-4d31-83c5-b1e8c7e7deeb","2022","10b21db7-8b86-4fa9-a1f6-8cd7d21085da","Segment-marked error identification","","","","","","",""
"tag","59aad088-64de-4b42-b49f-367306b3c6c7","2022","12569d79-75a5-49c2-9a7e-8c767856094c","Aromatic and medicinal plants","","","","","","",""
"tag","bf5a961b-c159-48cb-bd52-3f671eb96beb","2022","12569d79-75a5-49c2-9a7e-8c767856094c","Aromatic and medicinal plants","","","","","","",""
"tag","151d42fc-ca8d-4132-b02f-22061ee9df84","2022","126804dc-0695-4dfb-86b2-4fd6a38dc761","Cropping systems and cropping patterns","","","","","","",""
"tag","5e2499ae-190d-4169-9d8d-546fd726a98f","2022","126804dc-0695-4dfb-86b2-4fd6a38dc761","Cropping systems and cropping patterns","","","","","","",""
"tag","3cf0ee11-1f1e-4e81-863a-98de0657b656","2022","15e7768f-f126-4030-a227-218a815ea259","Multi-chain inequality with linked variables","","","","","","",""
"tag","12cfd1eb-462a-46d6-813d-8c7b0bcd5721","2022","164e4a9f-8e9c-4ab4-82c7-cd4dbf6b1ee2","Farmer welfare schemes and grievance portals","","","","","","",""
"tag","383666aa-c11a-43ca-bdea-7a3c05f8cb9d","2022","16cf2f4b-67c1-442c-b92f-badde3dd5f22","Irrigation engineering and lift irrigation","","","","","","",""
"tag","456ea0a8-a828-4d57-8874-56b72b4beca3","2022","179feef8-e17e-4adc-a782-c7a24a84ead1","National family health surveys and health indicators","","","","","","",""
"tag","f5f1bf90-435d-4d85-b50b-7897f6cfef0d","2022","1c2f9218-9361-4ee9-84cd-f830a30c648a","Mixed and combined DI","","","","","","",""
"tag","0e7b4127-14b7-4b78-b4ec-87696c375b54","2022","1c2f9218-9361-4ee9-84cd-f830a30c648a","Mixed and combined DI","","","","","","",""
"tag","d3104c43-9b7a-4765-978b-09d07f525143","2022","1c2f9218-9361-4ee9-84cd-f830a30c648a","Mixed and combined DI","","","","","","",""
"tag","7a7c4fe5-871a-4235-b721-1bd640cfb4eb","2022","1c2f9218-9361-4ee9-84cd-f830a30c648a","Mixed and combined DI","","","","","","",""
"tag","94c31cc6-05fb-45a2-baaa-77a9c40bee80","2022","1c2f9218-9361-4ee9-84cd-f830a30c648a","Mixed and combined DI","","","","","","",""
"tag","676cc130-2ccb-4a30-b150-d5a30b605486","2022","1dc3e5ea-2950-42a3-8c79-8a45ade66003","Census and demographic profile of India","","","","","","",""
"tag","a1ecaf3b-7c5c-482a-8559-8f53ac3bc218","2022","1dc3e5ea-2950-42a3-8c79-8a45ade66003","Census and demographic profile of India","","","","","","",""
"tag","88fa2aa6-3331-43b1-92d8-18e08c3cfd2e","2022","1dc3e5ea-2950-42a3-8c79-8a45ade66003","Census and demographic profile of India","","","","","","",""
"tag","7d46f6e7-8760-436b-b03d-9afa19804462","2022","1dc3e5ea-2950-42a3-8c79-8a45ade66003","Census and demographic profile of India","","","","","","",""
"tag","d5eeb6fe-8275-4a5e-940e-46d6084378e7","2022","1dc3e5ea-2950-42a3-8c79-8a45ade66003","Census and demographic profile of India","","spot_check","","","","",""
"tag","94021663-92a8-40df-b8dc-0cb3cac34371","2022","2069e64c-0914-4339-bcf1-8d5582ddc6e1","Financial inclusion and Jan Dhan","","","","","","",""
"tag","39ce273d-25a9-4606-a019-ba053b4a072f","2022","20a9a4fa-564c-48a6-bfc8-4165c754c50b","Fish species, breeds and migration","","","","","","",""
"tag","6067d997-7df0-4a14-9e76-afceb5116b2a","2022","20a9a4fa-564c-48a6-bfc8-4165c754c50b","Fish species, breeds and migration","","","","","","",""
"tag","168da4f2-5e07-49f7-a909-42234f206b05","2022","21fb2f26-ef41-477c-a8eb-2717f20b6083","Pipes and cisterns","","","","","","",""
"tag","236fdf83-bc66-4c7e-a466-70a35e40373c","2022","22591465-673a-c375-3460-2702125f6fc3","Spelling","","","","","","",""
"tag","eb0264eb-bc9e-48fd-86bb-de61881ed083","2022","233b03d8-8fba-4cd2-9376-1cc256cbc3fc","MS Excel formulas and functions","","","verified","","","",""
"tag","86a75fcd-519c-438b-87e0-bb941bd3d5b6","2022","26fec480-b396-43d1-891d-8bc0b24d5a30","Soil health management and testing","","","","","","",""
"tag","86f6ae6d-d809-4bae-9694-e8d70c1488ca","2022","2b8462ca-899a-44d6-89d2-832053374d82","Rational decision-making model and its assumptions","","","verified","","","",""
"tag","a4e4ceb5-7ee9-4670-bd13-882111269f02","2022","2c53a1a0-e2e8-4952-9b7b-d44a297b110b","Microfinance sector and its regulation","","","","","","",""
"tag","5b1b28fe-e835-435a-946a-91d2533005bb","2022","2c6282c0-9d24-4452-82d4-57fe6495bfea","Forest management and community forestry","","","","","","",""
"tag","0ba50eed-e2a9-46d7-97a7-20716cfbc3fa","2022","2f1d3bfa-ddd2-425f-916e-f29913c0eb16","Floriculture and flower export","","","","","","",""
"tag","f193d79c-3359-4221-b39a-d9693c38f164","2022","2fd2d779-63c9-4129-9436-0afbe836c6f9","Organic and natural farming","","","","","","",""
"tag","6cb4e072-e786-44f1-b711-bd1243821f77","2022","310e83a2-a013-4231-a509-9290fb95ced9","Drinking water supply and Jal Jeevan Mission","","","","","","",""
"tag","3c48be4e-e4d3-4fdc-89ca-1e66020570ba","2022","310e83a2-a013-4231-a509-9290fb95ced9","Drinking water supply and Jal Jeevan Mission","","","","","","",""
"tag","878f0879-bcc0-4c8a-88da-7d4edf0c01dd","2022","311bedc8-f9af-49ae-bc73-316190ebc302","Community health workers and maternal-child health programmes","","","","","","",""
"tag","487249c4-c2b4-4f31-8b99-b46767dcd1c8","2022","311bedc8-f9af-49ae-bc73-316190ebc302","Community health workers and maternal-child health programmes","","","","","","",""
"tag","412ddec0-2a56-4c5c-a33a-8cbfc5a6e2e0","2022","31fac32f-3fe7-4f1b-ac8f-1f2ce452a046","e-NAM and electronic agricultural markets","","","","","","",""
"tag","c2df66f8-7787-4b75-9c8d-4fb755448a11","2022","33e5ac65-b15e-4079-ad4b-e32675e4f168","Rural roads and PMGSY","","","","","","",""
"tag","0a8538bd-52bf-4c7d-93a8-8c4cce475f3f","2022","342ec4bb-5625-4398-9b44-2963d65062a4","Explicit detail retrieval","","","","","","",""
"tag","5b7d505c-3eba-4c6e-b7a4-c7ff044c8766","2022","342ec4bb-5625-4398-9b44-2963d65062a4","Explicit detail retrieval","","","","","","",""
"tag","18d2712d-d7ec-4d75-ab83-a9c5f0457936","2022","342ec4bb-5625-4398-9b44-2963d65062a4","Explicit detail retrieval","","","","","","",""
"tag","2e22c7d9-aab3-480d-a34a-b85333ab7383","2022","342ec4bb-5625-4398-9b44-2963d65062a4","Explicit detail retrieval","","","","","","",""
"tag","db0ae0cd-3b06-4453-982a-7996fe253dff","2022","35913209-6eed-4b06-b8cf-e97f7e953d40","Booting, BIOS and system startup","","","verified","","","",""
"tag","3351e53b-b31b-4219-a74d-e7dbfd473be5","2022","37a65bc7-1c55-43e7-b59a-c25f3bc3232f","Phrasal verbs","","","","","","",""
"tag","f77c64fe-e0b6-4e8c-9e97-dc91feceadbd","2022","37a65bc7-1c55-43e7-b59a-c25f3bc3232f","Phrasal verbs","","","","","","",""
"tag","7f821f09-caa4-41da-9968-4b42c4e94790","2022","37a65bc7-1c55-43e7-b59a-c25f3bc3232f","Phrasal verbs","","","","","","",""
"tag","6a79c9dc-c111-49cf-b8df-9fd52b8b11f5","2022","37a65bc7-1c55-43e7-b59a-c25f3bc3232f","Phrasal verbs","","","","","","",""
"tag","0f019e60-6818-45bf-90fb-d155f58964da","2022","386a7e56-8043-74cf-4bfb-43aa9a845c9c","Sentence Transformation","","","","","","",""
"tag","69ee69a6-a308-43ed-b58c-2f82e303db6d","2022","3b29fc1a-f888-4188-8f85-a828933d644e","Higher education, enrolment and AISHE","","","","","","",""
"tag","c34a136f-f330-4a69-bab5-5a1cd8cd6704","2022","3b991e17-56af-488e-ad5e-b65fb0907df6","Agroforestry systems","","","","","","",""
"tag","f5e63978-7d5b-4ff2-a451-4470fe318f84","2022","3b991e17-56af-488e-ad5e-b65fb0907df6","Agroforestry systems","","","","","","",""
"tag","a3494bc5-41c1-425b-ae49-457375da0517","2022","3ef254ed-95da-4750-9976-ec845eca5cb6","Rural demography and census","","","","","","",""
"tag","95344fe0-d5ca-4bbe-943b-ae2c856f98e0","2022","3ef254ed-95da-4750-9976-ec845eca5cb6","Rural demography and census","","","","","","",""
"tag","d901d798-2784-4322-b9a4-d026ad88ba97","2022","400ce5b9-7934-4bda-bfb3-8501d9b20684","Agricultural research and extension system","","","","","","",""
"tag","be604ee1-152c-4f64-b53d-b50ca2b6b752","2022","400ce5b9-7934-4bda-bfb3-8501d9b20684","Agricultural research and extension system","","","","","","",""
"tag","491e1969-0ca3-4def-a56b-8bae1fc48969","2022","403dd039-d92f-48c0-ad12-a98061fd936b","Cooperatives and cooperative banks","","","","","","",""
"tag","92299d25-b403-4d39-9703-453b5219bf39","2022","40f86afc-614f-4b8e-b34e-af04598b64ae","Seed production, classes and certification","","","","","","",""
"tag","b511ab7f-69da-4eaf-935c-5c85de833299","2022","4168d193-763b-499a-9e67-04c6182feddd","Malware types and antivirus software","","","verified","","","",""
"tag","ddd39cfb-0323-42d0-99f9-e89d792389f4","2022","420312ba-2e38-4e16-a836-7e6764a05535","Inference and implied meaning","","","","","","",""
"tag","dc535cba-9176-494c-9ec6-a6b003b83bb2","2022","420312ba-2e38-4e16-a836-7e6764a05535","Inference and implied meaning","","","","","","",""
"tag","386f95db-c393-4520-8560-a1afa587a04c","2022","420312ba-2e38-4e16-a836-7e6764a05535","Inference and implied meaning","","","","","","",""
"tag","5e54f0b2-daf1-40ca-8cf1-7cb00d7a8bb0","2022","420312ba-2e38-4e16-a836-7e6764a05535","Inference and implied meaning","","","","","","",""
"tag","f6228256-7fc1-4b5b-94f9-34e3971412a5","2022","424d99d5-720f-409e-ba66-8660ac95a486","Area and perimeter ΓÇö rectangle, square, triangle","","","","","","",""
"tag","f672f8fa-32f2-4cc5-b484-e5c48bb1e6ec","2022","4478ba75-c79a-4eaa-aac9-043630438e3b","Storage media, capacity and compression","","","verified","","","",""
"tag","36e0ead2-ac1d-4f03-a6c5-1c72e25826ea","2022","4478ba75-c79a-4eaa-aac9-043630438e3b","Storage media, capacity and compression","","","verified","","","",""
"tag","3f0d39d0-8163-4d16-a55d-9b3c8485dd79","2022","45ebecd1-22f4-4aa9-b682-0893187488cd","National Social Assistance Programme and family benefits","","","","","","",""
"tag","6e457437-5b4a-47d9-970c-936da2eabf57","2022","465e2c9f-9232-42d7-b851-7c3024403720","MS Word page setup and formatting","","","verified","","","",""
"tag","3a0bdf21-3f05-4e65-b794-f2c6797851b4","2022","465e2c9f-9232-42d7-b851-7c3024403720","MS Word page setup and formatting","","","verified","","","",""
"tag","2ebf3c23-4422-49cc-9ccb-b738e57b7c23","2022","46cbe099-2829-4f3b-accd-366e5beebfde","Number systems and binary arithmetic","","spot_check","verified","","","",""
"tag","4bbd106b-d6a9-4077-a196-7620f955babc","2022","47ed515d-e31c-4996-aea1-f7665a369a2f","Scientific names of horticultural crops","","","","","","",""
"tag","8bfb4327-4b32-467c-b05a-9106c4a33450","2022","47ed515d-e31c-4996-aea1-f7665a369a2f","Scientific names of horticultural crops","","","","","","",""
"tag","24af2e43-849e-4eaa-bae5-7e004662af18","2022","47fc1959-7be5-495b-8809-984a9c542ec0","Steps in the decision-making process","","","verified","","","",""
"tag","ac31d7d7-8dcc-487c-97ff-6f5985d0e990","2022","4a877cc7-abc0-4163-9fb9-7fd2000b6702","Soil conservation and erosion control","","","","","","",""
"tag","2301a586-4d74-48b3-873d-b5a0675877eb","2022","4a877cc7-abc0-4163-9fb9-7fd2000b6702","Soil conservation and erosion control","","","","","","",""
"tag","75934bfd-7fef-464c-9c05-d61ba5169d13","2022","4e5250f3-b424-4de9-afa3-fe1a1f614d66","Operating systems, utilities and system software","","","verified","","","",""
"tag","90cff0ea-8b58-43e3-b1b5-f15a5bc13e2a","2022","4e5250f3-b424-4de9-afa3-fe1a1f614d66","Operating systems, utilities and system software","","","verified","","","",""
"tag","b1969ddf-2f37-4f11-9eb1-90e95cb8b4eb","2022","5059c599-1a0d-4318-baaa-c917b62757b8","Agriculture's share in income and employment","","","","","","",""
"tag","2e5fd5ca-0699-4629-9fde-9d21eb6afdbc","2022","5264edf2-f868-4749-8bd6-0cf36449317b","Minimum Support Price and procurement","","","","","","",""
"tag","d7c843db-f6b9-421e-812d-3649aa5513ef","2022","52fca341-f34d-46d1-b4c2-b4e4789e4eaf","File formats, encoding standards and multimedia","","","verified","","","",""
"tag","ec0fba4e-5887-4e9b-be62-27d41fe0c588","2022","52fca341-f34d-46d1-b4c2-b4e4789e4eaf","File formats, encoding standards and multimedia","","","verified","","","",""
"tag","c1f7a3ea-457a-4157-b94b-0051b60bce5d","2022","53bf9a36-47c0-4473-b677-29a66d1a7bdb","Double-blank sentence completion","","","","","","",""
"tag","8a674479-6539-479a-b5cf-618406f8858e","2022","53bf9a36-47c0-4473-b677-29a66d1a7bdb","Double-blank sentence completion","","","","","","",""
"tag","7c83a752-d0dc-4cc4-b66c-0577d5cac0a8","2022","53bf9a36-47c0-4473-b677-29a66d1a7bdb","Double-blank sentence completion","","","","","","",""
"tag","8c841761-51a0-499e-a1e6-f3db2670eccb","2022","53bf9a36-47c0-4473-b677-29a66d1a7bdb","Double-blank sentence completion","","","","","","",""
"tag","5fb81daa-549e-442e-b794-f66a34c250d3","2022","5415d27f-5900-4225-80ec-96f497e3a012","Decision-making styles and leadership approaches","","","verified","","","",""
"tag","bc11cffc-7937-4214-b00e-6afa3f4bb663","2022","55cde475-d4af-4ff7-b347-b51066736cab","Direction of one point relative to another","","","","","","",""
"tag","9bc65f83-2317-4de3-8281-56c48a9c1fa5","2022","56f59525-88a2-4951-862d-88bc7d422d5d","Agriculture's contribution to gross value added","","","","","","",""
"tag","8429599b-74f8-454e-a016-3f3dfc455148","2022","56f59525-88a2-4951-862d-88bc7d422d5d","Agriculture's contribution to gross value added","","","","","","",""
"tag","1334a917-ccfe-468a-bb14-5d480d43a20f","2022","56f59525-88a2-4951-862d-88bc7d422d5d","Agriculture's contribution to gross value added","","","","","","",""
"tag","efded0f2-e2d8-45f5-85e0-c02629c73d96","2022","572d0eaa-691a-4172-aa52-98a315b3f558","Scholarships and student support schemes","","","","","","",""
"tag","f22b2540-a294-4b6f-9578-f47186dd89e5","2022","57e9ec9c-c979-437a-b1e8-90580921f096","Phrase replacement","","","","","","",""
"tag","96ab01c3-8e0b-4aec-b536-88efcd250413","2022","57e9ec9c-c979-437a-b1e8-90580921f096","Phrase replacement","","","","","","",""
"tag","5ce7fc80-533c-4fa4-8b81-2760a390d595","2022","57e9ec9c-c979-437a-b1e8-90580921f096","Phrase replacement","","","","","","",""
"tag","7f9aec7a-60ff-4a14-ba2b-91d58bc0f3e6","2022","57e9ec9c-c979-437a-b1e8-90580921f096","Phrase replacement","","","","","","",""
"tag","d76ff8be-c83d-4afe-9094-73e76e1c6736","2022","57e9ec9c-c979-437a-b1e8-90580921f096","Phrase replacement","","","","","","",""
"tag","2df8387c-ec70-4eb0-9d27-81d4affca825","2022","598ad90c-f128-40b5-a67b-42de3bbf993d","Pie chart interpretation","","","","","","",""
"tag","05857708-6d70-4309-bec0-2194aa8ee3e5","2022","598ad90c-f128-40b5-a67b-42de3bbf993d","Pie chart interpretation","","","","","","",""
"tag","92f66383-c6c8-456c-9c6f-f558376b788d","2022","598ad90c-f128-40b5-a67b-42de3bbf993d","Pie chart interpretation","","","","","","",""
"tag","92404314-30ec-4068-b1be-d94af818722f","2022","598ad90c-f128-40b5-a67b-42de3bbf993d","Pie chart interpretation","","","","","","",""
"tag","6c199a22-a7c0-45ef-8fe6-36084a365c4f","2022","598ad90c-f128-40b5-a67b-42de3bbf993d","Pie chart interpretation","","","","","","",""
"tag","fd913a90-ff95-4707-9467-111d9c75f95f","2022","598ad90c-f128-40b5-a67b-42de3bbf993d","Pie chart interpretation","","","","","","",""
"tag","cd2d9198-64fd-4bf4-941a-047ec5ba1ab3","2022","5bc8efce-f987-86cc-afc9-1d5fc5d03881","Correct and incorrect usage of a word","","","","","","",""
"tag","b3903598-4134-4273-958d-768a2c0650e7","2022","5bc8efce-f987-86cc-afc9-1d5fc5d03881","Correct and incorrect usage of a word","","","","","","",""
"tag","1a1f4678-b725-43a0-816b-5e316a978833","2022","5ea94c26-23cd-446f-b227-d4c886223566","Ease of doing business and reform rankings","","","","","","",""
"tag","bc5ad272-9ddc-4adf-810e-d8e3c3d47a06","2022","606d4b80-5d4a-d093-d000-3fe8ec208fc9","Data sufficiency with numbered statements","","","","","","",""
"tag","a5aa9a83-64a6-4bd9-b6eb-f171972b1b14","2022","606d4b80-5d4a-d093-d000-3fe8ec208fc9","Data sufficiency with numbered statements","","","","","","",""
"tag","7c80a529-ddcc-430a-bb6d-92fcc3d68a14","2022","60ac26fb-8223-4672-9303-d9bf13382889","Rural roads and PMGSY","","","","","","",""
"tag","52ab80ad-b949-404b-a9ec-2cca725d72c6","2022","60ac26fb-8223-4672-9303-d9bf13382889","Rural roads and PMGSY","","","","","","",""
"tag","fd865b32-fabf-4b1b-8a17-3d5b6659541f","2022","60ac26fb-8223-4672-9303-d9bf13382889","Rural roads and PMGSY","","","","","","",""
"tag","114de94d-4c19-499b-b16c-7f73e0e3beeb","2022","620192e8-f4a8-4b83-8935-adb5e1cb1426","Quantitative methods and analytics in decision making","","","verified","","","",""
"tag","3046fb62-a982-4826-a1c3-aae82658b7e8","2022","620192e8-f4a8-4b83-8935-adb5e1cb1426","Quantitative methods and analytics in decision making","","","verified","","","",""
"tag","42270cc5-7141-4683-b254-cefe742b7800","2022","62afb17d-a714-489d-a179-bb56f7435b3c","Pioneers and landmarks in computing history","","","verified","","","",""
"tag","5f3ce812-5385-4386-a8c1-cbaaabe6da53","2022","63270eb0-ec5d-4c78-9e7a-b6b7c7e25559","Poultry breeds","","","","","","",""
"tag","54aa035f-f0f0-42bd-a86b-e338f06d4b60","2022","638f1a41-9d72-4325-8986-dac31e30e02d","Networking devices","","","verified","","","",""
"tag","1cd19e88-07d0-4d0b-9d83-6f71ff894281","2022","644ad60a-a652-4609-870a-5ec437e0b2a0","Soil classification systems and soil orders","","","","","","",""
"tag","6452815f-6073-40fa-9dd0-11c23f347432","2022","64b97845-e4c5-417f-aa81-361801f72b60","Plant morphology and reproduction","","","","","","",""
"tag","9bf6f043-d5be-49d3-9a47-f0bbde886219","2022","64b97845-e4c5-417f-aa81-361801f72b60","Plant morphology and reproduction","","spot_check","","","","",""
"tag","da257950-7597-4688-b32f-9e58b86d7522","2022","652eb8c7-a25a-48c1-b51d-ddf64f8ede1b","Family tree puzzle with generations","","","","","","",""
"tag","a259f70b-c69f-4273-8140-2e40b6c50d70","2022","6543f906-3a5b-4e9d-9672-3628cc7a032c","Capital market instruments and regulation","","","","","","",""
"tag","ca444a5f-3f75-4af1-b330-0846ae85da47","2022","658df156-83f0-4af0-8ba3-4ca897740136","Directive Principles of State Policy","","","","","","",""
"tag","db9e75b4-d546-495b-ba4e-1e6765e7b93f","2022","658df156-83f0-4af0-8ba3-4ca897740136","Directive Principles of State Policy","","","","","","",""
"tag","efcf45a3-f37d-4fe9-b580-a2a440459a31","2022","658df156-83f0-4af0-8ba3-4ca897740136","Directive Principles of State Policy","","","","","","",""
"tag","b0715da8-1f0f-4322-8524-617034d2c5c1","2022","6676d0d0-39e9-465c-a1ee-e9656b7116b1","Socio-economic and caste surveys","","","","","","",""
"tag","6908c5b3-2d58-47a8-a1c0-b5e62f1f2130","2022","66a62ed1-fa20-4c88-a023-79730ae3b7cf","Overconfidence and status-quo bias","","","verified","","","",""
"tag","35a1ae70-f40b-48cd-923e-864e03a13b66","2022","66d0f2a2-7b86-4c45-91e3-200c09285ff0","Animal breeding methods","","","","","","",""
"tag","1356f498-a1fe-46ee-8dce-28c3e8ae7639","2022","66d0f2a2-7b86-4c45-91e3-200c09285ff0","Animal breeding methods","","","","","","",""
"tag","12572675-a62b-4c2b-9b8a-73521f5c6b97","2022","67198b82-3136-4a92-8f44-676488c348d2","Social legislation on women, children and the elderly","","","","","","",""
"tag","2c421337-22a5-4e6d-a327-3705cf3ae04e","2022","67d73193-b913-40c4-9e29-eb8eeb39653f","Employment statistics and employment services","","","","","","",""
"tag","88394392-aaf5-4ea7-96fc-7d4df62c90e5","2022","67d73193-b913-40c4-9e29-eb8eeb39653f","Employment statistics and employment services","","","","","","",""
"tag","21f983dd-b981-4630-b766-7d1778fadf68","2022","6840d7ac-777a-4024-ae2e-c53cb53ffc4f","Crop pests and their management","","","","","","",""
"tag","7e48ece3-ae7b-4b06-a16a-7c67e20ce8b2","2022","68fbeaa4-4246-47f0-a9ce-cbd54986c9ba","Aspirational Districts Programme","","","","","","",""
"tag","5b0dec23-000c-427c-b011-4dbccf0afa8d","2022","68fbeaa4-4246-47f0-a9ce-cbd54986c9ba","Aspirational Districts Programme","","","","","","",""
"tag","8a2fe7e4-7b37-4f70-941d-306b64d33b1f","2022","6e107aa5-c9e0-4888-a7e9-862e98bea935","Month and date scheduling puzzle","","","","","","",""
"tag","dbdaaedb-c218-4f15-b170-d29e0e4dc070","2022","6e107aa5-c9e0-4888-a7e9-862e98bea935","Month and date scheduling puzzle","","","","","","",""
"tag","75fb2831-0c22-41e1-9b06-28b4c228752a","2022","6e107aa5-c9e0-4888-a7e9-862e98bea935","Month and date scheduling puzzle","","","","","","",""
"tag","e82c76ad-3de2-4300-ba2a-21f6a8315638","2022","6e107aa5-c9e0-4888-a7e9-862e98bea935","Month and date scheduling puzzle","","","","","","",""
"tag","6490507e-de9e-4c32-aeaa-e78aef447c8f","2022","723d02b4-f442-4530-84e1-f57f15858b93","e-NAM and agricultural marketing platforms","","","","","","",""
"tag","0c785353-4fad-4ef7-bdf9-23aecb99e840","2022","723d02b4-f442-4530-84e1-f57f15858b93","e-NAM and agricultural marketing platforms","","","","","","",""
"tag","cf339057-c542-4410-ae94-fc247873230e","2022","723d02b4-f442-4530-84e1-f57f15858b93","e-NAM and agricultural marketing platforms","","","","","","",""
"tag","6244a409-392b-4ca5-af51-09f48ef24ae7","2022","746131c7-4003-4c07-af32-3f189a111c62","MS Excel charts and macros","","","verified","","","",""
"tag","bdbc8f1a-c394-4c83-b567-cbcc2a8ca51d","2022","7571611f-335f-419f-bb07-46408833d294","Wrong-term series","","","","","","",""
"tag","85b3d3a0-3294-44ec-b561-82f4a0dc7aa9","2022","7571611f-335f-419f-bb07-46408833d294","Wrong-term series","","","","","","",""
"tag","64d8f24e-e188-4a10-83a2-e3f36ee6bfbe","2022","7571611f-335f-419f-bb07-46408833d294","Wrong-term series","","","","","","",""
"tag","466b6b1c-2891-4e9e-b533-f67ddb81cd9f","2022","75791278-f076-4df9-8099-e6456ff02b77","Pension schemes for unorganised workers and farmers","","","","","","",""
"tag","01fcbac2-04f0-4a56-9950-a3dd9b3bcfbc","2022","75791278-f076-4df9-8099-e6456ff02b77","Pension schemes for unorganised workers and farmers","","","","","","",""
"tag","8bbaff8b-6cef-41b5-ad73-b554d056d136","2022","75791278-f076-4df9-8099-e6456ff02b77","Pension schemes for unorganised workers and farmers","","","","","","",""
"tag","f9779b54-d6fa-4b29-b019-c9ec0c6d741d","2022","75791278-f076-4df9-8099-e6456ff02b77","Pension schemes for unorganised workers and farmers","","","","","","",""
"tag","9ed74828-6f88-4703-9eb9-b2877697a302","2022","76e93455-6950-4881-9bcb-4552928a42b9","Network topologies","","","verified","","","",""
"tag","fabc35d4-e75f-4a06-83c7-e83042e42959","2022","76e93455-6950-4881-9bcb-4552928a42b9","Network topologies","","","verified","","","",""
"tag","57af8207-66c3-478f-90ee-5326327c1bd2","2022","77c5282e-d8c6-4881-88fb-965c0efc5891","Crop physiology and productivity","","","","","","",""
"tag","8bdf7cf8-7726-493a-85a2-1f6f3d5c4850","2022","77d11d05-45e8-4a8f-a30c-25d1bb402ecb","Crop production statistics and leading states","","","","","","",""
"tag","c24984cc-73c5-4067-a72c-e797f540149e","2022","7d090fe2-c214-431c-9408-93bdc8693ecc","Labour laws, wages and maternity benefit","","","","","","",""
"tag","3a43e96f-bd39-4c71-adf5-f08dde2586c0","2022","7d94ff40-34f9-47fe-9caa-9eae0dc38116","Mixtures and alligation","","","","","","",""
"tag","fe0211ab-2f45-4fa8-b7b4-e066238d6630","2022","7d94ff40-34f9-47fe-9caa-9eae0dc38116","Mixtures and alligation","","","","","","",""
"tag","7b5bef8d-f806-4f25-9d6f-41d4e38fbe6c","2022","7e24fbed-8ce4-4cf1-946e-4f8e430b8e44","MGNREGA","","","","","","",""
"tag","083ccf4c-0a02-4978-955a-661460b3020f","2022","7e50d38b-7732-4446-8519-b4089ca994ac","Web browsers and browsing privacy","","","verified","","","",""
"tag","61b1624e-bc2f-4775-b30b-2327bd320532","2022","7e50d38b-7732-4446-8519-b4089ca994ac","Web browsers and browsing privacy","","","verified","","","",""
"tag","45787654-b2f9-4026-832e-89fb42dd8a1e","2022","7e9de247-a854-4388-a44a-597c50de043a","Missing-term simplification (find ?)","","","","","","",""
"tag","97fabee6-bd88-4253-92ac-33fec732e76b","2022","7e9de247-a854-4388-a44a-597c50de043a","Missing-term simplification (find ?)","","","","","","",""
"tag","42f3bfd2-28a6-4450-91f8-30492a0945d3","2022","7fc989d6-d552-4150-b021-fd564531a3bd","Foreign investment in agriculture","","","","","","",""
"tag","19b580bf-6185-4e1d-9aff-2a4bbd242185","2022","80b5ff73-4a0a-4221-86db-18a34839fb80","Bounded rationality and limits on information processing","","","verified","","","",""
"tag","25a7308f-02bf-41fc-ad57-b50fad11ce96","2022","80b5ff73-4a0a-4221-86db-18a34839fb80","Bounded rationality and limits on information processing","","","verified","","","",""
"tag","43c8e1f0-7187-47cf-9c7b-3e5e4ce2c41f","2022","80f0b67d-e0f9-45a6-99b3-429be1e731b5","Tribal welfare and particularly vulnerable tribal groups","","","","","","",""
"tag","6a9bc8c6-d854-4d9e-b0b7-0f687b06c629","2022","817f838b-9908-4dae-811a-8e56b388bf25","Ministries and organisation of government","","","","","","",""
"tag","389ed9c9-1483-4ab9-a0e9-cef982ec47b0","2022","843fc8a7-4333-4abb-94ff-fd1368248a46","Manures, fertilizers and biofertilizers","","","","","","",""
"tag","16f1360b-842d-4149-9e7d-095c42d0192c","2022","843fc8a7-4333-4abb-94ff-fd1368248a46","Manures, fertilizers and biofertilizers","","spot_check","","","","",""
"tag","9cf471e4-de90-4018-a759-b58b5a0311cc","2022","858ee570-f7d8-48c3-8f58-9248f8e4200a","File and folder management","","","verified","","","",""
"tag","f23dc403-b233-4b15-9c83-f912a3846d38","2022","86322d71-cd5d-4b53-b444-abb76387cb54","Consumer protection and regulatory law","","","","","","",""
"tag","35c70b9e-bdeb-47ac-89c5-bd787e2215d9","2022","89b27d9f-7081-4930-9186-c41b93349e1a","Number series ΓÇö multiplicative and mixed patterns","","","","","","",""
"tag","83953d53-5c30-40c2-a08d-98572566fd05","2022","89b27d9f-7081-4930-9186-c41b93349e1a","Number series ΓÇö multiplicative and mixed patterns","","","","","","",""
"tag","3d6d2e61-2db7-4d55-ab75-b018f278cc97","2022","8a8a6a97-f141-4f6b-aa19-b9c277bba87c","Farm implements and mechanisation","","","","","","",""
"tag","3a26efd6-a37e-4702-93f1-9a5b029be374","2022","8d51c02d-55c2-456c-9cf3-1fcd1f895496","Fisheries schemes and sector development","","","","","","",""
"tag","5e65365d-2838-4ddc-975c-2d8157d2664e","2022","8f2e1cb0-8b2b-4ffc-a0fb-9cfec07c69c9","Row with unknown number of persons","","","","","","",""
"tag","c0c2c243-f5d9-4ce2-82b3-0954d28c1a76","2022","8f2e1cb0-8b2b-4ffc-a0fb-9cfec07c69c9","Row with unknown number of persons","","","","","","",""
"tag","a0a38418-158e-41a7-baef-d86b622cfb34","2022","8f2e1cb0-8b2b-4ffc-a0fb-9cfec07c69c9","Row with unknown number of persons","","","","","","",""
"tag","c8d1f0c1-1c16-4416-882c-aa40d75f87bb","2022","8f2e1cb0-8b2b-4ffc-a0fb-9cfec07c69c9","Row with unknown number of persons","","","","","","",""
"tag","519197ab-a611-4a0a-9053-f7a04d3a4cb7","2022","90bce223-116c-4616-9d65-9d73a844ce22","Sanitation worker welfare and mechanised sanitation","","","","","","",""
"tag","c3284db2-ff3c-4dbe-ad8f-13794657ce64","2022","90bce223-116c-4616-9d65-9d73a844ce22","Sanitation worker welfare and mechanised sanitation","","","","","","",""
"tag","69f73b59-d315-468e-9bbf-7e75d77a5d48","2022","90bce223-116c-4616-9d65-9d73a844ce22","Sanitation worker welfare and mechanised sanitation","","","","","","",""
"tag","0ae3e214-b598-44c4-ba89-8e13a04df629","2022","9176264c-ed27-4bce-95f5-e1743e72c2ca","Communication, conflict and delay in group decisions","","","verified","","","",""
"tag","55855477-2821-4425-a1a1-9349f8b3d725","2022","91eef3ac-470a-4602-81fe-92922a5ec30c","Soil physical properties and soil moisture","","","","","","",""
"tag","757755df-42e5-4c54-9731-ace14ca3a6cb","2022","91eef3ac-470a-4602-81fe-92922a5ec30c","Soil physical properties and soil moisture","","","","","","",""
"tag","a395a371-29ef-403d-ac83-34059faaadec","2022","91eef3ac-470a-4602-81fe-92922a5ec30c","Soil physical properties and soil moisture","","","","","","",""
"tag","bffe1d44-c8e0-45cb-ae47-18f6cd3d99f2","2022","95a3bc72-f5d7-41c4-a800-9df6dd3dbeba","Khadi, coir and village industries","","","","","","",""
"tag","573e6a54-4c74-45e0-806d-8786d5bfbb17","2022","97c43e6e-2a6d-4f0d-8688-b9f715600a61","Climate-smart and sustainable agriculture","","","","","","",""
"tag","031cff6e-2089-4e17-8456-cfe683ea33c4","2022","97c43e6e-2a6d-4f0d-8688-b9f715600a61","Climate-smart and sustainable agriculture","","","","","","",""
"tag","f7c6b01c-f2b0-48c9-80eb-face9a21f01f","2022","98d49687-d96b-e39c-24b2-4889fc64d54a","Word-substitution message coding","","","","","","",""
"tag","24dbbbb8-0062-48fe-85f6-82a56d98628f","2022","98d49687-d96b-e39c-24b2-4889fc64d54a","Word-substitution message coding","","","","","","",""
"tag","0aebc2fa-6374-437d-9f67-19efa4e5d490","2022","98d49687-d96b-e39c-24b2-4889fc64d54a","Word-substitution message coding","","","","","","",""
"tag","91ef5e27-73f7-4004-8a3c-849b6f02fd8f","2022","98d49687-d96b-e39c-24b2-4889fc64d54a","Word-substitution message coding","","","","","","",""
"tag","eef0fe1f-19c3-44e5-9121-4ee6bf827bcd","2022","9a64933c-c2fa-4db6-aed5-2b87f33c8202","Economic reforms of 1991 and liberalisation","","","","","","",""
"tag","209d361b-7ea1-4fdf-9166-bdcfdbc19b86","2022","9a74f982-0866-4eba-a6e9-1c8361e0837c","Input devices and pointing hardware","","","verified","","","",""
"tag","c9f3bf62-b89b-4225-9a3c-ed2b1d09ac95","2022","9b195905-5d1c-467c-bbc4-c9ab118ecc20","Firewalls, phishing and safe computing","","","verified","","","",""
"tag","dac21949-5bf0-4e19-bc97-f68e67e6d5be","2022","9cc0f630-ab4f-4a0a-b5b2-9212f18af346","Sentence-level correctness selection","","","","","","",""
"tag","3300020f-7c00-43cc-a850-c982c77c6433","2022","9cc0f630-ab4f-4a0a-b5b2-9212f18af346","Sentence-level correctness selection","","","","","","",""
"tag","4a1ef834-7a8d-4daf-9aa8-642af38767ff","2022","9cc0f630-ab4f-4a0a-b5b2-9212f18af346","Sentence-level correctness selection","","","","","","",""
"tag","20211666-74c8-4f16-92f3-acb7edf3dc6b","2022","9d57686e-05d4-4900-92f9-6c795494a8b4","Poverty measurement and multidimensional poverty","","","","","","",""
"tag","a0654d88-0634-4bda-b00e-844390fc185c","2022","9da6f0b1-57ff-4a8b-a0e7-40f85cee7b22","Individual and combined work rates","","","","","","",""
"tag","9f0f3ebb-8b28-4875-ae37-acc30ad2feb0","2022","9e04e1af-c82b-465c-9f5c-2d0d9bf006e9","Livestock reproduction and gestation","","","","","","",""
"tag","1e4d6eb6-22e5-434f-9f0e-89230ef57dc2","2022","9e04e1af-c82b-465c-9f5c-2d0d9bf006e9","Livestock reproduction and gestation","","","","","","",""
"tag","ab307d51-df23-480e-b009-6b73e1b8fb57","2022","9e04e1af-c82b-465c-9f5c-2d0d9bf006e9","Livestock reproduction and gestation","","","","","","",""
"tag","22f42650-339b-4548-bdf3-33b82e59be18","2022","9e04e1af-c82b-465c-9f5c-2d0d9bf006e9","Livestock reproduction and gestation","","","","","","",""
"tag","f5270c30-6335-4477-bef8-2d115d70558c","2022","9e04e1af-c82b-465c-9f5c-2d0d9bf006e9","Livestock reproduction and gestation","","","","","","",""
"tag","cda4b55b-e9e1-4b31-a9b1-434422f6fd70","2022","9e18528b-a603-4032-834d-6ec9be203f03","Livestock terminology and management practices","","","","","","",""
"tag","df51dca3-e2db-4e27-afd0-e65fa946ede4","2022","9e18528b-a603-4032-834d-6ec9be203f03","Livestock terminology and management practices","","","","","","",""
"tag","5fab1228-aee6-4526-8219-20059065cc64","2022","9ea559c5-2c7b-49b4-8ab0-98938fd471df","Simple and compound interest","","","","","","",""
"tag","e8f58b82-3685-479d-8c43-08393c4ec044","2022","9ea559c5-2c7b-49b4-8ab0-98938fd471df","Simple and compound interest","","","","","","",""
"tag","ba070f6c-4442-40cb-b1a9-48ecfff64b94","2022","9f0a4265-4d8f-417c-8cf7-686e86ee2f72","Printers, printing metrics and display hardware","","","verified","","","",""
"tag","d3ef96d7-7a5b-47d4-8dc6-1368fb54b1a4","2022","9f0a4265-4d8f-417c-8cf7-686e86ee2f72","Printers, printing metrics and display hardware","","","verified","","","",""
"tag","0b44351f-05ab-4ae6-b992-9409478e9f52","2022","9f59031f-f098-4823-b077-2d65119af3b0","Aquaculture systems and water quality","","","","","","",""
"tag","7fc83f21-c2f7-4636-b995-6a3b14d1587b","2022","a019a036-4990-494f-ba26-4d7d73152c85","Nutrition missions and POSHAN","","","","","","",""
"tag","939e41a3-e92e-4ccd-944a-2556f229e855","2022","a25f874a-bed3-4919-b328-551a9b8ba918","Scope and definition of agronomy","","","","","","",""
"tag","5ec66e90-23be-4a00-a008-0a4faa97af6d","2022","a2db3cb7-0c21-4406-a745-adc9d09d8e75","Differentiated banks and rural banking","","","","","","",""
"tag","f836a35c-9b32-4e1f-8acc-5e1f3670fd1f","2022","a406cb7b-b61d-4987-8afe-2039eef3133b","Rural and urban housing schemes","","","","","","",""
"tag","66e27465-199e-4801-97db-9f4fb595be0b","2022","a406cb7b-b61d-4987-8afe-2039eef3133b","Rural and urban housing schemes","","spot_check","","","","",""
"tag","1d428ba7-8773-43ac-9b63-e9a41182274c","2022","a4080599-f494-4ece-9642-8c11fa396d1a","NABARD, RIDF and development finance","","","","","","",""
"tag","077e890c-702b-4128-8698-b5028eaff873","2022","a5154d87-b77f-45c1-a83d-3182ea0b1eb0","Forest tree species and taxonomy","","","","","","",""
"tag","91bf739d-0043-42f1-85c8-acff673356d9","2022","a7d6abac-5d55-47fe-be5d-c5d32a43a105","Programming languages and their generations","","","verified","","","",""
"tag","f6959ff2-0ef9-4ec5-9747-6bdc2b473a01","2022","a83152d6-a96e-48f8-acdd-e167db03adb9","MGNREGA design, entitlements and performance","","","","","","",""
"tag","2a91c172-5928-454d-aa32-c7ff5a7d16c6","2022","a83152d6-a96e-48f8-acdd-e167db03adb9","MGNREGA design, entitlements and performance","","","","","","",""
"tag","8f42746f-7970-48cb-afd5-b1419e284761","2022","a8e79dbb-62c4-424f-83dd-56dbf319e539","Skill development and apprenticeship","","","","","","",""
"tag","cd4dec25-fc74-4da0-8b6a-71d1ed040373","2022","a9893874-a4ba-4cb8-950f-c570eeb3dfad","Welfare schemes for senior citizens","","","","","","",""
"tag","598c25f2-21a5-473a-bdfb-9fcac80d4ae8","2022","aa8c299f-4a40-4d5c-84f4-7d424c99228c","Plant propagation methods","","","","","","",""
"tag","fe40005f-688c-4e6c-9390-ded7a6d779e8","2022","aa8c299f-4a40-4d5c-84f4-7d424c99228c","Plant propagation methods","","","","","","",""
"tag","a122944c-07ee-4407-8a12-a4efee037423","2022","aa8c299f-4a40-4d5c-84f4-7d424c99228c","Plant propagation methods","","","","","","",""
"tag","508c1855-3e4d-4de8-a8c2-a24c06e0a3ec","2022","ad865cb6-a145-45e4-b368-f6aa999f9b6c","Employees' provident fund, ESI and statutory social security","","","","","","",""
"tag","1788c7a5-c011-4e23-9b64-b9d8aede7590","2022","ad865cb6-a145-45e4-b368-f6aa999f9b6c","Employees' provident fund, ESI and statutory social security","","","","","","",""
"tag","83d6f6da-6b3a-438d-a717-736b87c4befd","2022","ad865cb6-a145-45e4-b368-f6aa999f9b6c","Employees' provident fund, ESI and statutory social security","","","","","","",""
"tag","51839a2b-82c6-4cbd-88f6-df11c609fd68","2022","af832e25-cf5b-42a8-9edd-4d5818c1ef8c","Generations of computers and hardware evolution","","","verified","","","",""
"tag","e9205cff-901b-4ada-b314-b1f5b079423a","2022","af832e25-cf5b-42a8-9edd-4d5818c1ef8c","Generations of computers and hardware evolution","","","verified","","","",""
"tag","0b5e126b-5f70-4073-8ec2-0c57bbd3b55f","2022","afe864dd-13da-4bb1-a63e-afceaa14fe6a","Crop production estimates and agricultural statistics","","","","","","",""
"tag","d05c5a6d-13c4-4fec-9ff2-5eb1a4a2051b","2022","b0e8a0b7-df35-4f9e-9bdb-dfa6558e2b7a","Number series ΓÇö arithmetic and difference patterns","","","","","","",""
"tag","d5f63c47-0608-4de0-9ea0-49bc4927ba9a","2022","b2b889f0-5310-23a4-a50c-daa504f0afe7","Logical Order","","","","","","",""
"tag","128abf96-6939-4da4-b5b4-498da82f4b3a","2022","b2b889f0-5310-23a4-a50c-daa504f0afe7","Logical Order","","","","","","",""
"tag","f6057cf3-b21b-4a7c-b4d0-dc8e8309ea2b","2022","b2b889f0-5310-23a4-a50c-daa504f0afe7","Logical Order","","","","","","",""
"tag","da6537e7-ba62-4b3e-95ee-495b7d3387e7","2022","b2b889f0-5310-23a4-a50c-daa504f0afe7","Logical Order","","","","","","",""
"tag","d10c5e83-6f83-4587-8b03-49ae0e4f488d","2022","b2b889f0-5310-23a4-a50c-daa504f0afe7","Logical Order","","","","","","",""
"tag","31fb1e4f-2e04-4464-878c-d3eefb6869ea","2022","b5dce0fd-9f1d-40c6-844b-3f3503f68be3","NABARD and rural finance institutions","","","","","","",""
"tag","2f6bfb53-fce3-4321-bc14-7078c3512723","2022","b8d5bb29-9307-4e11-9805-c1f269a3ef65","Poultry housing systems","","","","","","",""
"tag","3a9d4883-24eb-4ded-ba69-9faf0cdb265a","2022","b8d5bb29-9307-4e11-9805-c1f269a3ef65","Poultry housing systems","","","","","","",""
"tag","68d75c49-d672-4175-8094-7be996807d7b","2022","b8d5bb29-9307-4e11-9805-c1f269a3ef65","Poultry housing systems","","","","","","",""
"tag","4ebc315b-88ec-4ad4-a476-3f2ad17d6887","2022","bacb7cab-d3dc-4e4d-85f1-f8a9b2263d20","MS Word ribbon, tabs and shortcuts","","","verified","","","",""
"tag","6b94e6c9-0312-40e8-a292-aba970ea477f","2022","bacb7cab-d3dc-4e4d-85f1-f8a9b2263d20","MS Word ribbon, tabs and shortcuts","","","verified","","","",""
"tag","8647bcaa-6626-4f84-b83f-73607ffd8529","2022","baf763bb-6d36-4a25-b1ba-6419e3b26852","Main idea and central theme","","","","","","",""
"tag","f424813c-4518-43d6-b52c-6cd82e983619","2022","bb343a30-e26e-474a-9ab7-6ecab8e6931b","Partnership and profit sharing","","","","","","",""
"tag","64470c19-4f27-41b6-a60f-3a8ff496c353","2022","bb343a30-e26e-474a-9ab7-6ecab8e6931b","Partnership and profit sharing","","","","","","",""
"tag","d19ca038-9520-4f47-bd5e-84b5579e6219","2022","bf06f202-6d47-497c-a4e2-5f7f377d0fbb","Passage-based synonym and antonym","","","","","","",""
"tag","3b289ae7-a285-4a9c-b1ac-f0cf717568ef","2022","c0029f13-4ec9-45fe-8077-45d6bf5c3529","Structured group decision-making techniques","","","verified","","","",""
"tag","a1b6713c-6049-4ccc-b835-aaca5eb8b9b2","2022","c0029f13-4ec9-45fe-8077-45d6bf5c3529","Structured group decision-making techniques","","","verified","","","",""
"tag","994b9a54-10fd-43ca-8151-767d5074dc3a","2022","c0a7c245-3fb1-4a85-9f8e-2c3399bf68af","Food safety and standards","","","","","","",""
"tag","5ed0abd7-89ef-4773-b4d1-594a5fe14a76","2022","c18d927f-2eab-49db-b302-a017cf1f2193","Word interchange within a sentence","","","","","","",""
"tag","48e36129-c33c-443c-91ad-5eaa63c61935","2022","c18d927f-2eab-49db-b302-a017cf1f2193","Word interchange within a sentence","","","","","","",""
"tag","9d9aa10c-a84e-4ceb-a24f-21735ed00a4d","2022","c18d927f-2eab-49db-b302-a017cf1f2193","Word interchange within a sentence","","","","","","",""
"tag","3298172b-1772-4b3c-a264-2b5eb239652e","2022","c18d927f-2eab-49db-b302-a017cf1f2193","Word interchange within a sentence","","","","","","",""
"tag","453f3795-073a-4f97-a63b-a3da3fc988cf","2022","c18d927f-2eab-49db-b302-a017cf1f2193","Word interchange within a sentence","","","","","","",""
"tag","b0cd0a9b-5092-4061-9cf0-5e48c1b945ec","2022","c1faeb38-3982-4810-a1fb-3c9dedb97cce","Dairy physiology and milk production","","","","","","",""
"tag","5e437183-8c62-4e95-bcfa-92d4f07d620f","2022","c1faeb38-3982-4810-a1fb-3c9dedb97cce","Dairy physiology and milk production","","","","","","",""
"tag","6df77120-cec9-4d61-aac0-1e694781536d","2022","c215d7bb-a63e-4a06-bcb3-a64fc6184045","Fundamental Rights articles","","","","","","",""
"tag","888a8580-88dd-4f8f-8cdb-1ba05eb32bab","2022","c26f0386-26ac-4035-96d6-3522f658cb19","Floor and flat double-variable puzzle","","","","","","",""
"tag","e2d1a6fd-be36-4af5-9947-3fccfe82918e","2022","c26f0386-26ac-4035-96d6-3522f658cb19","Floor and flat double-variable puzzle","","","","","","",""
"tag","a9f89aac-4c2e-4042-ba53-f6fc23bc3fa0","2022","c26f0386-26ac-4035-96d6-3522f658cb19","Floor and flat double-variable puzzle","","","","","","",""
"tag","042cdb02-4024-421a-a4fe-fac4805b749e","2022","c26f0386-26ac-4035-96d6-3522f658cb19","Floor and flat double-variable puzzle","","","","","","",""
"tag","c9764914-24e7-4471-990d-c05408cf7f1e","2022","c26f0386-26ac-4035-96d6-3522f658cb19","Floor and flat double-variable puzzle","","spot_check","","","","",""
"tag","194c5599-e793-4b40-a36f-ea6175d5b13f","2022","c31985e0-3cff-4a90-b5ac-438e656ee509","Partial work and remaining-work problems","","","","","","",""
"tag","3d570a23-4b10-48b0-a19a-a8e8bdb62350","2022","c33c0eb6-4a93-43aa-9dfc-571b43f805b8","Post-harvest physiology, maturity and ripening","","","","","","",""
"tag","ffc076b6-b1eb-403e-9e53-fce3acc17170","2022","c433edd3-ad2d-408b-bd3e-fbf1828a030d","Infrastructure, transport and logistics","","","","","","",""
"tag","b5c13a24-647f-4622-8e1e-df55d1923d77","2022","c433edd3-ad2d-408b-bd3e-fbf1828a030d","Infrastructure, transport and logistics","","","","","","",""
"tag","335d2f0e-15f8-4b14-9faf-cb3f0deb92c1","2022","c53b855a-5559-4479-83ea-9901a2d9c9ee","Microprocessors, registers and digital logic","","","verified","","","",""
"tag","f8a6d968-c531-429c-8299-4bd9b9c77240","2022","c5d44e15-072a-4557-ad7d-f61221fe61c7","Volume and surface area of solids","","","","","","",""
"tag","bdc43548-c9e4-49cd-96f0-62df19e939b6","2022","c61a0c4e-425f-4879-aeb4-a6445cab0daa","Ports, connectors and expansion interfaces","","","verified","","","",""
"tag","19edfdb9-a971-415e-87d6-eb3704eda4b1","2022","c6f2420b-90f9-4510-9579-fed2249b046b","Irrigation methods","","","","","","",""
"tag","58f42217-ebd2-4cc5-872b-eb897fb84f9f","2022","c7ccbff3-da69-4369-90fe-f5f8b13ff7b9","Linear row ΓÇö facing both directions","","","","","","",""
"tag","5b0c6ad3-62da-4780-a145-ac938d9255e2","2022","c7ccbff3-da69-4369-90fe-f5f8b13ff7b9","Linear row ΓÇö facing both directions","","","","","","",""
"tag","6f24c752-4de8-498b-acd7-0dd5788f4c36","2022","c7ccbff3-da69-4369-90fe-f5f8b13ff7b9","Linear row ΓÇö facing both directions","","","","","","",""
"tag","2fde03d1-9628-4883-a83a-3a6bae93596f","2022","c7ccbff3-da69-4369-90fe-f5f8b13ff7b9","Linear row ΓÇö facing both directions","","","","","","",""
"tag","0989884f-3101-4383-aca3-c85ed9cbd33a","2022","c862456b-d22b-45b5-9150-d9d1f21eb0c6","Global indices and India's rank","","","","","","",""
"tag","58aa54f6-7bc3-46af-ad51-66d7cc39fae9","2022","c862456b-d22b-45b5-9150-d9d1f21eb0c6","Global indices and India's rank","","","","","","",""
"tag","9ff754b5-8b18-4223-a082-39e6455d78f2","2022","c862456b-d22b-45b5-9150-d9d1f21eb0c6","Global indices and India's rank","","","","","","",""
"tag","f66ac465-8ea4-43df-b94c-26a4575e027e","2022","c886a7de-5a43-4058-b779-d25bd99be0c9","Decision theories from allied disciplines","","","verified","","","",""
"tag","2bd18dc6-019c-4982-8a11-2dd4522b2b3b","2022","c91ecdcc-7fc9-4d23-b3b7-9122ce81cf9a","Multi-blank passage cloze","","","","","","",""
"tag","c05ddec1-6099-4adf-8096-3f4f8ad69590","2022","c91ecdcc-7fc9-4d23-b3b7-9122ce81cf9a","Multi-blank passage cloze","","","","","","",""
"tag","7e1b0a9d-c94f-4746-b4fa-8f32f7ace549","2022","c91ecdcc-7fc9-4d23-b3b7-9122ce81cf9a","Multi-blank passage cloze","","","","","","",""
"tag","10a2d7bf-e057-4380-8e1e-30a1e5ba8c4c","2022","c91ecdcc-7fc9-4d23-b3b7-9122ce81cf9a","Multi-blank passage cloze","","","","","","",""
"tag","e1d83742-0dbf-45bb-9a5d-b6049ea5e96d","2022","c91ecdcc-7fc9-4d23-b3b7-9122ce81cf9a","Multi-blank passage cloze","","","","","","",""
"tag","0f42c452-7e1c-4893-962a-284016b11f9e","2022","cb66a58b-08bd-460a-bdef-681731413367","Irrigation, water resources and river linking","","","","","","",""
"tag","9c9c0b1e-a98a-421e-86ba-cb297cd0bc7b","2022","cd574056-f811-4f7b-8fdd-a4e37d0c9772","Ages ΓÇö present, past and future","","","","","","",""
"tag","3128b7a3-6e32-4844-b06c-23adbe35990b","2022","cd574056-f811-4f7b-8fdd-a4e37d0c9772","Ages ΓÇö present, past and future","","","","","","",""
"tag","954e92e5-659a-4aee-a41e-c4be35f8acda","2022","cd8eba60-75a0-420a-b213-8de420de23e2","Plant nutrients, their functions and deficiency symptoms","","","","","","",""
"tag","2c679202-83ba-4c7e-ad53-0ed57a398937","2022","cd8eba60-75a0-420a-b213-8de420de23e2","Plant nutrients, their functions and deficiency symptoms","","","","","","",""
"tag","4c57e4ba-92ab-4dff-addd-a6ab952691d8","2022","d0f1a72a-037f-403c-96a2-f510bdb1c9f4","Clean cooking fuel and energy access schemes","","","","","","",""
"tag","afefcde5-1d29-41ae-a0ac-f4ab3b5fd240","2022","d1979e85-7942-4fdd-a5fa-b1d2e29f5977","Boats and streams","","","","","","",""
"tag","2cd827d8-d071-4f8c-99ce-4edd1e2ec478","2022","d1979e85-7942-4fdd-a5fa-b1d2e29f5977","Boats and streams","","","","","","",""
"tag","ff0968af-e220-4875-9a42-d64e496c6d1a","2022","d1b7a3f9-84e1-4832-8d3f-ca851b844ce6","Approximation with decimals and surds","","","","","","",""
"tag","110c5a55-e0f5-4e2f-9f3d-4f4acd3b327a","2022","d5110ca8-291e-4287-a8ff-2cd5093ce271","Monetary policy framework and inflation targeting","","","","","","",""
"tag","9611c624-e0ff-4632-9b49-10f028a98602","2022","d5facd8f-8d07-4922-b776-40d8eee61961","Branches of horticulture","","","","","","",""
"tag","26303e8b-e0f7-4095-8482-8d5b98a1d0a5","2022","d6ad064e-7580-4640-8593-542a810de46c","Organic and natural farming schemes","","","","","","",""
"tag","765116ec-916f-4ec2-be1d-e83dc371f557","2022","d6ad064e-7580-4640-8593-542a810de46c","Organic and natural farming schemes","","","","","","",""
"tag","44a79bce-4e41-42c6-9ae2-414cd98b0f8c","2022","d6ad064e-7580-4640-8593-542a810de46c","Organic and natural farming schemes","","","","","","",""
"tag","8965bc3f-82cf-4e8d-b8a5-fd835491b492","2022","d9727773-6fbe-6454-fc17-fcca3d466594","Sentence completion with a missing part","","","","","","",""
"tag","d83fa64e-c74b-4257-bc1e-35e440f3207f","2022","d9727773-6fbe-6454-fc17-fcca3d466594","Sentence completion with a missing part","","","","","","",""
"tag","8816e784-e29a-449e-a5fa-ef29ad4b293e","2022","d9727773-6fbe-6454-fc17-fcca3d466594","Sentence completion with a missing part","","","","","","",""
"tag","f6c4f944-4ee1-49a9-945b-353f5240cc0f","2022","d9f13db4-9737-4142-9ffe-de6090cb0f2e","Heuristics and judgemental problems","","","verified","","","",""
"tag","d3c78889-d6bb-4a02-9bad-4a97b93db6ec","2022","da8b77aa-4e53-4876-be17-f8f96e1f2913","Category and attribute matching puzzle","","","","","","",""
"tag","5392dab0-f7ff-49e0-8b52-0f55c47907a2","2022","da8b77aa-4e53-4876-be17-f8f96e1f2913","Category and attribute matching puzzle","","","","","","",""
"tag","cd93a8c1-437e-455e-922c-8a0057810037","2022","da8b77aa-4e53-4876-be17-f8f96e1f2913","Category and attribute matching puzzle","","","","","","",""
"tag","d1c82a16-dc92-4083-8580-1d77bc7849d3","2022","da8b77aa-4e53-4876-be17-f8f96e1f2913","Category and attribute matching puzzle","","","","","","",""
"tag","3fce183a-67f3-4096-8e23-916c6e480439","2022","da8b77aa-4e53-4876-be17-f8f96e1f2913","Category and attribute matching puzzle","","","","","","",""
"tag","530678ed-4421-4a86-9ffd-7d6635c0fedd","2022","da8b77aa-4e53-4876-be17-f8f96e1f2913","Category and attribute matching puzzle","","","","","","",""
"tag","0310f48b-63bb-4639-8c08-abf0a7117a24","2022","dac662b7-4adc-428f-acf4-16a33f3741c2","MS PowerPoint views and slide show controls","","","verified","","","",""
"tag","e6e5b90f-3433-46db-bf7c-73f03fc51ca6","2022","dac662b7-4adc-428f-acf4-16a33f3741c2","MS PowerPoint views and slide show controls","","","verified","","","",""
"tag","dbc3734b-0bfa-4512-8279-4ee4733e0b3d","2022","db7456bd-c9cd-428e-8993-960a47662b61","Extension teaching methods","","","","","","",""
"tag","0a285d33-8b24-49e6-98cf-77818a280b6d","2022","dc83f041-e5e3-4adf-89f8-80455cec19f1","Poultry production and management","","spot_check","","","","",""
"tag","16f5dff0-64ca-49d8-a7da-d888ff4315c1","2022","dc83f041-e5e3-4adf-89f8-80455cec19f1","Poultry production and management","","","","","","",""
"tag","5b529ada-3626-4f50-aa72-670a0984dc31","2022","e29b907e-bbcb-468e-bd6d-4c0e656db0ee","Rural employment and training programmes","","","","","","",""
"tag","9e6f0a74-fd5a-4a96-860c-b9a438c76699","2022","e67d442a-24ea-4920-87c2-b77af8ec6a2f","Watershed management","","","","","","",""
"tag","e9e2394b-985a-4e95-b8fc-415c03fdc5fd","2022","e7ca4271-6ec8-4a73-be40-7e7dd799da28","School education schemes and curriculum frameworks","","","","","","",""
"tag","f545a6a9-002f-429c-9502-a9424e39374f","2022","e86d8867-5a86-49bd-925e-2a1b62dfe3e9","Livestock sector contribution and statistics","","","","","","",""
"tag","6fb961e9-6bab-4ea9-8e67-92c502f4ff36","2022","e8cae290-c508-4ad8-a0d5-51f6ad30195e","Street vendor credit and livelihood schemes","","","","","","",""
"tag","729449f1-0d98-4150-aeb4-0740dc5f922a","2022","e964c391-e97b-48d3-8321-c140b0a30260","Rural development outreach campaigns","","","","","","",""
"tag","53aacdf8-40d5-4936-9923-7435fca99afc","2022","eac19987-6d49-463e-9dd2-2821c14526e7","Rural housing (PMAY-G)","","","","","","",""
"tag","6bddc71f-844d-44c6-b069-59b8ca41cccf","2022","ec1c423a-d5ab-42aa-b03e-26d3a74e72fb","Life and accident insurance schemes for the poor","","","","","","",""
"tag","9b7547a7-ba8f-476c-a488-b717223f05b7","2022","ec1c423a-d5ab-42aa-b03e-26d3a74e72fb","Life and accident insurance schemes for the poor","","","","","","",""
"tag","032c9962-9ada-4a88-a946-00126ada1c1c","2022","ec1c423a-d5ab-42aa-b03e-26d3a74e72fb","Life and accident insurance schemes for the poor","","","","","","",""
"tag","5f487dd0-11f1-4018-a41d-e8dfb0b08b1b","2022","ec1c423a-d5ab-42aa-b03e-26d3a74e72fb","Life and accident insurance schemes for the poor","","","","","","",""
"tag","26012c87-4dc5-46a4-b379-182fd2c7e09e","2022","ec1c423a-d5ab-42aa-b03e-26d3a74e72fb","Life and accident insurance schemes for the poor","","","","","","",""
"tag","cc8eebb9-1e7e-4834-9263-4ddfa00e69b5","2022","ec1c423a-d5ab-42aa-b03e-26d3a74e72fb","Life and accident insurance schemes for the poor","","","","","","",""
"tag","b37ce875-c2f5-4a7f-97d2-ccc575528b82","2022","ed3eadd3-5574-4043-a2e4-2bfde047b9c1","Symbol-substitution inequality","","","","","","",""
"tag","8166a905-ea60-4b9f-86fd-c4bc1b81bee6","2022","edfa8f79-7e0a-4f3e-8726-dbd3a97fb1de","MSME sector and its contribution","","","","","","",""
"tag","f7152b52-4e09-450a-a83f-ff451a04fb79","2022","edfa8f79-7e0a-4f3e-8726-dbd3a97fb1de","MSME sector and its contribution","","","","","","",""
"tag","d62a96b3-eb3b-4a1e-850f-5b9ef2e72af4","2022","ee63d21f-3ff5-4193-975f-7e6c04a59c89","Three or more statement syllogism","","","","","","",""
"tag","7fb053c4-3313-40ad-a13e-6d27a2a83dd5","2022","ee63d21f-3ff5-4193-975f-7e6c04a59c89","Three or more statement syllogism","","","","","","",""
"tag","b92e72e3-ecce-4934-a9aa-506d5faf6bba","2022","ee63d21f-3ff5-4193-975f-7e6c04a59c89","Three or more statement syllogism","","","","","","",""
"tag","1e8721dd-82b7-4ecc-82cc-32bbdef882b9","2022","ee63d21f-3ff5-4193-975f-7e6c04a59c89","Three or more statement syllogism","","","","","","",""
"tag","8cae5c8f-29d0-420a-a6e7-3d4a35c01102","2022","ee63d21f-3ff5-4193-975f-7e6c04a59c89","Three or more statement syllogism","","","","","","",""
"tag","78820f24-444a-47c6-ab80-d6f6b1b46d04","2022","ef08e350-4262-4608-af88-840b81d33e3c","Farm management and cost accounting","","","","","","",""
"tag","cd0e0fc0-99b9-4137-8c32-c028c83da504","2022","ef886720-44b2-4f09-af54-9bcdd10fe69b","Direct income support to farmers","","","","","","",""
"tag","ee4f8100-ffa2-4ead-aff7-e3dc14318e1a","2022","efc748fc-956d-4f13-b913-4261e9d701a3","Precision agriculture and digital tools","","","","","","",""
"tag","4e6d963e-d83b-4b66-9286-91c3ff6b0078","2022","f0597006-e1c9-45ef-983f-3dad314f7f17","Self-help groups and DAY-NRLM","","","","","","",""
"tag","698d1fdc-44b2-409d-be28-f7637a149189","2022","f26292d1-d93f-42fa-863a-7049b5a8663c","Women and child welfare schemes","","","","","","",""
"tag","7ce1e05d-6dfa-4aee-b68b-eda9fedfd8b0","2022","f26292d1-d93f-42fa-863a-7049b5a8663c","Women and child welfare schemes","","","","","","",""
"tag","455016c0-c12f-4504-a4a1-d6fffbbeb527","2022","f34c9bed-217a-4fe7-82d9-c7d8ab5adfb1","Memory types and the memory hierarchy","","","verified","","","",""
"tag","01a02348-4cea-49de-8811-ac313ac669be","2022","f34c9bed-217a-4fe7-82d9-c7d8ab5adfb1","Memory types and the memory hierarchy","","","verified","","","",""
"tag","4081e6b4-ded9-4e17-8394-93cd7348577f","2022","f34c9bed-217a-4fe7-82d9-c7d8ab5adfb1","Memory types and the memory hierarchy","","","verified","","","",""
"tag","724b5b0c-03d3-42ec-839f-d45c957aec64","2022","f4ab61e2-cadf-4686-a1c5-50554463f230","Meaning of an idiom in context","","","","","","",""
"tag","7d933282-a28c-45af-a653-ea31b9c40cee","2022","f4ab61e2-cadf-4686-a1c5-50554463f230","Meaning of an idiom in context","","","","","","",""
"tag","980c1479-7059-4ab5-96bf-d610a58dfa1f","2022","f4e6692c-d603-45a0-ad32-b686c1c23d24","Root cause analysis and problem-solving tools","","","verified","","","",""
"tag","596cf60b-5e55-4b30-b63c-171d18493ecc","2022","f4e6692c-d603-45a0-ad32-b686c1c23d24","Root cause analysis and problem-solving tools","","","verified","","","",""
"tag","ae5b0d0b-bfaa-4846-8fe0-679b67f82cbf","2022","f5707177-c3d8-4262-8468-28edff1a570c","Regulated and licensed crop cultivation","","","","","","",""
"tag","ba4a1d69-a5fd-4178-b5c1-9237ad0e1337","2022","f6a36919-07e6-46a8-ae43-e3c13d549c98","Discount and marked price","","","","","","",""
"tag","a3a00dab-7a03-4957-bd1a-7c2340ef1ea4","2022","f6a36919-07e6-46a8-ae43-e3c13d549c98","Discount and marked price","","","","","","",""
"tag","2551be8f-9e69-4866-be21-51f41b2f9aa6","2022","f760738d-0cb4-465f-9aa4-ebef3fc42346","Watershed development","","","","","","",""
"tag","7b33bae7-8715-4b91-96a1-942a884af9dc","2022","f858f233-3a83-4ffa-972e-e02d7ebf56be","Agricultural education and institutions","","","","","","",""
"tag","e91783ec-ff84-4fd9-bf91-1221d20a5b36","2022","fa731497-39a6-49f8-b3ff-e0f3bb19cb96","Union Budget provisions and taxation","","","","","","",""
"tag","fe5bbf35-1927-4418-baff-fb19d3235ff9","2022","fcf38506-9e51-4dca-bdbe-878b006d780a","Crop diseases and their causal agents","","","","","","",""
"tag","b0dcaed0-7278-48e2-8fa2-e947ee1c0356","2022","fcf38506-9e51-4dca-bdbe-878b006d780a","Crop diseases and their causal agents","","","","","","",""
"tag","504a3763-5e3e-419c-b597-be791cda2519","2022","fcf38506-9e51-4dca-bdbe-878b006d780a","Crop diseases and their causal agents","","","","","","",""
"tag","95c39bee-fcef-4e17-81c3-86e559767b3d","2022","fcf38506-9e51-4dca-bdbe-878b006d780a","Crop diseases and their causal agents","","","","","","",""
"tag","a1ec434d-be04-4e5f-847a-9941c0bf41fa","2022","ff8e7327-e6f5-4b63-a6e5-653a200fea23","Fisheries institutions and marine exports","","","","","","",""
"tag","46bedc1e-40a9-4a23-9c65-b7c6994c0f83","2022","ff8e7327-e6f5-4b63-a6e5-653a200fea23","Fisheries institutions and marine exports","","","","","","",""
"tag","45a79fbb-33a2-4b08-bce1-b96ef72e995a","2022","ffae1707-910d-4d42-8bb4-3071192cfa16","Types of decisions and decision levels","","","verified","","","",""
"question","8b95a6d7-7a04-42e8-ae38-c121ffab69a0","2023","1","Q.1) How is D related to C?","","spot_check","","","","",""
"question","e228eed5-f29e-46ee-80ce-291b9f9a05e2","2023","1","Q.1) I) x2 – 6x + 8 = 0 II) y2 + y – 6 = 0","non_ascii_suspect","flagged","","","","",""
"question","6a74ee19-64d4-46f0-b3fb-099714144baa","2023","1","Q.1. The Chief Ministers of West Bengal and Tamil Nadu, Mamata Banerjee and M.K. Stalin, respectively, have jointly proposed a ______ of non","suspicious_repeat_char","flagged","","","","",""
"question","1fa6dcbf-f5e7-4b5b-9c46-72446dbde8d0","2023","1","Q.1) What is the scientific name of Carnation?","","spot_check","","","","",""
"question","efbe96ea-46f2-4e9a-a2a2-b27427668c3f","2023","1","Q.1 What is the full form of VFX?","","spot_check","","","","",""
"question","51c1c76e-6e85-4be7-aec3-49866ed4878c","2023","1","Q.1) The Consumer Price Index (CPI) measures the overall change in consumer prices based on a representative basket of goods and services ov","","spot_check","","","","",""
"question","a13429c6-4ae5-46d9-a868-380c0e38b4b9","2023","1","Q.1) What technique is used to identify the most important factors that contribute to a particular problem or outcome, based on the 80:20 ra","","spot_check","","","","",""
"question","ea0c48f9-0c96-4d32-b5b7-737921702acb","2023","1","Q.1) PACS has been mentioned in the above paragraph. What does the PACS stand for?","","spot_check","","","","",""
"question","d97bb2f1-a71a-4328-b0b0-4e24a335b8ac","2023","2","Q.2) Who among the following was born in April?","","","","","","",""
"question","a1acaaf0-303b-458e-bc80-b04c53f32b83","2023","2","Q.2) I) x2 - 12x + 11=0 II) y2 - 7y – 44 = 0","non_ascii_suspect","flagged","","","","",""
"question","d70cefb3-be64-40dc-9c8a-3fb25d68db07","2023","2","Q.2. Dokra or Dhokra is a non-ferrous metal ________ that has been used in India for over 4,000 years. _________, the handicraft is still pr","suspicious_repeat_char","flagged","","","","",""
"question","5bc7d8ec-56bf-4a2c-b81b-864ba9e5be89","2023","2","Q.2) What is the term for the stage of erosion when it becomes exhaustive, leading to the formation of finger-like projections?","","","","","","",""
"question","96449894-5cde-4924-b4e3-347525bda4fe","2023","2","Q.2 Which of the following shortcut keys is used for the screen lock and password is required to unlock the screen?","","","","","","",""
"question","4fb342d0-d33e-4f1e-9883-2832c76ffad6","2023","2","Q.2) Which among the following statements are true regarding PM KISAN scheme? 1. A family is defined as husband, wife, children of any age a","non_ascii_suspect","flagged","","","","",""
"question","4faf18e9-ef74-4a46-b047-0fca7fc09b5b","2023","2","Q.2) What strategies can individuals employ to mitigate confirmation bias in their decisionmaking processes?","","","","","","",""
"question","3fdc4522-4745-446c-8089-f9b19bcfd863","2023","2","Q.2) The center has announced a 47 -member committee under former union minister ___________ to prepare the national cooperation policy to p","suspicious_repeat_char","flagged","","","","",""
"question","aec50a66-6abd-45f8-9566-197544e24960","2023","3","Q.3) Who among the following was born immediately before the one who was born in Indore?","","","","","","",""
"question","ca06959b-96e2-4fd3-9767-be4e540c3e11","2023","3","Q.3) 22, 39, 58, 79, ? , 127","","spot_check","","","","",""
"question","aa8bf630-95fb-436a-9e60-c19c374ff210","2023","3","Q.3. Uttar Pradesh Chief Minister Yogi Adityanath’s remark that the State could become Kashmir, West Bengal or Kerala if voters _________ a ","non_ascii_suspect;suspicious_repeat_char","flagged","","","","",""
"question","c513c955-3494-4ffd-b494-b159bb493a5c","2023","3","Q.3) What is the period of southwest monsoon?","","","","","","",""
"question","6df0d6cb-b68e-49d8-a5e0-53f0d34de7a4","2023","3","Q.3 The incognito mode does not store which of the following information. 1. Data entered in forms. 2. Your browsing history 3. Browsing Coo","","","","","","",""
"question","98c268dc-bdf4-40c0-a465-496b83c179f9","2023","3","Q.3) As per RTI Act, Central Public Information Officers/ State Public Information Officers (under Section 6) shall dispose-off the case in ","suspicious_repeat_char","flagged","","","","",""
"question","79226c2d-7255-4c33-b97d-6858fb707ae9","2023","3","Q.3) What are the key factors contributing to procrastination in the decision-making process among the following options?","","","","","","",""
"question","dd81ad2c-97c1-4a3d-a451-587797ba6490","2023","3","Q.3) In order to make PACS self-reliant and in tune with ‘Atmnirbhar Bharat Abhiyaan’ the government of India has, on 29th June 2022 approve","non_ascii_suspect;suspicious_repeat_char","flagged","","","","",""
"question","f5965424-28e4-4b94-8dc6-93e60ad6e048","2023","4","Q.4) Four of the five are alike in a certain way and hence form a group, who among the following does not belong to that group?","","","","","","",""
"question","7f4a8748-115d-4a09-ac85-d69e1ed5c1eb","2023","4","Q.4) 36, 54, 90, 126, 198, ?","","","","","","",""
"question","31816c48-eee4-4b05-92e1-79f74f7f295f","2023","4","Q.4. For a certain type who rely on ________ in their politics, ________ that can act as a dog whistle is a key weapon in an electoral battl","suspicious_repeat_char","flagged","","","","",""
"question","612d7ea4-59bb-41df-976f-8ee57a46655e","2023","4","Q.4) MSP is recommended by which of the following institutes?","","","","","","",""
"question","48839413-69cc-448e-8ce7-16c8ac788b32","2023","4","Q.4 Which computer device played a key role during World War 2, helping the Germans during the war?","","","","","","",""
"question","edbfa701-f00a-4f78-bac8-32189ba52220","2023","4","Q.4) Under the PM Vishwakarma Yojana, the beneficiaries will be given a toolkit incentive along with the initial collateral-free ‘Enterprise","non_ascii_suspect;suspicious_repeat_char","flagged","","","","",""
"question","b83b0827-6ac9-4a22-837d-9f932d776d5c","2023","4","Q.4) What is the term for a methodology that utilizes a panel of experts who provide anonymous responses to structured questionnaires?","","","","","","",""
"question","aaedae03-6c27-4e6e-88c0-6c31e03801b2","2023","4","Q.4) Which of the following is the implementing agency for the centrally sponsored project for the computerization of primary agriculture cr","","","","","","",""
"question","ca1f82d3-94e5-4ce1-957f-35f9e5310994","2023","5","Q.5) Which of the following combination is correct?","","","","","","",""
"question","1b045273-3a34-4d00-9c74-9023e14430fb","2023","5","Q.5) 15, 18, 42, 125, 506, 2537","","","","","","",""
"question","cf4ac970-6459-467d-af23-97a7fc844909","2023","5","Q. 5. A 54-year-old man have been arrested for marrying 14 women across the country and duping them of lakhs of Rupees.","","spot_check","","","","",""
"question","0090c865-1338-4ee2-a5f1-773481ef40fe","2023","5","Q.5) What is the optimum storage moisture percentage for food grains?","","","","","","",""
"question","92a09478-688c-4d44-8f52-e2558d0c2322","2023","5","Q.5 ASCII stands for _________________________________","suspicious_repeat_char","flagged","","","","",""
"question","40eb7f00-17eb-4b6d-9298-dff9100ff31d","2023","5","Q.5) Under Mahatma Gandhi National Rural Employment Guarantee Scheme (MGNREGS), the beneficiaries have a right to get extra wages of _____ i","suspicious_repeat_char","flagged","","","","",""
"question","aae5e006-262a-4982-b471-c0ea2be27d62","2023","5","Q.5) In situations marked by uncertainty in the condition or outcome, but where the associated risk is deemed minimal, what is the recommend","","spot_check","","","","",""
"question","0697d477-dfdc-4585-8f67-0d4f8c742b3d","2023","5","Q.5) Ploughing is the ________(1)_____operation, which is performed to cut, break, and invert the soil partially or completely suitable for ","suspicious_repeat_char","flagged","","","","",""
"question","329e426e-f7cf-4afd-99a9-bc0c7377005c","2023","6","Q.6) Only lamp is light. Only a few footballs are cricket. Some cricket is lamp Conclusion I: Few light can be cricket Conclusion II: Some f","","spot_check","","","","",""
"question","a0516c3a-369e-45c5-819b-1a57bef025a4","2023","6","Q.6) Akilesh borrowed a certain sum of money at compound interest for 2 years at 10 % per annum and he pay Rs. 5880 as interest. Find the co","","","","","","",""
"question","4c91fc54-c5c5-4f2c-9e0b-91a293cd58d4","2023","6","Q.6. In Parliament recently, Prime Minister Narendra Modi and Congress leader Rahul Gandhi had a heated debate on the scope and limits of In","","","","","","",""
"question","7abc3972-1ff2-4505-8a6e-9eac5fd156dd","2023","6","Q.6) Which of the following soil types have the least particle density?","","spot_check","","","","",""
"question","305aed32-d8a0-4388-8a70-19c52ef607c3","2023","6","Q.6 What keyboard shortcut is commonly employed to toggle between active applications in Microsoft Windows and other operating systems?","","","","","","",""
"question","fa1143d9-097d-453f-bafc-c6864d51fa62","2023","6","Q.6) The Pradhan Mantri Schools for Rising India (PM SHRI) scheme, which provides the setting up of more than 14500 PM SHRI Schools by stren","suspicious_repeat_char","flagged","","","","",""
"question","c7695d8e-8712-4722-b2c3-ace594ec9478","2023","6","Q.6) What constitutes the initial step in the process of content analysis as applied to decision making?","","","","","","",""
"question","e41018e1-8f6e-4618-a3ef-f33133690e0c","2023","6","Q.6) _____ (2)_______ is used for churning the soil with standing water while preparing fields for paddy transplantation. It is used after c","suspicious_repeat_char","flagged","","","","",""
"question","16d418e2-b9fd-484e-a576-2e047b041423","2023","7","Q.7) Some Movies are good. No actor is player. Some good are actor Conclusion I: Some good is not player Conclusion II: Few movies are actor","","","","","","",""
"question","fb60e1be-897e-4ec1-af91-253c9179bb32","2023","7","Q.7) A vessel contains 63 litres mixtures of water and milk in the ratio of 3: 4. If some amount of water is added to the mixture, then the ","","spot_check","","","","",""
"question","785909b5-ecb6-4cce-aaeb-8b8978baf166","2023","7","Q.7. A two-year-old girl in Andhra Pradesh accidentally fall onto a vessel of hot sambar on her birthday on Sunday.","","","","","","",""
"question","f02ae168-21ec-476f-bad6-6ee4bda6a860","2023","7","Q.7) Which of the following biofertilizers is not used in nonlegume crops?","","","","","","",""
"question","642e2461-a3ee-47fa-84fc-bcdbf7ab1882","2023","7","Q.7 Which of the following is a benefit of using parental controls?","","spot_check","","","","",""
"question","d44261f6-cb82-471e-b7cb-7d25eeacb379","2023","7","Q.7) What is the eligible age group of beneficiaries under the Khadi Gramodyog Vikas Yojana?","","","","","","",""
"question","6aff76fe-4883-4ee4-a5c2-6dd55a307245","2023","7","Q.7) Which is the most precise definition of a random heuristic among the following options? areas of the search space.","","","","","","",""
"question","69c75dbc-3dec-4a82-ae0a-0302c23065d6","2023","7","Q.7) Which of the following is /are the objectives of tillage in Rice?","","","","","","",""
"question","5b89d770-413e-4e6e-a491-b442d7fc3b00","2023","8","Q.8) Who among the person weighs 56 kg?","","","","","","",""
"question","4d9d19c9-1792-4ae4-a2be-f13a0bc2ecd0","2023","8","Q.8) The ratio of the ages of A and B is 3:2 and after 8 years, the ratio will be 13:10. If the average ages of A, B and C is 18 years, what","non_ascii_suspect","flagged","","","","",""
"question","d948c072-0e0b-4e68-a62d-b2e1223d6a63","2023","8","Q.8. Thirty-three people were injured when a Himachal Road Transport Corporation (HRTC) bus met on an accident in Shimla district.","","","","","","",""
"question","46df77e9-63c5-47ca-9cc5-772c11c56b98","2023","8","Q.8) What should be the optimum range of Dissolved Oxygen for fish to grow?","","","","","","",""
"question","c49050cf-ba84-42e9-ade9-e2cb674eb7bf","2023","8","Q.8 Which of the following companies are involved in the production of microprocessors?","","","","","","",""
"question","42669b42-d4a9-46a8-937c-991d9e260482","2023","8","Q.8) Mission __________ is an integrated women development programme for safety, security and empowerment of women being implemented during ","suspicious_repeat_char","flagged","","","","",""
"question","0f691e3a-3a2a-48e8-ab96-a04d50a3cfe4","2023","8","Q.8) Which of the following is a characteristic of the bounded rationality model?","","","","","","",""
"question","1d619ca4-01f0-4f76-b54c-4faaf29a33b9","2023","8","Q.8) Recently Indian Institute of Millet Research has established a “Center of Excellence” for the promotion of millets in which of the foll","non_ascii_suspect","flagged","","","","",""
"question","f78c35f1-7dfd-46a5-9761-8ae1f11b89a2","2023","9","Q.9) How many persons are lighter than M?","","","","","","",""
"question","f10d8605-0d2c-429d-a611-fe3da029aa43","2023","9","Q.9) Mano and Varthan started a business with an investment of Rs.3200 and Rs.4800 respectively. Mano invested for 40% of the year and Varth","","","","","","",""
"question","afdd5423-97a4-49d4-b404-ca145fe1ff14","2023","9","Q. 9. ABG Shipyard Limited, one of India’s largest private sector shipyard firms, has been booked by the CBI for defrauding 28 banks to the ","non_ascii_suspect","flagged","","","","",""
"question","95777e42-3a55-4c18-8fd6-d79aa15db1bc","2023","9","Q.9) Which of the following Irrigation projects have a Culturable Command Area of 2000 to 10,000 ha area?","","","","","","",""
"question","4e773b82-deb9-4368-ac22-8dbfde9e7811","2023","9","Q.9 What is the primary purpose of a Task Manager? (1) Managing tasks in a project or workflow (2) Monitoring the performance of a computer ","","","","","","",""
"question","6534a693-ae61-4240-9afa-490df1870695","2023","9","Q.9) Which among the following are the categories of the roads constructed under Pradhan Mantri Gram Sadak Yojana (PMGSY)? 1. Other District","","","","","","",""
"question","f5e266a3-d51a-45d3-8224-6f6fa0d172e3","2023","9","Q.9) Among the following, which assumption does not align with the principles of rational decision-making?","","","","","","",""
"question","c231f2c2-704e-4fe1-a0be-ab9f05f10ae1","2023","9","Q.9) How many days of wage employment is provided under MGNREGS for Scheduled Tribe households living in forest areas?","","","","","","",""
"question","a6114783-b2a8-44bf-8868-2b4acd065b9d","2023","10","Q.10) What is the possible weight of O?","","","","","","",""
"question","bbf50998-34da-4065-8363-74a55599d1db","2023","10","Q.10) The boat travelled 80 km upstream in 16 hours and travelled 280 km downstream in 8 hours. If the boat and stream’s speed is increased ","non_ascii_suspect","flagged","","","","",""
"question","c8ee9006-0e27-4887-91c3-d6395ef2888e","2023","10","Q.10. Which of the following words is most appropriate for blank (a)?","","","","","","",""
"question","856ec76c-fc1f-48bb-bebb-cf5333d46920","2023","10","Q.10) What is the term used for doing the castrated female pig?","","spot_check","","","","",""
"question","e9d2df1f-0935-4220-983d-1f054f9396e2","2023","10","Q.10 Which statement accurately defines the scenario when we download documents in incognito mode? is closed.","","","","","","",""
"question","30ce4c60-a7e0-42fb-9db6-f6afdf2757da","2023","10","Q.10) Which of the following acts as the last mile financier for entities eligible to avail financial assistance from NSFDC under ‘Ajivika M","non_ascii_suspect","flagged","","","","",""
"question","db32d749-9a14-4283-b7b7-a5b337a8bff3","2023","10","Q.10) Consider the following statements regarding group conflict. 1) Group conflict can arise due to differences in goals and interests amon","duplicate_option_text","flagged","","","","",""
"question","67beae85-b147-4384-b0fa-141d6640607a","2023","10","Q.10) Under the MGNREGS, additional 50 days of wage employment are provided over and above 100 days in the areas affected due to which of th","","spot_check","","","","",""
"question","92258c4b-48fe-496c-9696-10f2361188df","2023","11","Q.11) Statements: O > R ≥ F = U > M ≥ E; L < N ≤ D = R > K ≥ X Conclusion: I. L < F II. D > E III. O ≥ X","non_ascii_suspect;duplicate_option_text","flagged","","","","",""
"question","378c068e-ca7a-48cd-bc62-56bac359c50b","2023","11","Q.11) 59.968 x 40.032 – 956.22 + 45.88 x 2.99 =?","non_ascii_suspect","flagged","","","","",""
"question","a72209ff-eadc-45b5-ae72-593909f69961","2023","11","Q.11. Which of the following words is most appropriate for blank (b)?","","spot_check","","","","",""
"question","091d865d-d059-4dea-844a-b84a18ca8b32","2023","11","Q.11) Which of the following is the operational cost of a Tractor?","","","","","","",""
"question","29dc2488-83b8-4141-a612-d8896ca5ae89","2023","11","Q.11 What is the accurate sequence for memory speed, ranging from fastest to slowest?","","","","","","",""
"question","ca88b758-af41-4c7c-bd49-ca9a7194adb2","2023","11","Q.11) Under Swachh Bharat Mission (Gramin) Phase-II, upto 5% of the total funding for programmatic components can be spent on which items? 1","","","","","","",""
"question","5a496ff8-21d8-41ad-9cd6-9904f04529fc","2023","11","Q.11) Under the MGNREGS, if the demanded employment is not provided within 15 days, the applicant is entitled to an unemployment allowance o","suspicious_repeat_char","flagged","","","","",""
"question","b039e5bc-13b1-4155-8457-71d043cbe291","2023","12","Q.12) Statements: P < Q = G > A ≥ I; B < Y = V < H ≤ D < G Conclusion: I. P > Y II. H ≤ A III. I < V","non_ascii_suspect","flagged","","","","",""
"question","b899832a-acc9-46d1-b910-acc69ba92880","2023","12","Q.12) √399.92 – 33.33 % of 18 + 12.053 * 1.97 = ?","non_ascii_suspect","flagged","","","","",""
"question","427d4528-ce4d-4d26-b18d-8bd76b891fd7","2023","12","Q.12. Which of the following words is most appropriate for blank (c)?","","","","","","",""
"question","1898d86d-6971-4d02-897d-ad2a9a92701f","2023","12","Q.12) Which of the following extension teaching methods shows a group of farmers how something is done step by step for the purpose of teach","","","","","","",""
"question","71c4132b-cb66-46a1-bab0-78ebcc81d0b9","2023","12","Q.12 What is the full form of BCC?","","spot_check","","","","",""
"question","de7a3361-050a-4151-9a9f-015ffde4cede","2023","12","Q.12) As per the Economic Survey 2022-23, _____ of India's population lives in the rural areas and 47% of the population is dependent on ___","suspicious_repeat_char","flagged","","","","",""
"question","dc10ac8c-62eb-4360-a4e0-b9b2fa270d3e","2023","12","Q.12) Which among the following initiative are organised at every ward and Gram Panchayat level at least once a month for creating awareness","","","","","","",""
"question","c0df555a-f4fb-42b5-ab55-0bec00de3870","2023","13","Q.13) Statements G = M > F ≥ E = H; Q < S ≤ U = E > V; B > J ≥ U = X > T Conclusion: I. M > Q II. J ≥ S III. B < G 50 | P a g e","non_ascii_suspect","flagged","","","","",""
"question","b36cd03a-fba4-4876-927c-2031f70c6ae5","2023","13","Q.13) A and B together can complete the work in 30 days, B and C together can complete the work in 15 days and A and C together can complete","","","","","","",""
"question","7c9d54de-3e91-4275-89a1-320b92d63a83","2023","13","Q.13. Which of the following words is appropriate for blank (d)?","","","","","","",""
"question","22451541-2f03-4b7c-b929-7c41c4370bfd","2023","13","Q.13) Which of the following is a milch and drought-purpose cattle breed that originated from Nashik and Ahmednagar of Maharashtra?","","","","","","",""
"question","64e96ac6-e489-4713-a383-bcf98a77d8e1","2023","13","Q.13 Which of the following is the primary use of a stylus input device?","","","","","","",""
"question","44f24ab8-18ba-4ccc-b102-576b2842d79d","2023","13","Q.13) In an address delivered in August 2023 – “Building Blocks for a Sustainable Future”, the RBI Governor mentioned six thrust areas that ","non_ascii_suspect;suspicious_repeat_char","flagged","","","","",""
"question","8e056df1-419a-4446-a1ae-65edf892331b","2023","13","Q.13) Identify the programme mentioned in the paragraph.","","","","","","",""
"question","ba5be116-524d-4c6a-b20b-967d71ce617f","2023","14","Q.14) Among six people I, J, K, L, M and N, each lives on a different floor of a six-storey building. The ground floor is numbered 1 and the","non_ascii_suspect","flagged","","","","",""
"question","218f3081-b87d-49cb-9042-4bb0b884c322","2023","14","Q.14) The shopkeeper sold the article A at 20% loss and the cost price of the article A is Rs.4500. With that amount, he bought the article ","","","","","","",""
"question","516f42ff-2ad8-4c24-b0dd-a1696dccfc21","2023","14","Q.14. Which of the following words is appropriate for blank (e)?","","","","","","",""
"question","ac6cd0bf-fb42-4146-b5ef-354d58a9c670","2023","14","Q.14) What is the term for a chicken with tender meat that weighs between 1.5 to 2 kilograms?","","","","","","",""
"question","0c686c66-d842-4cca-9b2a-e12e441816d8","2023","14","Q.14 What technological advancement addressed the issues that were associated with vacuum tubes?","","","","","","",""
"question","ee8da731-7351-4845-aa74-536436f911cf","2023","14","Q.14) The Global Biofuel Alliance, launched during G20 summit held in New Delhi, will help to accelerate which of the following existing pro","","spot_check","","","","",""
"question","940f88f7-8523-4985-ae26-aa6c4cac8b12","2023","14","Q.14) Which of the following preventive measures have been taken as a part of the programme mentioned in the paragraph? 1. Strengthening of ","","","","","","",""
"question","4ad0d69b-239d-4f14-bb27-117d712dc905","2023","15","Q.15) In which country does P live among cities U, V, W, X and Y? Only one person lives in each city. I. K and I live in the country Y and V","","spot_check","","","","",""
"question","0d839d28-7553-486c-aa01-250105b64607","2023","15","Directions (Q.15 to Q.20): The pie chart below shows the percentage distribution of the population of five different apartments in a city. T","","","","","","",""
"question","abe8bcb0-c553-4f60-9e79-07db3d7e2b07","2023","15","Q.15. Which of the following words is most appropriate for blank (f)?","","","","","","",""
"question","4d1ac1f6-6fae-4865-9dbf-86848233e1ab","2023","15","Q.15) What is the period during which layers in poultry are economical?","","spot_check","","","","",""
"question","f82bd3e3-e9a9-418c-bbf6-92a735d25aad","2023","15","Q.15 Which of these options employs qubits in its operation?","","","","","","",""
"question","4fb4424e-5c57-4018-8deb-f0b1ce51ccbf","2023","15","Q.15) The Central Statistical Organisation (CSO) is responsible for the compilation and publication of the Index of Industrial Production (I","","","","","","",""
"question","bf5259a1-cc21-4312-96d8-5fe6bad0a838","2023","15","Q.15) Which of the following statement(s) is correct with respect to the mission discussed in above paragraph? 1. People from zero to 18 yea","","spot_check","","","","",""
"question","262e5659-e43a-46d5-aef8-b75511b8a7d9","2023","16","Q.16) Which color does R like?","","","","","","",""
"question","4abb4365-f32d-480f-bfd7-c064bbfb19e8","2023","16","Directions (Q.15 to Q.20): The pie chart below shows the percentage distribution of the population of five different apartments in a city. T","duplicate_option_text","flagged","","","","",""
"question","35adc63f-2abc-4dc8-a172-3731e8962a2b","2023","16","Q.16. The Quad Ministerial meeting in Melbourne, meant (a)/ to set the stage for a meeting by the leader of (b)/ Australia, India, Japan and","non_ascii_suspect","flagged","","","","",""
"question","b61d155f-34bd-493e-9625-f555b231f4fe","2023","16","Q.16) What is the tag colour for certified seed?","","","","","","",""
"question","6b81e5e0-26f2-40ed-9248-d369a225d7cb","2023","16","Q. 16 What type of printer is typically employed in office settings for the purpose of producing high volumes of documents or papers?","","spot_check","","","","",""
"question","b620324f-e420-4de6-b6a8-1418aad6724a","2023","16","Q.16) Gender indicators are quantitative metrics to provide information to monitor performance, measure achievement and determine accountabi","","","","","","",""
"question","c1ed7de3-26a8-41a9-ac1f-5f80f210ffc8","2023","16","Q.16) The programme mentioned in the paragraph aims to eliminate Sickle Cell Anaemia by which year?","","","","","","",""
"question","100b9f1a-41fe-4083-be93-b8d983e93071","2023","17","Q.17) Who among the following is an immediate neighbor of the one who likes Maroon color?","","","","","","",""
"question","f051d65b-3ab1-4697-9a74-9bfd8bcda4fa","2023","17","Directions (Q.15 to Q.20): The pie chart below shows the percentage distribution of the population of five different apartments in a city. T","","spot_check","","","","",""
"question","8942174e-a957-4753-b842-70992f775162","2023","17","Q.17. A communal angle is occasionally added, (a)/ as Uttar Pradesh CM Yogi Adityanath did (b)/ last week in branding West Bengal, Kerala or","","spot_check","","","","",""
"question","f7b617f1-30e9-4347-ad65-5d080aca3c4f","2023","17","Q.17) Salt concentration in soil is measured by electrical conductivity. What is the S.I. unit of EC?","","","","","","",""
"question","0b8a597c-f4c5-47f4-91f6-99927725f2c5","2023","17","Q. 17 The action of dragging two fingers across the touchpad of the laptop is used for?","","","","","","",""
"question","03fc2878-92d4-4fe0-b2ea-bd85cbae4cd0","2023","17","Q.17) Livelihood Business Incubator (LBI) is an entity set up for imparting skill development & incubation programmes for promoting entrepre","","","","","","",""
"question","0c145508-fd19-493e-9fc1-ab472afd3f4c","2023","17","Q.17) Union Finance Minister, Smt. Nirmala Sitharaman has announced in her budget speech about the allocation of an amount of INR 2248.77 cr","","","","","","",""
"question","c04d7556-44c7-45ab-b89a-ca7b0cb8c27c","2023","18","Q.18) How many persons are sitting between P and the persons who likes emerald?","","","","","","",""
"question","7b5a9a2a-0430-424e-b161-d2c0126be32b","2023","18","Directions (Q.15 to Q.20): The pie chart below shows the percentage distribution of the population of five different apartments in a city. T","","","","","","",""
"question","660d42c7-60da-49da-bde0-f49890875576","2023","18","Q.18. The girls who petition in favour of (a)/ hijab requested the Karnataka High Court (b)/ on Monday to allow them to (c)/ wear Islamic he","","","","","","",""
"question","73b50064-1866-4569-a5f6-d9560f93785d","2023","18","Q.18) Acacia catechu belong to which of the following family?","","","","","","",""
"question","7825c9d1-8330-4a66-b439-d992d86af69f","2023","18","Q. 18- Who is credited with pioneering the first electronic computer?","","","","","","",""
"question","fc629bde-12ba-4c08-8b2e-c3f84ab7929d","2023","18","Q.18) Unified Portal for Agricultural Statistics (UPAg) is an advanced agricultural data management platform designed to generate crop estim","","","","","","",""
"question","15136f53-bd88-481c-b107-5b14285944dc","2023","18","Q.18) What is the pH and Electrical Conductivity of the saline soil?","","","","","","",""
"question","fe30b37b-3811-45ff-bcc5-75f12bea881f","2023","19","Q.19) Which person is sitting opposite the person who likes Navy?","","","","","","",""
"question","28667b72-f580-4e43-9daf-7e8e24b40e46","2023","19","Directions (Q.15 to Q.20): The pie chart below shows the percentage distribution of the population of five different apartments in a city. T","","","","","","",""
"question","1cc69de2-8a5e-40d5-b83a-e4ef4e6d7511","2023","19","Q.19. Hundreds of people participated in a (a)/ bull-taming sport organized at Karlagatta village (b)/ in Andhra’s Chittoor district despite","non_ascii_suspect","flagged","","","","",""
"question","dfdbd9eb-a37b-49bc-87a6-ba46180a9e7c","2023","19","Q.19) Which type of agriculture receives the rainfall between 750- 1150mm?","","","","","","",""
"question","296ce26e-130f-42f8-91c7-7aa0723d205a","2023","19","Q. 19 What is the full form of CD-R?","","","","","","",""
"question","c7f6422e-66af-4d6c-91a3-c6e17c66e72c","2023","19","Q.19) G20 New Delhi Declaration 2023 focusses on which areas relating to Gender equality, women empowerment and women led development? 1. En","","spot_check","","","","",""
"question","27ac0625-03a6-49d8-aaa3-309b2ecefea2","2023","19","Q.19) Saline soil has _________g/l of Na.","suspicious_repeat_char","flagged","","","","",""
"question","e6588ba1-3ce8-4a8f-a30d-5f1ac506de28","2023","20","Q.20) If it is possible to make only one 5 letters a meaningful word without repetition of the letter with the first, third, sixth, eighth a","non_ascii_suspect","flagged","","","","",""
"question","1708f103-8bd6-472e-9b5b-243c85fd5f64","2023","20","Directions (Q.15 to Q.20): The pie chart below shows the percentage distribution of the population of five different apartments in a city. T","","","","","","",""
"question","5542f6fb-9094-48cc-bcee-3c5c163cc695","2023","20","Q.20. BJP leaders are questioning the intent of the petitioners in the hijab row, who were sinking an urgent interim order on the issue.","","","","","","",""
"question","5aee064a-4372-410b-a3ca-7bcc4a227ad2","2023","20","Q.20) Groundnuts have ___ protein and ____ oil content.","suspicious_repeat_char","flagged","","","","",""
"question","5ba59b15-d9a4-48d1-ab9a-6c2d2bcb8d41","2023","20","Q. 20 What keyboard shortcut can be used to switch between windows while using a virtual desktop?","","","","","","",""
"question","32ad3026-4ae6-478e-af3c-7412c29ddefe","2023","20","Q.20) RBI has taken various initiatives to improve the financial resilience of Indian Banking sector. One is the categorization of _____ for","suspicious_repeat_char","flagged","","","","",""
"question","60d8a5cd-3861-4c8f-b1d1-5a0bdf0a7f6a","2023","20","Q.20) Which of the following process lead to the accumulation of Na in soil?","","","","","","",""
"question","6a8373b5-73f6-4655-b0df-4762ee7646cc","2023","21","Q.21. A Kerala man builds a garden to prevent waste from accumulating beyond a bridge in Kozhikode.","","","","","","",""
"question","c117b4d8-e9ef-44c4-a59e-bc62fd38c927","2023","21","Q.21) What is the term used when young ones are separated before giving a chance for mothers to nurture them?","","spot_check","","","","",""
"question","32ace795-7493-411e-bd2d-bf71e5dbc6a6","2023","21","Q.21) Which of the following statements is true about National Curriculum Framework for School Education (NCF-SE)? on assessing genuine lear","","","","","","",""
"question","d0315e76-c96d-4cc0-a900-b7fb213d8c12","2023","21","Q.21) Which of the following is a complex fertilizer?","","spot_check","","","","",""
"question","9172133c-e8a4-48f5-b760-a9681f0e7175","2023","22","Q.22. The accused had allegedly entered into a conspiracy with private suppliers to purchase non-store items at higher costs, in exchange fo","","spot_check","","","","",""
"question","74aee040-27fd-46ed-b514-5902bfbe712d","2023","22","Q.22) Which of the following involves raising morphologically and physiologically different crops that complement each other and succeeding ","","","","","","",""
"question","c8ea54b2-a4c9-43a2-911b-a26f631129be","2023","22","Q.22) RBI Deputy Governor Michael Debabrata, in Sep 2023, highlighted that financial sector in India is on the cusp of a transformative chan","suspicious_repeat_char","flagged","","","","",""
"question","fecb73eb-e620-4320-a848-0a53114551b5","2023","22","Q.22) Balangir is a breed of which of the following? 393 | P a g e","","","","","","",""
"question","240c5db7-6706-446c-9608-50b5437fdab7","2023","23","Q. 23. On February 14, 2019, Pakistan-based Jaish-e-Mohammed (JeM) terror group had attakced a convoy of the CRPF in Pulwama in Jammu and Ka","","","","","","",""
"question","7ad4a692-652e-411d-906c-2d62652c8b41","2023","23","Q.23) Which rock is formed from the weathering of other rocks?","","","","","","",""
"question","83cadda2-5bc3-4b0e-bce7-a3ea0d39116d","2023","23","Q.23) Bank loan for _________ upto an aggregate limit of ₹100 crore per borrower will be eligible to be classified as ancillary service of a","non_ascii_suspect;suspicious_repeat_char","flagged","","","","",""
"question","b0f20e15-f023-4aef-96ba-3df3845065a0","2023","23","Q.23) In which of the following cropping patterns 4 crops can be grown, but one crop is cultivated before the harvest of the previous crop?","","","","","","",""
"question","98ba2447-3ce8-4f84-8644-c78624e84482","2023","24","Q.24. Which of the following statements is incorrect as per the context of the passage? I. The initial public offering of the Life Insurance","non_ascii_suspect","flagged","","","","",""
"question","e9ffca75-067e-4343-b915-ebcdd50bcbce","2023","24","Q.24) Which among the following is the objective of pruning?","","","","","","",""
"question","3d519aa4-19e6-446c-9f3f-920813f9218b","2023","24","Q.24) Bank loan to individuals for education purposes including vocational courses up to maximum amount _______ will be eligible under ‘educ","non_ascii_suspect;suspicious_repeat_char","flagged","","","","",""
"question","dad9e824-d2d2-4e81-a75a-bfc050e7eb2b","2023","24","Q.24) In which of the following culture systems more than 1 type of fish is cultivated?","","","","","","",""
"question","773a2b87-279c-4d31-9fda-5296acb6933c","2023","25","Q.25. Why did the insurance company tend to trade at a multiple of their embedded values?","","","","","","",""
"question","709f558c-ce36-4df4-a404-cdb3edb75723","2023","25","Q.25) Which instrument is used to change voltage without changing frequency?","","","","","","",""
"question","ba6d5f65-86ea-414d-918b-46d515b29dee","2023","25","Q.25) ‘Skills on Wheels’ initiative launched by Ministry of Skill Development and Empowerment in collaboration with NSDC and ________ in Sep","non_ascii_suspect;suspicious_repeat_char","flagged","","","","",""
"question","cc95cbd2-3c37-4dea-9390-ef89def3b7d8","2023","25","Q.25) The idea of the establishment of Krishi Vigyan Kendra was developed by which of the following committees?","","spot_check","","","","",""
"question","d5a751f1-17a2-4db9-82c4-723a7129d856","2023","26","Q.26. Which of the following statements is correct in the context of the passage? I. LIC had a 66.2 per cent market share in new business pr","","","","","","",""
"question","60713784-933c-462f-ac84-8e32c115e2b5","2023","26","Q.26) Which of the following is correct regarding seed propagation in Forest Management?","","spot_check","","","","",""
"question","0addfa36-91b5-4766-8d73-df7a42af09b1","2023","26","Q.26) The Ministry of Agriculture & Farmers' Welfare, GoI, has approved the continuation of AMI sub-scheme of ISAM upto 31 March ____ with a","suspicious_repeat_char","flagged","","","","",""
"question","7e7bf541-421b-4f40-a46d-e57580b9f220","2023","26","Q.26) Which of the following persons are eligible to get the benefits under PM Vishwakarma Scheme? 1. Ram who is a wood rubber artisan 2. An","","","","","","",""
"question","ef58115a-1c57-42ce-a154-b1e9abf09355","2023","27","Q.27. How can we say that the LIC has been increasingly giving space to private players in between 2015-16 and 2020-21?","","","","","","",""
"question","b5212ab9-20ab-4fb5-9b99-281a3e603f41","2023","27","Q.27) What is the RBI lending target for small marginal farmers?","","","","","","",""
"question","3c2aa04e-9e60-4d98-9b17-dc1af7ada81c","2023","27","Q.27) As per report of technical group on population projection (July 2020) by National Commission on Population, Ministry of Health and Fam","","","","","","",""
"question","fb9f505b-4fe1-41f8-b658-685f4ae2dabf","2023","27","Q.27) Which of the following persons can apply under the “National Overseas Scheme for SCs”, a subscheme of umbrella scheme SHREYAS? 1. A pe","non_ascii_suspect","flagged","","","","",""
"question","fee9f6b4-42a9-4495-96a9-150f9d6f4afa","2023","28","Q.28. How would the corporation’s prospects be affected as per the context of the passage?","non_ascii_suspect","flagged","","","","",""
"question","a1fd8fe3-a280-41d1-8919-bc207d93e99a","2023","28","Q.28) The threshold yield for a crop in a notified insurance unit is the average yield of the past seven years (excluding calamity year(s) a","suspicious_repeat_char","flagged","","","","",""
"question","9862a149-1017-49f7-8152-f326bd9ed03d","2023","28","Q.28) The target beneficiaries of ‘Jan Shikshan Sansthan’ scheme are non-literates, neoliterates, and persons having a rudimentary level of ","non_ascii_suspect;suspicious_repeat_char","flagged","","","","",""
"question","63a5248f-4cf0-4cc1-bb91-efa188b3796c","2023","28","Q.28) ______________ aims to provide the ‘Record of Rights’ to village household owners possessing houses in inhabited areas, called Abadi i","non_ascii_suspect;suspicious_repeat_char","flagged","","","","",""
"question","8602afcb-11c2-40d7-9a6a-256ea1156321","2023","29","Q.29. What is the correct antonym for the highlighted word “garner”?","non_ascii_suspect","flagged","","","","",""
"question","1e733219-314d-46be-8899-455b30e4c955","2023","29","Q.29) In which of the following chemical weathering processes water molecule is being added to the chemical structure of a mineral?","","","","","","",""
"question","ad039937-0ea2-42d1-8cc6-a8aa9b6878e5","2023","29","Q.29) Name the pan-India electronic trading portal for transparent sale transactions and price discovery initially in regulated markets. It ","","","","","","",""
"question","19549956-df1d-401d-af9d-d6270d5e42fe","2023","29","Q.29) Which programme has been announced in the Union Budget 2023 -24 with an outlay of Rs. 2,200 Crore to boost availability of quality pla","","","","","","",""
"question","67d85cbe-5cb2-4992-86b6-ef6f3bf1c9ef","2023","30","Q.30. What is the correct synonym for the highlighted word “steep”?","non_ascii_suspect","flagged","","","","",""
"question","463d180b-c463-4a4e-ba24-b4a9bcb5b684","2023","30","Q.30) Which of the following is the process of assessing and sorting different classes or standards of fruit based on size, color, and quali","","","","","","",""
"question","301bae11-6699-47ac-a40c-4572ced58f81","2023","30","Q.30) Under the DAY-NRLM scheme, the households are identified with minimum 1- deprivation criterion as per the Socio Economic and Caste Cen","","","","","","",""
"question","bf354ee9-50d3-4085-a367-09fea8fae851","2023","30","Q.30) Which scheme aims to provide financial support to street vendors to resume their livelihoods and help them become self-reliant?","","","","","","",""
"question","c272dc85-abf3-4174-8b1d-521d0ebbc09a","2023","31","Q.31) Under which of the following schemes the government has announced the distribution of free grain?","","spot_check","","","","",""
"question","9b920abb-0fbf-45db-9da1-f378c726fb7a","2023","31","Q.31) Pradhan Mantri Jan-Dhan Yojana (PMJDY) is National Mission for Financial Inclusion to ensure access to financial services. Which of th","","spot_check","","","","",""
"question","1306b573-9195-498c-8021-b708fb729b41","2023","32","Q.32) The Central government provides additional ______ of work in drought-hit areas under the MGNREGA scheme to provide relief to farmers i","suspicious_repeat_char","flagged","","","","",""
"question","f7ba88b5-a82a-47a2-88e0-ba25c51f99e7","2023","32","Q.32) As per the provision of NFSA 2013, government has decided to provide food grains free of cost for a period of _____ beginning from 1st","suspicious_repeat_char","flagged","","","","",""
"question","7fbfde77-a518-46f9-89ec-f72e8a34b944","2023","33","Q.33) DAY-NRLM has a provision for interest subvention, to cover the difference between the Lending Rate of the banks and 7% on all credit f","suspicious_repeat_char","flagged","","","","",""
"question","abb6616e-aabd-44e0-ad90-f0db339671a7","2023","33","Q.33) The Central government has approved extension of PMUY in September 2023. This approval made provision for _____ additional connections","suspicious_repeat_char","flagged","","","","",""
"question","9a5e2391-b34e-4eaf-ae57-57819765e85d","2023","34","Q.34) Under Jal Jeevan Mission (Rural) the mission is to provide ________ of water per person per day to every rural household through Funct","suspicious_repeat_char","flagged","","","","",""
"question","465cc03e-9755-403c-ab68-6a05cb0c038e","2023","34","Q.34) As per the guidelines of Stand-Up India Scheme, loans between Rs 10 lakh and _____ will be provided to at least one Scheduled Caste (S","suspicious_repeat_char","flagged","","","","",""
"question","95198528-8198-4433-8f6a-caf4f8c7a66a","2023","35","Q.35) SBM(G) Phase-II will be implemented from 2020-21 to _______ in a mission mode.","suspicious_repeat_char","flagged","","","","",""
"question","dddb9177-cf8c-41ea-979a-0160d7780129","2023","35","Q.35) Under the Small loan scheme for individuals from National Backward Classes Finance and Development Corporation (NBCFDC), the applicant","non_ascii_suspect;suspicious_repeat_char","flagged","","","","",""
"question","b54ea5ea-c507-401c-be12-b883a359d213","2023","36","Q.36) Which of the following greenhouse is released in Volcanic eruption, Animal respiration, and anthropologic activities like fossil fuel ","","","","","","",""
"question","ca3e10e1-eabf-461e-9138-605861bd59dc","2023","36","Q.36) Which category of persons are eligible to join NPS – All Citizen Modal scheme? 1. An Indian Citizen (Resident or Non-Resident) 2. Over","non_ascii_suspect","flagged","","","","",""
"question","a57b121e-8f08-4adc-a90a-c5c388f13b74","2023","37","Q.37) Which of the following is a pan-India electronic trading portal that networks the existing APMC mandis to create a unified national ma","","","","","","",""
"question","42f9cad6-9096-4e83-9903-70825b586369","2023","37","Q.37) Which of the following schemes have been merged and renamed as Scholarships for Higher Education for Young Achievers Scheme (SHREYAS) ","","","","","","",""
"question","8efc6ad6-e658-43ba-9a7c-5bd365c8cb70","2023","38","Q.38) Credit target for agriculture and allied sector has been announced to be increased to ______ crore with a focus on animal husbandry, d","suspicious_repeat_char","flagged","","","","",""
"question","b0341070-9130-4600-8690-0cee97d689ce","2023","38","Q.38) PMJAY provides coverage of max ____ per year per family for the secondary and tertiary care hospitalization.","suspicious_repeat_char","flagged","","","","",""
"question","9ade5709-29e8-4e04-abc5-1359bf9fb7ff","2023","39","Q.39) In which of the following ridges are crossed by earth bands within the furrow or ties constructed to enhance soil water conservation?","","","","","","",""
"question","716fa4c9-b815-4736-8c91-e84f507d30f7","2023","39","Q.39) Which of the following is a biometric enabled digital service for pensioners of Central government/ State government or any other gove","","","","","","",""
"question","5ffa3c56-1976-47fc-bd61-fa2f129f88df","2023","40","Q.40) Which of the following is the correct statement regarding drip irrigation?","","","","","","",""
"question","0764f627-bf9e-429b-80ff-bdf1a20b30de","2023","40","Q.40) Which of the following is not an automatic/compulsory inclusion under Pradhan Mantri Awas Yojana (Gramin)?","","","","","","",""
"tag","c4ca16e7-34f8-4eb5-b612-5a42961c72b5","2023","01f2ee8f-c655-4c2e-912e-e0f18a2d3201","Quadratic equations ΓÇö root comparison (x vs y)","","spot_check","","","","",""
"tag","871f7534-dded-40de-a9d6-43829502ff72","2023","01f2ee8f-c655-4c2e-912e-e0f18a2d3201","Quadratic equations ΓÇö root comparison (x vs y)","","","","","","",""
"tag","ed28884c-24de-4edc-b2e0-a19f5f845f8a","2023","08bb405d-9517-4fd2-9841-1412bd5b2f11","Swachh Bharat and sanitation missions","","","","","","",""
"tag","6a3b30b8-9e1a-4913-ae1d-0919a1de0135","2023","09bc3db4-a4ca-47ab-9172-142c1e7475f8","Food security, PDS and free foodgrain schemes","","","","","","",""
"tag","6c0365ea-ea81-4138-b451-a8a345e80ccf","2023","0b985eb1-ba0f-43d7-9f8c-dc0650a0c91e","Disease elimination missions","","","","","","",""
"tag","45aac67a-4fb5-4453-bece-690c56613e42","2023","0b985eb1-ba0f-43d7-9f8c-dc0650a0c91e","Disease elimination missions","","","","","","",""
"tag","5cfc2e31-31e6-4f07-9441-9dda6624062a","2023","0b985eb1-ba0f-43d7-9f8c-dc0650a0c91e","Disease elimination missions","","","","","","",""
"tag","8cc41808-b2d3-4734-b6ec-aa7a1d6e5d9e","2023","0b985eb1-ba0f-43d7-9f8c-dc0650a0c91e","Disease elimination missions","","","","","","",""
"tag","c585696a-4477-467c-9e4d-278101dbe0e5","2023","102804b0-13d0-47a0-96ed-de6cc028e08d","Minimum Support Price and procurement","","","","","","",""
"tag","2738aaf8-b22a-4d3b-8ef4-c9c30dc69b8e","2023","10b21db7-8b86-4fa9-a1f6-8cd7d21085da","Segment-marked error identification","","","","","","",""
"tag","a05670fa-8d98-41c6-a97a-71c7782b9a17","2023","10b21db7-8b86-4fa9-a1f6-8cd7d21085da","Segment-marked error identification","","","","","","",""
"tag","4b055917-8d10-47b3-be32-5dbe96fb5af6","2023","10b21db7-8b86-4fa9-a1f6-8cd7d21085da","Segment-marked error identification","","","","","","",""
"tag","662a61a3-e288-46db-b422-ed85d7bc9e38","2023","10b21db7-8b86-4fa9-a1f6-8cd7d21085da","Segment-marked error identification","","","","","","",""
"tag","09186d37-0c1c-4f57-a1f8-d6285befe56d","2023","10b948c3-61dc-4c89-9d68-fecbc91dd51a","Field crops: characteristics and composition","","","","","","",""
"tag","318a917f-7b89-434c-9565-321e31ee5408","2023","11f3dc6a-8c42-4933-bd54-4ea4fbd411c2","Emerging computing paradigms","","","verified","","","",""
"tag","167e4045-2cac-4226-ba06-70c8ac28513f","2023","126804dc-0695-4dfb-86b2-4fd6a38dc761","Cropping systems and cropping patterns","","","","","","",""
"tag","a52ed786-5207-4d27-b90e-daaf89ea15d4","2023","126804dc-0695-4dfb-86b2-4fd6a38dc761","Cropping systems and cropping patterns","","","","","","",""
"tag","f602b35f-35c5-4c62-93e2-bad6e764dbd8","2023","13d98721-2736-444f-82db-ecb3bb0fdddc","Rural entrepreneurship and business incubation","","","","","","",""
"tag","e3876a34-b7ab-42e5-bddb-e82cc9678823","2023","15e7768f-f126-4030-a227-218a815ea259","Multi-chain inequality with linked variables","","","","","","",""
"tag","23b19949-191a-4d47-8356-0872a3fcdc63","2023","15e7768f-f126-4030-a227-218a815ea259","Multi-chain inequality with linked variables","","","","","","",""
"tag","c777a1ea-7624-4355-849b-a6941f6bf379","2023","15e7768f-f126-4030-a227-218a815ea259","Multi-chain inequality with linked variables","","","","","","",""
"tag","7df634bb-9c3a-42bb-99fb-47ab5de43ae6","2023","1c2f9218-9361-4ee9-84cd-f830a30c648a","Mixed and combined DI","","","","","","",""
"tag","dfbeeddf-87b2-4b53-bda7-3be4b138ba75","2023","1c2f9218-9361-4ee9-84cd-f830a30c648a","Mixed and combined DI","","","","","","",""
"tag","874b1936-4370-4fb5-9d6d-b63e8fb2dca5","2023","1c2f9218-9361-4ee9-84cd-f830a30c648a","Mixed and combined DI","","","","","","",""
"tag","44f8f99c-9715-42fa-bf1c-65dc7ef07a24","2023","1c2f9218-9361-4ee9-84cd-f830a30c648a","Mixed and combined DI","","","","","","",""
"tag","7e2716b4-5354-42cb-80c5-8ece8bda554d","2023","1c2f9218-9361-4ee9-84cd-f830a30c648a","Mixed and combined DI","","","","","","",""
"tag","aeaac6dd-d98b-4baa-b55b-7772c7957c1c","2023","1c2f9218-9361-4ee9-84cd-f830a30c648a","Mixed and combined DI","","spot_check","","","","",""
"tag","898ce0eb-6ff0-4034-851a-dd8567adcfca","2023","1d690f05-756d-4389-b40d-5bca2d050fdd","Digital finance and technology in banking","","","","","","",""
"tag","24a17db9-1a6f-4d5d-bc3c-fc14fd4133a3","2023","1dc3e5ea-2950-42a3-8c79-8a45ade66003","Census and demographic profile of India","","","","","","",""
"tag","f034009d-43f1-4145-b7a6-59c25cedd561","2023","1f6ed331-0ac7-4797-aff8-0272fb90b535","Industrial production and statistical agencies","","","","","","",""
"tag","53f70505-2075-4bc8-af97-3b91ff41eaaf","2023","2069e64c-0914-4339-bcf1-8d5582ddc6e1","Financial inclusion and Jan Dhan","","","","","","",""
"tag","fd65229a-5bf3-4c22-b608-33f2b359f16c","2023","22591465-673a-c375-3460-2702125f6fc3","Spelling","","","","","","",""
"tag","ce846c21-e9f3-4245-a56e-e65856d41898","2023","22591465-673a-c375-3460-2702125f6fc3","Spelling","","","","","","",""
"tag","5d0bf492-3ea3-45ae-8e10-8b2c0f92f5c8","2023","273ecfb9-e81c-426e-aa8b-4ede2eb67521","Crop insurance and yield thresholds","","","","","","",""
"tag","d629d27a-f800-4284-940d-1095e177fbad","2023","2ad78959-fd73-4e54-b3c3-b6127b4ffd98","Soil moisture conservation practices","","","","","","",""
"tag","7e03e1ab-6c83-477e-86f5-20994ba5b845","2023","2b8462ca-899a-44d6-89d2-832053374d82","Rational decision-making model and its assumptions","","","verified","","","",""
"tag","dc58de1e-b868-4ef7-9e3d-4fc1dc4e89b6","2023","2c53a1a0-e2e8-4952-9b7b-d44a297b110b","Microfinance sector and its regulation","","","","","","",""
"tag","1f8fb6e5-e84d-4973-906b-06e09b0073b8","2023","31fac32f-3fe7-4f1b-ac8f-1f2ce452a046","e-NAM and electronic agricultural markets","","","","","","",""
"tag","b047ff98-3299-4b8b-9fca-6de7fb986bd0","2023","342ec4bb-5625-4398-9b44-2963d65062a4","Explicit detail retrieval","","","","","","",""
"tag","235586bc-626a-4ff9-9511-86f4278dc8ba","2023","342ec4bb-5625-4398-9b44-2963d65062a4","Explicit detail retrieval","","","","","","",""
"tag","609abeb8-fabb-49d3-b2b3-d917f010db40","2023","342ec4bb-5625-4398-9b44-2963d65062a4","Explicit detail retrieval","","","","","","",""
"tag","059b9c1f-56a0-472d-aa08-e9729d009a30","2023","35289561-8879-4e6b-b604-82034480f67b","Soil chemical properties and salinity","","","","","","",""
"tag","ec2dacb6-e2e1-4cdc-8340-06beb9b5d8c2","2023","35289561-8879-4e6b-b604-82034480f67b","Soil chemical properties and salinity","","","","","","",""
"tag","8829d9fe-7c36-4c57-bcf3-76b1ce3091f3","2023","35289561-8879-4e6b-b604-82034480f67b","Soil chemical properties and salinity","","","","","","",""
"tag","f5bbde13-b856-4eb4-9d58-c7ca63f61dc4","2023","35289561-8879-4e6b-b604-82034480f67b","Soil chemical properties and salinity","","","","","","",""
"tag","fba66c15-9f71-4a6d-b859-0922d71ad0b0","2023","3f10cf99-c7c6-4b9a-b589-e015a8719703","Inflation measurement and price indices","","","","","","",""
"tag","ee4590d4-25a6-48fc-8bc3-72c409a637c2","2023","4008bcdf-83aa-4c26-a7b2-568b79ef0d11","Direct income support to farmers","","","","","","",""
"tag","8d85148a-1313-496d-8ac4-ea1d70c7f2c0","2023","400ce5b9-7934-4bda-bfb3-8501d9b20684","Agricultural research and extension system","","","","","","",""
"tag","69770eae-3207-498a-9500-ed5c2a7d8cfc","2023","403dd039-d92f-48c0-ad12-a98061fd936b","Cooperatives and cooperative banks","","","","","","",""
"tag","05c7d779-db1a-452a-b75c-80f56178e2b1","2023","403dd039-d92f-48c0-ad12-a98061fd936b","Cooperatives and cooperative banks","","","","","","",""
"tag","69ae098c-7ff7-445e-a914-3b2df43d4550","2023","403dd039-d92f-48c0-ad12-a98061fd936b","Cooperatives and cooperative banks","","","","","","",""
"tag","70158c0b-554e-4a80-bcd1-6bb9e855f04b","2023","403dd039-d92f-48c0-ad12-a98061fd936b","Cooperatives and cooperative banks","","","","","","",""
"tag","2a8cffe1-fee4-4ca6-be2f-9c6810b6b3b0","2023","403dd039-d92f-48c0-ad12-a98061fd936b","Cooperatives and cooperative banks","","spot_check","","","","",""
"tag","f8c453b7-ade6-4c9b-ad1d-17be35132c16","2023","40f86afc-614f-4b8e-b34e-af04598b64ae","Seed production, classes and certification","","","","","","",""
"tag","d39ec4c9-e8ee-40db-8d7b-86c70be8ed0a","2023","420312ba-2e38-4e16-a836-7e6764a05535","Inference and implied meaning","","","","","","",""
"tag","541b2534-81b1-4c36-b396-7301b24b1537","2023","420312ba-2e38-4e16-a836-7e6764a05535","Inference and implied meaning","","","","","","",""
"tag","02ba0dec-9ef9-4c9a-8a4b-e4884dc21a6a","2023","4478ba75-c79a-4eaa-aac9-043630438e3b","Storage media, capacity and compression","","","verified","","","",""
"tag","df313d13-647a-4f6f-9d83-4d3838a52d8e","2023","479587ab-2cef-4046-9da4-c0ca924e8ef6","Word formation from given letters","","","","","","",""
"tag","ec9a638c-7baa-4eb6-955c-63d6cb104ed5","2023","47ed515d-e31c-4996-aea1-f7665a369a2f","Scientific names of horticultural crops","","","","","","",""
"tag","a92f8376-faff-4941-ac96-377b88f3dcfa","2023","47fc1959-7be5-495b-8809-984a9c542ec0","Steps in the decision-making process","","","verified","","","",""
"tag","400adcdc-2256-4dbb-8d72-ba6dff6bd48c","2023","49d20336-ad3d-48c7-b172-fdd9c3d17e7f","Circular arrangement ΓÇö facing centre","","","","","","",""
"tag","597c87c0-6d73-4f86-b4f7-c255caf16e94","2023","49d20336-ad3d-48c7-b172-fdd9c3d17e7f","Circular arrangement ΓÇö facing centre","","","","","","",""
"tag","5753235a-1296-44d6-abf5-ef66e0f18fb6","2023","49d20336-ad3d-48c7-b172-fdd9c3d17e7f","Circular arrangement ΓÇö facing centre","","","","","","",""
"tag","e6bccf1b-0644-41a6-96c3-52b0a8b4a563","2023","49d20336-ad3d-48c7-b172-fdd9c3d17e7f","Circular arrangement ΓÇö facing centre","","","","","","",""
"tag","81a90c83-049e-4516-bfee-c133c02ef713","2023","4a877cc7-abc0-4163-9fb9-7fd2000b6702","Soil conservation and erosion control","","","","","","",""
"tag","f316c68e-7ced-4a21-835f-dfcb80c441a5","2023","4e5250f3-b424-4de9-afa3-fe1a1f614d66","Operating systems, utilities and system software","","","verified","","","",""
"tag","b851ffd9-f899-447b-b876-7dad6c0f9246","2023","52fca341-f34d-46d1-b4c2-b4e4789e4eaf","File formats, encoding standards and multimedia","","","verified","","","",""
"tag","7ba18527-28bd-4acb-9c42-536ca1507f9f","2023","52fca341-f34d-46d1-b4c2-b4e4789e4eaf","File formats, encoding standards and multimedia","","","verified","","","",""
"tag","251e29f8-6707-4bc5-8ea0-076707b49907","2023","53bf9a36-47c0-4473-b677-29a66d1a7bdb","Double-blank sentence completion","","","","","","",""
"tag","66d74341-f844-49d5-a6fb-932aefffaf42","2023","53bf9a36-47c0-4473-b677-29a66d1a7bdb","Double-blank sentence completion","","","","","","",""
"tag","05972429-9f32-4c5c-8ffc-7c4e5df9a9a7","2023","53bf9a36-47c0-4473-b677-29a66d1a7bdb","Double-blank sentence completion","","","","","","",""
"tag","c6fe4af5-4e8c-45b1-8739-2955c6d9913e","2023","53bf9a36-47c0-4473-b677-29a66d1a7bdb","Double-blank sentence completion","","","","","","",""
"tag","abc360f2-26d6-4019-9c52-66d72d9d9126","2023","5415d27f-5900-4225-80ec-96f497e3a012","Decision-making styles and leadership approaches","","","verified","","","",""
"tag","a84109ac-8c05-4a9b-ad63-fcdcf6c483a8","2023","5668bede-9b13-4bd9-92fe-4ef7c8bcee7f","Sanitation and drinking water missions","","","","","","",""
"tag","543a1947-6417-4a84-b203-bf7944af7cc8","2023","5668bede-9b13-4bd9-92fe-4ef7c8bcee7f","Sanitation and drinking water missions","","","","","","",""
"tag","c53a0827-f991-4bc6-a475-ff859bfa4031","2023","572d0eaa-691a-4172-aa52-98a315b3f558","Scholarships and student support schemes","","","","","","",""
"tag","99a4b419-bf04-4d72-a1f2-eb4d9b8b289d","2023","572d0eaa-691a-4172-aa52-98a315b3f558","Scholarships and student support schemes","","","","","","",""
"tag","d461844f-59b0-4d19-a8eb-9950fb1ae4ab","2023","57e9ec9c-c979-437a-b1e8-90580921f096","Phrase replacement","","","","","","",""
"tag","3a71db4a-b263-4b97-8643-631479789ce8","2023","57e9ec9c-c979-437a-b1e8-90580921f096","Phrase replacement","","","","","","",""
"tag","aeaefa85-2800-4ee7-88d4-ebbbd01294ac","2023","57e9ec9c-c979-437a-b1e8-90580921f096","Phrase replacement","","spot_check","","","","",""
"tag","49c6881c-de36-4804-b811-ca7f91d322e0","2023","57e9ec9c-c979-437a-b1e8-90580921f096","Phrase replacement","","","","","","",""
"tag","bd6ee539-f328-4c26-aacc-8b4acaeba916","2023","58e20f14-ad39-486c-87d1-23bcd032f71f","Training and pruning","","","","","","",""
"tag","c599c1ab-8999-45c1-b532-8985f66f6f80","2023","59d569cb-cb6d-4402-899d-c984effc6b5b","Agricultural marketing reform and indices","","","","","","",""
"tag","13c48bb5-f275-4abd-ab56-e1716e0d5775","2023","5b888ec9-1569-4ed0-b723-9e551c5b2989","Agro-meteorology, rainfall and instruments","","","","","","",""
"tag","128fb965-f450-40af-b2e3-de7e4499bf39","2023","5bc8efce-f987-86cc-afc9-1d5fc5d03881","Correct and incorrect usage of a word","","","","","","",""
"tag","1d446506-420a-434b-8b7d-726617c8b673","2023","5bc8efce-f987-86cc-afc9-1d5fc5d03881","Correct and incorrect usage of a word","","","","","","",""
"tag","9a6f8188-49cb-49d0-ba2d-57d7c1b5a899","2023","5ebbc083-bcd8-490d-96ad-364700dde1f5","Right to Information","","","","","","",""
"tag","c3c5a1e1-6237-47ad-b445-7189b790b657","2023","606d4b80-5d4a-d093-d000-3fe8ec208fc9","Data sufficiency with numbered statements","","","","","","",""
"tag","93fa7bea-dbe1-4c8c-b227-25e9437e747a","2023","606d4b80-5d4a-d093-d000-3fe8ec208fc9","Data sufficiency with numbered statements","","","","","","",""
"tag","1e5b7a10-6cc9-4451-8572-43c9efcb9cee","2023","60ac26fb-8223-4672-9303-d9bf13382889","Rural roads and PMGSY","","","","","","",""
"tag","a827ea76-f437-49ef-8093-1c8533d3c445","2023","62afb17d-a714-489d-a179-bb56f7435b3c","Pioneers and landmarks in computing history","","","verified","","","",""
"tag","055d78b0-5925-466b-9b3b-64670fee32af","2023","62afb17d-a714-489d-a179-bb56f7435b3c","Pioneers and landmarks in computing history","","","verified","","","",""
"tag","8ad8b266-fcf1-437d-8654-2389a3d1648a","2023","652eb8c7-a25a-48c1-b51d-ddf64f8ede1b","Family tree puzzle with generations","","","","","","",""
"tag","f98a53ce-91b8-4f73-9949-bde18cb8dbea","2023","691d05b7-bfdf-47d2-ac5e-36b937f2d3f6","Post-harvest storage, grading and losses","","","","","","",""
"tag","c9b1f57d-3696-4b33-807b-73aef78971c9","2023","691d05b7-bfdf-47d2-ac5e-36b937f2d3f6","Post-harvest storage, grading and losses","","","","","","",""
"tag","877302e2-13ec-40e9-93a5-ebba831dee94","2023","69b1932f-2a22-418a-a1c0-eb371101df0d","Farm power and rural electrification","","","","","","",""
"tag","163dd4ec-3e57-430d-a8d0-3feab955cc8d","2023","6e107aa5-c9e0-4888-a7e9-862e98bea935","Month and date scheduling puzzle","","","","","","",""
"tag","ee4be408-0c19-4030-ab94-1d83dc0b5172","2023","6e107aa5-c9e0-4888-a7e9-862e98bea935","Month and date scheduling puzzle","","","","","","",""
"tag","10293669-e346-4cd6-92e2-f69923075020","2023","6e107aa5-c9e0-4888-a7e9-862e98bea935","Month and date scheduling puzzle","","","","","","",""
"tag","485350fb-3831-4f47-b271-b75871b423c6","2023","6e107aa5-c9e0-4888-a7e9-862e98bea935","Month and date scheduling puzzle","","","","","","",""
"tag","f9a801fa-6181-420a-8eaf-8f2beb57db93","2023","6f182884-0443-48e2-ad72-601b4ad101ab","DAY-NRLM, self-help groups and rural livelihoods","","","","","","",""
"tag","4959f4b0-3a7b-4983-a57f-1ab57217bab1","2023","723d02b4-f442-4530-84e1-f57f15858b93","e-NAM and agricultural marketing platforms","","","","","","",""
"tag","d327fac1-cdc9-4e32-b7c6-61f481665a23","2023","749a4d1c-5502-4cf7-b31e-52fd1b673e2f","Adult, vocational and non-formal education","","","","","","",""
"tag","eaea6dd8-e8a8-4e4f-8da0-50714acbb61e","2023","7571611f-335f-419f-bb07-46408833d294","Wrong-term series","","","","","","",""
"tag","95538633-3c38-4415-8035-2c8d754ca4d4","2023","75791278-f076-4df9-8099-e6456ff02b77","Pension schemes for unorganised workers and farmers","","","","","","",""
"tag","80dfe694-6072-4482-87a1-db93d95a2679","2023","75791278-f076-4df9-8099-e6456ff02b77","Pension schemes for unorganised workers and farmers","","spot_check","","","","",""
"tag","b49a7d6a-4e07-4837-a39f-41a70231af51","2023","7d94ff40-34f9-47fe-9caa-9eae0dc38116","Mixtures and alligation","","","","","","",""
"tag","00fd028d-193d-4086-9c25-d84af03eaec4","2023","7e24fbed-8ce4-4cf1-946e-4f8e430b8e44","MGNREGA","","","","","","",""
"tag","66fcf61f-a5bd-4b3a-a4e4-95364f136662","2023","7e50d38b-7732-4446-8519-b4089ca994ac","Web browsers and browsing privacy","","","verified","","","",""
"tag","32e66b90-079f-4071-ac10-fcb4a8e3a10c","2023","7e50d38b-7732-4446-8519-b4089ca994ac","Web browsers and browsing privacy","","","verified","","","",""
"tag","9db8c764-ad2b-44f4-bd80-0df18719278e","2023","7f7fd3ee-56d0-408c-b195-dccb14e2eeb0","Forest regeneration and nursery practice","","","","","","",""
"tag","df230c3f-ada4-4802-8f64-9abf08c2c77f","2023","80b5ff73-4a0a-4221-86db-18a34839fb80","Bounded rationality and limits on information processing","","","verified","","","",""
"tag","a57118b6-f757-4633-8303-72105e3895b4","2023","82ddc866-0fc6-4c1c-9233-b40b3a1b0c58","Cattle breeds","","","","","","",""
"tag","2abed691-b0fb-4d74-b1a3-5997bc336d55","2023","82ddc866-0fc6-4c1c-9233-b40b3a1b0c58","Cattle breeds","","","","","","",""
"tag","09917ccb-ba3f-4427-8319-27bd8b88a213","2023","843fc8a7-4333-4abb-94ff-fd1368248a46","Manures, fertilizers and biofertilizers","","","","","","",""
"tag","4ad4e68b-e884-40c8-a012-504fba8eaccf","2023","843fc8a7-4333-4abb-94ff-fd1368248a46","Manures, fertilizers and biofertilizers","","","","","","",""
"tag","9121c1e9-5ff0-4089-bcdb-2e0583c6d631","2023","86759eb5-dd49-407c-996c-d74e0b84bc56","Email fields and conventions","","","verified","","","",""
"tag","28cc1cb4-1cca-4ff0-8095-c7d8f26011ea","2023","877cb0e3-c1c7-4158-a635-690eb035a72c","Irrigation projects and command area classification","","","","","","",""
"tag","e3759ff6-4754-433d-a64d-365ee25664ad","2023","8ada94bb-b65d-4607-a561-7d91e3e9a95d","Food security and the public distribution system","","","","","","",""
"tag","e0b99d12-6cf1-4f69-a9a8-46e90b5ab154","2023","8c23f210-edce-41da-aa7b-aaf6c9c4d77d","Rainfed and dryland farming","","","","","","",""
"tag","fc30bfbc-8237-43d8-89fb-f1fb73380291","2023","8d5f6ccc-0a62-47df-8c75-c1d5240fc43f","International economic forums and summit declarations","","","","","","",""
"tag","3f121887-0786-42f2-af4c-dffc2f1f3c1d","2023","9176264c-ed27-4bce-95f5-e1743e72c2ca","Communication, conflict and delay in group decisions","","","","","","",""
"tag","964714f0-5313-4f65-a748-504db4638910","2023","9176264c-ed27-4bce-95f5-e1743e72c2ca","Communication, conflict and delay in group decisions","","","verified","","","",""
"tag","ae1ef994-9082-46e0-a895-7ffab0d90fb0","2023","91eef3ac-470a-4602-81fe-92922a5ec30c","Soil physical properties and soil moisture","","","","","","",""
"tag","719abe2c-fda3-4c0b-b1ff-3519cf646a95","2023","95a3bc72-f5d7-41c4-a800-9df6dd3dbeba","Khadi, coir and village industries","","","","","","",""
"tag","39b9f4af-6cf6-43a1-8853-41f9e2305501","2023","9a74f982-0866-4eba-a6e9-1c8361e0837c","Input devices and pointing hardware","","","verified","","","",""
"tag","24b9d582-eab3-4a7d-b8cb-3cfe05422725","2023","9a74f982-0866-4eba-a6e9-1c8361e0837c","Input devices and pointing hardware","","","verified","","","",""
"tag","fd964f6b-21e6-4d45-a433-9edcd7377615","2023","9b195905-5d1c-467c-bbc4-c9ab118ecc20","Firewalls, phishing and safe computing","","","verified","","","",""
"tag","92c4280c-cc0e-48ec-9ac9-42c95af22633","2023","9da6f0b1-57ff-4a8b-a0e7-40f85cee7b22","Individual and combined work rates","","","","","","",""
"tag","faca8bda-1608-444e-acbf-729abbfd9c4a","2023","9e18528b-a603-4032-834d-6ec9be203f03","Livestock terminology and management practices","","","","","","",""
"tag","6d82f31f-6b01-4de5-91ae-9b5130aea273","2023","9e18528b-a603-4032-834d-6ec9be203f03","Livestock terminology and management practices","","","","","","",""
"tag","2ad31671-57a9-4e99-ac85-988d2a4e30b4","2023","9ea559c5-2c7b-49b4-8ab0-98938fd471df","Simple and compound interest","","spot_check","","","","",""
"tag","3674a302-8193-4c01-992a-06e9a826d5fc","2023","9f0a4265-4d8f-417c-8cf7-686e86ee2f72","Printers, printing metrics and display hardware","","","verified","","","",""
"tag","fbbfe35b-37f2-4b3e-ac9f-a54760c4dad2","2023","9f59031f-f098-4823-b077-2d65119af3b0","Aquaculture systems and water quality","","","","","","",""
"tag","6e016e8c-0356-499e-a844-6a444037751f","2023","9f59031f-f098-4823-b077-2d65119af3b0","Aquaculture systems and water quality","","","","","","",""
"tag","0d17dd9c-1e61-4044-9af8-836090f71038","2023","a1f8405a-f6c2-4e3e-bc5a-c69d993f193b","Confirmation bias and debiasing strategies","","","verified","","","",""
"tag","cd32089a-37d9-4bbc-97f4-7a0b3c45df6c","2023","a2706471-81ca-4d3a-959f-a696fdf4c4f3","Artisan and traditional-trade schemes","","","","","","",""
"tag","7f940ca8-28d4-4bde-b512-f6db1df5418e","2023","a2706471-81ca-4d3a-959f-a696fdf4c4f3","Artisan and traditional-trade schemes","","","","","","",""
"tag","640c94d2-80d0-45f0-9b3c-129abf3645cc","2023","a406cb7b-b61d-4987-8afe-2039eef3133b","Rural and urban housing schemes","","","","","","",""
"tag","648bef4c-57ca-48e5-a2a8-e4cafa1c9f99","2023","a5154d87-b77f-45c1-a83d-3182ea0b1eb0","Forest tree species and taxonomy","","","","","","",""
"tag","aef33a78-a856-4294-b84d-aa04ce9f46c4","2023","a7723c1a-4bd3-4660-a04f-48f45f7c48c6","Tillage systems and practices","","","","","","",""
"tag","e32ac3cc-d934-4dc1-ab7d-b2670e533264","2023","a7723c1a-4bd3-4660-a04f-48f45f7c48c6","Tillage systems and practices","","","","","","",""
"tag","b43025aa-4786-46ba-a2e8-ad75ac45447f","2023","a7723c1a-4bd3-4660-a04f-48f45f7c48c6","Tillage systems and practices","","","","","","",""
"tag","d7c843ce-444c-4cc2-b055-1529a9048870","2023","a83152d6-a96e-48f8-acdd-e167db03adb9","MGNREGA design, entitlements and performance","","","","","","",""
"tag","47956802-0059-4071-9711-efe808aa64e0","2023","a83152d6-a96e-48f8-acdd-e167db03adb9","MGNREGA design, entitlements and performance","","","","","","",""
"tag","c846fb67-a62e-40d5-be5c-eb6060dc00ef","2023","a83152d6-a96e-48f8-acdd-e167db03adb9","MGNREGA design, entitlements and performance","","","","","","",""
"tag","de26f800-f4c8-418b-9faa-07502944eaab","2023","a83152d6-a96e-48f8-acdd-e167db03adb9","MGNREGA design, entitlements and performance","","","","","","",""
"tag","c3da7fe7-d649-4efa-9236-879d3c8b0854","2023","a83152d6-a96e-48f8-acdd-e167db03adb9","MGNREGA design, entitlements and performance","","","","","","",""
"tag","39a25e35-5af1-48e7-a803-e30c1cadbb48","2023","a8897de4-e7e9-4db4-9883-f4daba7a9c31","Rural land records and property rights","","","","","","",""
"tag","396fbf9b-ca01-456b-b8cc-245174a1a701","2023","a8e79dbb-62c4-424f-83dd-56dbf319e539","Skill development and apprenticeship","","","","","","",""
"tag","1d0f9486-fddd-45a5-9368-d4afd4709409","2023","a9454c10-00ae-4e32-82b2-0b5bca9ca1d4","Priority sector lending norms","","","","","","",""
"tag","cc1b4672-2ea2-4d20-bf94-54f5acd8654e","2023","a9454c10-00ae-4e32-82b2-0b5bca9ca1d4","Priority sector lending norms","","","","","","",""
"tag","7738c621-5df9-4e9b-a08b-f715e73a7d9b","2023","af832e25-cf5b-42a8-9edd-4d5818c1ef8c","Generations of computers and hardware evolution","","","verified","","","",""
"tag","6881a4a7-998c-49f0-922d-d26f83bc1589","2023","afe864dd-13da-4bb1-a63e-afceaa14fe6a","Crop production estimates and agricultural statistics","","","","","","",""
"tag","76a39677-1c17-44aa-92ad-0d82f24a45ff","2023","b0e8a0b7-df35-4f9e-9bdb-dfa6558e2b7a","Number series ΓÇö arithmetic and difference patterns","","","","","","",""
"tag","dbbb3dbe-459b-4675-9e32-a0e0b8a882b4","2023","b0e8a0b7-df35-4f9e-9bdb-dfa6558e2b7a","Number series ΓÇö arithmetic and difference patterns","","","","","","",""
"tag","28b13fdd-d46e-4d53-9189-99a9b30f504b","2023","b142e4cf-993d-4b2d-bbbe-601efdfc7af4","Biofuel and bioenergy programmes","","","","","","",""
"tag","30494130-0fd2-44fa-8ba8-aa91f5e7470c","2023","bb343a30-e26e-474a-9ab7-6ecab8e6931b","Partnership and profit sharing","","","","","","",""
"tag","c5bf0886-8b74-460e-a56a-a0b3d73b3b27","2023","bd23f639-354b-49e1-a8be-be068316153d","Ayushman Bharat and health insurance","","spot_check","","","","",""
"tag","ba3d287a-1fb0-4e52-9854-7a5336331e61","2023","be073866-6a94-4a6a-8c29-741a50707d66","Credit schemes for SC, ST and women entrepreneurs","","","","","","",""
"tag","e20e09a3-8040-42ba-8144-ecab7c109bd5","2023","be073866-6a94-4a6a-8c29-741a50707d66","Credit schemes for SC, ST and women entrepreneurs","","","","","","",""
"tag","c5b6c683-1f42-4c8c-8b34-1fb329ab01e6","2023","bf06f202-6d47-497c-a4e2-5f7f377d0fbb","Passage-based synonym and antonym","","","","","","",""
"tag","4a24b0dc-0772-4d9b-87c7-71c322c4668b","2023","bf06f202-6d47-497c-a4e2-5f7f377d0fbb","Passage-based synonym and antonym","","","","","","",""
"tag","967b524f-6889-4636-8ccf-5ce982c2caa5","2023","bf9142fc-f9fd-49e5-85ba-1431680791e5","Comparison and ordering by attribute","","","","","","",""
"tag","1d7ee78c-37ab-4b84-a82e-479d5e47f3f4","2023","bf9142fc-f9fd-49e5-85ba-1431680791e5","Comparison and ordering by attribute","","","","","","",""
"tag","66961fff-5bfe-4efa-b1ce-9526ef69cd95","2023","bf9142fc-f9fd-49e5-85ba-1431680791e5","Comparison and ordering by attribute","","","","","","",""
"tag","07bd2ace-a8b9-419e-a02f-109581ff2b7d","2023","c0029f13-4ec9-45fe-8077-45d6bf5c3529","Structured group decision-making techniques","","","verified","","","",""
"tag","de048f8f-1a45-45af-9d0b-4d304d84be06","2023","c53b855a-5559-4479-83ea-9901a2d9c9ee","Microprocessors, registers and digital logic","","","verified","","","",""
"tag","c9a3f0de-bfdc-471c-9a98-fb2997f717f0","2023","c6f2420b-90f9-4510-9579-fed2249b046b","Irrigation methods","","","","","","",""
"tag","ede823a9-9802-44ab-aa4d-2701d00a2d1d","2023","c91ecdcc-7fc9-4d23-b3b7-9122ce81cf9a","Multi-blank passage cloze","","","","","","",""
"tag","69b089ef-aa2a-4d45-977a-4988850e38fc","2023","c91ecdcc-7fc9-4d23-b3b7-9122ce81cf9a","Multi-blank passage cloze","","","","","","",""
"tag","cd1dd25c-d4a6-415f-a5ff-7a6b063bf093","2023","c91ecdcc-7fc9-4d23-b3b7-9122ce81cf9a","Multi-blank passage cloze","","","","","","",""
"tag","7ca23917-49ac-4035-8c7c-cc4dccaf320b","2023","c91ecdcc-7fc9-4d23-b3b7-9122ce81cf9a","Multi-blank passage cloze","","","","","","",""
"tag","816ba4f3-5173-4446-a229-e46d302980f3","2023","c91ecdcc-7fc9-4d23-b3b7-9122ce81cf9a","Multi-blank passage cloze","","","","","","",""
"tag","5700dd02-be0e-49d1-aa5a-82a885638bcd","2023","c91ecdcc-7fc9-4d23-b3b7-9122ce81cf9a","Multi-blank passage cloze","","","","","","",""
"tag","b8f001c5-c595-4711-bbff-9d4824523138","2023","ccf5fb0a-73f4-4969-a993-6d7d9bbcd876","Horticulture development programmes","","","","","","",""
"tag","65c7429a-6181-46c6-8b56-f311795652b9","2023","cd574056-f811-4f7b-8fdd-a4e37d0c9772","Ages ΓÇö present, past and future","","","","","","",""
"tag","9c419f5a-8e72-41ed-a289-1d63b514a267","2023","d05341f9-9e76-4d61-8093-3863c80aed6e","Windows shortcuts and desktop navigation","","","verified","","","",""
"tag","17e81dc3-c838-4b68-8396-50e87de15c62","2023","d05341f9-9e76-4d61-8093-3863c80aed6e","Windows shortcuts and desktop navigation","","","verified","","","",""
"tag","a874ffcb-ff9e-4d49-a513-1cd390d1af40","2023","d05341f9-9e76-4d61-8093-3863c80aed6e","Windows shortcuts and desktop navigation","","","verified","","","",""
"tag","8d456138-d8cc-4bb0-953f-48c2c034991e","2023","d0f1a72a-037f-403c-96a2-f510bdb1c9f4","Clean cooking fuel and energy access schemes","","","","","","",""
"tag","a99328e2-4d1a-4476-b3e6-2ae0acf55dfa","2023","d1979e85-7942-4fdd-a5fa-b1d2e29f5977","Boats and streams","","","","","","",""
"tag","061a29fa-1e3e-40d5-9c30-a799d09848d8","2023","d1b7a3f9-84e1-4832-8d3f-ca851b844ce6","Approximation with decimals and surds","","","","","","",""
"tag","d2c576c2-247c-4936-865c-7fbdda6800d4","2023","d1b7a3f9-84e1-4832-8d3f-ca851b844ce6","Approximation with decimals and surds","","","","","","",""
"tag","763d7a81-b579-49d6-ab1a-a84b3cd501fb","2023","d4695b75-6241-4139-84aa-4c38b0fec44e","Population projections","","spot_check","","","","",""
"tag","c9354d21-85b3-45b9-b87a-4d0dc77c47a2","2023","d4887bc0-3062-4436-ae79-cacf8c09e0d2","Kisan Credit Card and agricultural credit targets","","","","","","",""
"tag","fa52c1f9-6a66-45f5-91f9-26976f1b34c3","2023","d5196064-f334-4725-803a-7e74e1b425f8","Priority sector lending and RIDF","","","","","","",""
"tag","e46c4774-e8b4-488d-b117-0b40e15f7182","2023","d5881d53-754a-4f95-a6a2-38d2bbd55162","No-improvement-required cases","","","","","","",""
"tag","f9bb0c97-d341-480c-b923-38a537fc64fd","2023","d9f13db4-9737-4142-9ffe-de6090cb0f2e","Heuristics and judgemental problems","","","","","","",""
"tag","21a1b05e-5f01-43de-aed2-caa638cc7b80","2023","db7456bd-c9cd-428e-8993-960a47662b61","Extension teaching methods","","","","","","",""
"tag","e0352192-6bb0-4daa-b514-f4d4c16910f9","2023","dc83f041-e5e3-4adf-89f8-80455cec19f1","Poultry production and management","","","","","","",""
"tag","91c6b6d1-42e5-4f1d-9005-2353dd22994e","2023","dc83f041-e5e3-4adf-89f8-80455cec19f1","Poultry production and management","","","","","","",""
"tag","bc3e7d57-befb-4e44-a46e-1956c75c2c78","2023","e7ca4271-6ec8-4a73-be40-7e7dd799da28","School education schemes and curriculum frameworks","","","","","","",""
"tag","13b3e802-f872-4e98-8932-e2580cf6c920","2023","e7ca4271-6ec8-4a73-be40-7e7dd799da28","School education schemes and curriculum frameworks","","","","","","",""
"tag","37a84fe3-acc0-4f35-ab07-0783d81d7313","2023","e8cae290-c508-4ad8-a0d5-51f6ad30195e","Street vendor credit and livelihood schemes","","","","","","",""
"tag","c9a075e6-098f-43be-8bb6-a7facb890b42","2023","ee02793f-50fe-4ef5-a734-389c7906da0b","Climate change and emission reports","","","","","","",""
"tag","c904338a-5802-4205-958a-e18cf6f8b8ec","2023","ee63d21f-3ff5-4193-975f-7e6c04a59c89","Three or more statement syllogism","","","","","","",""
"tag","00214dbf-8754-48d8-b4d3-5cff29973ec2","2023","ee63d21f-3ff5-4193-975f-7e6c04a59c89","Three or more statement syllogism","","","","","","",""
"tag","922c9d9b-b768-4775-a5fa-b3c635e45919","2023","eebf5297-0ae0-4f84-bd14-717052c42219","Rocks, minerals and soil formation","","","","","","",""
"tag","fdac75bf-a6da-4977-b8fd-301464a87abe","2023","eebf5297-0ae0-4f84-bd14-717052c42219","Rocks, minerals and soil formation","","","","","","",""
"tag","b91cd11d-6a7c-45a7-9a80-359a78b6b2be","2023","ef0541ee-5cd6-4e67-b125-618fed9e6138","Millets and coarse cereals","","","","","","",""
"tag","126dc8e4-60ff-4aaf-8422-0b0cd779a1cb","2023","ef08e350-4262-4608-af88-840b81d33e3c","Farm management and cost accounting","","","","","","",""
"tag","a6a0d896-9a5c-4f8f-ad4d-93b7e5fd66c0","2023","f0597006-e1c9-45ef-983f-3dad314f7f17","Self-help groups and DAY-NRLM","","","","","","",""
"tag","feecdea3-1ce4-4df0-8281-a1f90cc442df","2023","f26292d1-d93f-42fa-863a-7049b5a8663c","Women and child welfare schemes","","","","","","",""
"tag","06db0738-ac67-458a-bb73-f0e1597c2fc6","2023","f34c9bed-217a-4fe7-82d9-c7d8ab5adfb1","Memory types and the memory hierarchy","","","verified","","","",""
"tag","0e5d6c3e-9399-4c87-a65e-8d97f7cac2a1","2023","f4e6692c-d603-45a0-ad32-b686c1c23d24","Root cause analysis and problem-solving tools","","","verified","","","",""
"tag","4ad4f42c-a40e-4139-bec1-101e629409ec","2023","f5835ef2-38c9-4e7d-85ac-83cd7b134d7b","Gender statistics and indicators","","","","","","",""
"tag","61baf32d-0eda-471e-8b96-d65a1fd26dba","2023","f7274ac4-dc47-482f-86f6-495e4bc87cae","Long-term growth strategy and policy vision","","","","","","",""
"tag","1d4df79f-d5c7-4ab3-9b95-efbdab47ac22","2023","fa731497-39a6-49f8-b3ff-e0f3bb19cb96","Union Budget provisions and taxation","","","","","","",""
"tag","00e44a51-3147-4615-961b-59deda0bf852","2023","fa8a4cb7-7670-4f67-b933-9e9e0d4ace77","Combined transactions and overall gain","","","","","","",""
