subject,subject_id,paper_code,phase,question_number,display_order,source_question_ref,topic,microtopic,microtopic_slug,question_id,stem_excerpt
Agriculture & Rural Development,dd3d3bf2-9da6-4525-a19f-48bf047adb35,NABARD-P1-ARD-2020,1,161,1,ARD-2020-Q161,Agronomy and Crop Production,Crop production statistics and leading states,ard-crop-production-statistics-and-leading-states-76bd8597,,Q.161)Which state has the highest rice production
Agriculture & Rural Development,dd3d3bf2-9da6-4525-a19f-48bf047adb35,NABARD-P1-ARD-2020,1,162,2,ARD-2020-Q162,Agronomy and Crop Production,Crop production statistics and leading states,ard-crop-production-statistics-and-leading-states-76bd8597,,"Q.162) According to the first advance estimate 2019 -20, What is the total food grain production in kharif 2019?"
Agriculture & Rural Development,dd3d3bf2-9da6-4525-a19f-48bf047adb35,NABARD-P1-ARD-2020,1,163,3,ARD-2020-Q163,Horticulture and Plantation Crops,Horticulture production statistics,ard-horticulture-production-statistics-4130b769,,"Q.163)According to the third advance estimate 2018 -19, What is the total horticulture production?"
Agriculture & Rural Development,dd3d3bf2-9da6-4525-a19f-48bf047adb35,NABARD-P1-ARD-2020,1,164,4,ARD-2020-Q164,Agronomy and Crop Production,Crop production statistics and leading states,ard-crop-production-statistics-and-leading-states-76bd8597,,Q.164) Which among is correct on the basis of decreasing order of production?
Agriculture & Rural Development,dd3d3bf2-9da6-4525-a19f-48bf047adb35,NABARD-P1-ARD-2020,1,165,5,ARD-2020-Q165,"Soil Science, Water and Agro-meteorology",Irrigation projects and command area classification,ard-irrigation-projects-and-command-area-classification-657dc57b,,"Q.165) According to 5th Minor irrigation Census 2013 – 14, Which state has the highest number of minor irrigation projec"
Agriculture & Rural Development,dd3d3bf2-9da6-4525-a19f-48bf047adb35,NABARD-P1-ARD-2020,1,166,6,ARD-2020-Q166,"Soil Science, Water and Agro-meteorology",Soil types and their distribution in India,ard-soil-types-and-their-distribution-in-india-f1275c3b,,Q.166) Which region in India covers maximum area under alluvial soil?
Agriculture & Rural Development,dd3d3bf2-9da6-4525-a19f-48bf047adb35,NABARD-P1-ARD-2020,1,167,7,ARD-2020-Q167,"Soil Science, Water and Agro-meteorology",Soil physical properties and soil moisture,ard-soil-physical-properties-and-soil-moisture-6599130c,,Q.167) Which among the following has the highest water retention capacity?
Agriculture & Rural Development,dd3d3bf2-9da6-4525-a19f-48bf047adb35,NABARD-P1-ARD-2020,1,168,8,ARD-2020-Q168,"Rural Development, Schemes and Institutions",Rural roads and PMGSY,ard-rural-roads-and-pmgsy-2cb50665,,"Q.168) The Phase-III of PMGSY which aims at consolidation of 1,25,000 Kms Through Routes a Major Rural Links that connec"
Agriculture & Rural Development,dd3d3bf2-9da6-4525-a19f-48bf047adb35,NABARD-P1-ARD-2020,1,169,9,ARD-2020-Q169,"Agricultural Economics, Credit and Marketing",Agricultural events and industry associations,ard-agricultural-events-and-industry-associations-5540f0f2,,Q.169) The Pulses Conclave 2020 (TPC 2020) has been scheduled to be held from 12 -14 February 2020 in_______________. Th
Agriculture & Rural Development,dd3d3bf2-9da6-4525-a19f-48bf047adb35,NABARD-P1-ARD-2020,1,170,10,ARD-2020-Q170,Agronomy and Crop Production,Crop production statistics and leading states,ard-crop-production-statistics-and-leading-states-76bd8597,,Q.170)Which state has the maximum area under sunflower production?
Agriculture & Rural Development,dd3d3bf2-9da6-4525-a19f-48bf047adb35,NABARD-P1-ARD-2020,1,171,11,ARD-2020-Q171,Agronomy and Crop Production,Commercial and fibre crops,ard-commercial-and-fibre-crops-fc1cb796,,Q.171) Which crop is known as white gold?
Agriculture & Rural Development,dd3d3bf2-9da6-4525-a19f-48bf047adb35,NABARD-P1-ARD-2020,1,172,12,ARD-2020-Q172,"Animal Husbandry, Dairy and Poultry",Poultry production and management,ard-poultry-production-and-management-23203b34,,Q.172) What is the productive age of the layers in poultry?
Agriculture & Rural Development,dd3d3bf2-9da6-4525-a19f-48bf047adb35,NABARD-P1-ARD-2020,1,173,13,ARD-2020-Q173,"Rural Development, Schemes and Institutions",Direct income support to farmers,ard-direct-income-support-to-farmers-d6af2ca5,,Q.173) Which one is false for PM KISAN?
Agriculture & Rural Development,dd3d3bf2-9da6-4525-a19f-48bf047adb35,NABARD-P1-ARD-2020,1,174,14,ARD-2020-Q174,"Agricultural Economics, Credit and Marketing",Minimum Support Price and procurement,ard-minimum-support-price-and-procurement-08bf1b90,,Q.174) PDS and PDPS are the components of which scheme
Agriculture & Rural Development,dd3d3bf2-9da6-4525-a19f-48bf047adb35,NABARD-P1-ARD-2020,1,175,15,ARD-2020-Q175,"Rural Development, Schemes and Institutions",Rural roads and PMGSY,ard-rural-roads-and-pmgsy-2cb50665,,"Q.175) For the better connectivity in the rural areas, roads are constructed which schemes covers the construction?"
Agriculture & Rural Development,dd3d3bf2-9da6-4525-a19f-48bf047adb35,NABARD-P1-ARD-2020,1,176,16,ARD-2020-Q176,"Agricultural Economics, Credit and Marketing",Agricultural events and industry associations,ard-agricultural-events-and-industry-associations-5540f0f2,,Q.176) The 6th world congress of agriculture held at _____________.
Agriculture & Rural Development,dd3d3bf2-9da6-4525-a19f-48bf047adb35,NABARD-P1-ARD-2020,1,177,17,ARD-2020-Q177,"Soil Science, Water and Agro-meteorology",Soil health management and testing,ard-soil-health-management-and-testing-a8f440e2,,Q.177) Swasth Dhara Khet Hara is the tag line for
Agriculture & Rural Development,dd3d3bf2-9da6-4525-a19f-48bf047adb35,NABARD-P1-ARD-2020,1,178,18,ARD-2020-Q178,"Rural Development, Schemes and Institutions",Panchayati Raj and rural governance,ard-panchayati-raj-and-rural-governance-18cc1263,,Q.178) Under which committee the concept of democratic decentralization came which led to the three-tier system of Panch
Agriculture & Rural Development,dd3d3bf2-9da6-4525-a19f-48bf047adb35,NABARD-P1-ARD-2020,1,179,19,ARD-2020-Q179,"Rural Development, Schemes and Institutions",MGNREGA,ard-mgnrega-e34273e0,,Q.179) Which scheme provide 100 days guaranteed employment of 100 days every year to the individuals above 18 yrs of age
Agriculture & Rural Development,dd3d3bf2-9da6-4525-a19f-48bf047adb35,NABARD-P1-ARD-2020,1,180,20,ARD-2020-Q180,"Agricultural Economics, Credit and Marketing",Kisan Credit Card and agricultural credit targets,ard-kisan-credit-card-and-agricultural-credit-targets-1b663009,,Q.180) What is the rate of interest on KCC in which govt gives interest subsidy of 2%?
Agriculture & Rural Development,dd3d3bf2-9da6-4525-a19f-48bf047adb35,NABARD-P1-ARD-2020,1,181,21,ARD-2020-Q181,"Rural Development, Schemes and Institutions",Rural waste management and bioenergy,ard-rural-waste-management-and-bioenergy-10b2ffaf,,"Q.181) In GOBAR-DHAN Scheme, R stands for"
Agriculture & Rural Development,dd3d3bf2-9da6-4525-a19f-48bf047adb35,NABARD-P1-ARD-2020,1,182,22,ARD-2020-Q182,"Soil Science, Water and Agro-meteorology","Agro-meteorology, rainfall and instruments",ard-agro-meteorology-rainfall-and-instruments-1970b919,,Q.182) What is the minimum amount of rainfall require to call a rainy day?
Agriculture & Rural Development,dd3d3bf2-9da6-4525-a19f-48bf047adb35,NABARD-P1-ARD-2020,1,183,23,ARD-2020-Q183,Agronomy and Crop Production,Millets and coarse cereals,ard-millets-and-coarse-cereals-5817dc22,,Q.183) Which year is dedicated as the international year of Millets by UN FAO?
Agriculture & Rural Development,dd3d3bf2-9da6-4525-a19f-48bf047adb35,NABARD-P1-ARD-2020,1,184,24,ARD-2020-Q184,"Agricultural Economics, Credit and Marketing",Priority sector lending and RIDF,ard-priority-sector-lending-and-ridf-f05ce94f,,"Q.184) Whenever there is shortfall from the target of priority sector, bank has to deposit the short amount to which fun"
Agriculture & Rural Development,dd3d3bf2-9da6-4525-a19f-48bf047adb35,NABARD-P1-ARD-2020,1,185,25,ARD-2020-Q185,"Soil Science, Water and Agro-meteorology",Soil conservation and erosion control,ard-soil-conservation-and-erosion-control-b50e6128,,Q.185) When farming is done along the lines of slopes in highly sloped area then it is known as
Agriculture & Rural Development,dd3d3bf2-9da6-4525-a19f-48bf047adb35,NABARD-P1-ARD-2020,1,186,26,ARD-2020-Q186,Horticulture and Plantation Crops,Plant propagation methods,ard-plant-propagation-methods-51e57982,,Q.186) Inarching is used in the propagation of
Agriculture & Rural Development,dd3d3bf2-9da6-4525-a19f-48bf047adb35,NABARD-P1-ARD-2020,1,187,27,ARD-2020-Q187,Horticulture and Plantation Crops,Plantation crop management,ard-plantation-crop-management-6adb2d38,,Q.187) Tipping is practiced in which of the crop
Agriculture & Rural Development,dd3d3bf2-9da6-4525-a19f-48bf047adb35,NABARD-P1-ARD-2020,1,188,28,ARD-2020-Q188,"Agricultural Engineering, Mechanisation and Extension",Farm implements and mechanisation,ard-farm-implements-and-mechanisation-635cd7ec,,Q.188)What is the subsidy given by bank for financing combine harvester?
Agriculture & Rural Development,dd3d3bf2-9da6-4525-a19f-48bf047adb35,NABARD-P1-ARD-2020,1,189,29,ARD-2020-Q189,Agronomy and Crop Production,Crop physiology and productivity,ard-crop-physiology-and-productivity-ec35b2e2,,Q.189)Which crop is having highest conversion rate of solar energy?
Agriculture & Rural Development,dd3d3bf2-9da6-4525-a19f-48bf047adb35,NABARD-P1-ARD-2020,1,190,30,ARD-2020-Q190,"Soil Science, Water and Agro-meteorology",Soil conservation and erosion control,ard-soil-conservation-and-erosion-control-b50e6128,,Q.190) Which of the following is the most dominant factor for soil degradation in semi-arid zones in India?
Agriculture & Rural Development,dd3d3bf2-9da6-4525-a19f-48bf047adb35,NABARD-P1-ARD-2020,1,191,31,ARD-2020-Q191,"Animal Husbandry, Dairy and Poultry",Fodder crops and grasses,ard-fodder-crops-and-grasses-c1dff30e,,Q.191) Elephant grass is also known with the name
Agriculture & Rural Development,dd3d3bf2-9da6-4525-a19f-48bf047adb35,NABARD-P1-ARD-2020,1,192,32,ARD-2020-Q192,Agronomy and Crop Production,Crop production statistics and leading states,ard-crop-production-statistics-and-leading-states-76bd8597,,Q.192) Which of the following crop occupies largest area in India?
Agriculture & Rural Development,dd3d3bf2-9da6-4525-a19f-48bf047adb35,NABARD-P1-ARD-2020,1,193,33,ARD-2020-Q193,"Soil Science, Water and Agro-meteorology",Soil types and their distribution in India,ard-soil-types-and-their-distribution-in-india-f1275c3b,,Q.193) Which of the following soil has self-ploughing properties?
Agriculture & Rural Development,dd3d3bf2-9da6-4525-a19f-48bf047adb35,NABARD-P1-ARD-2020,1,194,34,ARD-2020-Q194,"Agricultural Economics, Credit and Marketing",Union Budget and agriculture allocations,ard-union-budget-and-agriculture-allocations-168cd03f,,"Q.194)In union budget 2020, finance minister announced a ____ point programme for revival of Agriculture sector"
Agriculture & Rural Development,dd3d3bf2-9da6-4525-a19f-48bf047adb35,NABARD-P1-ARD-2020,1,195,35,ARD-2020-Q195,"Soil Science, Water and Agro-meteorology",Irrigation projects and command area classification,ard-irrigation-projects-and-command-area-classification-657dc57b,,Q.195) A minor irrigation scheme covers cultural command area upto
Agriculture & Rural Development,dd3d3bf2-9da6-4525-a19f-48bf047adb35,NABARD-P1-ARD-2020,1,196,36,ARD-2020-Q196,"Agricultural Economics, Credit and Marketing",Doubling farmers' income,ard-doubling-farmers-income-f022e57a,,Q.196)Which of the following is the knowledge partner for the committee on doubling of farmers Income?
Agriculture & Rural Development,dd3d3bf2-9da6-4525-a19f-48bf047adb35,NABARD-P1-ARD-2020,1,197,37,ARD-2020-Q197,Fisheries and Aquaculture,"Fish species, breeds and migration",ard-fish-species-breeds-and-migration-d80fedd9,,Q.197)Which of the following type of fishes live in fresh water but move towards sea for breeding?
Agriculture & Rural Development,dd3d3bf2-9da6-4525-a19f-48bf047adb35,NABARD-P1-ARD-2020,1,198,38,ARD-2020-Q198,"Animal Husbandry, Dairy and Poultry",Livestock and poultry diseases,ard-livestock-and-poultry-diseases-53ef1f4f,,Q.198) Which of the following is the most serious viral disease of poultry?
Agriculture & Rural Development,dd3d3bf2-9da6-4525-a19f-48bf047adb35,NABARD-P1-ARD-2020,1,199,39,ARD-2020-Q199,"Soil Science, Water and Agro-meteorology","Plant nutrients, their functions and deficiency symptoms",ard-plant-nutrients-their-functions-and-deficiency-symptoms-55b74392,,Q.199)Which of the following nutrient plays key role in sugar synthesis in Sugarcane?
Agriculture & Rural Development,dd3d3bf2-9da6-4525-a19f-48bf047adb35,NABARD-P1-ARD-2020,1,200,40,ARD-2020-Q200,Plant Protection and Crop Health,Crop diseases and their causal agents,ard-crop-diseases-and-their-causal-agents-b59ad874,,Q.200) Rosetting in groundnut is due to
Agriculture & Rural Development,dd3d3bf2-9da6-4525-a19f-48bf047adb35,NABARD-P1-ARD-2021,1,161,1,ARD-2021-Q161,"Agricultural Economics, Credit and Marketing",Kisan Credit Card and agricultural credit targets,ard-kisan-credit-card-and-agricultural-credit-targets-1b663009,,Q.161) KCC scheme aims at providing adequate and timely credit support from the banking system under a single window wit
Agriculture & Rural Development,dd3d3bf2-9da6-4525-a19f-48bf047adb35,NABARD-P1-ARD-2021,1,162,2,ARD-2021-Q162,Fisheries and Aquaculture,"Fish species, breeds and migration",ard-fish-species-breeds-and-migration-d80fedd9,,"Q.162) Potamodromous fish is a freshwater fish, lives as well as migrate within fresh water. Which of the following fish"
Agriculture & Rural Development,dd3d3bf2-9da6-4525-a19f-48bf047adb35,NABARD-P1-ARD-2021,1,163,3,ARD-2021-Q163,Forestry and Agroforestry,Forest cover and forest policy,ard-forest-cover-and-forest-policy-df1fa06d,,Q.163) What percent of India’s geographical area should be under forest cover?
Agriculture & Rural Development,dd3d3bf2-9da6-4525-a19f-48bf047adb35,NABARD-P1-ARD-2021,1,164,4,ARD-2021-Q164,"Agricultural Economics, Credit and Marketing",Value-chain and price stabilisation initiatives,ard-value-chain-and-price-stabilisation-initiatives-038079c6,,Q.164) ………… is an initiative by an Indian tobacco company (ITC) specifically designed to tackle the challenges posed by 
Agriculture & Rural Development,dd3d3bf2-9da6-4525-a19f-48bf047adb35,NABARD-P1-ARD-2021,1,165,5,ARD-2021-Q165,"Agricultural Economics, Credit and Marketing",Priority sector lending and RIDF,ard-priority-sector-lending-and-ridf-f05ce94f,,Q.165) Identify the year in which Rural infrastructure development Fund has been constituted?
Agriculture & Rural Development,dd3d3bf2-9da6-4525-a19f-48bf047adb35,NABARD-P1-ARD-2021,1,166,6,ARD-2021-Q166,"Agricultural Economics, Credit and Marketing",Operational land holdings and farm size classification,ard-operational-land-holdings-and-farm-size-classification-b394fb0e,,"Q.166) According to operational land holdings, small farmer is categorized under"
Agriculture & Rural Development,dd3d3bf2-9da6-4525-a19f-48bf047adb35,NABARD-P1-ARD-2021,1,167,7,ARD-2021-Q167,"Soil Science, Water and Agro-meteorology",Irrigation projects and command area classification,ard-irrigation-projects-and-command-area-classification-657dc57b,,Q.167) Cultivated command area for medium irrigated project is
Agriculture & Rural Development,dd3d3bf2-9da6-4525-a19f-48bf047adb35,NABARD-P1-ARD-2021,1,168,8,ARD-2021-Q168,"Agricultural Economics, Credit and Marketing",Farmer Producer Organisations,ard-farmer-producer-organisations-8f479c20,,Q.168) Which state has maximum FPOs?
Agriculture & Rural Development,dd3d3bf2-9da6-4525-a19f-48bf047adb35,NABARD-P1-ARD-2021,1,169,9,ARD-2021-Q169,Forestry and Agroforestry,Agroforestry systems,ard-agroforestry-systems-ef1aa2d0,,Q.169) Agroforestry practice in which trees or shrubs are grown as hedge rows simultaneously with an arable crop
Agriculture & Rural Development,dd3d3bf2-9da6-4525-a19f-48bf047adb35,NABARD-P1-ARD-2021,1,170,10,ARD-2021-Q170,"Soil Science, Water and Agro-meteorology","Manures, fertilizers and biofertilizers",ard-manures-fertilizers-and-biofertilizers-baa7d9d5,,Q.170) Which of the following fertilizer is organic in nature?
Agriculture & Rural Development,dd3d3bf2-9da6-4525-a19f-48bf047adb35,NABARD-P1-ARD-2021,1,171,11,ARD-2021-Q171,"Rural Development, Schemes and Institutions",Rural artisan and handloom sector,ard-rural-artisan-and-handloom-sector-91744e34,,"Q.171) As per 4th All India Handloom Census 2019-20, how many weaver households are located in rural areas of our countr"
Agriculture & Rural Development,dd3d3bf2-9da6-4525-a19f-48bf047adb35,NABARD-P1-ARD-2021,1,172,12,ARD-2021-Q172,"Agricultural Engineering, Mechanisation and Extension",Farm implements and mechanisation,ard-farm-implements-and-mechanisation-635cd7ec,,Q.172) Wheel Hoe is used for _______.
Agriculture & Rural Development,dd3d3bf2-9da6-4525-a19f-48bf047adb35,NABARD-P1-ARD-2021,1,173,13,ARD-2021-Q173,"Rural Development, Schemes and Institutions",Food security and the public distribution system,ard-food-security-and-the-public-distribution-system-da810701,,Q.173) 5 Kg food grains per person per month distributed additionally under ……………. Yojana
Agriculture & Rural Development,dd3d3bf2-9da6-4525-a19f-48bf047adb35,NABARD-P1-ARD-2021,1,174,14,ARD-2021-Q174,"Animal Husbandry, Dairy and Poultry",Poultry production and management,ard-poultry-production-and-management-23203b34,,Q.174) Hens which are reared for the purpose of laying eggs are called _____.
Agriculture & Rural Development,dd3d3bf2-9da6-4525-a19f-48bf047adb35,NABARD-P1-ARD-2021,1,175,15,ARD-2021-Q175,Fisheries and Aquaculture,Fish processing and post-harvest handling,ard-fish-processing-and-post-harvest-handling-563597fb,,"Q.175) The traditional methods of processing fish by salting, drying, smoking pickling etc. are collectively known as ……"
Agriculture & Rural Development,dd3d3bf2-9da6-4525-a19f-48bf047adb35,NABARD-P1-ARD-2021,1,176,16,ARD-2021-Q176,"Agricultural Economics, Credit and Marketing",e-NAM and agricultural marketing platforms,ard-e-nam-and-agricultural-marketing-platforms-3c1c5ff6,,Q.176) Maximum selling agricultural commodity through National Agriculture Market (eNAM).
Agriculture & Rural Development,dd3d3bf2-9da6-4525-a19f-48bf047adb35,NABARD-P1-ARD-2021,1,177,17,ARD-2021-Q177,"Soil Science, Water and Agro-meteorology",Soil moisture conservation practices,ard-soil-moisture-conservation-practices-bbf02983,,"Q.177) Covering soils with crop residue, straw, etc., to conserve moisture and lowers evaporation is known as ………….."
Agriculture & Rural Development,dd3d3bf2-9da6-4525-a19f-48bf047adb35,NABARD-P1-ARD-2021,1,178,18,ARD-2021-Q178,"Soil Science, Water and Agro-meteorology",Soil types and their distribution in India,ard-soil-types-and-their-distribution-in-india-f1275c3b,,Q.178) Soil formed due to wide diffusion of iron oxide is
Agriculture & Rural Development,dd3d3bf2-9da6-4525-a19f-48bf047adb35,NABARD-P1-ARD-2021,1,179,19,ARD-2021-Q179,"Soil Science, Water and Agro-meteorology",Irrigation and groundwater schemes,ard-irrigation-and-groundwater-schemes-8c00e4e2,,Q.179) Atal Bhujal Yojana is World Bank aided Central Sector Scheme of Government of India with total outlay of Rs. 6000
Agriculture & Rural Development,dd3d3bf2-9da6-4525-a19f-48bf047adb35,NABARD-P1-ARD-2021,1,180,20,ARD-2021-Q180,"Soil Science, Water and Agro-meteorology","Agro-meteorology, rainfall and instruments",ard-agro-meteorology-rainfall-and-instruments-1970b919,,Q.180) Which instrument is used to measure humidity?
Agriculture & Rural Development,dd3d3bf2-9da6-4525-a19f-48bf047adb35,NABARD-P1-ARD-2021,1,181,21,ARD-2021-Q181,"Soil Science, Water and Agro-meteorology",Climate change and emission reports,ard-climate-change-and-emission-reports-e3123cf2,,"Q.181) According to Emissions Gap Report 2020 released by United Nations Environment Programme (UNEP), the Global Carbon"
Agriculture & Rural Development,dd3d3bf2-9da6-4525-a19f-48bf047adb35,NABARD-P1-ARD-2021,1,182,22,ARD-2021-Q182,Agronomy and Crop Production,Cropping systems and cropping patterns,ard-cropping-systems-and-cropping-patterns-97da95cc,,Q.182) Which one of the following terms describes the practice of growing two or more crops simultaneously on the same p
Agriculture & Rural Development,dd3d3bf2-9da6-4525-a19f-48bf047adb35,NABARD-P1-ARD-2021,1,183,23,ARD-2021-Q183,"Animal Husbandry, Dairy and Poultry",Livestock terminology and management practices,ard-livestock-terminology-and-management-practices-8ac22bac,,Q.183) Buffalo rolling in mud is called ……………
Agriculture & Rural Development,dd3d3bf2-9da6-4525-a19f-48bf047adb35,NABARD-P1-ARD-2021,1,184,24,ARD-2021-Q184,"Soil Science, Water and Agro-meteorology",Irrigation methods,ard-irrigation-methods-d3bd948d,,"Q.184) Type of irrigation in which water is directly applied to the root zone of tree and easy for giving fertilizers, e"
Agriculture & Rural Development,dd3d3bf2-9da6-4525-a19f-48bf047adb35,NABARD-P1-ARD-2021,1,185,25,ARD-2021-Q185,"Rural Development, Schemes and Institutions",Sanitation and drinking water missions,ard-sanitation-and-drinking-water-missions-1e7dd5d7,,Q.185) SUJALAM campaign to ensure sustainability of ODF gains & create one million soak pits is under which ministry?
Agriculture & Rural Development,dd3d3bf2-9da6-4525-a19f-48bf047adb35,NABARD-P1-ARD-2021,1,186,26,ARD-2021-Q186,"Rural Development, Schemes and Institutions",MGNREGA,ard-mgnrega-e34273e0,,"Q.186)……………………….. is a demand driven wage employment programme, which provides for livelihood security by providing at l"
Agriculture & Rural Development,dd3d3bf2-9da6-4525-a19f-48bf047adb35,NABARD-P1-ARD-2021,1,187,27,ARD-2021-Q187,Fisheries and Aquaculture,"Fish species, breeds and migration",ard-fish-species-breeds-and-migration-d80fedd9,,Q.187) Fastest growing indigenous fish in India?
Agriculture & Rural Development,dd3d3bf2-9da6-4525-a19f-48bf047adb35,NABARD-P1-ARD-2021,1,188,28,ARD-2021-Q188,Agronomy and Crop Production,Agro-climatic zones and crop regions,ard-agro-climatic-zones-and-crop-regions-b02b28dd,,Q.188) Haryana lies in which agro-climatic zone of India?
Agriculture & Rural Development,dd3d3bf2-9da6-4525-a19f-48bf047adb35,NABARD-P1-ARD-2021,1,189,29,ARD-2021-Q189,"Animal Husbandry, Dairy and Poultry",Livestock terminology and management practices,ard-livestock-terminology-and-management-practices-8ac22bac,,Q.189) Male sheep used for breeding purpose is ………
Agriculture & Rural Development,dd3d3bf2-9da6-4525-a19f-48bf047adb35,NABARD-P1-ARD-2021,1,190,30,ARD-2021-Q190,"Animal Husbandry, Dairy and Poultry",Livestock sector contribution and statistics,ard-livestock-sector-contribution-and-statistics-e5b03188,,"Q.190) As per National Accounts Statistics, Livestock sector contributed ……... per cent of total GVA in 2018-19."
Agriculture & Rural Development,dd3d3bf2-9da6-4525-a19f-48bf047adb35,NABARD-P1-ARD-2021,1,191,31,ARD-2021-Q191,Horticulture and Plantation Crops,Branches of horticulture,ard-branches-of-horticulture-f05380c6,,Q.191) Study of fruits is called ……………
Agriculture & Rural Development,dd3d3bf2-9da6-4525-a19f-48bf047adb35,NABARD-P1-ARD-2021,1,192,32,ARD-2021-Q192,Horticulture and Plantation Crops,Orchard planting systems,ard-orchard-planting-systems-764aa89e,,Q.192)One additional tree is planted in the center of each square planting method in ………..
Agriculture & Rural Development,dd3d3bf2-9da6-4525-a19f-48bf047adb35,NABARD-P1-ARD-2021,1,193,33,ARD-2021-Q193,"Rural Development, Schemes and Institutions",Solar energy schemes in agriculture,ard-solar-energy-schemes-in-agriculture-db3c8676,,Q.193)What is the purpose of PM kusum scheme launched by Union Ministry of New and Renewable Energy (MNRE)?
Agriculture & Rural Development,dd3d3bf2-9da6-4525-a19f-48bf047adb35,NABARD-P1-ARD-2021,1,194,34,ARD-2021-Q194,"Soil Science, Water and Agro-meteorology","Manures, fertilizers and biofertilizers",ard-manures-fertilizers-and-biofertilizers-baa7d9d5,,Q.194)Nitrogen content in urea is
Agriculture & Rural Development,dd3d3bf2-9da6-4525-a19f-48bf047adb35,NABARD-P1-ARD-2021,1,195,35,ARD-2021-Q195,"Rural Development, Schemes and Institutions",Self-help groups and DAY-NRLM,ard-self-help-groups-and-day-nrlm-e87b9d68,,"Q.195)According to NRLM, maximum SHGs are in which state?"
Agriculture & Rural Development,dd3d3bf2-9da6-4525-a19f-48bf047adb35,NABARD-P1-ARD-2021,1,196,36,ARD-2021-Q196,"Soil Science, Water and Agro-meteorology",Climate change and emission reports,ard-climate-change-and-emission-reports-e3123cf2,,"Q.196)According to UNEP report, largest emitter of GHGs in 2019-20 in world is"
Agriculture & Rural Development,dd3d3bf2-9da6-4525-a19f-48bf047adb35,NABARD-P1-ARD-2021,1,197,37,ARD-2021-Q197,Horticulture and Plantation Crops,Floriculture and flower export,ard-floriculture-and-flower-export-0064cb7d,,"Q.197)According to APEDA, to which country, maximum flower is exported from India in terms of highest value?"
Agriculture & Rural Development,dd3d3bf2-9da6-4525-a19f-48bf047adb35,NABARD-P1-ARD-2021,1,198,38,ARD-2021-Q198,Agronomy and Crop Production,"Seed production, classes and certification",ard-seed-production-classes-and-certification-3edec708,,Q.198)………………government decides to produce its own seeds under brand name Sah-Beej.
Agriculture & Rural Development,dd3d3bf2-9da6-4525-a19f-48bf047adb35,NABARD-P1-ARD-2021,1,199,39,ARD-2021-Q199,"Agricultural Economics, Credit and Marketing",Value-chain and price stabilisation initiatives,ard-value-chain-and-price-stabilisation-initiatives-038079c6,,"Q.199)…………………launched Operation Greens scheme in November, 2018 for integrated development of Tomato, Onion and Potato ("
Agriculture & Rural Development,dd3d3bf2-9da6-4525-a19f-48bf047adb35,NABARD-P1-ARD-2021,1,200,40,ARD-2021-Q200,Agronomy and Crop Production,Crop residue and by-products,ard-crop-residue-and-by-products-e8e6ca95,,Q.200)Highest residue after the harvesting is generated by which of the following crops?
Agriculture & Rural Development,dd3d3bf2-9da6-4525-a19f-48bf047adb35,NABARD-P1-ARD-2022-EVENING,1,161,1,ARD-2022-Q161,Horticulture and Plantation Crops,Scientific names of horticultural crops,ard-scientific-names-of-horticultural-crops-9e83e592,,Q.161) Scientific name of Apple
Agriculture & Rural Development,dd3d3bf2-9da6-4525-a19f-48bf047adb35,NABARD-P1-ARD-2022-EVENING,1,162,2,ARD-2022-Q162,"Animal Husbandry, Dairy and Poultry",Livestock terminology and management practices,ard-livestock-terminology-and-management-practices-8ac22bac,,Q.162) Young female of buffalo is called
Agriculture & Rural Development,dd3d3bf2-9da6-4525-a19f-48bf047adb35,NABARD-P1-ARD-2022-EVENING,1,163,3,ARD-2022-Q163,"Rural Development, Schemes and Institutions",Direct income support to farmers,ard-direct-income-support-to-farmers-d6af2ca5,,"Q.163) A scheme in which the Center transfers an amount of Rs 6,000 per year, in three equal installments, directly into"
Agriculture & Rural Development,dd3d3bf2-9da6-4525-a19f-48bf047adb35,NABARD-P1-ARD-2022-EVENING,1,164,4,ARD-2022-Q164,"Animal Husbandry, Dairy and Poultry",Livestock reproduction and gestation,ard-livestock-reproduction-and-gestation-af5125a2,,Q.164) Separation of graafian follicle from the egg
Agriculture & Rural Development,dd3d3bf2-9da6-4525-a19f-48bf047adb35,NABARD-P1-ARD-2022-EVENING,1,165,5,ARD-2022-Q165,"Rural Development, Schemes and Institutions",Rural employment and training programmes,ard-rural-employment-and-training-programmes-45432315,,Q.165) TRYSEM is related to which of the following 344 | P a g e
Agriculture & Rural Development,dd3d3bf2-9da6-4525-a19f-48bf047adb35,NABARD-P1-ARD-2022-EVENING,1,166,6,ARD-2022-Q166,"Agricultural Engineering, Mechanisation and Extension",Scope and definition of agronomy,ard-scope-and-definition-of-agronomy-fd1e1c14,,"Q.166) The scientific study of soil management and crop production, including irrigation and the use of herbicides, pest"
Agriculture & Rural Development,dd3d3bf2-9da6-4525-a19f-48bf047adb35,NABARD-P1-ARD-2022-EVENING,1,167,7,ARD-2022-Q167,Horticulture and Plantation Crops,Branches of horticulture,ard-branches-of-horticulture-f05380c6,,Q.167) The branch of ornamental horticulture concerned with growing and marketing flowers and foliage plants as well as 
Agriculture & Rural Development,dd3d3bf2-9da6-4525-a19f-48bf047adb35,NABARD-P1-ARD-2022-EVENING,1,168,8,ARD-2022-Q168,Horticulture and Plantation Crops,Plant propagation methods,ard-plant-propagation-methods-51e57982,,Q.168) Grape is vegetatively propagated through which of the following methods -
Agriculture & Rural Development,dd3d3bf2-9da6-4525-a19f-48bf047adb35,NABARD-P1-ARD-2022-EVENING,1,169,9,ARD-2022-Q169,"Animal Husbandry, Dairy and Poultry",Dairy physiology and milk production,ard-dairy-physiology-and-milk-production-67b5201e,,Q.169) Process of formation of mammary glands in cow is called
Agriculture & Rural Development,dd3d3bf2-9da6-4525-a19f-48bf047adb35,NABARD-P1-ARD-2022-EVENING,1,170,10,ARD-2022-Q170,Fisheries and Aquaculture,Fisheries institutions and marine exports,ard-fisheries-institutions-and-marine-exports-48791a80,,"Q.170)The nodal agency for the holistic development of seafood industry, including export of marine products in India is"
Agriculture & Rural Development,dd3d3bf2-9da6-4525-a19f-48bf047adb35,NABARD-P1-ARD-2022-EVENING,1,171,11,ARD-2022-Q171,Fisheries and Aquaculture,"Fish species, breeds and migration",ard-fish-species-breeds-and-migration-d80fedd9,,Q.171) An exotic fish which adapted to Indian conditions
Agriculture & Rural Development,dd3d3bf2-9da6-4525-a19f-48bf047adb35,NABARD-P1-ARD-2022-EVENING,1,172,12,ARD-2022-Q172,Forestry and Agroforestry,Agroforestry systems,ard-agroforestry-systems-ef1aa2d0,,Q.172) Which of the following agroforestry system is a combination of Agri-silviculture and Silvi- pasture where the lan
Agriculture & Rural Development,dd3d3bf2-9da6-4525-a19f-48bf047adb35,NABARD-P1-ARD-2022-EVENING,1,173,13,ARD-2022-Q173,"Soil Science, Water and Agro-meteorology",Soil physical properties and soil moisture,ard-soil-physical-properties-and-soil-moisture-6599130c,,"Q.173) A condition in which micro pores of soil are filled with water due to rain or irrigation, it is called"
Agriculture & Rural Development,dd3d3bf2-9da6-4525-a19f-48bf047adb35,NABARD-P1-ARD-2022-EVENING,1,174,14,ARD-2022-Q174,Plant Protection and Crop Health,Crop diseases and their causal agents,ard-crop-diseases-and-their-causal-agents-b59ad874,,Q.174) A disease of citrus plants in which cracks develop in the bark and sap oozes out. Profuse gumming on the surface 
Agriculture & Rural Development,dd3d3bf2-9da6-4525-a19f-48bf047adb35,NABARD-P1-ARD-2022-EVENING,1,175,15,ARD-2022-Q175,"Animal Husbandry, Dairy and Poultry",Livestock sector contribution and statistics,ard-livestock-sector-contribution-and-statistics-e5b03188,,Q.175) GVA of livestock has been increased from 24.32% in 2014-15 to ……………in 2018-19
Agriculture & Rural Development,dd3d3bf2-9da6-4525-a19f-48bf047adb35,NABARD-P1-ARD-2022-EVENING,1,176,16,ARD-2022-Q176,"Soil Science, Water and Agro-meteorology",Irrigation methods,ard-irrigation-methods-d3bd948d,,Q.176) ___ is an irrigation method which resembles natural rainfall. It reduces labor cost and land used in bunding and 
Agriculture & Rural Development,dd3d3bf2-9da6-4525-a19f-48bf047adb35,NABARD-P1-ARD-2022-EVENING,1,177,17,ARD-2022-Q177,"Animal Husbandry, Dairy and Poultry",Poultry production and management,ard-poultry-production-and-management-23203b34,,Q.177) Incubation period of broiler ………….? 347 | P a g e
Agriculture & Rural Development,dd3d3bf2-9da6-4525-a19f-48bf047adb35,NABARD-P1-ARD-2022-EVENING,1,178,18,ARD-2022-Q178,"Soil Science, Water and Agro-meteorology",Soil physical properties and soil moisture,ard-soil-physical-properties-and-soil-moisture-6599130c,,Q.178) The light soil which need frequent irrigation and have low water retention capacity are
Agriculture & Rural Development,dd3d3bf2-9da6-4525-a19f-48bf047adb35,NABARD-P1-ARD-2022-EVENING,1,179,19,ARD-2022-Q179,Plant Protection and Crop Health,Crop diseases and their causal agents,ard-crop-diseases-and-their-causal-agents-b59ad874,,"Q.179) Bunchy top of banana, caused due to virus, is transmitted by"
Agriculture & Rural Development,dd3d3bf2-9da6-4525-a19f-48bf047adb35,NABARD-P1-ARD-2022-EVENING,1,180,20,ARD-2022-Q180,"Animal Husbandry, Dairy and Poultry",Poultry production and management,ard-poultry-production-and-management-23203b34,,Q.180) A chicken that is raised specially for meat production?
Agriculture & Rural Development,dd3d3bf2-9da6-4525-a19f-48bf047adb35,NABARD-P1-ARD-2022-EVENING,1,181,21,ARD-2022-Q181,"Animal Husbandry, Dairy and Poultry",Animal breeding methods,ard-animal-breeding-methods-4fd2ac1c,,Q.181) A crossing of two or more breeds and alternately mating the hybrid females over several generations with males of
Agriculture & Rural Development,dd3d3bf2-9da6-4525-a19f-48bf047adb35,NABARD-P1-ARD-2022-EVENING,1,182,22,ARD-2022-Q182,"Animal Husbandry, Dairy and Poultry",Animal breeding methods,ard-animal-breeding-methods-4fd2ac1c,,Q.182) Inter breeding of individuals of same breed which do not have common ancestors for 4 to 5 generations?
Agriculture & Rural Development,dd3d3bf2-9da6-4525-a19f-48bf047adb35,NABARD-P1-ARD-2022-EVENING,1,183,23,ARD-2022-Q183,"Soil Science, Water and Agro-meteorology",Soil conservation and erosion control,ard-soil-conservation-and-erosion-control-b50e6128,,"Q.183)The method of farming which involves cultivating a field partitioned into long, narrow strips which are alternated"
Agriculture & Rural Development,dd3d3bf2-9da6-4525-a19f-48bf047adb35,NABARD-P1-ARD-2022-EVENING,1,184,24,ARD-2022-Q184,Agronomy and Crop Production,Cropping systems and cropping patterns,ard-cropping-systems-and-cropping-patterns-97da95cc,,Q.184) ___ refers to the intensification of cropping in sequence on the same field per year the succeeding crop is plant
Agriculture & Rural Development,dd3d3bf2-9da6-4525-a19f-48bf047adb35,NABARD-P1-ARD-2022-EVENING,1,185,25,ARD-2022-Q185,"Agricultural Engineering, Mechanisation and Extension",Extension teaching methods,ard-extension-teaching-methods-d65b9d96,,Q.185) Which method of extension is used for teaching a group of people new techniques and practices like preparing nurs
Agriculture & Rural Development,dd3d3bf2-9da6-4525-a19f-48bf047adb35,NABARD-P1-ARD-2022-EVENING,1,186,26,ARD-2022-Q186,Fisheries and Aquaculture,Fisheries schemes and sector development,ard-fisheries-schemes-and-sector-development-9a439d6d,,Q.186) A flagship scheme of government which focuses on harnessing fisheries sector potential and aims to double the fis
Agriculture & Rural Development,dd3d3bf2-9da6-4525-a19f-48bf047adb35,NABARD-P1-ARD-2022-EVENING,1,187,27,ARD-2022-Q187,Horticulture and Plantation Crops,Plant propagation methods,ard-plant-propagation-methods-51e57982,,Q.187) A lateral branch arising from the base of main stem and which is used for propagation of some fruit plants is
Agriculture & Rural Development,dd3d3bf2-9da6-4525-a19f-48bf047adb35,NABARD-P1-ARD-2022-EVENING,1,188,28,ARD-2022-Q188,Agronomy and Crop Production,Plant morphology and reproduction,ard-plant-morphology-and-reproduction-11c20a19,,Q.188) The transfer of pollens from the stamen to the stigma of the same flower or the stigma of another flower on same 
Agriculture & Rural Development,dd3d3bf2-9da6-4525-a19f-48bf047adb35,NABARD-P1-ARD-2022-EVENING,1,189,29,ARD-2022-Q189,"Agricultural Economics, Credit and Marketing",Minimum Support Price and procurement,ard-minimum-support-price-and-procurement-08bf1b90,,Q.189) Government of India announce MSP on the recommendation of
Agriculture & Rural Development,dd3d3bf2-9da6-4525-a19f-48bf047adb35,NABARD-P1-ARD-2022-EVENING,1,190,30,ARD-2022-Q190,"Agricultural Economics, Credit and Marketing",Minimum Support Price and procurement,ard-minimum-support-price-and-procurement-08bf1b90,,Q.190) MSP of Tur (Arhar) for the Kharif marketing season 2022-23 is Rs. ___
Agriculture & Rural Development,dd3d3bf2-9da6-4525-a19f-48bf047adb35,NABARD-P1-ARD-2022-EVENING,1,191,31,ARD-2022-Q191,"Agricultural Engineering, Mechanisation and Extension",Agricultural research and extension system,ard-agricultural-research-and-extension-system-ef3db2e9,,"Q.191) Which of the following forms a part of National Agricultural Research System (NARS), aimed at assessment of locat"
Agriculture & Rural Development,dd3d3bf2-9da6-4525-a19f-48bf047adb35,NABARD-P1-ARD-2022-EVENING,1,192,32,ARD-2022-Q192,"Rural Development, Schemes and Institutions",Rural housing (PMAY-G),ard-rural-housing-pmay-g-d529747c,,"Q.192) Under PMAY- G, the size of a unit house, which includes a hygienic place for cooking is __"
Agriculture & Rural Development,dd3d3bf2-9da6-4525-a19f-48bf047adb35,NABARD-P1-ARD-2022-EVENING,1,193,33,ARD-2022-Q193,Agronomy and Crop Production,"Seed production, classes and certification",ard-seed-production-classes-and-certification-3edec708,,Q.193) A pure seed of improved variety which is produced under the supervision of plant Breeder. It is used for the prod
Agriculture & Rural Development,dd3d3bf2-9da6-4525-a19f-48bf047adb35,NABARD-P1-ARD-2022-EVENING,1,194,34,ARD-2022-Q194,"Agricultural Engineering, Mechanisation and Extension",Precision agriculture and digital tools,ard-precision-agriculture-and-digital-tools-67493941,,"Q.194) A farming technique in which we make use of high technology sensor and analysis tools to identify, analyse and ma"
Agriculture & Rural Development,dd3d3bf2-9da6-4525-a19f-48bf047adb35,NABARD-P1-ARD-2022-EVENING,1,195,35,ARD-2022-Q195,"Soil Science, Water and Agro-meteorology",Irrigation engineering and lift irrigation,ard-irrigation-engineering-and-lift-irrigation-c3515ee1,,"Q.195) In Lift Irrigation Project, the total head is ___"
Agriculture & Rural Development,dd3d3bf2-9da6-4525-a19f-48bf047adb35,NABARD-P1-ARD-2022-EVENING,1,196,36,ARD-2022-Q196,Agronomy and Crop Production,Crop production statistics and leading states,ard-crop-production-statistics-and-leading-states-76bd8597,,"Q.196) According to 3rd Advance estimate of foodgrain production 2021-22, the total food grain production has been estim"
Agriculture & Rural Development,dd3d3bf2-9da6-4525-a19f-48bf047adb35,NABARD-P1-ARD-2022-EVENING,1,197,37,ARD-2022-Q197,Fisheries and Aquaculture,Fisheries institutions and marine exports,ard-fisheries-institutions-and-marine-exports-48791a80,,Q.197) ____ established by MPEDA as an outreach organization for uplifting the livelihood of small-scale farmers through
Agriculture & Rural Development,dd3d3bf2-9da6-4525-a19f-48bf047adb35,NABARD-P1-ARD-2022-EVENING,1,198,38,ARD-2022-Q198,"Rural Development, Schemes and Institutions",Rural demography and census,ard-rural-demography-and-census-5176c982,,"Q.198) According to Census 2011, what is the percentage of the rural workforce?"
Agriculture & Rural Development,dd3d3bf2-9da6-4525-a19f-48bf047adb35,NABARD-P1-ARD-2022-EVENING,1,199,39,ARD-2022-Q199,"Rural Development, Schemes and Institutions",Rural roads and PMGSY,ard-rural-roads-and-pmgsy-2cb50665,,Q.199)Identify the scheme which consolidate the existing rural road network by upgradation of existing ‘Through Routes’ 
Agriculture & Rural Development,dd3d3bf2-9da6-4525-a19f-48bf047adb35,NABARD-P1-ARD-2022-EVENING,1,200,40,ARD-2022-Q200,"Rural Development, Schemes and Institutions",Self-help groups and DAY-NRLM,ard-self-help-groups-and-day-nrlm-e87b9d68,,Q.200) Under the scheme DAY NRLM short term loans of Rs. 3 lakh are given to SHGs. It has a provision of additional inte
Agriculture & Rural Development,dd3d3bf2-9da6-4525-a19f-48bf047adb35,NABARD-P1-ARD-2022-MORNING,1,161,1,ARD-2022-Q161,"Agricultural Economics, Credit and Marketing",Production economics and factors of production,ard-production-economics-and-factors-of-production-fffc9645,,"Q.161) When major output is expected from per unit input focus is on factor of production (Land, Labour, Capital, Enterp"
Agriculture & Rural Development,dd3d3bf2-9da6-4525-a19f-48bf047adb35,NABARD-P1-ARD-2022-MORNING,1,162,2,ARD-2022-Q162,"Agricultural Economics, Credit and Marketing",Minimum Support Price and procurement,ard-minimum-support-price-and-procurement-08bf1b90,,Q.162) MSP of Lentil of Rabi Marketing Season (2020-21) is __________.
Agriculture & Rural Development,dd3d3bf2-9da6-4525-a19f-48bf047adb35,NABARD-P1-ARD-2022-MORNING,1,163,3,ARD-2022-Q163,"Rural Development, Schemes and Institutions",MGNREGA,ard-mgnrega-e34273e0,,Q.163) Apna Khet Apna Kaam is the scheme of under MGNREGA in which of the following state?
Agriculture & Rural Development,dd3d3bf2-9da6-4525-a19f-48bf047adb35,NABARD-P1-ARD-2022-MORNING,1,164,4,ARD-2022-Q164,"Animal Husbandry, Dairy and Poultry",Livestock reproduction and gestation,ard-livestock-reproduction-and-gestation-af5125a2,,Q.164) Gestation period of Sheep is ____________.
Agriculture & Rural Development,dd3d3bf2-9da6-4525-a19f-48bf047adb35,NABARD-P1-ARD-2022-MORNING,1,165,5,ARD-2022-Q165,"Agricultural Engineering, Mechanisation and Extension",Agricultural education and institutions,ard-agricultural-education-and-institutions-24849997,,Q.165) Agriculture education day is celebrated on the birth anniversary of _______________.
Agriculture & Rural Development,dd3d3bf2-9da6-4525-a19f-48bf047adb35,NABARD-P1-ARD-2022-MORNING,1,166,6,ARD-2022-Q166,Agronomy and Crop Production,Organic and natural farming,ard-organic-and-natural-farming-dd64ed70,,"Q.166) A production system which avoids or largely excludes the use of synthetically compounded fertilizers, pesticides,"
Agriculture & Rural Development,dd3d3bf2-9da6-4525-a19f-48bf047adb35,NABARD-P1-ARD-2022-MORNING,1,167,7,ARD-2022-Q167,"Animal Husbandry, Dairy and Poultry",Poultry breeds,ard-poultry-breeds-97ff7bd1,,Q.167) The popular breed of poultry which belongs to Italy.
Agriculture & Rural Development,dd3d3bf2-9da6-4525-a19f-48bf047adb35,NABARD-P1-ARD-2022-MORNING,1,168,8,ARD-2022-Q168,Horticulture and Plantation Crops,"Post-harvest physiology, maturity and ripening",ard-post-harvest-physiology-maturity-and-ripening-b99c260f,,"Q.168) The process by which fruits attain their desirable flavour, quality, colour, palatable nature and other textural "
Agriculture & Rural Development,dd3d3bf2-9da6-4525-a19f-48bf047adb35,NABARD-P1-ARD-2022-MORNING,1,169,9,ARD-2022-Q169,"Animal Husbandry, Dairy and Poultry",Dairy physiology and milk production,ard-dairy-physiology-and-milk-production-67b5201e,,Q.169) Process of drop down of milk after the stimulation of oxytocin
Agriculture & Rural Development,dd3d3bf2-9da6-4525-a19f-48bf047adb35,NABARD-P1-ARD-2022-MORNING,1,170,10,ARD-2022-Q170,"Soil Science, Water and Agro-meteorology","Plant nutrients, their functions and deficiency symptoms",ard-plant-nutrients-their-functions-and-deficiency-symptoms-55b74392,,"Q.170) Development of interveinal chlorosis from bottom to top in later stages, purple colour and bronzing ultimately dr"
Agriculture & Rural Development,dd3d3bf2-9da6-4525-a19f-48bf047adb35,NABARD-P1-ARD-2022-MORNING,1,171,11,ARD-2022-Q171,Agronomy and Crop Production,Plant morphology and reproduction,ard-plant-morphology-and-reproduction-11c20a19,,Q.171) The modified stem that grow horizontally on the ground or below the ground are called___________.
Agriculture & Rural Development,dd3d3bf2-9da6-4525-a19f-48bf047adb35,NABARD-P1-ARD-2022-MORNING,1,172,12,ARD-2022-Q172,"Agricultural Economics, Credit and Marketing",e-NAM and agricultural marketing platforms,ard-e-nam-and-agricultural-marketing-platforms-3c1c5ff6,,Q.172) __________ is a pan -India electronic trading portal which networks the existing APMC mandis to create a unified 
Agriculture & Rural Development,dd3d3bf2-9da6-4525-a19f-48bf047adb35,NABARD-P1-ARD-2022-MORNING,1,173,13,ARD-2022-Q173,"Rural Development, Schemes and Institutions",Rural demography and census,ard-rural-demography-and-census-5176c982,,"Q.173) According to the census of India 2011, What is the Percentage of Rural Population of India"
Agriculture & Rural Development,dd3d3bf2-9da6-4525-a19f-48bf047adb35,NABARD-P1-ARD-2022-MORNING,1,174,14,ARD-2022-Q174,"Agricultural Economics, Credit and Marketing",Agriculture's contribution to gross value added,ard-agriculture-s-contribution-to-gross-value-added-22099611,,Q.174) Contribution of agriculture and allied sector in Gross Value Added (GVA) for the 2021-22__________.
Agriculture & Rural Development,dd3d3bf2-9da6-4525-a19f-48bf047adb35,NABARD-P1-ARD-2022-MORNING,1,175,15,ARD-2022-Q175,"Agricultural Economics, Credit and Marketing",Farm management and cost accounting,ard-farm-management-and-cost-accounting-315421ce,,"Q.175) In tractor economy, which of the following will be considered as fixed cost?"
Agriculture & Rural Development,dd3d3bf2-9da6-4525-a19f-48bf047adb35,NABARD-P1-ARD-2022-MORNING,1,176,16,ARD-2022-Q176,"Soil Science, Water and Agro-meteorology","Manures, fertilizers and biofertilizers",ard-manures-fertilizers-and-biofertilizers-baa7d9d5,,"Q.176) Substances that contain microorganisms, which when added to the soil increase its fertility and promotes plant gr"
Agriculture & Rural Development,dd3d3bf2-9da6-4525-a19f-48bf047adb35,NABARD-P1-ARD-2022-MORNING,1,177,17,ARD-2022-Q177,"Soil Science, Water and Agro-meteorology",Soil conservation and erosion control,ard-soil-conservation-and-erosion-control-b50e6128,,Q.177) What is the type of farming done along the contour of sloping land to avoid soil erosion with slope less than 33%
Agriculture & Rural Development,dd3d3bf2-9da6-4525-a19f-48bf047adb35,NABARD-P1-ARD-2022-MORNING,1,178,18,ARD-2022-Q178,Horticulture and Plantation Crops,Aromatic and medicinal plants,ard-aromatic-and-medicinal-plants-0b96b116,,Q.178) Aromatic plant botanical name - export and produce in India for perfume and fragrance
Agriculture & Rural Development,dd3d3bf2-9da6-4525-a19f-48bf047adb35,NABARD-P1-ARD-2022-MORNING,1,179,19,ARD-2022-Q179,"Soil Science, Water and Agro-meteorology",Soil physical properties and soil moisture,ard-soil-physical-properties-and-soil-moisture-6599130c,,Q.179) The water that held tightly on the surface of soil colloidal particle is known as …………….. It is essentially non-l
Agriculture & Rural Development,dd3d3bf2-9da6-4525-a19f-48bf047adb35,NABARD-P1-ARD-2022-MORNING,1,180,20,ARD-2022-Q180,Horticulture and Plantation Crops,Aromatic and medicinal plants,ard-aromatic-and-medicinal-plants-0b96b116,,"Q.180) A wax like substance containing the natural flower perfume together with some plant waxes, albumin and colouring "
Agriculture & Rural Development,dd3d3bf2-9da6-4525-a19f-48bf047adb35,NABARD-P1-ARD-2022-MORNING,1,181,21,ARD-2022-Q181,Plant Protection and Crop Health,Crop diseases and their causal agents,ard-crop-diseases-and-their-causal-agents-b59ad874,,Q.181) Damping Off of Papaya symptoms
Agriculture & Rural Development,dd3d3bf2-9da6-4525-a19f-48bf047adb35,NABARD-P1-ARD-2022-MORNING,1,182,22,ARD-2022-Q182,Horticulture and Plantation Crops,Plant propagation methods,ard-plant-propagation-methods-51e57982,,Q.182) Coconut is propagated through?
Agriculture & Rural Development,dd3d3bf2-9da6-4525-a19f-48bf047adb35,NABARD-P1-ARD-2022-MORNING,1,183,23,ARD-2022-Q183,Agronomy and Crop Production,Climate-smart and sustainable agriculture,ard-climate-smart-and-sustainable-agriculture-3132752a,,Q.183) Climate smart agriculture does not include ______.
Agriculture & Rural Development,dd3d3bf2-9da6-4525-a19f-48bf047adb35,NABARD-P1-ARD-2022-MORNING,1,184,24,ARD-2022-Q184,Agronomy and Crop Production,Climate-smart and sustainable agriculture,ard-climate-smart-and-sustainable-agriculture-3132752a,,"Q.184) Farming so as to meet society's present food and textile needs, without compromising the ability for current or f"
Agriculture & Rural Development,dd3d3bf2-9da6-4525-a19f-48bf047adb35,NABARD-P1-ARD-2022-MORNING,1,185,25,ARD-2022-Q185,"Soil Science, Water and Agro-meteorology","Plant nutrients, their functions and deficiency symptoms",ard-plant-nutrients-their-functions-and-deficiency-symptoms-55b74392,,Q.185) The deficiency in plants can be visually identified at the early vegetative stage as an abnormally dark green or 
Agriculture & Rural Development,dd3d3bf2-9da6-4525-a19f-48bf047adb35,NABARD-P1-ARD-2022-MORNING,1,186,26,ARD-2022-Q186,Forestry and Agroforestry,Forest tree species and taxonomy,ard-forest-tree-species-and-taxonomy-4809d8c6,,Q.186) Botanical Name of Teak is called?
Agriculture & Rural Development,dd3d3bf2-9da6-4525-a19f-48bf047adb35,NABARD-P1-ARD-2022-MORNING,1,187,27,ARD-2022-Q187,Plant Protection and Crop Health,Crop diseases and their causal agents,ard-crop-diseases-and-their-causal-agents-b59ad874,,"Q.187) Whitish-gray powdery coating on the leaves or fruit. On leaves, initial symptoms appear as chlorotic spots on the"
Agriculture & Rural Development,dd3d3bf2-9da6-4525-a19f-48bf047adb35,NABARD-P1-ARD-2022-MORNING,1,188,28,ARD-2022-Q188,Horticulture and Plantation Crops,Floriculture and flower export,ard-floriculture-and-flower-export-0064cb7d,,Q.188) Highest cut rose sold in which day of the year
Agriculture & Rural Development,dd3d3bf2-9da6-4525-a19f-48bf047adb35,NABARD-P1-ARD-2022-MORNING,1,189,29,ARD-2022-Q189,Agronomy and Crop Production,Crop physiology and productivity,ard-crop-physiology-and-productivity-ec35b2e2,,Q.189) Which organelle responsible for growth and development
Agriculture & Rural Development,dd3d3bf2-9da6-4525-a19f-48bf047adb35,NABARD-P1-ARD-2022-MORNING,1,190,30,ARD-2022-Q190,"Animal Husbandry, Dairy and Poultry",Livestock terminology and management practices,ard-livestock-terminology-and-management-practices-8ac22bac,,Q.190) Ram lamb is castrated at what age
Agriculture & Rural Development,dd3d3bf2-9da6-4525-a19f-48bf047adb35,NABARD-P1-ARD-2022-MORNING,1,191,31,ARD-2022-Q191,Fisheries and Aquaculture,Aquaculture systems and water quality,ard-aquaculture-systems-and-water-quality-8d07f0a7,,Q.191) What should be the pH for the Fish-pond for fish culture?
Agriculture & Rural Development,dd3d3bf2-9da6-4525-a19f-48bf047adb35,NABARD-P1-ARD-2022-MORNING,1,192,32,ARD-2022-Q192,Forestry and Agroforestry,Agroforestry systems,ard-agroforestry-systems-ef1aa2d0,,"Q.192) Agroforestry system in which long fodder crops are grown to protect the soil, mulching and to prevent erosion."
Agriculture & Rural Development,dd3d3bf2-9da6-4525-a19f-48bf047adb35,NABARD-P1-ARD-2022-MORNING,1,193,33,ARD-2022-Q193,Plant Protection and Crop Health,Crop pests and their management,ard-crop-pests-and-their-management-206db1af,,Q.193) Grape’s leaf feeding in initial stage and complete defoliation is caused by
Agriculture & Rural Development,dd3d3bf2-9da6-4525-a19f-48bf047adb35,NABARD-P1-ARD-2022-MORNING,1,194,34,ARD-2022-Q194,Forestry and Agroforestry,Forest management and community forestry,ard-forest-management-and-community-forestry-39e845dd,,"Q.194) __________ involves the participation and collaboration of various stakeholders including community, government a"
Agriculture & Rural Development,dd3d3bf2-9da6-4525-a19f-48bf047adb35,NABARD-P1-ARD-2022-MORNING,1,195,35,ARD-2022-Q195,"Agricultural Economics, Credit and Marketing",Agriculture's contribution to gross value added,ard-agriculture-s-contribution-to-gross-value-added-22099611,,Q.195) What is the GVA share of agriculture sector according to the First Income estimates
Agriculture & Rural Development,dd3d3bf2-9da6-4525-a19f-48bf047adb35,NABARD-P1-ARD-2022-MORNING,1,196,36,ARD-2022-Q196,"Soil Science, Water and Agro-meteorology",Watershed management,ard-watershed-management-f736bee0,,Q.196) Any surface area from which runoff resulting from rainfall is collected and drained through a common point.
Agriculture & Rural Development,dd3d3bf2-9da6-4525-a19f-48bf047adb35,NABARD-P1-ARD-2022-MORNING,1,197,37,ARD-2022-Q197,"Soil Science, Water and Agro-meteorology",Soil health management and testing,ard-soil-health-management-and-testing-a8f440e2,,"Q.197) Scheme which is used to assess the current status of soil health and, when used over time, to determine changes i"
Agriculture & Rural Development,dd3d3bf2-9da6-4525-a19f-48bf047adb35,NABARD-P1-ARD-2022-MORNING,1,198,38,ARD-2022-Q198,"Agricultural Engineering, Mechanisation and Extension",Agricultural research and extension system,ard-agricultural-research-and-extension-system-ef3db2e9,,"Q.198) An integral part of the National Agricultural Research System (NARS), aims at assessment of location specific tec"
Agriculture & Rural Development,dd3d3bf2-9da6-4525-a19f-48bf047adb35,NABARD-P1-ARD-2022-MORNING,1,199,39,ARD-2022-Q199,"Rural Development, Schemes and Institutions",Farmer welfare schemes and grievance portals,ard-farmer-welfare-schemes-and-grievance-portals-987321f6,,Q.199) Scheme for the solution of all the problems of farmers
Agriculture & Rural Development,dd3d3bf2-9da6-4525-a19f-48bf047adb35,NABARD-P1-ARD-2022-MORNING,1,200,40,ARD-2022-Q200,Fisheries and Aquaculture,"Fish species, breeds and migration",ard-fish-species-breeds-and-migration-d80fedd9,,Q.200) Which one of the following is Indian Major Carps
Agriculture & Rural Development,dd3d3bf2-9da6-4525-a19f-48bf047adb35,NABARD-P1-ARD-2023,1,1,1,ARD-2023-Q001,Horticulture and Plantation Crops,Scientific names of horticultural crops,ard-scientific-names-of-horticultural-crops-9e83e592,,Q.1) What is the scientific name of Carnation?
Agriculture & Rural Development,dd3d3bf2-9da6-4525-a19f-48bf047adb35,NABARD-P1-ARD-2023,1,2,2,ARD-2023-Q002,"Soil Science, Water and Agro-meteorology",Soil conservation and erosion control,ard-soil-conservation-and-erosion-control-b50e6128,,"Q.2) What is the term for the stage of erosion when it becomes exhaustive, leading to the formation of finger-like proje"
Agriculture & Rural Development,dd3d3bf2-9da6-4525-a19f-48bf047adb35,NABARD-P1-ARD-2023,1,3,3,ARD-2023-Q003,"Soil Science, Water and Agro-meteorology","Agro-meteorology, rainfall and instruments",ard-agro-meteorology-rainfall-and-instruments-1970b919,,Q.3) What is the period of southwest monsoon?
Agriculture & Rural Development,dd3d3bf2-9da6-4525-a19f-48bf047adb35,NABARD-P1-ARD-2023,1,4,4,ARD-2023-Q004,"Agricultural Economics, Credit and Marketing",Minimum Support Price and procurement,ard-minimum-support-price-and-procurement-08bf1b90,,Q.4) MSP is recommended by which of the following institutes?
Agriculture & Rural Development,dd3d3bf2-9da6-4525-a19f-48bf047adb35,NABARD-P1-ARD-2023,1,5,5,ARD-2023-Q005,"Agricultural Engineering, Mechanisation and Extension","Post-harvest storage, grading and losses",ard-post-harvest-storage-grading-and-losses-cb1ee86d,,Q.5) What is the optimum storage moisture percentage for food grains?
Agriculture & Rural Development,dd3d3bf2-9da6-4525-a19f-48bf047adb35,NABARD-P1-ARD-2023,1,6,6,ARD-2023-Q006,"Soil Science, Water and Agro-meteorology",Soil physical properties and soil moisture,ard-soil-physical-properties-and-soil-moisture-6599130c,,Q.6) Which of the following soil types have the least particle density?
Agriculture & Rural Development,dd3d3bf2-9da6-4525-a19f-48bf047adb35,NABARD-P1-ARD-2023,1,7,7,ARD-2023-Q007,"Soil Science, Water and Agro-meteorology","Manures, fertilizers and biofertilizers",ard-manures-fertilizers-and-biofertilizers-baa7d9d5,,Q.7) Which of the following biofertilizers is not used in nonlegume crops?
Agriculture & Rural Development,dd3d3bf2-9da6-4525-a19f-48bf047adb35,NABARD-P1-ARD-2023,1,8,8,ARD-2023-Q008,Fisheries and Aquaculture,Aquaculture systems and water quality,ard-aquaculture-systems-and-water-quality-8d07f0a7,,Q.8) What should be the optimum range of Dissolved Oxygen for fish to grow?
Agriculture & Rural Development,dd3d3bf2-9da6-4525-a19f-48bf047adb35,NABARD-P1-ARD-2023,1,9,9,ARD-2023-Q009,"Soil Science, Water and Agro-meteorology",Irrigation projects and command area classification,ard-irrigation-projects-and-command-area-classification-657dc57b,,"Q.9) Which of the following Irrigation projects have a Culturable Command Area of 2000 to 10,000 ha area?"
Agriculture & Rural Development,dd3d3bf2-9da6-4525-a19f-48bf047adb35,NABARD-P1-ARD-2023,1,10,10,ARD-2023-Q010,"Animal Husbandry, Dairy and Poultry",Livestock terminology and management practices,ard-livestock-terminology-and-management-practices-8ac22bac,,Q.10) What is the term used for doing the castrated female pig?
Agriculture & Rural Development,dd3d3bf2-9da6-4525-a19f-48bf047adb35,NABARD-P1-ARD-2023,1,11,11,ARD-2023-Q011,"Agricultural Economics, Credit and Marketing",Farm management and cost accounting,ard-farm-management-and-cost-accounting-315421ce,,Q.11) Which of the following is the operational cost of a Tractor?
Agriculture & Rural Development,dd3d3bf2-9da6-4525-a19f-48bf047adb35,NABARD-P1-ARD-2023,1,12,12,ARD-2023-Q012,"Agricultural Engineering, Mechanisation and Extension",Extension teaching methods,ard-extension-teaching-methods-d65b9d96,,Q.12) Which of the following extension teaching methods shows a group of farmers how something is done step by step for 
Agriculture & Rural Development,dd3d3bf2-9da6-4525-a19f-48bf047adb35,NABARD-P1-ARD-2023,1,13,13,ARD-2023-Q013,"Animal Husbandry, Dairy and Poultry",Cattle breeds,ard-cattle-breeds-c6fbb93e,,Q.13) Which of the following is a milch and drought-purpose cattle breed that originated from Nashik and Ahmednagar of M
Agriculture & Rural Development,dd3d3bf2-9da6-4525-a19f-48bf047adb35,NABARD-P1-ARD-2023,1,14,14,ARD-2023-Q014,"Animal Husbandry, Dairy and Poultry",Poultry production and management,ard-poultry-production-and-management-23203b34,,Q.14) What is the term for a chicken with tender meat that weighs between 1.5 to 2 kilograms?
Agriculture & Rural Development,dd3d3bf2-9da6-4525-a19f-48bf047adb35,NABARD-P1-ARD-2023,1,15,15,ARD-2023-Q015,"Animal Husbandry, Dairy and Poultry",Poultry production and management,ard-poultry-production-and-management-23203b34,,Q.15) What is the period during which layers in poultry are economical?
Agriculture & Rural Development,dd3d3bf2-9da6-4525-a19f-48bf047adb35,NABARD-P1-ARD-2023,1,16,16,ARD-2023-Q016,Agronomy and Crop Production,"Seed production, classes and certification",ard-seed-production-classes-and-certification-3edec708,,Q.16) What is the tag colour for certified seed?
Agriculture & Rural Development,dd3d3bf2-9da6-4525-a19f-48bf047adb35,NABARD-P1-ARD-2023,1,17,17,ARD-2023-Q017,"Soil Science, Water and Agro-meteorology",Soil chemical properties and salinity,ard-soil-chemical-properties-and-salinity-003f2da2,,Q.17) Salt concentration in soil is measured by electrical conductivity. What is the S.I. unit of EC?
Agriculture & Rural Development,dd3d3bf2-9da6-4525-a19f-48bf047adb35,NABARD-P1-ARD-2023,1,18,18,ARD-2023-Q018,Forestry and Agroforestry,Forest tree species and taxonomy,ard-forest-tree-species-and-taxonomy-4809d8c6,,Q.18) Acacia catechu belong to which of the following family?
Agriculture & Rural Development,dd3d3bf2-9da6-4525-a19f-48bf047adb35,NABARD-P1-ARD-2023,1,19,19,ARD-2023-Q019,Agronomy and Crop Production,Rainfed and dryland farming,ard-rainfed-and-dryland-farming-774ca52a,,Q.19) Which type of agriculture receives the rainfall between 750- 1150mm?
Agriculture & Rural Development,dd3d3bf2-9da6-4525-a19f-48bf047adb35,NABARD-P1-ARD-2023,1,20,20,ARD-2023-Q020,Agronomy and Crop Production,Field crops: characteristics and composition,ard-field-crops-characteristics-and-composition-0ee2fe15,,Q.20) Groundnuts have ___ protein and ____ oil content.
Agriculture & Rural Development,dd3d3bf2-9da6-4525-a19f-48bf047adb35,NABARD-P1-ARD-2023,1,21,21,ARD-2023-Q021,"Animal Husbandry, Dairy and Poultry",Livestock terminology and management practices,ard-livestock-terminology-and-management-practices-8ac22bac,,Q.21) What is the term used when young ones are separated before giving a chance for mothers to nurture them?
Agriculture & Rural Development,dd3d3bf2-9da6-4525-a19f-48bf047adb35,NABARD-P1-ARD-2023,1,22,22,ARD-2023-Q022,Agronomy and Crop Production,Cropping systems and cropping patterns,ard-cropping-systems-and-cropping-patterns-97da95cc,,Q.22) Which of the following involves raising morphologically and physiologically different crops that complement each o
Agriculture & Rural Development,dd3d3bf2-9da6-4525-a19f-48bf047adb35,NABARD-P1-ARD-2023,1,23,23,ARD-2023-Q023,"Soil Science, Water and Agro-meteorology","Rocks, minerals and soil formation",ard-rocks-minerals-and-soil-formation-efcf3281,,Q.23) Which rock is formed from the weathering of other rocks?
Agriculture & Rural Development,dd3d3bf2-9da6-4525-a19f-48bf047adb35,NABARD-P1-ARD-2023,1,24,24,ARD-2023-Q024,Horticulture and Plantation Crops,Training and pruning,ard-training-and-pruning-003a99a3,,Q.24) Which among the following is the objective of pruning?
Agriculture & Rural Development,dd3d3bf2-9da6-4525-a19f-48bf047adb35,NABARD-P1-ARD-2023,1,25,25,ARD-2023-Q025,"Agricultural Engineering, Mechanisation and Extension",Farm power and rural electrification,ard-farm-power-and-rural-electrification-27dbf73c,,Q.25) Which instrument is used to change voltage without changing frequency?
Agriculture & Rural Development,dd3d3bf2-9da6-4525-a19f-48bf047adb35,NABARD-P1-ARD-2023,1,26,26,ARD-2023-Q026,Forestry and Agroforestry,Forest regeneration and nursery practice,ard-forest-regeneration-and-nursery-practice-9a601f5b,,Q.26) Which of the following is correct regarding seed propagation in Forest Management?
Agriculture & Rural Development,dd3d3bf2-9da6-4525-a19f-48bf047adb35,NABARD-P1-ARD-2023,1,27,27,ARD-2023-Q027,"Agricultural Economics, Credit and Marketing",Priority sector lending and RIDF,ard-priority-sector-lending-and-ridf-f05ce94f,,Q.27) What is the RBI lending target for small marginal farmers?
Agriculture & Rural Development,dd3d3bf2-9da6-4525-a19f-48bf047adb35,NABARD-P1-ARD-2023,1,28,28,ARD-2023-Q028,"Agricultural Economics, Credit and Marketing",Crop insurance and yield thresholds,ard-crop-insurance-and-yield-thresholds-f90cc0f1,,Q.28) The threshold yield for a crop in a notified insurance unit is the average yield of the past seven years (excludin
Agriculture & Rural Development,dd3d3bf2-9da6-4525-a19f-48bf047adb35,NABARD-P1-ARD-2023,1,29,29,ARD-2023-Q029,"Soil Science, Water and Agro-meteorology","Rocks, minerals and soil formation",ard-rocks-minerals-and-soil-formation-efcf3281,,Q.29) In which of the following chemical weathering processes water molecule is being added to the chemical structure of
Agriculture & Rural Development,dd3d3bf2-9da6-4525-a19f-48bf047adb35,NABARD-P1-ARD-2023,1,30,30,ARD-2023-Q030,"Agricultural Engineering, Mechanisation and Extension","Post-harvest storage, grading and losses",ard-post-harvest-storage-grading-and-losses-cb1ee86d,,Q.30) Which of the following is the process of assessing and sorting different classes or standards of fruit based on si
Agriculture & Rural Development,dd3d3bf2-9da6-4525-a19f-48bf047adb35,NABARD-P1-ARD-2023,1,31,31,ARD-2023-Q031,"Rural Development, Schemes and Institutions",Food security and the public distribution system,ard-food-security-and-the-public-distribution-system-da810701,,Q.31) Under which of the following schemes the government has announced the distribution of free grain?
Agriculture & Rural Development,dd3d3bf2-9da6-4525-a19f-48bf047adb35,NABARD-P1-ARD-2023,1,32,32,ARD-2023-Q032,"Rural Development, Schemes and Institutions",MGNREGA,ard-mgnrega-e34273e0,,Q.32) The Central government provides additional ______ of work in drought-hit areas under the MGNREGA scheme to provide
Agriculture & Rural Development,dd3d3bf2-9da6-4525-a19f-48bf047adb35,NABARD-P1-ARD-2023,1,33,33,ARD-2023-Q033,"Rural Development, Schemes and Institutions",Self-help groups and DAY-NRLM,ard-self-help-groups-and-day-nrlm-e87b9d68,,"Q.33) DAY-NRLM has a provision for interest subvention, to cover the difference between the Lending Rate of the banks an"
Agriculture & Rural Development,dd3d3bf2-9da6-4525-a19f-48bf047adb35,NABARD-P1-ARD-2023,1,34,34,ARD-2023-Q034,"Rural Development, Schemes and Institutions",Sanitation and drinking water missions,ard-sanitation-and-drinking-water-missions-1e7dd5d7,,Q.34) Under Jal Jeevan Mission (Rural) the mission is to provide ________ of water per person per day to every rural hou
Agriculture & Rural Development,dd3d3bf2-9da6-4525-a19f-48bf047adb35,NABARD-P1-ARD-2023,1,35,35,ARD-2023-Q035,"Rural Development, Schemes and Institutions",Sanitation and drinking water missions,ard-sanitation-and-drinking-water-missions-1e7dd5d7,,Q.35) SBM(G) Phase-II will be implemented from 2020-21 to _______ in a mission mode.
Agriculture & Rural Development,dd3d3bf2-9da6-4525-a19f-48bf047adb35,NABARD-P1-ARD-2023,1,36,36,ARD-2023-Q036,"Soil Science, Water and Agro-meteorology",Climate change and emission reports,ard-climate-change-and-emission-reports-e3123cf2,,"Q.36) Which of the following greenhouse is released in Volcanic eruption, Animal respiration, and anthropologic activiti"
Agriculture & Rural Development,dd3d3bf2-9da6-4525-a19f-48bf047adb35,NABARD-P1-ARD-2023,1,37,37,ARD-2023-Q037,"Agricultural Economics, Credit and Marketing",e-NAM and agricultural marketing platforms,ard-e-nam-and-agricultural-marketing-platforms-3c1c5ff6,,Q.37) Which of the following is a pan-India electronic trading portal that networks the existing APMC mandis to create a
Agriculture & Rural Development,dd3d3bf2-9da6-4525-a19f-48bf047adb35,NABARD-P1-ARD-2023,1,38,38,ARD-2023-Q038,"Agricultural Economics, Credit and Marketing",Kisan Credit Card and agricultural credit targets,ard-kisan-credit-card-and-agricultural-credit-targets-1b663009,,Q.38) Credit target for agriculture and allied sector has been announced to be increased to ______ crore with a focus on
Agriculture & Rural Development,dd3d3bf2-9da6-4525-a19f-48bf047adb35,NABARD-P1-ARD-2023,1,39,39,ARD-2023-Q039,"Soil Science, Water and Agro-meteorology",Soil moisture conservation practices,ard-soil-moisture-conservation-practices-bbf02983,,Q.39) In which of the following ridges are crossed by earth bands within the furrow or ties constructed to enhance soil 
Agriculture & Rural Development,dd3d3bf2-9da6-4525-a19f-48bf047adb35,NABARD-P1-ARD-2023,1,40,40,ARD-2023-Q040,"Soil Science, Water and Agro-meteorology",Irrigation methods,ard-irrigation-methods-d3bd948d,,Q.40) Which of the following is the correct statement regarding drip irrigation?
Agriculture & Rural Development,dd3d3bf2-9da6-4525-a19f-48bf047adb35,NABARD-P2-ARD-2020,2,1,1,ARD-2020-Q001,Agronomy and Crop Production,Organic and natural farming,ard-organic-and-natural-farming-dd64ed70,,Q.1) Based on the statements mentioned below find the type of farming system? Statement I – Use of less herbicides State
Agriculture & Rural Development,dd3d3bf2-9da6-4525-a19f-48bf047adb35,NABARD-P2-ARD-2020,2,2,2,ARD-2020-Q002,Horticulture and Plantation Crops,Mushroom cultivation,ard-mushroom-cultivation-cc6618ae,,Q.2) What is the kind of mushroom that ages well and forms gills and wrinkled umbrella?
Agriculture & Rural Development,dd3d3bf2-9da6-4525-a19f-48bf047adb35,NABARD-P2-ARD-2020,2,3,3,ARD-2020-Q003,"Agricultural Economics, Credit and Marketing",Agricultural revolutions,ard-agricultural-revolutions-f75a3ef4,,Q.3) Blue revolution is related to?
Agriculture & Rural Development,dd3d3bf2-9da6-4525-a19f-48bf047adb35,NABARD-P2-ARD-2020,2,4,4,ARD-2020-Q004,"Animal Husbandry, Dairy and Poultry",Dairy physiology and milk production,ard-dairy-physiology-and-milk-production-67b5201e,,Q.4) What is the first milk produced by animals which is highly nutritious?
Agriculture & Rural Development,dd3d3bf2-9da6-4525-a19f-48bf047adb35,NABARD-P2-ARD-2020,2,5,5,ARD-2020-Q005,"Agricultural Engineering, Mechanisation and Extension",Farm implements and mechanisation,ard-farm-implements-and-mechanisation-635cd7ec,,Q.5) Which of the following tillage implements perform harrowing action with rotating with stell discs
Agriculture & Rural Development,dd3d3bf2-9da6-4525-a19f-48bf047adb35,NABARD-P2-ARD-2020,2,6,6,ARD-2020-Q006,Forestry and Agroforestry,Agroforestry systems,ard-agroforestry-systems-ef1aa2d0,,"Q.6) What is the kind of forestry system which contains Trees, Crops, Pasteur for livestock?"
Agriculture & Rural Development,dd3d3bf2-9da6-4525-a19f-48bf047adb35,NABARD-P2-ARD-2020,2,7,7,ARD-2020-Q007,Forestry and Agroforestry,Forest management and community forestry,ard-forest-management-and-community-forestry-39e845dd,,"Q.7) What is the kind of forestry system- for the community, to the community and by the community?"
Agriculture & Rural Development,dd3d3bf2-9da6-4525-a19f-48bf047adb35,NABARD-P2-ARD-2020,2,8,8,ARD-2020-Q008,"Agricultural Economics, Credit and Marketing",Operational land holdings and farm size classification,ard-operational-land-holdings-and-farm-size-classification-b394fb0e,,"Q.8) As per the classification of type of farmers in India based land holding, what would be the land holding of margina"
Agriculture & Rural Development,dd3d3bf2-9da6-4525-a19f-48bf047adb35,NABARD-P2-ARD-2020,2,9,9,ARD-2020-Q009,"Animal Husbandry, Dairy and Poultry",Cattle breeds,ard-cattle-breeds-c6fbb93e,,Q.9) Which is the best milk yielding indigenous breed of cattle?
Agriculture & Rural Development,dd3d3bf2-9da6-4525-a19f-48bf047adb35,NABARD-P2-ARD-2020,2,10,10,ARD-2020-Q010,"Animal Husbandry, Dairy and Poultry",Sheep and goat breeds,ard-sheep-and-goat-breeds-8d8a2774,,Q.10) Which of the following breeds of sheep is famous for its finest carpet wool?
Agriculture & Rural Development,dd3d3bf2-9da6-4525-a19f-48bf047adb35,NABARD-P2-ARD-2020,2,11,11,ARD-2020-Q011,"Soil Science, Water and Agro-meteorology",Soil classification systems and soil orders,ard-soil-classification-systems-and-soil-orders-6d6328e0,,Q.11) Which type of soil classification is acceptable for soils in India?
Agriculture & Rural Development,dd3d3bf2-9da6-4525-a19f-48bf047adb35,NABARD-P2-ARD-2020,2,12,12,ARD-2020-Q012,"Soil Science, Water and Agro-meteorology",Soil types and their distribution in India,ard-soil-types-and-their-distribution-in-india-f1275c3b,,Q.12) Which type of soils occupy the maximum area in India?
Agriculture & Rural Development,dd3d3bf2-9da6-4525-a19f-48bf047adb35,NABARD-P2-ARD-2020,2,13,13,ARD-2020-Q013,"Soil Science, Water and Agro-meteorology",Soil classification systems and soil orders,ard-soil-classification-systems-and-soil-orders-6d6328e0,,Q.13) What is the soil order that is low in plant nutrients but high in Boron?
Agriculture & Rural Development,dd3d3bf2-9da6-4525-a19f-48bf047adb35,NABARD-P2-ARD-2020,2,14,14,ARD-2020-Q014,"Soil Science, Water and Agro-meteorology",Soil physical properties and soil moisture,ard-soil-physical-properties-and-soil-moisture-6599130c,,Q.14) What is the amount of soil moisture present in each volume of soil at a given time?
Agriculture & Rural Development,dd3d3bf2-9da6-4525-a19f-48bf047adb35,NABARD-P2-ARD-2020,2,15,15,ARD-2020-Q015,"Soil Science, Water and Agro-meteorology",Irrigation coverage and statistics,ard-irrigation-coverage-and-statistics-e7ab50cf,,"Q.15) In India, net irrigated area has increased over time. Gross irrigation area is more than net irrigation area. Para"
Agriculture & Rural Development,dd3d3bf2-9da6-4525-a19f-48bf047adb35,NABARD-P2-ARD-2020,2,16,16,ARD-2020-Q016,"Soil Science, Water and Agro-meteorology",Irrigation coverage and statistics,ard-irrigation-coverage-and-statistics-e7ab50cf,,Q.16) The proportion area irrigated is high in which state?
Agriculture & Rural Development,dd3d3bf2-9da6-4525-a19f-48bf047adb35,NABARD-P2-ARD-2020,2,17,17,ARD-2020-Q017,"Agricultural Engineering, Mechanisation and Extension","Post-harvest storage, grading and losses",ard-post-harvest-storage-grading-and-losses-cb1ee86d,,Q.17) What is post-harvest loss of vegetables and fruits in India?
Agriculture & Rural Development,dd3d3bf2-9da6-4525-a19f-48bf047adb35,NABARD-P2-ARD-2020,2,18,18,ARD-2020-Q018,Horticulture and Plantation Crops,"Post-harvest physiology, maturity and ripening",ard-post-harvest-physiology-maturity-and-ripening-b99c260f,,Q.18) Which of the following pairs of fruits are semi-perishable?
Agriculture & Rural Development,dd3d3bf2-9da6-4525-a19f-48bf047adb35,NABARD-P2-ARD-2020,2,19,19,ARD-2020-Q019,Horticulture and Plantation Crops,"Post-harvest physiology, maturity and ripening",ard-post-harvest-physiology-maturity-and-ripening-b99c260f,,Q.19) Which type or section of Maturity index of Jackfruit which differentiates from mango?
Agriculture & Rural Development,dd3d3bf2-9da6-4525-a19f-48bf047adb35,NABARD-P2-ARD-2020,2,20,20,ARD-2020-Q020,Agronomy and Crop Production,Cropping systems and cropping patterns,ard-cropping-systems-and-cropping-patterns-97da95cc,,Q.20) What is the cropping pattern of Sugarcane with a short span crop orop that can be harvested even before Sugarcane 
Agriculture & Rural Development,dd3d3bf2-9da6-4525-a19f-48bf047adb35,NABARD-P2-ARD-2020,2,21,21,ARD-2020-Q021,Agronomy and Crop Production,Cropping systems and cropping patterns,ard-cropping-systems-and-cropping-patterns-97da95cc,,Q.21) Which of the following cropping system is highest in India?
Agriculture & Rural Development,dd3d3bf2-9da6-4525-a19f-48bf047adb35,NABARD-P2-ARD-2020,2,22,22,ARD-2020-Q022,Agronomy and Crop Production,Cropping systems and cropping patterns,ard-cropping-systems-and-cropping-patterns-97da95cc,,Q.22)Which cereal cropping system after rice and wheat combinations has highest area under cultivation?
Agriculture & Rural Development,dd3d3bf2-9da6-4525-a19f-48bf047adb35,NABARD-P2-ARD-2020,2,23,23,ARD-2020-Q023,"Animal Husbandry, Dairy and Poultry",Poultry production and management,ard-poultry-production-and-management-23203b34,,Q.23)Broilers are marketed between ___________weeks of age?
Agriculture & Rural Development,dd3d3bf2-9da6-4525-a19f-48bf047adb35,NABARD-P2-ARD-2020,2,28,28,ARD-2020-Q028,"Agricultural Economics, Credit and Marketing",Kisan Credit Card and agricultural credit targets,ard-kisan-credit-card-and-agricultural-credit-targets-1b663009,,Q.28) Which of the following is NOT the feature of KCC? 1) A loan of 3 lakh can be sanctioned 2) No collateral will be r
Agriculture & Rural Development,dd3d3bf2-9da6-4525-a19f-48bf047adb35,NABARD-P2-ARD-2020,2,30,30,ARD-2020-Q030,"Agricultural Economics, Credit and Marketing",Production economics and factors of production,ard-production-economics-and-factors-of-production-fffc9645,,Q.30)Which of the following statements are INCORRECT about Production Function Curve? 1) The graph shows short raw funct
Agriculture & Rural Development,dd3d3bf2-9da6-4525-a19f-48bf047adb35,NABARD-P2-ARD-2021,2,1,1,ARD-2021-Q001,Horticulture and Plantation Crops,Horticulture production statistics,ard-horticulture-production-statistics-4130b769,,"Q.1) As per recently released “2nd advance estimate of area and production of Horticultural crops for the year 2020-21”,"
Agriculture & Rural Development,dd3d3bf2-9da6-4525-a19f-48bf047adb35,NABARD-P2-ARD-2021,2,2,2,ARD-2021-Q002,Horticulture and Plantation Crops,Horticulture information systems,ard-horticulture-information-systems-2cd5dc9f,,Q.2) Which one of the following portals has been launched to provide information on horticulture assessment management u
Agriculture & Rural Development,dd3d3bf2-9da6-4525-a19f-48bf047adb35,NABARD-P2-ARD-2021,2,3,3,ARD-2021-Q003,Horticulture and Plantation Crops,Horticulture production statistics,ard-horticulture-production-statistics-4130b769,,"Q.3) As per recently released 2nd advance estimate of area and production of horticultural crops for the year 2020-21, w"
Agriculture & Rural Development,dd3d3bf2-9da6-4525-a19f-48bf047adb35,NABARD-P2-ARD-2021,2,4,4,ARD-2021-Q004,Agronomy and Crop Production,Organic and natural farming,ard-organic-and-natural-farming-dd64ed70,,Q.4) Which of the following Indian state is the first to become completely organic?
Agriculture & Rural Development,dd3d3bf2-9da6-4525-a19f-48bf047adb35,NABARD-P2-ARD-2021,2,5,5,ARD-2021-Q005,Agronomy and Crop Production,Organic and natural farming,ard-organic-and-natural-farming-dd64ed70,,Q.5) Which of the following scheme is associated with organic farming in India?
Agriculture & Rural Development,dd3d3bf2-9da6-4525-a19f-48bf047adb35,NABARD-P2-ARD-2021,2,6,6,ARD-2021-Q006,Agronomy and Crop Production,Organic and natural farming,ard-organic-and-natural-farming-dd64ed70,,Q.6) Which amongst the following states has largest area under organic farming?
Agriculture & Rural Development,dd3d3bf2-9da6-4525-a19f-48bf047adb35,NABARD-P2-ARD-2021,2,7,7,ARD-2021-Q007,Agronomy and Crop Production,Organic and natural farming,ard-organic-and-natural-farming-dd64ed70,,Q.7) Which of the following is the single largest category of crops under organic farming in terms of commodities?
Agriculture & Rural Development,dd3d3bf2-9da6-4525-a19f-48bf047adb35,NABARD-P2-ARD-2021,2,8,8,ARD-2021-Q008,Horticulture and Plantation Crops,Tissue culture and nursery techniques,ard-tissue-culture-and-nursery-techniques-e76e2be1,,Q.8) What is the name of process where the plants are isolated and acclimatized to the climate where they are grown?
Agriculture & Rural Development,dd3d3bf2-9da6-4525-a19f-48bf047adb35,NABARD-P2-ARD-2021,2,9,9,ARD-2021-Q009,"Soil Science, Water and Agro-meteorology",Soil conservation and erosion control,ard-soil-conservation-and-erosion-control-b50e6128,,Q.9) The Branch of Agriculture that deals with management of soil and water is called as?
Agriculture & Rural Development,dd3d3bf2-9da6-4525-a19f-48bf047adb35,NABARD-P2-ARD-2021,2,10,10,ARD-2021-Q010,Forestry and Agroforestry,Types of forestry and social forestry,ard-types-of-forestry-and-social-forestry-d739d142,,Q.10) The practice of forestry in areas devoid of tree growth and other vegetation situated in places away from the conv
Agriculture & Rural Development,dd3d3bf2-9da6-4525-a19f-48bf047adb35,NABARD-P2-ARD-2021,2,11,11,ARD-2021-Q011,"Soil Science, Water and Agro-meteorology",Irrigation and groundwater schemes,ard-irrigation-and-groundwater-schemes-8c00e4e2,,Q.11) Which of the following schemes has been formulated with the vision of extending the coverage of irrigation and imp
Agriculture & Rural Development,dd3d3bf2-9da6-4525-a19f-48bf047adb35,NABARD-P2-ARD-2021,2,12,12,ARD-2021-Q012,"Rural Development, Schemes and Institutions",Food security and the public distribution system,ard-food-security-and-the-public-distribution-system-da810701,,Q.12) Name the mobile app recently launched by government in order to facilitate the ‘One Nation-One Ration Card’ system
Agriculture & Rural Development,dd3d3bf2-9da6-4525-a19f-48bf047adb35,NABARD-P2-ARD-2021,2,13,13,ARD-2021-Q013,"Soil Science, Water and Agro-meteorology",Soil classification systems and soil orders,ard-soil-classification-systems-and-soil-orders-6d6328e0,,"Q.13) Soil that comprises of both sand, silt and organic matter is termed as................"
Agriculture & Rural Development,dd3d3bf2-9da6-4525-a19f-48bf047adb35,NABARD-P2-ARD-2021,2,14,14,ARD-2021-Q014,Agronomy and Crop Production,Cropping systems and cropping patterns,ard-cropping-systems-and-cropping-patterns-97da95cc,,Q.14) What is the cropping pattern of Sugarcane with a short span crop orop that can be harvested even before Sugarcane 
Agriculture & Rural Development,dd3d3bf2-9da6-4525-a19f-48bf047adb35,NABARD-P2-ARD-2021,2,15,15,ARD-2021-Q015,"Agricultural Engineering, Mechanisation and Extension",Tillage systems and practices,ard-tillage-systems-and-practices-14643597,,Q.15) In which form of tillage is the soil left undisturbed from harvest to planting except for nutrient injection?
Agriculture & Rural Development,dd3d3bf2-9da6-4525-a19f-48bf047adb35,NABARD-P2-ARD-2022,2,1,1,ARD-2022-Q001,"Animal Husbandry, Dairy and Poultry",Livestock reproduction and gestation,ard-livestock-reproduction-and-gestation-af5125a2,,Q.1)The Process of parturition (Act of giving birth) in pig is called ____
Agriculture & Rural Development,dd3d3bf2-9da6-4525-a19f-48bf047adb35,NABARD-P2-ARD-2022,2,2,2,ARD-2022-Q002,"Animal Husbandry, Dairy and Poultry",Livestock reproduction and gestation,ard-livestock-reproduction-and-gestation-af5125a2,,Q.2) The Gestation period in swine is _____
Agriculture & Rural Development,dd3d3bf2-9da6-4525-a19f-48bf047adb35,NABARD-P2-ARD-2022,2,3,3,ARD-2022-Q003,"Animal Husbandry, Dairy and Poultry",Livestock reproduction and gestation,ard-livestock-reproduction-and-gestation-af5125a2,,Q.3)The Parturition process in swine generally takes place during
Agriculture & Rural Development,dd3d3bf2-9da6-4525-a19f-48bf047adb35,NABARD-P2-ARD-2022,2,4,4,ARD-2022-Q004,"Animal Husbandry, Dairy and Poultry",Poultry housing systems,ard-poultry-housing-systems-b35c4156,,"Q.4) The usual floor space is __1.___and the height, 17 inches."
Agriculture & Rural Development,dd3d3bf2-9da6-4525-a19f-48bf047adb35,NABARD-P2-ARD-2022,2,5,5,ARD-2022-Q005,"Animal Husbandry, Dairy and Poultry",Poultry housing systems,ard-poultry-housing-systems-b35c4156,,"Q.5) Pullets, which are more often used than birds of over _2.___should be placed in the cages."
Agriculture & Rural Development,dd3d3bf2-9da6-4525-a19f-48bf047adb35,NABARD-P2-ARD-2022,2,6,6,ARD-2022-Q006,"Animal Husbandry, Dairy and Poultry",Poultry housing systems,ard-poultry-housing-systems-b35c4156,,"Q.6) Pullets, which are more often used than birds of over _2.___should be placed in the cages at least__3.___ before th"
Agriculture & Rural Development,dd3d3bf2-9da6-4525-a19f-48bf047adb35,NABARD-P2-ARD-2022,2,7,7,ARD-2022-Q007,"Agricultural Economics, Credit and Marketing",Agriculture's contribution to gross value added,ard-agriculture-s-contribution-to-gross-value-added-22099611,,"Q.7) As per the Economic Survey 2021 -22, What is the Gross Value Addition (GVA) of Agriculture Sector in India’s total "
Agriculture & Rural Development,dd3d3bf2-9da6-4525-a19f-48bf047adb35,NABARD-P2-ARD-2022,2,8,8,ARD-2022-Q008,Agronomy and Crop Production,Cropping systems and cropping patterns,ard-cropping-systems-and-cropping-patterns-97da95cc,,"Q.8) As per the Economic Survey 2021 -22, the existing cropping pattern is skewed towards the cultivation of ___________"
Agriculture & Rural Development,dd3d3bf2-9da6-4525-a19f-48bf047adb35,NABARD-P2-ARD-2022,2,9,9,ARD-2022-Q009,Horticulture and Plantation Crops,Scientific names of horticultural crops,ard-scientific-names-of-horticultural-crops-9e83e592,,Q.9) What is the scientific name of strawberry?
Agriculture & Rural Development,dd3d3bf2-9da6-4525-a19f-48bf047adb35,NABARD-P2-ARD-2022,2,10,10,ARD-2022-Q010,"Soil Science, Water and Agro-meteorology","Manures, fertilizers and biofertilizers",ard-manures-fertilizers-and-biofertilizers-baa7d9d5,,Q.10) A scientific process of converting organic matter into compost by earthworms is called ____.
Agriculture & Rural Development,dd3d3bf2-9da6-4525-a19f-48bf047adb35,NABARD-P2-ARD-2022,2,11,11,ARD-2022-Q011,"Soil Science, Water and Agro-meteorology",Soil classification systems and soil orders,ard-soil-classification-systems-and-soil-orders-6d6328e0,,"Q.11) Soil that comprises of both sand, silt and organic matter is termed as................"
Agriculture & Rural Development,dd3d3bf2-9da6-4525-a19f-48bf047adb35,NABARD-P2-ARD-2022,2,12,12,ARD-2022-Q012,"Agricultural Engineering, Mechanisation and Extension",Farm implements and mechanisation,ard-farm-implements-and-mechanisation-635cd7ec,,"Q.12) A machine which is used to separate seeds from impurities, inert material and adulterants is _____"
Agriculture & Rural Development,dd3d3bf2-9da6-4525-a19f-48bf047adb35,NABARD-P2-ARD-2022,2,13,13,ARD-2022-Q013,"Agricultural Economics, Credit and Marketing",NABARD and rural finance institutions,ard-nabard-and-rural-finance-institutions-2bee848c,,Q.13) Which subsidiary of NABARD working with NBFCs is responsible for financing Farmers and cooperations?
Agriculture & Rural Development,dd3d3bf2-9da6-4525-a19f-48bf047adb35,NABARD-P2-ARD-2022,2,14,14,ARD-2022-Q014,"Agricultural Economics, Credit and Marketing",e-NAM and agricultural marketing platforms,ard-e-nam-and-agricultural-marketing-platforms-3c1c5ff6,,"Q.14) In which of the following years, e -NAM was launched?"
Agriculture & Rural Development,dd3d3bf2-9da6-4525-a19f-48bf047adb35,NABARD-P2-ARD-2022,2,15,15,ARD-2022-Q015,"Agricultural Economics, Credit and Marketing",e-NAM and agricultural marketing platforms,ard-e-nam-and-agricultural-marketing-platforms-3c1c5ff6,,Q.15) State can take the advantages of the e -NAM portal if they fulfil which of the following conditions? 1) Provision 
Agriculture & Rural Development,dd3d3bf2-9da6-4525-a19f-48bf047adb35,NABARD-P2-ARD-2023,2,5,5,ARDESI-2023-Q005,"Agricultural Engineering, Mechanisation and Extension",Tillage systems and practices,ard-tillage-systems-and-practices-14643597,,"Q.5) Ploughing is the ________(1)_____operation, which is performed to cut, break, and invert the soil partially or comp"
Agriculture & Rural Development,dd3d3bf2-9da6-4525-a19f-48bf047adb35,NABARD-P2-ARD-2023,2,6,6,ARDESI-2023-Q006,"Agricultural Engineering, Mechanisation and Extension",Tillage systems and practices,ard-tillage-systems-and-practices-14643597,,Q.6) _____ (2)_______ is used for churning the soil with standing water while preparing fields for paddy transplantation
Agriculture & Rural Development,dd3d3bf2-9da6-4525-a19f-48bf047adb35,NABARD-P2-ARD-2023,2,7,7,ARDESI-2023-Q007,"Agricultural Engineering, Mechanisation and Extension",Tillage systems and practices,ard-tillage-systems-and-practices-14643597,,Q.7) Which of the following is /are the objectives of tillage in Rice?
Agriculture & Rural Development,dd3d3bf2-9da6-4525-a19f-48bf047adb35,NABARD-P2-ARD-2023,2,8,8,ARDESI-2023-Q008,Agronomy and Crop Production,Millets and coarse cereals,ard-millets-and-coarse-cereals-5817dc22,,Q.8) Recently Indian Institute of Millet Research has established a “Center of Excellence” for the promotion of millets 
Agriculture & Rural Development,dd3d3bf2-9da6-4525-a19f-48bf047adb35,NABARD-P2-ARD-2023,2,18,18,ARDESI-2023-Q018,"Soil Science, Water and Agro-meteorology",Soil chemical properties and salinity,ard-soil-chemical-properties-and-salinity-003f2da2,,Q.18) What is the pH and Electrical Conductivity of the saline soil?
Agriculture & Rural Development,dd3d3bf2-9da6-4525-a19f-48bf047adb35,NABARD-P2-ARD-2023,2,19,19,ARDESI-2023-Q019,"Soil Science, Water and Agro-meteorology",Soil chemical properties and salinity,ard-soil-chemical-properties-and-salinity-003f2da2,,Q.19) Saline soil has _________g/l of Na.
Agriculture & Rural Development,dd3d3bf2-9da6-4525-a19f-48bf047adb35,NABARD-P2-ARD-2023,2,20,20,ARDESI-2023-Q020,"Soil Science, Water and Agro-meteorology",Soil chemical properties and salinity,ard-soil-chemical-properties-and-salinity-003f2da2,,Q.20) Which of the following process lead to the accumulation of Na in soil?
Agriculture & Rural Development,dd3d3bf2-9da6-4525-a19f-48bf047adb35,NABARD-P2-ARD-2023,2,21,21,ARDESI-2023-Q021,"Soil Science, Water and Agro-meteorology","Manures, fertilizers and biofertilizers",ard-manures-fertilizers-and-biofertilizers-baa7d9d5,,Q.21) Which of the following is a complex fertilizer?
Agriculture & Rural Development,dd3d3bf2-9da6-4525-a19f-48bf047adb35,NABARD-P2-ARD-2023,2,22,22,ARDESI-2023-Q022,"Animal Husbandry, Dairy and Poultry",Cattle breeds,ard-cattle-breeds-c6fbb93e,,Q.22) Balangir is a breed of which of the following? 393 | P a g e
Agriculture & Rural Development,dd3d3bf2-9da6-4525-a19f-48bf047adb35,NABARD-P2-ARD-2023,2,23,23,ARDESI-2023-Q023,Agronomy and Crop Production,Cropping systems and cropping patterns,ard-cropping-systems-and-cropping-patterns-97da95cc,,"Q.23) In which of the following cropping patterns 4 crops can be grown, but one crop is cultivated before the harvest of"
Agriculture & Rural Development,dd3d3bf2-9da6-4525-a19f-48bf047adb35,NABARD-P2-ARD-2023,2,24,24,ARDESI-2023-Q024,Fisheries and Aquaculture,Aquaculture systems and water quality,ard-aquaculture-systems-and-water-quality-8d07f0a7,,Q.24) In which of the following culture systems more than 1 type of fish is cultivated?
Agriculture & Rural Development,dd3d3bf2-9da6-4525-a19f-48bf047adb35,NABARD-P2-ARD-2023,2,25,25,ARDESI-2023-Q025,"Agricultural Engineering, Mechanisation and Extension",Agricultural research and extension system,ard-agricultural-research-and-extension-system-ef3db2e9,,Q.25) The idea of the establishment of Krishi Vigyan Kendra was developed by which of the following committees?
Agriculture & Rural Development,dd3d3bf2-9da6-4525-a19f-48bf047adb35,NABARD-P2-ARD-2023,2,29,29,ARDESI-2023-Q029,Horticulture and Plantation Crops,Horticulture development programmes,ard-horticulture-development-programmes-afcb6fe0,,"Q.29) Which programme has been announced in the Union Budget 2023 -24 with an outlay of Rs. 2,200 Crore to boost availab"
Computer Knowledge,0f2ac69b-bd39-422e-bb0d-a81ac4ad3057,NABARD-P1-COMPUTER-KNOWLEDGE-2020,1,61,1,CK-2020-Q061,Networking and the Internet,Network types and scale,ck-network-types-and-scale-dbf6bf7d,,Q.61)____ is larger than LANs but smaller than MANs and WANs.
Computer Knowledge,0f2ac69b-bd39-422e-bb0d-a81ac4ad3057,NABARD-P1-COMPUTER-KNOWLEDGE-2020,1,62,2,CK-2020-Q062,Cyber Security and Digital Literacy,"Firewalls, phishing and safe computing",ck-firewalls-phishing-and-safe-computing-624a87e3,,Q.62)A ___________ can be either a hardware device or a software that provides protection from online intrusions.
Computer Knowledge,0f2ac69b-bd39-422e-bb0d-a81ac4ad3057,NABARD-P1-COMPUTER-KNOWLEDGE-2020,1,63,3,CK-2020-Q063,Operating Systems and File Management,File and folder management,ck-file-and-folder-management-da299b46,,Q.63)What is the main folder on a storage device called?
Computer Knowledge,0f2ac69b-bd39-422e-bb0d-a81ac4ad3057,NABARD-P1-COMPUTER-KNOWLEDGE-2020,1,64,4,CK-2020-Q064,"Hardware, Peripherals and Storage",Input devices and pointing hardware,ck-input-devices-and-pointing-hardware-29b27c37,,Q.64)A _______________ is an input device used to enter motion data into computers or other electronic devices.
Computer Knowledge,0f2ac69b-bd39-422e-bb0d-a81ac4ad3057,NABARD-P1-COMPUTER-KNOWLEDGE-2020,1,65,5,CK-2020-Q065,Networking and the Internet,Internet protocols and addressing,ck-internet-protocols-and-addressing-d6583563,,Q.65)FTP allows us to transfer files from one computer to another on the internet. FTP stands for
Computer Knowledge,0f2ac69b-bd39-422e-bb0d-a81ac4ad3057,NABARD-P1-COMPUTER-KNOWLEDGE-2020,1,66,6,CK-2020-Q066,Computer Fundamentals and Evolution,Computer fundamentals and basic terminology,ck-computer-fundamentals-and-basic-terminology-d30552ba,,Q.66)Hardware is a __________ component.
Computer Knowledge,0f2ac69b-bd39-422e-bb0d-a81ac4ad3057,NABARD-P1-COMPUTER-KNOWLEDGE-2020,1,67,7,CK-2020-Q067,Networking and the Internet,Networking devices,ck-networking-devices-3e223e93,,"Q.67)A ____________, in the context of networking is a high-speed device that receives incoming data and redirects it to"
Computer Knowledge,0f2ac69b-bd39-422e-bb0d-a81ac4ad3057,NABARD-P1-COMPUTER-KNOWLEDGE-2020,1,68,8,CK-2020-Q068,"Hardware, Peripherals and Storage","Printers, printing metrics and display hardware",ck-printers-printing-metrics-and-display-hardware-67bde690,,Q.68)What for ‘I’ stands for in PPI?
Computer Knowledge,0f2ac69b-bd39-422e-bb0d-a81ac4ad3057,NABARD-P1-COMPUTER-KNOWLEDGE-2020,1,69,9,CK-2020-Q069,Office Productivity Software,MS Word page setup and formatting,ck-ms-word-page-setup-and-formatting-d552a60e,,Q.69)The word wrap feature-
Computer Knowledge,0f2ac69b-bd39-422e-bb0d-a81ac4ad3057,NABARD-P1-COMPUTER-KNOWLEDGE-2020,1,70,10,CK-2020-Q070,Cyber Security and Digital Literacy,Malware types and antivirus software,ck-malware-types-and-antivirus-software-05eb4896,,Q.70)VIRUS is actually an acronym for
Computer Knowledge,0f2ac69b-bd39-422e-bb0d-a81ac4ad3057,NABARD-P1-COMPUTER-KNOWLEDGE-2020,1,71,11,CK-2020-Q071,Operating Systems and File Management,"Booting, BIOS and system startup",ck-booting-bios-and-system-startup-77819ad1,,Q.71)Which of the following BIOS function tests the computer hardware and makes sure that no error exists before loading
Computer Knowledge,0f2ac69b-bd39-422e-bb0d-a81ac4ad3057,NABARD-P1-COMPUTER-KNOWLEDGE-2020,1,72,12,CK-2020-Q072,"Hardware, Peripherals and Storage","Printers, printing metrics and display hardware",ck-printers-printing-metrics-and-display-hardware-67bde690,,Q.72)A _____ is a piece of computer hardware that produces the image you see on a monitor.
Computer Knowledge,0f2ac69b-bd39-422e-bb0d-a81ac4ad3057,NABARD-P1-COMPUTER-KNOWLEDGE-2020,1,73,13,CK-2020-Q073,Office Productivity Software,"MS Word ribbon, tabs and shortcuts",ck-ms-word-ribbon-tabs-and-shortcuts-c27848f8,,"Q.73)To increase the line spacing, use the ______ shortcut keys."
Computer Knowledge,0f2ac69b-bd39-422e-bb0d-a81ac4ad3057,NABARD-P1-COMPUTER-KNOWLEDGE-2020,1,74,14,CK-2020-Q074,Office Productivity Software,"MS Excel cell references, shortcuts and display behaviour",ck-ms-excel-cell-references-shortcuts-and-display-behaviour-125ece4e,,Q.74)The letter and number of the intersecting column and row is the
Computer Knowledge,0f2ac69b-bd39-422e-bb0d-a81ac4ad3057,NABARD-P1-COMPUTER-KNOWLEDGE-2020,1,75,15,CK-2020-Q075,Networking and the Internet,Network topologies,ck-network-topologies-0b6b1ec5,,Q.75)What type of topology is found in a WIRELESS LAN?
Computer Knowledge,0f2ac69b-bd39-422e-bb0d-a81ac4ad3057,NABARD-P1-COMPUTER-KNOWLEDGE-2020,1,76,16,CK-2020-Q076,Cyber Security and Digital Literacy,Malware types and antivirus software,ck-malware-types-and-antivirus-software-05eb4896,,Q.76)Symantec is the maker of which among the following popular antivirus software?
Computer Knowledge,0f2ac69b-bd39-422e-bb0d-a81ac4ad3057,NABARD-P1-COMPUTER-KNOWLEDGE-2020,1,77,17,CK-2020-Q077,"Hardware, Peripherals and Storage",Input devices and pointing hardware,ck-input-devices-and-pointing-hardware-29b27c37,,Q.77)Which of the following is an example of an input device?
Computer Knowledge,0f2ac69b-bd39-422e-bb0d-a81ac4ad3057,NABARD-P1-COMPUTER-KNOWLEDGE-2020,1,78,18,CK-2020-Q078,Networking and the Internet,Web browsers and browsing privacy,ck-web-browsers-and-browsing-privacy-dc79e064,,Q.78)The bottom portion of internet Browsers and other program Windows that displays the current status of the web page 
Computer Knowledge,0f2ac69b-bd39-422e-bb0d-a81ac4ad3057,NABARD-P1-COMPUTER-KNOWLEDGE-2020,1,79,19,CK-2020-Q079,Networking and the Internet,OSI model and IP addressing,ck-osi-model-and-ip-addressing-15b04d54,,Q.79)Name the fourth layer of OSI model.
Computer Knowledge,0f2ac69b-bd39-422e-bb0d-a81ac4ad3057,NABARD-P1-COMPUTER-KNOWLEDGE-2020,1,80,20,CK-2020-Q080,Operating Systems and File Management,"Operating systems, utilities and system software",ck-operating-systems-utilities-and-system-software-97034c9c,,Q.80)Which of the following acts as an interface between user and hardware?
Computer Knowledge,0f2ac69b-bd39-422e-bb0d-a81ac4ad3057,NABARD-P1-COMPUTER-KNOWLEDGE-2021,1,51,1,CK-2021-Q051,Networking and the Internet,Internet protocols and addressing,ck-internet-protocols-and-addressing-d6583563,,Q.51) What is the full form of URL?
Computer Knowledge,0f2ac69b-bd39-422e-bb0d-a81ac4ad3057,NABARD-P1-COMPUTER-KNOWLEDGE-2021,1,52,2,CK-2021-Q052,Operating Systems and File Management,File and folder management,ck-file-and-folder-management-da299b46,,Q.52) Which of the following options is available in the share ribbon of file explorer in windows 10?
Computer Knowledge,0f2ac69b-bd39-422e-bb0d-a81ac4ad3057,NABARD-P1-COMPUTER-KNOWLEDGE-2021,1,53,3,CK-2021-Q053,"Hardware, Peripherals and Storage","Ports, connectors and expansion interfaces",ck-ports-connectors-and-expansion-interfaces-2f979e79,,Q.53) How many holes are there in a VGA connector?
Computer Knowledge,0f2ac69b-bd39-422e-bb0d-a81ac4ad3057,NABARD-P1-COMPUTER-KNOWLEDGE-2021,1,54,4,CK-2021-Q054,Office Productivity Software,"MS Word ribbon, tabs and shortcuts",ck-ms-word-ribbon-tabs-and-shortcuts-c27848f8,,Q.54) _____ is found just above the file tab option in MS word. Its purpose is to provide a convenient access to most co
Computer Knowledge,0f2ac69b-bd39-422e-bb0d-a81ac4ad3057,NABARD-P1-COMPUTER-KNOWLEDGE-2021,1,55,5,CK-2021-Q055,Office Productivity Software,"MS Excel cell references, shortcuts and display behaviour",ck-ms-excel-cell-references-shortcuts-and-display-behaviour-125ece4e,,"Q.55) In MS Excel, to reach to the last cell of the worksheet that contains data, which of the following shortcut key is"
Computer Knowledge,0f2ac69b-bd39-422e-bb0d-a81ac4ad3057,NABARD-P1-COMPUTER-KNOWLEDGE-2021,1,56,6,CK-2021-Q056,Operating Systems and File Management,File and folder management,ck-file-and-folder-management-da299b46,,Q.56) _____ file operation is simply deleting the file except deleting the attributes.
Computer Knowledge,0f2ac69b-bd39-422e-bb0d-a81ac4ad3057,NABARD-P1-COMPUTER-KNOWLEDGE-2021,1,57,7,CK-2021-Q057,Networking and the Internet,OSI model and IP addressing,ck-osi-model-and-ip-addressing-15b04d54,,Q.57) The length of IPv4 address is
Computer Knowledge,0f2ac69b-bd39-422e-bb0d-a81ac4ad3057,NABARD-P1-COMPUTER-KNOWLEDGE-2021,1,58,8,CK-2021-Q058,Networking and the Internet,Networking devices,ck-networking-devices-3e223e93,,Q.58) ______ is a type of device that acts as the central point among computers and other devices that are a part of a n
Computer Knowledge,0f2ac69b-bd39-422e-bb0d-a81ac4ad3057,NABARD-P1-COMPUTER-KNOWLEDGE-2021,1,59,9,CK-2021-Q059,Operating Systems and File Management,"Booting, BIOS and system startup",ck-booting-bios-and-system-startup-77819ad1,,Q.59) Starting a computer or a computer embedded device is called –
Computer Knowledge,0f2ac69b-bd39-422e-bb0d-a81ac4ad3057,NABARD-P1-COMPUTER-KNOWLEDGE-2021,1,60,10,CK-2021-Q060,Computer Fundamentals and Evolution,Programming languages and their generations,ck-programming-languages-and-their-generations-82dc1184,,Q.60) Language used in second generation computers is called
Computer Knowledge,0f2ac69b-bd39-422e-bb0d-a81ac4ad3057,NABARD-P1-COMPUTER-KNOWLEDGE-2021,1,61,11,CK-2021-Q061,Office Productivity Software,"MS Word ribbon, tabs and shortcuts",ck-ms-word-ribbon-tabs-and-shortcuts-c27848f8,,Q.61) The ‘Header and Footer’ option in MS-Word is present under which tab?
Computer Knowledge,0f2ac69b-bd39-422e-bb0d-a81ac4ad3057,NABARD-P1-COMPUTER-KNOWLEDGE-2021,1,62,12,CK-2021-Q062,"Hardware, Peripherals and Storage","Microprocessors, registers and digital logic",ck-microprocessors-registers-and-digital-logic-abc4b913,,Q.62) Which of the following registers holds the address of an instruction?
Computer Knowledge,0f2ac69b-bd39-422e-bb0d-a81ac4ad3057,NABARD-P1-COMPUTER-KNOWLEDGE-2021,1,63,13,CK-2021-Q063,Operating Systems and File Management,"Operating systems, utilities and system software",ck-operating-systems-utilities-and-system-software-97034c9c,,Q.63) The difference between the arrival time and the time at which the process first gets the CPU is called _____ Time.
Computer Knowledge,0f2ac69b-bd39-422e-bb0d-a81ac4ad3057,NABARD-P1-COMPUTER-KNOWLEDGE-2021,1,64,14,CK-2021-Q064,Office Productivity Software,MS Excel formulas and functions,ck-ms-excel-formulas-and-functions-4bfb4eef,,Q.64) Which MS excel function calculates the number of days between 2 dates?
Computer Knowledge,0f2ac69b-bd39-422e-bb0d-a81ac4ad3057,NABARD-P1-COMPUTER-KNOWLEDGE-2021,1,65,15,CK-2021-Q065,Office Productivity Software,"MS Word ribbon, tabs and shortcuts",ck-ms-word-ribbon-tabs-and-shortcuts-c27848f8,,"Q.65) Create, insert and write, preview results and finish are commands found in which tab of MS word 2013?"
Computer Knowledge,0f2ac69b-bd39-422e-bb0d-a81ac4ad3057,NABARD-P1-COMPUTER-KNOWLEDGE-2021,1,66,16,CK-2021-Q066,Networking and the Internet,Email fields and conventions,ck-email-fields-and-conventions-a8a98e6b,,Q.66) BCC stands for
Computer Knowledge,0f2ac69b-bd39-422e-bb0d-a81ac4ad3057,NABARD-P1-COMPUTER-KNOWLEDGE-2021,1,67,17,CK-2021-Q067,Office Productivity Software,MS Excel charts and macros,ck-ms-excel-charts-and-macros-81d631a7,,"Q.67) _____ method can make macros run automatically in MS-excel 2013, once you have done some setup for scheduling a ma"
Computer Knowledge,0f2ac69b-bd39-422e-bb0d-a81ac4ad3057,NABARD-P1-COMPUTER-KNOWLEDGE-2021,1,68,18,CK-2021-Q068,Office Productivity Software,MS Excel charts and macros,ck-ms-excel-charts-and-macros-81d631a7,,Q.68) ________type of Column chart in MS-Excel 2013 is like a stacked column. It uses a single bar for each category and
Computer Knowledge,0f2ac69b-bd39-422e-bb0d-a81ac4ad3057,NABARD-P1-COMPUTER-KNOWLEDGE-2021,1,69,19,CK-2021-Q069,Operating Systems and File Management,"Booting, BIOS and system startup",ck-booting-bios-and-system-startup-77819ad1,,"Q.69) ____ contains the code, by executing which the CPU access the very first partition of hard disk when we turn on th"
Computer Knowledge,0f2ac69b-bd39-422e-bb0d-a81ac4ad3057,NABARD-P1-COMPUTER-KNOWLEDGE-2021,1,70,20,CK-2021-Q070,"Hardware, Peripherals and Storage","Storage media, capacity and compression",ck-storage-media-capacity-and-compression-6859be60,,Q.70) What is the storage capacity of a dual layered Blue ray disc?
Computer Knowledge,0f2ac69b-bd39-422e-bb0d-a81ac4ad3057,NABARD-P1-COMPUTER-KNOWLEDGE-2022-EVENING,1,51,1,CK-2022-Q051,Cyber Security and Digital Literacy,"File formats, encoding standards and multimedia",ck-file-formats-encoding-standards-and-multimedia-19b41cd1,,Q.51) What is the full form of TIFF?
Computer Knowledge,0f2ac69b-bd39-422e-bb0d-a81ac4ad3057,NABARD-P1-COMPUTER-KNOWLEDGE-2022-EVENING,1,52,2,CK-2022-Q052,Cyber Security and Digital Literacy,"Firewalls, phishing and safe computing",ck-firewalls-phishing-and-safe-computing-624a87e3,,"Q.52) What is the attempt to acquire sensitive information such as usernames, passwords, and credit card details (and so"
Computer Knowledge,0f2ac69b-bd39-422e-bb0d-a81ac4ad3057,NABARD-P1-COMPUTER-KNOWLEDGE-2022-EVENING,1,53,3,CK-2022-Q053,Networking and the Internet,Web browsers and browsing privacy,ck-web-browsers-and-browsing-privacy-dc79e064,,"Q.53) While browsing the internet, which of the following key is used for full screen view?"
Computer Knowledge,0f2ac69b-bd39-422e-bb0d-a81ac4ad3057,NABARD-P1-COMPUTER-KNOWLEDGE-2022-EVENING,1,54,4,CK-2022-Q054,Office Productivity Software,MS PowerPoint views and slide show controls,ck-ms-powerpoint-views-and-slide-show-controls-be71eae2,,Q.54) Which PowerPoint view displays each slide of the presentation as a thumbnail and is useful for rearranging slides?
Computer Knowledge,0f2ac69b-bd39-422e-bb0d-a81ac4ad3057,NABARD-P1-COMPUTER-KNOWLEDGE-2022-EVENING,1,55,5,CK-2022-Q055,Networking and the Internet,Networking devices,ck-networking-devices-3e223e93,,"Q.55) If you wish to extend the length of the network without having the signal degrade, you would use a _______."
Computer Knowledge,0f2ac69b-bd39-422e-bb0d-a81ac4ad3057,NABARD-P1-COMPUTER-KNOWLEDGE-2022-EVENING,1,56,6,CK-2022-Q056,"Hardware, Peripherals and Storage",Memory types and the memory hierarchy,ck-memory-types-and-the-memory-hierarchy-dbad8600,,Q.56) What kind of memory is both static and non-volatile?
Computer Knowledge,0f2ac69b-bd39-422e-bb0d-a81ac4ad3057,NABARD-P1-COMPUTER-KNOWLEDGE-2022-EVENING,1,57,7,CK-2022-Q057,"Hardware, Peripherals and Storage","Storage media, capacity and compression",ck-storage-media-capacity-and-compression-6859be60,,Q.57) A normal CD-ROM usually can store up to _________data?
Computer Knowledge,0f2ac69b-bd39-422e-bb0d-a81ac4ad3057,NABARD-P1-COMPUTER-KNOWLEDGE-2022-EVENING,1,58,8,CK-2022-Q058,"Hardware, Peripherals and Storage",Input devices and pointing hardware,ck-input-devices-and-pointing-hardware-29b27c37,,Q.58) What is a light pen?
Computer Knowledge,0f2ac69b-bd39-422e-bb0d-a81ac4ad3057,NABARD-P1-COMPUTER-KNOWLEDGE-2022-EVENING,1,59,9,CK-2022-Q059,Computer Fundamentals and Evolution,Generations of computers and hardware evolution,ck-generations-of-computers-and-hardware-evolution-c0d1c6dd,,Q.59) What is the full form of UNIVAC?
Computer Knowledge,0f2ac69b-bd39-422e-bb0d-a81ac4ad3057,NABARD-P1-COMPUTER-KNOWLEDGE-2022-EVENING,1,60,10,CK-2022-Q060,Computer Fundamentals and Evolution,Pioneers and landmarks in computing history,ck-pioneers-and-landmarks-in-computing-history-7da86b59,,Q.60) Who among the following is known as father of Internet?
Computer Knowledge,0f2ac69b-bd39-422e-bb0d-a81ac4ad3057,NABARD-P1-COMPUTER-KNOWLEDGE-2022-EVENING,1,61,11,CK-2022-Q061,Networking and the Internet,Network topologies,ck-network-topologies-0b6b1ec5,,"Q.61) In which of the following topology, each device is connected to every other device on a network through a dedicate"
Computer Knowledge,0f2ac69b-bd39-422e-bb0d-a81ac4ad3057,NABARD-P1-COMPUTER-KNOWLEDGE-2022-EVENING,1,62,12,CK-2022-Q062,"Hardware, Peripherals and Storage","Ports, connectors and expansion interfaces",ck-ports-connectors-and-expansion-interfaces-2f979e79,,Q.62) Which ports connect special types of music instruments to sound cards?
Computer Knowledge,0f2ac69b-bd39-422e-bb0d-a81ac4ad3057,NABARD-P1-COMPUTER-KNOWLEDGE-2022-EVENING,1,63,13,CK-2022-Q063,Office Productivity Software,MS Word page setup and formatting,ck-ms-word-page-setup-and-formatting-d552a60e,,Q.63) Which files are contents readymade styles that can be used for a word document?
Computer Knowledge,0f2ac69b-bd39-422e-bb0d-a81ac4ad3057,NABARD-P1-COMPUTER-KNOWLEDGE-2022-EVENING,1,64,14,CK-2022-Q064,"Hardware, Peripherals and Storage","Storage media, capacity and compression",ck-storage-media-capacity-and-compression-6859be60,,Q.64) Which of the following techniques can be used to store a large number of files in a small amount of storage space?
Computer Knowledge,0f2ac69b-bd39-422e-bb0d-a81ac4ad3057,NABARD-P1-COMPUTER-KNOWLEDGE-2022-EVENING,1,65,15,CK-2022-Q065,Office Productivity Software,"MS Word ribbon, tabs and shortcuts",ck-ms-word-ribbon-tabs-and-shortcuts-c27848f8,,Q.65) Which of the following shortcut key save the open document in MS Word like ‘Ctrl + S’?
Computer Knowledge,0f2ac69b-bd39-422e-bb0d-a81ac4ad3057,NABARD-P1-COMPUTER-KNOWLEDGE-2022-EVENING,1,66,16,CK-2022-Q066,"Hardware, Peripherals and Storage","Printers, printing metrics and display hardware",ck-printers-printing-metrics-and-display-hardware-67bde690,,Q.66) Which printer is also called Inkless Printer?
Computer Knowledge,0f2ac69b-bd39-422e-bb0d-a81ac4ad3057,NABARD-P1-COMPUTER-KNOWLEDGE-2022-EVENING,1,67,17,CK-2022-Q067,"Hardware, Peripherals and Storage",Memory types and the memory hierarchy,ck-memory-types-and-the-memory-hierarchy-dbad8600,,Q.67) Where are data and programme stored when the processor uses them?
Computer Knowledge,0f2ac69b-bd39-422e-bb0d-a81ac4ad3057,NABARD-P1-COMPUTER-KNOWLEDGE-2022-EVENING,1,68,18,CK-2022-Q068,Cyber Security and Digital Literacy,"File formats, encoding standards and multimedia",ck-file-formats-encoding-standards-and-multimedia-19b41cd1,,Q.68) ASCII stands for
Computer Knowledge,0f2ac69b-bd39-422e-bb0d-a81ac4ad3057,NABARD-P1-COMPUTER-KNOWLEDGE-2022-EVENING,1,69,19,CK-2022-Q069,Operating Systems and File Management,"Operating systems, utilities and system software",ck-operating-systems-utilities-and-system-software-97034c9c,,Q.69) Vendor-created program modifications are called ______.
Computer Knowledge,0f2ac69b-bd39-422e-bb0d-a81ac4ad3057,NABARD-P1-COMPUTER-KNOWLEDGE-2022-EVENING,1,70,20,CK-2022-Q070,Computer Fundamentals and Evolution,Generations of computers and hardware evolution,ck-generations-of-computers-and-hardware-evolution-c0d1c6dd,,Q.70) _______________ is used in second generation computer.
Computer Knowledge,0f2ac69b-bd39-422e-bb0d-a81ac4ad3057,NABARD-P1-COMPUTER-KNOWLEDGE-2022-MORNING,1,51,1,CK-2022-Q051,Office Productivity Software,MS Word page setup and formatting,ck-ms-word-page-setup-and-formatting-d552a60e,,Q.51) Margin that is added to the binding side of the page when printing is called?
Computer Knowledge,0f2ac69b-bd39-422e-bb0d-a81ac4ad3057,NABARD-P1-COMPUTER-KNOWLEDGE-2022-MORNING,1,52,2,CK-2022-Q052,Networking and the Internet,Web browsers and browsing privacy,ck-web-browsers-and-browsing-privacy-dc79e064,,Q.52) Which is the first browser to act as a text based browser?
Computer Knowledge,0f2ac69b-bd39-422e-bb0d-a81ac4ad3057,NABARD-P1-COMPUTER-KNOWLEDGE-2022-MORNING,1,53,3,CK-2022-Q053,Office Productivity Software,MS Excel formulas and functions,ck-ms-excel-formulas-and-functions-4bfb4eef,,"Q.53) In Ms excel, one can use the present value to predict / calculate the future value including repayments and intere"
Computer Knowledge,0f2ac69b-bd39-422e-bb0d-a81ac4ad3057,NABARD-P1-COMPUTER-KNOWLEDGE-2022-MORNING,1,54,4,CK-2022-Q054,Office Productivity Software,"MS Excel cell references, shortcuts and display behaviour",ck-ms-excel-cell-references-shortcuts-and-display-behaviour-125ece4e,,"Q.54) In Ms excel, an entire column can be selected using the following command?"
Computer Knowledge,0f2ac69b-bd39-422e-bb0d-a81ac4ad3057,NABARD-P1-COMPUTER-KNOWLEDGE-2022-MORNING,1,55,5,CK-2022-Q055,"Hardware, Peripherals and Storage",Number systems and binary arithmetic,ck-number-systems-and-binary-arithmetic-9f34a429,,Q.55) The 1’s complementary in a binary of 1000 is?
Computer Knowledge,0f2ac69b-bd39-422e-bb0d-a81ac4ad3057,NABARD-P1-COMPUTER-KNOWLEDGE-2022-MORNING,1,56,6,CK-2022-Q056,Office Productivity Software,MS PowerPoint views and slide show controls,ck-ms-powerpoint-views-and-slide-show-controls-be71eae2,,"Q.56) In Microsoft PowerPoint presentation, to select one hyperlink after another during a slide presentation, the follo"
Computer Knowledge,0f2ac69b-bd39-422e-bb0d-a81ac4ad3057,NABARD-P1-COMPUTER-KNOWLEDGE-2022-MORNING,1,57,7,CK-2022-Q057,Operating Systems and File Management,"Booting, BIOS and system startup",ck-booting-bios-and-system-startup-77819ad1,,Q.57) What do you mean by warm boot?
Computer Knowledge,0f2ac69b-bd39-422e-bb0d-a81ac4ad3057,NABARD-P1-COMPUTER-KNOWLEDGE-2022-MORNING,1,58,8,CK-2022-Q058,Operating Systems and File Management,File and folder management,ck-file-and-folder-management-da299b46,,"Q.58) In MS word, which symbol can be used in naming the document?"
Computer Knowledge,0f2ac69b-bd39-422e-bb0d-a81ac4ad3057,NABARD-P1-COMPUTER-KNOWLEDGE-2022-MORNING,1,59,9,CK-2022-Q059,Office Productivity Software,MS Excel charts and macros,ck-ms-excel-charts-and-macros-81d631a7,,"Q.59) Which one is the most suitable reason to use Macro in MS Office (Word, Excel, PPT, etc.)?"
Computer Knowledge,0f2ac69b-bd39-422e-bb0d-a81ac4ad3057,NABARD-P1-COMPUTER-KNOWLEDGE-2022-MORNING,1,60,10,CK-2022-Q060,Office Productivity Software,"MS Excel cell references, shortcuts and display behaviour",ck-ms-excel-cell-references-shortcuts-and-display-behaviour-125ece4e,,Q.60) Which of the symbol appear in MS-Excel that says results are too long to fit in a cell?
Computer Knowledge,0f2ac69b-bd39-422e-bb0d-a81ac4ad3057,NABARD-P1-COMPUTER-KNOWLEDGE-2022-MORNING,1,61,11,CK-2022-Q061,"Hardware, Peripherals and Storage","Printers, printing metrics and display hardware",ck-printers-printing-metrics-and-display-hardware-67bde690,,Q.61) What does dpi in printing means?
Computer Knowledge,0f2ac69b-bd39-422e-bb0d-a81ac4ad3057,NABARD-P1-COMPUTER-KNOWLEDGE-2022-MORNING,1,62,12,CK-2022-Q062,Computer Fundamentals and Evolution,Programming languages and their generations,ck-programming-languages-and-their-generations-82dc1184,,"Q.62) FORTRAN is a computer programming language that is extensively used in numerical, scientific computing. FORTRAN is"
Computer Knowledge,0f2ac69b-bd39-422e-bb0d-a81ac4ad3057,NABARD-P1-COMPUTER-KNOWLEDGE-2022-MORNING,1,63,13,CK-2022-Q063,Office Productivity Software,"MS Excel cell references, shortcuts and display behaviour",ck-ms-excel-cell-references-shortcuts-and-display-behaviour-125ece4e,,Q.63) The shortcut control + semicolon is used to enter which of the following in Excel?
Computer Knowledge,0f2ac69b-bd39-422e-bb0d-a81ac4ad3057,NABARD-P1-COMPUTER-KNOWLEDGE-2022-MORNING,1,64,14,CK-2022-Q064,Networking and the Internet,Network topologies,ck-network-topologies-0b6b1ec5,,Q.64) Ethernet generally uses which of the following topologies?
Computer Knowledge,0f2ac69b-bd39-422e-bb0d-a81ac4ad3057,NABARD-P1-COMPUTER-KNOWLEDGE-2022-MORNING,1,65,15,CK-2022-Q065,"Hardware, Peripherals and Storage",Memory types and the memory hierarchy,ck-memory-types-and-the-memory-hierarchy-dbad8600,,Q.65) Cache Memory is a very strong memory. It is a type of which of the following memory?
Computer Knowledge,0f2ac69b-bd39-422e-bb0d-a81ac4ad3057,NABARD-P1-COMPUTER-KNOWLEDGE-2022-MORNING,1,66,16,CK-2022-Q066,Cyber Security and Digital Literacy,Malware types and antivirus software,ck-malware-types-and-antivirus-software-05eb4896,,Q.66) A virus that fools the user into the downloading and or executing them by pretending to be useful application is c
Computer Knowledge,0f2ac69b-bd39-422e-bb0d-a81ac4ad3057,NABARD-P1-COMPUTER-KNOWLEDGE-2022-MORNING,1,67,17,CK-2022-Q067,Office Productivity Software,"MS Excel cell references, shortcuts and display behaviour",ck-ms-excel-cell-references-shortcuts-and-display-behaviour-125ece4e,,Q.67)You can copy cell formats from one cell to another by using the
Computer Knowledge,0f2ac69b-bd39-422e-bb0d-a81ac4ad3057,NABARD-P1-COMPUTER-KNOWLEDGE-2022-MORNING,1,68,18,CK-2022-Q068,"Hardware, Peripherals and Storage","Microprocessors, registers and digital logic",ck-microprocessors-registers-and-digital-logic-abc4b913,,Q.68) Which one of the following digital circuits is used as the basic component for storing data?
Computer Knowledge,0f2ac69b-bd39-422e-bb0d-a81ac4ad3057,NABARD-P1-COMPUTER-KNOWLEDGE-2022-MORNING,1,69,19,CK-2022-Q069,Office Productivity Software,"MS Word ribbon, tabs and shortcuts",ck-ms-word-ribbon-tabs-and-shortcuts-c27848f8,,Q.69) Ctrl+N is used to execute which task in MS-WORD?
Computer Knowledge,0f2ac69b-bd39-422e-bb0d-a81ac4ad3057,NABARD-P1-COMPUTER-KNOWLEDGE-2022-MORNING,1,70,20,CK-2022-Q070,Operating Systems and File Management,"Operating systems, utilities and system software",ck-operating-systems-utilities-and-system-software-97034c9c,,Q.70)What is the full form of DOS?
Computer Knowledge,0f2ac69b-bd39-422e-bb0d-a81ac4ad3057,NABARD-P1-COMPUTER-KNOWLEDGE-2023,1,1,1,CK-2023-Q001,Cyber Security and Digital Literacy,"File formats, encoding standards and multimedia",ck-file-formats-encoding-standards-and-multimedia-19b41cd1,,Q.1 What is the full form of VFX?
Computer Knowledge,0f2ac69b-bd39-422e-bb0d-a81ac4ad3057,NABARD-P1-COMPUTER-KNOWLEDGE-2023,1,2,2,CK-2023-Q002,Operating Systems and File Management,Windows shortcuts and desktop navigation,ck-windows-shortcuts-and-desktop-navigation-030741a2,,Q.2 Which of the following shortcut keys is used for the screen lock and password is required to unlock the screen?
Computer Knowledge,0f2ac69b-bd39-422e-bb0d-a81ac4ad3057,NABARD-P1-COMPUTER-KNOWLEDGE-2023,1,3,3,CK-2023-Q003,Networking and the Internet,Web browsers and browsing privacy,ck-web-browsers-and-browsing-privacy-dc79e064,,Q.3 The incognito mode does not store which of the following information. 1. Data entered in forms. 2. Your browsing his
Computer Knowledge,0f2ac69b-bd39-422e-bb0d-a81ac4ad3057,NABARD-P1-COMPUTER-KNOWLEDGE-2023,1,4,4,CK-2023-Q004,Computer Fundamentals and Evolution,Pioneers and landmarks in computing history,ck-pioneers-and-landmarks-in-computing-history-7da86b59,,"Q.4 Which computer device played a key role during World War 2, helping the Germans during the war?"
Computer Knowledge,0f2ac69b-bd39-422e-bb0d-a81ac4ad3057,NABARD-P1-COMPUTER-KNOWLEDGE-2023,1,5,5,CK-2023-Q005,Cyber Security and Digital Literacy,"File formats, encoding standards and multimedia",ck-file-formats-encoding-standards-and-multimedia-19b41cd1,,Q.5 ASCII stands for _________________________________
Computer Knowledge,0f2ac69b-bd39-422e-bb0d-a81ac4ad3057,NABARD-P1-COMPUTER-KNOWLEDGE-2023,1,6,6,CK-2023-Q006,Operating Systems and File Management,Windows shortcuts and desktop navigation,ck-windows-shortcuts-and-desktop-navigation-030741a2,,Q.6 What keyboard shortcut is commonly employed to toggle between active applications in Microsoft Windows and other ope
Computer Knowledge,0f2ac69b-bd39-422e-bb0d-a81ac4ad3057,NABARD-P1-COMPUTER-KNOWLEDGE-2023,1,7,7,CK-2023-Q007,Cyber Security and Digital Literacy,"Firewalls, phishing and safe computing",ck-firewalls-phishing-and-safe-computing-624a87e3,,Q.7 Which of the following is a benefit of using parental controls?
Computer Knowledge,0f2ac69b-bd39-422e-bb0d-a81ac4ad3057,NABARD-P1-COMPUTER-KNOWLEDGE-2023,1,8,8,CK-2023-Q008,"Hardware, Peripherals and Storage","Microprocessors, registers and digital logic",ck-microprocessors-registers-and-digital-logic-abc4b913,,Q.8 Which of the following companies are involved in the production of microprocessors?
Computer Knowledge,0f2ac69b-bd39-422e-bb0d-a81ac4ad3057,NABARD-P1-COMPUTER-KNOWLEDGE-2023,1,9,9,CK-2023-Q009,Operating Systems and File Management,"Operating systems, utilities and system software",ck-operating-systems-utilities-and-system-software-97034c9c,,Q.9 What is the primary purpose of a Task Manager? (1) Managing tasks in a project or workflow (2) Monitoring the perfor
Computer Knowledge,0f2ac69b-bd39-422e-bb0d-a81ac4ad3057,NABARD-P1-COMPUTER-KNOWLEDGE-2023,1,10,10,CK-2023-Q010,Networking and the Internet,Web browsers and browsing privacy,ck-web-browsers-and-browsing-privacy-dc79e064,,Q.10 Which statement accurately defines the scenario when we download documents in incognito mode? is closed.
Computer Knowledge,0f2ac69b-bd39-422e-bb0d-a81ac4ad3057,NABARD-P1-COMPUTER-KNOWLEDGE-2023,1,11,11,CK-2023-Q011,"Hardware, Peripherals and Storage",Memory types and the memory hierarchy,ck-memory-types-and-the-memory-hierarchy-dbad8600,,"Q.11 What is the accurate sequence for memory speed, ranging from fastest to slowest?"
Computer Knowledge,0f2ac69b-bd39-422e-bb0d-a81ac4ad3057,NABARD-P1-COMPUTER-KNOWLEDGE-2023,1,12,12,CK-2023-Q012,Networking and the Internet,Email fields and conventions,ck-email-fields-and-conventions-a8a98e6b,,Q.12 What is the full form of BCC?
Computer Knowledge,0f2ac69b-bd39-422e-bb0d-a81ac4ad3057,NABARD-P1-COMPUTER-KNOWLEDGE-2023,1,13,13,CK-2023-Q013,"Hardware, Peripherals and Storage",Input devices and pointing hardware,ck-input-devices-and-pointing-hardware-29b27c37,,Q.13 Which of the following is the primary use of a stylus input device?
Computer Knowledge,0f2ac69b-bd39-422e-bb0d-a81ac4ad3057,NABARD-P1-COMPUTER-KNOWLEDGE-2023,1,14,14,CK-2023-Q014,Computer Fundamentals and Evolution,Generations of computers and hardware evolution,ck-generations-of-computers-and-hardware-evolution-c0d1c6dd,,Q.14 What technological advancement addressed the issues that were associated with vacuum tubes?
Computer Knowledge,0f2ac69b-bd39-422e-bb0d-a81ac4ad3057,NABARD-P1-COMPUTER-KNOWLEDGE-2023,1,15,15,CK-2023-Q015,Computer Fundamentals and Evolution,Emerging computing paradigms,ck-emerging-computing-paradigms-7430a4af,,Q.15 Which of these options employs qubits in its operation?
Computer Knowledge,0f2ac69b-bd39-422e-bb0d-a81ac4ad3057,NABARD-P1-COMPUTER-KNOWLEDGE-2023,1,16,16,CK-2023-Q016,"Hardware, Peripherals and Storage","Printers, printing metrics and display hardware",ck-printers-printing-metrics-and-display-hardware-67bde690,,Q. 16 What type of printer is typically employed in office settings for the purpose of producing high volumes of documen
Computer Knowledge,0f2ac69b-bd39-422e-bb0d-a81ac4ad3057,NABARD-P1-COMPUTER-KNOWLEDGE-2023,1,17,17,CK-2023-Q017,"Hardware, Peripherals and Storage",Input devices and pointing hardware,ck-input-devices-and-pointing-hardware-29b27c37,,Q. 17 The action of dragging two fingers across the touchpad of the laptop is used for?
Computer Knowledge,0f2ac69b-bd39-422e-bb0d-a81ac4ad3057,NABARD-P1-COMPUTER-KNOWLEDGE-2023,1,18,18,CK-2023-Q018,Computer Fundamentals and Evolution,Pioneers and landmarks in computing history,ck-pioneers-and-landmarks-in-computing-history-7da86b59,,Q. 18- Who is credited with pioneering the first electronic computer?
Computer Knowledge,0f2ac69b-bd39-422e-bb0d-a81ac4ad3057,NABARD-P1-COMPUTER-KNOWLEDGE-2023,1,19,19,CK-2023-Q019,"Hardware, Peripherals and Storage","Storage media, capacity and compression",ck-storage-media-capacity-and-compression-6859be60,,Q. 19 What is the full form of CD-R?
Computer Knowledge,0f2ac69b-bd39-422e-bb0d-a81ac4ad3057,NABARD-P1-COMPUTER-KNOWLEDGE-2023,1,20,20,CK-2023-Q020,Operating Systems and File Management,Windows shortcuts and desktop navigation,ck-windows-shortcuts-and-desktop-navigation-030741a2,,Q. 20 What keyboard shortcut can be used to switch between windows while using a virtual desktop?
Decision Making,1f91467a-69bd-4515-b125-d60c4e7ca4a0,NABARD-P1-DECISION-MAKING-2021,1,91,1,DM-2021-Q091,Group Decision Making and Communication,Structured group decision-making techniques,dm-structured-group-decision-making-techniques-3008c348,,"Q.91) Which is a structured method of group decision making which allows a rich generation of original ideas, behavioura"
Decision Making,1f91467a-69bd-4515-b125-d60c4e7ca4a0,NABARD-P1-DECISION-MAKING-2021,1,92,2,DM-2021-Q092,Decision Models and Rationality,Steps in the decision-making process,dm-steps-in-the-decision-making-process-0df42d5e,,Q.92) With a view to improve the process and outcomes of future decisions decision makers generally assess both outcome 
Decision Making,1f91467a-69bd-4515-b125-d60c4e7ca4a0,NABARD-P1-DECISION-MAKING-2021,1,93,3,DM-2021-Q093,Decision Models and Rationality,Types of decisions and decision levels,dm-types-of-decisions-and-decision-levels-89e1bfd5,,"Q.93) Managers sometimes make decisions based on skills, knowledge & training. Such decisions are known as-"
Decision Making,1f91467a-69bd-4515-b125-d60c4e7ca4a0,NABARD-P1-DECISION-MAKING-2021,1,94,4,DM-2021-Q094,"Decision Styles, Leadership and Organisational Context",Individual and organisational factors affecting decisions,dm-individual-and-organisational-factors-affecting-decisions-8af4dac7,,Q.94) Which of the following is an individual level factor that can affect process of decision making in an organisation
Decision Making,1f91467a-69bd-4515-b125-d60c4e7ca4a0,NABARD-P1-DECISION-MAKING-2021,1,95,5,DM-2021-Q095,Analytical Tools and Techniques,Root cause analysis and problem-solving tools,dm-root-cause-analysis-and-problem-solving-tools-a1ae3806,,Q.95) Method of determining the root cause of the problem uses Boolean logic to determine cause of the problem in any un
Decision Making,1f91467a-69bd-4515-b125-d60c4e7ca4a0,NABARD-P1-DECISION-MAKING-2021,1,96,6,DM-2021-Q096,Cognitive Biases and Barriers to Decision Making,Selective perception and similarity bias,dm-selective-perception-and-similarity-bias-e03616b7,,Q.96) When a decision making wrongly comprises of two situations because of perceived similarity or evaluates an event w
Decision Making,1f91467a-69bd-4515-b125-d60c4e7ca4a0,NABARD-P1-DECISION-MAKING-2021,1,97,7,DM-2021-Q097,"Decision Styles, Leadership and Organisational Context",Decision theories from allied disciplines,dm-decision-theories-from-allied-disciplines-2f9e04a5,,"Q.97) Which decision making theory was put forward, based on how the game of chess is played, and an individual’s relati"
Decision Making,1f91467a-69bd-4515-b125-d60c4e7ca4a0,NABARD-P1-DECISION-MAKING-2021,1,98,8,DM-2021-Q098,Group Decision Making and Communication,Structured group decision-making techniques,dm-structured-group-decision-making-techniques-3008c348,,Q.98) Decision making technique useful in motivating participation in group decisions and which encourages all members t
Decision Making,1f91467a-69bd-4515-b125-d60c4e7ca4a0,NABARD-P1-DECISION-MAKING-2021,1,99,9,DM-2021-Q099,Cognitive Biases and Barriers to Decision Making,Overconfidence and status-quo bias,dm-overconfidence-and-status-quo-bias-05d95d99,,Q.99) Tendency to maintain things as they are even when that may be significantly less than the optimal is termed as -
Decision Making,1f91467a-69bd-4515-b125-d60c4e7ca4a0,NABARD-P1-DECISION-MAKING-2021,1,100,10,DM-2021-Q100,"Decision Styles, Leadership and Organisational Context",Decision-making styles and leadership approaches,dm-decision-making-styles-and-leadership-approaches-b2d84bc0,,Q.100) Leadership style where leader uses knowledge and past experience to reach a decision without seeking information 
Decision Making,1f91467a-69bd-4515-b125-d60c4e7ca4a0,NABARD-P1-DECISION-MAKING-2022-EVENING,1,91,1,DM-2022-Q091,Group Decision Making and Communication,Structured group decision-making techniques,dm-structured-group-decision-making-techniques-3008c348,,Q.91) Which of the following techniques of decision making involves a process for arriving at an evaluation of decisions
Decision Making,1f91467a-69bd-4515-b125-d60c4e7ca4a0,NABARD-P1-DECISION-MAKING-2022-EVENING,1,92,2,DM-2022-Q092,Decision Models and Rationality,Types of decisions and decision levels,dm-types-of-decisions-and-decision-levels-89e1bfd5,,Q.92) Which type of a decision would it be when an employee in a company is working out a schedule to ensure that all th
Decision Making,1f91467a-69bd-4515-b125-d60c4e7ca4a0,NABARD-P1-DECISION-MAKING-2022-EVENING,1,93,3,DM-2022-Q093,Cognitive Biases and Barriers to Decision Making,"Anchoring, framing and presentation effects",dm-anchoring-framing-and-presentation-effects-f98cb084,,Q.93) What type of bias relies too heavily on one piece of information in making a final decision?
Decision Making,1f91467a-69bd-4515-b125-d60c4e7ca4a0,NABARD-P1-DECISION-MAKING-2022-EVENING,1,94,4,DM-2022-Q094,Decision Models and Rationality,Bounded rationality and limits on information processing,dm-bounded-rationality-and-limits-on-information-processing-5f6bbc58,,Q.94) A manager's freedom to make totally rational decisions is restricted by internal and external environmental factor
Decision Making,1f91467a-69bd-4515-b125-d60c4e7ca4a0,NABARD-P1-DECISION-MAKING-2022-EVENING,1,95,5,DM-2022-Q095,Decision Models and Rationality,Rational decision-making model and its assumptions,dm-rational-decision-making-model-and-its-assumptions-4e7de69b,,Q.95) A decision is said to be rational when it is based on _______.
Decision Making,1f91467a-69bd-4515-b125-d60c4e7ca4a0,NABARD-P1-DECISION-MAKING-2022-EVENING,1,96,6,DM-2022-Q096,Cognitive Biases and Barriers to Decision Making,"Anchoring, framing and presentation effects",dm-anchoring-framing-and-presentation-effects-f98cb084,,Q.96) The propensity of a decision maker to be influenced by the manner in which the information is presented to him/her
Decision Making,1f91467a-69bd-4515-b125-d60c4e7ca4a0,NABARD-P1-DECISION-MAKING-2022-EVENING,1,97,7,DM-2022-Q097,Group Decision Making and Communication,Structured group decision-making techniques,dm-structured-group-decision-making-techniques-3008c348,,Q.97) Discussing a problem face to face with open mind by a group of selected persons is known as _________
Decision Making,1f91467a-69bd-4515-b125-d60c4e7ca4a0,NABARD-P1-DECISION-MAKING-2022-EVENING,1,98,8,DM-2022-Q098,Decision Models and Rationality,Bounded rationality and limits on information processing,dm-bounded-rationality-and-limits-on-information-processing-5f6bbc58,,Q.98) __________ emerges when decision makers have limits on their ability to assimilate large amounts of information.
Decision Making,1f91467a-69bd-4515-b125-d60c4e7ca4a0,NABARD-P1-DECISION-MAKING-2022-EVENING,1,99,9,DM-2022-Q099,"Decision Styles, Leadership and Organisational Context",Decision theories from allied disciplines,dm-decision-theories-from-allied-disciplines-2f9e04a5,,Q.99) Prospect theory of decision making is given by ________.
Decision Making,1f91467a-69bd-4515-b125-d60c4e7ca4a0,NABARD-P1-DECISION-MAKING-2022-EVENING,1,100,10,DM-2022-Q100,Decision Models and Rationality,Steps in the decision-making process,dm-steps-in-the-decision-making-process-0df42d5e,,Q.100)Manish is going on a vacation and needs to book a hotel. He shortlists 3 hotels and is now comparing them on the b
Decision Making,1f91467a-69bd-4515-b125-d60c4e7ca4a0,NABARD-P1-DECISION-MAKING-2022-MORNING,1,91,1,DM-2022-Q091,Analytical Tools and Techniques,Quantitative methods and analytics in decision making,dm-quantitative-methods-and-analytics-in-decision-making-701a2eb5,,Q.91) Which of the following is a quantitative method of decision making?
Decision Making,1f91467a-69bd-4515-b125-d60c4e7ca4a0,NABARD-P1-DECISION-MAKING-2022-MORNING,1,92,2,DM-2022-Q092,Cognitive Biases and Barriers to Decision Making,Selective perception and similarity bias,dm-selective-perception-and-similarity-bias-e03616b7,,"Q.92) Tendency to see a particular situation or issue from chosen perspective, influencing our ability to understand alt"
Decision Making,1f91467a-69bd-4515-b125-d60c4e7ca4a0,NABARD-P1-DECISION-MAKING-2022-MORNING,1,93,3,DM-2022-Q093,Analytical Tools and Techniques,Root cause analysis and problem-solving tools,dm-root-cause-analysis-and-problem-solving-tools-a1ae3806,,Q.93) Which of the following problem-solving tools is a visual means of displaying the sequence of activities and decisi
Decision Making,1f91467a-69bd-4515-b125-d60c4e7ca4a0,NABARD-P1-DECISION-MAKING-2022-MORNING,1,94,4,DM-2022-Q094,Cognitive Biases and Barriers to Decision Making,"Anchoring, framing and presentation effects",dm-anchoring-framing-and-presentation-effects-f98cb084,,Q.94) One of the barriers to good decision making is setting out to solve wrong problem because we have created a mental
Decision Making,1f91467a-69bd-4515-b125-d60c4e7ca4a0,NABARD-P1-DECISION-MAKING-2022-MORNING,1,95,5,DM-2022-Q095,Analytical Tools and Techniques,Quantitative methods and analytics in decision making,dm-quantitative-methods-and-analytics-in-decision-making-701a2eb5,,Q.95) The type of Data Analytics which is used to make forecasts about future trends and answer the question ‘What might
Decision Making,1f91467a-69bd-4515-b125-d60c4e7ca4a0,NABARD-P1-DECISION-MAKING-2022-MORNING,1,96,6,DM-2022-Q096,Analytical Tools and Techniques,Heuristics and judgemental problems,dm-heuristics-and-judgemental-problems-098fa72f,,Q.96) Most ‘judgemental problems’ are solved by
Decision Making,1f91467a-69bd-4515-b125-d60c4e7ca4a0,NABARD-P1-DECISION-MAKING-2022-MORNING,1,97,7,DM-2022-Q097,Analytical Tools and Techniques,Root cause analysis and problem-solving tools,dm-root-cause-analysis-and-problem-solving-tools-a1ae3806,,"Q.97) In Root Cause Analysis (RCA), which of the following is the cause in case people did something wrong or did not do"
Decision Making,1f91467a-69bd-4515-b125-d60c4e7ca4a0,NABARD-P1-DECISION-MAKING-2022-MORNING,1,98,8,DM-2022-Q098,Group Decision Making and Communication,"Communication, conflict and delay in group decisions",dm-communication-conflict-and-delay-in-group-decisions-2de1c775,,Q.98) Effective communication during decision making process will help to minimize
Decision Making,1f91467a-69bd-4515-b125-d60c4e7ca4a0,NABARD-P1-DECISION-MAKING-2022-MORNING,1,99,9,DM-2022-Q099,Cognitive Biases and Barriers to Decision Making,Overconfidence and status-quo bias,dm-overconfidence-and-status-quo-bias-05d95d99,,"Q.99) Overconfidence about our judgement abilities and prediction accuracy, as we remember our successes and quickly for"
Decision Making,1f91467a-69bd-4515-b125-d60c4e7ca4a0,NABARD-P1-DECISION-MAKING-2022-MORNING,1,100,10,DM-2022-Q100,"Decision Styles, Leadership and Organisational Context",Decision-making styles and leadership approaches,dm-decision-making-styles-and-leadership-approaches-b2d84bc0,,Q.100) Which of the following decision making style is suitable for a leader where there are more than one right answer 
Decision Making,1f91467a-69bd-4515-b125-d60c4e7ca4a0,NABARD-P1-DECISION-MAKING-2023,1,1,1,DM-2023-Q001,Analytical Tools and Techniques,Root cause analysis and problem-solving tools,dm-root-cause-analysis-and-problem-solving-tools-a1ae3806,,"Q.1) What technique is used to identify the most important factors that contribute to a particular problem or outcome, b"
Decision Making,1f91467a-69bd-4515-b125-d60c4e7ca4a0,NABARD-P1-DECISION-MAKING-2023,1,2,2,DM-2023-Q002,Cognitive Biases and Barriers to Decision Making,Confirmation bias and debiasing strategies,dm-confirmation-bias-and-debiasing-strategies-0567e8ea,,Q.2) What strategies can individuals employ to mitigate confirmation bias in their decisionmaking processes?
Decision Making,1f91467a-69bd-4515-b125-d60c4e7ca4a0,NABARD-P1-DECISION-MAKING-2023,1,3,3,DM-2023-Q003,Group Decision Making and Communication,"Communication, conflict and delay in group decisions",dm-communication-conflict-and-delay-in-group-decisions-2de1c775,,Q.3) What are the key factors contributing to procrastination in the decision-making process among the following options
Decision Making,1f91467a-69bd-4515-b125-d60c4e7ca4a0,NABARD-P1-DECISION-MAKING-2023,1,4,4,DM-2023-Q004,Group Decision Making and Communication,Structured group decision-making techniques,dm-structured-group-decision-making-techniques-3008c348,,Q.4) What is the term for a methodology that utilizes a panel of experts who provide anonymous responses to structured q
Decision Making,1f91467a-69bd-4515-b125-d60c4e7ca4a0,NABARD-P1-DECISION-MAKING-2023,1,5,5,DM-2023-Q005,"Decision Styles, Leadership and Organisational Context",Decision-making styles and leadership approaches,dm-decision-making-styles-and-leadership-approaches-b2d84bc0,,"Q.5) In situations marked by uncertainty in the condition or outcome, but where the associated risk is deemed minimal, w"
Decision Making,1f91467a-69bd-4515-b125-d60c4e7ca4a0,NABARD-P1-DECISION-MAKING-2023,1,6,6,DM-2023-Q006,Decision Models and Rationality,Steps in the decision-making process,dm-steps-in-the-decision-making-process-0df42d5e,,Q.6) What constitutes the initial step in the process of content analysis as applied to decision making?
Decision Making,1f91467a-69bd-4515-b125-d60c4e7ca4a0,NABARD-P1-DECISION-MAKING-2023,1,7,7,DM-2023-Q007,Analytical Tools and Techniques,Heuristics and judgemental problems,dm-heuristics-and-judgemental-problems-098fa72f,,Q.7) Which is the most precise definition of a random heuristic among the following options? areas of the search space.
Decision Making,1f91467a-69bd-4515-b125-d60c4e7ca4a0,NABARD-P1-DECISION-MAKING-2023,1,8,8,DM-2023-Q008,Decision Models and Rationality,Bounded rationality and limits on information processing,dm-bounded-rationality-and-limits-on-information-processing-5f6bbc58,,Q.8) Which of the following is a characteristic of the bounded rationality model?
Decision Making,1f91467a-69bd-4515-b125-d60c4e7ca4a0,NABARD-P1-DECISION-MAKING-2023,1,9,9,DM-2023-Q009,Decision Models and Rationality,Rational decision-making model and its assumptions,dm-rational-decision-making-model-and-its-assumptions-4e7de69b,,"Q.9) Among the following, which assumption does not align with the principles of rational decision-making?"
Decision Making,1f91467a-69bd-4515-b125-d60c4e7ca4a0,NABARD-P1-DECISION-MAKING-2023,1,10,10,DM-2023-Q010,Group Decision Making and Communication,"Communication, conflict and delay in group decisions",dm-communication-conflict-and-delay-in-group-decisions-2de1c775,,Q.10) Consider the following statements regarding group conflict. 1) Group conflict can arise due to differences in goal
Economic & Social Issues,1a874661-957e-4c81-a90f-b0634834d889,NABARD-P1-ESI-2020,1,121,1,ESI-2020-Q121,Agricultural Economy and Food Policy,Agricultural trade and export policy,esi-agricultural-trade-and-export-policy-b0c137b5,,Q.121)The Agricultural Export Policy was introduced in December 2018 which aims at doublingagricultural exports from 30 
Economic & Social Issues,1a874661-957e-4c81-a90f-b0634834d889,NABARD-P1-ESI-2020,1,122,2,ESI-2020-Q122,Agricultural Economy and Food Policy,Sustainable agriculture missions,esi-sustainable-agriculture-missions-75203ccb,,Q.122)Which of the following components is not under the National Mission for Sustainable Agriculture?
Economic & Social Issues,1a874661-957e-4c81-a90f-b0634834d889,NABARD-P1-ESI-2020,1,123,3,ESI-2020-Q123,Rural Development and Panchayati Raj,Village and Gram Panchayat development schemes,esi-village-and-gram-panchayat-development-schemes-5199e3ce,,"Q.123)Sansad Adarsh Gram Yojana which is a demand driven scheme, inspired by society, is based on which of the following"
Economic & Social Issues,1a874661-957e-4c81-a90f-b0634834d889,NABARD-P1-ESI-2020,1,124,4,ESI-2020-Q124,Agricultural Economy and Food Policy,"Irrigation, water resources and river linking",esi-irrigation-water-resources-and-river-linking-1923c369,,Q.124)Which of the following is not true regarding PMKSY?
Economic & Social Issues,1a874661-957e-4c81-a90f-b0634834d889,NABARD-P1-ESI-2020,1,125,5,ESI-2020-Q125,"International Institutions, Indices and Reports",Global indices and India's rank,esi-global-indices-and-india-s-rank-c4195427,,"Q.125) India ‘s rank under Human Development Index, 2019 is"
Economic & Social Issues,1a874661-957e-4c81-a90f-b0634834d889,NABARD-P1-ESI-2020,1,126,6,ESI-2020-Q126,"Indian Economy, Public Finance and Industry",Inflation measurement and price indices,esi-inflation-measurement-and-price-indices-b4ee8a99,,Q.126) Retail inflation rose to about five -and-half year high of ___ percent in December 2019
Economic & Social Issues,1a874661-957e-4c81-a90f-b0634834d889,NABARD-P1-ESI-2020,1,127,7,ESI-2020-Q127,Rural Development and Panchayati Raj,Rural skilling and livelihood missions,esi-rural-skilling-and-livelihood-missions-3289ae30,,Q.127) Union government on 25 September 2014 launched Deen Dayal Upadhyaya Grameen Kaushalya Yojana under which of the f
Economic & Social Issues,1a874661-957e-4c81-a90f-b0634834d889,NABARD-P1-ESI-2020,1,128,8,ESI-2020-Q128,"Indian Economy, Public Finance and Industry",National income aggregates and growth estimates,esi-national-income-aggregates-and-growth-estimates-10e4a846,,"Q.128) As per Economic Survey, GDP of 2019 -20 is expected to be 5% when compared to GDP of 2018-19 which stood at _____"
Economic & Social Issues,1a874661-957e-4c81-a90f-b0634834d889,NABARD-P1-ESI-2020,1,129,9,ESI-2020-Q129,Agricultural Economy and Food Policy,Food processing and value-chain schemes,esi-food-processing-and-value-chain-schemes-62dad586,,Q.129) Which of the following is not a part of PM Kisan Sampada Scheme?
Economic & Social Issues,1a874661-957e-4c81-a90f-b0634834d889,NABARD-P1-ESI-2020,1,130,10,ESI-2020-Q130,"Indian Economy, Public Finance and Industry",Insolvency and economic legislation,esi-insolvency-and-economic-legislation-e23a20e2,,"Q.130) As per IBC bill, 2016, the deadline for resolution of cases has been extended from 270 to____ days"
Economic & Social Issues,1a874661-957e-4c81-a90f-b0634834d889,NABARD-P1-ESI-2020,1,131,11,ESI-2020-Q131,"Indian Economy, Public Finance and Industry",State and regional economic performance,esi-state-and-regional-economic-performance-9e62f78b,,Q.131) Which Indian state in India has the highest Gross State Domestic Product?
Economic & Social Issues,1a874661-957e-4c81-a90f-b0634834d889,NABARD-P1-ESI-2020,1,132,12,ESI-2020-Q132,"International Institutions, Indices and Reports",Global risk and outlook reports,esi-global-risk-and-outlook-reports-4882c2f5,,"Q.132) As per Global Risk Report 2020, released by WEF, the global risks in terms of likelihood include 1) Extreme weath"
Economic & Social Issues,1a874661-957e-4c81-a90f-b0634834d889,NABARD-P1-ESI-2020,1,133,13,ESI-2020-Q133,"Constitution, Governance and Institutions",Constitutional amendments and reservation,esi-constitutional-amendments-and-reservation-aed5ab8e,,"Q.133) 124th constitutional amendment Bill states 10% reservation to EWS, the Bill shows income limit for the same is __"
Economic & Social Issues,1a874661-957e-4c81-a90f-b0634834d889,NABARD-P1-ESI-2020,1,134,14,ESI-2020-Q134,"Banking, Credit and Financial Inclusion","NABARD, RIDF and development finance",esi-nabard-ridf-and-development-finance-6429a74d,,Q.134) NABARD to raise Rs 55000 Cr from the market for the year 2020 through longterm bonds of usually __________ years 
Economic & Social Issues,1a874661-957e-4c81-a90f-b0634834d889,NABARD-P1-ESI-2020,1,135,15,ESI-2020-Q135,Agricultural Economy and Food Policy,Agricultural marketing reform and indices,esi-agricultural-marketing-reform-and-indices-387d7e72,,Q.135) Agriculture Markets and Farmers Friendly Index is a project of
Economic & Social Issues,1a874661-957e-4c81-a90f-b0634834d889,NABARD-P1-ESI-2020,1,136,16,ESI-2020-Q136,Agricultural Economy and Food Policy,Agricultural marketing reform and indices,esi-agricultural-marketing-reform-and-indices-387d7e72,,Q.136) Which of the following are the institutional reforms to improve agricultural performance?
Economic & Social Issues,1a874661-957e-4c81-a90f-b0634834d889,NABARD-P1-ESI-2020,1,137,17,ESI-2020-Q137,Agricultural Economy and Food Policy,Farming systems and operational land holdings,esi-farming-systems-and-operational-land-holdings-dc30542d,,"Q.137) In which type of farming, large amount of labour and capital is used relative to the land Available?"
Economic & Social Issues,1a874661-957e-4c81-a90f-b0634834d889,NABARD-P1-ESI-2020,1,138,18,ESI-2020-Q138,Agricultural Economy and Food Policy,Crop production estimates and agricultural statistics,esi-crop-production-estimates-and-agricultural-statistics-cde429a8,,"Q.138)As per First Advance Estimates, the estimated production of major crops during Kharif 2019-20, total food grain pr"
Economic & Social Issues,1a874661-957e-4c81-a90f-b0634834d889,NABARD-P1-ESI-2020,1,139,19,ESI-2020-Q139,"Indian Economy, Public Finance and Industry",Union Budget provisions and taxation,esi-union-budget-provisions-and-taxation-f43747fa,,"Q.139) As per the budget 2020-21, which of the following is NOT true regarding the „Vivad Se Vishwas‟ Scheme? 1) The sch"
Economic & Social Issues,1a874661-957e-4c81-a90f-b0634834d889,NABARD-P1-ESI-2020,1,140,20,ESI-2020-Q140,"Indian Economy, Public Finance and Industry",Union Budget provisions and taxation,esi-union-budget-provisions-and-taxation-f43747fa,,Q.140) How much amount has been allocated for Education by the Central Government of India in the budget 2020-21?
Economic & Social Issues,1a874661-957e-4c81-a90f-b0634834d889,NABARD-P1-ESI-2020,1,141,21,ESI-2020-Q141,"Indian Economy, Public Finance and Industry",Industrial production and statistical agencies,esi-industrial-production-and-statistical-agencies-cb39c8b6,,Q.141) Index of Industrial Production is released by which of the following?
Economic & Social Issues,1a874661-957e-4c81-a90f-b0634834d889,NABARD-P1-ESI-2020,1,142,22,ESI-2020-Q142,"Indian Economy, Public Finance and Industry",Balance of payments and the external sector,esi-balance-of-payments-and-the-external-sector-a23a8009,,Q.142) India imports approximately what percentage of its crude oil consumption?
Economic & Social Issues,1a874661-957e-4c81-a90f-b0634834d889,NABARD-P1-ESI-2020,1,143,23,ESI-2020-Q143,"Banking, Credit and Financial Inclusion",Financial stability assessment and reporting,esi-financial-stability-assessment-and-reporting-4c5c423c,,Q.143) Financial stability assessment under Financial Sector Assessment Program is conducted by which of the following?
Economic & Social Issues,1a874661-957e-4c81-a90f-b0634834d889,NABARD-P1-ESI-2020,1,144,24,ESI-2020-Q144,"Banking, Credit and Financial Inclusion",Sovereign and infrastructure funds,esi-sovereign-and-infrastructure-funds-e9546148,,Q.144) What is government's share in India's first sovereign wealth fund National investment and infrastructure fund?
Economic & Social Issues,1a874661-957e-4c81-a90f-b0634834d889,NABARD-P1-ESI-2020,1,145,25,ESI-2020-Q145,"Banking, Credit and Financial Inclusion",RBI committees and working groups,esi-rbi-committees-and-working-groups-c7e79711,,Q.145) RBI constituted a task force on offshore rupee market. Who among the following is heading the same?
Economic & Social Issues,1a874661-957e-4c81-a90f-b0634834d889,NABARD-P1-ESI-2020,1,146,26,ESI-2020-Q146,"International Institutions, Indices and Reports",Global indices and India's rank,esi-global-indices-and-india-s-rank-c4195427,,Q.146) Logistics Performance Index is published by which of the following?
Economic & Social Issues,1a874661-957e-4c81-a90f-b0634834d889,NABARD-P1-ESI-2020,1,147,27,ESI-2020-Q147,"Indian Economy, Public Finance and Industry",Industrial policy and manufacturing,esi-industrial-policy-and-manufacturing-ea8d14cb,,"Q.147) Industrial policy of India which is in place now is of ______, which DPIIT is planning to replace or amend?"
Economic & Social Issues,1a874661-957e-4c81-a90f-b0634834d889,NABARD-P1-ESI-2020,1,148,28,ESI-2020-Q148,"International Institutions, Indices and Reports",Growth forecasts by international agencies,esi-growth-forecasts-by-international-agencies-f9efa8b2,,Q.148) The World Bank lowered its growth estimate for India to ____ per cent for the current fiscal from the earlier pro
Economic & Social Issues,1a874661-957e-4c81-a90f-b0634834d889,NABARD-P1-ESI-2020,1,149,29,ESI-2020-Q149,"Education, Health and Human Development",National Education Policy 2020,esi-national-education-policy-2020-fd9f53fb,,"Q.149) Which of the following is the challenge mentioned in the National draft education policy along with Access, equit"
Economic & Social Issues,1a874661-957e-4c81-a90f-b0634834d889,NABARD-P1-ESI-2020,1,150,30,ESI-2020-Q150,Agricultural Economy and Food Policy,Food processing and value-chain schemes,esi-food-processing-and-value-chain-schemes-62dad586,,"Q.150) As per the mega food parks scheme, the capital grants from centre for special states would be ___ %"
Economic & Social Issues,1a874661-957e-4c81-a90f-b0634834d889,NABARD-P1-ESI-2020,1,151,31,ESI-2020-Q151,Rural Development and Panchayati Raj,Panchayati Raj institutions and rural governance,esi-panchayati-raj-institutions-and-rural-governance-96724f0e,,"Q.151) Rashtriya Gram Swaraj yojana which is a restructured erstwhile scheme and launched in 2018, has a sunset date of"
Economic & Social Issues,1a874661-957e-4c81-a90f-b0634834d889,NABARD-P1-ESI-2020,1,152,32,ESI-2020-Q152,"Indian Economy, Public Finance and Industry",Sectoral composition of the economy,esi-sectoral-composition-of-the-economy-68abedde,,"Q.152) As per Economic Survey, the service sector contribution to the total economy of India is ____ %"
Economic & Social Issues,1a874661-957e-4c81-a90f-b0634834d889,NABARD-P1-ESI-2020,1,153,33,ESI-2020-Q153,Rural Development and Panchayati Raj,Aspirational Districts Programme,esi-aspirational-districts-programme-6a7644df,,Q.153) The Transformation of Aspirational District’s Programme which aims to expeditious improve the socio-economic stat
Economic & Social Issues,1a874661-957e-4c81-a90f-b0634834d889,NABARD-P1-ESI-2020,1,154,34,ESI-2020-Q154,Rural Development and Panchayati Raj,Rural roads and PMGSY,esi-rural-roads-and-pmgsy-2cb50665,,"Q.154) The Phase-III of PMGSY which aims at consolidation of 1,25,000 Kms Through Routes and Major Rural Links that conn"
Economic & Social Issues,1a874661-957e-4c81-a90f-b0634834d889,NABARD-P1-ESI-2020,1,155,35,ESI-2020-Q155,"International Institutions, Indices and Reports",International economic forums and summit declarations,esi-international-economic-forums-and-summit-declarations-4cfa2293,,Q.155) The theme of the World Economic Forum's meeting for 2020 held in Davos is
Economic & Social Issues,1a874661-957e-4c81-a90f-b0634834d889,NABARD-P1-ESI-2020,1,156,36,ESI-2020-Q156,"International Institutions, Indices and Reports",Growth forecasts by international agencies,esi-growth-forecasts-by-international-agencies-f9efa8b2,,"Q.156) UN lowered its GDP growth estimate for India to ____ % in FY20 (from 7.6 per cent forecast in WESP 2019), release"
Economic & Social Issues,1a874661-957e-4c81-a90f-b0634834d889,NABARD-P1-ESI-2020,1,157,37,ESI-2020-Q157,"International Institutions, Indices and Reports",Growth forecasts by international agencies,esi-growth-forecasts-by-international-agencies-f9efa8b2,,Q.157) Which of the following is the reason behind IMF’s lowering of GDP growth of India for 2019-20?
Economic & Social Issues,1a874661-957e-4c81-a90f-b0634834d889,NABARD-P1-ESI-2020,1,158,38,ESI-2020-Q158,Welfare Schemes and Social Security,Pension schemes for unorganised workers and farmers,esi-pension-schemes-for-unorganised-workers-and-farmers-d8bd0eda,,Q.158) The age eligibility for PM Kisan Maan Dhan Yojana is
Economic & Social Issues,1a874661-957e-4c81-a90f-b0634834d889,NABARD-P1-ESI-2020,1,159,39,ESI-2020-Q159,Rural Development and Panchayati Raj,"DAY-NRLM, self-help groups and rural livelihoods",esi-day-nrlm-self-help-groups-and-rural-livelihoods-afd82160,,Q.159) The aim of DAY-NRLM is
Economic & Social Issues,1a874661-957e-4c81-a90f-b0634834d889,NABARD-P1-ESI-2020,1,160,40,ESI-2020-Q160,Welfare Schemes and Social Security,Poverty alleviation packages and Garib Kalyan schemes,esi-poverty-alleviation-packages-and-garib-kalyan-schemes-edf1c6f8,,Q.160) Which of the following has launched PM Garib Kalyan Vikas Yojana with the help of RBI?
Economic & Social Issues,1a874661-957e-4c81-a90f-b0634834d889,NABARD-P1-ESI-2021,1,121,1,ESI-2021-Q121,"Education, Health and Human Development",School education schemes and curriculum frameworks,esi-school-education-schemes-and-curriculum-frameworks-ce15e747,,Q.121) Samagra Shiksha is an ambitious programme for the school education till class 12. It was launched in which year?
Economic & Social Issues,1a874661-957e-4c81-a90f-b0634834d889,NABARD-P1-ESI-2021,1,122,2,ESI-2021-Q122,Welfare Schemes and Social Security,Women and child welfare schemes,esi-women-and-child-welfare-schemes-b322a19f,,Q.122) Which of the following signifies the prime aim of the Beti Bachao Beti Padhao Scheme?
Economic & Social Issues,1a874661-957e-4c81-a90f-b0634834d889,NABARD-P1-ESI-2021,1,123,3,ESI-2021-Q123,"Banking, Credit and Financial Inclusion",Financial stability assessment and reporting,esi-financial-stability-assessment-and-reporting-4c5c423c,,Q.123) Financial Stability Report which contains an assessment of financial sectors in India and also the collective eff
Economic & Social Issues,1a874661-957e-4c81-a90f-b0634834d889,NABARD-P1-ESI-2021,1,124,4,ESI-2021-Q124,"Banking, Credit and Financial Inclusion",Public sector bank reforms,esi-public-sector-bank-reforms-3d69d7d1,,"Q.124) Recently, Union Minister for Finance Smt. Nirmala Sitharaman unveiled EASE 4.0, the Public Sector Bank (PSB) Refo"
Economic & Social Issues,1a874661-957e-4c81-a90f-b0634834d889,NABARD-P1-ESI-2021,1,125,5,ESI-2021-Q125,"Banking, Credit and Financial Inclusion",Capital market instruments and regulation,esi-capital-market-instruments-and-regulation-80c7bce4,,Q.125) REITs and InvITs are innovative vehicles that allow developers to monetize revenue- generating real estate and in
Economic & Social Issues,1a874661-957e-4c81-a90f-b0634834d889,NABARD-P1-ESI-2021,1,126,6,ESI-2021-Q126,"International Institutions, Indices and Reports",United Nations agencies and campaigns,esi-united-nations-agencies-and-campaigns-3b306d64,,Q.126) The United Nations Development Programme (UNDP) has launched 'Sahi Disha' campaign to celebrate___________?
Economic & Social Issues,1a874661-957e-4c81-a90f-b0634834d889,NABARD-P1-ESI-2021,1,127,7,ESI-2021-Q127,Agricultural Economy and Food Policy,"Irrigation, water resources and river linking",esi-irrigation-water-resources-and-river-linking-1923c369,,Q.127) Ministry of Jal Shakti has prepared plan for transferring water from water surplus region to water deficit region
Economic & Social Issues,1a874661-957e-4c81-a90f-b0634834d889,NABARD-P1-ESI-2021,1,128,8,ESI-2021-Q128,"Education, Health and Human Development",School education schemes and curriculum frameworks,esi-school-education-schemes-and-curriculum-frameworks-ce15e747,,Q.128) Ministry of Education has launched a National Initiative “NIPUN Bharat”. Identify the major aims and objective of
Economic & Social Issues,1a874661-957e-4c81-a90f-b0634834d889,NABARD-P1-ESI-2021,1,129,9,ESI-2021-Q129,"Banking, Credit and Financial Inclusion",Microfinance sector and its regulation,esi-microfinance-sector-and-its-regulation-28890afb,,"Q.129) To tackle menace in Microfinance sector after 2010 Andhra Crisis, identify the committee which has been set up by"
Economic & Social Issues,1a874661-957e-4c81-a90f-b0634834d889,NABARD-P1-ESI-2021,1,130,10,ESI-2021-Q130,Agricultural Economy and Food Policy,Solar and renewable energy schemes in agriculture,esi-solar-and-renewable-energy-schemes-in-agriculture-29cb0ba0,,Q.130) What is the objective of PM KUSUM scheme?
Economic & Social Issues,1a874661-957e-4c81-a90f-b0634834d889,NABARD-P1-ESI-2021,1,131,11,ESI-2021-Q131,Welfare Schemes and Social Security,Pandemic relief packages and worker support,esi-pandemic-relief-packages-and-worker-support-fa7351c0,,Q.131) Pradhan Mantri Garib Kalyan Yojna launched Insurance Scheme for Health Workers Fighting COVID -19’ was launched t
Economic & Social Issues,1a874661-957e-4c81-a90f-b0634834d889,NABARD-P1-ESI-2021,1,132,12,ESI-2021-Q132,"Banking, Credit and Financial Inclusion",Kisan Credit Card and agricultural credit,esi-kisan-credit-card-and-agricultural-credit-507c08b4,,Q.132) The Kisan Credit Card scheme is a Government of India scheme which provides farmers with timely access to credit.
Economic & Social Issues,1a874661-957e-4c81-a90f-b0634834d889,NABARD-P1-ESI-2021,1,133,13,ESI-2021-Q133,"Banking, Credit and Financial Inclusion",Differentiated banks and rural banking,esi-differentiated-banks-and-rural-banking-4d20c619,,Q.133) Which of the following financial institution satisfies the following condition 1) provide financial services to t
Economic & Social Issues,1a874661-957e-4c81-a90f-b0634834d889,NABARD-P1-ESI-2021,1,134,14,ESI-2021-Q134,"Banking, Credit and Financial Inclusion",Priority sector lending norms,esi-priority-sector-lending-norms-05568a2d,,"Q.134) With a view to ensure continued availability of credit to agriculture, MSME and housing sectors and to facilitate"
Economic & Social Issues,1a874661-957e-4c81-a90f-b0634834d889,NABARD-P1-ESI-2021,1,135,15,ESI-2021-Q135,"Education, Health and Human Development",National Education Policy 2020,esi-national-education-policy-2020-fd9f53fb,,Q.135) Identify the chairman of committee who recommended National Education policy 2020?
Economic & Social Issues,1a874661-957e-4c81-a90f-b0634834d889,NABARD-P1-ESI-2021,1,136,16,ESI-2021-Q136,Agricultural Economy and Food Policy,Agriculture infrastructure financing,esi-agriculture-infrastructure-financing-4d9c7437,,Q.136) Which of the following is not one of the features of Agriculture Infrastructure development fund.
Economic & Social Issues,1a874661-957e-4c81-a90f-b0634834d889,NABARD-P1-ESI-2021,1,137,17,ESI-2021-Q137,"Education, Health and Human Development","Higher education, enrolment and AISHE",esi-higher-education-enrolment-and-aishe-05a008bf,,"Q.137) New Educational Policy 2020, has set an aim to increase the Gross enrolment ratio in higher Education including v"
Economic & Social Issues,1a874661-957e-4c81-a90f-b0634834d889,NABARD-P1-ESI-2021,1,138,18,ESI-2021-Q138,"Constitution, Governance and Institutions",Finance Commission and fiscal federalism,esi-finance-commission-and-fiscal-federalism-b65583a6,,"Q.138) As per constitution, article 280 mandates for establishing Finance Commission every 5 year. Identify the date of "
Economic & Social Issues,1a874661-957e-4c81-a90f-b0634834d889,NABARD-P1-ESI-2021,1,139,19,ESI-2021-Q139,"Indian Economy, Public Finance and Industry",Union Budget provisions and taxation,esi-union-budget-provisions-and-taxation-f43747fa,,Q.139) The Union Budget 2021 -22 with focus on Capital expenditure along with a Development Financial Institution is bas
Economic & Social Issues,1a874661-957e-4c81-a90f-b0634834d889,NABARD-P1-ESI-2021,1,140,20,ESI-2021-Q140,"Constitution, Governance and Institutions",Finance Commission and fiscal federalism,esi-finance-commission-and-fiscal-federalism-b65583a6,,Q.140) The XV Finance Commission has recommended in its recently submitted report that health spending by states should 
Economic & Social Issues,1a874661-957e-4c81-a90f-b0634834d889,NABARD-P1-ESI-2021,1,141,21,ESI-2021-Q141,Welfare Schemes and Social Security,Pension schemes for unorganised workers and farmers,esi-pension-schemes-for-unorganised-workers-and-farmers-d8bd0eda,,Q.141) Identify the correct statement about ATAL Pension Yojna 1) Applicable to all citizen of India aged between 18-40 
Economic & Social Issues,1a874661-957e-4c81-a90f-b0634834d889,NABARD-P1-ESI-2021,1,142,22,ESI-2021-Q142,Rural Development and Panchayati Raj,"DAY-NRLM, self-help groups and rural livelihoods",esi-day-nrlm-self-help-groups-and-rural-livelihoods-afd82160,,Q.142) Analyse the following features and identify the scheme. 1) To provide support to Women Self Help Groups 2) To imp
Economic & Social Issues,1a874661-957e-4c81-a90f-b0634834d889,NABARD-P1-ESI-2021,1,143,23,ESI-2021-Q143,"Indian Economy, Public Finance and Industry",Fiscal deficit and public finance,esi-fiscal-deficit-and-public-finance-3cbd6dfc,,Q.143) Identify the fiscal deficit as per Union Budget 2021-22?
Economic & Social Issues,1a874661-957e-4c81-a90f-b0634834d889,NABARD-P1-ESI-2021,1,144,24,ESI-2021-Q144,"Indian Economy, Public Finance and Industry",Union Budget provisions and taxation,esi-union-budget-provisions-and-taxation-f43747fa,,"Q.144) According to the Union Budget 2021 -22, to promote digital economy, the gross turnover threshold for tax audit ha"
Economic & Social Issues,1a874661-957e-4c81-a90f-b0634834d889,NABARD-P1-ESI-2021,1,145,25,ESI-2021-Q145,Rural Development and Panchayati Raj,Rural and urban housing schemes,esi-rural-and-urban-housing-schemes-92031959,,Q.145) Identify the incorrect statement about the Pradhan Mantri Awaas Yojana – Urban?
Economic & Social Issues,1a874661-957e-4c81-a90f-b0634834d889,NABARD-P1-ESI-2021,1,146,26,ESI-2021-Q146,"Population, Employment and Social Indicators","Social legislation on women, children and the elderly",esi-social-legislation-on-women-children-and-the-elderly-320dd084,,"Q.146) According to the Prohibition of Child Marriage Act, 2006, Child age is defined as"
Economic & Social Issues,1a874661-957e-4c81-a90f-b0634834d889,NABARD-P1-ESI-2021,1,147,27,ESI-2021-Q147,"International Institutions, Indices and Reports",Multilateral development banks and the IMF,esi-multilateral-development-banks-and-the-imf-76ca8ef5,,Q.147) Identify the Incorrect statement about New Development Bank (NDB)?
Economic & Social Issues,1a874661-957e-4c81-a90f-b0634834d889,NABARD-P1-ESI-2021,1,148,28,ESI-2021-Q148,"International Institutions, Indices and Reports",International groupings and their membership,esi-international-groupings-and-their-membership-7b399f83,,Q.148)Which of the following country is not a member of Shanghai Cooperation Organisation (SCO)?
Economic & Social Issues,1a874661-957e-4c81-a90f-b0634834d889,NABARD-P1-ESI-2021,1,149,29,ESI-2021-Q149,"International Institutions, Indices and Reports",International groupings and their membership,esi-international-groupings-and-their-membership-7b399f83,,Q.149) Which of the following country is not a member of Association of South East Asian Nations (ASEAN)?
Economic & Social Issues,1a874661-957e-4c81-a90f-b0634834d889,NABARD-P1-ESI-2021,1,150,30,ESI-2021-Q150,"Population, Employment and Social Indicators","Labour laws, wages and maternity benefit",esi-labour-laws-wages-and-maternity-benefit-4e442e0b,,"Q.150) As per Ministry of Labour and Employment, calories intake corresponding to income, considered for calculating min"
Economic & Social Issues,1a874661-957e-4c81-a90f-b0634834d889,NABARD-P1-ESI-2021,1,151,31,ESI-2021-Q151,"Indian Economy, Public Finance and Industry",Balance of payments and the external sector,esi-balance-of-payments-and-the-external-sector-a23a8009,,Q.151) Which of the following shows the difference between exports and imports of goods and services?
Economic & Social Issues,1a874661-957e-4c81-a90f-b0634834d889,NABARD-P1-ESI-2021,1,152,32,ESI-2021-Q152,"Banking, Credit and Financial Inclusion",Public sector bank reforms,esi-public-sector-bank-reforms-3d69d7d1,,"Q.152) In India, the Managing Director and Chief executive Officer of Public Sector Banks is recommended by which of the"
Economic & Social Issues,1a874661-957e-4c81-a90f-b0634834d889,NABARD-P1-ESI-2021,1,153,33,ESI-2021-Q153,"Indian Economy, Public Finance and Industry",Inflation measurement and price indices,esi-inflation-measurement-and-price-indices-b4ee8a99,,Q.153) Which of the following is an indicator of retail inflation in India?
Economic & Social Issues,1a874661-957e-4c81-a90f-b0634834d889,NABARD-P1-ESI-2021,1,154,34,ESI-2021-Q154,"Constitution, Governance and Institutions",Parliamentary committees and oversight,esi-parliamentary-committees-and-oversight-99a84f1f,,Q.154) Identify the correct statement regarding Public Accounts Committee.
Economic & Social Issues,1a874661-957e-4c81-a90f-b0634834d889,NABARD-P1-ESI-2021,1,155,35,ESI-2021-Q155,"International Institutions, Indices and Reports",United Nations agencies and campaigns,esi-united-nations-agencies-and-campaigns-3b306d64,,Q.155) Which of the following statement is NOT correct regarding Food and Agriculture Organisation (FAO)?
Economic & Social Issues,1a874661-957e-4c81-a90f-b0634834d889,NABARD-P1-ESI-2021,1,156,36,ESI-2021-Q156,"Population, Employment and Social Indicators",Social movements and civil society,esi-social-movements-and-civil-society-42bade55,,Q.156) Who of the following is associated with Beej Bachao Andolan initiated in 1986 ?
Economic & Social Issues,1a874661-957e-4c81-a90f-b0634834d889,NABARD-P1-ESI-2021,1,157,37,ESI-2021-Q157,"Constitution, Governance and Institutions",Fundamental Rights articles,esi-fundamental-rights-articles-a7516de6,,Q.157)Which of the following Article of the Indian Constitution prohibits employment of children in factories etc.?
Economic & Social Issues,1a874661-957e-4c81-a90f-b0634834d889,NABARD-P1-ESI-2021,1,158,38,ESI-2021-Q158,"Constitution, Governance and Institutions",Schedules of the Constitution,esi-schedules-of-the-constitution-0e22c1f9,,Q.158) How many languages are there in 8th schedule of Indian constitution?
Economic & Social Issues,1a874661-957e-4c81-a90f-b0634834d889,NABARD-P1-ESI-2021,1,159,39,ESI-2021-Q159,Rural Development and Panchayati Raj,Panchayati Raj institutions and rural governance,esi-panchayati-raj-institutions-and-rural-governance-96724f0e,,Q.159) Identify the National Panchayati Raj Day?
Economic & Social Issues,1a874661-957e-4c81-a90f-b0634834d889,NABARD-P1-ESI-2021,1,160,40,ESI-2021-Q160,Rural Development and Panchayati Raj,"DAY-NRLM, self-help groups and rural livelihoods",esi-day-nrlm-self-help-groups-and-rural-livelihoods-afd82160,,Q.160) Interest subvention to SHG under DAY-NRLM?
Economic & Social Issues,1a874661-957e-4c81-a90f-b0634834d889,NABARD-P1-ESI-2022-EVENING,1,121,1,ESI-2022-Q121,Welfare Schemes and Social Security,Life and accident insurance schemes for the poor,esi-life-and-accident-insurance-schemes-for-the-poor-dafd168f,,Q.121) Which of the following government scheme is implemented through Life Insurance Corporation?
Economic & Social Issues,1a874661-957e-4c81-a90f-b0634834d889,NABARD-P1-ESI-2022-EVENING,1,122,2,ESI-2022-Q122,Welfare Schemes and Social Security,Life and accident insurance schemes for the poor,esi-life-and-accident-insurance-schemes-for-the-poor-dafd168f,,Q.122) PM Suraksha Bima yojana is an affordable insurance scheme for the poor and underprivileged people in the age grou
Economic & Social Issues,1a874661-957e-4c81-a90f-b0634834d889,NABARD-P1-ESI-2022-EVENING,1,123,3,ESI-2022-Q123,"Constitution, Governance and Institutions",Directive Principles of State Policy,esi-directive-principles-of-state-policy-7688b1a7,,"Q.123) PM Matru vandana yojana is a maternity benefit programme implemented in 1st January, 2017, which of the following"
Economic & Social Issues,1a874661-957e-4c81-a90f-b0634834d889,NABARD-P1-ESI-2022-EVENING,1,124,4,ESI-2022-Q124,Rural Development and Panchayati Raj,Aspirational Districts Programme,esi-aspirational-districts-programme-6a7644df,,Q.124) Which of the following is not related to the Aspirational district program? 285 | P a g e 1) Education 2) Health 
Economic & Social Issues,1a874661-957e-4c81-a90f-b0634834d889,NABARD-P1-ESI-2022-EVENING,1,125,5,ESI-2022-Q125,"Population, Employment and Social Indicators",Socio-economic and caste surveys,esi-socio-economic-and-caste-surveys-9770ae49,,Q.125) Which of the following statement is not correct regarding Socio-Economic and Caste Census (SECC)?
Economic & Social Issues,1a874661-957e-4c81-a90f-b0634834d889,NABARD-P1-ESI-2022-EVENING,1,126,6,ESI-2022-Q126,Rural Development and Panchayati Raj,Swachh Bharat and sanitation missions,esi-swachh-bharat-and-sanitation-missions-9b655979,,"Q.126) According to government data, India has become defecation free, but according to recent data how much percentage "
Economic & Social Issues,1a874661-957e-4c81-a90f-b0634834d889,NABARD-P1-ESI-2022-EVENING,1,127,7,ESI-2022-Q127,"Indian Economy, Public Finance and Industry",MSME sector and its contribution,esi-msme-sector-and-its-contribution-7e42574b,,"Q.127)As per the date of Central Statistics Office, the Share of MSME Gross Value Added (GVA) in All India Gross Domesti"
Economic & Social Issues,1a874661-957e-4c81-a90f-b0634834d889,NABARD-P1-ESI-2022-EVENING,1,128,8,ESI-2022-Q128,"Indian Economy, Public Finance and Industry","Khadi, coir and village industries",esi-khadi-coir-and-village-industries-8966daf6,,Q.128) Coir scheme is related to?
Economic & Social Issues,1a874661-957e-4c81-a90f-b0634834d889,NABARD-P1-ESI-2022-EVENING,1,129,9,ESI-2022-Q129,Rural Development and Panchayati Raj,Rural roads and PMGSY,esi-rural-roads-and-pmgsy-2cb50665,,Q.129) Rural roads account for about more than _____ percent of share to total road network in the country?
Economic & Social Issues,1a874661-957e-4c81-a90f-b0634834d889,NABARD-P1-ESI-2022-EVENING,1,130,10,ESI-2022-Q130,"Population, Employment and Social Indicators",Skill development and apprenticeship,esi-skill-development-and-apprenticeship-b69d40f8,,Q.130) Which of the following statement/statements is/are correct with respect to Nation apprenticeship Training Scheme?
Economic & Social Issues,1a874661-957e-4c81-a90f-b0634834d889,NABARD-P1-ESI-2022-EVENING,1,131,11,ESI-2022-Q131,"Education, Health and Human Development",Scholarships and student support schemes,esi-scholarships-and-student-support-schemes-8b26012c,,Q.131) Consider the following statement regarding Prime Minister’s Scholarship Scheme (PMSS) - 1) PMSS is run by the Min
Economic & Social Issues,1a874661-957e-4c81-a90f-b0634834d889,NABARD-P1-ESI-2022-EVENING,1,132,12,ESI-2022-Q132,Welfare Schemes and Social Security,Street vendor credit and livelihood schemes,esi-street-vendor-credit-and-livelihood-schemes-1f8c2168,,Q.132) What is the maximum amount of incentive in the form of cashback provided for each vendor per loan.
Economic & Social Issues,1a874661-957e-4c81-a90f-b0634834d889,NABARD-P1-ESI-2022-EVENING,1,133,13,ESI-2022-Q133,Welfare Schemes and Social Security,Pension schemes for unorganised workers and farmers,esi-pension-schemes-for-unorganised-workers-and-farmers-d8bd0eda,,Q.133) What should be the maximum income of a person for availing the benefit of PM Shram Man dhan Yojana?
Economic & Social Issues,1a874661-957e-4c81-a90f-b0634834d889,NABARD-P1-ESI-2022-EVENING,1,134,14,ESI-2022-Q134,"Banking, Credit and Financial Inclusion",Differentiated banks and rural banking,esi-differentiated-banks-and-rural-banking-4d20c619,,Q.134) Regional Rural Banks (RRBs) is not located in which of the following states?
Economic & Social Issues,1a874661-957e-4c81-a90f-b0634834d889,NABARD-P1-ESI-2022-EVENING,1,135,15,ESI-2022-Q135,"Population, Employment and Social Indicators",Census and demographic profile of India,esi-census-and-demographic-profile-of-india-f0423777,,"Q.135) As per the census of 2011, what is the percentage of the rural population with respect to the total population?"
Economic & Social Issues,1a874661-957e-4c81-a90f-b0634834d889,NABARD-P1-ESI-2022-EVENING,1,136,16,ESI-2022-Q136,"Banking, Credit and Financial Inclusion",Cooperatives and cooperative banks,esi-cooperatives-and-cooperative-banks-64438c62,,Q.136) Which of the following states have the Maximum cooperative societies?
Economic & Social Issues,1a874661-957e-4c81-a90f-b0634834d889,NABARD-P1-ESI-2022-EVENING,1,137,17,ESI-2022-Q137,Agricultural Economy and Food Policy,Foreign investment in agriculture,esi-foreign-investment-in-agriculture-4e63b2f8,,"Q.137) As per the present FDI Policy, 100% FDI is allowed in the which of the following activities of agriculture throug"
Economic & Social Issues,1a874661-957e-4c81-a90f-b0634834d889,NABARD-P1-ESI-2022-EVENING,1,138,18,ESI-2022-Q138,Welfare Schemes and Social Security,"Employees' provident fund, ESI and statutory social security",esi-employees-provident-fund-esi-and-statutory-social-security-12456dd6,,Q.138) Employees’ Deposit-Linked Insurance is an insurance cover provided by the EPFO for private employees. It was laun
Economic & Social Issues,1a874661-957e-4c81-a90f-b0634834d889,NABARD-P1-ESI-2022-EVENING,1,139,19,ESI-2022-Q139,Welfare Schemes and Social Security,Women and child welfare schemes,esi-women-and-child-welfare-schemes-b322a19f,,Q.139) 'Mission Shakti' was launched during the 15th Finance Commission period 2021 -22 to ______.
Economic & Social Issues,1a874661-957e-4c81-a90f-b0634834d889,NABARD-P1-ESI-2022-EVENING,1,140,20,ESI-2022-Q140,"Education, Health and Human Development",School education schemes and curriculum frameworks,esi-school-education-schemes-and-curriculum-frameworks-ce15e747,,Q.140)'Students’ and Teachers’ Holistic Advancement through Quality Education (SARTHAQ) scheme is related to ________?
Economic & Social Issues,1a874661-957e-4c81-a90f-b0634834d889,NABARD-P1-ESI-2022-EVENING,1,141,21,ESI-2022-Q141,"Constitution, Governance and Institutions",Consumer protection and regulatory law,esi-consumer-protection-and-regulatory-law-e0bf0181,,Q.141) Central Consumer Protection Authority (CCPA) as a regulatory authority was established under which section of Con
Economic & Social Issues,1a874661-957e-4c81-a90f-b0634834d889,NABARD-P1-ESI-2022-EVENING,1,142,22,ESI-2022-Q142,Welfare Schemes and Social Security,Life and accident insurance schemes for the poor,esi-life-and-accident-insurance-schemes-for-the-poor-dafd168f,,Q.142) Recently Pradhan Mantri Suraksha Bima Yojana (PMSBY) had increased the premium from Rs.12 to____ ?
Economic & Social Issues,1a874661-957e-4c81-a90f-b0634834d889,NABARD-P1-ESI-2022-EVENING,1,143,23,ESI-2022-Q143,"Education, Health and Human Development",Nutrition missions and POSHAN,esi-nutrition-missions-and-poshan-48098655,,Q.143) Which of the following in not the eligible beneficiary under Prime Minister's Overarching Scheme for Holistic Nou
Economic & Social Issues,1a874661-957e-4c81-a90f-b0634834d889,NABARD-P1-ESI-2022-EVENING,1,144,24,ESI-2022-Q144,"Education, Health and Human Development",Food safety and standards,esi-food-safety-and-standards-212bf3e8,,"Q.144) According to the Food Safety and Standards Authority of India (FSSAI)’s 4th State Food Safety Index (SFSI), Which"
Economic & Social Issues,1a874661-957e-4c81-a90f-b0634834d889,NABARD-P1-ESI-2022-EVENING,1,145,25,ESI-2022-Q145,Welfare Schemes and Social Security,Clean cooking fuel and energy access schemes,esi-clean-cooking-fuel-and-energy-access-schemes-14bfe216,,"Q.145) Under Pradhan Mantri Ujjwala Yojna (PMUY), the beneficiaries get how much subsidy in their bank account and how m"
Economic & Social Issues,1a874661-957e-4c81-a90f-b0634834d889,NABARD-P1-ESI-2022-EVENING,1,146,26,ESI-2022-Q146,"Banking, Credit and Financial Inclusion",Microfinance sector and its regulation,esi-microfinance-sector-and-its-regulation-28890afb,,"Q.146) According to Microfinance Institutions Network (MFIN) MFIN Micrometer Q4 FY21 - 22, which state ranked second and"
Economic & Social Issues,1a874661-957e-4c81-a90f-b0634834d889,NABARD-P1-ESI-2022-EVENING,1,147,27,ESI-2022-Q147,"Indian Economy, Public Finance and Industry","Infrastructure, transport and logistics",esi-infrastructure-transport-and-logistics-dd054b55,,Q.147) World Bank has approved what amount for India’s Road safety Programme?
Economic & Social Issues,1a874661-957e-4c81-a90f-b0634834d889,NABARD-P1-ESI-2022-EVENING,1,148,28,ESI-2022-Q148,"Banking, Credit and Financial Inclusion",Capital market instruments and regulation,esi-capital-market-instruments-and-regulation-80c7bce4,,Q.148) Which organization regulates angel investment?
Economic & Social Issues,1a874661-957e-4c81-a90f-b0634834d889,NABARD-P1-ESI-2022-EVENING,1,149,29,ESI-2022-Q149,Rural Development and Panchayati Raj,"MGNREGA design, entitlements and performance",esi-mgnrega-design-entitlements-and-performance-91290406,,Q.149) Women participation rate remains at _____ under MGNREGA in FY 2021-22?
Economic & Social Issues,1a874661-957e-4c81-a90f-b0634834d889,NABARD-P1-ESI-2022-EVENING,1,150,30,ESI-2022-Q150,"Banking, Credit and Financial Inclusion","NABARD, RIDF and development finance",esi-nabard-ridf-and-development-finance-6429a74d,,Q.150) How much money was allocated to Rural Infrastrucutre Development Fund (RIDF) for the year 2021-22?
Economic & Social Issues,1a874661-957e-4c81-a90f-b0634834d889,NABARD-P1-ESI-2022-EVENING,1,151,31,ESI-2022-Q151,"Constitution, Governance and Institutions",Ministries and organisation of government,esi-ministries-and-organisation-of-government-7ea52ef4,,Q.151) Ministry of minority affairs was separated from Ministry of social justice and empowerment in which of the follow
Economic & Social Issues,1a874661-957e-4c81-a90f-b0634834d889,NABARD-P1-ESI-2022-EVENING,1,152,32,ESI-2022-Q152,Rural Development and Panchayati Raj,Aspirational Districts Programme,esi-aspirational-districts-programme-6a7644df,,Q.152) Which of the following is not the parameters of Niti aayog’s aspirational district index?
Economic & Social Issues,1a874661-957e-4c81-a90f-b0634834d889,NABARD-P1-ESI-2022-EVENING,1,153,33,ESI-2022-Q153,Rural Development and Panchayati Raj,Rural roads and PMGSY,esi-rural-roads-and-pmgsy-2cb50665,,"Q.153) Pradhan Mantri Gram Sadak Yojana (PMGSY), the rural roads construction scheme, in the budget for the year 2022-23"
Economic & Social Issues,1a874661-957e-4c81-a90f-b0634834d889,NABARD-P1-ESI-2022-EVENING,1,154,34,ESI-2022-Q154,"Education, Health and Human Development",National family health surveys and health indicators,esi-national-family-health-surveys-and-health-indicators-534c5545,,Q.154) The number of people having access to improved sanitation facilities increased to what percent according to NFHS-
Economic & Social Issues,1a874661-957e-4c81-a90f-b0634834d889,NABARD-P1-ESI-2022-EVENING,1,155,35,ESI-2022-Q155,Welfare Schemes and Social Security,Pension schemes for unorganised workers and farmers,esi-pension-schemes-for-unorganised-workers-and-farmers-d8bd0eda,,Q.155) NPS for traders provide a monthly minimum assured pension of what amount after attaining the age of 60 years?
Economic & Social Issues,1a874661-957e-4c81-a90f-b0634834d889,NABARD-P1-ESI-2022-EVENING,1,156,36,ESI-2022-Q156,"Population, Employment and Social Indicators",Census and demographic profile of India,esi-census-and-demographic-profile-of-india-f0423777,,Q.156) Recently Government of India took some initiatives to improve Sex ratio in the country. Sex Ratio has increased t
Economic & Social Issues,1a874661-957e-4c81-a90f-b0634834d889,NABARD-P1-ESI-2022-EVENING,1,157,37,ESI-2022-Q157,Welfare Schemes and Social Security,Pension schemes for unorganised workers and farmers,esi-pension-schemes-for-unorganised-workers-and-farmers-d8bd0eda,,Q.157) NPS for traders provide a monthly minimum assured pension of what amount after attaining the age of 60 years?
Economic & Social Issues,1a874661-957e-4c81-a90f-b0634834d889,NABARD-P1-ESI-2022-EVENING,1,158,38,ESI-2022-Q158,Welfare Schemes and Social Security,Women and child welfare schemes,esi-women-and-child-welfare-schemes-b322a19f,,Q.158) How much cash benefit is provided under Pradhan Mantri Matru Vandana Yojana (PMMVY) in each instalment?
Economic & Social Issues,1a874661-957e-4c81-a90f-b0634834d889,NABARD-P1-ESI-2022-EVENING,1,159,39,ESI-2022-Q159,"Banking, Credit and Financial Inclusion",Financial inclusion and Jan Dhan,esi-financial-inclusion-and-jan-dhan-71aa2972,,Q.159 Consider the following statement - 1) Access 2) Usage 3) Quality Which of the above are sub-Indices of Financial I
Economic & Social Issues,1a874661-957e-4c81-a90f-b0634834d889,NABARD-P1-ESI-2022-EVENING,1,160,40,ESI-2022-Q160,"Population, Employment and Social Indicators",Tribal welfare and particularly vulnerable tribal groups,esi-tribal-welfare-and-particularly-vulnerable-tribal-groups-8f5bf9f7,,"Q.160) Government of India renamed the PTGs as Particularly Vulnerable Tribal Groups (PVTGs), there are how much PVTGs n"
Economic & Social Issues,1a874661-957e-4c81-a90f-b0634834d889,NABARD-P1-ESI-2022-MORNING,1,121,1,ESI-2022-Q121,"International Institutions, Indices and Reports",Global indices and India's rank,esi-global-indices-and-india-s-rank-c4195427,,Q.121) What is the Rank of India in the Global Gender Gap Report 2022?
Economic & Social Issues,1a874661-957e-4c81-a90f-b0634834d889,NABARD-P1-ESI-2022-MORNING,1,122,2,ESI-2022-Q122,"Indian Economy, Public Finance and Industry",Sectoral composition of the economy,esi-sectoral-composition-of-the-economy-68abedde,,Q.122) Which of the following sector is related to the Service sector?
Economic & Social Issues,1a874661-957e-4c81-a90f-b0634834d889,NABARD-P1-ESI-2022-MORNING,1,123,3,ESI-2022-Q123,"Population, Employment and Social Indicators","Labour laws, wages and maternity benefit",esi-labour-laws-wages-and-maternity-benefit-4e442e0b,,"Q.123) After the amendment in Maternity Benefit Act, 1961 the leave was increased from 12 weeks to ______ for women in I"
Economic & Social Issues,1a874661-957e-4c81-a90f-b0634834d889,NABARD-P1-ESI-2022-MORNING,1,124,4,ESI-2022-Q124,Welfare Schemes and Social Security,Life and accident insurance schemes for the poor,esi-life-and-accident-insurance-schemes-for-the-poor-dafd168f,,"Q.124) Recently the premium for Pradhan Mantri Jivan Jyoti Bima Yojana (PMJJBY) was increased by the Central government,"
Economic & Social Issues,1a874661-957e-4c81-a90f-b0634834d889,NABARD-P1-ESI-2022-MORNING,1,125,5,ESI-2022-Q125,Welfare Schemes and Social Security,Pension schemes for unorganised workers and farmers,esi-pension-schemes-for-unorganised-workers-and-farmers-d8bd0eda,,Q.125) Who among the following is the implementing agency for Pradhan Mantri Shram Yogi Mandhan Yojana?
Economic & Social Issues,1a874661-957e-4c81-a90f-b0634834d889,NABARD-P1-ESI-2022-MORNING,1,126,6,ESI-2022-Q126,"Constitution, Governance and Institutions",Fundamental Rights articles,esi-fundamental-rights-articles-a7516de6,,"Q.126) Which of the following article is related to the Prohibition of discrimination on grounds of religion, race, cast"
Economic & Social Issues,1a874661-957e-4c81-a90f-b0634834d889,NABARD-P1-ESI-2022-MORNING,1,127,7,ESI-2022-Q127,"Constitution, Governance and Institutions",Directive Principles of State Policy,esi-directive-principles-of-state-policy-7688b1a7,,Q.127) Which of the following articles is related to the Right to Education under the Directive principle of state polic
Economic & Social Issues,1a874661-957e-4c81-a90f-b0634834d889,NABARD-P1-ESI-2022-MORNING,1,128,8,ESI-2022-Q128,"International Institutions, Indices and Reports",Global indices and India's rank,esi-global-indices-and-india-s-rank-c4195427,,Q.128) What is the Rank of India in the Global Food Security Index 2021?
Economic & Social Issues,1a874661-957e-4c81-a90f-b0634834d889,NABARD-P1-ESI-2022-MORNING,1,129,9,ESI-2022-Q129,"International Institutions, Indices and Reports",Global indices and India's rank,esi-global-indices-and-india-s-rank-c4195427,,Q.129) What is the rank of India in Gender Gap report?
Economic & Social Issues,1a874661-957e-4c81-a90f-b0634834d889,NABARD-P1-ESI-2022-MORNING,1,130,10,ESI-2022-Q130,"Indian Economy, Public Finance and Industry",Ease of doing business and reform rankings,esi-ease-of-doing-business-and-reform-rankings-b783fb34,,Q.130) How many states are there in the “Top Achievers” category of Business Reforms Action Plan 2020?
Economic & Social Issues,1a874661-957e-4c81-a90f-b0634834d889,NABARD-P1-ESI-2022-MORNING,1,131,11,ESI-2022-Q131,"Population, Employment and Social Indicators","Social legislation on women, children and the elderly",esi-social-legislation-on-women-children-and-the-elderly-320dd084,,Q.131) The Maintenance and Welfare of Parents and Senior Citizens Act was enacted in which of the following year?
Economic & Social Issues,1a874661-957e-4c81-a90f-b0634834d889,NABARD-P1-ESI-2022-MORNING,1,132,12,ESI-2022-Q132,Agricultural Economy and Food Policy,Agriculture's share in income and employment,esi-agriculture-s-share-in-income-and-employment-dd773776,,Q.132) What is the share of agriculture in National income in FY22?
Economic & Social Issues,1a874661-957e-4c81-a90f-b0634834d889,NABARD-P1-ESI-2022-MORNING,1,133,13,ESI-2022-Q133,"Population, Employment and Social Indicators",Census and demographic profile of India,esi-census-and-demographic-profile-of-india-f0423777,,"Q.133) As per Census 2011, which of the following state has the maximum number of senior citizens?"
Economic & Social Issues,1a874661-957e-4c81-a90f-b0634834d889,NABARD-P1-ESI-2022-MORNING,1,134,14,ESI-2022-Q134,Welfare Schemes and Social Security,"Employees' provident fund, ESI and statutory social security",esi-employees-provident-fund-esi-and-statutory-social-security-12456dd6,,Q.134) ESI scheme is applicable to all the beneficiaries whose monthly wage does not exceed.
Economic & Social Issues,1a874661-957e-4c81-a90f-b0634834d889,NABARD-P1-ESI-2022-MORNING,1,135,15,ESI-2022-Q135,Welfare Schemes and Social Security,"Employees' provident fund, ESI and statutory social security",esi-employees-provident-fund-esi-and-statutory-social-security-12456dd6,,"Q.135) What is the minimum pension per month for the pensioners under the Employees’ Pension Scheme (EPS), 1995?"
Economic & Social Issues,1a874661-957e-4c81-a90f-b0634834d889,NABARD-P1-ESI-2022-MORNING,1,136,16,ESI-2022-Q136,Rural Development and Panchayati Raj,Rural development outreach campaigns,esi-rural-development-outreach-campaigns-943bd6d3,,Q.136) Which of the following ministries is associated with “Aazadi se Antoday take'' campaign?
Economic & Social Issues,1a874661-957e-4c81-a90f-b0634834d889,NABARD-P1-ESI-2022-MORNING,1,137,17,ESI-2022-Q137,"Indian Economy, Public Finance and Industry","Infrastructure, transport and logistics",esi-infrastructure-transport-and-logistics-dd054b55,,Q.137) How many kilometers of inland waterways will be built to navigable waterways and strategic locations on key inter
Economic & Social Issues,1a874661-957e-4c81-a90f-b0634834d889,NABARD-P1-ESI-2022-MORNING,1,138,18,ESI-2022-Q138,Agricultural Economy and Food Policy,Regulated and licensed crop cultivation,esi-regulated-and-licensed-crop-cultivation-4f48f1aa,,Q.138) Opium is legal in which of the following state along with Madhya Pradesh and Uttar Pradesh?
Economic & Social Issues,1a874661-957e-4c81-a90f-b0634834d889,NABARD-P1-ESI-2022-MORNING,1,139,19,ESI-2022-Q139,"Indian Economy, Public Finance and Industry",MSME sector and its contribution,esi-msme-sector-and-its-contribution-7e42574b,,Q.139) Share of MSME Gross Value Added (GVA) in All India Gross Domestic Product at current prices (2011-12) for the yea
Economic & Social Issues,1a874661-957e-4c81-a90f-b0634834d889,NABARD-P1-ESI-2022-MORNING,1,140,20,ESI-2022-Q140,Agricultural Economy and Food Policy,Minimum Support Price and procurement,esi-minimum-support-price-and-procurement-08bf1b90,,"Q.140) How many eligible crops get the Minimum Support Price (MSP) under Kharif, Rabi, and commercial crops?"
Economic & Social Issues,1a874661-957e-4c81-a90f-b0634834d889,NABARD-P1-ESI-2022-MORNING,1,141,21,ESI-2022-Q141,"Education, Health and Human Development","Higher education, enrolment and AISHE",esi-higher-education-enrolment-and-aishe-05a008bf,,"Q.141) As per AISHE 2019 -20 Report, what is the gross enrolment ratio for Schedule Cast students?"
Economic & Social Issues,1a874661-957e-4c81-a90f-b0634834d889,NABARD-P1-ESI-2022-MORNING,1,142,22,ESI-2022-Q142,"Indian Economy, Public Finance and Industry",Monetary policy framework and inflation targeting,esi-monetary-policy-framework-and-inflation-targeting-b6fadc02,,Q.142) What is the highest inflation tolerance band as agreed by the RBI and the Government of India?
Economic & Social Issues,1a874661-957e-4c81-a90f-b0634834d889,NABARD-P1-ESI-2022-MORNING,1,143,23,ESI-2022-Q143,"Indian Economy, Public Finance and Industry",Union Budget provisions and taxation,esi-union-budget-provisions-and-taxation-f43747fa,,Q.143) What is approx. collection of Income tax during FY 2021-22?
Economic & Social Issues,1a874661-957e-4c81-a90f-b0634834d889,NABARD-P1-ESI-2022-MORNING,1,144,24,ESI-2022-Q144,Welfare Schemes and Social Security,Welfare schemes for senior citizens,esi-welfare-schemes-for-senior-citizens-23df6fc0,,Q.144) Which of the following Scheme is not related to the Senior Citizen of India?
Economic & Social Issues,1a874661-957e-4c81-a90f-b0634834d889,NABARD-P1-ESI-2022-MORNING,1,145,25,ESI-2022-Q145,Welfare Schemes and Social Security,Life and accident insurance schemes for the poor,esi-life-and-accident-insurance-schemes-for-the-poor-dafd168f,,Q.145) Which of the following schemes is administered by Life Insurance Corporation?
Economic & Social Issues,1a874661-957e-4c81-a90f-b0634834d889,NABARD-P1-ESI-2022-MORNING,1,146,26,ESI-2022-Q146,Welfare Schemes and Social Security,National Social Assistance Programme and family benefits,esi-national-social-assistance-programme-and-family-benefits-81ed3eb1,,"Q.146) Which of the following scheme aims to provide a lump sum family benefit of Rs 10,000/- to the bereaved households"
Economic & Social Issues,1a874661-957e-4c81-a90f-b0634834d889,NABARD-P1-ESI-2022-MORNING,1,147,27,ESI-2022-Q147,"Population, Employment and Social Indicators",Census and demographic profile of India,esi-census-and-demographic-profile-of-india-f0423777,,Q.147) What percent of the total population is engaged in agriculture and allied activities as per the census 2011?
Economic & Social Issues,1a874661-957e-4c81-a90f-b0634834d889,NABARD-P1-ESI-2022-MORNING,1,148,28,ESI-2022-Q148,"Population, Employment and Social Indicators",Census and demographic profile of India,esi-census-and-demographic-profile-of-india-f0423777,,Q.148) What is the percentage of the rural population out of the total population as per the census 2011?
Economic & Social Issues,1a874661-957e-4c81-a90f-b0634834d889,NABARD-P1-ESI-2022-MORNING,1,149,29,ESI-2022-Q149,Welfare Schemes and Social Security,Life and accident insurance schemes for the poor,esi-life-and-accident-insurance-schemes-for-the-poor-dafd168f,,Q.149) What is the new premium amount for Pradhan Mantri Jeevan Jyoti Bima Yojana (PMJJBY)?
Economic & Social Issues,1a874661-957e-4c81-a90f-b0634834d889,NABARD-P1-ESI-2022-MORNING,1,150,30,ESI-2022-Q150,Welfare Schemes and Social Security,Minority welfare schemes,esi-minority-welfare-schemes-81953b4a,,Q.150) Which one of the following is not the component of PM Virasat ka Samvardhan (PM VIKAS) Yojana?
Economic & Social Issues,1a874661-957e-4c81-a90f-b0634834d889,NABARD-P1-ESI-2022-MORNING,1,151,31,ESI-2022-Q151,Rural Development and Panchayati Raj,Drinking water supply and Jal Jeevan Mission,esi-drinking-water-supply-and-jal-jeevan-mission-c4aff951,,Q.151) Jal Jivan Mission started in the year 2019-20 and targeted with providing tap water connection by the year____?
Economic & Social Issues,1a874661-957e-4c81-a90f-b0634834d889,NABARD-P1-ESI-2022-MORNING,1,152,32,ESI-2022-Q152,"Constitution, Governance and Institutions",Directive Principles of State Policy,esi-directive-principles-of-state-policy-7688b1a7,,"Q.152) Under which of the following article of Indian constitution, the state shall within the limits of its economics c"
Economic & Social Issues,1a874661-957e-4c81-a90f-b0634834d889,NABARD-P1-ESI-2022-MORNING,1,153,33,ESI-2022-Q153,Agricultural Economy and Food Policy,Crop production estimates and agricultural statistics,esi-crop-production-estimates-and-agricultural-statistics-cde429a8,,"Q.153) Forecasting Agriculture output using space, agrometeorological and land -based observation (FASAL), which organis"
Economic & Social Issues,1a874661-957e-4c81-a90f-b0634834d889,NABARD-P1-ESI-2022-MORNING,1,154,34,ESI-2022-Q154,Rural Development and Panchayati Raj,Rural roads and PMGSY,esi-rural-roads-and-pmgsy-2cb50665,,Q.154) How much amount has been invested by World Bank since the implementation of Pradhan Mantri Gram Sadak Yojna (PMGS
Economic & Social Issues,1a874661-957e-4c81-a90f-b0634834d889,NABARD-P1-ESI-2022-MORNING,1,155,35,ESI-2022-Q155,Agricultural Economy and Food Policy,"Irrigation, water resources and river linking",esi-irrigation-water-resources-and-river-linking-1923c369,,Q.155) What is the percentage decline in the annual per capita availability of water in India?
Economic & Social Issues,1a874661-957e-4c81-a90f-b0634834d889,NABARD-P1-ESI-2022-MORNING,1,156,36,ESI-2022-Q156,"Population, Employment and Social Indicators",Employment statistics and employment services,esi-employment-statistics-and-employment-services-be746d7a,,"Q.156) According to the CMIE, what was the Labour force participation rate in rural India between January to April 2022?"
Economic & Social Issues,1a874661-957e-4c81-a90f-b0634834d889,NABARD-P1-ESI-2022-MORNING,1,157,37,ESI-2022-Q157,Agricultural Economy and Food Policy,Watershed development,esi-watershed-development-10ea5c65,,Q.157) Which of the following is not the objective of Watershed Management -
Economic & Social Issues,1a874661-957e-4c81-a90f-b0634834d889,NABARD-P1-ESI-2022-MORNING,1,158,38,ESI-2022-Q158,"Population, Employment and Social Indicators",Poverty measurement and multidimensional poverty,esi-poverty-measurement-and-multidimensional-poverty-fccf8721,,Q.158) Which of the following is the third poorest state as per multidimensional poverty index?
Economic & Social Issues,1a874661-957e-4c81-a90f-b0634834d889,NABARD-P1-ESI-2022-MORNING,1,159,39,ESI-2022-Q159,"Population, Employment and Social Indicators",Employment statistics and employment services,esi-employment-statistics-and-employment-services-be746d7a,,Q.159) In which of the following year National Career Service Launched?
Economic & Social Issues,1a874661-957e-4c81-a90f-b0634834d889,NABARD-P1-ESI-2022-MORNING,1,160,40,ESI-2022-Q160,Rural Development and Panchayati Raj,Drinking water supply and Jal Jeevan Mission,esi-drinking-water-supply-and-jal-jeevan-mission-c4aff951,,Q.160) What is the target year for Swachh Bharat Mission-Urban 2.0?
Economic & Social Issues,1a874661-957e-4c81-a90f-b0634834d889,NABARD-P1-ESI-2023,1,1,1,ESI-2023-Q001,"Indian Economy, Public Finance and Industry",Inflation measurement and price indices,esi-inflation-measurement-and-price-indices-b4ee8a99,,Q.1) The Consumer Price Index (CPI) measures the overall change in consumer prices based on a representative basket of g
Economic & Social Issues,1a874661-957e-4c81-a90f-b0634834d889,NABARD-P1-ESI-2023,1,2,2,ESI-2023-Q002,Agricultural Economy and Food Policy,Direct income support to farmers,esi-direct-income-support-to-farmers-d6af2ca5,,"Q.2) Which among the following statements are true regarding PM KISAN scheme? 1. A family is defined as husband, wife, c"
Economic & Social Issues,1a874661-957e-4c81-a90f-b0634834d889,NABARD-P1-ESI-2023,1,3,3,ESI-2023-Q003,"Constitution, Governance and Institutions",Right to Information,esi-right-to-information-c8f2300e,,"Q.3) As per RTI Act, Central Public Information Officers/ State Public Information Officers (under Section 6) shall disp"
Economic & Social Issues,1a874661-957e-4c81-a90f-b0634834d889,NABARD-P1-ESI-2023,1,4,4,ESI-2023-Q004,Welfare Schemes and Social Security,Artisan and traditional-trade schemes,esi-artisan-and-traditional-trade-schemes-7f089b75,,"Q.4) Under the PM Vishwakarma Yojana, the beneficiaries will be given a toolkit incentive along with the initial collate"
Economic & Social Issues,1a874661-957e-4c81-a90f-b0634834d889,NABARD-P1-ESI-2023,1,5,5,ESI-2023-Q005,Rural Development and Panchayati Raj,"MGNREGA design, entitlements and performance",esi-mgnrega-design-entitlements-and-performance-91290406,,"Q.5) Under Mahatma Gandhi National Rural Employment Guarantee Scheme (MGNREGS), the beneficiaries have a right to get ex"
Economic & Social Issues,1a874661-957e-4c81-a90f-b0634834d889,NABARD-P1-ESI-2023,1,6,6,ESI-2023-Q006,"Education, Health and Human Development",School education schemes and curriculum frameworks,esi-school-education-schemes-and-curriculum-frameworks-ce15e747,,"Q.6) The Pradhan Mantri Schools for Rising India (PM SHRI) scheme, which provides the setting up of more than 14500 PM S"
Economic & Social Issues,1a874661-957e-4c81-a90f-b0634834d889,NABARD-P1-ESI-2023,1,7,7,ESI-2023-Q007,"Indian Economy, Public Finance and Industry","Khadi, coir and village industries",esi-khadi-coir-and-village-industries-8966daf6,,Q.7) What is the eligible age group of beneficiaries under the Khadi Gramodyog Vikas Yojana?
Economic & Social Issues,1a874661-957e-4c81-a90f-b0634834d889,NABARD-P1-ESI-2023,1,8,8,ESI-2023-Q008,Welfare Schemes and Social Security,Women and child welfare schemes,esi-women-and-child-welfare-schemes-b322a19f,,"Q.8) Mission __________ is an integrated women development programme for safety, security and empowerment of women being"
Economic & Social Issues,1a874661-957e-4c81-a90f-b0634834d889,NABARD-P1-ESI-2023,1,9,9,ESI-2023-Q009,Rural Development and Panchayati Raj,Rural roads and PMGSY,esi-rural-roads-and-pmgsy-2cb50665,,Q.9) Which among the following are the categories of the roads constructed under Pradhan Mantri Gram Sadak Yojana (PMGSY
Economic & Social Issues,1a874661-957e-4c81-a90f-b0634834d889,NABARD-P1-ESI-2023,1,10,10,ESI-2023-Q010,"Banking, Credit and Financial Inclusion",Microfinance sector and its regulation,esi-microfinance-sector-and-its-regulation-28890afb,,Q.10) Which of the following acts as the last mile financier for entities eligible to avail financial assistance from NS
Economic & Social Issues,1a874661-957e-4c81-a90f-b0634834d889,NABARD-P1-ESI-2023,1,11,11,ESI-2023-Q011,Rural Development and Panchayati Raj,Swachh Bharat and sanitation missions,esi-swachh-bharat-and-sanitation-missions-9b655979,,"Q.11) Under Swachh Bharat Mission (Gramin) Phase-II, upto 5% of the total funding for programmatic components can be spe"
Economic & Social Issues,1a874661-957e-4c81-a90f-b0634834d889,NABARD-P1-ESI-2023,1,12,12,ESI-2023-Q012,"Population, Employment and Social Indicators",Census and demographic profile of India,esi-census-and-demographic-profile-of-india-f0423777,,"Q.12) As per the Economic Survey 2022-23, _____ of India's population lives in the rural areas and 47% of the population"
Economic & Social Issues,1a874661-957e-4c81-a90f-b0634834d889,NABARD-P1-ESI-2023,1,13,13,ESI-2023-Q013,"Indian Economy, Public Finance and Industry",Long-term growth strategy and policy vision,esi-long-term-growth-strategy-and-policy-vision-c7c157e1,,"Q.13) In an address delivered in August 2023 – “Building Blocks for a Sustainable Future”, the RBI Governor mentioned si"
Economic & Social Issues,1a874661-957e-4c81-a90f-b0634834d889,NABARD-P1-ESI-2023,1,14,14,ESI-2023-Q014,Agricultural Economy and Food Policy,Biofuel and bioenergy programmes,esi-biofuel-and-bioenergy-programmes-2179315b,,"Q.14) The Global Biofuel Alliance, launched during G20 summit held in New Delhi, will help to accelerate which of the fo"
Economic & Social Issues,1a874661-957e-4c81-a90f-b0634834d889,NABARD-P1-ESI-2023,1,15,15,ESI-2023-Q015,"Indian Economy, Public Finance and Industry",Industrial production and statistical agencies,esi-industrial-production-and-statistical-agencies-cb39c8b6,,Q.15) The Central Statistical Organisation (CSO) is responsible for the compilation and publication of the Index of Indu
Economic & Social Issues,1a874661-957e-4c81-a90f-b0634834d889,NABARD-P1-ESI-2023,1,16,16,ESI-2023-Q016,"Population, Employment and Social Indicators",Gender statistics and indicators,esi-gender-statistics-and-indicators-0e67ccaa,,"Q.16) Gender indicators are quantitative metrics to provide information to monitor performance, measure achievement and "
Economic & Social Issues,1a874661-957e-4c81-a90f-b0634834d889,NABARD-P1-ESI-2023,1,17,17,ESI-2023-Q017,Rural Development and Panchayati Raj,Rural entrepreneurship and business incubation,esi-rural-entrepreneurship-and-business-incubation-31c4257a,,Q.17) Livelihood Business Incubator (LBI) is an entity set up for imparting skill development & incubation programmes fo
Economic & Social Issues,1a874661-957e-4c81-a90f-b0634834d889,NABARD-P1-ESI-2023,1,18,18,ESI-2023-Q018,Agricultural Economy and Food Policy,Crop production estimates and agricultural statistics,esi-crop-production-estimates-and-agricultural-statistics-cde429a8,,Q.18) Unified Portal for Agricultural Statistics (UPAg) is an advanced agricultural data management platform designed to
Economic & Social Issues,1a874661-957e-4c81-a90f-b0634834d889,NABARD-P1-ESI-2023,1,19,19,ESI-2023-Q019,"International Institutions, Indices and Reports",International economic forums and summit declarations,esi-international-economic-forums-and-summit-declarations-4cfa2293,,"Q.19) G20 New Delhi Declaration 2023 focusses on which areas relating to Gender equality, women empowerment and women le"
Economic & Social Issues,1a874661-957e-4c81-a90f-b0634834d889,NABARD-P1-ESI-2023,1,20,20,ESI-2023-Q020,"Banking, Credit and Financial Inclusion",Cooperatives and cooperative banks,esi-cooperatives-and-cooperative-banks-64438c62,,Q.20) RBI has taken various initiatives to improve the financial resilience of Indian Banking sector. One is the categor
Economic & Social Issues,1a874661-957e-4c81-a90f-b0634834d889,NABARD-P1-ESI-2023,1,21,21,ESI-2023-Q021,"Education, Health and Human Development",School education schemes and curriculum frameworks,esi-school-education-schemes-and-curriculum-frameworks-ce15e747,,Q.21) Which of the following statements is true about National Curriculum Framework for School Education (NCF-SE)? on as
Economic & Social Issues,1a874661-957e-4c81-a90f-b0634834d889,NABARD-P1-ESI-2023,1,22,22,ESI-2023-Q022,"Banking, Credit and Financial Inclusion",Digital finance and technology in banking,esi-digital-finance-and-technology-in-banking-a1a8e123,,"Q.22) RBI Deputy Governor Michael Debabrata, in Sep 2023, highlighted that financial sector in India is on the cusp of a"
Economic & Social Issues,1a874661-957e-4c81-a90f-b0634834d889,NABARD-P1-ESI-2023,1,23,23,ESI-2023-Q023,"Banking, Credit and Financial Inclusion",Priority sector lending norms,esi-priority-sector-lending-norms-05568a2d,,Q.23) Bank loan for _________ upto an aggregate limit of ₹100 crore per borrower will be eligible to be classified as an
Economic & Social Issues,1a874661-957e-4c81-a90f-b0634834d889,NABARD-P1-ESI-2023,1,24,24,ESI-2023-Q024,"Banking, Credit and Financial Inclusion",Priority sector lending norms,esi-priority-sector-lending-norms-05568a2d,,Q.24) Bank loan to individuals for education purposes including vocational courses up to maximum amount _______ will be 
Economic & Social Issues,1a874661-957e-4c81-a90f-b0634834d889,NABARD-P1-ESI-2023,1,25,25,ESI-2023-Q025,"Population, Employment and Social Indicators",Skill development and apprenticeship,esi-skill-development-and-apprenticeship-b69d40f8,,Q.25) ‘Skills on Wheels’ initiative launched by Ministry of Skill Development and Empowerment in collaboration with NSDC
Economic & Social Issues,1a874661-957e-4c81-a90f-b0634834d889,NABARD-P1-ESI-2023,1,26,26,ESI-2023-Q026,Agricultural Economy and Food Policy,Agricultural marketing reform and indices,esi-agricultural-marketing-reform-and-indices-387d7e72,,"Q.26) The Ministry of Agriculture & Farmers' Welfare, GoI, has approved the continuation of AMI sub-scheme of ISAM upto "
Economic & Social Issues,1a874661-957e-4c81-a90f-b0634834d889,NABARD-P1-ESI-2023,1,27,27,ESI-2023-Q027,"Population, Employment and Social Indicators",Population projections,esi-population-projections-d1e88ca6,,"Q.27) As per report of technical group on population projection (July 2020) by National Commission on Population, Minist"
Economic & Social Issues,1a874661-957e-4c81-a90f-b0634834d889,NABARD-P1-ESI-2023,1,28,28,ESI-2023-Q028,"Education, Health and Human Development","Adult, vocational and non-formal education",esi-adult-vocational-and-non-formal-education-e5e53aa8,,"Q.28) The target beneficiaries of ‘Jan Shikshan Sansthan’ scheme are non-literates, neoliterates, and persons having a r"
Economic & Social Issues,1a874661-957e-4c81-a90f-b0634834d889,NABARD-P1-ESI-2023,1,29,29,ESI-2023-Q029,Agricultural Economy and Food Policy,e-NAM and electronic agricultural markets,esi-e-nam-and-electronic-agricultural-markets-5a469ac2,,Q.29) Name the pan-India electronic trading portal for transparent sale transactions and price discovery initially in re
Economic & Social Issues,1a874661-957e-4c81-a90f-b0634834d889,NABARD-P1-ESI-2023,1,30,30,ESI-2023-Q030,Rural Development and Panchayati Raj,"DAY-NRLM, self-help groups and rural livelihoods",esi-day-nrlm-self-help-groups-and-rural-livelihoods-afd82160,,"Q.30) Under the DAY-NRLM scheme, the households are identified with minimum 1- deprivation criterion as per the Socio Ec"
Economic & Social Issues,1a874661-957e-4c81-a90f-b0634834d889,NABARD-P1-ESI-2023,1,31,31,ESI-2023-Q031,"Banking, Credit and Financial Inclusion",Financial inclusion and Jan Dhan,esi-financial-inclusion-and-jan-dhan-71aa2972,,Q.31) Pradhan Mantri Jan-Dhan Yojana (PMJDY) is National Mission for Financial Inclusion to ensure access to financial s
Economic & Social Issues,1a874661-957e-4c81-a90f-b0634834d889,NABARD-P1-ESI-2023,1,32,32,ESI-2023-Q032,Welfare Schemes and Social Security,"Food security, PDS and free foodgrain schemes",esi-food-security-pds-and-free-foodgrain-schemes-f4f74cbc,,"Q.32) As per the provision of NFSA 2013, government has decided to provide food grains free of cost for a period of ____"
Economic & Social Issues,1a874661-957e-4c81-a90f-b0634834d889,NABARD-P1-ESI-2023,1,33,33,ESI-2023-Q033,Welfare Schemes and Social Security,Clean cooking fuel and energy access schemes,esi-clean-cooking-fuel-and-energy-access-schemes-14bfe216,,Q.33) The Central government has approved extension of PMUY in September 2023. This approval made provision for _____ ad
Economic & Social Issues,1a874661-957e-4c81-a90f-b0634834d889,NABARD-P1-ESI-2023,1,34,34,ESI-2023-Q034,"Banking, Credit and Financial Inclusion","Credit schemes for SC, ST and women entrepreneurs",esi-credit-schemes-for-sc-st-and-women-entrepreneurs-16e66d55,,"Q.34) As per the guidelines of Stand-Up India Scheme, loans between Rs 10 lakh and _____ will be provided to at least on"
Economic & Social Issues,1a874661-957e-4c81-a90f-b0634834d889,NABARD-P1-ESI-2023,1,35,35,ESI-2023-Q035,"Banking, Credit and Financial Inclusion","Credit schemes for SC, ST and women entrepreneurs",esi-credit-schemes-for-sc-st-and-women-entrepreneurs-16e66d55,,Q.35) Under the Small loan scheme for individuals from National Backward Classes Finance and Development Corporation (NB
Economic & Social Issues,1a874661-957e-4c81-a90f-b0634834d889,NABARD-P1-ESI-2023,1,36,36,ESI-2023-Q036,Welfare Schemes and Social Security,Pension schemes for unorganised workers and farmers,esi-pension-schemes-for-unorganised-workers-and-farmers-d8bd0eda,,Q.36) Which category of persons are eligible to join NPS – All Citizen Modal scheme? 1. An Indian Citizen (Resident or N
Economic & Social Issues,1a874661-957e-4c81-a90f-b0634834d889,NABARD-P1-ESI-2023,1,37,37,ESI-2023-Q037,"Education, Health and Human Development",Scholarships and student support schemes,esi-scholarships-and-student-support-schemes-8b26012c,,Q.37) Which of the following schemes have been merged and renamed as Scholarships for Higher Education for Young Achieve
Economic & Social Issues,1a874661-957e-4c81-a90f-b0634834d889,NABARD-P1-ESI-2023,1,38,38,ESI-2023-Q038,"Education, Health and Human Development",Ayushman Bharat and health insurance,esi-ayushman-bharat-and-health-insurance-0f8290e9,,Q.38) PMJAY provides coverage of max ____ per year per family for the secondary and tertiary care hospitalization.
Economic & Social Issues,1a874661-957e-4c81-a90f-b0634834d889,NABARD-P1-ESI-2023,1,39,39,ESI-2023-Q039,Welfare Schemes and Social Security,Pension schemes for unorganised workers and farmers,esi-pension-schemes-for-unorganised-workers-and-farmers-d8bd0eda,,Q.39) Which of the following is a biometric enabled digital service for pensioners of Central government/ State governme
Economic & Social Issues,1a874661-957e-4c81-a90f-b0634834d889,NABARD-P1-ESI-2023,1,40,40,ESI-2023-Q040,Rural Development and Panchayati Raj,Rural and urban housing schemes,esi-rural-and-urban-housing-schemes-92031959,,Q.40) Which of the following is not an automatic/compulsory inclusion under Pradhan Mantri Awas Yojana (Gramin)?
Economic & Social Issues,1a874661-957e-4c81-a90f-b0634834d889,NABARD-P2-ARD-2020,2,24,24,ARD-2020-Q024,"International Institutions, Indices and Reports",Multilateral development banks and the IMF,esi-multilateral-development-banks-and-the-imf-76ca8ef5,,Q.24) International Monetary fund was established in which of following year?
Economic & Social Issues,1a874661-957e-4c81-a90f-b0634834d889,NABARD-P2-ARD-2020,2,25,25,ARD-2020-Q025,"International Institutions, Indices and Reports",WTO and global trade bodies,esi-wto-and-global-trade-bodies-8a33bd0d,,Q.25) Which of the following statements regarding World Trade organisation are NOT true?
Economic & Social Issues,1a874661-957e-4c81-a90f-b0634834d889,NABARD-P2-ARD-2020,2,26,26,ARD-2020-Q026,"Population, Employment and Social Indicators",Population theories and demographic transition,esi-population-theories-and-demographic-transition-a323bbe5,,"Q.26) What is the concept in which the stable high fertility and mortality population is converted to low-fertility, low"
Economic & Social Issues,1a874661-957e-4c81-a90f-b0634834d889,NABARD-P2-ARD-2020,2,27,27,ARD-2020-Q027,"Education, Health and Human Development",Right to Education Act,esi-right-to-education-act-f785667a,,Q.27) RTE Act was enacted in year 2009 which came into effect from which of the following years?
Economic & Social Issues,1a874661-957e-4c81-a90f-b0634834d889,NABARD-P2-ARD-2020,2,29,29,ARD-2020-Q029,"Population, Employment and Social Indicators",Poverty measurement and multidimensional poverty,esi-poverty-measurement-and-multidimensional-poverty-fccf8721,,Q.29) The committee was set up in the backdrop of national outrage over the Planning Commission’s suggested poverty line
Economic & Social Issues,1a874661-957e-4c81-a90f-b0634834d889,NABARD-P2-ARD-2023,2,1,1,ARDESI-2023-Q001,"Banking, Credit and Financial Inclusion",Cooperatives and cooperative banks,esi-cooperatives-and-cooperative-banks-64438c62,,Q.1) PACS has been mentioned in the above paragraph. What does the PACS stand for?
Economic & Social Issues,1a874661-957e-4c81-a90f-b0634834d889,NABARD-P2-ARD-2023,2,2,2,ARDESI-2023-Q002,"Banking, Credit and Financial Inclusion",Cooperatives and cooperative banks,esi-cooperatives-and-cooperative-banks-64438c62,,Q.2) The center has announced a 47 -member committee under former union minister ___________ to prepare the national coo
Economic & Social Issues,1a874661-957e-4c81-a90f-b0634834d889,NABARD-P2-ARD-2023,2,3,3,ARDESI-2023-Q003,"Banking, Credit and Financial Inclusion",Cooperatives and cooperative banks,esi-cooperatives-and-cooperative-banks-64438c62,,"Q.3) In order to make PACS self-reliant and in tune with ‘Atmnirbhar Bharat Abhiyaan’ the government of India has, on 29"
Economic & Social Issues,1a874661-957e-4c81-a90f-b0634834d889,NABARD-P2-ARD-2023,2,4,4,ARDESI-2023-Q004,"Banking, Credit and Financial Inclusion",Cooperatives and cooperative banks,esi-cooperatives-and-cooperative-banks-64438c62,,Q.4) Which of the following is the implementing agency for the centrally sponsored project for the computerization of pr
Economic & Social Issues,1a874661-957e-4c81-a90f-b0634834d889,NABARD-P2-ARD-2023,2,9,9,ARDESI-2023-Q009,Rural Development and Panchayati Raj,"MGNREGA design, entitlements and performance",esi-mgnrega-design-entitlements-and-performance-91290406,,Q.9) How many days of wage employment is provided under MGNREGS for Scheduled Tribe households living in forest areas?
Economic & Social Issues,1a874661-957e-4c81-a90f-b0634834d889,NABARD-P2-ARD-2023,2,10,10,ARDESI-2023-Q010,Rural Development and Panchayati Raj,"MGNREGA design, entitlements and performance",esi-mgnrega-design-entitlements-and-performance-91290406,,"Q.10) Under the MGNREGS, additional 50 days of wage employment are provided over and above 100 days in the areas affecte"
Economic & Social Issues,1a874661-957e-4c81-a90f-b0634834d889,NABARD-P2-ARD-2023,2,11,11,ARDESI-2023-Q011,Rural Development and Panchayati Raj,"MGNREGA design, entitlements and performance",esi-mgnrega-design-entitlements-and-performance-91290406,,"Q.11) Under the MGNREGS, if the demanded employment is not provided within 15 days, the applicant is entitled to an unem"
Economic & Social Issues,1a874661-957e-4c81-a90f-b0634834d889,NABARD-P2-ARD-2023,2,12,12,ARDESI-2023-Q012,Rural Development and Panchayati Raj,"MGNREGA design, entitlements and performance",esi-mgnrega-design-entitlements-and-performance-91290406,,Q.12) Which among the following initiative are organised at every ward and Gram Panchayat level at least once a month fo
Economic & Social Issues,1a874661-957e-4c81-a90f-b0634834d889,NABARD-P2-ARD-2023,2,13,13,ARDESI-2023-Q013,"Education, Health and Human Development",Disease elimination missions,esi-disease-elimination-missions-95daea43,,Q.13) Identify the programme mentioned in the paragraph.
Economic & Social Issues,1a874661-957e-4c81-a90f-b0634834d889,NABARD-P2-ARD-2023,2,14,14,ARDESI-2023-Q014,"Education, Health and Human Development",Disease elimination missions,esi-disease-elimination-missions-95daea43,,Q.14) Which of the following preventive measures have been taken as a part of the programme mentioned in the paragraph? 
Economic & Social Issues,1a874661-957e-4c81-a90f-b0634834d889,NABARD-P2-ARD-2023,2,15,15,ARDESI-2023-Q015,"Education, Health and Human Development",Disease elimination missions,esi-disease-elimination-missions-95daea43,,Q.15) Which of the following statement(s) is correct with respect to the mission discussed in above paragraph? 1. People
Economic & Social Issues,1a874661-957e-4c81-a90f-b0634834d889,NABARD-P2-ARD-2023,2,16,16,ARDESI-2023-Q016,"Education, Health and Human Development",Disease elimination missions,esi-disease-elimination-missions-95daea43,,Q.16) The programme mentioned in the paragraph aims to eliminate Sickle Cell Anaemia by which year?
Economic & Social Issues,1a874661-957e-4c81-a90f-b0634834d889,NABARD-P2-ARD-2023,2,17,17,ARDESI-2023-Q017,"Indian Economy, Public Finance and Industry",Union Budget provisions and taxation,esi-union-budget-provisions-and-taxation-f43747fa,,"Q.17) Union Finance Minister, Smt. Nirmala Sitharaman has announced in her budget speech about the allocation of an amou"
Economic & Social Issues,1a874661-957e-4c81-a90f-b0634834d889,NABARD-P2-ARD-2023,2,26,26,ARDESI-2023-Q026,Welfare Schemes and Social Security,Artisan and traditional-trade schemes,esi-artisan-and-traditional-trade-schemes-7f089b75,,Q.26) Which of the following persons are eligible to get the benefits under PM Vishwakarma Scheme? 1. Ram who is a wood 
Economic & Social Issues,1a874661-957e-4c81-a90f-b0634834d889,NABARD-P2-ARD-2023,2,27,27,ARDESI-2023-Q027,"Education, Health and Human Development",Scholarships and student support schemes,esi-scholarships-and-student-support-schemes-8b26012c,,"Q.27) Which of the following persons can apply under the “National Overseas Scheme for SCs”, a subscheme of umbrella sch"
Economic & Social Issues,1a874661-957e-4c81-a90f-b0634834d889,NABARD-P2-ARD-2023,2,28,28,ARDESI-2023-Q028,Rural Development and Panchayati Raj,Rural land records and property rights,esi-rural-land-records-and-property-rights-3ca875b7,,Q.28) ______________ aims to provide the ‘Record of Rights’ to village household owners possessing houses in inhabited a
Economic & Social Issues,1a874661-957e-4c81-a90f-b0634834d889,NABARD-P2-ARD-2023,2,30,30,ARDESI-2023-Q030,Welfare Schemes and Social Security,Street vendor credit and livelihood schemes,esi-street-vendor-credit-and-livelihood-schemes-1f8c2168,,Q.30) Which scheme aims to provide financial support to street vendors to resume their livelihoods and help them become 
Economic & Social Issues,1a874661-957e-4c81-a90f-b0634834d889,NABARD-P2-ESI-2020,2,31,1,ESI-2020-Q031,Welfare Schemes and Social Security,Street vendor credit and livelihood schemes,esi-street-vendor-credit-and-livelihood-schemes-1f8c2168,,Q.31) Which of the following is not true regarding PMSVANIDHI scheme?
Economic & Social Issues,1a874661-957e-4c81-a90f-b0634834d889,NABARD-P2-ESI-2020,2,33,3,ESI-2020-Q033,"Education, Health and Human Development",Tribal residential education,esi-tribal-residential-education-f08200bf,,Q.33) Eklavya Model Residential Schools (EMRS) have been opened for which of the following communities in India?
Economic & Social Issues,1a874661-957e-4c81-a90f-b0634834d889,NABARD-P2-ESI-2020,2,34,4,ESI-2020-Q034,"Indian Economy, Public Finance and Industry",Public debt and external liabilities,esi-public-debt-and-external-liabilities-c0e148a4,,"Q.34) According to RBI data, what is central governments external debt by march 2020?"
Economic & Social Issues,1a874661-957e-4c81-a90f-b0634834d889,NABARD-P2-ESI-2020,2,35,5,ESI-2020-Q035,Welfare Schemes and Social Security,Pension schemes for unorganised workers and farmers,esi-pension-schemes-for-unorganised-workers-and-farmers-d8bd0eda,,Q.35) Which of the following has been the eligible age group under PMSYM?
Economic & Social Issues,1a874661-957e-4c81-a90f-b0634834d889,NABARD-P2-ESI-2020,2,36,6,ESI-2020-Q036,Welfare Schemes and Social Security,Women and child welfare schemes,esi-women-and-child-welfare-schemes-b322a19f,,Q.36) Which of the following amount has been given to Pregnant and Lactating mothers under the PMMVY?
Economic & Social Issues,1a874661-957e-4c81-a90f-b0634834d889,NABARD-P2-ESI-2020,2,37,7,ESI-2020-Q037,Rural Development and Panchayati Raj,"MGNREGA design, entitlements and performance",esi-mgnrega-design-entitlements-and-performance-91290406,,Q.37) MGNREGA monitoring at village level is done by which of the following bodies?
Economic & Social Issues,1a874661-957e-4c81-a90f-b0634834d889,NABARD-P2-ESI-2020,2,38,8,ESI-2020-Q038,Rural Development and Panchayati Raj,"DAY-NRLM, self-help groups and rural livelihoods",esi-day-nrlm-self-help-groups-and-rural-livelihoods-afd82160,,Q.38) The Mission aims at creating efficient and effective institutional platforms of the rural poor enabling them to in
Economic & Social Issues,1a874661-957e-4c81-a90f-b0634834d889,NABARD-P2-ESI-2020,2,39,9,ESI-2020-Q039,Agricultural Economy and Food Policy,Doubling farmers' income and its committees,esi-doubling-farmers-income-and-its-committees-2c3e3962,,Q.39) Which of the following committees has been setup by the government for Doubling farmers income?
Economic & Social Issues,1a874661-957e-4c81-a90f-b0634834d889,NABARD-P2-ESI-2020,2,40,10,ESI-2020-Q040,Rural Development and Panchayati Raj,Swachh Bharat and sanitation missions,esi-swachh-bharat-and-sanitation-missions-9b655979,,"Q.40) Which scheme related to sanitation was launched on 2 nd October, 2014 as a tribute to Mahatma Gandhi with aim to m"
Economic & Social Issues,1a874661-957e-4c81-a90f-b0634834d889,NABARD-P2-ESI-2020,2,41,11,ESI-2020-Q041,Agricultural Economy and Food Policy,Crop insurance schemes,esi-crop-insurance-schemes-96129bd7,,Q.41) Identify the scheme that has been launched by the Government to provide insurance to farmers in case of crop failu
Economic & Social Issues,1a874661-957e-4c81-a90f-b0634834d889,NABARD-P2-ESI-2020,2,42,12,ESI-2020-Q042,Rural Development and Panchayati Raj,Rurban clusters and rural cluster development,esi-rurban-clusters-and-rural-cluster-development-fb33f5cb,,Q.42) Which mission has been launched by the Government to create well planned Rurban clusters and to stimulate local ec
Economic & Social Issues,1a874661-957e-4c81-a90f-b0634834d889,NABARD-P2-ESI-2020,2,43,13,ESI-2020-Q043,Agricultural Economy and Food Policy,Livestock and dairy development programmes,esi-livestock-and-dairy-development-programmes-2c0b8e57,,Q.43) Which of the following is not a sub-mission of National Livestock Mission.
Economic & Social Issues,1a874661-957e-4c81-a90f-b0634834d889,NABARD-P2-ESI-2020,2,44,14,ESI-2020-Q044,"Banking, Credit and Financial Inclusion",Lead Bank Scheme and district credit planning,esi-lead-bank-scheme-and-district-credit-planning-595fb697,,"Q.44) Under the Lead Bank Scheme, the District Coordination Committee must meet after ____X____ period of intervals."
Economic & Social Issues,1a874661-957e-4c81-a90f-b0634834d889,NABARD-P2-ESI-2020,2,45,15,ESI-2020-Q045,Agricultural Economy and Food Policy,Climate change initiatives in agriculture,esi-climate-change-initiatives-in-agriculture-3b7a236e,,Q. 45) Which of the following schemes are a part of the publication mentioned above in the passage? 1) International Sol
Economic & Social Issues,1a874661-957e-4c81-a90f-b0634834d889,NABARD-P2-ESI-2020,2,46,16,ESI-2020-Q046,"Indian Economy, Public Finance and Industry",Renewable energy targets and efficiency schemes,esi-renewable-energy-targets-and-efficiency-schemes-27352d93,,Q.46)India has a target of ___________GW of renewable energy by 2022.
Economic & Social Issues,1a874661-957e-4c81-a90f-b0634834d889,NABARD-P2-ESI-2020,2,47,17,ESI-2020-Q047,"Indian Economy, Public Finance and Industry",Renewable energy targets and efficiency schemes,esi-renewable-energy-targets-and-efficiency-schemes-27352d93,,Q.47) Which of the schemes are related to LED Distribution scheme.
Economic & Social Issues,1a874661-957e-4c81-a90f-b0634834d889,NABARD-P2-ESI-2020,2,48,18,ESI-2020-Q048,"Population, Employment and Social Indicators",Skill development and apprenticeship,esi-skill-development-and-apprenticeship-b69d40f8,,Q.48) Reimbursement % of training layout provided by government under PMKVY is__________.
Economic & Social Issues,1a874661-957e-4c81-a90f-b0634834d889,NABARD-P2-ESI-2020,2,49,19,ESI-2020-Q049,"Population, Employment and Social Indicators",Skill development and apprenticeship,esi-skill-development-and-apprenticeship-b69d40f8,,Q.49) Three statements are given. Select the correct statement. 1) To increase the number of candidates 2) Get maximum s
Economic & Social Issues,1a874661-957e-4c81-a90f-b0634834d889,NABARD-P2-ESI-2020,2,50,20,ESI-2020-Q050,"Population, Employment and Social Indicators",Skill development and apprenticeship,esi-skill-development-and-apprenticeship-b69d40f8,,Q.50) Maximum financial support can be provided per month per trainee is________.
Economic & Social Issues,1a874661-957e-4c81-a90f-b0634834d889,NABARD-P2-ESI-2020,2,51,21,ESI-2020-Q051,"Population, Employment and Social Indicators",Skill development and apprenticeship,esi-skill-development-and-apprenticeship-b69d40f8,,Q.51) PMKVY was launched under which of the following scheme?
Economic & Social Issues,1a874661-957e-4c81-a90f-b0634834d889,NABARD-P2-ESI-2020,2,52,22,ESI-2020-Q052,"Banking, Credit and Financial Inclusion",Public sector bank reforms,esi-public-sector-bank-reforms-3d69d7d1,,Q.52) Identify the index which is mentioned above in the passage.
Economic & Social Issues,1a874661-957e-4c81-a90f-b0634834d889,NABARD-P2-ESI-2020,2,53,23,ESI-2020-Q053,"Banking, Credit and Financial Inclusion",Public sector bank reforms,esi-public-sector-bank-reforms-3d69d7d1,,Q.53) Which of the following reforms related to PSBs were introduced in 2020 406 | P a g e 1) Dial-a-loan 2) Tech-enable
Economic & Social Issues,1a874661-957e-4c81-a90f-b0634834d889,NABARD-P2-ESI-2020,2,54,24,ESI-2020-Q054,"Banking, Credit and Financial Inclusion",Public sector bank reforms,esi-public-sector-bank-reforms-3d69d7d1,,Q.54) PSBs measures the performance on the basis of how many numbers of performance metrices.
Economic & Social Issues,1a874661-957e-4c81-a90f-b0634834d889,NABARD-P2-ESI-2020,2,55,25,ESI-2020-Q055,Agricultural Economy and Food Policy,e-NAM and electronic agricultural markets,esi-e-nam-and-electronic-agricultural-markets-5a469ac2,,Q.55) Identify the portal?
Economic & Social Issues,1a874661-957e-4c81-a90f-b0634834d889,NABARD-P2-ESI-2020,2,57,27,ESI-2020-Q057,Agricultural Economy and Food Policy,Agricultural revolutions,esi-agricultural-revolutions-f75a3ef4,,"Q.57) This revolution in India, from an agricultural perspective, is a concept that advocates for sustainable and contin"
Economic & Social Issues,1a874661-957e-4c81-a90f-b0634834d889,NABARD-P2-ESI-2020,2,58,28,ESI-2020-Q058,"Indian Economy, Public Finance and Industry",National Infrastructure Pipeline and project dashboards,esi-national-infrastructure-pipeline-and-project-dashboards-79cb371c,,Q.58) Number of projects covered under Online dashboard.
Economic & Social Issues,1a874661-957e-4c81-a90f-b0634834d889,NABARD-P2-ESI-2020,2,59,29,ESI-2020-Q059,"Indian Economy, Public Finance and Industry",National Infrastructure Pipeline and project dashboards,esi-national-infrastructure-pipeline-and-project-dashboards-79cb371c,,Q.59) Identify the name of online dashboard?
Economic & Social Issues,1a874661-957e-4c81-a90f-b0634834d889,NABARD-P2-ESI-2020,2,60,30,ESI-2020-Q060,"Indian Economy, Public Finance and Industry",National Infrastructure Pipeline and project dashboards,esi-national-infrastructure-pipeline-and-project-dashboards-79cb371c,,Q.60) Q. What are the features of online dashboard? 1. Search a pan-India database for investment opportunities across s
Economic & Social Issues,1a874661-957e-4c81-a90f-b0634834d889,NABARD-P2-ESI-2020,2,61,31,ESI-2020-Q061,"Banking, Credit and Financial Inclusion",Bank fraud prevention and early warning,esi-bank-fraud-prevention-and-early-warning-6579cda4,,"Q.61) Government has launched ""Fraud Prevention and Management Function"" to enable, among others, effective investigatio"
Economic & Social Issues,1a874661-957e-4c81-a90f-b0634834d889,NABARD-P2-ESI-2020,2,62,32,ESI-2020-Q062,"Banking, Credit and Financial Inclusion",Bank fraud prevention and early warning,esi-bank-fraud-prevention-and-early-warning-6579cda4,,Q.62) “Fraud Prevention and Management function” is based on registry. This registry is based on which of the following?
Economic & Social Issues,1a874661-957e-4c81-a90f-b0634834d889,NABARD-P2-ESI-2020,2,63,33,ESI-2020-Q063,"Banking, Credit and Financial Inclusion",Housing finance and house price indices,esi-housing-finance-and-house-price-indices-56a4f7bc,,Q.63) Which of the following was first index indicating the prices of houses established in the year of 2007?
Economic & Social Issues,1a874661-957e-4c81-a90f-b0634834d889,NABARD-P2-ESI-2020,2,64,34,ESI-2020-Q064,Agricultural Economy and Food Policy,Livestock and dairy development programmes,esi-livestock-and-dairy-development-programmes-2c0b8e57,,Q.64) What is the contribution of livestock to agriculture GDP?
Economic & Social Issues,1a874661-957e-4c81-a90f-b0634834d889,NABARD-P2-ESI-2020,2,65,35,ESI-2020-Q065,"Population, Employment and Social Indicators",Census and demographic profile of India,esi-census-and-demographic-profile-of-india-f0423777,,Q.65) Child sex ratio is measured for an age group of?
Economic & Social Issues,1a874661-957e-4c81-a90f-b0634834d889,NABARD-P2-ESI-2020,2,66,26,ESI-2020-Q066,Agricultural Economy and Food Policy,Contract farming and market reform,esi-contract-farming-and-market-reform-c75445a9,,Q.66) Which State is first to introduce Contract farming in India? 407 | P a g e
Economic & Social Issues,1a874661-957e-4c81-a90f-b0634834d889,NABARD-P2-ESI-2021,2,1,1,ESI-2021-Q001,Rural Development and Panchayati Raj,Swachh Bharat and sanitation missions,esi-swachh-bharat-and-sanitation-missions-9b655979,,Q.1) How much amount has been allocated under the Swachh Bharat Mission Urban 2.0?
Economic & Social Issues,1a874661-957e-4c81-a90f-b0634834d889,NABARD-P2-ESI-2021,2,2,2,ESI-2021-Q002,"Banking, Credit and Financial Inclusion",MUDRA and micro-enterprise credit,esi-mudra-and-micro-enterprise-credit-46158941,,"Q.2) Under MUDRA Scheme, what is the maximum loan amount that can be offered to a borrower?"
Economic & Social Issues,1a874661-957e-4c81-a90f-b0634834d889,NABARD-P2-ESI-2021,2,3,3,ESI-2021-Q003,"Constitution, Governance and Institutions",Ministries and organisation of government,esi-ministries-and-organisation-of-government-7ea52ef4,,Q.3) Which among the following ministries is/are headed by Shri Piyush Goyal? 1) Ministry of Commerce & Industry 2) Mini
Economic & Social Issues,1a874661-957e-4c81-a90f-b0634834d889,NABARD-P2-ESI-2021,2,4,4,ESI-2021-Q004,"Education, Health and Human Development",National Education Policy 2020,esi-national-education-policy-2020-fd9f53fb,,"Q.4) Recently, India’s new National Education Policy (NEP) 2020 is set to replace the 10+2 schooling system in India wit"
Economic & Social Issues,1a874661-957e-4c81-a90f-b0634834d889,NABARD-P2-ESI-2021,2,5,5,ESI-2021-Q005,Rural Development and Panchayati Raj,"MGNREGA design, entitlements and performance",esi-mgnrega-design-entitlements-and-performance-91290406,,"Q.5) Under the MGNREGA Scheme, the duty of Programme Officer (PO) is to ensure that anyone who applied for work gets emp"
Economic & Social Issues,1a874661-957e-4c81-a90f-b0634834d889,NABARD-P2-ESI-2021,2,6,6,ESI-2021-Q006,"Education, Health and Human Development",Education sector market and online learning,esi-education-sector-market-and-online-learning-de9bb541,,"Q.6) As per recently released, “INDIAN EDUCATION SECTOR IN INDIA INDUSTRY REPORT”, India’s Online education market is fo"
Economic & Social Issues,1a874661-957e-4c81-a90f-b0634834d889,NABARD-P2-ESI-2021,2,7,7,ESI-2021-Q007,"Banking, Credit and Financial Inclusion",Banking regulation and legislation,esi-banking-regulation-and-legislation-ecffbc16,,Q.7) Identify the act mentioned in the above passage
Economic & Social Issues,1a874661-957e-4c81-a90f-b0634834d889,NABARD-P2-ESI-2021,2,8,8,ESI-2021-Q008,"Banking, Credit and Financial Inclusion",Banking regulation and legislation,esi-banking-regulation-and-legislation-ecffbc16,,Q.8) Which section of the Act mentioned in the above passage has been amended?
Economic & Social Issues,1a874661-957e-4c81-a90f-b0634834d889,NABARD-P2-ESI-2021,2,9,9,ESI-2021-Q009,"Banking, Credit and Financial Inclusion",Banking regulation and legislation,esi-banking-regulation-and-legislation-ecffbc16,,Q.9) Which of the following statements related to above mentioned act is correct? 1. The act will not be applicable to P
Economic & Social Issues,1a874661-957e-4c81-a90f-b0634834d889,NABARD-P2-ESI-2021,2,10,10,ESI-2021-Q010,"Education, Health and Human Development",Ayushman Bharat and health insurance,esi-ayushman-bharat-and-health-insurance-0f8290e9,,Q.10) The scheme envisions to help mitigate catastrophic expenditure on medical treatment on which among the following: 
Economic & Social Issues,1a874661-957e-4c81-a90f-b0634834d889,NABARD-P2-ESI-2021,2,11,11,ESI-2021-Q011,"Education, Health and Human Development",Ayushman Bharat and health insurance,esi-ayushman-bharat-and-health-insurance-0f8290e9,,"Q.11) Which among the following statements are not correct: 415 | P a g e 1) There is a Restriction on the family size, "
Economic & Social Issues,1a874661-957e-4c81-a90f-b0634834d889,NABARD-P2-ESI-2021,2,12,12,ESI-2021-Q012,Welfare Schemes and Social Security,Pandemic relief packages and worker support,esi-pandemic-relief-packages-and-worker-support-fa7351c0,,Q.12) Which among the following are the beneficiaries of the schemes mentioned the above passage 1) Home-based worker an
Economic & Social Issues,1a874661-957e-4c81-a90f-b0634834d889,NABARD-P2-ESI-2021,2,13,13,ESI-2021-Q013,"Education, Health and Human Development",National Education Policy 2020,esi-national-education-policy-2020-fd9f53fb,,Q.13) Which among the following is/are not one of the pillars of the policy mentioned in the above passage? 416 | P a g 
Economic & Social Issues,1a874661-957e-4c81-a90f-b0634834d889,NABARD-P2-ESI-2021,2,14,14,ESI-2021-Q014,"Education, Health and Human Development",National Education Policy 2020,esi-national-education-policy-2020-fd9f53fb,,Q.14) The Union Cabinet chaired by the Prime Minister Shri Narendra Modi approved the National Education Policy 2020 whi
Economic & Social Issues,1a874661-957e-4c81-a90f-b0634834d889,NABARD-P2-ESI-2021,2,15,15,ESI-2021-Q015,"Education, Health and Human Development",Education sector market and online learning,esi-education-sector-market-and-online-learning-de9bb541,,Q.15) Which of the following statements is correct in relation with UNICEF data on child education during pandemic? 1) 5
Economic & Social Issues,1a874661-957e-4c81-a90f-b0634834d889,NABARD-P2-ESI-2022,2,1,1,ESI-2022-Q001,Agricultural Economy and Food Policy,e-NAM and electronic agricultural markets,esi-e-nam-and-electronic-agricultural-markets-5a469ac2,,"Q.1) In 2020, e-NAM was integrated with Karnataka’s Unified Market Portal. This facilitates traders across both platform"
Economic & Social Issues,1a874661-957e-4c81-a90f-b0634834d889,NABARD-P2-ESI-2022,2,2,2,ESI-2022-Q002,Welfare Schemes and Social Security,Sanitation worker welfare and mechanised sanitation,esi-sanitation-worker-welfare-and-mechanised-sanitation-3201cd8f,,Q.2) Which of the following Statements is/are Correct outcomes of NAMASTE Scheme? 1) Zero fatalities in sanitation work 
Economic & Social Issues,1a874661-957e-4c81-a90f-b0634834d889,NABARD-P2-ESI-2022,2,3,3,ESI-2022-Q003,Welfare Schemes and Social Security,Sanitation worker welfare and mechanised sanitation,esi-sanitation-worker-welfare-and-mechanised-sanitation-3201cd8f,,Q.3) __________ Cities (converging with AMRUT cities) will be taken up under this phase of NAMASTE.
Economic & Social Issues,1a874661-957e-4c81-a90f-b0634834d889,NABARD-P2-ESI-2022,2,4,4,ESI-2022-Q004,Welfare Schemes and Social Security,Sanitation worker welfare and mechanised sanitation,esi-sanitation-worker-welfare-and-mechanised-sanitation-3201cd8f,,Q.4) The NAMASTE Scheme has been approved with an outlay of Rs. 360 crore for four years from 2022 -23 to____________.
Economic & Social Issues,1a874661-957e-4c81-a90f-b0634834d889,NABARD-P2-ESI-2022,2,5,5,ESI-2022-Q005,Rural Development and Panchayati Raj,Rural and urban housing schemes,esi-rural-and-urban-housing-schemes-92031959,,"Q.5) Under the PM Awas Yojana - Gramin, the minimum size of a house has been increased to _______ from the earlier 20 Sq"
Economic & Social Issues,1a874661-957e-4c81-a90f-b0634834d889,NABARD-P2-ESI-2022,2,6,6,ESI-2022-Q006,Rural Development and Panchayati Raj,Rural and urban housing schemes,esi-rural-and-urban-housing-schemes-92031959,,"Q.6) Under the PM Awas Yojana - Garmin, the monetary assistance for building pucca house is __________ in hilly states, "
Economic & Social Issues,1a874661-957e-4c81-a90f-b0634834d889,NABARD-P2-ESI-2022,2,7,7,ESI-2022-Q007,Rural Development and Panchayati Raj,Swachh Bharat and sanitation missions,esi-swachh-bharat-and-sanitation-missions-9b655979,,Q.7) Several Government Initiatives are being run under PM Awas Yojana - Gramin to achieve behavioural Change and Open D
Economic & Social Issues,1a874661-957e-4c81-a90f-b0634834d889,NABARD-P2-ESI-2022,2,8,8,ESI-2022-Q008,Agricultural Economy and Food Policy,Organic and natural farming schemes,esi-organic-and-natural-farming-schemes-739ab5db,,Q.8) A sub - scheme of P MKVY for the promotion of traditional agriculture Knowledge launched with the name?
Economic & Social Issues,1a874661-957e-4c81-a90f-b0634834d889,NABARD-P2-ESI-2022,2,9,9,ESI-2022-Q009,Agricultural Economy and Food Policy,Organic and natural farming schemes,esi-organic-and-natural-farming-schemes-739ab5db,,"Q.9) Under BPKP, financial assistance of Rs ____ for 3 years is provided for cluster formation, capacity building and co"
Economic & Social Issues,1a874661-957e-4c81-a90f-b0634834d889,NABARD-P2-ESI-2022,2,10,10,ESI-2022-Q010,Agricultural Economy and Food Policy,Organic and natural farming schemes,esi-organic-and-natural-farming-schemes-739ab5db,,Q.10) Which one of the following is not align with the aim and objectives of BPKP
Economic & Social Issues,1a874661-957e-4c81-a90f-b0634834d889,NABARD-P2-ESI-2022,2,11,11,ESI-2022-Q011,Welfare Schemes and Social Security,"Food security, PDS and free foodgrain schemes",esi-food-security-pds-and-free-foodgrain-schemes-f4f74cbc,,Q.11) Under PDS system the foodgrains via ration shops are provided at highly subsidized rate. The price for rice is ___
Economic & Social Issues,1a874661-957e-4c81-a90f-b0634834d889,NABARD-P2-ESI-2022,2,12,12,ESI-2022-Q012,Rural Development and Panchayati Raj,"MGNREGA design, entitlements and performance",esi-mgnrega-design-entitlements-and-performance-91290406,,"Q.12) Under MNREGA, additional workdays for ………………drought prone areas."
Economic & Social Issues,1a874661-957e-4c81-a90f-b0634834d889,NABARD-P2-ESI-2022,2,13,13,ESI-2022-Q013,"Indian Economy, Public Finance and Industry",Economic reforms of 1991 and liberalisation,esi-economic-reforms-of-1991-and-liberalisation-94cfbdf0,,Q.13) Organization conditionalities were followed in executing the 1991 LPG Reforms in India
Economic & Social Issues,1a874661-957e-4c81-a90f-b0634834d889,NABARD-P2-ESI-2022,2,14,14,ESI-2022-Q014,"Education, Health and Human Development",Community health workers and maternal-child health programmes,esi-community-health-workers-and-maternal-child-health-programmes-367b24d2,,Q.14) Which of the following statement is correct regarding to ASHA? 1) She should be illiterate. 2) Age limit should be
Economic & Social Issues,1a874661-957e-4c81-a90f-b0634834d889,NABARD-P2-ESI-2022,2,15,15,ESI-2022-Q015,"Education, Health and Human Development",Community health workers and maternal-child health programmes,esi-community-health-workers-and-maternal-child-health-programmes-367b24d2,,Q.15) Which of the following statement regarding RMNCH+ Scheme is correct 1) Prioritization of high -impact intervention
