row_type,row_id,paper_year,question_number_or_topic_id,text_preview,flags,sample_reason,decision,notes,assign_topic_id,difficulty
question,c32c55d4-24dd-4d3d-b23c-ee2140bf4aca,2020,1,Which of the following campaigns is aimed to improve the efficiency of welfare services intended for girls in India?,no_primary_tag,flagged,,,,
question,1124baae-5f40-45ec-b8ed-84a94d0e9e9e,2020,1,"During the registration of a company, the CRC issues _________",suspicious_repeat_char,flagged,,,,easy
question,5fdd7f50-8633-4e3b-8d94-6975391333ce,2020,1,Which of the following does not appear in Cash Budget?,,spot_check,,,,easy
question,f5b67d9b-39b4-4491-970a-0415102251f0,2020,1,Calculate the amount of net profit from the following. The Nifty Option Contract has 75 shares per lot. A person bought a call option on Nif,,spot_check,,,,medium
question,bf1d05ba-9989-4444-a462-62fac7c20250,2020,1,JIT is used in _________,suspicious_repeat_char,flagged,,,,easy
question,1f5bf81a-813a-4234-8ad8-c9ad82b40fd6,2020,1,What kind of a role the manager is performing when he is representing the company in all the industry meetings?,,spot_check,,,,easy
question,768b1806-62f6-40ee-862e-e6a148341634,2020,1,Tally Software is used for ____________,non_ascii_suspect;suspicious_repeat_char,flagged,,,,easy
question,a205b1ef-8920-486d-a363-8fc1d660dfa6,2020,1,Who among the following appoints the special auditor?,,spot_check,,,,easy
question,bc6a3eb1-32df-44df-aa02-79983adaa3ea,2020,1,Performance approach through rewards and punishment is called _________,suspicious_repeat_char,flagged,,,,easy
question,b26786f2-6768-46de-a9c3-025927366173,2020,1,"If demand curve is negatively sloped, then Law of demand says that quantity demanded is related with _______________",suspicious_repeat_char,flagged,,,,easy
question,cbdd50c0-ed24-4128-ad9e-f60815f1f27c,2020,1,BSE is headquartered at __________,suspicious_repeat_char,flagged,,,,easy
question,df85f85f-0c82-4295-aba9-bb7e768b17ba,2020,2,Statistics of population is known as _______________,suspicious_repeat_char;no_primary_tag,flagged,,,,
question,4ad4bdd1-2f01-47d3-a947-d9eb1065ae47,2020,2,"What is the total number of schedules in the Companies Act,2013?",,spot_check,,,,easy
question,f8844f67-ea63-44ac-b5b2-c8fc3ae66b10,2020,2,8000 units were introduced in the process. 5% is the normal loss. 6600 units were transferred to next process. WIP is 1000 units which is 60,,,,,,medium
question,fb6e0328-bf77-4518-93ff-164d00c26f4a,2020,2,"If a hotel provides complimentary breakfast to its guests, then what kind of supply is this in the context of GST?",,,,,,easy
question,1624f665-24f2-4b0b-aba2-16cc9e6df28a,2020,2,"If the Contribution is = Rs 40,000; Sales is = Rs 2,00,000. What is the P/V Ratio?",,spot_check,,,,medium
question,5d179f8d-d46f-4492-bdee-83304cc5619e,2020,2,"If a manager informs employees of policies and related stuff, then the role played by him is that of a ___________",suspicious_repeat_char,flagged,,,,easy
question,e7a8997b-1d43-494c-84ad-d9d9b9f1c024,2020,2,Bill of exchange drawn in parts is known as __________,suspicious_repeat_char,flagged,,,,easy
question,c30c5094-1317-4374-863f-99954ac1a0e3,2020,2,The Auditor can be removed before expiry of his term by which of the following?,,,,,,easy
question,3f001dba-a1ab-4484-909e-51808ae6576a,2020,2,O in SWOT Stands for __________,suspicious_repeat_char,flagged,,,,easy
question,9e24fbf3-7303-4948-86ba-c4789dfb15c1,2020,2,The Phillips Curve is a relationship between ___________,suspicious_repeat_char,flagged,,,,easy
question,31ce0bbd-2cbf-4255-a22a-dc3f40c774bd,2020,2,DT in DTAA stands for __________,suspicious_repeat_char,flagged,,,,easy
question,ef8a4cc4-dbf6-47f8-9272-ee3a8cdb24a1,2020,3,Which animal is displayed in the Make in India logo?,no_primary_tag,flagged,,,,
question,020f4397-57d1-45e5-8fa9-9b8cfc681fcc,2020,3,"If there is charge against company properties, it is registered with _______",suspicious_repeat_char,flagged,,,,easy
question,f74e9a64-e1b9-4825-95e2-80601ac55e7a,2020,3,Sales unit is 162500. Total Actual Cost is Rs 3 lakhs. Actual Fixed Cost is Rs 87000 (in line with budgeted cost). Total Actual Cost is Rs 1,,,,,,medium
question,d76cf58b-105b-41c6-88c7-95af5c9f6dcc,2020,3,Open Interest indicates ___________,suspicious_repeat_char,flagged,,,,easy
question,9dccabb3-206b-49b6-a725-6a083de0c15d,2020,3,Labour Turnover = ________________,suspicious_repeat_char,flagged,,,,easy
question,2e4f51aa-269f-443d-a2f1-626095553db1,2020,3,"The role played by a HR manager in the career planning, training and development of a worker is __________",suspicious_repeat_char,flagged,,,,easy
question,653b8379-7430-45bc-bde4-89cc93b34bf2,2020,3,"If partnership deed is not there, then how the profit is distributed among partners?",,spot_check,,,,easy
question,035d0deb-9c7b-41e6-83c9-22af128184b1,2020,3,Which section of the Companies Act gives power to SEBI to issue of capital and transfer of shares? Options:,,,,,,easy
question,402fe1d1-2b7c-4835-a669-be742149e527,2020,3,What is the full form of CPM?,,spot_check,,,,easy
question,a4bb3bb7-3374-4f76-9a75-6fbb917b77b8,2020,3,"From the following, select the correct phase of business cycle.",,spot_check,,,,easy
question,0e137159-5f41-4965-abdd-25e24f2e4973,2020,3,NBFCs are regulated by ___________,suspicious_repeat_char,flagged,,,,easy
question,b4922cd7-318c-45b8-87f4-fa7518942607,2020,4,Which of the following can be considered as FDI apart from investing in one’s home currency? Options:,non_ascii_suspect,flagged,,,,
question,605c3a8f-b1c1-404a-bddb-004e6078bf81,2020,4,"The Selling price per unit is Rs 40. The P/V Ratio is 40%. The amount of fixed costs = Rs 60,000. Find the BEP in units.",,spot_check,,,,medium
question,a1171fef-d726-49c0-ac48-9a5686d83f66,2020,4,Roles and Responsibilities of Forward Market Commission duties are transferred to ____________,suspicious_repeat_char,flagged,,,,easy
question,906c835b-92c4-4551-9376-c72b079aadf6,2020,4,"In trait approach theory, intelligence, emotion, knowledge form which trait of the leader?",,,,,,easy
question,17243816-9c29-478b-b480-fbe07d39a069,2020,4,Rent Expenses were charged to the books of accounts for 11 months but it was not charged in the 12th month. Which type of error is this?,,,,,,easy
question,6895879c-72f7-4647-94c6-a17f6be3a344,2020,4,Reduction of share capital can be done with the approval of _________,suspicious_repeat_char,flagged,,,,easy
question,0b11d219-40c7-4cb3-bae5-12763a18f3e6,2020,4,Which of the following would be best for process improvement?,,,,,,easy
question,b4955810-c055-4bef-a45c-8dacd94149a5,2020,4,What is difference between M1 and M3 in money supply in India?,,,,,,easy
question,d0835745-7485-4349-80f2-d1fc31b94fca,2020,4,Which type of Tax is handled by the CBDT?,,spot_check,,,,easy
question,a72fe8f2-ac5d-4b89-a609-8d7ec54b8667,2020,5,"The ____________ states that other factors being constant, price and quantity demand of any good and service are inversely related to each o",suspicious_repeat_char,flagged,,,,
question,a00259ed-fcd0-42fa-928e-f79e3c224035,2020,5,MRP II is a type of __________,suspicious_repeat_char,flagged,,,,easy
question,55a2534b-eea5-447d-9342-3588a44f615b,2020,5,Stock Price is Rs 60. The Initial Margin is 40% and Maintenance Margin is 20%. At what price the Margin Call would be made?,,,,,,medium
question,66589e04-84cc-40bc-a88f-1e52e999bbad,2020,5,Which of the following are qualities of an effective leader?,,,,,,easy
question,912ed088-db33-4742-86aa-e6a7c836194b,2020,5,"While calculating income from house property, Municipal Taxes are treated on _______basis",suspicious_repeat_char;no_primary_tag,flagged,,,,
question,7430fe64-0144-4c00-a10a-10efd00e5f25,2020,5,As per law what is this company called when 1 partner has 999 shares and another has 1 share? Options:,,,,,,easy
question,57c8b486-0caa-48a0-a355-f30b9c38392c,2020,5,Income and employment as per Keynes theory is determined by _____________,suspicious_repeat_char,flagged,,,,easy
question,7b4e072b-3823-4d15-b072-cd895bca0e89,2020,5,GSTIN is allotted based on _______,suspicious_repeat_char,flagged,,,,easy
question,b42c8f00-c489-4268-985a-5ac5664f39b1,2020,6,Which of the following is a technique of Inventory Management?,,,,,,easy
question,2b8ad1e5-7f64-40c2-addd-3f25a22e81c2,2020,6,"When the company dissolves, which of the following the debenture holders have the right to receive?",,,,,,easy
question,c0d1fdd2-71c6-44a2-a280-851ec95ae369,2020,6,"What is considered as the life spark of management and includes motivating, guiding, etc. to the employees?",,,,,,easy
question,843d579c-095f-4da9-b8e8-09bba8d7b219,2020,6,"If the total Assets are – Rs 36,000; Liabilities are – Rs 16,000; What is the amount of Equity?",non_ascii_suspect,flagged,,,,medium
question,78c1930c-46b3-4298-a37e-4b44d0bdeffb,2020,6,Which section of the Companies Act 2013 deals with the removal of the name of the company from the register of the companies?,,,,,,easy
question,67ef98d1-4bc8-4387-971a-3ac672c8f121,2020,6,Which of the following constitutes fiscal deficit?,,,,,,easy
question,8e335c71-b334-4c27-bec9-f0536b9f3901,2020,6,"As per the Constitution of India, when a bill is presented in the Parliament of India, who decides whether a Financial Bill is a money bill ",,,,,,easy
question,e36af9c4-fb54-44f2-9c12-8e08ca925964,2020,7,Over and Under Absorption of Overheads due to Normal Factors are ___________,suspicious_repeat_char,flagged,,,,easy
question,949a16f7-6126-4f0b-806c-e8cc5f5e464c,2020,7,Which instrument is used by foreign entities not registered with SEBI to invest in India markets via registered brokers?,,spot_check,,,,easy
question,c5adaa53-e129-41c2-af30-a18744dc36e3,2020,7,Which of the following is a psychological barrier? Options:,,spot_check,,,,easy
question,c0b85906-6854-49ef-a064-7c2051aba5cd,2020,7,The partner will open a current account when partner has __________,suspicious_repeat_char,flagged,,,,easy
question,c97d8f48-1698-4d46-844f-521c3363bad7,2020,7,What is the difference between GVA at Basic Price and GDP?,,,,,,easy
question,e0cc303d-d9f7-4b62-9c13-3ee3b7ebb472,2020,7,"Which section of IT Act, 1961 act is known as charging section?",,,,,,easy
question,836b68bd-fe37-4246-b131-31cd93172ff9,2020,8,Which of the following is aimed at eliminating waste and increasing efficiency?,,,,,,easy
question,c986bc3e-7655-4336-a67c-3ca58fd3377b,2020,8,Which of the following is not a part of the Money Market?,,,,,,easy
question,67982a30-5a81-4ba7-a330-07095fca4ad1,2020,8,What is the difference between morale and motivation?,,,,,,easy
question,3060fbc0-0404-4653-9bde-e3376b18e754,2020,8,Provision of tax is under which sub-head in balance sheet __________,suspicious_repeat_char,flagged,,,,easy
question,cd6c36b0-bb36-4b57-a583-b7918c915425,2020,8,Which of the following will not affect Current Account Deficit?,,,,,,easy
question,fe83a90e-9c5f-499c-86ac-d6f89cd21f9f,2020,8,Which of the following is a non-negotiable instrument?,,,,,,easy
question,6d6e6f5b-8303-48ab-a7d3-b307eb0c4426,2020,9,Which of the following is the most volatile investment?,,,,,,easy
question,1fc77083-bfc9-4de5-a2ef-5dda328035f8,2020,9,Which of the following is true about Oral Communication?,,,,,,easy
question,c371cd37-f963-47e1-b830-6faff3e28e28,2020,9,"Debit what comes in, credit what goes _______",suspicious_repeat_char,flagged,,,,easy
question,a883a55a-72d1-4341-be4a-e91d52feb324,2020,9,Market for Gold and silver is known as __________,suspicious_repeat_char,flagged,,,,easy
question,32b98021-7845-4f59-9a82-72892bc35ba7,2020,10,Financial goods and services is provided to economically weaker sections at affordable price by financial institutions then it is called? Op,,,,,,easy
question,9aab886b-abd1-4af3-9624-e458e3f57c3a,2020,10,Current assets are assets expected to be realized within ________,suspicious_repeat_char,flagged,,,,easy
question,7d32ef07-cf55-4985-81f3-fc8587f41206,2020,10,Which of the following is also known as lender of last resort?,,spot_check,,,,easy
question,0061d07b-b5e5-41f8-b8ff-68d1d4317b58,2020,11,Which of the following organisation is responsible for promotion and financing of MSMEs?,,,,,,easy
question,6dcfdf24-2be9-4929-8704-d0ce57ed7f58,2020,12,GST is applicable to ____________,suspicious_repeat_char,flagged,,,,easy
question,744a7653-51ca-48c2-9116-9d3db7b3372b,2020,13,Which of the following would be given least priority at the time of liquidation of company?,,,,,,easy
question,53754c71-bac9-4d1d-adfa-bd0ad913a588,2020,14,ITNS 281 challan form is used for __________,suspicious_repeat_char,flagged,,,,easy
question,f742c03f-e3f9-4cb5-a449-1c5fa220af89,2020,15,Debenture holders are paid ____________,suspicious_repeat_char,flagged,,,,easy
question,d8e1963a-5db1-43ec-946d-00cec99be734,2020,16,Full form of NAV is terms of Mutual Fund is __________,suspicious_repeat_char,flagged,,,,easy
question,c539b393-58a5-4580-9b80-f4f1176afa6d,2020,17,What is the meaning of C in LCR?,,,,,,easy
question,58338963-0994-44f9-9d41-2facb0c8bc8c,2020,18,Which of the following can be considered as FDI apart from investing in one’s home currency?,non_ascii_suspect,flagged,,,,easy
question,5a5dff2c-938b-43a6-a44f-3da88de85e20,2020,19,What kind of ratio is the Current Ratio?,,,,,,easy
tag,391c87bf-8679-4036-b38d-4b1d5b16031e,2020,027ddbab-051d-45f4-a7c7-b2c25673391c,Risk-free instruments and risk categories,,spot_check,,,,
tag,abc0e2ea-0397-4526-9508-33bcadd215e4,2020,033fa30b-ae86-4b44-8a16-5b64de7eb0e3,Income-tax — assessment and rectification,,,,,,
tag,b9513664-7850-4349-8cf0-1599f863fece,2020,033fa30b-ae86-4b44-8a16-5b64de7eb0e3,Income-tax — assessment and rectification,,,,,,
tag,dec4429b-0c5a-4ad9-a17a-e3f6fc01bef7,2020,056a48dc-4269-4973-8cd8-946badaf7689,Double entry and rules of debit and credit,,,,,,
tag,f7cb0540-f3d8-4c6b-bb97-e80931ef48b5,2020,0a2bea54-898e-44df-9325-48b7239e0baa,Foreign direct investment — modes and routes,,,,,,
tag,91d73ec1-9421-44aa-afd4-ad1c4726ad33,2020,0b69e931-462a-45ae-a993-fcc71df11dfa,Central Registration Centre and certificate of incorporation,,,,,,
tag,2ae72074-3217-4d95-a4e2-25b84f67dbb4,2020,0c61f5f4-a798-4f91-ba11-c8d3e9755f5c,Fiscal policy — instruments and stance,,,,,,
tag,a630e8d5-7c8e-4083-be34-bad901af2ebe,2020,177b68be-4bce-4c12-bc99-f7fabcbc1de6,"Bank advances — cash credit, overdraft, bill discounting",,,,,,
tag,cc3bd886-e89a-4bfa-adf0-c8c4ad04f699,2020,1b4a4381-e321-42ae-aca3-59c2ef411043,Registration of charges,,,,,,
tag,81b3a0f5-23f3-4e80-b083-a327fe2937b1,2020,1cefdf19-0cb1-4bad-a0f3-d5cde6ee8c46,Fixed vs floating rate securities,,,,,,
tag,1623b2e4-6001-4ebc-bed3-72617662aff0,2020,1cefdf19-0cb1-4bad-a0f3-d5cde6ee8c46,Fixed vs floating rate securities,,spot_check,,,,
tag,a96a76b5-60b9-4e81-b3e8-d5526d003d4f,2020,20d46b1a-d0d4-4211-8d9c-829a9e68c15f,Schedule III — Balance Sheet heads and sub-heads,,,,,,
tag,5c5f08b2-ae83-449b-8920-0e6b2cb9bd07,2020,20d46b1a-d0d4-4211-8d9c-829a9e68c15f,Schedule III — Balance Sheet heads and sub-heads,,,,,,
tag,8889c0ec-6f2a-4b7b-a271-76da15079216,2020,252bebff-0ce7-4dab-933a-fafb4c2719c7,Bills of exchange and account current,,,,,,
tag,daeebfa7-dfc5-45ba-b351-7c9c3a44eb4f,2020,3140dd31-8735-45e8-a6c9-2eb30216fdca,Open interest interpretation,,,,,,
tag,45e53151-45cb-4400-ab92-123dcc1ac0ae,2020,38570226-9451-435b-a9ee-ee5b19c91fec,Phillips curve — short run and long run,,,,,,
tag,59582ac5-8c7b-4d63-85a5-b69ddca66a9f,2020,3ed40431-0199-47c0-be2a-2f90dc092ff7,Reward and punishment approach,,,,,,
tag,673c5c95-7f19-4c49-b97d-c1ec9fdc3d3d,2020,3faa19c8-0f16-4b61-ba30-6a127399c3a8,ABC and Pareto analysis for inventory control,,,,,,
tag,73d5f7e2-9e33-470f-9e5d-d209a5830e48,2020,4d85c12a-062f-461e-874b-a7456e8afa65,"SEBI Act 1992 — establishment, powers, penalties",,,,,,
tag,f4ed57b3-976e-479c-a790-4d17377fc53a,2020,585243ac-4681-4b22-8891-b2fdb8e0253c,Just-in-Time and pull systems,,,,,,
tag,900b2605-8f46-429e-bd2a-ce909b4b18b9,2020,5b7a61a8-c69b-45fd-adcb-d929eab4d3dc,Fiscal deficit — definition and components,,spot_check,,,,
tag,4ad0b243-3d7b-4330-939e-869c21008bc6,2020,5ccd5a20-bc3e-446f-9ae6-f2714ae925ac,"Partnership accounts — deed absent, profit sharing, current account",,,,,,
tag,7bb2801f-437f-4647-9215-9b2675b2e371,2020,5ccd5a20-bc3e-446f-9ae6-f2714ae925ac,"Partnership accounts — deed absent, profit sharing, current account",,,,,,
tag,43d85bc2-2be4-4449-bfbf-6e8f56808255,2020,5da19d19-73f7-461d-8a93-1b1d84fd4600,Rectification of errors,,,,,,
tag,b39e204b-f807-4b90-9b74-60abfc7e71f3,2020,5e163aac-f27a-4fd2-af0c-c66585baf15f,Types of companies; One Person Company,,,,,,
tag,4905c7aa-8aae-417c-8e1b-d0170c32a7f7,2020,687cef2d-6b65-48cd-8b60-bba595cd730f,Options basics and payoff,,,,,,
tag,23d99be2-4253-4339-98c8-3b6b6dd685c1,2020,6df5a213-940b-4151-9138-2c92b0c6d81f,Special auditor — who appoints,,,,,,
tag,78a3b1ee-e897-4d09-ab53-5f8a54514e95,2020,6eba8a76-9b03-481b-a27e-10f18c8c5eca,Accounting equation,,,,,,
tag,e21b10d2-de0d-4891-8b36-9812f952f06c,2020,739faf06-bd8e-464f-8035-5927c492ca7a,Scheme types and fund of funds,,,,,,
tag,23d9a5cc-3c85-457d-9ab4-ca480dff4e78,2020,739fd346-89a9-4087-a724-3a7f4cb957b9,Directing as the life spark of management,,,,,,
tag,5bd63f6e-b5f2-4af3-ab4f-755077f7e5f3,2020,7aa6a5c3-2e2a-46c9-b5cf-d8a2168f4f88,"Development financial institutions — NABARD, SIDBI, NHB, NaBFID, EXIM",,spot_check,,,,
tag,cd39d2e7-453c-4dea-8734-51c6c3b1b50e,2020,7e1e6fc8-4e40-4e18-bfb7-660c80143603,"RBI Act 1934 — constitution, note issue, functions",,,,,,
tag,787ff945-dd2d-4542-8335-1583405a74fa,2020,807ee256-d2aa-4804-8c21-bf4deaf30dc3,Removal of name from the register of companies,,,,,,
tag,7af61704-9367-47f0-9d1a-bf05f957b7a0,2020,82d92984-3129-4d68-b68d-bbc6c2442bb2,Break-even point in units and value,,,,,,
tag,0395b751-22f9-4d4a-a62a-d56364b46fbc,2020,83767c6b-bfac-4384-8dc1-2deeff9d5b83,Capital and leverage norms; D-SIBs,,,,,,
tag,4d37667f-14e1-44e4-a4ef-9cd92d014d32,2020,8725d916-ccfc-4b37-8cc8-ce931ec98592,Margining — initial and variation,,,,,,
tag,8249beec-1e2e-4f18-a417-d95ae0ee65b7,2020,8a4404f9-fddb-4bcd-88e7-4c0a1859acbe,Schedules of the Companies Act 2013,,,,,,
tag,eb31161a-77bc-46e3-b19d-3340ab57e0b8,2020,8c29c222-524d-4175-8579-8701719ded98,DTAA and tax administration bodies,,,,,,
tag,f66f6d89-3e5f-4d0f-9050-32c8b327c9b6,2020,8fa1dcd2-aabb-4340-b70a-c98ab28a6679,"Call, notice and term money",,,,,,
tag,928ce3bd-4f47-49b4-8235-e414e05121ef,2020,8fb8f286-0b96-4b9d-9710-5b47fb5895b4,Labour turnover — causes and measurement,,,,,,
tag,b1edcd3a-6264-483f-80ff-7e54b4304752,2020,9044d257-b50a-4e24-8ef1-f69b59b78a91,"Valuation ratios — price to book, price to earnings",,spot_check,,,,
tag,2c29fff9-5b30-4782-8f28-fb118faad53e,2020,93172e4d-0ec1-437b-9165-a4da8584b949,Introduction to lean system and the wastes,,,,,,
tag,cb4a3e8f-170f-48e5-a7b1-593fb26e367b,2020,93b328ed-90df-4dc1-8976-d6fa576781c5,Law of demand and exceptional demand,,,,,,
tag,17867871-76e0-4fe3-8b03-05366dca1dd1,2020,93b328ed-90df-4dc1-8976-d6fa576781c5,Law of demand and exceptional demand,,,,,,
tag,7ee006b7-7b4b-414d-b00f-9388431452e7,2020,951a6794-2f87-44da-bdb0-e2989813a725,Keynesian effective demand,,,,,,
tag,37c42932-51df-4718-9517-5b1fb688b879,2020,9780c7bb-c428-4dbc-958c-cd88b49eddb0,"Public offer, private placement and rights or bonus issue",,,,,,
tag,5b8639d8-35df-4268-bcd1-2ebe34ba01cc,2020,9d49be7e-b784-4b8a-a469-3bf272bf77dd,Manager's role in HRD and employee support,,,,,,
tag,8e9c2bca-435a-44a6-a8d0-410e13fd1473,2020,9de63513-d031-468b-920d-f0ea7d84fe40,Accounting software and XBRL,,,,,,
tag,5e3a0f2c-2fc0-4453-b898-ac2c46607e32,2020,9f8e2bbf-1911-485d-8e6d-9d7051be4f55,GVA at basic price vs GDP,,,,,,
tag,6e1a1df9-545a-47b2-98fa-82e19a8653f6,2020,a4718ddd-719c-4223-85d8-35c67265b958,SWOT analysis,,,,,,
tag,d2d97a1c-3ca6-454c-8e5c-ca6eea5f68c5,2020,a7a09fca-f711-4126-8309-e83452689c36,Qualities and traits of an effective leader,,,,,,
tag,d81f3ed3-fe79-4e33-a811-3c16975ce2fb,2020,a833010e-25da-4ed8-a779-984cc4920040,Morale vs motivation,,spot_check,,,,
tag,af985391-775c-4afa-b982-a401f3f9a837,2020,a9872c62-632f-4005-ab0e-439fc03d14db,Oral vs written communication,,,,,,
tag,13e202f4-9afb-478e-a982-0f2e2945d5e7,2020,abf5bb02-a95c-415c-b96d-3fe7872b9adc,"Mintzberg informational roles — monitor, disseminator, spokesperson",,,,,,
tag,e37fc507-bccb-415d-8e4e-59c264d24e6f,2020,abf5bb02-a95c-415c-b96d-3fe7872b9adc,"Mintzberg informational roles — monitor, disseminator, spokesperson",,,,,,
tag,2b9c5ca5-4cc7-4ab4-a33c-4546f26f9193,2020,ac3da1f3-1a00-4666-ba67-1e02a8eb32f1,Psychological barriers,,,,,,
tag,200f8e55-e814-41f1-8729-c849373e5fca,2020,afd4a13d-c570-493d-8b6a-3923c701219f,"Trait approach — personality, intelligence, emotion",,,,,,
tag,4b49d396-6aa8-4857-8580-c44e93d8cf4a,2020,b041bc06-7b41-46ec-b04a-01a1c05e7e74,Direct vs indirect taxes,,,,,,
tag,ceb47b95-4266-45dd-ba4f-4ed7c74d9f1b,2020,b3d81d2c-a6e7-40d0-84dc-eea66c22bee7,Clearing corporations and settlement,,,,,,
tag,0eeb0a3f-8a18-4984-aae4-6c6119899bec,2020,b3d81d2c-a6e7-40d0-84dc-eea66c22bee7,Clearing corporations and settlement,,,,,,
tag,e12bd18f-3d0c-4985-a475-569d0c8c9831,2020,b5f03bdc-9ac4-4d44-a315-4da15a93ba36,Cash budget preparation,,,,,,
tag,6a26ed19-587b-437b-a088-d59f0e55af1d,2020,b6f2b279-067c-4a86-8390-00344fe3bc2a,Removal by special resolution with Central Government approval,,spot_check,,,,
tag,ba14909f-ca7e-4937-abc2-04e2d3e8464b,2020,bde1f682-75ac-478a-8ff1-1ba2845ff0f8,Under- and over-absorption — normal vs abnormal factors,,,,,,
tag,7872c35e-0d9b-489f-8038-103319bbcc8a,2020,c3f45149-5b60-442a-a1de-917f2d39dfb6,Process improvement approaches,,,,,,
tag,bdd3aa19-c787-4b76-b531-4b1f8c992010,2020,c4012952-1df1-4ce4-a6ce-f54083541fd6,FDI caps and sectoral limits,,,,,,
tag,847b06b8-c22a-46b7-8913-b622e18b8277,2020,c4012952-1df1-4ce4-a6ce-f54083541fd6,FDI caps and sectoral limits,,,,,,
tag,3e5acf01-fe94-4d7c-b0d2-dcfc2417b73e,2020,c4012952-1df1-4ce4-a6ce-f54083541fd6,FDI caps and sectoral limits,,,,,,
tag,ee8f5be2-d505-4cdd-b0bc-85f4f7480f5b,2020,d0fa9467-c144-44fa-b3bd-1db99d63f976,Money supply measures M1 to M4,,,,,,
tag,746d875b-4346-4664-933a-2cd843f1daa5,2020,d6246251-b168-4972-9322-4ebcbd4c87bf,Equivalent production — FIFO and weighted average,,,,,,
tag,d1cc0648-796e-4a71-a4e4-de0a8af6ddff,2020,d7552288-cec8-4bf0-a99a-1f546c81ad0c,Marginal costing — contribution and P/V ratio,,,,,,
tag,b87b685c-d903-4083-8436-17a36da2d43e,2020,de324eb9-23fb-4116-aa88-264bcbeed1cb,Reduction of share capital,,,,,,
tag,ab461f1e-83d4-4944-ae81-36f4d591bec5,2020,e8fccc09-a2c9-4076-a001-ad1c2378a23f,"NBFC categories — IFC, Factor, P2P",,spot_check,,,,
tag,0ebe6190-177d-4d2b-b38d-b0b56f5af374,2020,ea14557c-d684-4ba3-aa2c-4173869a3a32,Fixed vs flexible budgets,,,,,,
tag,c01b2a6a-d23e-42fc-8ff7-09a438e2252a,2020,ebc74bab-ff51-46a2-a559-37d2267351ca,MRP II,,,,,,
tag,6710200c-baff-4337-b363-46b2c27d0ad5,2020,eedab1ad-56e1-4f9a-bf27-e6b077af1760,"GST — supply, input tax credit, zero-rated, exports",,,,,,
tag,011d6023-f491-460b-a2fd-96646e0f3f84,2020,eedab1ad-56e1-4f9a-bf27-e6b077af1760,"GST — supply, input tax credit, zero-rated, exports",,,,,,
tag,3d2913f3-aaf6-4269-bc54-22d54a39006a,2020,eedab1ad-56e1-4f9a-bf27-e6b077af1760,"GST — supply, input tax credit, zero-rated, exports",,,,,,
tag,41d9796e-0eba-49bc-bcf2-d1ac8e5060ff,2020,f9c1e603-1539-46b1-a717-2918a51037e8,Current account deficit,,,,,,
tag,5505f3af-c0aa-420b-93ac-0dee6a26ef45,2020,fbfff264-c421-4b05-96da-071a02ee172f,Business cycle phases,,,,,,
tag,635d39f2-7d8a-40e4-a153-29d214ca5b2d,2020,fc31d10b-cacf-4c18-9855-6c36558e0ca5,CPM and PERT,,,,,,
tag,0afa7b72-49ea-4dd5-b66d-756473f35c00,2020,ffdc4541-194f-4155-a578-d0fc9d7d4c91,Financial Inclusion Index and schemes,,,,,,
question,5333da30-023a-4442-b554-aabd9d848e0e,2022,1,"If the strike price is higher than the market price under call option, that one will be called as?",,spot_check,,,,easy
question,0e18f47a-ad6f-43ce-bb05-fb60303da173,2022,1,Which of the following is true for organizational Morale but not for motivation?,,spot_check,,,,easy
question,ff76a627-3730-45d4-b569-2b7edecd9918,2022,1,Which of the following statement is incorrect regarding provisions?,,spot_check,,,,easy
question,ba3e547a-05aa-4051-bdfc-246bf69ab914,2022,1,Which of the following is not a qualitative characteristic of accounting information?,,spot_check,,,,easy
question,8408867a-f42c-4b07-b7ab-0b60f313af95,2022,1,Which of the following is a modern management accounting technique?,,spot_check,,,,easy
question,64b040d5-966c-466a-aa00-538b75b35aef,2022,1,Imputed Cost is also known as ___________,suspicious_repeat_char,flagged,,,,easy
question,f7d8cb55-241d-4e6b-b9f5-1e2420330f88,2022,1,Which of the following is not a method of quantitative control by RBI?,,spot_check,,,,easy
question,8610fa6b-fe0e-43a5-8515-072996757745,2022,1,Identify the Incorrect statement regarding NBFC.,no_primary_tag,flagged,,,,
question,e3877597-5e0c-4bf3-8241-4e9c8a1a75cf,2022,1,Which of the following is correct regarding Cournot’s Oligopoly Model?,non_ascii_suspect,flagged,,,,easy
question,df99dcd8-630b-4fc1-ba47-68e956b8b67b,2022,1,"The president of NCLT, chairperson of NCLAT and Judicial members are appointed by the government in consultation with ________.",suspicious_repeat_char,flagged,,,,easy
question,a0b094d7-212d-46a2-bc84-0502d4e765cc,2022,2,The value of derivative ____________?,suspicious_repeat_char,flagged,,,,easy
question,fd61a02f-cc08-4b2d-a8b3-7a6d80cf0a78,2022,2,Identify the HRD Subsystem where in employee performance is increased with increase in his ability and Knowledge?,,,,,,easy
question,dcec4c18-bcad-452b-9622-9bbc950b6899,2022,2,"Calculate Net Profit from below cash basis of accounting for 31/03/2021 Particulars Amount Sales Credit - 90,000 Cash paid in salary - 25,00",,,,,,medium
question,266c191f-e810-4762-98cd-9c0b37d6e719,2022,2,Ind-AS 18 related to revenue recognition is dealing with ___________,suspicious_repeat_char,flagged,,,,easy
question,ca262100-8adb-469e-bd05-86505b5589e1,2022,2,Which of the following does not classify semi variable costs into fixed and variable costs?,,,,,,easy
question,0e4523e0-d554-4d12-b74b-bcb72e77270d,2022,2,Which of the following is not a part of the 5S? Options:,,spot_check,,,,easy
question,bace4bd7-7d9d-4c5d-8d26-d131e817fdbf,2022,2,"Recently, SEBI has launched the mobile app ______ with a view to empower investors with knowledge about the securities market.",suspicious_repeat_char,flagged,,,,medium
question,b76baa2a-4f7b-4557-8f76-9baa1d1079bc,2022,2,Non-Plan Expenditure constitutes the biggest proportion of the government’s total expenditure. Which of the following is not a non-planned e,non_ascii_suspect,flagged,,,,easy
question,a3bab94d-3b20-41b3-8576-34503f23522f,2022,2,Which of one of the following statement w.r.t LM curve is not correct?,,spot_check,,,,easy
question,75f3afea-e564-4be2-8ce3-ebecd8d542a7,2022,2,"The tenure of independent directors is for ________consecutive years and if he is to be appointed for second term, special resolution needs ",suspicious_repeat_char,flagged,,,,easy
question,efe0470b-8a06-4127-869f-77cd4e31f14c,2022,3,The RBI pays interest on the CRR balance to the banks at ___________?,suspicious_repeat_char,flagged,,,,medium
question,1c931ee5-b299-42f8-aefa-fd56b3f2e5bd,2022,3,Identify the leadership style where a leader has inspirational and Charismatic Approach?,,,,,,
question,2b076268-21d0-4d29-bd6b-6f3b005c71ce,2022,3,"Using the information given below, calculate the Interest Coverage Ratio. Net Profit After Tax - Rs. 60,000 Tax Rate - 40% 15% Long Term Deb",,,,,,
question,d4d48f91-1e66-488c-9d38-d8903753bb52,2022,3,Which of the following is a Capital Expenditure? Options:,,,,,,easy
question,8513f6a2-0f42-4436-b87a-3661e61a9609,2022,3,"Calculate the Prime Cost using the information given below: Direct Material Cost– Rs 1,00,000 Direct Labour Cost– Rs 68,000 Fixed Overheads ",non_ascii_suspect,flagged,,,,medium
question,fa522e4e-ced4-4f71-83b1-16d0be061ef3,2022,3,Which of the following is an example of an Indirect Cost?,,,,,,easy
question,7e38b886-1c36-4dff-8a9c-546f93060699,2022,3,Where any trade receivables are financed through a Trade Receivables Discounting System (TReDS); the concerned TReDS on behalf of the Factor,,,,,,medium
question,3bea8ff8-92ea-409a-9412-af3bcc47ed71,2022,3,Which of the following defines the monetary base?,,spot_check,,,,
question,6ce1d660-80de-4f43-b137-36745aadae24,2022,3,"D= 12 – P; S= -3 + 4P, what is the equilibrium Point?",non_ascii_suspect,flagged,,,,medium
question,5ccc06b0-bdf1-4766-ada7-2e2a248d263d,2022,3,"Under Section 124 of the Companies’ act, if the money is not paid to the shareholders and lying idle for ____ years, it is transferred to in",non_ascii_suspect;suspicious_repeat_char,flagged,,,,easy
question,749435ae-f6d1-413c-ad22-6c6c2ae8de07,2022,4,Identify the open mutual fund scheme where there is a 3-year lock-in period,,,,,,easy
question,d2e3c61c-fc1d-4ae1-ba17-29391d7fccbf,2022,4,"Identify the Role of Manager where manager solves the problem, provides feedback, duly recognizes his employees, provides training and devel",,,,,,easy
question,c4b96fc7-e2d2-4828-b2bf-60443a0b8620,2022,4,"Calculate the Book value per share of ABC limited using the information given below: Profit After Tax Rs 1,75,000 Issued Share Capital 70,00",,,,,,medium
question,d398943d-21a7-4e3c-965a-c12564b282f8,2022,4,Which of the following is correct about buy back rules?,,,,,,easy
question,7b47b147-2dd7-4fa5-bc89-dc01f8908b39,2022,4,Calculate the Breakeven point (BEP) from the following information. Sale - ₹30 per unit Trade Discount – 10% Direct Material - ₹12 per unit ,non_ascii_suspect,flagged,,,,medium
question,2890d1c0-47df-4ae3-a4e9-82a4d89c840f,2022,4,Change for better and continuous improvement is termed as ______________?,suspicious_repeat_char,flagged,,,,easy
question,d06816d9-1763-4b12-805b-d03a49b22510,2022,4,Which of the following is applicable on Dynamic QR code on B2C invoices under GST applicable from 1st July 2021?,,,,,,medium
question,2f70d311-e6ee-4181-a0ee-9116e7e33140,2022,4,Calculate National Income or NNP at Factor Cost (FC): Particulars Rs in Crores GNP at Market Price 5069 Indirect Taxes 495 Subsidies 69 Cons,,,,,,medium
question,47fa61de-db30-4330-9a37-3901cb76d5f8,2022,4,"If the producers bear the tax, What is the elasticity of Demand and Supply?",,,,,,easy
question,f50df923-dc61-4b25-b762-4202e65b6e7c,2022,4,"According to Section 141 of Companies Act, who is eligible to be appointed as an auditor of the company?",,spot_check,,,,easy
question,e06a92b2-3fa0-4c7f-b08a-00a2bb03f824,2022,5,Which of the following is not correctly matched?,,,,,,easy
question,30a40020-62b7-45c4-ae39-137caef3c7b3,2022,5,Which of the following is an incentive and not a reward? Options:,,,,,,easy
question,b5cf60b9-586f-45e9-8beb-131eb5fc417a,2022,5,"Calculate the Gross profit Ratio from the given information. Particulars Amount Sales Rs 1,00,000 Purchase Rs 75,000 Carriage Inward Rs 2000",,spot_check,,,,medium
question,4fba9b5d-7bed-4a33-b59e-846770a497ec,2022,5,"If the due date of a bill is after the date of closing the account, then we write the interest from the date of closing as ____________ in t",non_ascii_suspect;suspicious_repeat_char,flagged,,,,easy
question,98a0fbfd-c274-4ffe-b28c-3e27cfef6105,2022,5,Which of the following is incorrect with reference to Marginal Costing?,,,,,,easy
question,887296e6-b251-43ba-85ff-1c3ff3031ee0,2022,5,Which of the following is not part of Lean system?,,,,,,easy
question,49e3ab84-1b94-414d-bac1-98fc6c94aade,2022,5,"As per the recommendations of the 15th Finance Commission, which of the following is not one of the four themes mentioned in devolution of P",,,,,,medium
question,041b922e-4199-429c-bc35-374624278a98,2022,5,Which of the following statements is incorrect regarding Phillips Curve?,,,,,,easy
question,d35def86-4654-4da5-b68b-50b4c91da1a4,2022,5,"In 1991, if the GDP of America is = $5766 and the given GNP is $5796, then what are the possible reason",,,,,,medium
question,856e9980-fe61-4de2-954e-24e65b9dde89,2022,5,"A company shall not register a transfer of partly paid shares, unless the company has given a notice to the transferee and the transferee ha",suspicious_repeat_char,flagged,,,,easy
question,7cce489f-dcac-41aa-8dfd-ee49e0ac5c00,2022,6,"Securities and Exchange Board of India (SEBI) has unveiled a framework for making operational gold exchange, which will facilitate trading o",suspicious_repeat_char,flagged,,,,medium
question,6c8ffae8-70bd-450c-9925-e6ce7910b9ea,2022,6,A company purchased inventory 1000 units@1200 per unit from outside vendors. Vendor allowed a trade discount of 5%. Vendors offered a cash d,,,,,,medium
question,043d5623-84b9-4533-a1ab-8097c4907264,2022,6,Which of the following is not a feature of debenture? Options,,,,,,easy
question,d572b7e2-0676-4554-88ef-d94828629317,2022,6,Which of the following is not a feature of cellular manufacturing system?,,,,,,easy
question,f529ba4e-0864-4ba8-b000-61d423b99de2,2022,6,Which of the following is not the feature of budgetary control?,,,,,,easy
question,0c6f6a44-b6c5-4fe1-95ff-98b06e42358a,2022,6,Which of the following statement regarding the Interest rate parity is true?,,,,,,easy
question,4fc784ed-57e9-4af0-8d48-b58acf25e714,2022,6,Which of the following statements is incorrect regarding Monopolistic Competition?,,,,,,easy
question,4716a5ff-415f-4850-996a-eb8afbf99e46,2022,6,“If Balance of payment is always balanced”. What it means?,non_ascii_suspect,flagged,,,,easy
question,e565ede5-9725-455c-94b1-643cc477fce4,2022,6,"Every listed company, may upon notice of not less than one thousand small shareholders or one-tenth of the total number of such shareholders",non_ascii_suspect;suspicious_repeat_char,flagged,,,,easy
question,5bad5beb-1dd6-43ac-a10c-6a1428978ad3,2022,7,"With respect to, Alternative Investment Fund (AIF), no scheme shall have more than _______ angel investors.",suspicious_repeat_char,flagged,,,,medium
question,aa4b1836-eb5a-40ea-9e3f-862654c27c55,2022,7,"Value of Machine is Rs 12,00,000 for 10 years and its residual value is nil. After 5 years, the remaining machine life is increased by 3 yea",,,,,,medium
question,56a0bf1e-c511-4573-b2f5-b2e1f080cfd5,2022,7,The rights are sold to somebody else at a price by the shareholder. What is this called?,,spot_check,,,,easy
question,d396e1c2-a69f-43e1-8724-af17bcd9bcef,2022,7,"A company produced 60,000 units in the accounting period. It sold 50,000 units with 10,000 still in inventory. It sold each unit for Rs. 100",,spot_check,,,,medium
question,9bcb6691-84e0-4a50-a849-493760751109,2022,7,TPM does not include which of the following component? Options,,spot_check,,,,easy
question,ea10e2d7-4756-4d89-8465-31cfc907136f,2022,7,Which of the following statements is correct if the demand function is D = 18 – 3P?,non_ascii_suspect,flagged,,,,easy
question,cf942127-47af-4dcc-826d-471c1650ee04,2022,7,NBFCs can accept public deposits up to how many months?,no_primary_tag,flagged,,,,
question,3cb22d76-6076-4956-89f1-82e76ab2fd03,2022,7,"As per provisions of the Companies Act, 2013, the board shall be called by giving not less than _______ days' notice in writing to every dir",suspicious_repeat_char,flagged,,,,easy
question,b346d272-1feb-4f0f-97eb-2e06fc4287ab,2022,8,Company ABC limited took a loan of $10 million dollars for 3 months on 1st January 2021.,,,,,,
question,384b8a72-8b97-47db-8873-8a335466c700,2022,8,Which of the following is not exceptional item in P&L Account?,,,,,,
question,88f7e9b3-4a7a-4494-b233-d587043d2329,2022,8,Which of the following is a Notional Cost?,,,,,,
question,0276faf1-679b-46ce-999c-9986b7710b0a,2022,8,Which of the following statement is incorrect regarding KANBAN? Options,,,,,,easy
question,cc478c5d-5e90-4eb1-b068-6cac991ce64e,2022,8,Find the incorrect option regarding the elasticity of commodities?,,spot_check,,,,easy
question,a8f2a575-46ed-4f2b-a32c-69a15febd8ef,2022,8,Which of the following is not the characteristic of NBFCs?,no_primary_tag,flagged,,,,
question,beaac740-830a-44c1-95ba-794d2c435447,2022,8,Recently SEBI has directed the mutual fund (MF) industry to set up an audit committee at the asset management company (AMC) level. As per th,,,,,,medium
question,738afe62-9386-44e3-b502-6a3ad9c019a6,2022,9,Which of the following statements is incorrect w.r.t Cash and Cash equivalents? Options,,,,,,easy
question,8d2bfc47-3ff0-4595-9a0a-86e5aa9c5d4c,2022,9,Which of the following is an intangible asset?,,,,,,easy
question,57b5361e-f8b4-4852-bd2c-b993f1b41567,2022,9,Calculate the value of closing stock using Simple price moving average method. 1st December - purchased 100 units @ Rs. 20 2nd December - pu,,,,,,
question,df384da6-b234-4b3d-94ed-86ef95dfad32,2022,9,Which of the following is not correct with respect to DMAIC,,,,,,easy
question,a629801f-735b-4695-9750-484ac4f472c5,2022,9,Economic theory and good practice suggest that a government should run deficits during recessions — when tax revenues are low and government,non_ascii_suspect;suspicious_repeat_char,flagged,,,,easy
question,f27a8222-c0d7-4f28-b9fd-99575f8a78e0,2022,9,"Application money is the money received by the company when it issues shares to the public, once the application money is received then allo",non_ascii_suspect;suspicious_repeat_char,flagged,,,,easy
question,22eed49f-c02f-41d6-8eb7-a500cb60cc26,2022,10,Which of the following is an example of Commitment Item in the Balance Sheet?,,,,,,easy
question,abe62588-3bf8-48b4-9b42-e47ce5b90771,2022,10,Which of the following is not the reason for demand pull inflation?,,,,,,easy
question,4416bd89-634d-4302-8f25-2baba3f52b0c,2022,11,Which of the following is not correct w.r.t to monopoly?,,,,,,easy
tag,c6f49ca6-2f65-4280-96a2-0518b65144eb,2022,01e31a7c-88dc-4f9f-9bd4-5e31dc600b54,Monopoly,,spot_check,,,,
tag,ad6cd886-7e0e-4599-ae84-47ef827b1dad,2022,025a36aa-e8da-426c-a9b7-44f678eb17be,Cash and cash equivalents — the three-month test,,,,,,
tag,83dfb562-3258-447c-bbf4-d68cbbde44b0,2022,092d9550-09b4-4f5a-a5b2-c1add1aac460,"Profitability ratios — GP, NP, EBIT margin, ROE, ROCE",,,,,,
tag,f54b9642-1a25-4b3d-bc0d-7cd484409f2e,2022,0a3778a1-aa66-4cad-805e-beb8ef4a9b2b,Plan and non-plan expenditure,,,,,,
tag,578dbac0-42c8-4e7b-9c55-cbf2df24282a,2022,12d0d3f7-2c54-4842-bf73-6b88b195d776,Absorption vs marginal costing — profit reconciliation,,,,,,
tag,1a058ef1-c418-46e4-a4b6-b4c59e893fd1,2022,15e5b403-5be3-49c4-a4c5-8c3805cc2694,"RBI, SEBI, IRDAI, PFRDA — mandate boundaries",,,,,,
tag,1b907e0f-79c2-416f-9c79-a545d577abe0,2022,19991d61-9aef-4be2-ba6b-1c28fb6a554b,s.141 eligibility and disqualification,,,,,,
tag,ae9f6b83-a0a7-4b11-a634-75a2a57bca39,2022,1ac3d9ff-cd96-446c-b0b2-29033d5e5baa,KANBAN,,,,,,
tag,08d3cf83-b40b-4154-b708-e71f5a24659f,2022,20d46b1a-d0d4-4211-8d9c-829a9e68c15f,Schedule III — Balance Sheet heads and sub-heads,,,,,,
tag,3353687e-267e-4a14-9273-dce16ca28c25,2022,22f081a2-6718-436e-ac55-594bcf98fb5a,"AS 2 — inventories, NRV, abnormal wastage",,,,,,
tag,b877f2dc-8ce8-4dd2-bcba-2d7b464733fc,2022,252bebff-0ce7-4dab-933a-fafb4c2719c7,Bills of exchange and account current,,spot_check,,,,
tag,7e9756b8-132a-42da-bbac-50d0e42c5e10,2022,2e8ad9b9-a0ff-4451-b791-cb45e2ee11c7,HRD subsystems,,,,,,
tag,9a5383e5-052d-4986-aa02-4da6dfd04191,2022,309ce6a3-b01e-4797-bd1a-11ce5e84663e,Appointment consultation process,,,,,,
tag,01bdd908-1783-483a-afa7-ab03e9b564c4,2022,35b08297-73eb-4538-872c-4c46518eebf6,5S and the sixth S,,,,,,
tag,6431a25a-e0e2-4659-a900-8d29353a08d3,2022,3837dacd-cfd3-4432-8e4b-6a0961279185,"Cost classification by behaviour — fixed, variable, semi-variable",,,,,,
tag,19c2d7d1-e651-4939-88d0-88d712ec79b1,2022,38570226-9451-435b-a9ee-ee5b19c91fec,Phillips curve — short run and long run,,,,,,
tag,262cf7c3-d3e8-4f71-a8ad-4c4b954e74fa,2022,3b99d1e4-a26b-4bb9-8754-9cee350bd157,"GDP, GNP, NNP and NDP concepts",,,,,,
tag,251083d4-c95a-4242-b2ef-4441cce1d935,2022,3ed821a4-b6bb-481a-959c-f97478564db3,Budget concept and budgetary control,,,,,,
tag,f74d85a3-f4a9-4735-b88c-7aff2085d8c1,2022,40b9a2e9-38ea-49ef-8323-a4044c43f87e,Equilibrium from demand and supply functions,,,,,,
tag,b2288671-ad92-4918-96e7-236912470ebf,2022,40b9a2e9-38ea-49ef-8323-a4044c43f87e,Equilibrium from demand and supply functions,,,,,,
tag,08aa927a-8bc6-4bd4-babf-0435a524bbd8,2022,445936e7-578a-4756-a0aa-ad240a9ef4a8,AS 9 — revenue recognition,,spot_check,,,,
tag,c19bc7a4-e47d-4a65-9493-875bcb0d6b47,2022,477e5dfd-2a09-4e42-9704-e6d82082e24d,"Six Sigma — DMAIC, belts, defect level",,,,,,
tag,abf1330d-4ca8-410d-b6f5-ac8b268f8e54,2022,47935f56-4fa5-4bfc-96aa-7bf7ece9da45,Monetary base and high-powered money,,,,,,
tag,d3e6ba3e-cdc8-4020-963e-63364de6f32f,2022,47c349ea-b81e-4411-8e63-7a7b17466aee,Provisions vs contingent liabilities,,,,,,
tag,773ed8f9-623e-4f29-bcee-12c650ecf0a3,2022,49ba0646-ce84-4931-b7f9-ceb31f43f40d,Total Productive Maintenance and OEE,,,,,,
tag,435d0b4c-5ca5-4c35-aec2-aa6b15a91546,2022,4d85c12a-062f-461e-874b-a7456e8afa65,"SEBI Act 1992 — establishment, powers, penalties",,,,,,
tag,e4faa6dd-b3af-4c3b-9e3d-01794674700f,2022,4f190aeb-0d39-4b1d-af55-f36b309ed039,Transfer and transmission; partly paid shares,,,,,,
tag,7022914b-f6b3-400a-8b60-c1fce0f606be,2022,500ed241-df0d-4f73-8472-409748326e55,"Coverage ratios — interest, DSCR, asset coverage",,,,,,
tag,73959284-191f-4b3a-b0cd-64a5a85717b1,2022,539e43d7-73e6-4a2a-a03f-fe99dcb282f6,Introduction to cost and management accounting,,,,,,
tag,b14b67dc-6f85-48ce-a54a-7c53c1f36aee,2022,550e4f33-4f30-4218-88ff-d3b92df7b26b,Debentures — features and classification,,,,,,
tag,5fd7b2ef-da1b-41c7-abf7-38401eb27ddb,2022,61fcfac5-b29c-4a0a-a9bc-32e33563312a,"Market ratios — EPS, book value per share, dividend yield, P/E",,spot_check,,,,
tag,62949df9-f460-4916-ba94-a22c3b160f49,2022,63e270e0-cf86-4645-b61c-e046660afad2,Notice period for a Board meeting,,,,,,
tag,c3015426-6db3-4a0c-a01e-3aeaabe0486e,2022,64a0d03a-4bc1-4d43-9e1a-4fe2e748dc32,"Cost concepts — prime, production, conversion cost",,,,,,
tag,034aaa20-cb72-40fb-848f-e30820261c9b,2022,64c13fc5-76e1-4e82-91ff-b7fff31de44b,Independent directors — criteria and tenure,,,,,,
tag,e4015944-9a72-4f11-b12f-c2934178ff18,2022,687cef2d-6b65-48cd-8b60-bba595cd730f,Options basics and payoff,,,,,,
tag,1bda54d2-7884-4691-a7e7-2a3a9a40d8df,2022,6d24067a-2f6d-4b56-8814-9176219d4de4,"Depreciation — methods, change in estimate, commencement",,,,,,
tag,4eabd001-30b1-4dd2-a42a-b97fbe0d5f90,2022,70c3de96-dbae-425f-806f-ef5ae35eacd8,AIF categories and Angel Funds,,,,,,
tag,198b06d7-4368-4aed-8437-cb289a8242aa,2022,739faf06-bd8e-464f-8035-5927c492ca7a,Scheme types and fund of funds,,,,,,
tag,cb2bc08b-ae87-4a40-a6b0-8bcbcc77a3ca,2022,74180ebf-be07-40a6-8d28-ef0e0a20ff06,Commitments and disclosure,,,,,,
tag,34e8a1dd-7dcc-4252-afbf-c844ad7f362b,2022,756bd372-5226-4127-b3e6-a0ed35747f80,Cellular manufacturing / one-piece flow,,,,,,
tag,31345e54-52c6-4942-beae-58ee3303d760,2022,81287df5-8747-4039-99ec-68893e93f057,Monopolistic competition and product differentiation,,spot_check,,,,
tag,9bd47a22-2e47-4809-a720-815385a1bc6d,2022,82d92984-3129-4d68-b68d-bbc6c2442bb2,Break-even point in units and value,,,,,,
tag,4d6bacf0-5e10-4a33-abfa-9e4a7fcd773c,2022,836be8e4-f1ea-41e6-b092-a3f68e53902b,Cournot's oligopoly model,,,,,,
tag,d66da7f1-960a-4acb-b6ea-a0e3a915f443,2022,83935d3b-fe54-47ec-aa59-ff4a4e8ec5a3,Audit Committee — composition and role,,,,,,
tag,e5564efd-1e00-447a-8275-6654be7e32ee,2022,893c3058-a22f-46b8-818b-768a6d7bdeb5,"AS 11 — foreign exchange, FCMITDA, non-integrated operations",,,,,,
tag,4f30eb4a-0901-4f67-9636-6ad8f24e972c,2022,89d2eb6c-a94d-4d39-aa37-a5801ab55e8b,Material valuation — FIFO and moving average,,,,,,
tag,3d0f7759-7f9e-47cb-9344-ec8c0f99b9b7,2022,8ba25aca-2ae9-4173-bdf8-516e21723828,s.39 minimum application money,,,,,,
tag,89d23dd9-8297-4b4d-8b0b-7c733018dbae,2022,93172e4d-0ec1-437b-9165-a4da8584b949,Introduction to lean system and the wastes,,,,,,
tag,0097406c-9ff4-4163-b0a1-ae93e4627a7e,2022,962bf11d-354a-46f9-b143-7b877f1dd115,Direct vs indirect costs,,,,,,
tag,6fccf82d-50ff-493e-aa55-e2548f537c91,2022,986946fd-7591-4bd6-9196-88d8c42f3f8a,Tax incidence and elasticity,,,,,,
tag,95beb25b-d3a8-4aa5-9cb3-c94dd20cace2,2022,9a3d5d30-7b6d-4220-8e29-3bd4251eedfc,Accrual vs cash basis,,spot_check,,,,
tag,5dbd5ce4-aaa2-4314-b15a-67806b8b0e89,2022,9d49be7e-b784-4b8a-a469-3bf272bf77dd,Manager's role in HRD and employee support,,,,,,
tag,1a624f64-5e76-4eb1-b421-bf454205ff5b,2022,a6ad1ade-bd70-4cce-b712-9d2aaa770846,LM curve derivation,,,,,,
tag,0f33461a-b0b2-40be-a7e3-55f97fab4be5,2022,a8f6c87c-c917-4f9a-a5f6-521077772353,Small shareholders' director,,,,,,
tag,edb4327e-30ea-4914-851f-4ea2f718c8f1,2022,aabe4710-ba4f-4a0c-b36c-59d33753882b,Demand-pull inflation,,,,,,
tag,7521f488-ceaf-41dc-9fd3-c0d05556847c,2022,b2306dca-e886-4b95-9a66-063afdc4b44e,s.124 seven-year transfer to the IEPF,,,,,,
tag,d4ac5f40-6e58-4ca6-bbad-80c2a3fb4f05,2022,b3d81d2c-a6e7-40d0-84dc-eea66c22bee7,Clearing corporations and settlement,,,,,,
tag,0e91ea77-0c5c-42b4-9442-127b59104829,2022,b416791b-fcf7-4c7e-9e6e-3fcff96bb52d,Qualitative characteristics of financial information,,,,,,
tag,ba9ba8a6-47e2-435b-9612-7e33a5f266fc,2022,b64377d2-7fc4-4c96-aa9e-f1451560bf35,Why the balance of payments always balances,,,,,,
tag,f9621d24-b522-4f53-addd-84ad56c1e181,2022,ba588c32-a329-4290-9eed-4ac3978f8209,Concept of morale,,,,,,
tag,23379df7-165c-4a49-a326-24009313b3fa,2022,bad0e283-9954-4173-82e8-29efa9aa37a5,"Monetary policy operations — SDF, VRRR, LAF",,spot_check,,,,
tag,15275639-28c0-4c45-8b93-0bb5b4b0644e,2022,bad0e283-9954-4173-82e8-29efa9aa37a5,"Monetary policy operations — SDF, VRRR, LAF",,,,,,
tag,f9d2015e-9121-4f02-bcbc-f215a5383358,2022,bb62f21b-3994-4ad3-88ad-a1ed61e52944,Currency risk and settlement risk,,,,,,
tag,c5afcad9-bec8-485f-a4ae-555cadd4938a,2022,bc9252cc-da4c-4975-bfba-c9d9ec1a914e,Capital vs revenue expenditure,,,,,,
tag,0f9ceb3f-3f2b-4d84-8c7f-ebd83350e763,2022,c2ed046b-2177-4913-bef8-acb009ab53ef,NNP at factor cost — computation,,,,,,
tag,8ccd145c-8707-49bc-854d-5417cb8a7509,2022,c378a9dd-5680-4e1d-9419-9a7b7ea4f5fd,Rights issue — offer period and procedure,,,,,,
tag,69af6fb1-9871-456f-98bb-a7dc8d605f09,2022,c7ea1e13-578a-4977-a08e-df0a6d689f16,Forwards vs futures,,,,,,
tag,001665c5-8a40-4cea-a624-c87b086eadb8,2022,d7552288-cec8-4bf0-a99a-1f546c81ad0c,Marginal costing — contribution and P/V ratio,,,,,,
tag,0841553e-0704-418b-8f92-2048b72d472a,2022,d8f39c01-afc3-4b9e-86dd-719af5298a9b,Kaizen and Kaizen costing,,,,,,
tag,29531a44-7e2c-4377-8254-c8be11bf25de,2022,d9a02e25-72e3-4938-bfb8-287f7e5b5710,GST returns and TCS by e-commerce operators,,,,,,
tag,86813648-8533-47bb-83bb-e124a1a3d785,2022,db05f548-fef6-4ac7-ae25-bcf4b0901d5c,Imputed and notional costs,,spot_check,,,,
tag,c3daa512-586e-4e97-830a-4321e10453bb,2022,db05f548-fef6-4ac7-ae25-bcf4b0901d5c,Imputed and notional costs,,,,,,
tag,51e2a516-1269-40d5-aead-bf541f22affd,2022,db73c66b-e804-4699-9eec-a6aa331edce8,Finance Commission and devolution criteria,,,,,,
tag,217f8f82-9d1c-4c3a-bb31-a7f4ca79ed8c,2022,deb7e551-014c-4491-9f5d-c5c3d1db7968,Countercyclical fiscal policy,,,,,,
tag,858121b8-3c91-425d-98b9-a62060ced0a3,2022,e667ef72-f948-4aff-b1d8-6533fa7f0bd5,Charismatic and inspirational leadership,,,,,,
tag,3a69e9cf-4b48-4730-9591-67093294147d,2022,e8ae8d78-f3a7-4a17-b7ed-82f309604f44,Statement of Profit and Loss; exceptional items,,,,,,
tag,05cf335a-2439-4b32-b8f7-be5f4dc4e3c1,2022,e8fccc09-a2c9-4076-a001-ad1c2378a23f,"NBFC categories — IFC, Factor, P2P",,,,,,
tag,c7d08f50-0f35-43dc-bf75-6973d07ba95c,2022,e9f510cb-ab55-455c-834a-9f8a77620518,Price and income elasticity of demand,,,,,,
tag,73fadf52-caf5-4f86-85b1-8c589d612b2a,2022,ebcf318b-3512-45ee-8449-68ac08265b0e,Incentives vs rewards,,,,,,
tag,20e59f9f-e3f7-456e-b934-dd7f5ba72027,2022,f09fe982-a28f-4a96-a5bc-9c5dfcb28a28,Buy-back — conditions and section 68,,,,,,
question,c0aca59d-7017-479d-82bb-5305cc113d02,2024,1,Calculate the Cost of Production with the following information: • Material Cost: Rs 600 • Labour Cost: Rs 150 • Set Up Cost: Rs 200 • Manuf,non_ascii_suspect,flagged,,,,medium
question,e6eab792-3cab-499f-ab06-76114be1ea60,2024,1,Which of the following is the formula for Per-capita Income?,,spot_check,,,,easy
question,0a99f034-166e-492d-9bb6-63607f73d830,2024,1,Which types of barriers arise when people have different mindsets due to different backgrounds?,,spot_check,,,,easy
question,7dc47578-4355-4e00-84bd-aaeb238f0b55,2024,1,_________ is an approach to equipment maintenance and productivity improvement?,suspicious_repeat_char,flagged,,,,easy
question,b17ff3e9-e9d5-413e-8ac3-fa39730caaa8,2024,1,Which of the following accurately describes the Say’s Law of Market?,non_ascii_suspect,flagged,,,,easy
question,76cb57b1-73ce-4ab6-8a08-b41b67ea0e81,2024,1,The Rule of 72 is a financial principle used to estimate the time it takes for an investment to achieve a certain growth target. Which of th,,spot_check,,,,easy
question,4ce9d5cc-54e1-453f-a575-640eb0551909,2024,1,"Identify the component of Money market, where the money is lent more than 1 day and less than 15 days.",,spot_check,,,,easy
question,b5823274-ce2c-456a-b93c-4de3b54280ef,2024,1,Which of the following is not a qualitative characteristic of accounting information?,,spot_check,,,,easy
question,21bb691d-80fd-4fe0-b843-19a699cf7b9d,2024,1,Which of the following is/are not eligible to be an independent director?,,spot_check,,,,easy
question,005ba362-e615-484d-a75b-a06da653a81c,2024,1,Which of the following is a limitation of the Fund Flow Statement?,,spot_check,,,,easy
question,bf6f7fdf-d8f5-47e7-9af4-b4c0a00ebae4,2024,1,Within how many days should money be deposited in a Special Account (unpaid dividend account) after the expiry of 30 days from the date of d,,spot_check,,,,easy
question,26f01a95-bb08-42ea-9a91-fbedee96d162,2024,2,"Calculate the differential cost if the cost at 70% activity level is Rs 30,000 and at 85% activity level is Rs 39,000.",,spot_check,,,,medium
question,63945515-c67a-4cc7-96b2-636786fe109b,2024,2,Which of the following shows the relationship between price and quantity demanded?,,,,,,easy
question,b5c5a5a6-65ba-482a-a84d-3086bc4273bb,2024,2,"Which type of leader inspires and motivates, and sets a vision for achieving goals?",,,,,,easy
question,0b781c92-7897-4033-afab-ded99d80bdd7,2024,2,Waste elimination is the aim of_________,suspicious_repeat_char,flagged,,,,easy
question,12cc7df7-6dc7-4b5e-9c38-76a37ba5426c,2024,2,Which of the following best describes the definition of National Income?,,spot_check,,,,easy
question,155422a6-54bc-4a98-be90-341099052cdf,2024,2,"When an investor takes advantage of price differences in separate markets by simultaneously buying and selling an asset, which financial str",,,,,,easy
question,64992c89-aac5-4213-86b4-3664efee2434,2024,2,"Calculate bond yield of the debenture of 10%, face value of Rs. 100, currently bought or priced at Rs. 80?",,,,,,medium
question,e0cce12e-81b1-40a6-bf26-6e806f44d4a8,2024,2,"Which of the following statements defines the ""Going Concern"" concept correctly?",,,,,,easy
question,f7fd9091-c8bf-4dcc-9663-5ab612768ae9,2024,2,NCLT (National Company Law Tribunal) is constituted by:,,,,,,easy
question,4370a5b2-5067-466f-bc8b-273d46fd9d93,2024,2,Which of the following is included in investing activity under cash flow statement?,,,,,,easy
question,7546df13-21e4-4001-a599-4b5facc8a9c0,2024,2,Within how many days can a person appeal against the order of the National Company Law Tribunal (NCLT) to the National Company Law Appellate,,,,,,easy
question,399fb440-efcc-427a-9b32-798a1eb2d1f8,2024,3,Canteen expense for factory workers is classified as:,,,,,,easy
question,f217b304-1775-44bf-96e6-01ea13572e97,2024,3,Which measure describes the total value of Goods and services produced in a time period in the domestic territory?,,,,,,easy
question,139d8a96-c788-4260-a1bf-ebd162027a53,2024,3,What does organizing mean in the context of management functions?,,,,,,easy
question,fa5ebeb7-be9d-4da1-a639-26a224a62800,2024,3,______ is a group technology that is a subsection of lean and JIT (Just-In-Time)?,suspicious_repeat_char,flagged,,,,easy
question,a979afc8-c72d-4dd7-b300-891d2d006632,2024,3,What is the effect of a negative supply shock on the Philips curve?,,,,,,easy
question,671bc775-d1ab-4a42-9802-21d7b8d56edc,2024,3,"Under the SEBI (Issue of Capital and Disclosure Requirements) Regulations, what is the maximum amount that an individual retail investor can",,,,,,medium
question,c40f40c1-feb1-49e7-a1f1-f94fa5b9b6cc,2024,3,Who regulates microfinance in India?,,,,,,easy
question,2500a179-f41a-44d9-924b-8dc3fe61300c,2024,3,"If an organization is being conservative while preparing its Profit and Loss account, which accounting concept is being followed?",,,,,,easy
question,34772795-86c3-4a66-9607-edabee415b5a,2024,3,Which of the following methods is a public company not allowed to use to issue shares?,,,,,,easy
question,8ff237d2-6022-46a2-ade3-3ada126eadcd,2024,3,"If current assets are Rs. 8,00,000, current liabilities are Rs. 4,80,000, and stock is Rs. 2,00,000, what is the Quick Ratio?",,,,,,medium
question,d56f95f9-13e1-4d2d-be80-60acea1b7b03,2024,3,"Under Section 54 of companies act, what is the lock-in period for Sweat Equity shares?",,,,,,easy
question,9c3c5cf3-22f7-4248-a889-02379e99673b,2024,4,"If the input units are 300, with a normal loss of 30%, and units produced are 190, the abnormal gain or loss will be:",,,,,,medium
question,847bc0ce-4654-470a-a403-7df84bead86e,2024,4,Stagflation shows the relationship between _______________,suspicious_repeat_char,flagged,,,,easy
question,241c9d52-163f-42cc-91a3-0cdbb4b09493,2024,4,"What kind of leader listens to subordinates, analyses information, conducts research, and makes informed decisions for the organization?",,,,,,easy
question,acb1b378-4691-499c-9937-6bcc95f0eb54,2024,4,"In standard costing, costs that are ascertained before production are called as ______",suspicious_repeat_char,flagged,,,,easy
question,3a21079c-c433-4877-bbfc-17d4a0c8002a,2024,4,Which of the following is the major determinant of Keynes’ Consumption Function?,non_ascii_suspect,flagged,,,,easy
question,9fe529e0-cd1a-41df-aa57-116845875eb6,2024,4,"Under the Depositories Act of 1996, what process must shares undergo to be held in an electronic format?",,,,,,easy
question,d4958a91-0b93-4c48-9d60-febefe6e9ab6,2024,4,NABARD supervises which of the following organisation?,,,,,,easy
question,ae7b57d4-36a3-4cf4-a28f-4a6c086a7815,2024,4,"The face value of a share is Rs 10. If 1,00,000 shares are issued at a premium of 10%, what amount will be transferred to the Securities Pre",,,,,,medium
question,762d54a8-6764-40d5-b2b0-89b7ac9ea9e1,2024,4,"What is the maximum time limit for preference shares as per the Companies Act, 2013?",,,,,,easy
question,6060c1eb-559d-42c9-8d82-8c65a5207d02,2024,4,What system is predominantly used in accounting to ensure accuracy and completeness in financial record-keeping?,,,,,,easy
question,043acc13-b83c-4330-aae1-e876a4fdbb2c,2024,4,"Under Section 186(4) of the Companies Act, which of the following is NOT covered?",,,,,,easy
question,e0143dda-9b79-4c95-a367-734176a07586,2024,5,"If the Break-Even Point (BEP) is Rs 20 lakhs and Fixed Cost is Rs 5 lakhs, calculate the Profit/Volume (P/V) Ratio.",,,,,,medium
question,ffff40c0-ade2-44b2-9f5f-4f0b55c1e02d,2024,5,"Out of the following options, which one is the correct characteristic of perfect competition?",,,,,,easy
question,093693b0-693f-44b5-b8ed-96a584de9a1e,2024,5,Which school of management focuses on addressing and integrating current global or modern issues and challenges?,,spot_check,,,,easy
question,efb2bc41-5eb6-43c1-a16f-8d03852b9699,2024,5,"If the P/V ratio is 30% of sales, then what accounts for the remaining 70% of sales?",,spot_check,,,,easy
question,e32408ce-adbc-4d3a-9d93-b347fd01f6b5,2024,5,Which of the following statements best defines the trade deficit?,,,,,,easy
question,6366ae01-4477-4735-b12f-89ca4634e15f,2024,5,The Bank for International Settlements (BIS) primarily serves which of the following entities?,,spot_check,,,,easy
question,04d163d4-1226-42c0-a31d-d0592a836734,2024,5,"Company issuing commercial paper, what is the net worth required for the company?",,spot_check,,,,medium
question,12b0ab8e-5618-453d-a2b4-a6d7b6f8dd32,2024,5,"If 2,00,000 right shares of face value Rs 10 are being issued at a 20% premium, what will be the correct journal entry for this transaction?",,spot_check,,,,medium
question,519f5205-ec87-4242-9df9-038da737b19b,2024,5,Every company shall inform the Registrar within ___ many days of the receipt of the Director Identification Number (DIN).,,spot_check,,,,easy
question,feff85f3-cf86-43d8-bcfb-ddf42fddcabe,2024,5,For which of the following companies is the consolidation of financial statements necessary?,,spot_check,,,,easy
question,fd7d88a7-d089-4f0e-b236-daabcd05d27e,2024,5,The auditor appointed for a company (government or non-government) may be removed from his office before the expiry of his term only by a sp,suspicious_repeat_char,flagged,,,,easy
question,8cbb6280-3ce6-49a8-8c18-233cc7c20eca,2024,6,"Given a P/V Ratio of 30%, Fixed Cost of Rs 90,000, and a Selling Price of Rs 100 per unit, find the Break-Even Point (BEP) in units.",,,,,,medium
question,99602bab-f00c-4e7a-aeef-39f335e7986e,2024,6,IS – LM model Shows the equilibrium in _________________,non_ascii_suspect;suspicious_repeat_char,flagged,,,,
question,8643d71a-958d-43a7-b1ad-c2dc54aa8da0,2024,6,Which type of competency is measured by organizations to define and assess the technical and specialized abilities required for specific rol,,,,,,easy
question,b99ad059-791e-4e45-a68e-c66580fcf23d,2024,6,"In ABC (Activity-Based Costing), costs are allocated based on what?",,,,,,easy
question,f263def7-24d3-41ab-870d-58be825666bf,2024,6,Which of the following clearly defines the fiscal deficit?,,,,,,easy
question,243dd230-2618-4e37-9c1f-b048e4b544b2,2024,6,The Finance Commission of India assigned a 12.5% weightage to which of the following criteria for determining the devolution of funds to sta,,,,,,medium
question,58af24fd-3f33-4fd4-aee3-5b2bb373309b,2024,6,What is a Forward Rate Agreement (FRA)?,,,,,,
question,016b7db1-c450-4eff-b759-9ed634fe4560,2024,6,Which of the following is an application of funds as per the Fund Flow Statement?,,,,,,easy
question,b91e3789-9d4a-4c9c-9fcb-f022a8849afc,2024,6,"What is the age limit for directors of a company as per the Companies Act, 2013?",,,,,,easy
question,5200c76b-6614-4d5e-9e6c-30470357eb74,2024,6,"As per Ind-AS 36, what does ""impairment of assets"" mean?",,,,,,easy
question,b21c5e13-7e0f-41d8-924c-fa842964f7cd,2024,6,"As per the Companies Act, a meeting of the board shall be called by giving notice to directors at their registered address a minimum of how ",,spot_check,,,,easy
question,89f59b7c-dfe9-4c49-8659-885e67fe52e8,2024,7,"If the desired profit is Rs 20,000, Fixed Costs are Rs 150,000, and the P/V Ratio is 50%, what will be the required Sales?",,spot_check,,,,medium
question,b28c6704-84a6-4f33-82f1-a4d6891fc963,2024,7,Structural Unemployment is caused by which of the following options?,,,,,,easy
question,1966b40d-44f8-40dd-97b1-50e90bd223b6,2024,7,What is the process of identifying and improving the skills of individuals with potential for promotions and organizational development?,,,,,,easy
question,039cadd2-d082-42d9-8f68-a70238bd1dad,2024,7,Royalty paid to the state government based on production will be considered as:,,,,,,easy
question,f244396e-ed9f-49d1-b291-92c5297e66ec,2024,7,Which of the following is the main function of Monetary Policy?,,spot_check,,,,easy
question,d407ef8e-516f-4e0a-b9f9-3f8254781a02,2024,7,"According to the FRBM Act, what is the targeted limit for central government borrowing as a percentage of GDP by the year 2025?",,,,,,medium
question,5a35e559-86d8-4ebb-aee4-102765ea8d6d,2024,7,Securities are issued under a dematerialized form by complying with the provisions of which act?,,,,,,easy
question,765498e9-c784-419f-9713-26d3b7e88416,2024,7,The aggregate cash flows arising from obtaining or losing control of subsidiaries or other businesses shall be presented separately and clas,,,,,,easy
question,6e188a75-7b6a-45cb-b24c-586f490d9fda,2024,7,"If a company or director wants to create a mechanism for the resolution of matters involving 1,000 stakeholders or more, what is this mechan",,,,,,easy
question,9a7c1423-3b31-41f1-9427-b34c5b3cc567,2024,7,For how many days should the offer for a rights issue be open for investors?,,,,,,easy
question,107bc2ac-0d8c-4518-aefb-7c3d4c07205f,2024,7,What is the maximum age for a Chairperson in the National Company Law Appellate Tribunal (NCLAT) as per the guidelines?,,,,,,easy
question,915aafbd-29c5-4442-87b1-625e89be2979,2024,8,"In a cycle manufacturing business, which method of costing is most appropriate?",,,,,,easy
question,18ab2f9f-05b9-4a33-ae47-351c8f9c4ad3,2024,8,"What is the result of increased training and skills development of members, leading to tangible benefits to benefit the bottom line of the o",,,,,,easy
question,2a8f61fb-9b7e-4ef6-a737-0d68121c3966,2024,8,Which of the following is considered as automatic stabilizer in the fiscal policy?,,,,,,easy
question,fd5ad694-7cde-46b3-a1c8-41f41dc26fde,2024,8,"In the latest Union Budget, what is the amount of the standard deduction allowed for salaried individuals?",,,,,,medium
question,886f7e5c-74d3-4752-b9e4-0fe05390c5f8,2024,8,What is the standard used to calculate bond days in India?,,spot_check,,,,easy
question,f4f20834-b417-449d-86a8-dbdd303c51bd,2024,8,"As per Ind AS 21, non-monetary items measured in terms of historical cost in a foreign currency shall be translated using the exchange rate:",,,,,,easy
question,1520b85b-8a20-4f7f-9be3-e42ed330ff8b,2024,8,"As per Section 125 of the Companies Act, which fund is constituted?",,,,,,easy
question,182bca5e-9eae-48e0-b9f2-3df84c1af40d,2024,8,A listed company may appoint one director as a _________ shareholder director.,suspicious_repeat_char,flagged,,,,easy
question,6976d694-ce89-44ef-961b-f02b3fa22308,2024,9,Calculate the Labour Rate Variance using the following data: • Standard Rate = Rs 2.5 • Actual Rate = Rs 2.2 • Actual Hours = 500 • Standard,non_ascii_suspect,flagged,,,,medium
question,7f95b35d-5233-4279-8b83-556e6e9aa7d6,2024,9,What is the term used for defining the start and ending of work in a project or task in management context?,,,,,,easy
question,c01068d5-2778-459f-b178-6fbbfc80ce49,2024,9,Which of the following is an economic indicator of growth?,,,,,,easy
question,5ee407cb-d46b-4001-a622-34b194a64516,2024,9,"Which tax, often criticized by startups for hindering their growth, was removed in the recent Union Budget?",,spot_check,,,,medium
question,1b0be8f3-114c-4268-ad32-79e908e3ba14,2024,9,"When the Reserve Bank of India (RBI) is raising loans for states, it should consult the Ministry of Finance and with which other entity?",,,,,,easy
question,6518b6ec-3caf-4f95-8bac-233fa8e99968,2024,9,Ind AS 105 relates to?,,spot_check,,,,easy
question,a492ea6c-6e80-41e0-9d39-a3d1e5ed127f,2024,9,An appeal to the Supreme Court from the National Company Law Appellate Tribunal (NCLAT) can be made within how many days?,,,,,,easy
question,3b6e4499-5830-452a-b43c-ffb730eec941,2024,9,"A company cannot issue shares at a discount, but there are some exceptions. Which of the following is an exception that allows a company to ",,,,,,easy
question,9f108ad8-630d-4701-a8cb-6e89948593a3,2024,10,Who is responsible if raw material purchases are more expensive than expected?,,,,,,easy
question,86a5551d-9472-4424-a60f-a01bd5fce055,2024,10,Which of the following institution provides financial assistance to Government of member countries?,,spot_check,,,,easy
question,8794dfab-eeab-4f5a-b937-a24fd7a7fedf,2024,10,Which of the following investment vehicles is considered a passive investment strategy?,,,,,,easy
question,810d0f24-c68c-41dd-bbc1-7ea5a23a9e70,2024,10,The International Organization of Securities Commissions (IOSCO) is a global organization. What is the primary function of IOSCO?,,,,,,easy
question,dc8e4030-ef5e-46c3-b640-c2742acd621d,2024,10,Which Ind AS delas with the cash flow statement?,,,,,,easy
question,cab8bf24-a2dc-47cb-a1ef-7152fa49fa56,2024,10,"Transfer of Securities related to equity, debt and other securities must be delivered within ___ maximum days of execution of the company.",,spot_check,,,,easy
question,bca3ec6e-3632-473a-b17c-121e556dd40a,2024,11,"What term describes the implementation of a new or significantly improved production or delivery method, including significant changes in te",,,,,,easy
question,20d8be3a-3874-4f5f-99f6-b212adeea570,2024,11,"In Monopolistic competition, product differentiation is done with the aim of ________",suspicious_repeat_char,flagged,,,,easy
question,5bda5f9e-1f32-4827-9b3b-12329f476114,2024,11,Which of the following financial instruments is not transferable?,,,,,,easy
question,c99f06c1-6a6b-4ce7-a3f7-1841033aab97,2024,11,Which of the following is considered a risk-free instrument?,,,,,,easy
question,0ff7bd0f-95ac-409e-ab3c-f9cd4081e28a,2024,11,What will be the impact of a Bonus Issue on shareholders and on the entity?,,,,,,easy
question,1ab9d295-bb0f-4e84-ab3d-2214ade3a14b,2024,11,"In a special case, an auditor of a company can be removed by an order from which authority?",,,,,,easy
question,6cfa2786-a66f-47f7-ac9f-773c0e1efea1,2024,12,How is the effectiveness of Total Productive Maintenance (TPM) measured?,,,,,,easy
question,7734159d-1eea-4128-8419-f291a94ce9b3,2024,12,Which of the following causes the demand-pull inflation?,,,,,,easy
question,e65dc70f-6d69-413f-8138-81e78c59352d,2024,12,"As per RBI guidelines, how many working days should the Key Fact Statement (KFS) specify as the minimum validity period for loans with a ten",,,,,,medium
question,0439fd6f-3ed1-4d53-96b7-89d281d00c43,2024,12,"If the net working capital is Rs 20 lakhs and sales are Rs 120 lakhs, calculate the Working Capital Turnover Ratio.",,,,,,medium
question,44ce61b7-9f81-445c-800e-19b6cdc99511,2024,12,A firm shall be eligible for appointment as an auditor of a company provided that a firm whereof ________ practicing in India are qualified ,suspicious_repeat_char,flagged,,,,easy
question,f825bec6-c74c-41ff-bce0-f0b023d88b8b,2024,13,Which of the following models considers economic growth depends on the availability of resources?,,,,,,easy
question,20805755-b9ec-4725-99fb-7fda92ede3ea,2024,13,"Under the RBI’s incentive scheme for Business Correspondents (BCs) operating in hilly areas, what is the additional monthly incentive provid",non_ascii_suspect,flagged,,,,medium
question,f1f6e834-9cf2-42c9-a2c8-9a675c209409,2024,13,An increase in the Debt Service Coverage Ratio (DSCR) indicates:,,spot_check,,,,easy
question,a3ab13a9-dea8-4093-8ff9-cb1f64a83d70,2024,13,Dividend should be transferred to a separate bank account from how many days after the declaration of the dividend?,,,,,,easy
question,fa03be05-d7a3-419f-b5f6-82bdea15ef2b,2024,14,"According to the Economic Survey 2023-24, which of the following areas saw a sharp rise?",,,,,,medium
question,3bc522e5-2aef-4ab9-98c4-c38897283b88,2024,14,"Upon receiving credit advice or a statement of a Nostro account, in compliance with FEMA guidelines, within how many working days must bank ",,,,,,medium
question,002b2b1a-04dc-4aef-ad3f-c493ddd513d6,2024,14,"What does ""cum-right"" shares represent?",,,,,,easy
question,5aa8ea1f-f211-43c6-a8df-419c8cdc749d,2024,14,"As per Section 71 of the Companies Act, if a company wants to issue debentures to more than 500 members, it must appoint a _______________ b",suspicious_repeat_char,flagged,,,,easy
question,11665923-fcba-411c-a24e-662f8630f1b8,2024,15,Scarce factor is also known as ______,suspicious_repeat_char;no_primary_tag,flagged,,,,
question,5b26484d-1cb4-44c9-9196-7c3d201f1d04,2024,15,"Who manages the Fund of Funds for Startups (FFS), established under the AIF framework regulated by SEBI to support startups in India?",,spot_check,,,,easy
question,b0724dbb-655f-4431-827e-2c47e7e0c560,2024,15,A low Cash Conversion Cycle (CCC) implies:,,,,,,easy
question,231cc702-038d-4102-9b8f-dc50fe2addf8,2024,15,Which of the following services are auditors permitted to render?,,,,,,easy
question,e3e2d182-20f1-462d-b110-549462feed3f,2024,16,"When inflation rises, it implies that ____",suspicious_repeat_char,flagged,,,,easy
question,b63219ca-2d7b-4cd5-b64e-48169e294cef,2024,16,"What is the term used for an investment made by an Indian company, which is owned or controlled by foreign investors, into another Indian co",,,,,,easy
question,93e14d45-2e9d-4750-ba85-68689c2273ea,2024,16,Which of the following terms is used when the data is unavailable in the financial reports?,,,,,,easy
question,8ffceb95-111a-443c-b79b-d4a8ce0b27b5,2024,16,No company shall directly or indirectly — give any loan to any person or other body corporate; or give any guarantee or provide security in ,non_ascii_suspect;suspicious_repeat_char,flagged,,,,medium
question,db8a19f1-3839-46a7-9533-211ae2f93156,2024,17,What is the minimum face value prescribed by SEBI for Non-Convertible Redeemable Preference Shares (NCRPS) and Non-Convertible Debentures (N,,,,,,medium
question,ed2b3ef9-41f4-48fc-ac46-c6edc0140ebc,2024,17,A higher dividend yield ratio means that the company is ______,suspicious_repeat_char,flagged,,,,easy
question,1efc0ee0-a75d-4244-aba9-06cfc7eb6680,2024,17,Public offers of securities must be in _______________.,suspicious_repeat_char,flagged,,,,easy
question,a65821a3-cbb0-4a4b-8fe9-53e72965fad7,2024,18,A rise in the underlying asset's price accompanied by an increase in open interest (OI) for the corresponding derivative generally indicates,,,,,,easy
question,0375c927-afad-4196-acc9-ba718534f69c,2024,18,An Alternate Director can be appointed for a director during his absence from India for a period not less than ____.,suspicious_repeat_char,flagged,,,,easy
question,6a52b53a-4051-48ae-b442-9435e2dbd9b2,2024,19,"The Tribunal may, at any time within ____ from the date of the order, with a view to rectifying any mistake apparent from the record, amend ",suspicious_repeat_char,flagged,,,,easy
tag,d0308cae-4854-45ca-b55a-75213f262289,2024,00a2b878-d8d9-42c4-88ff-c3557a6465a2,"Going concern, conservatism, matching, consistency",,spot_check,,,,
tag,7232f32b-5e20-46d4-9b46-60d171f7539a,2024,00a2b878-d8d9-42c4-88ff-c3557a6465a2,"Going concern, conservatism, matching, consistency",,,,,,
tag,f0736fc5-544c-4a9a-ac2f-564a3b011a51,2024,015f7b09-a074-4d23-ad1c-be1e4826c881,Transfer to the Unpaid Dividend Account,,,,,,
tag,fc78e505-e95c-442c-b951-1a2a0595ea9c,2024,027ddbab-051d-45f4-a7c7-b2c25673391c,Risk-free instruments and risk categories,,,,,,
tag,b7e1f7ad-3e2a-4047-8a7b-ad1e81f53f4d,2024,02b4dbdd-768a-4293-9414-f92460fcfe85,Depositories Act 1996,,,,,,
tag,c3f1e4b3-ce5e-44c5-8ac7-c18d99b567cc,2024,033fa30b-ae86-4b44-8a16-5b64de7eb0e3,Income-tax — assessment and rectification,,,,,,
tag,fadc0087-eb47-4468-90be-7b91554d5c04,2024,056a48dc-4269-4973-8cd8-946badaf7689,Double entry and rules of debit and credit,,,,,,
tag,1ac4a7b6-85c0-4174-81b1-f79e692f83fd,2024,0e0ec77a-1cc5-439c-9901-332a7879934c,Bonus issue — effect on shareholders and entity,,,,,,
tag,19473f8b-7eb1-4468-a646-568278913fd9,2024,0f381565-240a-4029-9e7b-4418da0abb5a,"Appointment, DIN and intimation to the Registrar",,,,,,
tag,3082f265-d44b-47f9-883b-7011d1c4bdfd,2024,156078da-9928-460b-9635-d17ef5db7483,Issue at premium; securities premium reserve,,,,,,
tag,a79139bb-48ed-44b5-a215-fc86512b5a49,2024,177b68be-4bce-4c12-bc99-f7fabcbc1de6,"Bank advances — cash credit, overdraft, bill discounting",,,,,,
tag,3d8a66a6-073e-410d-be4d-e50a9f55d89d,2024,186ba6e8-19e4-478f-9d5a-b3acf8d1f9cf,Consolidation — when required,,,,,,
tag,67df7da9-9e2b-4dd1-8ead-5c65a01480f9,2024,1959fdbb-aa4d-4d2b-ad00-2ba2ba1da295,Minimum face value — NCD and NCRPS,,,,,,
tag,b8ca1752-2cd7-442f-b4ee-1b2c2fd5895e,2024,1a76204b-2bc4-416c-8897-7782a77ee0ae,Automatic stabilisers,,,,,,
tag,1d9bf22c-bb7b-4850-8f05-00f788953f92,2024,1fe0aca8-570d-408d-b423-fc96ff776da8,Appeal window to the NCLAT,,,,,,
tag,68990199-bbd2-49a2-b4a4-46b06303617d,2024,22e6e517-14fc-4f79-9b19-cbb121681c15,Ind AS 105 — non-current assets held for sale,,,,,,
tag,e57a81b3-3d21-42c0-8d32-33fdc5bc6a0c,2024,25a29f87-d2f6-40d8-a129-ce8261b22117,Labour variances — rate and efficiency,,spot_check,,,,
tag,dc2295c0-deba-4a39-88ca-9ff2425f842b,2024,2a199c59-c80c-46a5-8d46-b5c5bb952311,"Classical, neoclassical, behavioural and modern schools",,,,,,
tag,5d9e30a1-f39a-4f81-8b05-db4d139c9b86,2024,2be9da34-f0a8-4147-b758-553a6c53b153,Say's law of markets,,,,,,
tag,0b5bf6f6-91e2-4bdd-8dd1-d1b27c7cc632,2024,2da39435-a7a7-4a85-a58e-27a7e0f85191,Target-profit sales,,,,,,
tag,466280c0-fffc-42f2-a1ef-3d9181279be3,2024,3140dd31-8735-45e8-a6c9-2eb30216fdca,Open interest interpretation,,,,,,
tag,b147f1d9-1fde-43a6-ac52-6c9d3e6c86e9,2024,3158483a-772c-4c02-81e6-602e4f943897,Ind AS 36 — impairment of assets,,,,,,
tag,69231bb4-39e8-4934-917d-14117d113afd,2024,32864739-8555-4fed-86f3-01c0e267b86a,Succession planning and potential appraisal,,,,,,
tag,69f3aab3-e6ed-4c4a-be28-fb83e657e434,2024,3296b37a-2381-43b1-8d1b-9318ebd22458,"Sunk, differential, opportunity and relevant costs",,,,,,
tag,84a70f0f-d6f2-48ed-8de0-82d3ae626f66,2024,35a95c33-0e7a-43fc-8ed3-1b79a7609209,Cost-push inflation,,,,,,
tag,7497c029-d45b-4559-a190-6948d80b515e,2024,35d2d884-83ef-474c-93d3-7114e70887b3,Objectives and functions of monetary policy,,,,,,
tag,6ae35867-ca61-40df-8f4a-fd3e3e397ba8,2024,3938fbb2-3914-4303-8c5b-3cd10171861a,"Material variances — price, usage, mix, yield",,,,,,
tag,8946bf71-e98e-49d7-8d6b-be5b937b3d4a,2024,39c359f9-b85b-4c3e-9a0b-e67ed39d8c4c,Priority sector lending and microfinance,,,,,,
tag,552da1e8-560b-4133-a54a-adc8be416bb8,2024,3b2daf4c-ec9b-45cd-a101-ebe08e55f530,"International bodies — IOSCO, BIS, FATF",,,,,,
tag,8ada6b9c-bb9b-4a8d-9b3c-71519ffabd05,2024,3b2daf4c-ec9b-45cd-a101-ebe08e55f530,"International bodies — IOSCO, BIS, FATF",,,,,,
tag,56c959c2-02dd-483c-aca6-c9abc59b8e5d,2024,3b99d1e4-a26b-4bb9-8754-9cee350bd157,"GDP, GNP, NNP and NDP concepts",,,,,,
tag,c2fd4138-d001-45a2-9f1b-dcd880d158f8,2024,3b99d1e4-a26b-4bb9-8754-9cee350bd157,"GDP, GNP, NNP and NDP concepts",,,,,,
tag,7219a18a-675c-42b0-a63e-4d24b3ebaa40,2024,41a1e4c0-7341-49ce-8574-50943dcd1292,Liquidity ratios — current and quick,,,,,,
tag,31c5394d-580a-4f62-868b-8e52818605ec,2024,41de6b70-bf9b-4c37-ab4d-6f9e32ff9468,s.125 constitution of the IEPF,,spot_check,,,,
tag,15d65812-8b51-499c-8dc1-48e0e5f2f168,2024,440c8813-032d-4fab-955f-99dd9a3acde3,"Process costing — normal loss, abnormal loss, abnormal gain",,,,,,
tag,7ba99f5a-e8a0-44f6-a248-ba7ae916b619,2024,46d3aced-cf67-4c05-b1c1-674912681c57,Organising — meaning and scope,,,,,,
tag,cc517ed7-3c4a-4915-8b34-90452f1aa743,2024,490f7d10-c9d2-4c90-a404-0ee5c89dff9d,Equilibrium in goods and money markets,,,,,,
tag,c1af7ea8-0110-4a26-8de2-e0c53081e813,2024,49ba0646-ce84-4931-b7f9-ceb31f43f40d,Total Productive Maintenance and OEE,,,,,,
tag,43f9f3a2-1731-47be-b44b-6faa961a92f6,2024,49ba0646-ce84-4931-b7f9-ceb31f43f40d,Total Productive Maintenance and OEE,,,,,,
tag,061c6d5b-5817-4bab-ae54-22017d348994,2024,4b0f91f3-b058-4977-92ba-470bb7e6a44c,Hedging vs arbitrage vs speculation,,,,,,
tag,e52a49d2-688f-45fe-9af0-cb0986d873af,2024,4d006fea-73a6-4926-bd63-2d02b64af242,Fund of Funds for Startups,,,,,,
tag,0d643416-e66b-4e54-a6f6-e1b0b5b06a73,2024,500ed241-df0d-4f73-8472-409748326e55,"Coverage ratios — interest, DSCR, asset coverage",,,,,,
tag,f8a1543d-1047-47d7-944e-7c43acf5d4d0,2024,51647430-90d5-410b-b819-858f07b6683c,Standard costing — types of standards and ideal standard,,,,,,
tag,d2fe02ae-08ac-4110-a2e2-209a511d6ca8,2024,551d1a4c-3b8d-45aa-ab3f-871145b1f41a,Age limits for directors,,,,,,
tag,3b24685a-0e90-405f-9b96-06cf8aa9023c,2024,567b9717-73ac-46ef-bd37-671acc8420b0,Depositories and dematerialisation,,,,,,
tag,ef15974a-f78d-467f-854f-9850f1b4b3b2,2024,575399ce-f540-4e33-9f24-06eded66c5ca,Transactional vs transformational leadership (Burns),,,,,,
tag,e6b1ab77-4e45-4c9c-a357-d7bb30264c45,2024,5b7a61a8-c69b-45fd-adcb-d929eab4d3dc,Fiscal deficit — definition and components,,,,,,
tag,76694392-6858-44b8-9a84-0281393bc940,2024,61fcfac5-b29c-4a0a-a9bc-32e33563312a,"Market ratios — EPS, book value per share, dividend yield, P/E",,,,,,
tag,66d0b014-0f5f-4fa3-b99a-580345e15430,2024,62a98a2a-8a53-400f-b38e-ed5d845c1df8,Cultural and background barriers,,,,,,
tag,328b205f-c3c3-4744-9d21-ba8aae6b1fe0,2024,63e270e0-cf86-4645-b61c-e046660afad2,Notice period for a Board meeting,,spot_check,,,,
tag,1633c72b-195e-43a2-bc6b-0c676a12a62c,2024,640cfa6f-a758-40c4-9657-b719bd6ce6b5,"Turnover ratios — receivables, working capital, inventory",,,,,,
tag,5e7eb65d-0497-4b35-b446-f49799afd3f5,2024,64a0d03a-4bc1-4d43-9e1a-4fe2e748dc32,"Cost concepts — prime, production, conversion cost",,,,,,
tag,3d840b4d-2081-4480-9b79-95c2b8f98435,2024,67d37b2c-817d-44d9-ae33-a795612fc581,Real vs nominal income; GDP deflator,,,,,,
tag,0e0fc633-8af6-4cea-8b89-b00f818f0615,2024,68e9bbfe-51b8-4f5f-b8cc-50a97feba87d,Investment function and marginal efficiency of capital,,,,,,
tag,eedb97e5-4e1d-476d-a439-ad64dd307ad8,2024,69cdc941-3ceb-4237-a49f-35d9407e4d12,Fund flow — sources and applications,,,,,,
tag,4e6232cf-36b9-4339-85ed-75512ee28ed8,2024,6ac81505-9840-4714-8fc3-b92114f6cd2e,Competency mapping — technical and behavioural,,,,,,
tag,c6d4e163-88f8-4f42-b049-6441dc271326,2024,6cb3b2f0-3c99-42ee-a562-d4d84b27df6a,Stakeholders Relationship Committee,,,,,,
tag,40c9f867-8337-49d9-a08b-ebd82a3abad7,2024,6e9c3b33-a36e-4816-ac7f-f4867572655e,Public offers to be in dematerialised form,,,,,,
tag,f29221a4-0b1c-4333-acc6-2b5629855c93,2024,72ee041b-2cf9-49e9-b1b5-3d4f355b33ca,Activity-based costing — cost pools and drivers,,,,,,
tag,29d91ad6-ec7b-49fe-9f7c-2d8a50056cd7,2024,756bd372-5226-4127-b3e6-a0ed35747f80,Cellular manufacturing / one-piece flow,,,,,,
tag,3c717663-f030-4d86-99d6-ba0f377d4652,2024,76530f7f-d60e-4188-bacb-25428a3ef2b1,Day-count conventions,,,,,,
tag,0924fc14-7743-4b2d-af62-30d1a4e25519,2024,76a71b12-9a2a-46ab-a75d-81ef300e8c3b,Time value of money and the Rule of 72,,,,,,
tag,c779c9f8-2eea-4ae4-b230-d406065cec25,2024,7aa6a5c3-2e2a-46c9-b5cf-d8a2168f4f88,"Development financial institutions — NABARD, SIDBI, NHB, NaBFID, EXIM",,,,,,
tag,4b3c1bf1-fe5a-4190-9de5-94751396d7ed,2024,7b3b2b30-eb02-40e1-a3b9-f12024dbb089,"Unemployment types — structural, frictional, cyclical",,,,,,
tag,6280fa30-6d4c-4f9b-8414-2a2d314b4d98,2024,7c7ba47b-59c8-4bd1-bf85-be8d1f7fa7ce,Cash conversion cycle,,,,,,
tag,65fd8b0a-9d31-42ef-b2b8-22e304e855fc,2024,7df7e466-6207-4f14-a7e1-69914aa5cc11,"Preference shares — issue, redemption and maximum tenure",,,,,,
tag,4cc9ad72-78b5-4c34-b920-9dea2abfb1f2,2024,7e1e6fc8-4e40-4e18-bfb7-660c80143603,"RBI Act 1934 — constitution, note issue, functions",,spot_check,,,,
tag,f6421fb8-cdf9-4fe4-ba56-60a04005e51a,2024,80431c8b-edaf-43bc-9179-ac4ddb667a6b,Process innovation and Business Process Re-engineering,,,,,,
tag,495cbb22-5881-49a0-b642-d9da951b426a,2024,81287df5-8747-4039-99ec-68893e93f057,Monopolistic competition and product differentiation,,,,,,
tag,c2d94d32-893a-40ff-9f99-4a1ab4a4a31b,2024,812979dc-d8a3-4b9f-be98-83ed6600d82d,Alternate director,,,,,,
tag,c56dfb66-29a1-4a05-9c73-11d4886fc111,2024,8174cb02-9611-4073-9192-531634615ff0,Control of subsidiaries — separate presentation,,,,,,
tag,2d22faae-98ba-42c6-b4a2-3c661d60d7b4,2024,82d92984-3129-4d68-b68d-bbc6c2442bb2,Break-even point in units and value,,,,,,
tag,5d32f085-f81a-4b7c-ba8d-35733d37115d,2024,8a030c8d-9bd6-4018-915b-ba862c670467,Active vs passive investment strategies,,,,,,
tag,c1a8891c-ad3d-4d58-93d1-373d79aad95d,2024,8ae22500-d6b0-4477-9480-d7199e784b1b,Which costing method suits which industry,,,,,,
tag,e3dc3c79-2049-4033-a334-4bef245f99d6,2024,8cdde817-38d0-403c-adb9-03dd9a38a9c9,Consumption function and marginal propensity to consume,,,,,,
tag,ef06eb1f-72a3-4835-8f16-cefed80b4923,2024,8fa1dcd2-aabb-4340-b70a-c98ab28a6679,"Call, notice and term money",,,,,,
tag,ff2a75bd-f780-4af6-b83a-0bb12e61a263,2024,906206f1-b7c1-4171-96c6-e84f14a30cb0,Independent director eligibility and exclusions,,,,,,
tag,81d7eabf-44f7-45ee-9128-216f7342cfac,2024,93172e4d-0ec1-437b-9165-a4da8584b949,Introduction to lean system and the wastes,,,,,,
tag,220c3fd2-9d55-439b-9979-2ab04e55d729,2024,940f9e3a-85bf-4f8f-a81a-bae630a62dfe,Training outcomes and organisational benefit,,,,,,
tag,20adca30-3b88-4263-8706-43fc4fafbd6f,2024,962bf11d-354a-46f9-b143-7b877f1dd115,Direct vs indirect costs,,,,,,
tag,6d61726e-9746-4477-98d8-381afdfbb3ad,2024,962bf11d-354a-46f9-b143-7b877f1dd115,Direct vs indirect costs,,,,,,
tag,76a7caa0-eb37-4c7b-ae93-31c29a58c1c4,2024,9780c7bb-c428-4dbc-958c-cd88b49eddb0,"Public offer, private placement and rights or bonus issue",,,,,,
tag,406406b3-be42-4d52-b8ff-e42fa69ffc3b,2024,9819dd19-eba4-4ec7-b821-c6463a0e4630,ESOP and sweat equity — s.54 lock-in,,spot_check,,,,
tag,28c79188-3767-4699-83d9-9d7cafca9aca,2024,9b08d718-5a40-4ea9-9d9a-8aa95644add5,Limitations of fund flow,,,,,,
tag,91ee0f85-c209-4640-a9d5-8e2243660a56,2024,9f1b83f6-5c62-4c3f-a859-1a95d03caf99,Ind AS 7 — statement of cash flows,,,,,,
tag,dc08ff08-23b2-48c9-a33a-58db1f9ce37a,2024,a087d0ef-97d5-42ab-a2ed-2270151859b8,Journal entries for share issues,,,,,,
tag,3c7a44e0-f969-48a7-8e14-5e3b82a71542,2024,a4ad5214-6ac5-49ac-a96e-eeb11eadad0e,s.186 loans and investments by a company,,,,,,
tag,7576271a-b3b4-4b7d-a8b9-7938c6cff40b,2024,a4ad5214-6ac5-49ac-a96e-eeb11eadad0e,s.186 loans and investments by a company,,,,,,
tag,6b33fb71-2891-4096-9f6c-f7ef8a29e9d3,2024,a53a2319-80c8-4102-ab38-e076b82b1680,Issue of shares at a discount — exceptions,,,,,,
tag,3785b3a1-1c50-4d87-8e02-faaf83f5e5f8,2024,a5a897fe-3683-4945-b8d3-e7a65428d4fa,Tribunal's power to rectify its own order,,,,,,
tag,959d99c6-8868-4d62-ac0e-272b188ab239,2024,a680ce6d-3b3d-470f-b145-982baabe761f,Eligibility of a firm as auditor,,,,,,
tag,371f54aa-8675-4f46-bfb8-ab3da9d6cb7a,2024,a7a09fca-f711-4126-8309-e83452689c36,Qualities and traits of an effective leader,,,,,,
tag,409f36d9-d9c4-4893-9a92-d15a78d257c4,2024,a8f6c87c-c917-4f9a-a5f6-521077772353,Small shareholders' director,,,,,,
tag,a3b17df2-d98c-49cb-ba79-dcef5e986c41,2024,a96131f1-d6e5-473a-9950-49bff7b7a514,Key Fact Statement and fair lending practices,,,,,,
tag,b69f3ba4-1670-4368-b5ee-e91bb75b9182,2024,aa771f11-bf97-4208-865b-e85f784f6c9a,Commercial paper — eligibility and net worth,,,,,,
tag,d6029ed4-676d-4a83-b833-815459017a57,2024,aabe4710-ba4f-4a0c-b36c-59d33753882b,Demand-pull inflation,,,,,,
tag,a5c4fb1f-7c51-43af-831c-9915f951f963,2024,ac8f41f0-78d6-46d6-9938-57b5778ecab9,Ind AS 21 — translation of non-monetary items,,,,,,
tag,0e577851-6a91-4375-8397-7e742e1d9411,2024,b041bc06-7b41-46ec-b04a-01a1c05e7e74,Direct vs indirect taxes,,,,,,
tag,a2fcf6e5-81db-4244-b0ab-22b40a9a7bdf,2024,b416791b-fcf7-4c7e-9e6e-3fcff96bb52d,Qualitative characteristics of financial information,,spot_check,,,,
tag,6e4bb52f-f711-4e2d-86b7-dc1a4c6796d2,2024,b416791b-fcf7-4c7e-9e6e-3fcff96bb52d,Qualitative characteristics of financial information,,,,,,
tag,ada4416b-2a1a-462d-bdc8-0e226f01cf70,2024,b6e22913-d4a4-4e20-b2f7-05615084718c,Supply shocks and the Phillips curve,,,,,,
tag,d5b82c7a-4dc7-4a47-b915-cf716e099e7c,2024,b6f2b279-067c-4a86-8390-00344fe3bc2a,Removal by special resolution with Central Government approval,,,,,,
tag,e9e2c236-02aa-4dd5-9fab-474ac1befac2,2024,b80626e8-69e4-46d2-9066-163b603f98d2,Deposit in a scheduled bank within five days,,,,,,
tag,ae33733d-8430-4876-b25d-831f2cb7c6f4,2024,b8aa6c4d-7880-4c5a-a78d-134faa5d6749,Swaps — interest rate and currency,,,,,,
tag,6d3df8c3-da72-486c-bb90-f624d8ad1514,2024,b949d516-56c7-4bd0-ab45-ef6d16dd2c84,FRBM Act targets and fiscal rules,,,,,,
tag,f5cf831c-4d98-4a0c-b02b-033601c76c51,2024,ba9dd251-c02c-4c5e-83de-3192e75e8bd9,Tribunal-ordered removal of an auditor,,,,,,
tag,0cd7db72-ace1-4996-8ea7-73b8a3438612,2024,bbf89bc7-a311-4d7e-b032-be8ab0bb0b7d,NCLAT chairperson — age limit,,,,,,
tag,5a264548-d0ef-4db2-8537-755ae0c96515,2024,c18b82b3-f8b9-4334-99b2-1ea1dba6aed4,Fisher equation of exchange,,,,,,
tag,4410d8e3-8c72-491c-8c7f-f297598049c1,2024,c378a9dd-5680-4e1d-9419-9a7b7ea4f5fd,Rights issue — offer period and procedure,,,,,,
tag,ddaa8a31-b183-4b4a-8c70-c8fcdadc9902,2024,c378a9dd-5680-4e1d-9419-9a7b7ea4f5fd,Rights issue — offer period and procedure,,,,,,
tag,ea7e2f1d-7900-4df0-95ec-031ba9ef5d1d,2024,c4012952-1df1-4ce4-a6ce-f54083541fd6,FDI caps and sectoral limits,,,,,,
tag,de9230bd-0005-46f9-8f27-1dc44b0f3bf5,2024,cb41b075-5454-49e4-aa25-66cc0beaf8f3,s.408 constitution of the NCLT,,,,,,
tag,385d8d61-55b9-4af9-9072-dc68d27d50dc,2024,d07b71e7-488b-4546-9b22-29b47798c224,"Nostro, vostro and loro accounts",,,,,,
tag,c076f436-a607-4890-ba74-7fc89570793c,2024,d7552288-cec8-4bf0-a99a-1f546c81ad0c,Marginal costing — contribution and P/V ratio,,,,,,
tag,2255e7b0-1eb7-42a3-a3bb-9adb47eae5d7,2024,d7552288-cec8-4bf0-a99a-1f546c81ad0c,Marginal costing — contribution and P/V ratio,,,,,,
tag,ffebfa36-8d2b-4b1e-8869-13bf0030a041,2024,db73c66b-e804-4699-9eec-a6aa331edce8,Finance Commission and devolution criteria,,spot_check,,,,
tag,6bda9dde-cd55-460d-adb0-f798ffe2015e,2024,dd67a013-938d-4ae2-b9bc-816d6a072d65,Bond yield and pricing,,,,,,
tag,15628114-3715-4393-83a3-b3f6d3644017,2024,e1ef8b37-74c3-487d-ad0c-651b121d0713,Services an auditor may render,,,,,,
tag,a75215d0-204e-4713-9cce-d76c4aa6e205,2024,e6e06ca6-432a-4cea-b2e1-da743833fd6f,Stagflation,,,,,,
tag,7b0a031c-01bb-4b9f-9b56-e1cb5a5f4436,2024,e8250cac-5c8c-441a-9910-94b0d715fa98,s.71 debentures and debenture trustee,,,,,,
tag,e121200b-befc-4fce-94f5-719c85c4f91b,2024,e9f510cb-ab55-455c-834a-9f8a77620518,Price and income elasticity of demand,,,,,,
tag,986c477a-807a-4d73-9861-9019e7e82550,2024,eb488d1b-ce82-46e1-905e-0e561053c404,Delivery timeline for transfer of securities,,,,,,
tag,2e903fd8-7a7b-4092-b139-2e52f776a156,2024,ebff9225-240b-4f49-8716-356e97765194,"International Monetary Fund — quota, SDR, facilities",,,,,,
tag,7bad9f47-cf5c-480d-9d3c-e17d0bcf43f6,2024,edb4d0d6-9e7b-48f0-b6e2-959f5e3d0d27,Appeal to the Supreme Court,,,,,,
tag,0bb1a0c6-f642-4e4e-b84d-65e015b84795,2024,f03f944a-8afa-487a-ad73-975b87bacd7f,Trade deficit,,,,,,
tag,b6fd8efd-d06e-4167-8efa-03dbffdba2a0,2024,f4e477a4-fd16-44ef-82c4-86adb47255ce,"Operating, investing and financing classification",,,,,,
tag,1b063d34-98d9-44a5-b9d5-85e7227c9430,2024,f562773b-4f07-4b89-8895-373d1fe1a524,Perfect competition,,,,,,
tag,1cccb70a-c8f8-4967-ae15-bfe98e0be5b4,2024,f779e3de-96b0-43c3-808c-ba39793625af,Per capita income,,,,,,
tag,b5b7dcea-1ea1-4e15-bd13-17c544543e28,2024,fac7bc30-f104-43f4-87c1-d4abe817ab11,Retail application limits under ICDR,,,,,,
tag,78e7c50d-5ac5-40d6-afec-a6d60a4715e5,2024,fc31d10b-cacf-4c18-9855-6c36558e0ca5,CPM and PERT,,,,,,
tag,b16efd22-fb9f-4ec9-be14-62394aef66b8,2024,ff802acc-4a13-46e0-9d0d-ded14ef55b87,Business correspondents,,,,,,
question,552ba031-c7e2-4dfd-b078-0cf17ec0a377,2025,1,Money received before it is called is shown as ______ in the books of accounts.,suspicious_repeat_char,flagged,,,,easy
question,d2e521a7-3ad4-4d44-b36d-de0785081415,2025,1,"Under Section 125 of the Companies Act, 2013, the amounts credited to the Investor Education and Protection Fund shall be utilized for which",,spot_check,,,,
question,047344e0-208f-4df6-a6bb-4ebe90e8de21,2025,1,"As per Accounting Standard 2 Valuation of Inventories, inventories can be defined as which of the following? 1. Inventories held for sale in",,spot_check,,,,easy
question,4279175a-5476-473f-b521-8c8a2cfc4c1d,2025,1,"The 5S Japanese technique Seiri (Sort), Seiton (Set in Order/Straighten), Seiso (Shine/Sweep), Seiketsu (Standardize), and Shitsuke (Sustain",,spot_check,,,,easy
question,8fb4363a-d669-43a5-944c-3e9b56031e63,2025,1,"The demand curve slopes ______ because there is an _____ b/w price and demand. However, _____ when there is exceptional demand.",suspicious_repeat_char,flagged,,,,easy
question,b2ffbbc8-d149-4a06-ac0d-74beeafd41ed,2025,1,"In the context of digital financial inclusion, DPI stands for ______, which refers to foundational digital systems that enable efficient and",suspicious_repeat_char,flagged,,,,easy
question,7b516795-3609-45c1-8055-a715a5e267a3,2025,1,"A team works under two different managers. Manager 1 only gives instructions, does not invite input, and ignores feedback from team members.",,spot_check,,,,medium
question,b3d0a285-da76-4ead-b333-17000e042b0f,2025,1,Which of the statement correctly differentiates between staffing and organizing.,,spot_check,,,,easy
question,b4513ca5-864e-4daf-9c3c-99a698346eb7,2025,1,The format of the company’s financial statement is governed by_________.,non_ascii_suspect;suspicious_repeat_char,flagged,,,,easy
question,419e461f-ca89-4866-8778-a16ad9b3da18,2025,1,Calculate Labour Rate Variance. 1. Standard Hours equal to 500 hours 2. Actual Hours equal to 475 hours 3. Actual Rate equal to Rs 2 per hou,,spot_check,,,,medium
question,606b607a-691a-4d11-8eca-ed64e8647328,2025,1,Which of the following statements is or are correct regarding Monopolistic Competition? 1. There is only one seller and significant barriers,,spot_check,,,,medium
question,6706a58f-7e30-4c2d-a09d-172f0c04f841,2025,2,Depreciation begins when an asset is —,non_ascii_suspect,flagged,,,,easy
question,7de234af-ed47-4400-972c-e861544cf751,2025,2,"As per Section 144 of the Companies Act, 2013, an auditor appointed under the Act shall not directly or indirectly render any of the followi",,,,,,easy
question,1552ce51-0480-4339-b49a-8f0a4f328967,2025,2,"Which of the following costs is not included in the cost of Property, Plant and Equipment as per AS-10?",,,,,,easy
question,9005856e-538a-44bc-b4e0-65b3c43c0ee0,2025,2,"The P/V ratio of a product is 0.3 and the profit earned is Rs 12,000. What is the Margin of Safety?",,,,,,medium
question,eab264c4-bd6b-42cb-a72f-eab6942a4f73,2025,2,Budget 2026 proposed several reforms for development in financial sector. It proposed that Foreign Direct Investment FDI limit for insurance,non_ascii_suspect;suspicious_repeat_char,flagged,,,,medium
question,c6ea680a-c4f0-4826-82b3-f47d947d53e6,2025,2,"Under the provisions of the Central Goods and Services Tax (CGST) Act, 2017, a registered recipient is required to pay the supplier the valu",suspicious_repeat_char,flagged,,,,medium
question,31ee06ea-5ef9-4ced-871b-4b29fb362ffa,2025,2,A bank offers the following facilities to its customers: 1. Basic Savings Bank Deposit Account (BSBDA) 2. Exclusive premium credit card bene,non_ascii_suspect,flagged,,,,medium
question,5467a633-0c49-496f-be25-10fa47f49e25,2025,2,"As per Henri Fayol, which activity is related to harmonizing all tasks in an organization?",,,,,,easy
question,9c5a5193-4836-4515-8a87-3c404790045f,2025,2,The ______ which identifies individual uniquely on the basis of demographic information and biometric gives individual the means to clearly ,suspicious_repeat_char;no_primary_tag,flagged,,,,
question,245fe5d0-646c-43c5-a44d-83d37b7b8a8e,2025,2,Cost of conversion means:,,,,,,easy
question,a1554657-34a1-4fdb-8275-5132792570e5,2025,2,Calculate the Money Multiplier with the given data: 1. Cash Reserve Ratio 12 percent 2. Demand Deposits Rs 1100 billion 3. Currency in Circu,,,,,,medium
question,1606a4c2-bfb3-4af2-8895-e2fdcf482aed,2025,3,"As per AS 2, abnormal wastage loss in valuation of inventories is —",non_ascii_suspect,flagged,,,,easy
question,4b330eae-2ac7-4603-8524-063c9017b8bc,2025,3,"As per the provisions of the Companies Act, 2013, if the dividend declared by a company has not been paid or claimed within (i) ______ days ",suspicious_repeat_char,flagged,,,,medium
question,abcf3c3d-2d55-4385-9572-b296be4862fb,2025,3,"As per Accounting Standard 10 Property, Plant and Equipment, what is included in AS 10? 1. Normal plants and machinery 2. Bearer plants 3. M",,,,,,easy
question,8e5534ab-089c-4f92-96f1-abac75df3b10,2025,3,Cost reduction is a ______ function and operates even when an efficient cost control system exists.,suspicious_repeat_char,flagged,,,,easy
question,cb17f457-bff1-4e3e-b949-0338b6740227,2025,3,Match the following components with their correct definitions: Component | Definition GDP | a. Value of final goods and services produced by,non_ascii_suspect,flagged,,,,medium
question,3abfd021-3410-4dc5-b692-50bb2f26e0c6,2025,3,"As per the provisions of the SEBI (Alternative Investment Funds) Regulations, the maximum investment that an Angel Fund may make in an inves",non_ascii_suspect;suspicious_repeat_char,flagged,,,,medium
question,53bd1b99-ccc8-4a99-9c36-74a23030827e,2025,3,"Highly structured work and organization setup Autocratic, as per Path–Goal Theory, this statement indicates which leadership style?",non_ascii_suspect,flagged,,,,
question,eff56d86-aa4b-470b-a36d-5ca8818b3735,2025,3,"As per Vrooms Expectancy Theory, instrumentality refers to:",,,,,,easy
question,1ae1e7f8-a8e1-4280-a4f3-4d85583bb1d3,2025,3,Every company shall have a board of directors consisting of individuals as directors and shall have minimum number of ________ in the case o,suspicious_repeat_char,flagged,,,,medium
question,7d1d6c88-ff7e-49af-9eff-95afeef07f9b,2025,3,Spoilage which occurs due to inefficient process and can be controlled during the ordinary course of business is called:,,,,,,easy
question,ed81940c-966f-4659-b95d-cd22960d6ffd,2025,3,"Which of the statements given below are correct? 1. The demand curve for a normal good is generally downward sloping from left to right, ind",,,,,,medium
question,19c810eb-4ad1-4057-92bd-8cd844853835,2025,4,Two fundamental characteristics of financial statements are their —,non_ascii_suspect,flagged,,,,easy
question,8bed2ac7-0756-4a1e-a375-444d3b2fdbc8,2025,4,"As per Companies Act, 2013, the securities premium account of a company may be applied for which of the following purposes?",,,,,,easy
question,937c3d1a-07f6-4624-a338-9eca99045a07,2025,4,Which of the following sections deals with buyback?,,,,,,
question,b1e6ec8b-4a21-43d7-9f78-3afc453652be,2025,4,Pareto Analysis is also known as which of the following inventory control techniques?,,,,,,easy
question,7c5cafca-2926-4a9b-b5ba-b0940ef380b7,2025,4,Calculate the Nominal GDP given the following information: • Real GDP = 1200 • Price Index = 110,non_ascii_suspect,flagged,,,,medium
question,bb02483f-f335-4300-aca6-4f68fa8d4ea3,2025,4,Consider the following statements: 1. A forward contract is a customized agreement between two parties to buy or sell an asset at a specifie,,spot_check,,,,easy
question,a887b26a-e0d8-4cad-8927-c3c5533dcf6f,2025,4,"As per NADLER, which of the following is not the function of HRD?",,,,,,easy
question,a4f079ef-ad07-4a50-92a1-15fc967d57a3,2025,4,"Front-line managers mainly supervise day-to-day operations and directly manage workers on the shop floor. In this context, which of the foll",non_ascii_suspect,flagged,,,,easy
question,6ddf69cd-c8c5-425b-8d4e-faa81b795292,2025,4,"As per Fiscal Responsibility and Budget Management (FRBM), 2003, Fiscal Deficit means excess of total disbursement from the consolidated fun",non_ascii_suspect;suspicious_repeat_char,flagged,,,,
question,c8b2d0a6-268b-4390-9643-f9faaadd8d4c,2025,4,Contribution means:,,,,,,easy
question,66ab867f-f51d-42f0-88c1-086bc6593a1f,2025,4,Currency in hand has an opportunity cost of:,,,,,,easy
question,01c71bd3-fbc7-4199-97b2-cf0042267594,2025,5,"XYZ Ltd. has an item of plant and machinery with an initial cost of Rs 10,00,000. At the date of revaluation, accumulated depreciation amoun",,spot_check,,,,
question,7791f93a-8d77-48b3-8317-cd15937ab867,2025,5,"Under which section of the Companies Act, 2013 are the provisions relating to the Securities Premium Account and its permitted applications ",,,,,,easy
question,bb16c3f9-7df1-4a28-9820-c2b5f149379b,2025,5,Insurance companies should present their cash flow via which method?,,spot_check,,,,easy
question,b0fe832f-841e-4274-880f-f4d85c96db97,2025,5,"Interest on funds generated internally, for which no actual payment is made, is an example of —",non_ascii_suspect,flagged,,,,easy
question,823db366-31c9-4634-9fac-c7b80dbee5d8,2025,5,"Calculate M3 in Money Supply: Components Amount (Rs in crores) Money in circulation 37,24,448 Currency with public 36,30,751 Other deposits ",non_ascii_suspect,flagged,,,,medium
question,7afd2596-d76f-4b5e-a356-17623aa5c220,2025,5,"A proposed digital platform in India aims to create a unified online marketplace for insurance products, enabling customers to compare, purc",,,,,,easy
question,bf223f25-6057-4d2e-9fcb-d52f1bd64843,2025,5,A manager lists the following steps involved in the planning process: 1. Developing Premises 2. Evaluating Alternative Courses 3. Setting Ob,,,,,,medium
question,c7e4148f-ed8e-4323-9eab-81ba9122b948,2025,5,"According to Hersey–Blanchard Situational Leadership Theory, which leadership style is most appropriate when followers are competent but not",non_ascii_suspect,flagged,,,,medium
question,06593360-6a4e-4788-9c44-f9c9b610660f,2025,5,Every company shall hold 1st meeting of the Board of Directors within _____ days of the date of incorporation and thereafter hold a minimum ,suspicious_repeat_char,flagged,,,,
question,0e15a87a-e1a9-42e8-bddd-5979ae23c233,2025,5,Lean manufacturing identifies how many types of waste?,,,,,,easy
question,4559fcaf-7869-4cd8-9b46-e10fb7abb31c,2025,5,Consider the following situations and identify the correct match: 1. The Reserve Bank of India increases the Repo Rate. 2. The Government de,,spot_check,,,,medium
question,20513502-3a5b-4a4d-90fa-24506e1418de,2025,6,Which accounting information is particularly relevant to creditors?,,,,,,easy
question,e5dad356-58a0-491a-9135-fa820b1a545a,2025,6,A company proposes to raise Rs 150 crore through an Initial Public Offer in accordance with the SEBI Issue of Capital and Disclosure Require,,spot_check,,,,
question,4e3360fa-12ed-43e9-8bd6-339963c78a78,2025,6,Match the following Functions of Accounting with their correct meaning: List I (Functions of Accounting) List II (Meaning) 1. Identification,,,,,,easy
question,73e38ecf-9880-47b0-b5a4-b8f93f3b433a,2025,6,_____ is a production and inventory management philosophy that originated in Japan and is widely used in manufacturing and other industries.,suspicious_repeat_char,flagged,,,,easy
question,c82688bb-61d3-4d0d-a022-db84bbc9aade,2025,6,An instrument issued by the Government with short-term maturity is sold at a discount to its face value and redeemed at par on maturity. The,,,,,,easy
question,1f174d8e-e2a3-4e97-ada0-5264ee04a47a,2025,6,"As per Herzberg’s Two-Factor Theory, which of the following factors creates satisfaction but does not reduce dissatisfaction?",non_ascii_suspect,flagged,,,,easy
question,1cf104f9-e1ae-4779-9c22-b37b07281270,2025,6,Which of the following statements correctly distinguishes a leader from a manager?,,spot_check,,,,easy
question,01add834-b4f5-4268-9e4c-51eb12e8a3c5,2025,6,"As per section 409 of the companies Act (qualification of president and member of tribunal), the president shall be a person who is or has b",suspicious_repeat_char,flagged,,,,easy
question,b8716d36-abb8-4bfe-93aa-b276e7b77f29,2025,6,"Lean system originally had 5S. Later, an additional S was added. What is the sixth S?",,spot_check,,,,easy
question,05c23b96-e594-43ee-8e1e-ad9d4342734a,2025,6,Calculate National Income and Personal Income from the following data: 1. NNP at Market Price Rs 1000 2. Subsidy Rs 50 3. Direct Tax Rs 80 4,,,,,,medium
question,518fa85f-a54b-4cf7-ae58-9e3d0ea9783b,2025,7,Identified and measured economic events should be recorded in the books of accounts in monetary terms and in an ______ order.,suspicious_repeat_char,flagged,,,,easy
question,2bb086e5-3e65-445c-b61a-9695a01c15fd,2025,7,A company fraudulently issued duplicate share certificates having an aggregate face value of Rs 1 crore. As per Section 46 of the Companies ,suspicious_repeat_char,flagged,,,,medium
question,ec4073ef-4164-484c-9c7e-2a17147db1a1,2025,7,A company has goods in work in progress valued at Rs 15000 at the end of the current financial year. To complete and convert them into finis,suspicious_repeat_char,flagged,,,,medium
question,ad0d7805-d9ed-42c3-9d4f-4f37a08aa987,2025,7,"______ of cost means the degree of relationship between cost and the option. Direct costs are directly assigned to the option, whereas indir",suspicious_repeat_char,flagged,,,,easy
question,fe61b295-551c-4bb2-9853-2db13d40eece,2025,7,Which of the following instruments is classified as a money market instrument?,,,,,,easy
question,487be3f3-ca24-4891-b606-8927a1a46ffc,2025,7,“You view things as you want to see them.” This statement best represents which of the following concepts?,non_ascii_suspect,flagged,,,,easy
question,cc5278f4-e58d-407b-bdd2-916f2b8b2501,2025,7,Why is planning considered a prerequisite function of management?,,,,,,easy
question,5b7896d1-7f1b-43ee-99a0-13c7c7bb60a8,2025,7,"If the company spends any amount as a CSR in a year in excess of the requirements provided under section 135 (5), such excess amount may be ",suspicious_repeat_char,flagged,,,,easy
question,c31aa276-4be1-4f6d-af12-8ed8c24ad429,2025,7,Which of the following statements is incorrect about Kaizen Costing?,,,,,,easy
question,a3a59276-6024-4e18-997b-e903a69b5214,2025,7,Which of the statements given below is or are correct in regard to economic indicators? 1. Leading indicators are variables that tend to cha,,,,,,medium
question,30cfaee4-6b4a-4b1a-8965-6397308f6ab9,2025,8,Disclosure of share capital is given in —,non_ascii_suspect,flagged,,,,easy
question,b3f1fa4a-8763-48b0-b9b6-b1840423886b,2025,8,"A general meeting of a company is scheduled to be held at Faridabad on 19 September 2026. However, the required quorum is not present within",,,,,,medium
question,fbeba944-2c72-427d-a91e-9e2acc8f9e89,2025,8,Due to which of the following the financial statements will not remain reliable?,,,,,,easy
question,b8fec438-f6fe-4fb5-b2e4-1c6a10b86be1,2025,8,"Japanese techniques for inventory management focus on improving efficiency, reducing waste, and optimizing stock levels. Select the correct ",,,,,,easy
question,bd3367f0-20a7-464e-8434-c1c33e4e61ac,2025,8,"Under the provisions of the Central Goods and Services Tax (CGST) Act, 2017, every electronic commerce operator required to collect Tax Coll",,,,,,easy
question,769f0c98-07bb-49cd-88d2-ed8bb97cd946,2025,8,Which of the following is not a feature of formal organization?,,,,,,easy
question,ade48abb-b321-4f0b-8c41-7fdeeac70828,2025,8,What is the primary role of a manager as a disseminator in an organization?,,,,,,easy
question,11522b4c-062e-4693-b4db-e58b2587d854,2025,8,"As per section 32 of companies act 2013, a company proposing to make an offer of security may issue a Red Herring Prospectus (RHP) prior to ",suspicious_repeat_char,flagged,,,,easy
question,11502047-66c9-499f-b68b-8af13f5882a5,2025,8,BPR uses which cycle or framework to identify inefficient processes?,,,,,,
question,962fc710-9a71-4249-bd44-5e645aabea8b,2025,8,Government borrowings can be considered __________ and surplus or deficit can be considered as __________.,suspicious_repeat_char,flagged,,,,easy
question,443b0aab-c695-4e2b-b3d8-0cf14b6e9215,2025,9,Vertical analysis expresses each line item as a percentage of —,non_ascii_suspect,flagged,,,,easy
question,1aa77b1f-1c1d-48b0-a4a5-6dc9c2c9994e,2025,9,"As per the provisions of the Companies Act, 2013, the appointment of directors and Key Managerial Personnel is to be recommended by the (i) ",suspicious_repeat_char,flagged,,,,medium
question,88ed663f-f940-4103-a617-9faa06b6792a,2025,9,"As per Accounting Standard 9, interest is recognized as __________.",suspicious_repeat_char,flagged,,,,easy
question,06dc9830-df27-4835-8da6-204371104c51,2025,9,What is the full form of BOT in infrastructure projects?,,spot_check,,,,easy
question,beeeb6cf-de21-4970-b67f-e6b119624d1b,2025,9,Identify whether the following statements relate to Administration or Management (in the same order): 1. It focuses on setting long-term vis,,,,,,
question,c2eae8e3-334a-4e82-bc30-e831ae6f9074,2025,9,"Under Section 115JB of the Income Tax Act, 1961, ""Book Profit"" means the net profit as shown in the Statement of Profit and Loss for the rel",,spot_check,,,,
question,332feae6-33f0-43c2-8306-70a552b611ff,2025,9,What is the defect level at Six Sigma quality?,,,,,,easy
question,60fe809e-0ab8-465d-bb77-520f64156d27,2025,9,Consider the following Monetary Policy tools and identify the correct match as Direct or Indirect instruments: 1. OMO 2. CRR 3. SLR 4. Repo ,,,,,,medium
question,40c39060-36a3-4c1f-8afc-51ed11e67a47,2025,10,The term “XBRL” stands for —,non_ascii_suspect,flagged,,,,easy
question,0f79cd6b-8996-4c4f-be1b-a888207cc433,2025,10,"Under a Share Purchase Agreement, what can be issued by a company?",,,,,,easy
question,2ba3a40e-f89b-4572-8be1-d5bafc451eb3,2025,10,"Revaluation of the Property, Plant and Equipment happens __________.",suspicious_repeat_char,flagged,,,,easy
question,c6111cdd-fe3e-4711-8b93-4a49ea10bb54,2025,10,An investor earns a nominal rate of interest of 10% per annum on an investment. If the inflation rate during the same period is 6% per annum,,,,,,medium
question,20601dfe-832a-42a5-89fd-5fd57012dce6,2025,10,"As per Fiedler’s Contingency Theory, where will a task-oriented leader perform better as compared to a relationship-oriented leader?",non_ascii_suspect,flagged,,,,medium
question,23e2b244-7f92-4df8-88de-42cffe796494,2025,10,Batch costing is an extension of:,,spot_check,,,,easy
question,d712b518-425e-4514-bec2-6afb1f365b30,2025,10,"As per consumer theory, consider the following statements: 1. Bandwagon Effect refers to a situation where the demand for a good increases b",non_ascii_suspect,flagged,,,,medium
question,dc50b078-85f6-44df-af3e-48e84f19f482,2025,11,"Under the Companies Act, 2013, who appoints a Registered Valuer to determine the valuation of assets, shares, or liabilities of a company?",,,,,,
question,1a5d005b-4e53-45f1-bf73-d8c64c456ef2,2025,11,A company declares a bonus issue in the ratio of 2 to 5. A shareholder holds 5000 shares. What will be the total number of shares after the ,,,,,,medium
question,a033b416-c4d3-402e-8d2e-48243e27c26c,2025,11,"In banking terminology, short-term credit facilities such as cash credit, overdraft and discount bills are generally classified as bank adva",suspicious_repeat_char,flagged,,,,easy
question,e3251e71-20df-4cb2-bb64-09fd695f27e5,2025,11,"As per Tuckman’s stages of group development, the following stages are given with short descriptive phrases. Two stages have interchanged (s",non_ascii_suspect,flagged,,,,medium
question,0763d8b6-1fd1-4b10-b49a-d0864b4f7d36,2025,11,What is a Budget?,,,,,,easy
question,4e09be1f-b89e-44d7-9e00-7e7eb67d6026,2025,12,Revaluation surplus arising on revaluation of fixed assets in a banking company is generally credited to which of the following?,,,,,,easy
question,a3a5c1ab-2ef9-41f4-a7a4-aa9383fae5b8,2025,12,"As per the recent SEBI regulations on mutual funds, the maximum Basic Expense Ratio (TER) that can be charged by Exchange Traded Funds (ETFs",suspicious_repeat_char,flagged,,,,
question,19cc8e13-31ca-414c-ac51-d1f09507dbb1,2025,12,How is management both a science and an art?,,spot_check,,,,easy
question,2290cb91-2dd4-4c4e-bfcc-d961b5374adf,2025,12,How has the role of a Management Accountant changed in modern organizations?,,,,,,easy
question,a9449754-1b7f-4649-a0d8-06cf9dfbdd6d,2025,13,"Recently, a Japanese credit rating agency upgraded India’s long-term sovereign credit rating. The agency upgraded India’s rating to ______ .",non_ascii_suspect;suspicious_repeat_char,flagged,,,,
question,b7e06349-156b-4c61-a997-ecced652af93,2025,13,Read the following statements about leadership and identify the correct statement(s): 1. Leadership is a personal skill. 2. Leadership is fi,,,,,,
question,4042da27-c605-4d6e-aaa5-6432200eed0f,2025,13,"__________ is a performance benchmark set under perfect conditions, assuming no wastage, no idle time, and maximum efficiency.",suspicious_repeat_char,flagged,,,,easy
question,2ba4b1ea-50d8-47e1-8cb7-5d71e754acd0,2025,14,"The use of innovative technology to improve, automate, and expand the delivery of financial services and to create a digital ecosystem for p",,,,,,easy
question,331b6814-9e32-455b-ac13-b54d584d6e92,2025,14,What is the full form of SMART in goal setting?,,,,,,easy
question,3b48eb25-f102-4173-95da-9e359cf6fcb6,2025,14,Cost control mainly includes which of the following?,,,,,,easy
question,5fbcd315-44b3-43b5-9874-087942983d38,2025,15,"An Assessing Officer passes an order under the Income-tax Act, 1961. Subsequently, he notices a mistake apparent from the record and seeks t",,,,,,medium
question,63f54e0d-6bb9-4074-bbd5-6b881f5a8925,2025,15,"According to Burns, what is the key difference between transactional and transformational leadership?",,,,,,easy
question,c2a1f95e-695c-45fd-a0f6-f2fec47c3b1a,2025,15,TPM is the system of maintaining and improving the __________ of the production and quality system.,suspicious_repeat_char,flagged,,,,
question,91614453-c5da-4938-a84c-3a337371c2b0,2025,16,"Under the provisions of the Income-tax Act, 1961, a person fails to comply with the requirement relating to the quoting or authentication of",,,,,,medium
question,f70359e3-0f31-4613-bc2f-fe7b37a84313,2025,16,What is the meaning of Esprit De Corps?,,spot_check,,,,easy
question,cc2f1590-2e10-4851-b0fb-f2c5a979949c,2025,16,Just in Time JIT is an inventory management technique aimed at minimizing inventory levels by receiving materials only when required for pro,,,,,,easy
question,737e3dd0-cfd2-4d6c-bb05-8b2ac2dfdeb2,2025,17,"In statistics, what do we call the difference between the maximum value and the minimum value in a data set?",no_primary_tag,flagged,,,,
question,ff74ffd5-2eb7-4378-a4a1-6fb9dc8124cd,2025,17,"According to Peter F. Drucker, management should focus primarily on what?",,,,,,easy
question,a5c44c2e-71c5-4d55-9350-740b5788e7bd,2025,18,"In a BOT (Build–Operate–Transfer) project, identify who bears the risks related to design, construction, finance, and ownership (in the same",non_ascii_suspect,flagged,,,,easy
question,2dcbd74c-9977-41da-b3d7-247f58d70800,2025,18,The linking function of a manager is best described by which of the following statements?,,,,,,
question,3464f9ac-9599-412b-992f-35245d4285f2,2025,19,RBI performs different functions under various laws and regulations. Which of the following pairs is not correctly matched?,,spot_check,,,,easy
question,633fddca-1fa2-48a4-b5c9-f9c7ed43c17f,2025,19,Which of the following is not considered a desirable trait of an effective leader or manager?,,,,,,easy
question,4985b5bb-8c7c-4075-b703-a5d2d26e9cd0,2025,20,Financial Benchmarks India Pvt. Ltd. (FBIL) is responsible for publishing various financial benchmark rates in India. Consider the following,,,,,,easy
question,ed9709a3-9468-405f-9f5f-ec76319c4188,2025,20,Which of the following options correctly lists all the primary functions of management?,,,,,,easy
question,6be4c398-bdab-4a7e-9b96-a20ce6a60297,2025,21,What is the minimum investment amount required for subscribing to Non-Convertible Preference Shares (NCPs)?,,,,,,medium
question,3df74d90-6d8d-4168-896a-3744a16691bb,2025,22,"An investor buys a financial contract under which he pays a periodic premium to another party, and in return receives compensation if a spec",,,,,,easy
question,ddfa411a-62d0-4a20-bec8-4e45861c8c04,2025,23,"When goods or services are supplied by an Indian supplier to a foreign recipient, which type of GST is applicable?",,,,,,easy
question,9ac6d556-6bbc-4fe7-9419-b920c7184362,2025,24,Which of the following statements best describes callable securities?,,spot_check,,,,easy
question,58216a0f-55bb-427a-8a85-b883d80fc087,2025,25,"Under the Coinage rules in India, 50 paise coin is legal tender up to what maximum amount?",,,,,,medium
question,5ca98fbe-7f6c-4d55-9c51-97ef4b1b1bfb,2025,26,Which of the following statements correctly distinguishes between fixed securities and floating securities?,,,,,,easy
question,d9b3c410-397e-490c-9640-4e5e33b6ed8b,2025,27,"Under the Income Tax provisions relating to political contributions, what is the maximum amount that can be donated in cash to a political p",,,,,,medium
question,d4774e13-e9c2-4dea-9097-cbc049f38c14,2025,28,"With reference to the RBI Master Direction – Foreign Investment in India issued under FEMA, consider the following statements regarding fore",non_ascii_suspect,flagged,,,,
question,16537eee-3b8f-493d-9b9f-b9fa2a700af1,2025,29,A forward contract on a financial asset is priced at ₹432 for delivery after 6 months. The annual bank borrowing rate is 9% per annum (simpl,non_ascii_suspect,flagged,,,,medium
question,ec6cf916-7153-4017-91b3-b3ca59492cc5,2025,30,"Two companies, Umbrella Ltd. and Raincoat Ltd., have issued Certificates of Deposit (CDs). Their practices are as follows: Provision / Pract",non_ascii_suspect,flagged,,,,medium
question,24e7acb5-5664-41de-8136-784669bca7c0,2025,31,"With reference to Credit Default Swaps (CDS), consider the following statements: 1. A Credit Default Swap is a derivative contract in which ",,,,,,easy
tag,c1c377d1-d76e-4390-9eb1-2af442119b3c,2025,00d3f0d6-79a3-4c9b-a019-d0ac728fbb19,Digital Public Infrastructure and India Stack,,spot_check,,,,
tag,f5e62909-4300-4b29-8b71-868620aa30e2,2025,00d3f0d6-79a3-4c9b-a019-d0ac728fbb19,Digital Public Infrastructure and India Stack,,,,,,
tag,2314aac7-1fc1-4c7d-9c4d-361436ca9d23,2025,00d3f0d6-79a3-4c9b-a019-d0ac728fbb19,Digital Public Infrastructure and India Stack,,,,,,
tag,5142ca0a-7249-4d64-a4d6-61be0ccffcc3,2025,015f7b09-a074-4d23-ad1c-be1e4826c881,Transfer to the Unpaid Dividend Account,,,,,,
tag,0a2f9372-e717-4f7f-8da1-1df6fbe3587d,2025,033fa30b-ae86-4b44-8a16-5b64de7eb0e3,Income-tax — assessment and rectification,,,,,,
tag,738b2190-7ddb-4939-b827-9f1315af0f9d,2025,041bffcf-8994-47b0-877e-d0d29ddde75d,Management as science and art,,,,,,
tag,735fdfb8-e19f-4167-b9de-8c3acd10baca,2025,050b2b61-b9eb-428a-8abd-bba50bc74ed8,Fayol's 14 principles; Esprit de Corps,,,,,,
tag,2493778a-77c7-4c11-81e7-1cb16a223a29,2025,06c6dc13-3a3f-4af1-96a7-869e8708004e,"Kurt Lewin styles — autocratic, democratic, laissez-faire",,,,,,
tag,8843d34d-1dcd-4b21-8641-7e2e59f3f733,2025,08143302-6a31-4d6c-9957-83d1948aa124,Income-tax — penalties and PAN provisions,,,,,,
tag,c8715253-c5b2-47d4-be2d-d8a3d74a9b29,2025,08143302-6a31-4d6c-9957-83d1948aa124,Income-tax — penalties and PAN provisions,,,,,,
tag,5c873f07-418e-4647-b26d-981f7e3c0a93,2025,0a1b5d12-e642-49a7-be68-9b545ac5e829,"Waste, scrap, spoilage and defectives — treatment",,,,,,
tag,b897e61f-15ff-4f6a-80b5-d457dfc5c351,2025,0a64b1dd-dbcc-41a0-a7a7-7c6d7bcabe63,Linking function of the manager,,,,,,
tag,dc91bb16-2725-4ecf-ac0c-355493ee1cb2,2025,0e0ec77a-1cc5-439c-9901-332a7879934c,Bonus issue — effect on shareholders and entity,,,,,,
tag,5bd44813-9665-4e8e-b3c3-96d1c3d62ad2,2025,0f8dda0c-7fa0-428e-8a1a-15054c2c30f3,Money multiplier,,,,,,
tag,e4bad229-fd91-4089-b2a8-b2b99ebf39b9,2025,1436482d-86b1-46ff-8ee7-521cbd1ed3f7,Planning as a prerequisite function,,,,,,
tag,7b5545de-6b8e-48d9-91be-0215d096ad22,2025,14761fb5-8f1d-42d2-8f94-722690dddd6d,Appointment of a registered valuer,,,,,,
tag,db678caa-bc60-437e-84a8-b54cb6df805d,2025,177b68be-4bce-4c12-bc99-f7fabcbc1de6,"Bank advances — cash credit, overdraft, bill discounting",,,,,,
tag,c9be084c-6187-444f-8ecb-59cf2c1edded,2025,1959fdbb-aa4d-4d2b-ad00-2ba2ba1da295,Minimum face value — NCD and NCRPS,,spot_check,,,,
tag,7ada97e3-3ce9-44c7-b19b-68e804e8875d,2025,1cefdf19-0cb1-4bad-a0f3-d5cde6ee8c46,Fixed vs floating rate securities,,,,,,
tag,ae75cdcc-5be1-4f74-a7cd-3804c80e15d2,2025,1d4e91aa-069c-4ceb-af39-59aa6819dc70,Board meetings — frequency and first meeting timing,,,,,,
tag,3e82c19c-a38e-482d-b6a8-424769aeb382,2025,1fc9c1fa-d329-4776-afdc-38f2f6f0c1ab,Nomination and Remuneration Committee,,,,,,
tag,9773f13d-2e9c-4e85-bcb8-60879286bdfc,2025,20d46b1a-d0d4-4211-8d9c-829a9e68c15f,Schedule III — Balance Sheet heads and sub-heads,,,,,,
tag,48972b5c-7a6c-49ac-9f0c-d786691adf61,2025,21deac38-f77c-4230-a9ee-3c1dc6a66fd2,Staffing vs organising,,,,,,
tag,56d51b7c-1502-474e-9541-a00433087b70,2025,22f081a2-6718-436e-ac55-594bcf98fb5a,"AS 2 — inventories, NRV, abnormal wastage",,,,,,
tag,e45f0c28-4370-405c-bbc1-104c37c2acfe,2025,22f081a2-6718-436e-ac55-594bcf98fb5a,"AS 2 — inventories, NRV, abnormal wastage",,,,,,
tag,4e60f978-043d-44be-ae3b-445d0f35ae17,2025,22f081a2-6718-436e-ac55-594bcf98fb5a,"AS 2 — inventories, NRV, abnormal wastage",,,,,,
tag,ab8f4b71-8671-48f1-9b8e-df035d0a0eb0,2025,2383c38c-1bdc-4d2d-8e25-0aac4c542723,s.46 duplicate share certificate and penalty,,,,,,
tag,b314a659-b9de-46aa-8176-13c8808eca4c,2025,25a29f87-d2f6-40d8-a129-ce8261b22117,Labour variances — rate and efficiency,,,,,,
tag,1079f204-03d5-40f7-8858-53f02681146f,2025,29113dfe-5091-4e5a-a635-737ad71bb894,AS 3 — cash flow classification,,,,,,
tag,fbcbf52c-b4de-4dab-9f6a-1be50f779081,2025,297ad27e-8c0b-4d60-aa9c-14356fb9f86d,NRI and OCI investment — repatriation basis,,,,,,
tag,13ec8d0b-97cd-4b64-93bb-45a96f06dac7,2025,2c353c7f-8bd9-42bc-85d2-11774785126e,Personal income and disposable income — derivation,,,,,,
tag,91102336-797b-46fb-aee3-c096307b046d,2025,2e28f6c8-b8c9-44da-b67a-1055d1906c27,Credit default swaps,,,,,,
tag,a7a0baba-782b-4ddb-91be-aad1a3882367,2025,2e28f6c8-b8c9-44da-b67a-1055d1906c27,Credit default swaps,,,,,,
tag,9ff9d1c8-a8fe-4848-b4bb-2ab2ff9b2525,2025,2fe2dab9-4e8f-40b0-98f6-68c19bc64180,"Vroom expectancy theory — valence, instrumentality, expectancy",,,,,,
tag,b36bad27-98d5-4536-8f25-00c560816e57,2025,308c9fd7-83fd-4fa7-ac7d-6dd132598da7,Margin of safety and angle of incidence,,spot_check,,,,
tag,e17bf6dd-dcab-4983-836c-298e378721ac,2025,35b08297-73eb-4538-872c-4c46518eebf6,5S and the sixth S,,,,,,
tag,e4413a6f-fbb9-4c71-8ca4-58b83d2a5510,2025,35b08297-73eb-4538-872c-4c46518eebf6,5S and the sixth S,,,,,,
tag,d905257d-ec77-4f90-b4d4-8e5a96dfb58f,2025,3a9ca80e-2fd2-42a7-a9e6-040e2654bb8b,Opportunity cost of holding currency,,,,,,
tag,aa48fa78-6345-4ff7-a6da-bb82726b5736,2025,3b99d1e4-a26b-4bb9-8754-9cee350bd157,"GDP, GNP, NNP and NDP concepts",,,,,,
tag,27ebc836-ec1f-4756-8f41-bb12f4bbc05f,2025,3d5f6cd3-9ade-43c2-945a-89dc9f9d13f4,Format of financial statements governed by Schedule III,,,,,,
tag,f86be9cd-4c3b-4b1a-8ee1-35e7c4c962e3,2025,3d5f6cd3-9ade-43c2-945a-89dc9f9d13f4,Format of financial statements governed by Schedule III,,,,,,
tag,2a0a6235-daa3-4090-90b6-0027a4245c98,2025,3d5f6cd3-9ade-43c2-945a-89dc9f9d13f4,Format of financial statements governed by Schedule III,,,,,,
tag,ce633fc9-79ad-4732-9af1-b670e5e6abb3,2025,3ed821a4-b6bb-481a-959c-f97478564db3,Budget concept and budgetary control,,,,,,
tag,a9a152f2-7f8f-453c-805b-043e356fcc1c,2025,3faa19c8-0f16-4b61-ba30-6a127399c3a8,ABC and Pareto analysis for inventory control,,,,,,
tag,3e3b244c-6b5f-4e09-9fe7-df412ee9f98a,2025,445936e7-578a-4756-a0aa-ad240a9ef4a8,AS 9 — revenue recognition,,,,,,
tag,28c59ede-3856-424f-bc1d-c76f4383eab4,2025,4623fffb-b9ec-4558-90d5-f3f24d504e06,Treasury bills,,,,,,
tag,6d280514-3aae-4798-ac26-188f4b042893,2025,477e5dfd-2a09-4e42-9704-e6d82082e24d,"Six Sigma — DMAIC, belts, defect level",,,,,,
tag,1985ecb8-3c02-4ddb-8936-ba3ddd93f2b3,2025,497f4d2b-bb23-445e-a094-5826fdc35a38,Cost control vs cost reduction,,,,,,
tag,000dc808-3e89-4ff5-aab4-453662167850,2025,497f4d2b-bb23-445e-a094-5826fdc35a38,Cost control vs cost reduction,,,,,,
tag,775bfff5-9901-4812-b431-16892d8656b6,2025,49ba0646-ce84-4931-b7f9-ceb31f43f40d,Total Productive Maintenance and OEE,,,,,,
tag,01e837cf-a5f3-453a-b18b-496b74b1b68f,2025,4bec3262-4880-4023-8d36-35f6619f9caf,"AS 10 — property, plant and equipment; revaluation",,,,,,
tag,8fa2ed66-240a-43af-8db0-bf2b357392bb,2025,4bec3262-4880-4023-8d36-35f6619f9caf,"AS 10 — property, plant and equipment; revaluation",,,,,,
tag,46b85efb-4c56-4bda-83d7-f00fe3051bfe,2025,4bec3262-4880-4023-8d36-35f6619f9caf,"AS 10 — property, plant and equipment; revaluation",,spot_check,,,,
tag,3f5dab21-7561-4a7b-b932-6bde2e2c3eae,2025,4bec3262-4880-4023-8d36-35f6619f9caf,"AS 10 — property, plant and equipment; revaluation",,,,,,
tag,262cf0fe-640e-4a79-965b-dbb696d84867,2025,4bec3262-4880-4023-8d36-35f6619f9caf,"AS 10 — property, plant and equipment; revaluation",,,,,,
tag,0cea75ed-9c0c-4d30-a6e7-37829a0d30db,2025,4c7a95b5-d140-442c-81bf-f03d9a0544bf,Perception and selective perception,,,,,,
tag,6088136f-6538-4a10-ad77-7c3ed2154171,2025,4ef6fa96-f770-4055-a47c-b6167761fdfa,s.144 prohibited non-audit services,,,,,,
tag,d3c19ba3-434a-418c-bd7c-c6a09b662a54,2025,4f190aeb-0d39-4b1d-af55-f36b309ed039,Transfer and transmission; partly paid shares,,,,,,
tag,26807391-e76e-493e-bbbf-093bd84c688e,2025,50662a87-d194-4c34-abb3-955d30386c0a,Adjournment when quorum is absent,,,,,,
tag,c4d4e071-ca02-4d08-a5d6-9533e2a9e938,2025,51647430-90d5-410b-b819-858f07b6683c,Standard costing — types of standards and ideal standard,,,,,,
tag,9d577f13-b2d2-4c2c-b097-1fa9a822ee7b,2025,56272686-677d-46a9-a852-e2c00371bbba,Users and objectives of accounting,,,,,,
tag,3059cb5e-b009-4fe6-a563-fcde0e9edfe7,2025,575399ce-f540-4e33-9f24-06eded66c5ca,Transactional vs transformational leadership (Burns),,,,,,
tag,68e39db8-14ff-4b54-adaf-78bf07dba4d1,2025,585243ac-4681-4b22-8891-b2fdb8e0253c,Just-in-Time and pull systems,,,,,,
tag,a6731ce3-6a09-4a78-beaa-bcf9d52bc377,2025,585243ac-4681-4b22-8891-b2fdb8e0253c,Just-in-Time and pull systems,,,,,,
tag,45c56124-875d-44b6-82d2-74d20f5d651d,2025,585243ac-4681-4b22-8891-b2fdb8e0253c,Just-in-Time and pull systems,,,,,,
tag,39ad930f-3a4b-4ff6-9710-af25453827e6,2025,5a9b61eb-b1be-4bbe-acd5-ae322ac8d56a,"Katz's managerial skills — technical, human, conceptual",,,,,,
tag,d87afc00-894e-457c-a946-ee9326f67bcf,2025,5dd5b7aa-d3b7-451d-afbf-a909507504b1,s.135 CSR obligation and excess set-off,,,,,,
tag,b04f1b6a-0ad2-4793-b4fa-122cc22ca84a,2025,5f286da2-e0b7-4c2c-a5c2-28958c9576c2,Indian fiscal year and budget calendar,,,,,,
tag,b4f451a8-0578-4efe-b0b0-63c9788505f5,2025,5f979c8c-4b12-44e5-b646-93c099d53423,Limitations of ratio analysis,,,,,,
tag,8b254cf2-580a-430d-a8d3-9a4468aaa88c,2025,64a0d03a-4bc1-4d43-9e1a-4fe2e748dc32,"Cost concepts — prime, production, conversion cost",,spot_check,,,,
tag,a7da3130-ab2b-40c9-9228-16aa4f097f10,2025,6557930d-b856-447f-9b1f-6e3c248497f0,s.32 red herring prospectus and filing window,,,,,,
tag,71d2835e-52fc-483b-b34e-1e1805a2e6ff,2025,6590b2ac-7891-4b88-9a99-4c5295ad946d,Fayol's functions; coordination,,,,,,
tag,23b27f54-fcee-4176-b88c-591c037e5b0c,2025,66dc2fd4-86f0-4ef5-a5cb-beb282194223,Hersey–Blanchard situational leadership,,,,,,
tag,ad4f2975-b7d8-45be-a70e-f265b6a68b49,2025,67d37b2c-817d-44d9-ae33-a795612fc581,Real vs nominal income; GDP deflator,,,,,,
tag,099ce864-8c53-4800-a803-3675ea9b5017,2025,6b804126-1dae-4221-aba6-7896579a048a,Government borrowings classification,,,,,,
tag,dd837399-0986-4582-8de8-a7da716693b7,2025,6d24067a-2f6d-4b56-8814-9176219d4de4,"Depreciation — methods, change in estimate, commencement",,,,,,
tag,638bcab9-f5b8-4090-8307-bf6f9befeeaa,2025,70c3de96-dbae-425f-806f-ef5ae35eacd8,AIF categories and Angel Funds,,,,,,
tag,3b7f38f8-02bd-41f6-a3c5-14e4ddf4f6b5,2025,71bea6ca-785f-4374-81fd-3bca679fbcdd,Nominal vs real interest rate,,,,,,
tag,76368ccb-9c3b-41b7-adc6-fd7523c78b73,2025,7260f618-7771-4cbd-861b-3f7c490194ab,"Bandwagon, snob and Veblen effects",,,,,,
tag,eaf28604-61f9-4e46-8084-b5b65aafeceb,2025,74e6d821-069d-4ff1-a058-425ca8b5ba58,BOT variants and risk allocation,,,,,,
tag,354b54e2-cbcd-42d1-a490-51cbbfa350f1,2025,74e6d821-069d-4ff1-a058-425ca8b5ba58,BOT variants and risk allocation,,,,,,
tag,6674b022-bb27-4906-9a70-a75d4d5d012c,2025,7e1e6fc8-4e40-4e18-bfb7-660c80143603,"RBI Act 1934 — constitution, note issue, functions",,,,,,
tag,df3cc6b7-4f06-484c-87b1-5e174ace8f6d,2025,7e1e6fc8-4e40-4e18-bfb7-660c80143603,"RBI Act 1934 — constitution, note issue, functions",,,,,,
tag,007153ba-57c4-41b4-914e-787f37550b53,2025,80431c8b-edaf-43bc-9179-ac4ddb667a6b,Process innovation and Business Process Re-engineering,,,,,,
tag,fc1ffce7-fd62-48d2-bae2-a60d9607813f,2025,81287df5-8747-4039-99ec-68893e93f057,Monopolistic competition and product differentiation,,,,,,
tag,fce178ca-2db0-497f-8da6-ac88b23e6402,2025,83bd9251-f493-4860-8e39-d6df81d7c929,IEPF — permitted and prohibited uses,,,,,,
tag,83281249-1c6b-4422-9ebf-1eb58b8c85fd,2025,8ba25aca-2ae9-4173-bdf8-516e21723828,s.39 minimum application money,,spot_check,,,,
tag,dc8be1bb-9029-4766-b52a-b033720dbcd4,2025,8d46438f-2c09-44b0-bd59-d09e248e1217,Callable and puttable securities,,,,,,
tag,59ac3937-fdbe-4d3c-8f02-14922f3e2bea,2025,93172e4d-0ec1-437b-9165-a4da8584b949,Introduction to lean system and the wastes,,,,,,
tag,e8525a62-0a66-4d74-83e4-67a94c5a6cf1,2025,93b328ed-90df-4dc1-8976-d6fa576781c5,Law of demand and exceptional demand,,,,,,
tag,43ee0f58-de59-4423-baa1-d42e58b63101,2025,962bf11d-354a-46f9-b143-7b877f1dd115,Direct vs indirect costs,,,,,,
tag,f36f0cc8-4feb-483c-94d8-b2944fc0f78a,2025,9bfc64dc-3820-49a5-894d-0512bfde4bbd,Batch costing and economic batch quantity,,,,,,
tag,30934857-ee40-4b7d-9398-7bba939f1b9f,2025,9dbb5e85-0642-48e8-9d79-7423dec67e7c,Formal vs informal organisation,,,,,,
tag,65b4010d-45cf-4ab8-8b0d-d307dac0af6c,2025,9de63513-d031-468b-920d-f0ea7d84fe40,Accounting software and XBRL,,,,,,
tag,5edb5993-c8e8-432a-a5d0-e31b4cc7aac1,2025,a3a6d7c0-afac-4a57-90a9-e451dcc27960,Administration vs management,,,,,,
tag,6dcde9d6-8185-4ff6-afbb-b7cf047e0428,2025,a50be932-a146-4925-8a89-bf7342ebfed9,Primary functions of management,,,,,,
tag,52b35ad4-d9fb-4c85-a3a1-0990ee74a3da,2025,a52b4230-bec5-4a76-812b-f0fe45cd1d58,Stages of the accounting process,,,,,,
tag,91d36f13-a1d8-4d65-b6a1-35b40f592441,2025,a52b4230-bec5-4a76-812b-f0fe45cd1d58,Stages of the accounting process,,,,,,
tag,0ddfc5db-6d38-45ce-9a76-beac50a44128,2025,a5b4857a-6bf4-4a05-97f4-7476a3f405a2,Leading and lagging economic indicators,,,,,,
tag,92219947-cc89-4e3d-a1b2-cde18aa1ffa3,2025,a5f18325-af4e-4040-95ca-5007d0ed75ab,"Direct vs indirect monetary instruments — OMO, CRR, SLR, repo, MSF",,,,,,
tag,0cfbe484-a9d6-4829-bf86-f2de18b4f9db,2025,a7a09fca-f711-4126-8309-e83452689c36,Qualities and traits of an effective leader,,,,,,
tag,d0623fc9-6e47-49a6-8c01-4976a8fc540d,2025,a7a09fca-f711-4126-8309-e83452689c36,Qualities and traits of an effective leader,,,,,,
tag,285a7942-2272-4a0b-aad6-3698e8b44666,2025,aadffd0f-e754-42e1-9395-bb2589fa1c37,Certificates of deposit — denomination and maturity,,,,,,
tag,28589e4c-d6af-4534-87dd-a5ecc4c20eb6,2025,aadffd0f-e754-42e1-9395-bb2589fa1c37,Certificates of deposit — denomination and maturity,,,,,,
tag,afe93305-0c79-41b1-aff7-b3625e4881b9,2025,abe17c1b-eac6-429d-b021-7c40e7a60feb,Role of the management accountant,,spot_check,,,,
tag,d6c1caf1-73d4-469a-906f-38783deabd18,2025,abf5bb02-a95c-415c-b96d-3fe7872b9adc,"Mintzberg informational roles — monitor, disseminator, spokesperson",,,,,,
tag,d848f97d-3586-4691-8b45-e8bcff57d9ec,2025,ae25495d-0911-4ab0-b861-d78303b08aef,s.409 qualification of president and members,,,,,,
tag,beb74576-9181-46ea-9d92-edad908be42a,2025,afedc75c-5124-4bac-8651-2d3004cd8c4e,Total expense ratio limits and ETFs,,,,,,
tag,dad4124c-ce63-4894-bd15-f5e04aa4f612,2025,b04d31f5-95b1-4930-81e9-a553b2c55328,Nadler's HRD functions,,,,,,
tag,51cdb768-77f6-4048-a702-2b404babbca9,2025,b416791b-fcf7-4c7e-9e6e-3fcff96bb52d,Qualitative characteristics of financial information,,,,,,
tag,2925a9df-bd28-47f8-86be-0a6460df10b7,2025,b416791b-fcf7-4c7e-9e6e-3fcff96bb52d,Qualitative characteristics of financial information,,,,,,
tag,c5a241ee-fe1a-4a2b-bfa6-6c385d612cb6,2025,bd20e212-5d6f-44c3-bddf-daede6e0516f,Credit rating agencies and sovereign ratings,,,,,,
tag,990789db-5224-4f55-859d-e11ef64a73f9,2025,bee942a1-547c-4e90-a51e-ec85d7929b5c,Board composition — minimum and maximum directors,,,,,,
tag,c01bd606-942d-4540-817f-33483fe13f5c,2025,c1fa98af-2c17-4db9-a426-37e68c2b271b,SMART goal setting,,,,,,
tag,a66a6d88-711d-4bb2-be35-517916b1a6a9,2025,c600822b-0006-4bd6-a14f-43c83a717e78,Maslow's hierarchy of needs,,,,,,
tag,ae337ae8-5fb3-43a9-a06e-2637857942f9,2025,c7ea1e13-578a-4977-a08e-df0a6d689f16,Forwards vs futures,,,,,,
tag,3d1e7472-aec0-477f-9dc6-c646b5c5a28a,2025,cb6ce678-0190-48be-975b-bef3b053a4b3,s.52 securities premium — permitted applications,,,,,,
tag,3646cc43-59ba-4c61-981d-221e74247c93,2025,cb6ce678-0190-48be-975b-bef3b053a4b3,s.52 securities premium — permitted applications,,,,,,
tag,99e2d13e-45b4-459d-94dd-1f0cefd6b7e6,2025,cd2697fb-dd5c-4afd-98a4-3128223a3a9e,Planning — steps and sequence,,,,,,
tag,30f8c53c-d45b-46d0-897e-2464c3e530ff,2025,d0fa9467-c144-44fa-b3bd-1db99d63f976,Money supply measures M1 to M4,,,,,,
tag,27a3d210-f0bb-4e1a-bb09-ad6dad59ec8b,2025,d1db3271-6528-4029-9d1c-ae1a597380a2,Calls in advance and calls in arrears,,,,,,
tag,ee6a6209-70c5-46c4-b016-76b4da56dc54,2025,d27a11ec-2154-4311-bc6e-2e1cc659fab6,Leader vs manager,,spot_check,,,,
tag,162da235-a99f-48fa-9135-84cbd97db3ee,2025,d50b1145-01c8-46bc-b6d5-c835f4d71d6c,Drucker on management,,,,,,
tag,ddcd8cd2-8a13-4a31-94d2-1fa1988b6e11,2025,d6492134-a657-4e78-9188-0b580d090053,Tuckman's stages of group development,,,,,,
tag,3bbd0be9-cab1-4535-a4d6-5ca7135c621f,2025,d6708edc-a145-436a-8a30-1a207ad0640a,Forward pricing and cost of carry,,,,,,
tag,8c7289a6-77b1-46cb-b5ba-b482042914e4,2025,d7552288-cec8-4bf0-a99a-1f546c81ad0c,Marginal costing — contribution and P/V ratio,,,,,,
tag,e29db0a0-3b4f-498c-8a72-2d64b08e2b34,2025,d8f39c01-afc3-4b9e-86dd-719af5298a9b,Kaizen and Kaizen costing,,,,,,
tag,cdd62b58-f4ba-44d2-ba03-1c52255cbd45,2025,d9a02e25-72e3-4938-bfb8-287f7e5b5710,GST returns and TCS by e-commerce operators,,,,,,
tag,0a2c99d4-99fe-4d25-ae40-ef5e89ddb041,2025,db05f548-fef6-4ac7-ae25-bcf4b0901d5c,Imputed and notional costs,,,,,,
tag,35df1938-7f9d-441e-8125-f463adbe0d00,2025,e60d7e6f-aacf-4600-baa3-8c572e09e23a,Monetary and fiscal policy mix,,,,,,
tag,a8c80f8b-f7f0-4c53-a9f5-8716b776cdfe,2025,e715c8be-8171-414c-bb32-e3a159f40848,Path–Goal theory,,,,,,
tag,43568a15-61df-440f-bee1-1cb439e9b324,2025,e9f510cb-ab55-455c-834a-9f8a77620518,Price and income elasticity of demand,,,,,,
tag,7bd9add0-516e-47cc-ae6c-a3db96be701e,2025,ea4a8537-7ec6-4b55-8370-cf46944e9e7f,Herzberg two-factor theory — motivators vs hygiene,,,,,,
tag,4eb56e31-5ef9-483b-9ec7-f76cb4e3f3f8,2025,ed452a5c-75d7-4e2c-847d-7dff14a6b022,FBIL benchmark rates,,,,,,
tag,4a88de0c-47bc-44a9-bb07-2077016432bc,2025,ee76fe04-1401-4094-bf17-82bf3dee3a04,Fiedler's contingency theory,,,,,,
tag,89b24312-14ae-4599-bbc7-2d480d4ab7a4,2025,eedab1ad-56e1-4f9a-bf27-e6b077af1760,"GST — supply, input tax credit, zero-rated, exports",,,,,,
tag,bd3f8847-2540-4d24-9ab5-14daa7084cb8,2025,eedab1ad-56e1-4f9a-bf27-e6b077af1760,"GST — supply, input tax credit, zero-rated, exports",,,,,,
tag,9bbacef7-f836-4401-a4e2-94405ed1b1fa,2025,f09fe982-a28f-4a96-a5bc-9c5dfcb28a28,Buy-back — conditions and section 68,,,,,,
