year,paper,section_id,db_question_number,db_source_question_ref,extract_paper_local_number,extract_source_question_ref,db_text,unlockias_text,score,action,has_tag,source_confidence,phase3_db_verdict,phase3_db_score,phase3_unlockias_verdict,phase3_unlockias_score,regate_db_verdict,regate_db_score,regate_unlockias_verdict,regate_unlockias_score,gate_relaxed,apply_eligible,late_db_verdict,late_db_score,late_unlockias_verdict,late_unlockias_score,phase2_db_verdict,phase2_db_score,phase2_unlockias_verdict,phase2_unlockias_score
2013,GS1,daca2e9f-012e-46fc-8b10-b6df340b4200,1,GS1-Q1,1,GS1-Q1,"Though not very useful from the point of view of a connected political history of South India, the Sangam literature portrays the social and economic conditions of its time with remarkable vividness. Comment.","Though not very useful from the point of view of a connected political history of South India, the Sangam literature portrays the social and economic conditions of its time with remarkable vividness. Comment.",100.0,keep,true,aggregator,,,,,,,,,,,,,,,exact,100.0,exact,100.0
2013,GS1,daca2e9f-012e-46fc-8b10-b6df340b4200,2,GS1-Q2,2,GS1-Q2,Discuss the Tandava dance as recorded in the early Indian inscriptions and sculpture.,(a) Discuss the 'Tandava' dance as recorded in early Indian inscriptions. (100 words) (b) Chola architecture represents a high watermark in the evolution of temple architecture. Discuss. (100 words),87.6,keep,true,aggregator,,,,,,,,,,,,,,,orphan,83.3,orphan,74.6
2013,GS1,daca2e9f-012e-46fc-8b10-b6df340b4200,3,GS1-Q3,,,Chola architecture represents a high watermark in the history of South Indian architecture. Discuss.,,83.7,review,true,aggregator,,,,,,,,,,,,,,,orphan,83.7,,
2013,GS1,daca2e9f-012e-46fc-8b10-b6df340b4200,4,GS1-Q4,3,GS1-Q3,"Defying the barriers of age, gender and religion, the Bhakti movement opened the doors of liberation to all. Discuss.","Defying the barriers of age, gender and religion, the Indian women became the torch-bearer during the struggle for freedom in India. Discuss.",73.5,review,true,aggregator,,,,,,,,,,true,,,,,orphan,69.9,exact,100.0
2013,GS1,daca2e9f-012e-46fc-8b10-b6df340b4200,5,GS1-Q5,,,"""Strictly speaking, the Battle of Plassey was not a great battle but a great betrayal."" Explain.",,50.0,delete,true,aggregator,,,,,,,,,,,,,,,orphan,49.5,,
2013,GS1,daca2e9f-012e-46fc-8b10-b6df340b4200,6,GS1-Q6,,,Bring out the factors that led to the commercialization of agriculture in India during the colonial rule. State its consequences.,,54.4,delete,true,aggregator,,,,,,,,,,,,,,,orphan,52.0,,
2013,GS1,daca2e9f-012e-46fc-8b10-b6df340b4200,7,GS1-Q7,,,The Regulating Act of 1773 was the first step towards the centralization of British administration in India. Discuss.,,55.1,delete,true,aggregator,,,,,,,,,,,,,,,orphan,53.9,,
2013,GS1,daca2e9f-012e-46fc-8b10-b6df340b4200,8,GS1-Q8,,,The policy of 'Ring Fence' pursued by Warren Hastings was a precursor to the Subsidiary Alliance system of Wellesley. Comment.,,46.4,delete,true,aggregator,,,,,,,,,,,,,,,orphan,46.7,,
2013,GS1,daca2e9f-012e-46fc-8b10-b6df340b4200,9,GS1-Q9,,,Discuss the reasons for the rise of Indian Nationalism in the late 19th century.,,55.7,delete,true,aggregator,,,,,,,,,,,,,,,orphan,55.7,,
2013,GS1,daca2e9f-012e-46fc-8b10-b6df340b4200,10,GS1-Q10,,,Evaluate the role of the Indian National Army (INA) in the freedom struggle of India.,,56.1,delete,true,aggregator,,,,,,,,,,,,,,,orphan,56.1,,
2013,GS1,daca2e9f-012e-46fc-8b10-b6df340b4200,11,GS1-Q11,,,What were the major reasons for the outbreak of the French Revolution? How did it affect the modern world?,,53.6,delete,true,aggregator,,,,,,,,,,,,,,,orphan,52.9,,
2013,GS1,daca2e9f-012e-46fc-8b10-b6df340b4200,12,GS1-Q12,,,Critically examine the factors responsible for the rise of Fascism in Italy after the First World War.,,64.9,delete,true,aggregator,,,,,,,,,,,,,,,orphan,57.4,,
2013,GS1,daca2e9f-012e-46fc-8b10-b6df340b4200,13,GS1-Q13,13,GS1-Q13,The American War of Independence was an economic revolt against British mercantilism. Discuss.,"""American Revolution was an economic revolt against mercantilism."" Substantiate.",72.9,replace,true,aggregator,,,,,,,,,,true,,,,,orphan,68.5,exact,100.0
2013,GS1,daca2e9f-012e-46fc-8b10-b6df340b4200,14,GS1-Q14,,,Discuss the consequences of the Industrial Revolution on the working class in England.,,55.2,delete,true,aggregator,,,,,,,,,,,,,,,orphan,51.8,,
2013,GS1,daca2e9f-012e-46fc-8b10-b6df340b4200,15,GS1-Q15,,,How do you explain the global distribution of active volcanoes?,,53.2,delete,true,aggregator,,,,,,,,,,,,,,,orphan,53.2,,
2013,GS1,daca2e9f-012e-46fc-8b10-b6df340b4200,16,GS1-Q16,23,GS1-Q23,Discuss the factors influencing the localized distribution of the cotton textile industry in India.,(a) Do you agree that there is a growing trend of opening new sugar mills in southern States of India? Discuss with justification. (100 words) (b) Analyze the factors for the highly decentralized cotton textile industry in India. (100 words),65.9,review,true,aggregator,,,,,,,,,,,,,,,orphan,63.3,orphan,74.8
2013,GS1,daca2e9f-012e-46fc-8b10-b6df340b4200,17,GS1-Q17,19,GS1-Q19,What is the 'continental drift' theory? Discuss the evidence supporting it.,(a) What do you understand by the theory of 'continental drift'? Discuss the prominent evidences in its support. (100 words) (b) The recent cyclone on east coast of India was called 'Phailin'. How are the tropical cyclones named across the world? Elaborate. (100 words),70.4,review,true,aggregator,,,,,,,,,,,,,,,orphan,70.4,orphan,71.8
2013,GS1,daca2e9f-012e-46fc-8b10-b6df340b4200,18,GS1-Q18,,,Explain the origin and distribution of the monsoon climate in India.,,57.6,delete,true,aggregator,,,,,,,,,,,,,,,orphan,56.7,,
2013,GS1,daca2e9f-012e-46fc-8b10-b6df340b4200,19,GS1-Q19,,,Discuss the ecological and economic importance of wetlands in India.,,56.7,delete,true,aggregator,,,,,,,,,,,,,,,orphan,56.7,,
2013,GS1,daca2e9f-012e-46fc-8b10-b6df340b4200,20,GS1-Q20,,,What are the major challenges associated with the management of urban solid waste in Indian cities?,,52.6,delete,true,aggregator,,,,,,,,,,,,,,,orphan,53.1,,
2013,GS1,daca2e9f-012e-46fc-8b10-b6df340b4200,21,GS1-Q21,,,Examine the role of the caste system as a barrier to social mobility in contemporary India.,,49.0,delete,true,aggregator,,,,,,,,,,,,,,,orphan,50.0,,
2013,GS1,daca2e9f-012e-46fc-8b10-b6df340b4200,22,GS1-Q22,17,GS1-Q17,Discuss the socio-economic impacts of globalization on the elderly population in India.,Critically examine the effect of globalization on the aged population in India.,75.7,review,true,aggregator,,,,,,,,,,true,,,,,orphan,68.6,exact,100.0
2013,GS1,daca2e9f-012e-46fc-8b10-b6df340b4200,23,GS1-Q23,,,How does communalism manifest itself in Indian politics? Suggest measures to counter it.,,46.7,delete,true,aggregator,,,,,,,,,,,,,,,orphan,47.7,,
2013,GS1,daca2e9f-012e-46fc-8b10-b6df340b4200,24,GS1-Q24,,,Discuss the challenges faced by women working in the unorganized sector in India.,,53.7,delete,true,aggregator,,,,,,,,,,,,,,,orphan,51.2,,
2013,GS1,daca2e9f-012e-46fc-8b10-b6df340b4200,25,GS1-Q25,,,Analyze the relationship between poverty and population growth in the context of developing nations.,,53.1,delete,true,aggregator,,,,,,,,,,,,,,,orphan,49.5,,
2013,GS1,daca2e9f-012e-46fc-8b10-b6df340b4200,,,4,GS1-Q4,,Several foreigners made India their homeland and participated in various movements. Analyze their role in the Indian struggle for freedom.,55.6,insert,,aggregator,,,,,,,,,,,,,,,,,exact,100.0
2013,GS1,daca2e9f-012e-46fc-8b10-b6df340b4200,,,5,GS1-Q5,,"""In many ways, Lord Dalhousie was the founder of modern India."" Elaborate.",49.1,insert,,aggregator,,,,,,,,,,,,,,,,,exact,100.0
2013,GS1,daca2e9f-012e-46fc-8b10-b6df340b4200,,,6,GS1-Q6,,Critically discuss the objectives of Bhoodan and Gramdan Movements initiated by Acharya Vinoba Bhave and their success.,53.7,insert,,aggregator,,,,,,,,,,,,,,,,,exact,100.0
2013,GS1,daca2e9f-012e-46fc-8b10-b6df340b4200,,,7,GS1-Q7,,"Write a critical note on the evolution and significance of the slogan, 'Jai Jawan Jai Kisan'.",55.6,insert,,aggregator,,,,,,,,,,,,,,,,,exact,100.0
2013,GS1,daca2e9f-012e-46fc-8b10-b6df340b4200,,,8,GS1-Q8,,Discuss the contributions of Maulana Abul Kalam Azad to pre- and post-independent India.,54.7,insert,,aggregator,,,,,,,,,,,,,,,,,exact,100.0
2013,GS1,daca2e9f-012e-46fc-8b10-b6df340b4200,,,9,GS1-Q9,,Analyze the circumstances that led to the Tashkent Agreement in 1966. Discuss the highlights of the Agreement.,49.7,insert,,aggregator,,,,,,,,,,,,,,,,,exact,100.0
2013,GS1,daca2e9f-012e-46fc-8b10-b6df340b4200,,,10,GS1-Q10,,Critically examine the compulsions which prompted India to play a decisive role in the emergence of Bangladesh.,57.5,insert,,aggregator,,,,,,,,,,,,,,,,,exact,100.0
2013,GS1,daca2e9f-012e-46fc-8b10-b6df340b4200,,,11,GS1-Q11,,"""'Latecomer' Industrial Revolution in Japan involved certain factors that were markedly different from what West had experienced."" Analyze.",55.2,insert,,aggregator,,,,,,,,,,,,,,,,,exact,99.2
2013,GS1,daca2e9f-012e-46fc-8b10-b6df340b4200,,,12,GS1-Q12,,"""Africa was chopped into States artificially created by accidents of European competition."" Analyze.",46.2,insert,,aggregator,,,,,,,,,,,,,,,,,exact,100.0
2013,GS1,daca2e9f-012e-46fc-8b10-b6df340b4200,,,14,GS1-Q14,,What policy instruments were deployed to contain the Great Economic Depression?,48.7,insert,,aggregator,,,,,,,,,,,,,,,,,exact,100.0
2013,GS1,daca2e9f-012e-46fc-8b10-b6df340b4200,,,15,GS1-Q15,,Discuss the various social problems which originated out of the speedy process of urbanization in India.,57.6,insert,,aggregator,,,,,,,,,,,,,,,,,exact,100.0
2013,GS1,daca2e9f-012e-46fc-8b10-b6df340b4200,,,16,GS1-Q16,,"""Male membership needs to be encouraged in order to make women's organization free from gender bias."" Comment.",47.5,insert,,aggregator,,,,,,,,,,,,,,,,,exact,100.0
2013,GS1,daca2e9f-012e-46fc-8b10-b6df340b4200,,,18,GS1-Q18,,Growing feeling of regionalism is an important factor in generation of demand for a separate State. Discuss.,50.0,insert,,aggregator,,,,,,,,,,,,,,,,,exact,100.0
2013,GS1,daca2e9f-012e-46fc-8b10-b6df340b4200,,,20,GS1-Q20,,(a) Bring out the causes for the formation of heat islands in the urban habitat of the world. (100 words) (b) What do you understand by the phenomenon of 'temperature inversion' in meteorology? How does it affect weather and the habitants of the place? (100 words),55.7,insert,,aggregator,,,,,,,,,,,,,,,,,orphan,77.3
2013,GS1,daca2e9f-012e-46fc-8b10-b6df340b4200,,,21,GS1-Q21,,Major hot deserts in northern hemisphere are located between 20-30 deg N latitudes and on the western side of the continents. Why?,49.5,insert,,aggregator,,,,,,,,,,,,,,,,,exact,100.0
2013,GS1,daca2e9f-012e-46fc-8b10-b6df340b4200,,,22,GS1-Q22,,(a) Bring out the causes for more frequent occurrence of landslides in the Himalayas than in the Western Ghats. (100 words) (b) There is no formation of deltas by rivers of the Western Ghats. Why? (100 words),51.9,insert,,aggregator,,,,,,,,,,,,,,,,,orphan,79.2
2013,GS1,daca2e9f-012e-46fc-8b10-b6df340b4200,,,24,GS1-Q24,,"With growing scarcity of fossil fuels, the atomic energy is gaining more and more significance in India. Discuss the availability of raw material required for the generation of atomic energy in India and in the world.",55.1,insert,,aggregator,,,,,,,,,,,,,,,,,exact,100.0
2013,GS1,daca2e9f-012e-46fc-8b10-b6df340b4200,,,25,GS1-Q25,,"It is said that India has substantial reserves of shale oil and gas, which can feed the needs of the country for quarter century. However, tapping of the resource does not appear to be high on the agenda. Discuss critically the availability and issues involved.",49.4,insert,,aggregator,,,,,,,,,,,,,,,,,exact,99.6
2013,GS2,d332fcad-6750-4542-af0a-3f203f819096,26,GS2-Q1,,,The dynamic nature of the Indian Constitution is reflected in its amendment process. Discuss.,,52.7,delete,true,aggregator,,,,,,,,,,,,,,,orphan,53.8,,
2013,GS2,d332fcad-6750-4542-af0a-3f203f819096,27,GS2-Q2,7,GS2-Q7,Discuss the scope and limitations of judicial review in India.,Discuss the recommendations of the 13th Finance Commission which have been a departure from the previous commissions for strengthening the local government finances.,62.9,review,true,aggregator,,,,,,,,,,true,,,,,orphan,57.4,exact,98.8
2013,GS2,d332fcad-6750-4542-af0a-3f203f819096,28,GS2-Q3,,,The Governor's discretionary powers have often been a source of tension between the Centre and the States. Comment.,,51.0,delete,true,aggregator,,,,,,,,,,,,,,,orphan,51.3,,
2013,GS2,d332fcad-6750-4542-af0a-3f203f819096,29,GS2-Q4,,,Discuss the significance of the 73rd and 74th Constitutional Amendment Acts in empowering local bodies.,,53.6,delete,true,aggregator,,,,,,,,,,,,,,,orphan,51.0,,
2013,GS2,d332fcad-6750-4542-af0a-3f203f819096,30,GS2-Q5,,,Examine the role of the Finance Commission in strengthening fiscal federalism in India.,,60.5,delete,true,aggregator,,,,,,,,,,,,,,,orphan,60.5,,
2013,GS2,d332fcad-6750-4542-af0a-3f203f819096,31,GS2-Q6,,,The Central Vigilance Commission (CVC) has emerged as an important body to fight corruption. Discuss its powers and limitations.,,50.2,delete,true,aggregator,,,,,,,,,,,,,,,orphan,50.0,,
2013,GS2,d332fcad-6750-4542-af0a-3f203f819096,32,GS2-Q7,,,What is the Right to Information (RTI) Act? Discuss its role in enhancing accountability and transparency in governance.,,51.2,delete,true,aggregator,,,,,,,,,,,,,,,orphan,49.1,,
2013,GS2,d332fcad-6750-4542-af0a-3f203f819096,33,GS2-Q8,,,Examine the role of civil society organizations in the formulation of public policies in India.,,52.2,delete,true,aggregator,,,,,,,,,,,,,,,orphan,51.1,,
2013,GS2,d332fcad-6750-4542-af0a-3f203f819096,34,GS2-Q9,,,Discuss the major challenges in the implementation of the National Rural Health Mission (NRHM).,,60.1,delete,true,aggregator,,,,,,,,,,,,,,,orphan,52.2,,
2013,GS2,d332fcad-6750-4542-af0a-3f203f819096,35,GS2-Q10,,,Evaluate the performance of the Mahatma Gandhi National Rural Employment Guarantee Act (MGNREGA) in rural asset creation.,,51.7,delete,true,aggregator,,,,,,,,,,,,,,,orphan,51.7,,
2013,GS2,d332fcad-6750-4542-af0a-3f203f819096,36,GS2-Q11,,,"The Right to Education (RTE) Act aims to ensure free and compulsory education, but quality remains a challenge. Discuss.",,52.5,delete,true,aggregator,,,,,,,,,,,,,,,orphan,49.6,,
2013,GS2,d332fcad-6750-4542-af0a-3f203f819096,37,GS2-Q12,,,Analyze the impact of coalition politics on the stability and policy-making of the Central Government.,,53.5,delete,true,aggregator,,,,,,,,,,,,,,,orphan,53.5,,
2013,GS2,d332fcad-6750-4542-af0a-3f203f819096,38,GS2-Q13,,,Discuss the relevance of the look East Policy in the context of changing geopolitical dynamics in the Asia-Pacific region.,,52.5,delete,true,aggregator,,,,,,,,,,,,,,,orphan,51.2,,
2013,GS2,d332fcad-6750-4542-af0a-3f203f819096,39,GS2-Q14,,,India's relations with its neighbors are crucial for its internal security and economic growth. Comment.,,50.5,delete,true,aggregator,,,,,,,,,,,,,,,orphan,50.0,,
2013,GS2,d332fcad-6750-4542-af0a-3f203f819096,40,GS2-Q15,,,Discuss the role of the United Nations Security Council (UNSC) in maintaining global peace and India's claim for permanent membership.,,49.2,delete,true,aggregator,,,,,,,,,,,,,,,orphan,48.9,,
2013,GS2,d332fcad-6750-4542-af0a-3f203f819096,41,GS2-Q16,,,What is the significance of the BRICS grouping for India's foreign policy interests?,,54.7,delete,true,aggregator,,,,,,,,,,,,,,,orphan,53.0,,
2013,GS2,d332fcad-6750-4542-af0a-3f203f819096,42,GS2-Q17,,,Examine the challenges faced by India in managing its maritime borders.,,52.6,delete,true,aggregator,,,,,,,,,,,,,,,orphan,51.4,,
2013,GS2,d332fcad-6750-4542-af0a-3f203f819096,43,GS2-Q18,,,Discuss the impact of the World Bank's funding on infrastructure development projects in India.,,54.0,delete,true,aggregator,,,,,,,,,,,,,,,orphan,51.1,,
2013,GS2,d332fcad-6750-4542-af0a-3f203f819096,44,GS2-Q19,,,The role of the Comptroller and Auditor General (CAG) has become increasingly critical in public accountability. Discuss.,,50.3,delete,true,aggregator,,,,,,,,,,,,,,,orphan,48.7,,
2013,GS2,d332fcad-6750-4542-af0a-3f203f819096,45,GS2-Q20,,,Analyze the institutional challenges faced by the Election Commission of India in conducting free and fair elections.,,49.1,delete,true,aggregator,,,,,,,,,,,,,,,orphan,50.0,,
2013,GS2,d332fcad-6750-4542-af0a-3f203f819096,46,GS2-Q21,2,GS2-Q2,Discuss the need for electoral reforms in India with special reference to criminalization of politics.,"Discuss Section 66A of IT Act, with reference to its alleged violation of Article 19 of the Constitution.",60.3,review,true,aggregator,,,,,,,,,,true,,,,,orphan,54.5,exact,100.0
2013,GS2,d332fcad-6750-4542-af0a-3f203f819096,47,GS2-Q22,,,The pressure groups play a significant role in influencing governmental decisions. Explain with suitable examples.,,51.4,delete,true,aggregator,,,,,,,,,,,,,,,orphan,52.7,,
2013,GS2,d332fcad-6750-4542-af0a-3f203f819096,48,GS2-Q23,,,Examine the effectiveness of the National Human Rights Commission (NHRC) in protecting human rights in India.,,51.9,delete,true,aggregator,,,,,,,,,,,,,,,orphan,50.9,,
2013,GS2,d332fcad-6750-4542-af0a-3f203f819096,49,GS2-Q24,,,Discuss the role of e-governance initiatives in reducing corruption and improving service delivery.,,50.5,delete,true,aggregator,,,,,,,,,,,,,,,orphan,51.0,,
2013,GS2,d332fcad-6750-4542-af0a-3f203f819096,50,GS2-Q25,,,What are the major structural issues hindering the performance of public sector banks in India?,,54.1,delete,true,aggregator,,,,,,,,,,,,,,,orphan,52.1,,
2013,GS2,d332fcad-6750-4542-af0a-3f203f819096,,,1,GS2-Q1,,The role of individual MPs (Members of Parliament) has diminished over the years and as a result healthy constructive debates on policy issues are not usually witnessed. How far can this be attributed to the anti-defection law which was legislated but with a different intention?,48.4,insert,,aggregator,,,,,,,,,,,,,,,,,exact,100.0
2013,GS2,d332fcad-6750-4542-af0a-3f203f819096,,,3,GS2-Q3,,Recent directives from Ministry of Petroleum and Natural Gas are perceived by the 'Nagas' as a threat to override the exceptional status enjoyed by the State. Discuss in light of Article 371A of the Indian Constitution.,50.5,insert,,aggregator,,,,,,,,,,,,,,,,,exact,100.0
2013,GS2,d332fcad-6750-4542-af0a-3f203f819096,,,4,GS2-Q4,,'The Supreme Court of India keeps a check on arbitrary power of the Parliament in amending the Constitution.' Discuss critically.,50.0,insert,,aggregator,,,,,,,,,,,,,,,,,exact,100.0
2013,GS2,d332fcad-6750-4542-af0a-3f203f819096,,,5,GS2-Q5,,"Many State Governments further bifurcate geographical administrative areas like Districts and Talukas for better governance. In light of the above, can it also be justified that more number of smaller States would bring in effective governance at State level? Discuss.",49.7,insert,,aggregator,,,,,,,,,,,,,,,,,exact,100.0
2013,GS2,d332fcad-6750-4542-af0a-3f203f819096,,,6,GS2-Q6,,Constitutional mechanisms to resolve the inter-state water disputes have failed to address and solve the problems. Is the failure due to structural or process inadequacy or both? Discuss.,49.4,insert,,aggregator,,,,,,,,,,,,,,,,,exact,100.0
2013,GS2,d332fcad-6750-4542-af0a-3f203f819096,,,8,GS2-Q8,,"The product diversification of financial institutions and insurance companies, resulting in overlapping of products and services strengthens the case for the merger of the two regulatory agencies, namely SEBI and IRDA. Justify.",52.0,insert,,aggregator,,,,,,,,,,,,,,,,,exact,100.0
2013,GS2,d332fcad-6750-4542-af0a-3f203f819096,,,9,GS2-Q9,,"The concept of Mid Day Meal (MDM) scheme is almost a century old in India with early beginnings in Madras Presidency in pre-independent India. The scheme has again been given impetus in most states in the last two decades. Critically examine its twin objectives, latest mandates and success.",51.4,insert,,aggregator,,,,,,,,,,,,,,,,,exact,100.0
2013,GS2,d332fcad-6750-4542-af0a-3f203f819096,,,10,GS2-Q10,,"Pressure group politics is sometimes seen as the informal face of politics. With regards to the above, assess the structure and functioning of pressure groups in India.",57.9,insert,,aggregator,,,,,,,,,,,,,,,,,exact,100.0
2013,GS2,d332fcad-6750-4542-af0a-3f203f819096,,,11,GS2-Q11,,"The legitimacy and accountability of Self Help Groups (SHGs) and their patrons, the micro-finance outfits, need systematic assessment and scrutiny for the sustained success of the concept. Discuss.",50.0,insert,,aggregator,,,,,,,,,,,,,,,,,exact,100.0
2013,GS2,d332fcad-6750-4542-af0a-3f203f819096,,,12,GS2-Q12,,The Central Government frequently complains on the poor performance of the State Governments in eradicating suffering of the vulnerable sections of the society. Restructuring of Centrally sponsored schemes across the sectors for ameliorating the cause of vulnerable sections of population aims at providing flexibility to the States in better implementation. Critically evaluate.,54.1,insert,,aggregator,,,,,,,,,,,,,,,,,exact,100.0
2013,GS2,d332fcad-6750-4542-af0a-3f203f819096,,,13,GS2-Q13,,"Electronic cash transfer system for the welfare schemes is an ambitious project to minimize corruption, eliminate wastage and facilitate reforms. Comment.",50.2,insert,,aggregator,,,,,,,,,,,,,,,,,exact,100.0
2013,GS2,d332fcad-6750-4542-af0a-3f203f819096,,,14,GS2-Q14,,The basis of providing urban amenities in rural areas (PURA) is rooted in establishing connectivity. Comment.,50.5,insert,,aggregator,,,,,,,,,,,,,,,,,exact,100.0
2013,GS2,d332fcad-6750-4542-af0a-3f203f819096,,,15,GS2-Q15,,Identify the Millennium Development Goals (MDGs) that are related to health. Discuss the success of the actions taken by the Government for achieving the same.,53.6,insert,,aggregator,,,,,,,,,,,,,,,,,exact,100.0
2013,GS2,d332fcad-6750-4542-af0a-3f203f819096,,,16,GS2-Q16,,"Though Citizens' charters have been formulated by many public service delivery organizations, there is no corresponding improvement in the level of citizens' satisfaction and quality of services being provided. Analyse.",52.2,insert,,aggregator,,,,,,,,,,,,,,,,,exact,100.0
2013,GS2,d332fcad-6750-4542-af0a-3f203f819096,,,17,GS2-Q17,,"'A national Lokpal, however strong it may be, cannot resolve the problems of immorality in public affairs.' Discuss.",50.3,insert,,aggregator,,,,,,,,,,,,,,,,,exact,100.0
2013,GS2,d332fcad-6750-4542-af0a-3f203f819096,,,18,GS2-Q18,,The proposed withdrawal of International Security Assistance Force (ISAF) from Afghanistan in 2014 is fraught with major security implications for the countries of the region. Examine in light of the fact that India is faced with a plethora of challenges and needs to safeguard its own strategic interests.,52.2,insert,,aggregator,,,,,,,,,,,,,,,,,exact,100.0
2013,GS2,d332fcad-6750-4542-af0a-3f203f819096,,,19,GS2-Q19,,What do you understand by 'The String of Pearls'? How does it impact India? Briefly outline the steps taken by India to counter this.,52.6,insert,,aggregator,,,,,,,,,,,,,,,,,exact,100.0
2013,GS2,d332fcad-6750-4542-af0a-3f203f819096,,,20,GS2-Q20,,Economic ties between India and Japan while growing in the recent years are still far below their potential. Elucidate the policy constraints which are inhibiting this growth.,50.4,insert,,aggregator,,,,,,,,,,,,,,,,,exact,100.0
2013,GS2,d332fcad-6750-4542-af0a-3f203f819096,,,21,GS2-Q21,,The protests in Shahbag Square in Dhaka in Bangladesh reveal a fundamental split in society between the nationalists and Islamic forces. What is its significance for India?,54.7,insert,,aggregator,,,,,,,,,,,,,,,,,exact,100.0
2013,GS2,d332fcad-6750-4542-af0a-3f203f819096,,,22,GS2-Q22,,Discuss the political developments in Maldives in the last two years. Should they be of any cause of concern to India?,57.7,insert,,aggregator,,,,,,,,,,,,,,,,,exact,100.0
2013,GS2,d332fcad-6750-4542-af0a-3f203f819096,,,23,GS2-Q23,,"In respect of India - Sri Lanka relations, discuss how domestic factors influence foreign policy.",50.9,insert,,aggregator,,,,,,,,,,,,,,,,,exact,100.0
2013,GS2,d332fcad-6750-4542-af0a-3f203f819096,,,24,GS2-Q24,,What is meant by Gujral doctrine? Does it have any relevance today? Discuss.,52.5,insert,,aggregator,,,,,,,,,,,,,,,,,exact,100.0
2013,GS2,d332fcad-6750-4542-af0a-3f203f819096,,,25,GS2-Q25,,"The World Bank and the IMF, collectively known as the Bretton Woods Institutions, are the two inter-governmental pillars supporting the structure of the world's economic and financial order. Superficially, the World Bank and the IMF exhibit many common characteristics, yet their role, functions and mandate are distinctly different. Elucidate.",53.5,insert,,aggregator,,,,,,,,,,,,,,,,,exact,100.0
2013,GS3,b5cbb735-b687-4de5-90cb-3978f48a71a1,51,GS3-Q1,,,"Discuss the relationship between savings rate, investment pattern, and capital-output ratio in the context of growth acceleration.",,53.3,delete,true,aggregator,,,,,,,,,,,,,,,orphan,52.8,,
2013,GS3,b5cbb735-b687-4de5-90cb-3978f48a71a1,52,GS3-Q2,,,What are the major structural limitations of the manufacturing sector that prevent it from absorbing surplus labor from agriculture?,,53.6,delete,true,aggregator,,,,,,,,,,,,,,,orphan,48.1,,
2013,GS3,b5cbb735-b687-4de5-90cb-3978f48a71a1,53,GS3-Q3,,,Explain the significance of direct tax reforms in widening the tax-to-GDP ratio base in India.,,51.6,delete,true,aggregator,,,,,,,,,,,,,,,orphan,51.6,,
2013,GS3,b5cbb735-b687-4de5-90cb-3978f48a71a1,54,GS3-Q4,,,What is venture capital? Discuss its role in driving the growth of technology startups in India.,,50.3,delete,true,aggregator,,,,,,,,,,,,,,,orphan,52.1,,
2013,GS3,b5cbb735-b687-4de5-90cb-3978f48a71a1,55,GS3-Q5,,,Discuss the impact of farm subsidies on the fiscal health of state budgets and environment degradation.,,55.8,delete,true,aggregator,,,,,,,,,,,,,,,orphan,52.9,,
2013,GS3,b5cbb735-b687-4de5-90cb-3978f48a71a1,56,GS3-Q6,,,"What are the primary objectives of the National Food Security Act, 2013? Evaluate its operational constraints.",,51.7,delete,true,aggregator,,,,,,,,,,,,,,,orphan,50.5,,
2013,GS3,b5cbb735-b687-4de5-90cb-3978f48a71a1,57,GS3-Q7,,,Explain the concept of precision farming. How can it mitigate input wastage in intensive agricultural belts?,,49.1,delete,true,aggregator,,,,,,,,,,,,,,,orphan,49.1,,
2013,GS3,b5cbb735-b687-4de5-90cb-3978f48a71a1,58,GS3-Q8,,,Discuss the structural constraints of the biotechnology sector in transitioning from laboratory research to commercial scale production.,,49.1,delete,true,aggregator,,,,,,,,,,,,,,,orphan,48.1,,
2013,GS3,b5cbb735-b687-4de5-90cb-3978f48a71a1,59,GS3-Q9,,,Explain the design features of the three-stage nuclear power expansion program of India.,,50.6,delete,true,aggregator,,,,,,,,,,,,,,,orphan,51.7,,
2013,GS3,b5cbb735-b687-4de5-90cb-3978f48a71a1,60,GS3-Q10,,,What is intellectual property piracy? Discuss its impact on the economic growth of the creative and technology software industries.,,50.2,delete,true,aggregator,,,,,,,,,,,,,,,orphan,49.6,,
2013,GS3,b5cbb735-b687-4de5-90cb-3978f48a71a1,61,GS3-Q11,,,Trace the causes and mitigation strategies for major landslide vulnerabilities inside the Western Ghats region.,,49.1,delete,true,aggregator,,,,,,,,,,,,,,,orphan,49.1,,
2013,GS3,b5cbb735-b687-4de5-90cb-3978f48a71a1,62,GS3-Q12,,,Discuss the institutional setups required for managing chemical industrial disasters in urban-fringe clusters.,,54.4,delete,true,aggregator,,,,,,,,,,,,,,,orphan,51.4,,
2013,GS3,b5cbb735-b687-4de5-90cb-3978f48a71a1,63,GS3-Q13,22,GS3-Q22,Analyze the role of social media networks in driving internal security disruptions and spreading misinformation during crisis events.,What are social networking sites and what security implications do these sites present?,61.6,review,true,aggregator,,,,,,,,,,true,,,,,orphan,51.5,exact,100.0
2013,GS3,b5cbb735-b687-4de5-90cb-3978f48a71a1,64,GS3-Q14,,,What is the mandate of the National Security Council (NSC)? Evaluate its advisory role in internal security policymaking.,,51.4,delete,true,aggregator,,,,,,,,,,,,,,,orphan,52.1,,
2013,GS3,b5cbb735-b687-4de5-90cb-3978f48a71a1,65,GS3-Q15,,,Examine the structural funding models of left-wing extremist organizations. How can financial choking curb their networks?,,51.1,delete,true,aggregator,,,,,,,,,,,,,,,orphan,49.2,,
2013,GS3,b5cbb735-b687-4de5-90cb-3978f48a71a1,66,GS3-Q16,,,Discuss the challenges faced in managing security parameters across the non-demarcated segments of India's international borders.,,54.7,delete,true,aggregator,,,,,,,,,,,,,,,orphan,54.7,,
2013,GS3,b5cbb735-b687-4de5-90cb-3978f48a71a1,67,GS3-Q17,,,Explain the concept of Special Economic Zones (SEZs). Why have they lagged in replicating Chinese industrial models?,,50.7,delete,true,aggregator,,,,,,,,,,,,,,,orphan,50.0,,
2013,GS3,b5cbb735-b687-4de5-90cb-3978f48a71a1,68,GS3-Q18,,,Discuss the utility of public-private partnership (PPP) models in developing high-density transport infrastructure networks.,,49.8,delete,true,aggregator,,,,,,,,,,,,,,,orphan,49.6,,
2013,GS3,b5cbb735-b687-4de5-90cb-3978f48a71a1,69,GS3-Q19,,,Analyze the impact of global trade protectionism on India's software export matrices.,,59.9,delete,true,aggregator,,,,,,,,,,,,,,,orphan,59.5,,
2013,GS3,b5cbb735-b687-4de5-90cb-3978f48a71a1,70,GS3-Q20,,,What is environmental impact assessment (EIA)? Trace its evolution inside the developmental clearing loops of India.,,48.2,delete,true,aggregator,,,,,,,,,,,,,,,orphan,48.2,,
2013,GS3,b5cbb735-b687-4de5-90cb-3978f48a71a1,71,GS3-Q21,,,Discuss the ecological parameters of the National Mission for Clean Ganga. Why have enforcement cycles lagged behind?,,48.8,delete,true,aggregator,,,,,,,,,,,,,,,orphan,48.7,,
2013,GS3,b5cbb735-b687-4de5-90cb-3978f48a71a1,72,GS3-Q22,,,Explain the linkage between coastal security architecture loops and illegal maritime smuggling operations.,,51.2,delete,true,aggregator,,,,,,,,,,,,,,,orphan,49.5,,
2013,GS3,b5cbb735-b687-4de5-90cb-3978f48a71a1,73,GS3-Q23,,,What is cross-border money laundering? Discuss the structural coordination challenges between international intelligence branches.,,52.3,delete,true,aggregator,,,,,,,,,,,,,,,orphan,52.3,,
2013,GS3,b5cbb735-b687-4de5-90cb-3978f48a71a1,74,GS3-Q24,,,Discuss the structural framework changes required in the lines of command to tackle modern urban asymmetric warfare threats.,,50.4,delete,true,aggregator,,,,,,,,,,,,,,,orphan,50.4,,
2013,GS3,b5cbb735-b687-4de5-90cb-3978f48a71a1,75,GS3-Q25,,,What are non-performing assets (NPAs)? Analyze their structural drag on the credit cycle acceleration of public infrastructure deployment.,,52.2,delete,true,aggregator,,,,,,,,,,,,,,,orphan,50.7,,
2013,GS3,b5cbb735-b687-4de5-90cb-3978f48a71a1,,,1,GS3-Q1,,"With a consideration towards the strategy of inclusive growth, the new Companies Bill, 2013 has indirectly made CSR a mandatory obligation. Discuss the challenges expected in its implementation in right earnest. Also discuss other provisions in the Bill and their implications.",54.7,insert,,aggregator,,,,,,,,,,,,,,,,,exact,100.0
2013,GS3,b5cbb735-b687-4de5-90cb-3978f48a71a1,,,2,GS3-Q2,,"What were the reasons for the introduction of Fiscal Responsibility and Budget Management (FRBM) Act, 2003? Discuss critically its salient features and their effectiveness.",50.7,insert,,aggregator,,,,,,,,,,,,,,,,,exact,100.0
2013,GS3,b5cbb735-b687-4de5-90cb-3978f48a71a1,,,3,GS3-Q3,,"What is the meaning of the term 'tax expenditure'? Taking housing sector as an example, discuss how it influences the budgetary policies of the government.",51.4,insert,,aggregator,,,,,,,,,,,,,,,,,exact,100.0
2013,GS3,b5cbb735-b687-4de5-90cb-3978f48a71a1,,,4,GS3-Q4,,Food Security Bill is expected to eliminate hunger and malnutrition in India. Critically discuss various apprehensions in its effective implementation along with the concerns it has generated in WTO.,50.0,insert,,aggregator,,,,,,,,,,,,,,,,,exact,100.0
2013,GS3,b5cbb735-b687-4de5-90cb-3978f48a71a1,,,5,GS3-Q5,,What are the different types of agriculture subsidies given to farmers at the national and at state levels? Critically analyse the agricultural subsidy regime with reference to the distortions created by it.,51.7,insert,,aggregator,,,,,,,,,,,,,,,,,exact,100.0
2013,GS3,b5cbb735-b687-4de5-90cb-3978f48a71a1,,,6,GS3-Q6,,India needs to strengthen measures to promote the pink revolution in food industry for ensuring better nutrition and health. Critically elucidate the statement.,49.5,insert,,aggregator,,,,,,,,,,,,,,,,,exact,100.0
2013,GS3,b5cbb735-b687-4de5-90cb-3978f48a71a1,,,7,GS3-Q7,,Examine the impact of liberalization on companies owned by Indians. Are they competing with the MNCs satisfactorily? Discuss.,59.9,insert,,aggregator,,,,,,,,,,,,,,,,,exact,100.0
2013,GS3,b5cbb735-b687-4de5-90cb-3978f48a71a1,,,8,GS3-Q8,,"Establish relationship between land reforms, agriculture productivity and elimination of poverty in the Indian economy. Discuss the difficulties in designing and implementation of agriculture-friendly land reforms in India.",53.3,insert,,aggregator,,,,,,,,,,,,,,,,,exact,100.0
2013,GS3,b5cbb735-b687-4de5-90cb-3978f48a71a1,,,9,GS3-Q9,,"(a) Discuss the impact of FDI entry into Multi-trade retail sector on supply chain management in commodity trade pattern of the economy. (100 words) (b) Though India allowed Foreign Direct Investment (FDI) in what is called multi-brand retail through the joint venture route in September 2012, the FDI, even after a year, has not picked up. Discuss the reasons. (100 words)",55.8,insert,,aggregator,,,,,,,,,,,,,,,,,orphan,74.8
2013,GS3,b5cbb735-b687-4de5-90cb-3978f48a71a1,,,10,GS3-Q10,,Discuss the rationale for introducing Goods and Services Tax (GST) in India. Bring out critically the reasons for the delay in roll out for its regime.,54.4,insert,,aggregator,,,,,,,,,,,,,,,,,exact,100.0
2013,GS3,b5cbb735-b687-4de5-90cb-3978f48a71a1,,,11,GS3-Q11,,Write a note on India's green energy corridor to alleviate the problem of conventional energy.,49.5,insert,,aggregator,,,,,,,,,,,,,,,,,exact,100.0
2013,GS3,b5cbb735-b687-4de5-90cb-3978f48a71a1,,,12,GS3-Q12,,Adoption of PPP model for infrastructure development of the country has not been free of criticism. Critically discuss pros and cons of the model.,47.1,insert,,aggregator,,,,,,,,,,,,,,,,,exact,100.0
2013,GS3,b5cbb735-b687-4de5-90cb-3978f48a71a1,,,13,GS3-Q13,,"Bringing out the circumstances in 2005 which forced amendment to the section 3(d) in Indian Patent Law, 1970, discuss how it has been utilized by the Supreme Court in its judgement in rejecting Novratis' patent application for 'Glivec'. Discuss briefly the pros and cons of the decision.",49.5,insert,,aggregator,,,,,,,,,,,,,,,,,exact,100.0
2013,GS3,b5cbb735-b687-4de5-90cb-3978f48a71a1,,,14,GS3-Q14,,What do you understand by Fixed Dose Drug Combinations (FDCs)? Discuss their merits and demerits.,47.9,insert,,aggregator,,,,,,,,,,,,,,,,,exact,100.0
2013,GS3,b5cbb735-b687-4de5-90cb-3978f48a71a1,,,15,GS3-Q15,,What do you understand by Umpire Decision Review System in Cricket? Discuss its various components. Explain how silicone tape on the edge of a bat may fool the system?,48.9,insert,,aggregator,,,,,,,,,,,,,,,,,exact,100.0
2013,GS3,b5cbb735-b687-4de5-90cb-3978f48a71a1,,,16,GS3-Q16,,(a) What is a digital signature? What does its authentication mean? Give various salient built-in features of a digital signature. (100 words) (b) How does the 3D printing technology work? List out the advantages and disadvantages of the technology. (100 words),48.9,insert,,aggregator,,,,,,,,,,,,,,,,,orphan,74.2
2013,GS3,b5cbb735-b687-4de5-90cb-3978f48a71a1,,,17,GS3-Q17,,(a) What is an FRP composite material? How are they manufactured? Discuss their applications in aviation and automobile industries. (100 words) (b) What do you understand by Run-of-river hydroelectricity project? How is it different from any other hydroelectricity project? (100 words),50.2,insert,,aggregator,,,,,,,,,,,,,,,,,orphan,70.6
2013,GS3,b5cbb735-b687-4de5-90cb-3978f48a71a1,,,18,GS3-Q18,,"How important are vulnerability and risk assessment for pre-disaster management? As an administrator, what are key areas that you would focus on in a Disaster Management System?",48.3,insert,,aggregator,,,,,,,,,,,,,,,,,exact,100.0
2013,GS3,b5cbb735-b687-4de5-90cb-3978f48a71a1,,,19,GS3-Q19,,What are the consequences of Illegal mining? Discuss the Ministry of Environment and Forests' concept of GO AND NO GO zones for coal mining sector.,50.8,insert,,aggregator,,,,,,,,,,,,,,,,,exact,100.0
2013,GS3,b5cbb735-b687-4de5-90cb-3978f48a71a1,,,20,GS3-Q20,,"Enumerate the National Water Policy of India. Taking river Ganges as an example, discuss the strategies which may be adopted for river water pollution control and management. What are the legal provisions of management and handling of hazardous wastes in India?",51.4,insert,,aggregator,,,,,,,,,,,,,,,,,exact,100.0
2013,GS3,b5cbb735-b687-4de5-90cb-3978f48a71a1,,,21,GS3-Q21,,Money laundering poses a serious security threat to a country's economic sovereignty. What is its significance for India and what steps are required to be taken to control this menace?,51.6,insert,,aggregator,,,,,,,,,,,,,,,,,exact,100.0
2013,GS3,b5cbb735-b687-4de5-90cb-3978f48a71a1,,,23,GS3-Q23,,Cyber warfare is considered by some defense analysts to be a larger threat than even Al Qaeda or terrorism. What do you understand by Cyber warfare? Outline the cyber threats which India is vulnerable to and bring out the state of the country's preparedness to deal with the same.,48.9,insert,,aggregator,,,,,,,,,,,,,,,,,exact,100.0
2013,GS3,b5cbb735-b687-4de5-90cb-3978f48a71a1,,,24,GS3-Q24,,Article 244 of the Indian Constitution relates to administration of scheduled areas and tribal areas. Analyse the impact of non-implementation of the provisions of the Fifth schedule on the growth of Left Wing extremism.,53.6,insert,,aggregator,,,,,,,,,,,,,,,,,exact,100.0
2013,GS3,b5cbb735-b687-4de5-90cb-3978f48a71a1,,,25,GS3-Q25,,How far are India's internal security challenges linked with border management particularly in view of the long porous borders with most countries of South Asia and Myanmar?,48.3,insert,,aggregator,,,,,,,,,,,,,,,,,exact,100.0
2013,GS4,dee30326-920a-40cf-bee0-a5b4c76760f7,76,GS4-Q1a,1,GS4-A-Q1,What do you understand by 'ethical human conduct'? Discuss its determinants and consequences in human actions.,What do you understand by 'values' and 'ethics'? In what way is it important to be ethical along with being professionally competent?,60.0,review,true,aggregator,,,,,,,,,,true,,,,,orphan,54.7,exact,100.0
2013,GS4,dee30326-920a-40cf-bee0-a5b4c76760f7,77,GS4-Q1b,,,How do social institutions like school and media impact value formation in citizens? Analyze.,,49.5,delete,true,aggregator,,,,,,,,,,,,,,,orphan,52.7,,
2013,GS4,dee30326-920a-40cf-bee0-a5b4c76760f7,78,GS4-Q2a,4,GS4-A-Q4,What is emotional intelligence and what are its utilities in civil services administration?,What is 'emotional intelligence' and how can it be developed in people? How does it help an individual in taking ethical decisions?,66.2,replace,true,aggregator,,,,,,,,,,true,,,,,orphan,63.3,exact,100.0
2013,GS4,dee30326-920a-40cf-bee0-a5b4c76760f7,79,GS4-Q2b,,,Define the terms 'attitude' and 'belief'. How does cognitive dissonance affect an individual's internal alignment?,,53.6,delete,true,aggregator,,,,,,,,,,,,,,,orphan,51.9,,
2013,GS4,dee30326-920a-40cf-bee0-a5b4c76760f7,80,GS4-Q3a,,,Discuss the ethical ideals of administrative systems as postulated by classical Indian thinkers like Kautilya.,,54.0,delete,true,aggregator,,,,,,,,,,,,,,,orphan,50.5,,
2013,GS4,dee30326-920a-40cf-bee0-a5b4c76760f7,81,GS4-Q3b,,,What do you understand by the concept of 'utilitarianism'? Critique its limitations when applied to minority protection.,,57.8,delete,true,aggregator,,,,,,,,,,,,,,,orphan,56.0,,
2013,GS4,dee30326-920a-40cf-bee0-a5b4c76760f7,82,GS4-Q4a,,,"Examine the significance of public service values like objectivity, dedication, and tolerance in a multi-cultural society like India.",,51.5,delete,true,aggregator,,,,,,,,,,,,,,,orphan,51.5,,
2013,GS4,dee30326-920a-40cf-bee0-a5b4c76760f7,83,GS4-Q4b,,,Explain the concept of corruption in public life as a systemic failure rather than individual moral decay.,,49.5,delete,true,aggregator,,,,,,,,,,,,,,,orphan,49.5,,
2013,GS4,dee30326-920a-40cf-bee0-a5b4c76760f7,84,GS4-Q5a,,,"""Seven Sins"" according to Mahatma Gandhi are highly relevant to understand contemporary economic anomalies. Elaborate.",,48.2,delete,true,aggregator,,,,,,,,,,,,,,,orphan,47.4,,
2013,GS4,dee30326-920a-40cf-bee0-a5b4c76760f7,85,GS4-Q5b,,,"""The weak can never forgive. Forgiveness is the attribute of the strong."" - Mahatma Gandhi. Analyze.",,55.4,delete,true,aggregator,,,,,,,,,,,,,,,orphan,55.4,,
2013,GS4,dee30326-920a-40cf-bee0-a5b4c76760f7,86,GS4-Q6,,,Discuss the ethical dimensions of data privacy and access in information systems of e-governance infrastructure.,,52.5,delete,true,aggregator,,,,,,,,,,,,,,,orphan,51.4,,
2013,GS4,dee30326-920a-40cf-bee0-a5b4c76760f7,87,GS4-Q7,,,What are the structural flaws in current asset disclosure regulations of public officials that limit their effectiveness against illegal wealth generation?,,48.1,delete,true,aggregator,,,,,,,,,,,,,,,orphan,48.7,,
2013,GS4,dee30326-920a-40cf-bee0-a5b4c76760f7,88,GS4-Q8,,,"You are a senior executive engineer in charge of a district-level public works department. A massive flyover project is being constructed in the heart of the district headquarters to ease chronic traffic congestion. The project has already missed two execution deadlines due to land acquisition delays, and the public is extremely agitated. The state assembly elections are scheduled in six months, and the ruling government is putting extreme pressure on you to inaugurate the flyover within 45 days. While conducting a final structural stress-load audit, your junior engineers discover a critical design flaw in three major concrete pillars. The structural integrity of the flyover is compromised, and initializing it without major reinforcing repairs could lead to a catastrophic collapse under heavy traffic conditions. Correcting the flaw properly will require completely halting the construction, tearing down parts of the superstructure, and will take at least four months, completely destroying the government's pre-election timeline. Your immediate superior, the Chief Engineer, advises you to gloss over the audit report, add a superficial chemical coating to hide the cracks, and sign the safety clearance certificate, promising you a prize posting after the elections. (a) Discuss the ethical options and trade-offs available to you. (b) What decision will you take and why?",,48.6,delete,true,aggregator,,,,,,,,,,,,,,,orphan,47.9,,
2013,GS4,dee30326-920a-40cf-bee0-a5b4c76760f7,89,GS4-Q9,,,"You are the District Magistrate of a highly sensitive, drought-prone district that is currently experiencing a severe water crisis. The state government has set up a centralized emergency drinking water distribution network using private water tankers to supply rural settlements. Due to the high value of water, a local political strongman, who owns a large network of private tankers and has deep criminal links, has effectively captured the distribution cycle. He is artificially diverting more than 60% of the government-subsidized water tankers to commercial construction sites and private industrial units owned by his associates, selling them for high profits. As a result, poor villagers, particularly women and marginalized communities, are forced to walk miles in extreme heat or buy drinking water at exorbitant prices. When your field team attempts to track the tankers using GPS and enforce fair distribution, the strongman's henchmen physically assault your field staff and threaten them with dire consequences. The local police force is compromised and hesitates to take firm action against the strongman due to his political clout in the ruling party. (a) Identify the core ethical and administrative challenges in this case. (b) As the District Magistrate, outline a comprehensive strategy to break this nexus and ensure equitable water distribution.",,48.4,delete,true,aggregator,,,,,,,,,,,,,,,orphan,45.4,,
2013,GS4,dee30326-920a-40cf-bee0-a5b4c76760f7,90,GS4-Q10,,,"You are a senior program director heading a state social welfare department. The government has introduced an ambitious digital conditional-cash-transfer scheme for pregnant women belonging to below-poverty-line (BPL) families to improve institutional delivery rates and minimize maternal mortality. The scheme mandates that the cash benefit will be transferred directly to the bank account of the beneficiary upon producing a digital birth certificate and an official address registration card. During a surprise inspection of a remote rural clinic, you meet a young, severely malnourished tribal woman who has just given birth to twins. Her husband is a migrant daily-wage laborer who is currently untraceable. She has no digital identity card, no official bank account, and no fixed address proof as her community lives in temporary forest settlements. The rules strictly prohibit manual cash payments or exceptions to prevent leakages and audit objections. The medical officer informs you that without immediate money for post-natal nutrition and medicine, both the mother and the newborns are at high risk of mortality. The data entry operator refuses to process her file as the digital portal automatically rejects incomplete profile fields. (a) Discuss the conflict between institutional rules and humanitarian compassion in public administration. (b) How will you resolve this specific case, and what systemic policy changes would you advocate?",,47.2,delete,true,aggregator,,,,,,,,,,,,,,,orphan,45.9,,
2013,GS4,dee30326-920a-40cf-bee0-a5b4c76760f7,91,GS4-Q11,,,"You are leading an anti-corruption investigation unit within a major state infrastructure corporation. Your team is investigating a multi-million dollar procurement scam involving the purchase of electrical grids. During a raid on a subsidiary office, your team recovers a set of highly encrypted personal hard drives belonging to a senior general manager. Upon decoding the files, you discover a detailed ledger recording massive financial kickbacks paid over five years to a network of high-level politicians and senior bureaucrats. However, along with the corruption records, you accidentally discover a set of confidential personal documents revealing that the general manager's teenage daughter is suffering from a highly critical, rare genetic condition and requires experimental medical treatment abroad, costing millions of rupees. The ledger explicitly shows that a significant portion of the bribe money was transferred directly to an international specialized research hospital to cover her treatment costs. The general manager breaks down during interrogation, admitting his guilt completely but pleading with you to delay the submission of the raw ledger to the court for 30 days until his daughter's critical surgery is completed, fearing that an immediate asset freeze and arrest will lead to the cancellation of her treatment and her certain death. (a) What are the ethical dilemmas faced by the investigative officer in balancing legal duty with human empathy? (b) Outline your response and justify your chosen path.",,49.6,delete,true,aggregator,,,,,,,,,,,,,,,orphan,45.5,,
2013,GS4,dee30326-920a-40cf-bee0-a5b4c76760f7,92,GS4-Q12,,,"You are a senior officer working in the national food safety standards authority. A leading domestic FMCG brand has launched a highly popular packaged supplementary health drink aimed at toddlers and school-going children. The product is marketed as an immunity booster and organic growth catalyst, and its sales have broken records. However, a routine post-market laboratory surveillance report reveals that the drink contains significantly higher levels of added synthetic sugars, chemical preservatives, and trace elements of heavy metals like lead than what is permissible under national food safety guidelines. Long-term consumption of the drink can cause childhood obesity, renal strain, and cognitive development delays. When you initiate steps to issue an immediate nationwide recall of the product and suspend the company's manufacturing license, the company's management meets you. They present an alternate laboratory report from a private commercial lab claiming the levels are within safe tolerances. They argue that a sudden public recall will wipe out their corporate reputation, cause a 40% crash in their stock price leading to heavy losses for small retail investors, and result in the closure of three manufacturing plants, laying off over 5,000 workers. They offer a large donation to a medical research foundation you head as a legacy project in exchange for a quiet, phased formula modification without a public disclosure. (a) Identify the ethical conflicts and the responsibilities of the regulator in this case. (b) Determine your action matrix to protect public health while managing economic implications.",,51.2,delete,true,aggregator,,,,,,,,,,,,,,,orphan,45.1,,
2013,GS4,dee30326-920a-40cf-bee0-a5b4c76760f7,93,GS4-Q13,,,"You are a senior officer working in the environment impact clearing branch of a state government. A major multinational automobile manufacturer seeks clearance to set up a massive electric vehicle and battery manufacturing plant inside an industrial zone. The project represents the single largest foreign direct investment (FDI) in the state's history, promises to revitalize a stagnant local manufacturing sector, and create over 15,000 highly skilled jobs for the youth. However, during the technical evaluation of the project's waste disposal framework, your team discovers that the battery manufacturing process will generate vast quantities of highly hazardous chemical waste containing toxic lithium and cobalt compounds. The company's proposed treatment model complies with the letter of the current state environmental laws, which are outdated. However, your team points out that according to the latest international environmental research, the company's treatment model is deeply flawed and will inevitably lead to long-term heavy metal leaching into the groundwater table, destroying the drinking water sources of the entire industrial belt within ten years. The industrial department bureaucrats are putting immense pressure on you to clear the file quickly, arguing that strict enforcement of international standards outside the written domestic law will scare away the investor and destroy the state's economic prospects. (a) Discuss the ethical dimensions of enforcing unwritten higher standards versus adhering strictly to written, outdated domestic regulations. (b) What course of action will you choose to balance industrial growth with long-term ecological security?",,48.8,delete,true,aggregator,,,,,,,,,,,,,,,orphan,45.3,,
2013,GS4,dee30326-920a-40cf-bee0-a5b4c76760f7,,,2,GS4-A-Q2,,"(a) What do you understand by the following terms in the context of public service? (i) Integrity (ii) Perseverance (iii) Spirit of service (iv) Commitment (v) Courage of conviction (3×5=15 marks, 250 words) (b) Indicate two more attributes which you consider important for public service. Justify your answer. (100 words, 10 marks)",57.1,insert,,aggregator,,,,,,,,,,,,,,,,,orphan,69.3
2013,GS4,dee30326-920a-40cf-bee0-a5b4c76760f7,,,3,GS4-A-Q3,,"Some people feel that values keep changing with time and situation, while others strongly believe that there are certain universal and eternal human values. Give your perception in this regard with due justification.",50.9,insert,,aggregator,,,,,,,,,,,,,,,,,exact,100.0
2013,GS4,dee30326-920a-40cf-bee0-a5b4c76760f7,,,5,GS4-A-Q5,,"(a) What do you understand by the term 'voice of conscience'? How do you prepare yourself to heed to the voice of conscience? (150 words, 10 marks) (b) What is meant by 'crisis of conscience'? Narrate one incident in your life when you were faced with such a crisis and how you resolved the same. (150 words, 10 marks)",58.2,insert,,aggregator,,,,,,,,,,,,,,,,,orphan,71.7
2013,GS4,dee30326-920a-40cf-bee0-a5b4c76760f7,,,6,GS4-A-Q6,,"Given below are three quotations of great moral thinkers/philosophers. For each of these quotations, bring out what it means to you in the present context: (a) 'There is enough on this earth for every one's need but for no one's greed.' — Mahatma Gandhi (150 words, 10 marks) (b) 'Nearly all men can withstand adversity, but if you want to test a man's character, give him power.' — Abraham Lincoln (150 words, 10 marks) (c) 'I count him braver who overcomes his desires than him who overcomes his enemies.' — Aristotle (150 words, 10 marks)",55.4,insert,,aggregator,,,,,,,,,,,,,,,,,orphan,67.8
2013,GS4,dee30326-920a-40cf-bee0-a5b4c76760f7,,,7,GS4-A-Q7,,'The good of an individual is contained in the good of all.' What do you understand by this statement? How can this principle be implemented in public life?,56.3,insert,,aggregator,,,,,,,,,,,,,,,,,exact,100.0
2013,GS4,dee30326-920a-40cf-bee0-a5b4c76760f7,,,8,GS4-A-Q8,,It is often said that 'politics' and 'ethics' do not go together. What is your opinion in this regard? Justify your answer with illustrations.,50.4,insert,,aggregator,,,,,,,,,,,,,,,,,exact,100.0
2013,GS4,dee30326-920a-40cf-bee0-a5b4c76760f7,,,9,GS4-B-Q9,,"A Public Information Officer has received an application under RTI Act. Having gathered the information, the PIO discovers that the information pertains to some of the decisions taken by him, which were found to be not altogether right. There were other employees also who were party to these decisions. Disclosure of the information is likely to lead to disciplinary action with possibility of punishment against him as well as some of his colleagues. Non-disclosure or part disclosure or camouflaged disclosure of information will result into lesser punishment or no punishment. The PIO is otherwise an honest and conscientious person but this particular decision, on which the RTI application has been filed, turned out to be wrong. He comes to you for advice. The following are some suggested options. Please evaluate the merits and demerits of each of the options: (i) The PIO could refer the matter to his superior officer and seek his advice and act strictly in accordance with the advice, even though he is not completely in agreement with the advice of the superior. (ii) The PIO could proceed on leave and leave the matter to be dealt by his successor in office or request for transfer of the application to another PIO. (iii) The PIO could weigh the consequences of disclosing the information truthfully, including the effect on his career, and reply in a manner that would not place him or his career in jeopardy, but at the same time a little compromise can be made on the contents of the information. (iv) The PIO could consult his other colleagues who are party to the decision and take action as per their advice. Also please indicate (without necessarily restricting to the above options) what you would like to advise, giving proper reasons.",50.5,insert,,aggregator,,,,,,,,,,,,,,,,,orphan,80.5
2013,GS4,dee30326-920a-40cf-bee0-a5b4c76760f7,,,10,GS4-B-Q10,,"You are working as an Executive Engineer in the construction cell of a Municipal Corporation and are presently in-charge of the construction of a flyover. There are two Junior Engineers under you who have the responsibility of day-to-day inspection of the site and are reporting to you, while you are finally reporting to the Chief Engineer who heads the cell. While the construction is heading towards completion, the Junior Engineers have been regularly reporting that all construction is taking place as per design specifications. However, in one of your surprise inspections, you have noticed some serious deviations and lacunae which, in your opinion, are likely to affect the safety of the flyover. Rectification of these lacunae at this stage would require a substantial amount of demolition and rework which will cause a tangible loss to the contractor and will also delay completion. There is a lot of public pressure on the Corporation to get this construction completed because of heavy traffic congestion in the area. When you brought this matter to the notice of the Chief Engineer, he advised you that in his opinion it is not a very serious lapse and may be ignored. He advised for further expediting the project for completion in time. However, you are convinced that this was a serious matter which might affect public safety and should not be left unaddressed. What will you do in such a situation? Some of the options are given below. Evaluate the merits and demerits of each of these options and finally suggest what course of action you would like to take, giving reasons. (i) Follow the advice of the Chief Engineer and go ahead. (ii) Make an exhaustive report of the situation bringing out all facts and analysis along with your own viewpoints stated clearly and seek for written orders from the Chief Engineer. (iii) Call for explanation from the Junior Engineers and issue orders to the contractor for necessary correction within targeted time. (iv) Highlight the issue so that it reaches superiors above the Chief Engineer. (v) Considering the rigid attitude of the Chief Engineer, seek transfer from the project or report sick.",50.0,insert,,aggregator,,,,,,,,,,,,,,,,,variant,90.1
2013,GS4,dee30326-920a-40cf-bee0-a5b4c76760f7,,,11,GS4-B-Q11,,"Sivakasi in Tamil Nadu is known for its manufacturing clusters on firecrackers and matches. The local economy of the area is largely dependent on firecrackers industry. It has led to tangible economic development and improved standard of living in the area. So far as child labour norms for hazardous industries like firecrackers industry are concerned, International Labour Organization (ILO) has set the minimum age as 18 years. In India, however, this age is 14 years. The units in industrial clusters of firecrackers can be classified into registered and non-registered entities. One typical unit is household-based work. Though the law is clear on the use of child labour employment norms in registered/non-registered units, it does not include household-based works. Household-based work means children working under the supervision of their parents/relatives. To evade child labour norms, several units project themselves as household-based works but employ children from outside. Needless to say that employing children saves the costs for these units leading to higher profits to the owners. On your visit to one of the units at Sivakasi, the owner takes you around the unit which has about 10-15 children below 14 years of age. The owner tells you that in his household-based unit, the children are all his relatives. You notice that several children smirk, when the owner tells you this. On deeper enquiry, you figure out that neither the owner nor the children are able to satisfactorily establish their relationship with each other. (a) Bring out and discuss the ethical issues involved in the above case. (b) What would be your reaction after your above visit?",54.0,insert,,aggregator,,,,,,,,,,,,,,,,,exact,96.0
2013,GS4,dee30326-920a-40cf-bee0-a5b4c76760f7,,,12,GS4-B-Q12,,"You are heading a leading technical institute of the country. The institute is planning to convene an interview panel shortly under your chairmanship for selection of the post of professors. A few days before the interview, you get a call from the Personal Secretary (PS) of a senior government functionary seeking your intervention in favour of the selection of a close relative of the functionary for this post. The PS also informs you that he is aware of the long pending and urgent proposals of your institute for grant of funds for modernization, which are awaiting the functionary's approval. He assures you that he would get these proposals cleared. (a) What are the options available to you? (b) Evaluate each of these options and choose the option which you would adopt, giving reasons.",49.5,insert,,aggregator,,,,,,,,,,,,,,,,,variant,92.0
2013,GS4,dee30326-920a-40cf-bee0-a5b4c76760f7,,,13,GS4-B-Q13,,"As a senior officer in the Finance Ministry, you have access to some confidential and crucial information about policy decisions that the Government is about to announce. These decisions are likely to have far-reaching impact on the housing and construction industry. If the builders have access to this information beforehand, they can make huge profits. One of the builders has done a lot of quality work for the Government and is known to be close to your immediate superior, who asks you to disclose this information to the said builder. (a) What are the options available to you? (b) Evaluate each of these options and choose the option which you would adopt, giving reasons.",51.4,insert,,aggregator,,,,,,,,,,,,,,,,,variant,90.4
2013,GS4,dee30326-920a-40cf-bee0-a5b4c76760f7,,,14,GS4-B-Q14,,"You are the Executive Director of an upcoming Infotech Company which is making a name for itself in the market. Mr. A, who is a star performer, is heading the marketing team. In a short period of one year, he has helped in doubling the revenues as well as creating a high brand equity for the Company so much so that you are thinking of promoting him. However, you have been receiving information from many corners about his attitude towards the female colleagues; particularly his habit of making loose comments on women. In addition, he regularly sends indecent SMS's to all the team members including his female colleagues. One day, late in the evening, Mrs. X, who is one of Mr. A's team members, comes to you visibly disturbed. She complains against the continued misconduct of Mr. A, who has been making undesirable advances towards her and has even tried to touch her inappropriately in his cabin. She tenders her resignation and leaves your office. (a) What are the options available to you? (b) Evaluate each of these options and choose the option you would adopt, giving reasons.",48.1,insert,,aggregator,,,,,,,,,,,,,,,,,variant,94.6
2014,GS1,daca2e9f-012e-46fc-8b10-b6df340b4200,1,GS1-Q1,1,GS1-Q1,To what extent has the urban planning and culture of the Indus Valley Civilization provided inputs to the present day urbanization? Discuss.,To what extent has the urban planning and culture of the Indus Valley Civilization provided inputs to the present day urbanization? Discuss.,100.0,keep,true,aggregator,,,,,exact,100.0,exact,100.0,true,,,,,,,,,
2014,GS1,daca2e9f-012e-46fc-8b10-b6df340b4200,2,GS1-Q2,2,GS1-Q2,Gandhara sculpture owed as much to the Romans as to the Greeks. Explain.,Gandhara sculpture owed as much to the Romans as to the Greeks. Explain.,100.0,keep,true,aggregator,,,,,exact,100.0,exact,100.0,true,,,,,,,,,
2014,GS1,daca2e9f-012e-46fc-8b10-b6df340b4200,3,GS1-Q3,16,GS1-Q16,Taxila university was one of the oldest universities of the world with which were associated a number of renowned learned personalities of different disciplines. Its strategic location caused its ruin. Discuss.,"Taxila university was one of the oldest universities of the world with which were associated a number of renowned learned personalities of different disciplines. Its strategic location caused its fame to flourish, but unlike Nalanda, it is not considered as a university in the modern sense. Discuss.",97.0,keep,true,aggregator,,,,,exact,95.2,exact,98.6,true,,,,,,,,,
2014,GS1,daca2e9f-012e-46fc-8b10-b6df340b4200,4,GS1-Q4,4,GS1-Q4,The third battle of Panipat was fought in 1761. Why were so many empire-shaking battles fought at Panipat?,The third battle of Panipat was fought in 1761. Why were so many empire-shaking battles fought at Panipat?,100.0,keep,true,aggregator,,,,,exact,97.1,exact,97.1,true,,,,,,,,,
2014,GS1,daca2e9f-012e-46fc-8b10-b6df340b4200,5,GS1-Q5,3,GS1-Q3,Sufis and Saint movements failed to modify either the religious ideas and practices or the outward structure of Hindu / Muslim societies to any appreciable extent. Comment.,Sufis and medieval mystic saints failed to modify either the religious ideas and practices or the outward structure of Hindu/Muslim societies to any appreciable extent. Comment.,94.4,keep,true,aggregator,,,,,variant,90.5,exact,100.0,true,,,,,,,,,
2014,GS1,daca2e9f-012e-46fc-8b10-b6df340b4200,6,GS1-Q6,5,GS1-Q5,Examine critically the various facets of economic policies of the British East India Company from mid-eighteenth century till a century later.,Examine critically the various facets of economic policies of the British in India from mid-eighteenth century till independence.,89.8,keep,true,aggregator,,,,,variant,85.1,exact,98.4,true,,,,,,,,,
2014,GS1,daca2e9f-012e-46fc-8b10-b6df340b4200,7,GS1-Q7,6,GS1-Q6,In what ways did the naval mutiny of 1946 prove to be the last nail in the coffin of British colonial rule in India?,In what ways did the naval mutiny prove to be the last nail in the coffin of British colonial aspirations in India?,90.4,keep,true,aggregator,,,,,variant,87.8,exact,96.5,true,,,,,,,,,
2014,GS1,daca2e9f-012e-46fc-8b10-b6df340b4200,8,GS1-Q8,7,GS1-Q7,"What were the major political, economic and social forces that led to the French Revolution? Analyze.","What were the major political, economic, and social developments in the world which motivated the anti-colonial struggle in India?",73.4,replace,true,aggregator,,,,,orphan,70.4,variant,94.5,true,,,,,,,,,
2014,GS1,daca2e9f-012e-46fc-8b10-b6df340b4200,9,GS1-Q9,,,Discuss the consequences of the two World Wars on the geopolitical balance of power across the globe.,,51.9,delete,true,aggregator,,,,,orphan,50.0,,,true,,,,,,,,,
2014,GS1,daca2e9f-012e-46fc-8b10-b6df340b4200,10,GS1-Q10,20,GS1-Q20,How does the concept of 'Secularism' in India differ from the Western model of secularism?,How do the Indian debates on secularism differ from the debates in the West?,69.1,replace,true,aggregator,,,,,orphan,64.4,exact,98.7,true,true,,,,,,,,
2014,GS1,daca2e9f-012e-46fc-8b10-b6df340b4200,11,GS1-Q11,,,Analyse the causes and spatial distribution of communal violence in post-independence India.,,52.3,delete,true,aggregator,,,,,orphan,50.5,,,true,,,,,,,,,
2014,GS1,daca2e9f-012e-46fc-8b10-b6df340b4200,12,GS1-Q12,,,What are the structural constraints in achieving women empowerment in rural India? Suggest realistic measures.,,48.8,delete,true,aggregator,,,,,orphan,48.1,,,true,,,,,,,,,
2014,GS1,daca2e9f-012e-46fc-8b10-b6df340b4200,13,GS1-Q13,,,Explain how globalization is affecting the multi-lingual profile of Indian society.,,51.5,delete,true,aggregator,,,,,orphan,50.0,,,true,,,,,,,,,
2014,GS1,daca2e9f-012e-46fc-8b10-b6df340b4200,14,GS1-Q14,,,Describe the factors controlling the distribution of global temperature and explain the anomalies associated with it.,,53.1,delete,true,aggregator,,,,,orphan,50.0,,,true,,,,,,,,,
2014,GS1,daca2e9f-012e-46fc-8b10-b6df340b4200,15,GS1-Q15,,,What are the major oceanic currents of the Atlantic Ocean? Discuss their influence on the regional climates of coastal areas.,,52.4,delete,true,aggregator,,,,,orphan,51.2,,,true,,,,,,,,,
2014,GS1,daca2e9f-012e-46fc-8b10-b6df340b4200,16,GS1-Q16,,,Discuss the reasons for the high concentration of shifting cultivation practices among the tribal populations of North-East India.,,52.9,delete,true,aggregator,,,,,orphan,50.4,,,true,,,,,,,,,
2014,GS1,daca2e9f-012e-46fc-8b10-b6df340b4200,17,GS1-Q17,,,Examine the potential of renewable energy resources in India with special reference to solar and wind energy locations.,,48.3,delete,true,aggregator,,,,,orphan,49.2,,,true,,,,,,,,,
2014,GS1,daca2e9f-012e-46fc-8b10-b6df340b4200,18,GS1-Q18,,,What is the global significance of the resource potential of the Arctic region? Highlight the geopolitical conflicts arising out of it.,,49.6,delete,true,aggregator,,,,,orphan,49.6,,,true,,,,,,,,,
2014,GS1,daca2e9f-012e-46fc-8b10-b6df340b4200,19,GS1-Q19,,,Explain the origin and features of the earthquake zones in India. Why are some regions more vulnerable than others?,,55.4,delete,true,aggregator,,,,,orphan,51.3,,,true,,,,,,,,,
2014,GS1,daca2e9f-012e-46fc-8b10-b6df340b4200,20,GS1-Q20,,,How do tectonic plates movements explain the formation of major mountain systems of the world? Elaborate with examples.,,55.7,delete,true,aggregator,,,,,orphan,50.4,,,true,,,,,,,,,
2014,GS1,daca2e9f-012e-46fc-8b10-b6df340b4200,,,8,GS1-Q8,,The New Economic Policy – 1921 of Lenin had influenced the policies adopted by India soon after independence. Evaluate.,52.5,insert,,aggregator,,,,,,,exact,96.5,true,,,,,,,,,
2014,GS1,daca2e9f-012e-46fc-8b10-b6df340b4200,,,9,GS1-Q9,,What were the events that led to the Suez Crisis in 1956? How did it deal a final blow to Britain’s self-image as a world power?,53.7,insert,,aggregator,,,,,,,variant,93.7,true,,,,,,,,,
2014,GS1,daca2e9f-012e-46fc-8b10-b6df340b4200,,,10,GS1-Q10,,How does patriarchy impact the position of a middle-class working woman in India?,58.5,insert,,aggregator,,,,,,,exact,95.0,true,,,,,,,,,
2014,GS1,daca2e9f-012e-46fc-8b10-b6df340b4200,,,11,GS1-Q11,,Why do some of the most prosperous regions of India have an adverse sex ratio for women? Give your arguments.,51.6,insert,,aggregator,,,,,,,exact,98.1,true,,,,,,,,,
2014,GS1,daca2e9f-012e-46fc-8b10-b6df340b4200,,,12,GS1-Q12,,Discuss the various economic and socio-cultural forces that are driving the increasing feminization of agriculture in India.,60.2,insert,,aggregator,,,,,,,orphan,77.2,true,,,,,,,,,
2014,GS1,daca2e9f-012e-46fc-8b10-b6df340b4200,,,13,GS1-Q13,,Why are the world's fold mountain systems located along the margins of continents? Bring out the association between the global distribution of fold mountains and earthquakes and volcanoes.,53.1,insert,,aggregator,,,,,,,variant,85.0,true,,,,,,,,,
2014,GS1,daca2e9f-012e-46fc-8b10-b6df340b4200,,,14,GS1-Q14,,Explain the formation of thousands of islands in the Indonesian and Philippines archipelagos.,55.7,insert,,aggregator,,,,,,,exact,95.7,true,,,,,,,,,
2014,GS1,daca2e9f-012e-46fc-8b10-b6df340b4200,,,15,GS1-Q15,,Bring out the relationship between the shrinking Himalayan glaciers and the symptoms of climate change in the Indian sub-continent.,51.6,insert,,aggregator,,,,,,,orphan,76.2,true,,,,,,,,,
2014,GS1,daca2e9f-012e-46fc-8b10-b6df340b4200,,,17,GS1-Q17,,Most of the unusual climatic happenings are explained as an outcome of the El-Niño effect. Do you agree?,52.4,insert,,aggregator,,,,,,,exact,97.1,true,,,,,,,,,
2014,GS1,daca2e9f-012e-46fc-8b10-b6df340b4200,,,18,GS1-Q18,,Account for the change in the spatial pattern of the iron and steel industry in the world.,52.3,insert,,aggregator,,,,,,,exact,95.5,true,,,,,,,,,
2014,GS1,daca2e9f-012e-46fc-8b10-b6df340b4200,,,19,GS1-Q19,,The life cycle of a joint family depends on economic factors rather than social values. Discuss.,49.1,insert,,aggregator,,,,,,,exact,97.9,true,,,,,,,,,
2014,GS1,daca2e9f-012e-46fc-8b10-b6df340b4200,,,21,GS1-Q21,,"Tropical cyclones are largely confined to South China Sea, Bay of Bengal and Gulf of Mexico. Why?",44.8,insert,,aggregator,,,,,,,exact,98.9,true,,,,,,,,,
2014,GS1,daca2e9f-012e-46fc-8b10-b6df340b4200,,,22,GS1-Q22,,"Whereas the British planters had developed tea gardens all along the Shivaliks and Lesser Himalayas from Assam to Himachal Pradesh, in effect they did not succeed beyond the Darjeeling area. Explain.",49.2,insert,,aggregator,,,,,,,exact,99.0,true,,,,,,,,,
2014,GS1,daca2e9f-012e-46fc-8b10-b6df340b4200,,,23,GS1-Q23,,Why did the Green Revolution in India virtually by-pass the eastern region despite fertile soil and good availability of water?,52.9,insert,,aggregator,,,,,,,orphan,73.0,true,,,,,,,,,
2014,GS1,daca2e9f-012e-46fc-8b10-b6df340b4200,,,24,GS1-Q24,,Critically evaluate the various resources of the oceans which can be harnessed to meet the resource crisis in the world.,53.9,insert,,aggregator,,,,,,,exact,97.5,true,,,,,,,,,
2014,GS1,daca2e9f-012e-46fc-8b10-b6df340b4200,,,25,GS1-Q25,,How does India see its place in the economic space of rising natural resource rich Africa?,52.3,insert,,aggregator,,,,,,,exact,100.0,true,,,,,,,,,
2014,GS2,d332fcad-6750-4542-af0a-3f203f819096,21,GS2-Q1,3,GS2-Q3,"Starting from inventing the 'basic structure' doctrine, the judiciary has played a highly proactive role in ensuring that the Constitution remains a living document. Discuss.","Starting from inventing the ‘basic structure’ doctrine, the judiciary has played a highly proactive role in ensuring that India develops into a thriving democracy. In light of the statement, evaluate the role played by judicial activism in achieving the ideals of democracy.",85.1,keep,true,aggregator,,,,,,,,,,true,,,,,orphan,82.8,exact,100.0
2014,GS2,d332fcad-6750-4542-af0a-3f203f819096,22,GS2-Q2,,,Analyze the nature of federal tensions between the Center and States in India regarding the deployment of Central Armed Police Forces (CAPF).,,53.4,delete,true,aggregator,,,,,,,,,,,,,,,orphan,50.0,,
2014,GS2,d332fcad-6750-4542-af0a-3f203f819096,23,GS2-Q3,,,The financial autonomy of local bodies is crucial for their effective functioning. Examine the bottlenecks in resource mobilization by PRIs.,,48.6,delete,true,aggregator,,,,,,,,,,,,,,,orphan,47.1,,
2014,GS2,d332fcad-6750-4542-af0a-3f203f819096,24,GS2-Q4,,,Examine the role and power of the National Commission for Scheduled Castes (NCSC) in protecting the rights of Dalits.,,54.3,delete,true,aggregator,,,,,,,,,,,,,,,orphan,51.8,,
2014,GS2,d332fcad-6750-4542-af0a-3f203f819096,25,GS2-Q5,,,Discuss the institutional mechanism for dispute resolution between States over inter-state river waters under the Indian Constitution.,,59.4,delete,true,aggregator,,,,,,,,,,,,,,,orphan,54.1,,
2014,GS2,d332fcad-6750-4542-af0a-3f203f819096,26,GS2-Q6,,,What is e-governance? Explain how the implementation of the National e-Governance Plan (NeGP) has transformed rural administration.,,48.0,delete,true,aggregator,,,,,,,,,,,,,,,orphan,48.8,,
2014,GS2,d332fcad-6750-4542-af0a-3f203f819096,27,GS2-Q7,,,Evaluate the performance of the MGNREGA scheme in reducing rural distress and preventing distress migration.,,54.0,delete,true,aggregator,,,,,,,,,,,,,,,orphan,51.4,,
2014,GS2,d332fcad-6750-4542-af0a-3f203f819096,28,GS2-Q8,,,The policy of reservations in higher educational institutions needs a objective review to evaluate its actual outcomes. Comment.,,52.6,delete,true,aggregator,,,,,,,,,,,,,,,orphan,50.8,,
2014,GS2,d332fcad-6750-4542-af0a-3f203f819096,29,GS2-Q9,,,Discuss the strategic and economic significance of India's participation in the Shanghai Cooperation Organization (SCO).,,57.8,delete,true,aggregator,,,,,,,,,,,,,,,orphan,53.0,,
2014,GS2,d332fcad-6750-4542-af0a-3f203f819096,30,GS2-Q10,,,Explain the structure and main operations of the World Health Organization (WHO) in addressing global pandemics.,,51.4,delete,true,aggregator,,,,,,,,,,,,,,,orphan,51.4,,
2014,GS2,d332fcad-6750-4542-af0a-3f203f819096,31,GS2-Q11,,,The power of judicial activism can sometimes turn into judicial overreach. Discuss with reference to recent examples in India.,,50.4,delete,true,aggregator,,,,,,,,,,,,,,,orphan,50.8,,
2014,GS2,d332fcad-6750-4542-af0a-3f203f819096,32,GS2-Q12,,,Examine the office of the Prime Minister as the pivot of the Cabinet system in the light of coalition governance experiences.,,52.4,delete,true,aggregator,,,,,,,,,,,,,,,orphan,54.0,,
2014,GS2,d332fcad-6750-4542-af0a-3f203f819096,33,GS2-Q13,,,Discuss the constitutional provisions governing the amendment process of the Indian Constitution. Is the process too rigid or too flexible?,,50.4,delete,true,aggregator,,,,,,,,,,,,,,,orphan,50.4,,
2014,GS2,d332fcad-6750-4542-af0a-3f203f819096,34,GS2-Q14,,,Analyze the role of pressure groups in Indian politics and explain how they differ from registered political parties.,,48.3,delete,true,aggregator,,,,,,,,,,,,,,,orphan,50.0,,
2014,GS2,d332fcad-6750-4542-af0a-3f203f819096,35,GS2-Q15,,,What are the structural drawbacks of the civil services accountability mechanisms in India? Suggest strategies for administrative reforms.,,53.3,delete,true,aggregator,,,,,,,,,,,,,,,orphan,50.7,,
2014,GS2,d332fcad-6750-4542-af0a-3f203f819096,36,GS2-Q16,,,Evaluate the implementation challenges of the National Food Security Act (NFSA) 2013 across different states.,,48.1,delete,true,aggregator,,,,,,,,,,,,,,,orphan,50.9,,
2014,GS2,d332fcad-6750-4542-af0a-3f203f819096,37,GS2-Q17,,,The protection of consumers' rights is weak due to institutional lacunae in enforcement mechanism. Evaluate the role of Consumer Courts.,,51.9,delete,true,aggregator,,,,,,,,,,,,,,,orphan,51.9,,
2014,GS2,d332fcad-6750-4542-af0a-3f203f819096,38,GS2-Q18,,,Analyze the strategic implications of China's 'Belt and Road Initiative' (BRI) on India's national security and sovereignty.,,50.5,delete,true,aggregator,,,,,,,,,,,,,,,orphan,50.4,,
2014,GS2,d332fcad-6750-4542-af0a-3f203f819096,39,GS2-Q19,,,Discuss India's contribution to United Nations Peacekeeping Operations (UNPKO) and its role in global conflict resolution.,,48.7,delete,true,aggregator,,,,,,,,,,,,,,,orphan,47.1,,
2014,GS2,d332fcad-6750-4542-af0a-3f203f819096,40,GS2-Q20,,,Examine the role of the World Trade Organization (WTO) Ministerial Conferences in addressing the agricultural subsidy issues of developing economies.,,48.5,delete,true,aggregator,,,,,,,,,,,,,,,orphan,47.9,,
2014,GS2,d332fcad-6750-4542-af0a-3f203f819096,,,1,GS2-Q1,,What do you understand by the concept “freedom of speech and expression”? Does it cover hate speech also? Why do the films in India stand on a slightly different plane from other forms of expression? Discuss.,48.6,insert,,aggregator,,,,,,,,,,,,,,,,,exact,100.0
2014,GS2,d332fcad-6750-4542-af0a-3f203f819096,,,2,GS2-Q2,,"Though the federal principle is dominant in our Constitution and that principle is one of its basic features, it is equally true that federalism under the Indian Constitution leans in favour of a strong Centre, a feature that militates against the concept of strong federalism.",59.4,insert,,aggregator,,,,,,,,,,,,,,,,,orphan,79.6
2014,GS2,d332fcad-6750-4542-af0a-3f203f819096,,,4,GS2-Q4,,"The ‘Powers, Privileges, and Immunities of Parliament and its Members’ as envisaged in Article 105 of the Constitution leave room for a large number of un-codified and un-enumerated privileges to continue. Assess the reasons for the absence of legal codification of ‘parliamentary privileges’. How can this problem be addressed?",50.4,insert,,aggregator,,,,,,,,,,,,,,,,,exact,98.7
2014,GS2,d332fcad-6750-4542-af0a-3f203f819096,,,5,GS2-Q5,,Instances of President’s delay in commuting death sentences has come under public debate as denial of justice. Should there be a time limit specified for the President to accept/reject such petitions? Analyse.,46.7,insert,,aggregator,,,,,,,,,,,,,,,,,exact,100.0
2014,GS2,d332fcad-6750-4542-af0a-3f203f819096,,,6,GS2-Q6,,The size of the cabinet should be as big as governmental work justifies and as big as the Prime Minister can manage as a team. How far is the efficacy of a government then inversely related to the size of the cabinet? Discuss.,52.4,insert,,aggregator,,,,,,,,,,,,,,,,,exact,100.0
2014,GS2,d332fcad-6750-4542-af0a-3f203f819096,,,7,GS2-Q7,,"The setting up of a Rail Tariff Authority to regulate fares will subject the cash strapped Indian Railways to demand subsidy for obligation to operate non-profitable routes and services. Taking into account the experience in the power sector, discuss if the proposed reform is expected to benefit the consumers, the Indian Railways or the private container operators.",51.8,insert,,aggregator,,,,,,,,,,,,,,,,,exact,100.0
2014,GS2,d332fcad-6750-4542-af0a-3f203f819096,,,8,GS2-Q8,,"National Human Rights Commission (NHRC) in India can be most effective when its tasks are adequately supported by other mechanisms that ensure the accountability of a government. In light of the above observation, assess the role of NHRC as an effective complement to the judiciary and other institutions in promoting and protecting human rights standards.",54.3,insert,,aggregator,,,,,,,,,,,,,,,,,exact,96.3
2014,GS2,d332fcad-6750-4542-af0a-3f203f819096,,,9,GS2-Q9,,"Though 100 percent FDI is already allowed in non-news media like a trade publication and general entertainment channel, the government is mulling over the proposal for increased FDI in news media for quite some time. What difference would an increase in FDI make? Critically evaluate the pros and cons.",49.8,insert,,aggregator,,,,,,,,,,,,,,,,,exact,99.7
2014,GS2,d332fcad-6750-4542-af0a-3f203f819096,,,10,GS2-Q10,,"Two parallel run schemes of the Government, viz. the Adhaar Card and NPR, one as voluntary and the other as compulsory, have led to debates at national levels and also litigations. On merits, discuss whether or not both schemes need run concurrently. Analyse the potential of the schemes to achieve developmental benefits and equitable growth.",50.0,insert,,aggregator,,,,,,,,,,,,,,,,,exact,99.7
2014,GS2,d332fcad-6750-4542-af0a-3f203f819096,,,11,GS2-Q11,,"An athlete participates in Olympics for personal triumph and nation’s glory; victors are showered with cash incentives by various agencies, on their return. Discuss the merit of state sponsored talent hunt and its cultivation as against the rationale of a reward mechanism as encouragement.",50.5,insert,,aggregator,,,,,,,,,,,,,,,,,exact,100.0
2014,GS2,d332fcad-6750-4542-af0a-3f203f819096,,,12,GS2-Q12,,The penetration of Self Help Groups (SHGs) in rural areas in promoting participation in development programmes is facing socio-cultural hurdles. Examine.,54.0,insert,,aggregator,,,,,,,,,,,,,,,,,exact,100.0
2014,GS2,d332fcad-6750-4542-af0a-3f203f819096,,,13,GS2-Q13,,"Should the premier institutes like IITs/IIMs be allowed to retain premier status, allowed more academic independence in designing courses, and also decide mode/criteria of selection of students? Discuss in light of the growing challenges.",49.1,insert,,aggregator,,,,,,,,,,,,,,,,,exact,100.0
2014,GS2,d332fcad-6750-4542-af0a-3f203f819096,,,14,GS2-Q14,,"With respect to the South China sea, maritime territorial disputes and rising tension affirm the need for safeguarding maritime security to ensure freedom of navigation and over flight throughout the region. In this context, discuss the bilateral issues between India and China.",51.3,insert,,aggregator,,,,,,,,,,,,,,,,,orphan,81.4
2014,GS2,d332fcad-6750-4542-af0a-3f203f819096,,,15,GS2-Q15,,"Do government’s schemes for up-lifting vulnerable and backward communities by protecting required social resources for them, lead to their exclusion in establishing businesses in urban economies?",48.2,insert,,aggregator,,,,,,,,,,,,,,,,,exact,100.0
2014,GS2,d332fcad-6750-4542-af0a-3f203f819096,,,16,GS2-Q16,,The aim of Information Technology Agreements (ITAs) is to lower all taxes and tariffs on Information Technology products by signatories to zero. What impact would such agreements have on India’s interests?,47.8,insert,,aggregator,,,,,,,,,,,,,,,,,exact,100.0
2014,GS2,d332fcad-6750-4542-af0a-3f203f819096,,,17,GS2-Q17,,"Some of the International funding agencies have special terms for economic participation stipulating a substantial component of the aid to be used for sourcing equipment from the leading countries. Discuss on merits of such terms and if, there exists a strong case not to accept such conditions in the Indian context.",52.8,insert,,aggregator,,,,,,,,,,,,,,,,,variant,94.9
2014,GS2,d332fcad-6750-4542-af0a-3f203f819096,,,18,GS2-Q18,,India has recently signed to become founding member of New Development Bank (NDB) and also the Asian Infrastructure Investment Bank (AIIB). How will the role of the two Banks be different? Discuss the strategic significance of these two Banks for India.,57.8,insert,,aggregator,,,,,,,,,,,,,,,,,exact,99.2
2014,GS2,d332fcad-6750-4542-af0a-3f203f819096,,,19,GS2-Q19,,WTO is an important international institution where decisions taken affect countries in a profound manner. What is the mandate of WTO and how binding are their decisions? Critically analyse India’s stand on the latest round of talks on Food security.,52.6,insert,,aggregator,,,,,,,,,,,,,,,,,exact,99.2
2014,GS2,d332fcad-6750-4542-af0a-3f203f819096,,,20,GS2-Q20,,Has the Cadre based Civil Services Organization been the cause of slow change in India? Critically examine.,53.4,insert,,aggregator,,,,,,,,,,,,,,,,,exact,100.0
2014,GS3,b5cbb735-b687-4de5-90cb-3978f48a71a1,41,GS3-Q1,,,"""While economic growth has accelerated in India, employment generation has slowed down significantly."" Discuss.",,50.0,delete,true,aggregator,,,,,,,,,,,,,,,orphan,50.0,,
2014,GS3,b5cbb735-b687-4de5-90cb-3978f48a71a1,42,GS3-Q2,,,Explain the concept of 'inclusive growth' and highlight the major structural challenges in its realization in India.,,51.3,delete,true,aggregator,,,,,,,,,,,,,,,orphan,51.3,,
2014,GS3,b5cbb735-b687-4de5-90cb-3978f48a71a1,43,GS3-Q3,,,What are the major reasons for the high volatility in vegetable prices in India? Suggest long-term cold-chain solutions.,,57.6,delete,true,aggregator,,,,,,,,,,,,,,,orphan,57.6,,
2014,GS3,b5cbb735-b687-4de5-90cb-3978f48a71a1,44,GS3-Q4,,,Discuss the role of Minimum Support Price (MSP) in ensuring food security and its impact on the cropping pattern in India.,,51.9,delete,true,aggregator,,,,,,,,,,,,,,,orphan,48.7,,
2014,GS3,b5cbb735-b687-4de5-90cb-3978f48a71a1,45,GS3-Q5,,,What are the primary constraints hindering the growth of the food processing industry in India? How can the Mega Food Parks scheme resolve them?,,54.9,delete,true,aggregator,,,,,,,,,,,,,,,orphan,54.9,,
2014,GS3,b5cbb735-b687-4de5-90cb-3978f48a71a1,46,GS3-Q6,,,Explain the significance of the Navigation with Indian Constellation (NavIC) system. How does it benefit civilian applications?,,50.4,delete,true,aggregator,,,,,,,,,,,,,,,orphan,50.4,,
2014,GS3,b5cbb735-b687-4de5-90cb-3978f48a71a1,47,GS3-Q7,,,What are Intellectual Property Rights (IPR)? Discuss the friction areas between India's IPR policy and international patent standards.,,55.4,delete,true,aggregator,,,,,,,,,,,,,,,orphan,55.4,,
2014,GS3,b5cbb735-b687-4de5-90cb-3978f48a71a1,48,GS3-Q8,,,Discuss the phenomenon of 'cloudbursts' with special reference to mountain ecosystem vulnerabilities in India.,,52.0,delete,true,aggregator,,,,,,,,,,,,,,,orphan,51.4,,
2014,GS3,b5cbb735-b687-4de5-90cb-3978f48a71a1,49,GS3-Q9,,,Analyze the links between illegal migration and security challenges along India's eastern international border.,,50.9,delete,true,aggregator,,,,,,,,,,,,,,,orphan,50.9,,
2014,GS3,b5cbb735-b687-4de5-90cb-3978f48a71a1,50,GS3-Q10,,,What is cyber warfare? Discuss the steps required to augment India's national cyber security defense architectures.,,52.3,delete,true,aggregator,,,,,,,,,,,,,,,orphan,48.7,,
2014,GS3,b5cbb735-b687-4de5-90cb-3978f48a71a1,51,GS3-Q11,,,Account for the structural transformation of India's GDP from agriculture to services without a substantial manufacturing base. What are its implications?,,55.3,delete,true,aggregator,,,,,,,,,,,,,,,orphan,55.3,,
2014,GS3,b5cbb735-b687-4de5-90cb-3978f48a71a1,52,GS3-Q12,,,"Examine the effectiveness of the Fiscal Responsibility and Budget Management (FRBM) Act, 2003 in maintaining macroeconomic stability.",,45.7,delete,true,aggregator,,,,,,,,,,,,,,,orphan,45.7,,
2014,GS3,b5cbb735-b687-4de5-90cb-3978f48a71a1,53,GS3-Q13,,,Discuss the major challenges associated with land reforms in India since independence. Why has land records digitization lagged behind?,,49.6,delete,true,aggregator,,,,,,,,,,,,,,,orphan,51.9,,
2014,GS3,b5cbb735-b687-4de5-90cb-3978f48a71a1,54,GS3-Q14,,,Explain the mechanism of the Public Distribution System (PDS) and analyze the reforms required to eliminate leakages in food distribution cycles.,,46.6,delete,true,aggregator,,,,,,,,,,,,,,,orphan,47.2,,
2014,GS3,b5cbb735-b687-4de5-90cb-3978f48a71a1,55,GS3-Q15,,,Give a detailed account of India's progress in renewable energy expansion. Highlight the grid-integration challenges of solar power plants.,,47.4,delete,true,aggregator,,,,,,,,,,,,,,,orphan,47.4,,
2014,GS3,b5cbb735-b687-4de5-90cb-3978f48a71a1,56,GS3-Q16,,,What is nanotechnology? Discuss its potential applications in healthcare diagnostics and precision agricultural systems.,,52.5,delete,true,aggregator,,,,,,,,,,,,,,,orphan,52.5,,
2014,GS3,b5cbb735-b687-4de5-90cb-3978f48a71a1,57,GS3-Q17,,,The coastal ecosystems of India are increasingly exposed to oceanic pollution and oil spills. Discuss the long-term ecological risks.,,51.1,delete,true,aggregator,,,,,,,,,,,,,,,orphan,51.1,,
2014,GS3,b5cbb735-b687-4de5-90cb-3978f48a71a1,58,GS3-Q18,,,Analyze the National Disaster Management Guidelines for earthquake risk reduction. Highlight the gaps in their institutional enforcement.,,54.1,delete,true,aggregator,,,,,,,,,,,,,,,orphan,54.1,,
2014,GS3,b5cbb735-b687-4de5-90cb-3978f48a71a1,59,GS3-Q19,,,"Money laundering acts as a lifeline for organized criminal networks and cross-border terrorism. Examine the provisions of PMLA, 2002.",,45.8,delete,true,aggregator,,,,,,,,,,,,,,,orphan,45.4,,
2014,GS3,b5cbb735-b687-4de5-90cb-3978f48a71a1,60,GS3-Q20,,,The nexus between left-wing extremism and illegal mining inside forest tracts complicates internal security. Discuss the containment matrix.,,53.8,delete,true,aggregator,,,,,,,,,,,,,,,orphan,51.4,,
2014,GS3,b5cbb735-b687-4de5-90cb-3978f48a71a1,,,1,GS3-Q1,,"Normally countries shift from agriculture to industry and then later to services, but India shifted directly from agriculture to services. What are the reasons for the huge growth of services vis-à-vis industry in the country? Can India become a developed country without a strong industrial base?",57.6,insert,,aggregator,,,,,,,,,,,,,,,,,exact,99.3
2014,GS3,b5cbb735-b687-4de5-90cb-3978f48a71a1,,,2,GS3-Q2,,"“While we flaunt India’s demographic dividend, we ignore the dropping rates of employability.” What are we missing while doing so? Where will the jobs that India desperately needs come from? Explain.",48.6,insert,,aggregator,,,,,,,,,,,,,,,,,exact,100.0
2014,GS3,b5cbb735-b687-4de5-90cb-3978f48a71a1,,,3,GS3-Q3,,There is also a point of view that Agricultural Produce Market Committees (APMCs) set up under the State Acts have not only impeded the development of agriculture but also have been the cause of food inflation in India. Critically examine.,48.7,insert,,aggregator,,,,,,,,,,,,,,,,,exact,100.0
2014,GS3,b5cbb735-b687-4de5-90cb-3978f48a71a1,,,4,GS3-Q4,,"“In the villages itself, no form of credit organization will be suitable except the cooperative society.” – All India Rural Credit Survey. Discuss this statement in the background of agricultural finance in India. What constraints and challenges do financial institutions supplying agricultural finance face? How can technology be used to better reach and serve rural clients?",51.3,insert,,aggregator,,,,,,,,,,,,,,,,,exact,100.0
2014,GS3,b5cbb735-b687-4de5-90cb-3978f48a71a1,,,5,GS3-Q5,,"The Right to Fair Compensation and Transparency in Land Acquisition, Rehabilitation and Resettlement Act, 2013 has come into effect from 1st January 2014. What are the key issues which would get addressed with the Act in place? What implications would it have on industrialization and agriculture in India?",52.5,insert,,aggregator,,,,,,,,,,,,,,,,,exact,100.0
2014,GS3,b5cbb735-b687-4de5-90cb-3978f48a71a1,,,6,GS3-Q6,,National Urban Transport Policy emphasises on 'moving people' instead of 'moving vehicles'. Discuss critically the success of the various strategies of the Government in this regard.,46.0,insert,,aggregator,,,,,,,,,,,,,,,,,exact,100.0
2014,GS3,b5cbb735-b687-4de5-90cb-3978f48a71a1,,,7,GS3-Q7,,"Explain how Private Public Partnership arrangements, in long gestation infrastructure projects, can transfer unsustainable liabilities to the future. What arrangements need to be put in place to ensure that successive generations' capacities are not compromised?",47.9,insert,,aggregator,,,,,,,,,,,,,,,,,exact,100.0
2014,GS3,b5cbb735-b687-4de5-90cb-3978f48a71a1,,,8,GS3-Q8,,Foreign Direct Investment (FDI) in the defence sector is now set to be liberalized. What influence is this expected to have on Indian defence and economy in the short and long run?,49.0,insert,,aggregator,,,,,,,,,,,,,,,,,exact,98.9
2014,GS3,b5cbb735-b687-4de5-90cb-3978f48a71a1,,,9,GS3-Q9,,"Scientific research in Indian universities is declining, because a career in science is not as attractive as are business professions, engineering or administration, and the universities are becoming consumer-oriented. Critically comment.",50.0,insert,,aggregator,,,,,,,,,,,,,,,,,exact,99.1
2014,GS3,b5cbb735-b687-4de5-90cb-3978f48a71a1,,,10,GS3-Q10,,"Can overuse and free availability of antibiotics without Doctor's prescription, be contributors to the emergence of drug-resistant diseases in India? What are the available mechanisms for monitoring and control? Critically discuss the various issues involved.",51.4,insert,,aggregator,,,,,,,,,,,,,,,,,exact,100.0
2014,GS3,b5cbb735-b687-4de5-90cb-3978f48a71a1,,,11,GS3-Q11,,"In a globalized world, Intellectual Property Rights assume significance and are a source of litigation. Broadly distinguish between the terms—Copyrights, Patents, and Trade Secrets.",55.4,insert,,aggregator,,,,,,,,,,,,,,,,,exact,100.0
2014,GS3,b5cbb735-b687-4de5-90cb-3978f48a71a1,,,12,GS3-Q12,,Should the pursuit of carbon credits and clean development mechanisms set up under UNFCCC be maintained even though there has been a massive slide in the value of a carbon credit? Discuss with respect to India’s energy needs for economic growth.,49.0,insert,,aggregator,,,,,,,,,,,,,,,,,exact,99.6
2014,GS3,b5cbb735-b687-4de5-90cb-3978f48a71a1,,,13,GS3-Q13,,Environmental Impact Assessment studies are increasingly undertaken before a project is cleared by the Government. Discuss the environmental impacts of coal-fired thermal plants located at coal pitheads.,51.4,insert,,aggregator,,,,,,,,,,,,,,,,,exact,100.0
2014,GS3,b5cbb735-b687-4de5-90cb-3978f48a71a1,,,14,GS3-Q14,,"Drought has been recognized as a disaster in view of its spatial expanse, temporal duration, slow onset, and lasting effects on vulnerable sections. With a focus on the September 2010 guidelines from the National Disaster Management Authority (NDMA), discuss the mechanisms for preparedness to deal with likely El Niño and La Niña fallouts in India.",54.1,insert,,aggregator,,,,,,,,,,,,,,,,,exact,99.4
2014,GS3,b5cbb735-b687-4de5-90cb-3978f48a71a1,,,15,GS3-Q15,,"Capitalism has guided the world economy to unprecedented prosperity. However, it often encourages short-sightedness and contributes to wide disparities between the rich and the poor. In this light, would it be correct to believe and adopt capitalism for bringing inclusive growth in India? Discuss.",48.5,insert,,aggregator,,,,,,,,,,,,,,,,,exact,100.0
2014,GS3,b5cbb735-b687-4de5-90cb-3978f48a71a1,,,16,GS3-Q16,,“The diverse nature of India as a multi-religious and multi-ethnic society is not immune to the impact of radicalism which is seen in her neighbourhood.” Discuss along with strategies to be adopted to counter this environment.,49.0,insert,,aggregator,,,,,,,,,,,,,,,,,exact,100.0
2014,GS3,b5cbb735-b687-4de5-90cb-3978f48a71a1,,,17,GS3-Q17,,International civil aviation laws provide all countries complete and exclusive sovereignty over the airspace above their territory. What do you understand by ‘airspace’? What are the implications of these laws on the space above this airspace? Discuss the challenges which this poses and suggest ways to contain the threat.,51.7,insert,,aggregator,,,,,,,,,,,,,,,,,exact,100.0
2014,GS3,b5cbb735-b687-4de5-90cb-3978f48a71a1,,,18,GS3-Q18,,"How does illegal transborder migration pose a threat to India’s security? Discuss the strategies to curb this, bringing out the factors which give impetus to such migration.",53.8,insert,,aggregator,,,,,,,,,,,,,,,,,exact,100.0
2014,GS3,b5cbb735-b687-4de5-90cb-3978f48a71a1,,,19,GS3-Q19,,"In 2012, the longitudinal marking for high-risk areas for piracy was moved from 65 degrees east to 78 degrees east in the Arabian Sea by the International Maritime Organization. What impact does this have on India’s maritime security concerns?",52.3,insert,,aggregator,,,,,,,,,,,,,,,,,exact,100.0
2014,GS3,b5cbb735-b687-4de5-90cb-3978f48a71a1,,,20,GS3-Q20,,China and Pakistan have entered into an agreement for development of an economic corridor. What threat does this pose for India’s security? Critically examine.,46.3,insert,,aggregator,,,,,,,,,,,,,,,,,exact,100.0
2014,GS4,dee30326-920a-40cf-bee0-a5b4c76760f7,61,GS4-Q1a,1,GS4-A-Q1,All human beings aspire for happiness. What does happiness mean to you? Explain its linkage with ethical living.,All human beings aspire for happiness. Do you agree? What does happiness mean to you? Explain with examples.,87.7,keep,true,aggregator,,,,,,,,,,true,,,,,orphan,79.8,exact,100.0
2014,GS4,dee30326-920a-40cf-bee0-a5b4c76760f7,62,GS4-Q1b,,,What do you understand by the terms 'integrity' and 'aptitude'? Can an administrator succeed with aptitude alone without integrity? Argue.,,56.7,delete,true,aggregator,,,,,,,,,,,,,,,orphan,55.0,,
2014,GS4,dee30326-920a-40cf-bee0-a5b4c76760f7,63,GS4-Q2a,,,Discuss the views of Immanuel Kant on duty and categorical imperative. How is it applicable to public service?,,51.9,delete,true,aggregator,,,,,,,,,,,,,,,orphan,51.9,,
2014,GS4,dee30326-920a-40cf-bee0-a5b4c76760f7,64,GS4-Q2b,,,Define empathy and compassion. How do these values differentiate a pro-poor administrator from a status-quoist one?,,47.8,delete,true,aggregator,,,,,,,,,,,,,,,orphan,47.8,,
2014,GS4,dee30326-920a-40cf-bee0-a5b4c76760f7,65,GS4-Q3a,,,"""An independent and strong judiciary is essential for safeguarding individual liberties, but judicial overreach threatens democratic balance."" Discuss the ethical boundaries of judicial intervention.",,47.4,delete,true,aggregator,,,,,,,,,,,,,,,orphan,47.4,,
2014,GS4,dee30326-920a-40cf-bee0-a5b4c76760f7,66,GS4-Q3b,,,What is Citizen's Charter? Discuss its utility and limitations in ensuring time-bound public service delivery.,,55.0,delete,true,aggregator,,,,,,,,,,,,,,,orphan,50.9,,
2014,GS4,dee30326-920a-40cf-bee0-a5b4c76760f7,67,GS4-Q4a,,,Analyze the role of family in inculcating foundational moral values during childhood. Provide examples.,,48.5,delete,true,aggregator,,,,,,,,,,,,,,,orphan,48.5,,
2014,GS4,dee30326-920a-40cf-bee0-a5b4c76760f7,68,GS4-Q4b,,,What is the importance of 'neutrality' and 'non-partisanship' in civil services? Explain the consequences of political alignment of bureaucrats.,,50.0,delete,true,aggregator,,,,,,,,,,,,,,,orphan,50.7,,
2014,GS4,dee30326-920a-40cf-bee0-a5b4c76760f7,69,GS4-Q5a,,,"""The true measure of a society is how it treats its most vulnerable members."" - Mahatma Gandhi. Discuss the ethical rationale of affirmative action in India.",,48.0,delete,true,aggregator,,,,,,,,,,,,,,,orphan,48.0,,
2014,GS4,dee30326-920a-40cf-bee0-a5b4c76760f7,70,GS4-Q5b,,,"""Honesty is the first chapter in the book of wisdom."" - Thomas Jefferson. How does intellectual honesty differ from functional honesty?",,48.4,delete,true,aggregator,,,,,,,,,,,,,,,orphan,48.4,,
2014,GS4,dee30326-920a-40cf-bee0-a5b4c76760f7,71,GS4-Q6,,,Discuss the ethical issues involved in the commercialization of healthcare services in India. Suggest remedies.,,50.5,delete,true,aggregator,,,,,,,,,,,,,,,orphan,51.4,,
2014,GS4,dee30326-920a-40cf-bee0-a5b4c76760f7,72,GS4-Q7,,,Public verification and declaration of assets by politicians and senior bureaucrats has improved governance. Evaluate.,,47.4,delete,true,aggregator,,,,,,,,,,,,,,,orphan,48.3,,
2014,GS4,dee30326-920a-40cf-bee0-a5b4c76760f7,73,GS4-Q8,,,"Supposing you are the Officer-in-Charge of a central procurement department which has invited global tenders for a highly advanced radar defense system. The procurement process is in its final evaluation stage. You are under intense pressure from the ministry to wrap up the contract quickly due to escalating border tensions. Your technical expert committee has evaluated the bids and shortlisted two foreign defense manufacturers, Company X and Company Y. Company X has quoted the lowest price (L1) and complies with all basic tender conditions. However, your intelligence desk provides you with a highly confidential report stating that Company X has a history of installing encrypted spyware 'backdoors' in its electronic systems, which could allow foreign intelligence agencies to access sensitive national defense communication data. Company Y is technically superior, has a pristine security record, but its bid is 15% more expensive than Company X. If you award the contract to Company X, you save millions of dollars of public money and satisfy the ministry's demand for speed. If you select Company Y, you protect national security but face allegations of financial favoritism, audit objections, and delays. (a) What are the ethical challenges and administrative conflicts in this case? (b) How would you proceed to resolve this dilemma?",,48.1,delete,true,aggregator,,,,,,,,,,,,,,,orphan,45.2,,
2014,GS4,dee30326-920a-40cf-bee0-a5b4c76760f7,74,GS4-Q9,,,"You are a senior administrative officer posted as the Commissioner of a Municipal Corporation in a major metropolitan city. The city has seen a massive surge in unauthorized, illegal multistory commercial constructions on public land, heavily encroaching upon pedestrian pathways and narrowing public roads. These constructions are owned by highly influential local businessmen who have strong political connections across party lines. The local high court passes a strict, unambiguous order directing the Municipal Corporation to demolish all unauthorized commercial structures within 30 days and submit a compliance report. As you prepare for the demolition drive, a delegation of the local traders' association meets you. They argue that a sudden demolition will wipe out their livelihoods, cause massive job losses for thousands of poor workers employed in these shops, and trigger a severe local economic crisis. Simultaneously, the ruling party's local Member of Legislative Assembly (MLA) calls you and strongly advises you to delay the demolition drive, suggesting that a law and order crisis could erupt. He hints that if you proceed aggressively, he will ensure your immediate transfer to an insignificant posting. (a) Discuss the ethical dilemmas faced by the Municipal Commissioner. (b) Outline a comprehensive strategy to execute the court's order while minimizing social and economic disruptions.",,47.0,delete,true,aggregator,,,,,,,,,,,,,,,orphan,44.9,,
2014,GS4,dee30326-920a-40cf-bee0-a5b4c76760f7,75,GS4-Q10,,,"You are heading a central government task force designed to evaluate and streamline the implementation of a flagship national rural employment and poverty alleviation program. During field audits in an economically depressed district, you discover a systematic nexus between local block-level bureaucrats, village panchayat heads, and private contractors. They are using advanced tech-loopholes to create hundreds of 'ghost beneficiaries' (fake accounts) and diverting millions of rupees meant for poor daily-wage laborers into private bank accounts. When you prepare to launch a formal criminal investigation against the corrupt network, the local member of Parliament (MP) calls you for a private meeting. He tells you that the village panchayat heads involved belong to a highly influential dominant community whose political support is absolutely vital for the survival of the state government in the upcoming assembly elections. He warns you that a major scandal at this juncture will cause massive political instability, disrupt the ongoing implementation of other welfare schemes, and could trigger caste-based violence in the district. He requests you to submit a diluted evaluation report focusing on technical glitches rather than administrative corruption, promising you a prestigious promotion to a central ministry in return. (a) Identify the ethical conflicts in this scenario. (b) What course of action will you adopt, and how will you justify it against the pressures of political stability?",,48.4,delete,true,aggregator,,,,,,,,,,,,,,,orphan,45.1,,
2014,GS4,dee30326-920a-40cf-bee0-a5b4c76760f7,76,GS4-Q11,,,"You are a senior officer in the Ministry of Environment and Forests. A public sector power infrastructure company has applied for clearance to clear 500 hectares of pristine, dense biodiversity-rich forest land to construct a massive hydroelectric power dam project. The project is critical for providing electricity to a power-starved region, will boost industrial growth, and create thousands of jobs. However, the environmental impact assessment (EIA) report indicates that the dam will permanently submerge the natural habitat of several endangered wildlife species and displace over 10,000 indigenous tribal people who have lived in those forests for generations. The tribal communities are protesting intensely, stating that the forest is their spiritual and economic life-blood, and they refuse to accept any relocation package. The corporate lobby and top government authorities are putting immense pressure on you to sign off on the clearance, arguing that regional development and national economic growth cannot be held hostage to environmental concerns and localized tribal displacement. (a) Evaluate the ethical trade-offs between developmental imperatives and ecological/indigenous preservation. (b) As the clearing officer, what balanced framework would you propose to resolve this conflict?",,48.2,delete,true,aggregator,,,,,,,,,,,,,,,orphan,45.8,,
2014,GS4,dee30326-920a-40cf-bee0-a5b4c76760f7,77,GS4-Q12,,,"You are a dynamic young doctor who has recently been appointed as the Medical Superintendent of a large, state-run government hospital in a semi-urban district. The hospital is the only affordable healthcare facility for millions of poor patients in the region. Upon taking charge, you discover a deeply entrenched, unethical practice involving several senior doctors of your hospital. These doctors systematically neglect their duties in the government hospital, frequently skipping operations and OPD sessions, to run highly lucrative private clinics nearby. They deliberately mislead affluent or desperate patients into visiting their private clinics, charging heavy fees. Furthermore, you find that the hospital is facing an artificial shortage of vital diagnostic equipment and life-saving medicines because the administrative staff is deliberately leaking inventory to local private pharmacies for kickbacks. When you issue show-cause notices to the corrupt doctors, they unite against you. They command a powerful union and threaten to go on an indefinite strike, completely shutting down the hospital's emergency and trauma services, which will result in the immediate deaths of many critical patients. The local media and political leaders advise you to maintain the status quo, stating that fighting the doctors' union will destroy your career and jeopardize patient lives. (a) Analyze the ethical dilemma faced by the Medical Superintendent. (b) Formulate an action plan to eradicate this institutional corruption without putting patient safety at immediate risk.",,48.1,delete,true,aggregator,,,,,,,,,,,,,,,orphan,45.1,,
2014,GS4,dee30326-920a-40cf-bee0-a5b4c76760f7,78,GS4-Q13,,,"You are a senior officer working in the national drug regulatory authority. A highly reputable domestic pharmaceutical company has developed a new, low-cost drug for treating a rare, terminal type of pediatric cancer that kills thousands of poor children in India every year. The drug has shown extremely promising results in initial phases of clinical trials. However, during a routine compliance audit of the phase-III trial data, your team discovers that the company has committed serious procedural and ethical violations. They bypassed the strict informed consent protocols for several trial subjects from marginalized socio-economic backgrounds and suppressed data regarding mild-to-moderate long-term hepatic side effects in a small percentage of patients. The company management approaches you, admitting the procedural lapses but pleading for a cover-up or a conditional fast-track approval. They argue that stalling the drug's launch for a fresh round of trials will take at least three years, double the production cost, and result in the preventable deaths of thousands of poor children who cannot afford the highly expensive imported alternatives. (a) What are the ethical dilemmas and professional conflicts in this case? (b) As a regulatory officer, what decision would you take, and how would you justify it?",,48.3,delete,true,aggregator,,,,,,,,,,,,,,,orphan,45.2,,
2014,GS4,dee30326-920a-40cf-bee0-a5b4c76760f7,,,2,GS4-B-Q1,,"Now-a-days, there is an increasing thrust on economic development all around the globe. At the same time, there is also an increasing concern about environmental degradation caused by development. Many a time, we face a direct conflict between developmental activity and environmental quality. It is neither feasible to stop or curtail the developmental process, nor it is advisable to keep degrading the environment, as it threatens our very survival. Discuss some feasible strategies which could be adopted to eliminate this conflict and which could lead to sustainable development.",48.2,insert,,aggregator,,,,,,,,,,,,,,,,,exact,100.0
2014,GS4,dee30326-920a-40cf-bee0-a5b4c76760f7,,,3,GS4-A-Q2,,What does ethics seek to promote in human life? Why is it all the more important in public administration?,50.5,insert,,aggregator,,,,,,,,,,,,,,,,,exact,100.0
2014,GS4,dee30326-920a-40cf-bee0-a5b4c76760f7,,,4,GS4-B-Q2,,"Suppose one of your close friends, who is also aspiring for civil services, comes to you for discussing some of the issues related to ethical conduct in public service. He raises the following points : (i) In the present times, when unethical environment is quite prevalent, individual attempts to stick to ethical principles may cause a lot of problems in one's career. It may also cause hardship to the family members as well as risk to one's life. Why should we not be pragmatic and follow the path of least resistance, and be happy with doing whatever good we can? (ii) When so many people are adopting wrong means and are grossly harming the system, what difference would it make if only a small minority tries to be ethical? They are going to be rather ineffective and are bound to get frustrated. (iii) If we become fussy about ethical considerations, will it not hamper the economic progress of our country? After all, in the present age of high competition, we cannot afford to be left behind in the race of development. (iv) It is understandable that we should not get involved in grossly unethical practices, but giving and accepting small gratifications and doing small favours increases everybody's motivation. It also makes the system more efficient. What is wrong in adopting such practices? Critically analyze the above viewpoints. On the basis of this analysis, what will be your advice to your friend?",50.9,insert,,aggregator,,,,,,,,,,,,,,,,,exact,99.9
2014,GS4,dee30326-920a-40cf-bee0-a5b4c76760f7,,,5,GS4-A-Q3,,"In the context of defence services, ‘patriotism’ demands readiness to even lay down one’s life in protecting the nation. According to you, what does patriotism imply in everyday civil life? Explain with illustrations and justify your answer.",49.4,insert,,aggregator,,,,,,,,,,,,,,,,,exact,100.0
2014,GS4,dee30326-920a-40cf-bee0-a5b4c76760f7,,,6,GS4-B-Q3,,"You are a no-nonsense, honest officer. You have been transferred to a remote district to head a department that is notorious for its inefficiency and callousness. You find that the main cause of the poor state of affairs is the indiscipline of a section of employees. They do not work themselves and also disrupt the working of others. You first warned the troublemakers to mend their ways or else face disciplinary action. When the warning had little effect, you issued a show cause notice to the ringleaders. As a retaliatory measure, these troublemakers instigated a woman employee amongst them to file a complaint of sexual harassment against you with the Women's Commission. The Commission promptly seeks your explanation. The matter is also publicized in the media to embarrass you further. Some of the options to handle this situation could be as follows : (i) Give your explanation to the Commission and go soft on the disciplinary action. (ii) Ignore the Commission and proceed firmly with the disciplinary action. (iii) Brief your higher-ups, seek directions from them and act accordingly. Suggest any other possible option(s). Evaluate all of them and suggest the best course of action, giving your reasons for it.",48.5,insert,,aggregator,,,,,,,,,,,,,,,,,exact,99.6
2014,GS4,dee30326-920a-40cf-bee0-a5b4c76760f7,,,7,GS4-A-Q4,,What do you understand by ‘probity’ in public life? What are the difficulties in practicing it in the present times? How can these difficulties be overcome?,54.9,insert,,aggregator,,,,,,,,,,,,,,,,,exact,100.0
2014,GS4,dee30326-920a-40cf-bee0-a5b4c76760f7,,,8,GS4-B-Q4,,"Suppose you are the CEO of a company that manufactures specialized electronic equipment used by a government department. You have submitted your bid for the supply of this equipment to the department. Both the quality and cost of your offer are better than those of the competitors. Yet the concerned officer is demanding a hefty bribe for approving the tender. Getting the order is important both for you and for your company. Not getting the order would mean closing a production line. It may also affect your own career. However, as a value-conscious person, you do not want to give bribe. Valid arguments can be advanced both for giving the bribe and getting the order, and for refusing to pay the bribe and risking the loss of the order. What those arguments could be? Could there be any better way to get out of this dilemma? If so, outline the main elements of this third way, pointing out its merits.",47.1,insert,,aggregator,,,,,,,,,,,,,,,,,exact,99.7
2014,GS4,dee30326-920a-40cf-bee0-a5b4c76760f7,,,9,GS4-A-Q5,,"Integrity without knowledge is weak and useless, but knowledge without integrity is dangerous and dreadful. What do you understand by this statement? Explain your stand with illustrations from the modern context.",56.7,insert,,aggregator,,,,,,,,,,,,,,,,,exact,100.0
2014,GS4,dee30326-920a-40cf-bee0-a5b4c76760f7,,,10,GS4-B-Q5,,"Rameshwar successfully cleared the prestigious civil services examination and was excited about the opportunity that he would get through the civil services to serve the country. However, soon after joining the services, he realized that things are not as rosy as he had imagined. He found a number of malpractices prevailing in the department assigned to him. For example, funds under various schemes and grants were being misappropriated. The official facilities were frequently being used for personal needs by the officers and staff. After some time, he noticed that the process of recruiting the staff was also not up to the mark. Prospective candidates were required to write an examination in which a lot of cheating was going on. Some candidates were provided external help in the examination. Rameshwar brought these incidents to the notice of his seniors. However, he was advised to keep his eyes, ears and mouth shut and ignore all these things which were taking place with the connivance of the higher-ups. Rameshwar felt highly disillusioned and uncomfortable. He comes to you seeking your advice. Indicate various options that you think are available in this situation. How would you help him to evaluate these options and choose the most appropriate path to be adopted?",48.6,insert,,aggregator,,,,,,,,,,,,,,,,,exact,100.0
2014,GS4,dee30326-920a-40cf-bee0-a5b4c76760f7,,,11,GS4-A-Q6,,"""Human beings should always be treated as ‘ends’ in themselves and never as merely 'means'."" Explain the meaning and significance of this statement, giving its implications in the modern techno-economic society.",51.4,insert,,aggregator,,,,,,,,,,,,,,,,,exact,100.0
2014,GS4,dee30326-920a-40cf-bee0-a5b4c76760f7,,,12,GS4-B-Q6,,"In our country, the migration of rural people to towns and cities is increasing drastically. This is causing serious problems both in the rural as well as in the urban areas. In fact, things are becoming really unmanageable. Can you analyze this problem in detail and indicate not only the socio-economic but also the emotional and attitudinal factors responsible for this problem? Also, distinctly bring out why— (a) educated rural youth are trying to shift to urban areas; (b) landless poor people are migrating to urban slums; (c) even some farmers are selling off their land and trying to settle in urban areas taking up petty jobs. What feasible steps can you suggest which will be effective in controlling this serious problem of our country?",48.5,insert,,aggregator,,,,,,,,,,,,,,,,,orphan,80.0
2014,GS4,dee30326-920a-40cf-bee0-a5b4c76760f7,,,13,GS4-A-Q7,,"Which eminent personality has inspired you the most in the context of ethical conduct in life? Give the gist of his/her teachings. Giving specific examples, describe how you have been able to apply these teachings for your own ethical development.",49.5,insert,,aggregator,,,,,,,,,,,,,,,,,exact,100.0
2014,GS4,dee30326-920a-40cf-bee0-a5b4c76760f7,,,14,GS4-A-Q8,,"There is a heavy ethical responsibility on the public servants because they occupy positions of power, handle huge amounts of public funds, and their decisions have wide-ranging impact on society and environment. What steps have you taken to improve your ethical competence to handle such responsibility?",48.1,insert,,aggregator,,,,,,,,,,,,,,,,,exact,100.0
2014,GS4,dee30326-920a-40cf-bee0-a5b4c76760f7,,,15,GS4-A-Q9,,The current society is plagued with widespread trust-deficit. What are the consequences of this situation for personal well-being and for societal well-being? What can you do at the personal level to make yourself trustworthy?,47.8,insert,,aggregator,,,,,,,,,,,,,,,,,exact,100.0
2014,GS4,dee30326-920a-40cf-bee0-a5b4c76760f7,,,16,GS4-A-Q10,,"It is often said that poverty leads to corruption. However, there is no dearth of instances where affluent and powerful people indulge in corruption in a big way. What are the basic causes of corruption among people? Support your answer with examples.",47.6,insert,,aggregator,,,,,,,,,,,,,,,,,exact,100.0
2014,GS4,dee30326-920a-40cf-bee0-a5b4c76760f7,,,17,GS4-A-Q11,,"What factors affect the formation of a person’s attitude towards social problems? In our society, contrasting attitudes are prevalent about many social problems. What contrasting attitudes do you notice about the caste system in our society? How do you explain the existence of these contrasting attitudes?",47.7,insert,,aggregator,,,,,,,,,,,,,,,,,exact,100.0
2014,GS4,dee30326-920a-40cf-bee0-a5b4c76760f7,,,18,GS4-A-Q12,,What does 'accountability' mean in the context of public service? What measures can be adopted to ensure individual and collective accountability of public servants?,55.0,insert,,aggregator,,,,,,,,,,,,,,,,,exact,100.0
2014,GS4,dee30326-920a-40cf-bee0-a5b4c76760f7,,,19,GS4-A-Q13,,"We are witnessing increasing instances of sexual violence against women in the country. Despite existing legal provisions against it, the number of such incidences is on the rise. Suggest some innovative measures to tackle this menace.",49.5,insert,,aggregator,,,,,,,,,,,,,,,,,exact,100.0
2015,GS1,daca2e9f-012e-46fc-8b10-b6df340b4200,21,GS1-Q1,1,GS1-Q1,"The ancient civilization in India differed from those of Egypt, Mesopotamia and Greece in that its culture and traditions have been preserved without a breakdown to the present day. Comment.","The ancient civilization in Indian sub-continent differed from those of Egypt, Mesopotamia and Greece in that its culture and traditions have been preserved without a breakdown to the present day. Comment.",92.0,keep,true,aggregator,,,,,,,,,,,,,,,,,,
2015,GS1,daca2e9f-012e-46fc-8b10-b6df340b4200,22,GS1-Q2,2,GS1-Q2,Mesolithic rock cut architecture of India not only reflects the cultural life of the times but also a fine aesthetic sense comparable to modern painting. Critically evaluate this view.,Mesolithic rock-cut architecture of India not only reflects the cultural life of the times but also has a fine aesthetic sense comparable to modern painting. Critically evaluate this comment.,97.8,keep,true,aggregator,,,,,,,,,,,,,,,,,,
2015,GS1,daca2e9f-012e-46fc-8b10-b6df340b4200,23,GS1-Q3,3,GS1-Q3,How different would have been the achievement of Indian Independence without Mahatma Gandhi? Discuss.,How different would have been the achievement of Indian independence without Mahatma Gandhi? Discuss.,100.0,keep,true,aggregator,,,,,,,,,,,,,,,,,,
2015,GS1,daca2e9f-012e-46fc-8b10-b6df340b4200,24,GS1-Q4,,,Mahatma Gandhi and Subhash Chandra Bose had differing views on how to achieve Indian independence. Analyze.,,57.3,delete,true,aggregator,,,,,,,,,,,,,,,,,,
2015,GS1,daca2e9f-012e-46fc-8b10-b6df340b4200,25,GS1-Q5,7,GS1-Q7,Why did the industrial revolution first occur in Great Britain? Discuss the quality of life of the people there during the industrialization.,Why did the industrial revolution first occur in England? Discuss the quality of life of the people there during the industrialization. How does it compare with that in India at present?,94.9,keep,true,aggregator,,,,,,,,,,,,,,,,,,
2015,GS1,daca2e9f-012e-46fc-8b10-b6df340b4200,26,GS1-Q6,,,To what extent can the economic reforms of 1991 be linked to the changing profile of urban spaces in India?,,52.4,delete,true,aggregator,,,,,,,,,,,,,,,,,,
2015,GS1,daca2e9f-012e-46fc-8b10-b6df340b4200,27,GS1-Q7,10,GS1-Q10,Critically examine the effects of globalization on the aged population in India.,Critically examine whether growing population is the cause of poverty or poverty is the main cause of population increase in India.,65.6,review,true,aggregator,,,,,,,,,,,,,,,,,,
2015,GS1,daca2e9f-012e-46fc-8b10-b6df340b4200,28,GS1-Q8,,,How does patriarchy manifest itself in the daily lives of women in India?,,51.8,delete,true,aggregator,,,,,,,,,,,,,,,,,,
2015,GS1,daca2e9f-012e-46fc-8b10-b6df340b4200,29,GS1-Q9,20,GS1-Q20,What are the socio-economic impacts of the growing informal sector in urban India?,What are the economic significances of discovery of oil in Arctic Sea and its possible environmental consequences?,60.3,review,true,aggregator,,,,,,,,,,,,,,,,,,
2015,GS1,daca2e9f-012e-46fc-8b10-b6df340b4200,30,GS1-Q10,19,GS1-Q19,Discuss the major factors responsible for the origin and intensity of tropical cyclones.,"Explain the factors responsible for the origin of ocean currents. How do they influence regional climates, fishing, and navigation?",68.1,review,true,aggregator,,,,,,,,,,,,,,,,,,
2015,GS1,daca2e9f-012e-46fc-8b10-b6df340b4200,31,GS1-Q11,,,Explain the significance of the geological structures of India in determining its mineral resource base.,,53.6,delete,true,aggregator,,,,,,,,,,,,,,,,,,
2015,GS1,daca2e9f-012e-46fc-8b10-b6df340b4200,32,GS1-Q12,,,What is the concept of smart cities? How can it help in managing the urban crisis in India?,,55.2,delete,true,aggregator,,,,,,,,,,,,,,,,,,
2015,GS1,daca2e9f-012e-46fc-8b10-b6df340b4200,33,GS1-Q13,,,Examine the geographic distribution of iron and steel industries in India. What factors are driving their location patterns?,,51.6,delete,true,aggregator,,,,,,,,,,,,,,,,,,
2015,GS1,daca2e9f-012e-46fc-8b10-b6df340b4200,34,GS1-Q14,,,Describe the main climatic characteristics of the Mediterranean region and explain its agricultural importance.,,49.3,delete,true,aggregator,,,,,,,,,,,,,,,,,,
2015,GS1,daca2e9f-012e-46fc-8b10-b6df340b4200,35,GS1-Q15,,,What are the causes and consequences of the melting of Arctic ice on global geopolitics and climate change?,,53.3,delete,true,aggregator,,,,,,,,,,,,,,,,,,
2015,GS1,daca2e9f-012e-46fc-8b10-b6df340b4200,36,GS1-Q16,,,Evaluate the role of the press in the Indian national movement from the late nineteenth century onwards.,,56.3,delete,true,aggregator,,,,,,,,,,,,,,,,,,
2015,GS1,daca2e9f-012e-46fc-8b10-b6df340b4200,37,GS1-Q17,,,Discuss the geopolitical implications of the decolonization process in Asia after the Second World War.,,59.6,delete,true,aggregator,,,,,,,,,,,,,,,,,,
2015,GS1,daca2e9f-012e-46fc-8b10-b6df340b4200,38,GS1-Q18,,,How has the caste system in India adapted to the forces of modernization and secularization?,,56.0,delete,true,aggregator,,,,,,,,,,,,,,,,,,
2015,GS1,daca2e9f-012e-46fc-8b10-b6df340b4200,39,GS1-Q19,,,Explain the relationship between poverty and environmental degradation in the context of developing nations like India.,,54.2,delete,true,aggregator,,,,,,,,,,,,,,,,,,
2015,GS1,daca2e9f-012e-46fc-8b10-b6df340b4200,40,GS1-Q20,,,What is El Nino? Explain its impact on the Indian monsoon and agricultural productivity.,,51.5,delete,true,aggregator,,,,,,,,,,,,,,,,,,
2015,GS1,daca2e9f-012e-46fc-8b10-b6df340b4200,,,4,GS1-Q4,,"Mahatma Gandhi and Dr. B. R. Ambedkar, despite having divergent approaches and strategies, had a common goal of amelioration of the downtrodden. Elucidate.",54.8,insert,,aggregator,,,,,,,,,,,,,,,,,,
2015,GS1,daca2e9f-012e-46fc-8b10-b6df340b4200,,,5,GS1-Q5,,"It would have been difficult for the Constituent Assembly to complete its historic task of drafting the Constitution for Independent India in just three years but for the experience gained with the Government of India Act, 1935. Discuss.",50.9,insert,,aggregator,,,,,,,,,,,,,,,,,,
2015,GS1,daca2e9f-012e-46fc-8b10-b6df340b4200,,,6,GS1-Q6,,To what extent can Germany be held responsible for causing the two World Wars? Discuss critically.,51.1,insert,,aggregator,,,,,,,,,,,,,,,,,,
2015,GS1,daca2e9f-012e-46fc-8b10-b6df340b4200,,,8,GS1-Q8,,Describe any four cultural elements of diversity in India and rate their relative significance in building a national identity.,49.6,insert,,aggregator,,,,,,,,,,,,,,,,,,
2015,GS1,daca2e9f-012e-46fc-8b10-b6df340b4200,,,9,GS1-Q9,,Debate the issue of whether and how contemporary movements for assertion of Dalit identity work towards annihilation of caste.,56.3,insert,,aggregator,,,,,,,,,,,,,,,,,,
2015,GS1,daca2e9f-012e-46fc-8b10-b6df340b4200,,,11,GS1-Q11,,"Mumbai, Delhi and Kolkata are the three mega cities of the country but the air pollution is much more serious problem in Delhi as compared to the other two. Why is this so?",50.6,insert,,aggregator,,,,,,,,,,,,,,,,,,
2015,GS1,daca2e9f-012e-46fc-8b10-b6df340b4200,,,12,GS1-Q12,,Smart cities in India cannot sustain without smart villages. Discuss this statement in the backdrop of rural-urban integration.,49.3,insert,,aggregator,,,,,,,,,,,,,,,,,,
2015,GS1,daca2e9f-012e-46fc-8b10-b6df340b4200,,,13,GS1-Q13,,Discuss the changes in the trends of labour migration within and outside India in the last four decades.,54.8,insert,,aggregator,,,,,,,,,,,,,,,,,,
2015,GS1,daca2e9f-012e-46fc-8b10-b6df340b4200,,,14,GS1-Q14,,Discuss the positive and negative effects of globalization on women in India.,64.9,insert,,aggregator,,,,,,,,,,,,,,,,,,
2015,GS1,daca2e9f-012e-46fc-8b10-b6df340b4200,,,15,GS1-Q15,,How do you explain the statistics that show that the sex ratio in Tribes in India is more favourable to women than the sex ratio among Scheduled Castes?,56.0,insert,,aggregator,,,,,,,,,,,,,,,,,,
2015,GS1,daca2e9f-012e-46fc-8b10-b6df340b4200,,,16,GS1-Q16,,"The states of Jammu and Kashmir, Himachal Pradesh, and Uttarakhand are reaching the limits of their ecological carrying capacity due to tourism. Critically evaluate.",53.6,insert,,aggregator,,,,,,,,,,,,,,,,,,
2015,GS1,daca2e9f-012e-46fc-8b10-b6df340b4200,,,17,GS1-Q17,,How far do you agree that the behaviour of the Indian monsoon has been changing due to humanizing landscapes? Discuss.,52.4,insert,,aggregator,,,,,,,,,,,,,,,,,,
2015,GS1,daca2e9f-012e-46fc-8b10-b6df340b4200,,,18,GS1-Q18,,India is well endowed with fresh water resources. Critically examine why it still suffers from water scarcity.,49.3,insert,,aggregator,,,,,,,,,,,,,,,,,,
2015,GS2,d332fcad-6750-4542-af0a-3f203f819096,41,GS2-Q1,,,Discuss the power of the Governor to promulgate ordinances. Is it a circumvention of the legislative process? Examine.,,58.3,delete,true,aggregator,,,,,,,,,,,,,,,,,,
2015,GS2,d332fcad-6750-4542-af0a-3f203f819096,42,GS2-Q2,,,The Speaker of the Lok Sabha holds a position of great authority. Discuss the challenges to neutrality in the functioning of the Speaker.,,48.7,delete,true,aggregator,,,,,,,,,,,,,,,,,,
2015,GS2,d332fcad-6750-4542-af0a-3f203f819096,43,GS2-Q3,,,What are statutory bodies? Explain the role of the National Green Tribunal (NGT) in environmental governance in India.,,51.8,delete,true,aggregator,,,,,,,,,,,,,,,,,,
2015,GS2,d332fcad-6750-4542-af0a-3f203f819096,44,GS2-Q4,,,Examine the significance of the 14th Finance Commission recommendations in promoting fiscal federalism in India.,,49.8,delete,true,aggregator,,,,,,,,,,,,,,,,,,
2015,GS2,d332fcad-6750-4542-af0a-3f203f819096,45,GS2-Q5,,,"The Right to Education (RTE) Act has expanded access to education, but quality remains a challenge. Discuss.",,51.7,delete,true,aggregator,,,,,,,,,,,,,,,,,,
2015,GS2,d332fcad-6750-4542-af0a-3f203f819096,46,GS2-Q6,,,Analyze the role of Information Technology in improving public service delivery through the Digital India initiative.,,48.3,delete,true,aggregator,,,,,,,,,,,,,,,,,,
2015,GS2,d332fcad-6750-4542-af0a-3f203f819096,47,GS2-Q7,,,Evaluate the impact of civil society organizations on policy formulation in India with suitable examples.,,55.3,delete,true,aggregator,,,,,,,,,,,,,,,,,,
2015,GS2,d332fcad-6750-4542-af0a-3f203f819096,48,GS2-Q8,,,Discuss the implications of the rising out-of-pocket expenditure on health for the poor sections of society in India.,,54.2,delete,true,aggregator,,,,,,,,,,,,,,,,,,
2015,GS2,d332fcad-6750-4542-af0a-3f203f819096,49,GS2-Q9,,,"""India's 'Look West' policy needs a strategic reorientation in the light of current West Asian conflicts."" Discuss.",,50.5,delete,true,aggregator,,,,,,,,,,,,,,,,,,
2015,GS2,d332fcad-6750-4542-af0a-3f203f819096,50,GS2-Q10,,,Explain the structure and mandates of the International Court of Justice (ICJ). What are its limitations?,,50.5,delete,true,aggregator,,,,,,,,,,,,,,,,,,
2015,GS2,d332fcad-6750-4542-af0a-3f203f819096,51,GS2-Q11,,,Examine the basic structure doctrine as enunciated by the Supreme Court. How has it acted as a safety valve for the Indian Constitution?,,53.0,delete,true,aggregator,,,,,,,,,,,,,,,,,,
2015,GS2,d332fcad-6750-4542-af0a-3f203f819096,52,GS2-Q12,,,Discuss the constitutional safeguards available to civil servants in India under Article 311. Are they overprotective?,,51.0,delete,true,aggregator,,,,,,,,,,,,,,,,,,
2015,GS2,d332fcad-6750-4542-af0a-3f203f819096,53,GS2-Q13,,,The system of checks and balances is essential for a vibrant democracy. Discuss the relationship between the Judiciary and the Legislature in India in this regard.,,54.0,delete,true,aggregator,,,,,,,,,,,,,,,,,,
2015,GS2,d332fcad-6750-4542-af0a-3f203f819096,54,GS2-Q14,,,Analyze the challenges faced by the cooperative sector in India and suggest steps to revitalize it for agrarian welfare.,,52.9,delete,true,aggregator,,,,,,,,,,,,,,,,,,
2015,GS2,d332fcad-6750-4542-af0a-3f203f819096,55,GS2-Q15,,,What are citizen charters? Evaluate their effectiveness in improving accountability and responsiveness in government offices.,,48.0,delete,true,aggregator,,,,,,,,,,,,,,,,,,
2015,GS2,d332fcad-6750-4542-af0a-3f203f819096,56,GS2-Q16,,,"""The performance of welfare schemes for vulnerable sections is marred by administrative inefficiencies and corruption."" Critically discuss.",,53.2,delete,true,aggregator,,,,,,,,,,,,,,,,,,
2015,GS2,d332fcad-6750-4542-af0a-3f203f819096,57,GS2-Q17,,,Examine the role of the Central Vigilance Commission (CVC) in tackling corruption in public administration.,,51.0,delete,true,aggregator,,,,,,,,,,,,,,,,,,
2015,GS2,d332fcad-6750-4542-af0a-3f203f819096,58,GS2-Q18,,,Discuss the strategic importance of the India-US civil nuclear deal and its impact on India's global energy diplomacy.,,51.9,delete,true,aggregator,,,,,,,,,,,,,,,,,,
2015,GS2,d332fcad-6750-4542-af0a-3f203f819096,59,GS2-Q19,,,Analyze the role and limitations of SAARC as an regional organization for South Asian integration.,,51.5,delete,true,aggregator,,,,,,,,,,,,,,,,,,
2015,GS2,d332fcad-6750-4542-af0a-3f203f819096,60,GS2-Q20,,,What are the major structural reforms needed in the global financial institutions like the World Bank and IMF to represent developing nations effectively?,,51.7,delete,true,aggregator,,,,,,,,,,,,,,,,,,
2015,GS2,d332fcad-6750-4542-af0a-3f203f819096,,,1,GS2-Q1,,Discuss the possible factors that inhibit India from enacting for its citizen a uniform civil code as provided for in the Directive Principles of State Policy.,52.8,insert,,aggregator,,,,,,,,,,,,,,,,,,
2015,GS2,d332fcad-6750-4542-af0a-3f203f819096,,,2,GS2-Q2,,Does the right to clean environment entail legal regulations on burning crackers during Diwali? Discuss in the light of Article 21 of the Indian Constitution and Judgement(s) of the Apex Court in this regard.,51.7,insert,,aggregator,,,,,,,,,,,,,,,,,,
2015,GS2,d332fcad-6750-4542-af0a-3f203f819096,,,3,GS2-Q3,,The concept of cooperative federalism has been increasingly emphasized in recent years. Highlight the drawbacks in the existing structure and the extent to which cooperative federalism would answer the shortcomings.,50.0,insert,,aggregator,,,,,,,,,,,,,,,,,,
2015,GS2,d332fcad-6750-4542-af0a-3f203f819096,,,4,GS2-Q4,,"In absence of a well-educated and organized local level government system, 'Panchayats' and 'Samitis' have remained mainly political institutions and not effective instruments of governance. Critically discuss.",51.8,insert,,aggregator,,,,,,,,,,,,,,,,,,
2015,GS2,d332fcad-6750-4542-af0a-3f203f819096,,,5,GS2-Q5,,"Resorting to ordinances has always raised concern on violation of the spirit of separation of powers doctrine. While noting the rationales justifying the power to promulgate ordinances, analyze whether the decisions of the Supreme Court on the issue have further facilitated resorting to this power. Should the power to promulgate ordinances be repealed?",58.3,insert,,aggregator,,,,,,,,,,,,,,,,,,
2015,GS2,d332fcad-6750-4542-af0a-3f203f819096,,,6,GS2-Q6,,"“If amendment bill to the Whistleblowers Act, 2011 tabled in the Parliament is passed, there may be no one left to protect.” Critically evaluate.",47.1,insert,,aggregator,,,,,,,,,,,,,,,,,,
2015,GS2,d332fcad-6750-4542-af0a-3f203f819096,,,7,GS2-Q7,,"Khap Panchayats have been in the news for functioning as extra-constitutional authorities, often delivering pronouncements amounting to human rights violations. Discuss critically the actions taken by the legislative, executive and the judiciary to set the things right in this regard.",54.0,insert,,aggregator,,,,,,,,,,,,,,,,,,
2015,GS2,d332fcad-6750-4542-af0a-3f203f819096,,,8,GS2-Q8,,"What are the major changes brought in the Arbitration and Conciliation Act, 1996 through the recent Ordinance promulgated by the President? How far will it improve India’s dispute resolution mechanism? Discuss.",51.7,insert,,aggregator,,,,,,,,,,,,,,,,,,
2015,GS2,d332fcad-6750-4542-af0a-3f203f819096,,,9,GS2-Q9,,"For achieving the desired objectives, it is necessary to ensure that regulatory institutions remain independent and autonomous. Discuss in the light of experiences in recent past.",50.5,insert,,aggregator,,,,,,,,,,,,,,,,,,
2015,GS2,d332fcad-6750-4542-af0a-3f203f819096,,,10,GS2-Q10,,"Examine critically the recent changes in the rule governing foreign funding of NGOs under the Foreign Contribution (Regulation) Act (FCRA), 1976.",50.0,insert,,aggregator,,,,,,,,,,,,,,,,,,
2015,GS2,d332fcad-6750-4542-af0a-3f203f819096,,,11,GS2-Q11,,"The Self-Help Group (SHG) Bank Linkage Program (SBLP), which is India’s own innovation, has proved to be one of the most effective poverty alleviation and women empowerment programmes. Elucidate.",48.0,insert,,aggregator,,,,,,,,,,,,,,,,,,
2015,GS2,d332fcad-6750-4542-af0a-3f203f819096,,,12,GS2-Q12,,"How can the role of NGOs be strengthened in India for development works relating to the protection of the environment? Discuss, throwing light on the major constraints.",51.7,insert,,aggregator,,,,,,,,,,,,,,,,,,
2015,GS2,d332fcad-6750-4542-af0a-3f203f819096,,,13,GS2-Q13,,The quality of higher education in India requires major improvements to make it internationally competitive. Do you think that the entry of foreign educational institutions would help improve the quality of higher and technical education in the country? Discuss.,51.5,insert,,aggregator,,,,,,,,,,,,,,,,,,
2015,GS2,d332fcad-6750-4542-af0a-3f203f819096,,,14,GS2-Q14,,Public health system has limitations in providing universal health coverage. Do you think that the private sector could help in bridging the gap? What other viable alternatives would you suggest?,50.9,insert,,aggregator,,,,,,,,,,,,,,,,,,
2015,GS2,d332fcad-6750-4542-af0a-3f203f819096,,,15,GS2-Q15,,"In the light of the Satyam Scandal (2009), discuss the changes brought in corporate governance to ensure transparency and accountability.",48.3,insert,,aggregator,,,,,,,,,,,,,,,,,,
2015,GS2,d332fcad-6750-4542-af0a-3f203f819096,,,16,GS2-Q16,,Project 'Mausam' is considered a unique foreign policy initiative of the Indian Government to improve relationship with its neighbours. Does the project have a strategic dimension? Discuss.,49.4,insert,,aggregator,,,,,,,,,,,,,,,,,,
2015,GS2,d332fcad-6750-4542-af0a-3f203f819096,,,17,GS2-Q17,,Terrorist activities and mutual distrust have clouded India-Pakistan relations. To what extent the use of soft power like sports and cultural exchanges could help generate goodwill between the two countries? Discuss with suitable examples.,55.3,insert,,aggregator,,,,,,,,,,,,,,,,,,
2015,GS2,d332fcad-6750-4542-af0a-3f203f819096,,,18,GS2-Q18,,Discuss the impediments India is facing in its pursuit of a permanent seat in UN Security Council.,54.2,insert,,aggregator,,,,,,,,,,,,,,,,,,
2015,GS2,d332fcad-6750-4542-af0a-3f203f819096,,,19,GS2-Q19,,"Though there have been several different estimates of poverty in India, all indicate reduction in poverty levels over time. Do you agree? Critically examine with reference to urban and rural poverty indicators.",50.0,insert,,aggregator,,,,,,,,,,,,,,,,,,
2015,GS2,d332fcad-6750-4542-af0a-3f203f819096,,,20,GS2-Q20,,Increasing interest of India in Africa has its pros and cons. Critically examine.,53.2,insert,,aggregator,,,,,,,,,,,,,,,,,,
2015,GS3,b5cbb735-b687-4de5-90cb-3978f48a71a1,1,GS3-Q1,1,GS3-Q1,The nature of economic growth in India in recent times is often described as jobless growth. Do you agree with this view? Give arguments in favour of your answer.,The nature of economic growth in India in recent times is often described as jobless growth. Do you agree with this view? Give arguments in favour of your answer.,100.0,keep,true,aggregator,,,,,,,,,,,,,,,,,,
2015,GS3,b5cbb735-b687-4de5-90cb-3978f48a71a1,2,GS3-Q2,4,GS3-Q4,Livestock rearing has a big potential for providing non-farm employment and income in rural areas. Discuss suggesting suitable measures to promote this sector in India.,"Livestock rearing has a big potential for providing non-farm employment and income in rural areas. Discuss, suggesting suitable measures to promote this sector in India.",100.0,keep,true,aggregator,,,,,,,,,,,,,,,,,,
2015,GS3,b5cbb735-b687-4de5-90cb-3978f48a71a1,3,GS3-Q3,3,GS3-Q3,"In view of the declining average size of land holdings in India which has made agriculture non-viable for a majority of farmers, should contract farming and land leasing be promoted in agriculture? Critically evaluate the pros and cons.","In view of the declining average size of land holdings in India, which has made agriculture non–viable for a majority of farmers, should contract farming and land leasing be promoted in agriculture? Critically evaluate the pros and cons.",99.6,keep,true,aggregator,,,,,,,,,,,,,,,,,,
2015,GS3,b5cbb735-b687-4de5-90cb-3978f48a71a1,4,GS3-Q4,5,GS3-Q5,How can the 'Digital India' programme help farmers to improve farm productivity and income? What steps has the Government taken in this regard?,How can the ‘Digital India’ programme help farmers to improve farm productivity and income? What steps has the Government taken in this regard?,100.0,keep,true,aggregator,,,,,,,,,,,,,,,,,,
2015,GS3,b5cbb735-b687-4de5-90cb-3978f48a71a1,5,GS3-Q5,6,GS3-Q6,In what way could replacement of price subsidy with Direct Benefit Transfer (DBT) change the scenario of subsidies in India? Discuss.,In what way could replacement of price subsidy with Direct Benefit Transfer (DBT) change the scenario of subsidies in India? Discuss.,100.0,keep,true,aggregator,,,,,,,,,,,,,,,,,,
2015,GS3,b5cbb735-b687-4de5-90cb-3978f48a71a1,6,GS3-Q6,19,GS3-Q19,What are the impediments in marketing and supply chain management in developing the food processing industry in India? Can e-commerce help in overcoming these bottlenecks?,What are the impediments in marketing and supply chain management in developing the food processing industry in India? Can e-commerce help in overcoming these bottlenecks?,100.0,keep,true,aggregator,,,,,,,,,,,,,,,,,,
2015,GS3,b5cbb735-b687-4de5-90cb-3978f48a71a1,7,GS3-Q7,2,GS3-Q2,"Craze for gold in Indians has led to a surge in import of gold in recent years and put pressure on balance of payments and external value of rupee. In view of this, examine the merits of the Gold Monetization Scheme.","Craze for gold in Indians has led to a surge in import of gold in recent years and put pressure on balance of payments and external value of rupee. In view of this, examine the merits of the Gold Monetization Scheme.",100.0,keep,true,aggregator,,,,,,,,,,,,,,,,,,
2015,GS3,b5cbb735-b687-4de5-90cb-3978f48a71a1,8,GS3-Q8,7,GS3-Q7,"""Success of 'Make in India' programme depends on the success of 'Skill India' programme and radical labour reforms."" Discuss with logical arguments.",“Success of ‘Make in India’ programme depends on the success of ‘Skill India’ programme and radical labour reforms.” Discuss with logical arguments.,100.0,keep,true,aggregator,,,,,,,,,,,,,,,,,,
2015,GS3,b5cbb735-b687-4de5-90cb-3978f48a71a1,9,GS3-Q9,9,GS3-Q9,To what factors can the recent dramatic fall in equipment costs and tariff of solar energy be attributed? What implications does the trend have for the thermal power producers and the related industry?,To what factors can the recent dramatic fall in equipment costs and tariff of solar energy be attributed? What implications does the trend have for the thermal power producers and the related industry?,100.0,keep,true,aggregator,,,,,,,,,,,,,,,,,,
2015,GS3,b5cbb735-b687-4de5-90cb-3978f48a71a1,10,GS3-Q10,8,GS3-Q8,"There is a clear acknowledgement that Special Economic Zones (SEZs) are a tool of industrial development, manufacturing and exports. Recognizing this potential, the whole instrumentality of SEZs requires augmentation. Discuss the issues plaguing the success of SEZs with respect to taxation, governing laws and administration.","There is a clear acknowledgement that Special Economic Zones (SEZs) are a tool of industrial development, manufacturing and exports. Recognizing this potential, the whole instrumentality of SEZs requires augmentation. Discuss the issues plaguing the success of SEZs with respect to taxation, governing laws and administration.",100.0,keep,true,aggregator,,,,,,,,,,,,,,,,,,
2015,GS3,b5cbb735-b687-4de5-90cb-3978f48a71a1,11,GS3-Q11,11,GS3-Q11,What do you understand by 'Standard Positioning Systems' and 'Precision Positioning Systems' in the GPS era? Discuss the advantages India perceives from its ambitious IRNSS programme employing just seven satellites.,What do you understand by ‘Standard Positioning Systems’ and ‘Precision Positioning Systems’ in the GPS era? Discuss the advantages India perceives from its ambitious IRNSS programme employing just seven satellites.,100.0,keep,true,aggregator,,,,,,,,,,,,,,,,,,
2015,GS3,b5cbb735-b687-4de5-90cb-3978f48a71a1,12,GS3-Q12,12,GS3-Q12,What are the areas of prohibitive labour that can be sustainably managed by robots? Discuss the initiatives that can propel research in premier research institutes for substantive and gainful innovation.,What are the areas of prohibitive labour that can be sustainably managed by robots? Discuss the initiatives that can propel research in premier research institutes for substantive and gainful innovation.,100.0,keep,true,aggregator,,,,,,,,,,,,,,,,,,
2015,GS3,b5cbb735-b687-4de5-90cb-3978f48a71a1,13,GS3-Q13,13,GS3-Q13,Discuss the advantages and security implications of cloud hosting of servers vis-a-vis in-house machine-based hosting for government businesses.,Discuss the advantages and security implications of cloud hosting of servers vis-a-vis in-house machine-based hosting for government businesses.,100.0,keep,true,aggregator,,,,,,,,,,,,,,,,,,
2015,GS3,b5cbb735-b687-4de5-90cb-3978f48a71a1,14,GS3-Q14,10,GS3-Q10,"India's Traditional Knowledge Digital Library (TKDL), which has a database containing formatted information on more than 2 million medicinal formulations is proving a powerful weapon in the country's fight against erroneous patents. Discuss the pros and cons of making this database publicly available under open-source licensing.","India’s Traditional Knowledge Digital Library (TKDL), which has a database containing formatted information on more than 2 million medicinal formulations, is proving a powerful weapon in the country’s fight against erroneous patents. Discuss the pros and cons of making the database publicly available under open-source licensing.",98.8,keep,true,aggregator,,,,,,,,,,,,,,,,,,
2015,GS3,b5cbb735-b687-4de5-90cb-3978f48a71a1,15,GS3-Q15,14,GS3-Q14,Discuss the Namami Gange and National Mission for Clean Ganga (NMCG) programmes and causes of mixed results from the previous schemes. What quantum leaps can help preserve the river Ganga better than incremental inputs?,Discuss the Namami Gange and National Mission for Clean Ganga (NMCG) programmes and causes of mixed results from the previous schemes. What quantum leaps can help preserve the river Ganga better than incremental inputs?,100.0,keep,true,aggregator,,,,,,,,,,,,,,,,,,
2015,GS3,b5cbb735-b687-4de5-90cb-3978f48a71a1,16,GS3-Q16,15,GS3-Q15,"The frequency of earthquakes appears to have increased in the Indian subcontinent. However, India's preparedness for mitigating their impact has significant gaps. Discuss various aspects.","The frequency of earthquakes appears to have increased in the Indian subcontinent. However, India’s preparedness for mitigating their impact has significant gaps. Discuss various aspects.",99.5,keep,true,aggregator,,,,,,,,,,,,,,,,,,
2015,GS3,b5cbb735-b687-4de5-90cb-3978f48a71a1,17,GS3-Q17,20,GS3-Q20,"Human rights activists constantly highlight the view that the Armed Forces (Special Powers) Act, 1958 (AFSPA) is a draconian act leading to cases of human rights abuses by the security forces. What sections of AFSPA are opposed by the activists? Critically evaluate the requirement with reference to the view held by the Apex Court.","Human rights activists constantly highlight the view that the Armed Forces (Special Powers) Act, 1958 (AFSPA) is a draconian act leading to cases of human rights abuses by the security forces. What sections of AFSPA are opposed by the activists? Critically evaluate the requirement with reference to the view held by the Apex Court.",100.0,keep,true,aggregator,,,,,,,,,,,,,,,,,,
2015,GS3,b5cbb735-b687-4de5-90cb-3978f48a71a1,18,GS3-Q18,18,GS3-Q18,Religious indoctrination via digital media has resulted in Indian youth joining the ISIS. What is ISIS and its mission? How can ISIS be dangerous for the internal security of our country?,Religious indoctrination via digital media has resulted in Indian youth joining the ISIS. What is ISIS and its mission? How can ISIS be dangerous for the internal security of our country?,100.0,keep,true,aggregator,,,,,,,,,,,,,,,,,,
2015,GS3,b5cbb735-b687-4de5-90cb-3978f48a71a1,19,GS3-Q19,16,GS3-Q16,"The persisting drives of the Government for development of large industries in backward areas have resulted in isolating the tribal population and the farmers who face multiple displacements. With Malkangiri and Naxalbari foci, discuss the corrective strategies needed to win the Left Wing Extremism (LWE) doctrine affected citizens back into the mainstream of social and economic growth.","The persisting drives of the Government for development of large industries in backward areas have resulted in isolating the tribal population and the farmers who face multiple displacements. With Malkangiri and Naxalbari foci, discuss the corrective strategies needed to win the Left Wing Extremism (LWE) doctrine affected citizens back into the mainstream of social and economic growth.",100.0,keep,true,aggregator,,,,,,,,,,,,,,,,,,
2015,GS3,b5cbb735-b687-4de5-90cb-3978f48a71a1,20,GS3-Q20,17,GS3-Q17,"Considering the threats cyberspace poses for the country, India needs a ""Digital Armed Force"" to prevent crimes. Critically evaluate the National Cyber Security Policy, 2013 outlining the challenges perceived in its effective implementation.","Considering the threats cyberspace poses for the country, India needs a “Digital Armed Force” to prevent crimes. Critically evaluate the National Cyber Security Policy, 2013 outlining the challenges perceived in its effective implementation.",100.0,keep,true,aggregator,,,,,,,,,,,,,,,,,,
2015,GS4,dee30326-920a-40cf-bee0-a5b4c76760f7,61,GS4-Q1a,1,GS4-A-Q1,What is meant by 'environmental ethics'? Why is it important to study in contemporary times? Discuss.,(a) What is meant by 'environmental ethics'? Why is it important to study? Discuss any one environmental issue from the viewpoint of environmental ethics. (b) Differentiate between the following: (i) Law and Ethics (ii) Ethical management and Management of ethics (iii) Discrimination and Preferential treatment (iv) Personal ethics and Professional ethics,86.0,keep,true,aggregator,,,,,,,,,,,,,,,,,,
2015,GS4,dee30326-920a-40cf-bee0-a5b4c76760f7,62,GS4-Q1b,,,Differentiate between 'Value' and 'Ethics'. How do values help in shaping the ethical behavior of a human being?,,53.8,review,true,aggregator,,,,,,,,,,,,,,,,,,
2015,GS4,dee30326-920a-40cf-bee0-a5b4c76760f7,63,GS4-Q2a,,,"Public servants are the trustees of public power and financial resources. In this context, discuss the significance of 'probity in governance'.",,54.2,review,true,aggregator,,,,,,,,,,,,,,,,,,
2015,GS4,dee30326-920a-40cf-bee0-a5b4c76760f7,64,GS4-Q2b,6,GS4-A-Q4,What do you understand by the term 'constitutional morality'? How is it enforced in a democratic system?,"Public servants are likely to confront with the issues of 'Conflict of Interest'. What do you understand by the term 'Conflict of Interest' and how does it manifest in the decision making by public servants? If faced with the conflict of interest situation, how would you resolve it? Explain with the help of examples.",68.0,replace,true,aggregator,,,,,,,,,,,,,,,,,,
2015,GS4,dee30326-920a-40cf-bee0-a5b4c76760f7,65,GS4-Q3a,,,"""Social auditing is not just a tool for financial verification, but an instrument for ethical governance."" Elaborate.",,50.0,review,true,aggregator,,,,,,,,,,,,,,,,,,
2015,GS4,dee30326-920a-40cf-bee0-a5b4c76760f7,66,GS4-Q3b,,,Discuss the components of emotional intelligence. How can a public administrator leverage emotional intelligence in conflict resolution?,,51.5,review,true,aggregator,,,,,,,,,,,,,,,,,,
2015,GS4,dee30326-920a-40cf-bee0-a5b4c76760f7,67,GS4-Q4a,,,What are the essential elements of an effective code of conduct for public officials? Distinguish it from a code of ethics.,,48.8,review,true,aggregator,,,,,,,,,,,,,,,,,,
2015,GS4,dee30326-920a-40cf-bee0-a5b4c76760f7,68,GS4-Q4b,,,How does accountability differ from responsibility in public administration? Illustrate with a suitable example.,,50.0,review,true,aggregator,,,,,,,,,,,,,,,,,,
2015,GS4,dee30326-920a-40cf-bee0-a5b4c76760f7,69,GS4-Q5a,,,"""An unexamined life is not worth living."" - Socrates. What does this statement mean to you in your personal and professional sphere?",,55.5,review,true,aggregator,,,,,,,,,,,,,,,,,,
2015,GS4,dee30326-920a-40cf-bee0-a5b4c76760f7,70,GS4-Q5b,,,"""To awaken the people, it is the women who must be awakened. Once she is on the move, the family moves, the village moves, the nation moves."" - Jawaharlal Nehru. Discuss the ethical dimensions of women empowerment.",,50.0,review,true,aggregator,,,,,,,,,,,,,,,,,,
2015,GS4,dee30326-920a-40cf-bee0-a5b4c76760f7,71,GS4-Q6,,,Discuss the role of international aid in developmental ethics. What are the ethical concerns surrounding aid with political conditionalities?,,52.0,review,true,aggregator,,,,,,,,,,,,,,,,,,
2015,GS4,dee30326-920a-40cf-bee0-a5b4c76760f7,72,GS4-Q7,,,Corruption is a multi-headed monster that thrives on systemic gaps and lack of moral courage. Suggest structural and behavioral measures to minimize corruption.,,46.9,review,true,aggregator,,,,,,,,,,,,,,,,,,
2015,GS4,dee30326-920a-40cf-bee0-a5b4c76760f7,73,GS4-Q8,,,"A big corporate house is engaged in manufacturing industrial chemicals on a large scale. It proposes to set up the additional unit. Many states rejected its proposal due to the detrimental effect on the environment. But one state government acceded to the request and permitted the unit close to a city, brushing aside all opposition. The unit was set up 10 years ago and was functioning smoothly, adding to the growth of the region. A dynamic and high-profile officer who has a reputation of being an balanced and fair administrator is posted as District Magistrate of the rural district where the company is located. An anonymous letter reached the District Magistrate charging that the corporate unit is letting out toxic effluents into the nearby river and also injecting toxic waste into the groundwater, which has led to severe health issues like skin diseases, cancer, and neurological disorders among the residents of 20 surrounding villages. The District Magistrate ordered a preliminary inquiry, which confirmed the allegations. He confronted the Managing Director of the company, who subtly reminded the officer that the company is a major contributor to the state's economy, employs thousands of locals, and funds several welfare projects in the region. He also hinted at his close ties with high political authorities. (a) What are the ethical dilemmas faced by the District Magistrate? (b) Outline the course of action available to the District Magistrate and evaluate each option.",,52.2,review,true,aggregator,,,,,,,,,,,,,,,,,,
2015,GS4,dee30326-920a-40cf-bee0-a5b4c76760f7,74,GS4-Q9,,,"You are a senior executive heading the human resources department of a well-reputed multi-national consultancy firm. The firm prides itself on its diversity, gender equality, and progressive workplace policies. A brilliant young female consultant, who is considered a rising star in the company and is on track for a partnership, comes to you in absolute confidence. She states that during an out-of-town client engagement trip, a senior partner of the firm made unwanted sexual advances towards her and subtly hinted that her promotion to partnership would depend on her cooperation. The senior partner in question is the single largest revenue generator for the firm, commands immense respect among the board of directors, and is a close personal friend of the Chief Executive Officer (CEO). The consultant tells you that she has written proof in the form of text messages and emails, but she is terrified of immediate professional retaliation, character assassination, and being blacklisted in the industry if she files a formal complaint under the internal committee framework. She asks for your advice and intervention but explicitly requests that no formal investigation be initiated until she feels secure. (a) Identify the ethical conflicts in this case. (b) As the head of HR, what are your immediate responsibilities and what long-term systemic measures would you implement to resolve this situation?",,50.0,review,true,aggregator,,,,,,,,,,,,,,,,,,
2015,GS4,dee30326-920a-40cf-bee0-a5b4c76760f7,75,GS4-Q10,,,"A severe earthquake measuring 7.5 on the Richter scale has struck a densely populated hilly district of a state, causing widespread devastation. Hundreds of buildings have collapsed, major highways are blocked by massive landslides, and communication networks are completely down. You are the newly appointed District Magistrate of this district and are heading the disaster response management team. Within hours of the disaster, you receive reports that a remote subdivision, inhabited mostly by marginalized tribal communities, has suffered catastrophic damage, but rescue teams cannot reach it due to road blockages. Simultaneously, you receive an urgent call from the state capital conveying that a luxury resort in another part of the district has collapsed, trapping several high-profile foreign tourists, senior bureaucrats, and an influential politician's immediate family. The media has focused its entire attention on the luxury resort, and there is immense pressure from the top political leadership to divert all available specialized search-and-rescue teams, state helicopters, and heavy machinery to the resort immediately. Your resources are extremely limited, and diverting them to the resort means completely halting or delaying the rescue operations in the remote tribal subdivision for at least 48 hours, which will inevitably lead to a higher death toll among the villagers. (a) Discuss the ethical dilemmas involved in prioritizing rescue operations in this scenario. (b) How will you allocate your resources and manage the competing pressures under such extreme crisis conditions?",,50.7,review,true,aggregator,,,,,,,,,,,,,,,,,,
2015,GS4,dee30326-920a-40cf-bee0-a5b4c76760f7,76,GS4-Q11,,,"You are the head of a state-run primary school education board in an economically backward region. The state government has launched a highly publicized tech-driven initiative under which student attendance, continuous assessments, and benefits like scholarships and mid-day meals are linked strictly to a centralized biometric-based identification system. Within three months of implementation, data analysis reveals that in the poorest rural and tribal belts, student attendance has dropped by 35% and thousands of eligible children are being excluded from receiving mid-day meals and vital scholarships. Upon conducting field visits, you discover that the primary reasons are chronic internet connectivity failures, worn-out biometric sensors, and the fact that many poor children have eroded fingerprints due to hard manual labor helping their parents. The rules mandate that no benefits can be distributed without real-time biometric verification to prevent leakages and ghost allocations. School teachers are terrified of violating the digital mandate as the system automatically docks their salaries for manual entries. Parents are gradually withdrawing children from schools due to the stoppage of benefits. (a) Evaluate the ethical conflict between technological efficiency and social justice in this case. (b) What immediate short-term adjustments and long-term modifications would you propose to rectify this issue without compromising accountability?",,48.6,review,true,aggregator,,,,,,,,,,,,,,,,,,
2015,GS4,dee30326-920a-40cf-bee0-a5b4c76760f7,77,GS4-Q12,,,"You are a young, idealistic officer belonging to the state police service and have been posted as the Additional Superintendent of Police in a district notorious for illegal sand mining. The illegal mining is operated by a powerful local mafia group that enjoys open political patronage from the ruling dispensation and has heavily bribed several local police officials. One night, during a surprise check, you intercept a fleet of trucks loaded with illegally mined sand. You arrest the drivers and impound the vehicles. Within an hour, you receive a call from your immediate superior, the Superintendent of Police (SP), ordering you to release the vehicles immediately and cover up the incident, claiming it was a misunderstanding. He tells you that your action has upset the higher authorities in the government and could destabilize your career. While you are processing this, the leader of the sand mining mafia visits your office. He offers you a massive monthly financial payout if you agree to turn a blind eye to their night operations. He also subtly warns you that if you refuse, you will be falsely implicated in a corruption case, face a hostile transfer to a punishment posting, and your family's safety could be compromised. (a) Analyze the options available to you in this situation. (b) Which course of action will you choose and why?",,55.1,review,true,aggregator,,,,,,,,,,,,,,,,,,
2015,GS4,dee30326-920a-40cf-bee0-a5b4c76760f7,78,GS4-Q13,,,"A central government ministry has invited global tenders for a multi-billion dollar national defense communications network project. You are a senior technical advisor heading the expert committee evaluating the bids. The project is highly critical for national security and has a strict execution deadline. After rigorous evaluation, your committee narrows down the selection to two firms. Firm A is a domestic infrastructure major that has submitted the lowest bid (L1). However, during background checks, your team discovers that Firm A has a past record of severe environmental violations, corporate governance failures, and ongoing investigations regarding financial irregularities in another ministry. Firm B is an international consortium with an absolute, unblemished global record of technical excellence, transparency, and high ethical compliance. However, Firm B's financial bid is 12% higher than Firm A's, which means choosing it would put an additional heavy burden on the public exchequer. The ministry bureaucrats are pushing for Firm A to minimize costs and promote domestic manufacturing under government guidelines, arguing that past corporate governance issues should not disqualify an L1 bidder. (a) What are the ethical and national security dimensions involved in choosing between the two firms? (b) As the head of the evaluation committee, what recommendation would you submit to the ministry and how would you justify it?",,48.6,review,true,aggregator,,,,,,,,,,,,,,,,,,
2015,GS4,dee30326-920a-40cf-bee0-a5b4c76760f7,,,2,GS4-B-Q1,,"You are recently posted as district development officer of a district. Shortly thereafter you found that there is considerable tension in the rural areas of your district on the issue of sending girls to schools. The elders of the village feel that many problems have come up because girls are being educated and they are stepping out of the safe environment of the household. They are of the view that the girls should be quickly married off with minimum education. The girls are also competing for jobs after education, which have traditionally remained in boys' exclusive domain, adding to unemployment amongst male population. The younger generation feels that in the present era, girls should have equal opportunities for education and employment, and other means of livelihood. The entire locality is divided between the elders and the younger lot and further sub-divided between sexes in both generations. You come to know that in Panchayat or in other local bodies or even in busy crossroads, the issue is being acrimoniously debated. One day you are informed that an unpleasant incident has taken place. Some girls were molested, when they were en route to schools. The incident led to clashes between several groups and a law and order problem has arisen. The elders after heated discussion have taken a joint decision not to allow girls to go to school and to socially boycott all such families, which do not follow their dictate. (a) What steps would you take to ensure girls' safety without disrupting their education? (b) How would you manage and mould patriarchic attitude of the village elders to ensure harmony in the inter-generational relations?",50.0,insert,,aggregator,,,,,,,,,,,,,,,,,,
2015,GS4,dee30326-920a-40cf-bee0-a5b4c76760f7,,,3,GS4-A-Q2,,"You are the Sarpanch of a Panchayat. There is a primary school run by the government in your area. Midday meals are provided to the children attending the school. The Headmaster has now appointed a new cook in the school to prepare the meals. However, when it is found that the cook is from Dalit community, almost half of the children belonging to higher castes are not allowed to take meals by their parents. Consequently the attendance in the school falls sharply. This could result in the possibility of discontinuation of midday meal scheme, thereafter of teaching staff and subsequent closing down the school. (a) Discuss some feasible strategies to overcome the conflict and to create right ambience. (b) What should be the responsibilities of different social segments and agencies to create positive social ambience for accepting such changes?",49.1,insert,,aggregator,,,,,,,,,,,,,,,,,,
2015,GS4,dee30326-920a-40cf-bee0-a5b4c76760f7,,,4,GS4-A-Q3,,"""Social values are more important than economic values."" Discuss the above statement with examples in the context of inclusive growth of a nation.",49.7,insert,,aggregator,,,,,,,,,,,,,,,,,,
2015,GS4,dee30326-920a-40cf-bee0-a5b4c76760f7,,,5,GS4-B-Q3,,"One of the scientists working in the R & D laboratory of a major pharmaceutical company discovers that one of the company's best selling veterinary drugs, B has the potential to cure a currently incurable liver disease that is prevalent in tribal areas. However, developing a variant of the drug suitable for human beings entailed a lot of research and development having a huge expenditure to the extent of ₹50 crores. It was unlikely that the company would recover the costs as the disease was rampant only in poverty-stricken area having very little market otherwise. If you were the CEO, then— (a) identify the various actions that you could take; (b) evaluate the pros and cons of each of your actions.",53.8,insert,,aggregator,,,,,,,,,,,,,,,,,,
2015,GS4,dee30326-920a-40cf-bee0-a5b4c76760f7,,,7,GS4-B-Q4,,"There is a disaster-prone State having frequent landslides, forest fires, cloudbursts, flash floods and earthquakes, etc. Some of these are seasonal and often unpredictable. The magnitude of the disaster is always unanticipated. During one of the seasons, a cloudburst caused devastating floods and landslides leading to high casualties. There was major damage to infrastructure like roads, bridges and power generating units. This led to more than 100000 pilgrims, tourists and other locals trapped across different routes and locations. The people trapped in your area of responsibility included senior citizens, patients in hospitals, women and children, hikers, tourists, ruling party's regional president along with his family, additional chief secretary of the neighbouring State and prisoners in jail. As a civil services officer of the State, what would be the order in which you would rescue these people and why? Give justifications.",50.0,insert,,aggregator,,,,,,,,,,,,,,,,,,
2015,GS4,dee30326-920a-40cf-bee0-a5b4c76760f7,,,8,GS4-A-Q5,,Two different kinds of attitudes exhibited by public servants towards their work have been identified as the bureaucratic attitude and the democratic attitude. (a) Distinguish between these two terms and write their merits and demerits. (b) Is it possible to balance the two to create a better administration for the faster development of our country?,48.8,insert,,aggregator,,,,,,,,,,,,,,,,,,
2015,GS4,dee30326-920a-40cf-bee0-a5b4c76760f7,,,9,GS4-B-Q5,,"You are heading a district administration in a particular department. Your senior officer calls you from the State Headquarters and tells you that a plot in Rampur village is to have a building constructed on it for a school. A visit is scheduled during which he will visit the site along with the chief engineer and the senior architect. He wants you to check out all the papers relating to it and to ensure that the visit is properly arranged. You examine the file which relates to the period before you joined the department. The land was acquired from the local Panchayat at a nominal cost and the papers show that clearance certificates are available from the two of the three authorities who have to certify the site's suitability. There is no certification by the architect available on file. You decide to visit Rampur to ensure that all is in order as stated on file. When you visit Rampur, you find that the plot under reference is part of Thakurgarh Fort and that the walls, ramparts, etc., are running across it. The fort is well away from the main village, therefore a school here will be a serious inconvenience for the children. However, the area near the village has potential to expand into a larger residential area. The development charges on the existing plot, at the fort, will be very high and the question of heritage site has not been addressed. Moreover, the Sarpanch, at the time of acquisition of the land, was a relative of your predecessor. The whole transaction appears to have been done with some vested interest. (a) List the likely vested interests of the concerned parties. (b) Some of the options for action available to you are listed below. Discuss the merits and demerits of each of the options: (i) You can await the visit of the superior officer and let him take a decision. (ii) You can seek his advice in writing or on phone. (iii) You can consult your predecessor/colleagues, etc., and then decide what to do. (iv) You can find out if any alternate plot can be got in exchange and then send a comprehensive written report. Can you suggest any other option with proper justification?",50.0,insert,,aggregator,,,,,,,,,,,,,,,,,,
2015,GS4,dee30326-920a-40cf-bee0-a5b4c76760f7,,,10,GS4-A-Q6,,How do the virtues of trustworthiness and fortitude get manifested in public service? Explain with examples.,48.1,insert,,aggregator,,,,,,,,,,,,,,,,,,
2015,GS4,dee30326-920a-40cf-bee0-a5b4c76760f7,,,11,GS4-B-Q6,,"A private company is known for its efficiency, transparency and employee welfare. The company though owned by a private individual has a cooperative character where employees feel a sense of ownership. The company employs nearly 700 personnel and they have voluntarily decided not to form a union. One day suddenly in the morning, about 40 men belonging to a political party gate-crashed into the factory demanding jobs in the factory. They threatened the management and employees, and also used foul language. The employees feel demoralized. It was clear that those people who gate-crashed wanted to be on the payroll of the company as well as continue as the volunteers/members of the party. The company maintains high standards in integrity and does not extend favours to civil administration that also includes law enforcement agency. Such incidents occur in public sector also. (a) Assume you are the CEO of the company. What would you do to diffuse the volatile situation on the date of gate-crashing with the violent mob sitting inside the company premises? (b) What could be the long-term solution to the issue discussed in the case? (c) Every solution/action that you suggest will have a positive and a negative impact on you (as CEO), the employees and the performance of the employees. Analyze the consequences of each of your suggested actions.",51.0,insert,,aggregator,,,,,,,,,,,,,,,,,,
2015,GS4,dee30326-920a-40cf-bee0-a5b4c76760f7,,,12,GS4-A-Q7,,"""The weak can never forgive; forgiveness is the attribute of the strong.""",55.1,insert,,aggregator,,,,,,,,,,,,,,,,,,
2015,GS4,dee30326-920a-40cf-bee0-a5b4c76760f7,,,13,GS4-A-Q8,,"""We can easily forgive a child who is afraid of the dark; the real tragedy of life is when men are afraid of the light.""",50.0,insert,,aggregator,,,,,,,,,,,,,,,,,,
2015,GS4,dee30326-920a-40cf-bee0-a5b4c76760f7,,,14,GS4-A-Q9,,"""A mere compliance with law is not enough, the public servant also has to have a well-developed sensibility to ethical issues for effective discharge of duties."" Do you agree? Explain with the help of two examples, where (i) an act is ethically right, but not legally and (ii) an act is legally right, but not ethically.",48.1,insert,,aggregator,,,,,,,,,,,,,,,,,,
2015,GS4,dee30326-920a-40cf-bee0-a5b4c76760f7,,,15,GS4-A-Q11,,"At the international level, the bilateral relations between most nations are governed on the policy of promoting one's own national interest without any regard for the interest of other nations. This leads to conflicts and tensions between the nations. How can ethical consideration help resolve such tensions? Discuss with specific examples.",52.0,insert,,aggregator,,,,,,,,,,,,,,,,,,
2015,GS4,dee30326-920a-40cf-bee0-a5b4c76760f7,,,16,GS4-A-Q12,,"Some recent developments such as introduction of RTI Act, media and judicial activism, etc., are proving helpful in bringing about greater transparency and accountability in the functioning of the government. However, it is also being observed that at times the mechanisms are misused. Another negative effect is that the officers are now afraid to take prompt decisions. Analyze this situation in detail and suggest how this dichotomy can be resolved. Suggest how these negative impacts can be minimized.",48.5,insert,,aggregator,,,,,,,,,,,,,,,,,,
2015,GS4,dee30326-920a-40cf-bee0-a5b4c76760f7,,,17,GS4-A-Q13,,"Today we find that in spite of various measures like prescribing codes of conduct, setting up vigilence cells/commissions, RTI, active media and strengthening of legal mechanisms, corrupt practices are not coming under control. (a) Evaluate the effectiveness of these measures with justifications. (b) Suggest more effective strategies to tackle this menace.",47.9,insert,,aggregator,,,,,,,,,,,,,,,,,,
2016,GS1,daca2e9f-012e-46fc-8b10-b6df340b4200,39,GS1-Q1,,,Early Buddhist cave-art as witnessed in Barabar and Nagarjuni caves and later cave-traditions of western India show long continuous evolution of changing social and cultural perspectives. Analyze.,,51.8,delete,true,aggregator-only,unverifiable,,,,orphan,48.5,,,true,,,,,,,,,
2016,GS1,daca2e9f-012e-46fc-8b10-b6df340b4200,40,GS1-Q2,,,Chola architecture represents a high watermark in the history of Indian architecture. Comment.,,53.1,delete,true,aggregator-only,unverifiable,,,,orphan,51.1,,,true,,,,,,,,,
2016,GS1,daca2e9f-012e-46fc-8b10-b6df340b4200,41,GS1-Q3,3,GS1-Q3,Explain how the Uprising of 1857 constitutes an important watershed in the evolution of British policies towards colonial India.,Explain how the uprising of 1857 constitutes an important watershed in the evolution of British policies towards colonial India.,100.0,keep,true,aggregator-only,unverifiable,,unverifiable,,exact,100.0,exact,100.0,true,,,,,,,,,
2016,GS1,daca2e9f-012e-46fc-8b10-b6df340b4200,42,GS1-Q4,5,GS1-Q5,Discuss the role of women in the freedom struggle especially in the Gandhian phase.,"Discuss the role of women in the freedom struggle, especially during the Gandhian phase.",95.1,keep,true,aggregator-only,unverifiable,,unverifiable,,exact,95.1,exact,100.0,true,,,,,,,,,
2016,GS1,daca2e9f-012e-46fc-8b10-b6df340b4200,43,GS1-Q5,4,GS1-Q4,Highlight the differences in the approach of Subhash Chandra Bose and Mahatma Gandhi in the struggle for freedom.,Highlight the difference in the approach of Subhash Chandra Bose and Mahatma Gandhi in the struggle for freedom.,99.1,keep,true,aggregator-only,unverifiable,,unverifiable,,exact,100.0,exact,99.1,true,,,,,,,,,
2016,GS1,daca2e9f-012e-46fc-8b10-b6df340b4200,44,GS1-Q6,6,GS1-Q6,Has the formation of linguistic states strengthened the cause of Indian unity?,Has the formation of linguistic states strengthened the cause of Indian unity?,100.0,keep,true,aggregator-only,unverifiable,,unverifiable,,exact,100.0,exact,100.0,true,,,,,,,,,
2016,GS1,daca2e9f-012e-46fc-8b10-b6df340b4200,45,GS1-Q7,7,GS1-Q7,The anti-colonial struggles in West Africa were led by the new elite of Western-educated Africans. Examine.,The anti-colonial struggles in West Africa were led by the new elite of Western-educated Africans. Examine.,100.0,keep,true,aggregator-only,unverifiable,,unverifiable,,exact,100.0,exact,100.0,true,,,,,,,,,
2016,GS1,daca2e9f-012e-46fc-8b10-b6df340b4200,46,GS1-Q8,11,GS1-Q11,To what extent globalisation has influenced the core of cultural diversity in India? Explain.,To what extent globalization has influenced the core of cultural diversity in India? Explain.,98.9,keep,true,aggregator-only,unverifiable,,unverifiable,,exact,98.9,exact,100.0,true,,,,,,,,,
2016,GS1,daca2e9f-012e-46fc-8b10-b6df340b4200,47,GS1-Q9,9,GS1-Q9,"""An essential condition to eradicate poverty is to liberate the poor from the process of deprivation."" Substantiate this statement with suitable examples.",“An essential condition to eradicate poverty is to liberate the poor from the process of deprivation.” Substantiate this statement with suitable examples.,100.0,keep,true,aggregator-only,unverifiable,,unverifiable,,exact,98.0,exact,98.0,true,,,,,,,,,
2016,GS1,daca2e9f-012e-46fc-8b10-b6df340b4200,48,GS1-Q10,8,GS1-Q8,Why are the tribals in India referred to as 'Adivasis'? Indicate the major areas of their geographic concentration.,Why are the tribals in India referred to as the ‘Scheduled Tribes’? Indicate the major provisions enshrined in the Constitution of India for their upliftment.,73.2,review,true,aggregator-only,unverifiable,,unverifiable,,orphan,70.3,exact,100.0,true,true,,,,,,,,
2016,GS1,daca2e9f-012e-46fc-8b10-b6df340b4200,49,GS1-Q11,,,Explain the changes in population growth rates and distribution in India since Independence.,,52.1,delete,true,aggregator-only,unverifiable,,,,orphan,50.5,,,true,,,,,,,,,
2016,GS1,daca2e9f-012e-46fc-8b10-b6df340b4200,50,GS1-Q12,,,Discuss the changes in the patterns of internal migration in India over the last few decades.,,53.6,delete,true,aggregator-only,unverifiable,,,,orphan,56.5,,,true,,,,,,,,,
2016,GS1,daca2e9f-012e-46fc-8b10-b6df340b4200,51,GS1-Q13,,,What is regionalism? Is it that regionalism occurs due to rising cultural assertiveness or due to regional economic disparities? Discuss.,,56.0,delete,true,aggregator-only,unverifiable,,,,orphan,55.2,,,true,,,,,,,,,
2016,GS1,daca2e9f-012e-46fc-8b10-b6df340b4200,52,GS1-Q14,,,Assess the impact of smart cities mission on urban development in India.,,53.5,delete,true,aggregator-only,unverifiable,,,,orphan,53.5,,,true,,,,,,,,,
2016,GS1,daca2e9f-012e-46fc-8b10-b6df340b4200,53,GS1-Q15,18,GS1-Q18,Major cities of India are becoming more vulnerable to flood conditions. Discuss the reasons and remedial measures.,Major cities of India are becoming more vulnerable to flood conditions. Discuss.,100.0,keep,true,aggregator-only,unverifiable,,unverifiable,,orphan,76.8,variant,94.9,true,,,,,,,,,
2016,GS1,daca2e9f-012e-46fc-8b10-b6df340b4200,54,GS1-Q16,,,Present an account of the Indus Valley Civilization with special reference to its town planning and drainage system.,,59.5,delete,true,aggregator-only,unverifiable,,,,orphan,59.1,,,true,,,,,,,,,
2016,GS1,daca2e9f-012e-46fc-8b10-b6df340b4200,55,GS1-Q17,14,GS1-Q14,Enumerate the problems and prospects of inland water transport in India.,Enumerate the problems and prospects of inland water transport in India.,100.0,keep,true,aggregator-only,unverifiable,,unverifiable,,exact,100.0,exact,100.0,true,,,,,,,,,
2016,GS1,daca2e9f-012e-46fc-8b10-b6df340b4200,56,GS1-Q18,15,GS1-Q15,In what way micro-watershed development projects help in water conservation in drought-prone and semi-arid regions of India?,In what way micro-watershed development projects help in water conservation in drought-prone and semi-arid regions of India?,100.0,keep,true,aggregator-only,unverifiable,,unverifiable,,exact,100.0,exact,100.0,true,,,,,,,,,
2016,GS1,daca2e9f-012e-46fc-8b10-b6df340b4200,57,GS1-Q19,16,GS1-Q16,Explain the concept of 'Air Mass' and describe its role in macro-climatic changes.,Discuss the concept of air mass and explain its role in macro-climatic changes.,88.2,keep,true,aggregator-only,unverifiable,,unverifiable,,orphan,84.8,exact,100.0,true,true,,,,,,,,
2016,GS1,daca2e9f-012e-46fc-8b10-b6df340b4200,58,GS1-Q20,17,GS1-Q17,The Himalayas are highly prone to landslides. Discuss the causes and suggest suitable mitigation strategies.,“The Himalayas are highly prone to landslides.” Discuss the causes and suggest suitable measures of mitigation.,91.5,keep,true,aggregator-only,unverifiable,,unverifiable,,variant,88.7,exact,100.0,true,,,,,,,,,
2016,GS1,daca2e9f-012e-46fc-8b10-b6df340b4200,,,1,GS1-Q1,,"Early Buddhist Stupa-art, while depicting folk motifs and narratives successfully expounds Buddhist ideals. Elucidate.",51.8,insert,,aggregator-only,,,unverifiable,,,,exact,100.0,true,,,,,,,,,
2016,GS1,daca2e9f-012e-46fc-8b10-b6df340b4200,,,2,GS1-Q2,,"Krishnadeva Raya, the King of Vijayanagar, was not only an accomplished scholar himself but was also a great patron of learning and literature. Discuss.",48.6,insert,,aggregator-only,,,unverifiable,,,,exact,100.0,true,,,,,,,,,
2016,GS1,daca2e9f-012e-46fc-8b10-b6df340b4200,,,10,GS1-Q10,,"With a brief background of quality of urban life in India, introduce the objectives and strategy of the ‘Smart City Programme’.",51.6,insert,,aggregator-only,,,unverifiable,,,,exact,100.0,true,,,,,,,,,
2016,GS1,daca2e9f-012e-46fc-8b10-b6df340b4200,,,12,GS1-Q12,,What is the basis of regionalism? Is it that unequal distribution of benefits of development on regional basis eventually promotes regionalism? Substantiate your answer.,56.0,insert,,aggregator-only,,,unverifiable,,,,exact,100.0,true,,,,,,,,,
2016,GS1,daca2e9f-012e-46fc-8b10-b6df340b4200,,,13,GS1-Q13,,The effective management of land and water resources will drastically reduce the human miseries. Explain.,53.0,insert,,aggregator-only,,,unverifiable,,,,exact,100.0,true,,,,,,,,,
2016,GS1,daca2e9f-012e-46fc-8b10-b6df340b4200,,,19,GS1-Q19,,South China Sea has assumed great geopolitical significance in the present context. Comment.,47.8,insert,,aggregator-only,,,unverifiable,,,,exact,100.0,true,,,,,,,,,
2016,GS1,daca2e9f-012e-46fc-8b10-b6df340b4200,,,20,GS1-Q20,,"Present an account of the Indus Water Treaty and examine its ecological, economic and political implications in the context of changing bilateral relations.",59.5,insert,,aggregator-only,,,unverifiable,,,,exact,100.0,true,,,,,,,,,
2016,GS2,d332fcad-6750-4542-af0a-3f203f819096,59,GS2-Q1,5,GS2-Q5,Discuss the Essentials of the 69th Constitutional Amendment Act and controversies surrounding it as a dimensions of federal friction.,"Discuss the essentials of the 69th Constitutional Amendment Act and anomalies, if any, that have led to recent reported conflicts between the elected representatives and the institution of the Lieutenant Governor in the administration of Delhi. Do you think that this will give rise to a new trend in the functioning of Indian federal politics?",75.5,review,true,aggregator-only,orphan,69.7,exact,98.8,,,,,,true,,,,,,,,
2016,GS2,d332fcad-6750-4542-af0a-3f203f819096,60,GS2-Q2,,,"To what extent, in your view, the Parliament is able to ensure accountability of the executive in India?",,54.3,delete,true,aggregator-only,orphan,51.5,,,,,,,,,,,,,,,,
2016,GS2,d332fcad-6750-4542-af0a-3f203f819096,61,GS2-Q3,,,"""Strict purity of political parties is a myth in Indian democracy."" Comment in the context of funding of political parties.",,53.6,delete,true,aggregator-only,orphan,51.3,,,,,,,,,,,,,,,,
2016,GS2,d332fcad-6750-4542-af0a-3f203f819096,62,GS2-Q4,,,Examine the role of the Comptroller and Auditor General (CAG) of India in maintaining financial discipline in the governance.,,55.3,delete,true,aggregator-only,orphan,50.0,,,,,,,,,,,,,,,,
2016,GS2,d332fcad-6750-4542-af0a-3f203f819096,63,GS2-Q5,,,The National Human Rights Commission (NHRC) in India has been often described as a 'toothless tiger'. Examine the statement critically.,,52.1,delete,true,aggregator-only,orphan,50.4,,,,,,,,,,,,,,,,
2016,GS2,d332fcad-6750-4542-af0a-3f203f819096,64,GS2-Q6,,,Analyze the impact of the Right to Information (RTI) Act on the transparency and accountability of administration in India.,,51.7,delete,true,aggregator-only,orphan,50.0,,,,,,,,,,,,,,,,
2016,GS2,d332fcad-6750-4542-af0a-3f203f819096,65,GS2-Q7,,,Evaluate the role of Self-Help Groups (SHGs) in women empowerment and rural development.,,51.4,delete,true,aggregator-only,orphan,50.6,,,,,,,,,,,,,,,,
2016,GS2,d332fcad-6750-4542-af0a-3f203f819096,66,GS2-Q8,,,The target of 'Health for All' cannot be achieved without addressing the structural issues of health infrastructure in India. Discuss.,,50.0,delete,true,aggregator-only,orphan,50.0,,,,,,,,,,,,,,,,
2016,GS2,d332fcad-6750-4542-af0a-3f203f819096,67,GS2-Q9,,,"""India's relations with its neighbors are deeply affected by domestic politics."" Elaborate with suitable examples.",,55.2,delete,true,aggregator-only,orphan,50.0,,,,,,,,,,,,,,,,
2016,GS2,d332fcad-6750-4542-af0a-3f203f819096,68,GS2-Q10,,,Discuss the significance and challenges of India's 'Act East Policy' in the changing geopolitical scenario.,,60.2,delete,true,aggregator-only,orphan,60.6,,,,,,,,,,,,,,,,
2016,GS2,d332fcad-6750-4542-af0a-3f203f819096,69,GS2-Q11,1,GS2-Q1,Discuss the procedures and utility of the mechanism of Judicial Review in the context of the Indian Constitution.,"To what extent is Article 370 of the Indian Constitution, bearing marginal note “temporary provision with respect to the State of Jammu and Kashmir”, temporary? Discuss the future prospects of this provision in the context of Indian polity.",61.1,review,true,aggregator-only,orphan,56.2,exact,100.0,,,,,,true,,,,,,,,
2016,GS2,d332fcad-6750-4542-af0a-3f203f819096,70,GS2-Q12,,,Examine the tension between the Fundamental Rights and Directive Principles of State Policy with the help of landmark judicial pronouncements.,,55.6,delete,true,aggregator-only,orphan,50.4,,,,,,,,,,,,,,,,
2016,GS2,d332fcad-6750-4542-af0a-3f203f819096,71,GS2-Q13,,,The office of the Governor has been a center of federal disputes in India. Analyze the reasons and suggest constitutional remedies.,,53.7,delete,true,aggregator-only,orphan,50.4,,,,,,,,,,,,,,,,
2016,GS2,d332fcad-6750-4542-af0a-3f203f819096,72,GS2-Q14,,,Evaluate the performance of the Panchayati Raj Institutions (PRIs) since the 73rd Constitutional Amendment Act.,,56.1,delete,true,aggregator-only,orphan,57.4,,,,,,,,,,,,,,,,
2016,GS2,d332fcad-6750-4542-af0a-3f203f819096,73,GS2-Q15,,,What are Civil Services reforms? Discuss their necessity in making administration citizen-centric.,,49.4,delete,true,aggregator-only,orphan,50.0,,,,,,,,,,,,,,,,
2016,GS2,d332fcad-6750-4542-af0a-3f203f819096,74,GS2-Q16,,,The role of Non-Governmental Organizations (NGOs) in development planning has increased significantly. Analyze the opportunities and regulatory issues.,,47.0,delete,true,aggregator-only,orphan,46.9,,,,,,,,,,,,,,,,
2016,GS2,d332fcad-6750-4542-af0a-3f203f819096,75,GS2-Q17,,,Examine the effectiveness of the targeted public distribution system (TPDS) in ensuring food security for the poorest of the poor.,,55.2,delete,true,aggregator-only,orphan,52.8,,,,,,,,,,,,,,,,
2016,GS2,d332fcad-6750-4542-af0a-3f203f819096,76,GS2-Q18,19,GS2-Q19,Analyze the strategic dimensions of India's maritime security architecture in the Indian Ocean Region.,Evaluate the economic and strategic dimensions of India’s Look East Policy in the context of the post-Cold War international scenario.,60.5,review,true,aggregator-only,orphan,60.4,exact,100.0,,,,,,true,,,,,,,,
2016,GS2,d332fcad-6750-4542-af0a-3f203f819096,77,GS2-Q19,,,Discuss the institutional challenges before the United Nations Security Council (UNSC) and evaluate India's case for a permanent seat.,,51.9,delete,true,aggregator-only,orphan,51.9,,,,,,,,,,,,,,,,
2016,GS2,d332fcad-6750-4542-af0a-3f203f819096,78,GS2-Q20,,,What is the significance of the diaspora in India's foreign policy? Evaluate the steps taken by the government to engage with them.,,55.0,delete,true,aggregator-only,orphan,55.0,,,,,,,,,,,,,,,,
2016,GS2,d332fcad-6750-4542-af0a-3f203f819096,,,2,GS2-Q2,,Discuss each adjective attached to the word ‘Republic’ in the ‘Preamble’. Are they defendable in the present circumstances?,49.3,insert,,aggregator-only,,,exact,100.0,,,,,,,,,,,,,,
2016,GS2,d332fcad-6750-4542-af0a-3f203f819096,,,3,GS2-Q3,,"What was held in the Coelho case? In this context, can you say that judicial review is of key importance amongst the basic features of the Constitution?",56.5,insert,,aggregator-only,,,exact,100.0,,,,,,,,,,,,,,
2016,GS2,d332fcad-6750-4542-af0a-3f203f819096,,,4,GS2-Q4,,"In the integrity index of Transparency International, India stands very low. Discuss briefly the legal, political, economic, social and cultural factors that have caused the decline of public morality in India.",51.7,insert,,aggregator-only,,,exact,100.0,,,,,,,,,,,,,,
2016,GS2,d332fcad-6750-4542-af0a-3f203f819096,,,6,GS2-Q6,,"Did the Government of India Act, 1935 lay down a federal constitution? Discuss.",56.4,insert,,aggregator-only,,,exact,100.0,,,,,,,,,,,,,,
2016,GS2,d332fcad-6750-4542-af0a-3f203f819096,,,7,GS2-Q7,,“The Indian party system is passing through a phase of transition which looks to be full of contradictions and paradoxes.” Discuss.,47.2,insert,,aggregator-only,,,exact,100.0,,,,,,,,,,,,,,
2016,GS2,d332fcad-6750-4542-af0a-3f203f819096,,,8,GS2-Q8,,Exercise of CAG’s powers in relation to the accounts of the Union and the States is derived from Article 149 of the Indian Constitution. Discuss whether the audit of the Government’s policy implementation could amount to overstepping its own (CAG) jurisdiction.,56.2,insert,,aggregator-only,,,exact,98.4,,,,,,,,,,,,,,
2016,GS2,d332fcad-6750-4542-af0a-3f203f819096,,,9,GS2-Q9,,What is a quasi-judicial body? Explain with the help of concrete examples.,55.6,insert,,aggregator-only,,,exact,100.0,,,,,,,,,,,,,,
2016,GS2,d332fcad-6750-4542-af0a-3f203f819096,,,10,GS2-Q10,,"Has the Indian governmental system responded adequately to the demands of Liberalization, Privatization, and Globalization started in 1991? What can the government do to be responsive to this important change?",49.6,insert,,aggregator-only,,,exact,100.0,,,,,,,,,,,,,,
2016,GS2,d332fcad-6750-4542-af0a-3f203f819096,,,11,GS2-Q11,,Examine the main provisions of the National Child Policy and throw light on the status of its implementation.,55.3,insert,,aggregator-only,,,exact,100.0,,,,,,,,,,,,,,
2016,GS2,d332fcad-6750-4542-af0a-3f203f819096,,,12,GS2-Q12,,Professor Amartya Sen has advocated important reforms in the realms of primary education and primary health care. What are your suggestions to improve their status and performance?,49.6,insert,,aggregator-only,,,exact,100.0,,,,,,,,,,,,,,
2016,GS2,d332fcad-6750-4542-af0a-3f203f819096,,,13,GS2-Q13,,"“Demographic Dividend in India will remain only theoretical unless our manpower becomes more educated, aware, skilled, and creative.” What measures have been taken by the government to enhance the capacity of our population to be more productive and employable?",55.0,insert,,aggregator-only,,,exact,98.4,,,,,,,,,,,,,,
2016,GS2,d332fcad-6750-4542-af0a-3f203f819096,,,14,GS2-Q14,,"“In the Indian governance system, the role of non-state actors has been only marginal.” Critically examine this statement.",52.1,insert,,aggregator-only,,,exact,100.0,,,,,,,,,,,,,,
2016,GS2,d332fcad-6750-4542-af0a-3f203f819096,,,15,GS2-Q15,,“Effectiveness of the government system at various levels and people’s participation in the governance system are inter-dependent.” Discuss their relationship in the context of India.,55.6,insert,,aggregator-only,,,exact,100.0,,,,,,,,,,,,,,
2016,GS2,d332fcad-6750-4542-af0a-3f203f819096,,,16,GS2-Q16,,“Traditional bureaucratic structure and culture have hampered the process of socio-economic development in India.” Comment.,51.4,insert,,aggregator-only,,,exact,100.0,,,,,,,,,,,,,,
2016,GS2,d332fcad-6750-4542-af0a-3f203f819096,,,17,GS2-Q17,,“Increasing cross-border terrorist attacks in India and growing interference in the internal affairs of several member-states by Pakistan are not conducive for the future of SAARC (South Asian Association for Regional Cooperation).” Explain with suitable examples.,55.2,insert,,aggregator-only,,,exact,100.0,,,,,,,,,,,,,,
2016,GS2,d332fcad-6750-4542-af0a-3f203f819096,,,18,GS2-Q18,,What are the aims and objectives of the McBride Commission of the UNESCO? What is India's position on these?,53.5,insert,,aggregator-only,,,exact,100.0,,,,,,,,,,,,,,
2016,GS2,d332fcad-6750-4542-af0a-3f203f819096,,,20,GS2-Q20,,“The broader aims and objectives of WTO are to manage and promote international trade in the era of globalization. But the Doha round of negotiations seems doomed due to differences between the developed and the developing countries.” Discuss in the Indian perspective.,50.3,insert,,aggregator-only,,,exact,99.6,,,,,,,,,,,,,,
2016,GS3,b5cbb735-b687-4de5-90cb-3978f48a71a1,1,GS3-Q1,1,GS3-Q1,How globalization has led to the reduction of employment in the formal sector of the Indian economy? Is increased informalization detrimental to the development of the country?,How globalization has led to the reduction of employment in the formal sector of the Indian economy? Is increased informalization detrimental to the development of the country?,100.0,keep,true,aggregator-only,exact,100.0,exact,100.0,,,,,,,,,,,,,,
2016,GS3,b5cbb735-b687-4de5-90cb-3978f48a71a1,2,GS3-Q2,19,GS3-Q19,Women empowerment in India needs gender budgeting. What are the requirements and status of gender budgeting in the Indian context?,Women empowerment in India needs gender budgeting. What are the requirements and status of gender budgeting in the Indian context?,100.0,keep,true,aggregator-only,exact,100.0,exact,100.0,,,,,,,,,,,,,,
2016,GS3,b5cbb735-b687-4de5-90cb-3978f48a71a1,3,GS3-Q3,3,GS3-Q3,Pradhan Mantri Jan-Dhan Yojana (PMJDY) is necessary for bringing unbanked to the institutional finance fold. Do you agree with this for financial inclusion of the poorer section of the Indian society? Give arguments to justify your opinion.,Pradhan Mantri Jan-Dhan Yojana (PMJDY) is necessary for bringing unbanked to the institutional finance fold. Do you agree with this for financial inclusion of the poorer section of the Indian society? Give arguments to justify your opinion.,100.0,keep,true,aggregator-only,exact,100.0,exact,100.0,,,,,,,,,,,,,,
2016,GS3,b5cbb735-b687-4de5-90cb-3978f48a71a1,4,GS3-Q4,4,GS3-Q4,What are 'Smart Cities'? Examine their relevance for urban development in India. Will it increase rural-urban differences? Give arguments for 'Smart Villages' in the light of PURA and RURBAN Mission.,What are ‘Smart Cities’? Examine their relevance for urban development in India. Will it increase rural-urban differences? Give arguments for ‘Smart Villages’ in the light of PURA and RURBAN Mission.,100.0,keep,true,aggregator-only,exact,100.0,exact,100.0,,,,,,,,,,,,,,
2016,GS3,b5cbb735-b687-4de5-90cb-3978f48a71a1,5,GS3-Q5,2,GS3-Q2,Justify the need for FDI for the development of the Indian economy. Why there is gap between MOUs signed and actual FDIs? Suggest remedial steps to be taken for increasing actual FDIs in India.,Justify the need for FDI for the development of the Indian economy. Why there is gap between MOUs signed and actual FDIs? Suggest remedial steps to be taken for increasing actual FDIs in India.,100.0,keep,true,aggregator-only,exact,100.0,exact,100.0,,,,,,,,,,,,,,
2016,GS3,b5cbb735-b687-4de5-90cb-3978f48a71a1,6,GS3-Q6,5,GS3-Q5,Comment on the challenges for inclusive growth which include careless and useless manpower in the Indian context. Suggest measures to be taken for facing these challenges.,Comment on the challenges for inclusive growth which include careless and useless manpower in the Indian context. Suggest measures to be taken for facing these challenges.,100.0,keep,true,aggregator-only,exact,100.0,exact,100.0,,,,,,,,,,,,,,
2016,GS3,b5cbb735-b687-4de5-90cb-3978f48a71a1,7,GS3-Q7,6,GS3-Q6,What is water-use efficiency? Describe the role of micro-irrigation in increasing the water-use efficiency.,What is water-use efficiency? Describe the role of micro-irrigation in increasing the water-use efficiency.,100.0,keep,true,aggregator-only,exact,99.0,exact,99.0,,,,,,,,,,,,,,
2016,GS3,b5cbb735-b687-4de5-90cb-3978f48a71a1,8,GS3-Q8,7,GS3-Q7,What is allelopathy? Discuss its role in major cropping systems of irrigated agriculture.,What is allelopathy? Discuss its role in major cropping systems of irrigated agriculture.,100.0,keep,true,aggregator-only,exact,96.6,exact,96.6,,,,,,,,,,,,,,
2016,GS3,b5cbb735-b687-4de5-90cb-3978f48a71a1,9,GS3-Q9,9,GS3-Q9,Discuss the role of land reforms in agricultural development. Identify the factors that were responsible for the success of land reforms in India.,Discuss the role of land reforms in agricultural development. Identify the factors that were responsible for the success of land reforms in India.,100.0,keep,true,aggregator-only,exact,100.0,exact,100.0,,,,,,,,,,,,,,
2016,GS3,b5cbb735-b687-4de5-90cb-3978f48a71a1,10,GS3-Q10,8,GS3-Q8,"Given the vulnerability of Indian agriculture to vagaries of nature, discuss the need for crop insurance and bring out the salient features of the Pradhan Mantri Fasal Bima Yojana (PMFBY).","Given the vulnerability of Indian agriculture to vagaries of nature, discuss the need for crop insurance and bring out the salient features of the Pradhan Mantri Fasal Bima Yojana (PMFBY).",100.0,keep,true,aggregator-only,exact,100.0,exact,100.0,,,,,,,,,,,,,,
2016,GS3,b5cbb735-b687-4de5-90cb-3978f48a71a1,11,GS3-Q11,10,GS3-Q10,Give an account of the current status and the targets to be achieved pertaining to renewable energy sources in the country. Discuss in brief the importance of National Programme on Light Emitting Diodes (LEDs).,Give an account of the current status and the targets to be achieved pertaining to renewable energy sources in the country. Discuss in brief the importance of the National Programme on Light Emitting Diodes (LEDs).,98.1,keep,true,aggregator-only,exact,100.0,exact,98.1,,,,,,,,,,,,,,
2016,GS3,b5cbb735-b687-4de5-90cb-3978f48a71a1,12,GS3-Q12,11,GS3-Q11,Discuss India's achievements in the field of Space Science and Technology. How the application of this technology has helped India in its socio-economic development?,Discuss India’s achievements in the field of Space Science and Technology. How has the application of this technology helped India in its socio-economic development?,96.9,keep,true,aggregator-only,exact,100.0,exact,97.5,,,,,,,,,,,,,,
2016,GS3,b5cbb735-b687-4de5-90cb-3978f48a71a1,13,GS3-Q13,12,GS3-Q12,Why is nanotechnology one of the key technologies of the 21st century? Describe the salient features of Indian Government's Mission on Nanoscience and Technology and the scope of its application in the development process of the country.,Why is nanotechnology one of the key technologies of the 21st century? Describe the salient features of Indian Government’s Mission on Nanoscience and Technology and the scope of its application in the development process of the country.,99.6,keep,true,aggregator-only,exact,100.0,exact,100.0,,,,,,,,,,,,,,
2016,GS3,b5cbb735-b687-4de5-90cb-3978f48a71a1,14,GS3-Q14,13,GS3-Q13,Rehabilitation of human settlements is one of the important environmental impacts which always attracts controversy while planning major projects. Discuss the measures suggested for mitigation of this impact while proposing major developmental projects.,Rehabilitation of human settlements is one of the important environmental impacts which always attracts controversy while planning major projects. Discuss the measures suggested for mitigating this impact while proposing major developmental projects.,98.4,keep,true,aggregator-only,exact,100.0,exact,98.4,,,,,,,,,,,,,,
2016,GS3,b5cbb735-b687-4de5-90cb-3978f48a71a1,15,GS3-Q15,14,GS3-Q14,"The frequency of urban floods due to high intensity rainfall is increasing over the years. Discussing the reasons for urban floods, highlight the mechanisms for preparedness to reduce the risk during such events.","The frequency of urban floods due to high-intensity rainfall is increasing over the years. Discussing the reasons for urban floods, highlight the mechanisms for preparedness to reduce the risk during such events.",100.0,keep,true,aggregator-only,exact,100.0,exact,100.0,,,,,,,,,,,,,,
2016,GS3,b5cbb735-b687-4de5-90cb-3978f48a71a1,16,GS3-Q16,15,GS3-Q15,"With reference to National Disaster Management Authority (NDMA) guidelines, discuss the measures to be adopted to mitigate the impact of the recent incidents of cloudbursts in many places of Uttarakhand.","With reference to National Disaster Management Authority (NDMA) guidelines, discuss the measures to be adopted to mitigate the impact of the recent incidents of cloudbursts in many places in Uttarakhand.",99.0,keep,true,aggregator-only,exact,100.0,exact,99.0,,,,,,,,,,,,,,
2016,GS3,b5cbb735-b687-4de5-90cb-3978f48a71a1,17,GS3-Q17,18,GS3-Q18,The terms 'Hot Pursuit' and 'Surgical Strikes' are often used in connection with armed action against terrorist attacks. Discuss the strategic impact of such actions.,The terms ‘Hot Pursuit’ and ‘Surgical Strikes’ are often used in connection with armed action against terrorist attacks. Discuss the strategic impact of such actions.,100.0,keep,true,aggregator-only,exact,100.0,exact,100.0,,,,,,,,,,,,,,
2016,GS3,b5cbb735-b687-4de5-90cb-3978f48a71a1,18,GS3-Q18,20,GS3-Q20,"""Terrorism is emerging as a competitive industry over the last few decades."" Analyze the above statement.",“Terrorism is emerging as a competitive industry over the last few decades.” Analyze the above statement.,100.0,keep,true,aggregator-only,exact,100.0,exact,100.0,,,,,,,,,,,,,,
2016,GS3,b5cbb735-b687-4de5-90cb-3978f48a71a1,19,GS3-Q19,16,GS3-Q16,Border management is a complex task due to difficult terrain and hostile relations with some countries. Elucidate the challenges and strategies for effective border management.,Border management is a complex task due to difficult terrain and hostile relations with some countries. Elucidate the challenges and strategies for effective border management.,100.0,keep,true,aggregator-only,exact,100.0,exact,100.0,,,,,,,,,,,,,,
2016,GS3,b5cbb735-b687-4de5-90cb-3978f48a71a1,20,GS3-Q20,17,GS3-Q17,Use of Internet and social media by non-state actors for subversive activities is a major security concern. How have these been misused in the recent past? Suggest effective guidelines to curb the above threat.,The use of the internet and social media by non-state actors for subversive activities is a major security concern. How have these been misused in the recent past? Suggest effective guidelines to curb the above threat.,98.8,keep,true,aggregator-only,exact,100.0,exact,97.7,,,,,,,,,,,,,,
2016,GS4,dee30326-920a-40cf-bee0-a5b4c76760f7,21,GS4-Q1a,3,GS4-A-Q2,Explain how ethics contributes to social and human well-being.,Explain how ethics contributes to social and human well-being.,100.0,keep,true,aggregator-only,exact,100.0,exact,100.0,,,,,,,,,,,,,,
2016,GS4,dee30326-920a-40cf-bee0-a5b4c76760f7,22,GS4-Q1b,9,GS4-A-Q5,"Why should impartiality and non-partisanship be considered as foundational values in public services, especially in the present day socio-political context? Illustrate your answer with examples.","Why should impartiality and non-partisanship be considered as foundational values in public services, especially in the present day socio-political context ? Illustrate your answer with examples.",100.0,keep,false,aggregator-only,exact,100.0,exact,100.0,,,,,,,,,,,,,,
2016,GS4,dee30326-920a-40cf-bee0-a5b4c76760f7,23,GS4-Q2a,15,GS4-A-Q9,"What do you understand by the terms 'governance', 'good governance' and 'ethical governance'?","What do you understand by the terms ‘governance’, ‘good governance’ and ‘ethical governance’?",100.0,keep,true,aggregator-only,exact,100.0,exact,100.0,,,,,,,,,,,,,,
2016,GS4,dee30326-920a-40cf-bee0-a5b4c76760f7,24,GS4-Q2b,13,GS4-A-Q7,Discuss Mahatma Gandhi's concept of seven sins.,Discuss Mahatma Gandhi’s Concept of Seven Sins.,97.8,keep,true,aggregator-only,exact,100.0,exact,100.0,,,,,,,,,,,,,,
2016,GS4,dee30326-920a-40cf-bee0-a5b4c76760f7,25,GS4-Q3a,14,GS4-A-Q8,Analyse John Rawls's concept of social justice in the Indian context.,Analyse John Rawls’s concept of social justice in the Indian context.,98.5,keep,true,aggregator-only,exact,100.0,exact,100.0,,,,,,,,,,,,,,
2016,GS4,dee30326-920a-40cf-bee0-a5b4c76760f7,26,GS4-Q3b,17,GS4-A-Q11,Discuss the Public Services Code as recommended by the 2nd Administrative Reforms Commission.,Discuss the Public Services Code as recommended by the 2nd Administrative Reforms Commission.,100.0,keep,true,aggregator-only,exact,98.9,exact,98.9,,,,,,,,,,,,,,
2016,GS4,dee30326-920a-40cf-bee0-a5b4c76760f7,27,GS4-Q4a,18,GS4-A-Q12,"""Corruption causes misuse of government treasury, administrative inefficiency and obstruction in the path of national development."" Discuss Kautilya's views.","“Corruption causes misuse of government treasury, administrative inefficiency, and obstruction in the path of national development.” Discuss Kautilya’s views.",99.3,keep,true,aggregator-only,exact,100.0,exact,100.0,,,,,,,,,,,,,,
2016,GS4,dee30326-920a-40cf-bee0-a5b4c76760f7,28,GS4-Q4b,7,GS4-A-Q4,How could social influence and persuasion contribute to the success of Swachh Bharat Abhiyan?,How could social influence and persuasion contribute to the success of Swachh Bharat Abhiyan?,100.0,keep,true,aggregator-only,exact,100.0,exact,100.0,,,,,,,,,,,,,,
2016,GS4,dee30326-920a-40cf-bee0-a5b4c76760f7,29,GS4-Q5,16,GS4-A-Q10,"Law and ethics are considered to be the two tools for controlling human conduct so as to make it conducive to civilized social existence. (a) Discuss how they achieve this objective. (b) Giving examples, show how the two differ in their approaches.","Law and Ethics are considered to be the two tools for controlling human conduct so as to make it conducive to civilized social existence. (a) Discuss how they achieve this objective. (b) Giving examples, show how the two differ in their approaches.",100.0,keep,true,aggregator-only,exact,100.0,exact,100.0,,,,,,,,,,,,,,
2016,GS4,dee30326-920a-40cf-bee0-a5b4c76760f7,30,GS4-Q6,5,GS4-A-Q3,"Our attitudes towards life, work, other people and society are generally shaped unconsciously by the family and the social surroundings in which we grow up. Some of these unconsciously acquired attitudes and values are often undesirable in the citizens of a modern democratic and egalitarian society. (a) Discuss such undesirable values prevalent in today's educated Indians. (b) How can such undesirable attitudes be changed and socio-ethical values considered necessary in public services be cultivated in the aspiring and serving civil servants?","Our attitudes towards life, work, other people and society are generally shaped unconsciously by the family and the social surroundings in which we grow up. Some of these unconsciously acquired attitudes and values are often undesirable in the citizens of a modern democratic and egalitarian society. (a) Discuss such undesirable values prevalent in today's educated Indians. (b) How can such undesirable attitudes be changed and socio-ethical values considered necessary in public services be cultivated in the aspiring and serving civil servants?",100.0,keep,true,aggregator-only,exact,100.0,exact,100.0,,,,,,,,,,,,,,
2016,GS4,dee30326-920a-40cf-bee0-a5b4c76760f7,31,GS4-Q7,11,GS4-A-Q6,Anger is a harmful negative emotion. It is injurious to both personal life and work life. (a) Discuss how it leads to negative emotions and undesirable behaviours. (b) How can it be managed and controlled?,Anger is a harmful negative emotion. It is injurious to both personal life and work life. a) Discuss how it leads to negative emotions and undesirable behaviours. b) How can it be managed and controlled?,100.0,keep,true,aggregator-only,exact,100.0,exact,100.0,,,,,,,,,,,,,,
2016,GS4,dee30326-920a-40cf-bee0-a5b4c76760f7,32,GS4-Q8,1,GS4-A-Q1,"""Max Weber said that it is not wise to apply to public administration the sort of moral and ethical norms we apply to matters of personal conscience. It is important to realise that the State bureaucracy might possess its own independent bureaucratic morality."" Critically analyse this statement.","""Max Weber said that it is not wise to apply to public administration the sort of moral and ethical norms we apply to matters of personal conscience. It is important to realise that the State bureaucracy might possess its own independent bureaucratic morality."" Critically analyse this statement.",100.0,keep,true,aggregator-only,exact,100.0,exact,100.0,,,,,,,,,,,,,,
2016,GS4,dee30326-920a-40cf-bee0-a5b4c76760f7,33,GS4-Q9,6,GS4-B-Q3,"A fresh engineering graduate gets a job in a prestigious chemical industry. She likes the work. The salary is also good. However, after a few months she accidentally discovers that a highly toxic waste is being secretly discharged into a river nearby. This is causing health problems to the villagers downstream who depend on the river for their water needs. She is perturbed and mentions her concern to her colleagues who have been with the company for longer periods. They advise her to keep quiet as anyone who mentions the topic is summarily dismissed. She cannot risk losing her job as she is the sole bread-winner for her family and has to support her ailing parents and siblings. At first, she thinks that if her seniors are keeping quiet, why should she stick out her neck. But her conscience pricks her to do something to save the river and the people who depend upon it. At heart she feels that the advice of silence given by her friends is not correct though she cannot give reasons for it. She thinks you are a wise person and seeks your advice. (a) What arguments can you advance to show her that keeping quiet is not morally right? (b) What course of action would you advise her to adopt and why?","A fresh engineering graduate gets a job in a prestigious chemical industry. She likes the work. The salary is also good. However, after a few months she accidentally discovers that a highly toxic waste is being secretly discharged into a river nearby. This is causing health problems to the villagers downstream who depend on the river for their water needs. She is perturbed and mentions her concern to her colleagues who have been with the company for longer periods. They advise her to keep quite as anyone who mentions the topic is summarily dismissed. She cannot risk losing her job as she is the sole bread-winner for her family and has to support her ailing parents and siblings. At first, she thinks that if her seniors are keeping quiet, why should she stick out her neck. But her conscience pricks her to do something to save the river and the people who depend upon it. At heart she feels that the advice of silence given by her friends is not correct though she cannot give reasons for it. She thinks you are a wise person and seeks your advice. (a) What arguments can you advance to show her that keeping quiet is not morally right? (b) What course of action would you advise her to adopt and why?",99.9,keep,true,aggregator-only,exact,99.7,exact,99.8,,,,,,,,,,,,,,
2016,GS4,dee30326-920a-40cf-bee0-a5b4c76760f7,34,GS4-Q10,8,GS4-B-Q4,"Land needed for mining, dams and other large-scale projects is acquired mostly from Adivasis, hill dwellers and rural communities. The displaced persons are paid monetary compensation as per the legal provisions. However, the payment is often tardy. In any case, it cannot sustain the displaced families for long. These people do not possess marketable skills to engage in some other occupation. They end up as low paid migrant labourers. Moreover, their traditional ways of community living are destroyed. Thus, the benefits of development go to industries, industrialists and urban communities whereas the costs are passed on to these poor helpless people. This unjust distribution of costs and benefits is unethical. Suppose you have been entrusted with the task of drafting a better compensation-cum-rehabilitation policy for such displaced persons, how would you approach the problem and what would be the main elements of your suggested policy?","Land needed for mining, dams and other large-scale projects is acquired mostly from Adivasis, hill dwellers and rural communities. The displaced persons are paid monetary compensation as per the legal provisions. However, the payment is often tardy. In any case, it cannot sustain the displaced families for long. These people do not possess marketable skills to engage in some other occupation. They end up as low paid migrant labourers. Moreover, their traditional ways of community living are destroyed. Thus, the benefits of development go to industries, industrialists and urban communities whereas the costs are passed on to these poor helpless people. This unjust distribution of costs and benefits is unethical. Suppose you have been entrusted with the task of drafting a better compensation-cum-rehabilitation policy for such displaced persons, how would you approach the problem and what would be the main elements of your suggested policy?",100.0,keep,true,aggregator-only,exact,100.0,exact,100.0,,,,,,,,,,,,,,
2016,GS4,dee30326-920a-40cf-bee0-a5b4c76760f7,35,GS4-Q11,10,GS4-B-Q5,"Suppose you are an officer in-charge of implementing a social service scheme to provide support to old and destitute women. An old and illiterate woman comes to you to avail the benefits of the scheme. However, she has no documents to show that she fulfils the eligibility criteria. But after meeting her and listening to her you feel that she certainly needs support. Your enquiries also show that she is really destitute and living in a pitiable condition. You are in a dilemma as to what to do. Putting her under the scheme without necessary documents would clearly be violation of rules. But denying her the support would be cruel and inhuman. (a) Can you think of a rational way to resolve this dilemma? (b) Give your reasons for it.","Suppose you are an officer in-charge of implementing a social service scheme to provide support to old and destitute women. An old and illiterate woman comes to you to avail the benefits of the scheme. However, she has no documents to show that she fulfils the eligibility criteria. But after meeting her and listening to her you feel that she certainly needs support. Your enquiries also show that she is really destitute and living in a pitiable condition. You are in a dilemma as to what to do. Putting her under the scheme without necessary documents would clearly be violation of rules. But denying her the support would be cruel and inhuman. (a) Can you think of a rational way to resolve this dilemma? (b) Give your reasons for it.",100.0,keep,true,aggregator-only,exact,100.0,exact,100.0,,,,,,,,,,,,,,
2016,GS4,dee30326-920a-40cf-bee0-a5b4c76760f7,36,GS4-Q12,12,GS4-B-Q6,"You are a young, aspiring and sincere employee in a Government office working as an assistant to the director of your department. Since you have joined recently, you need to learn and progress. Luckily your superior is very kind and ready to train you for your job. He is a very intelligent and well-informed person having knowledge of various departments. In short, you respect your boss and are looking forward to learn a lot from him. Since you have a good tuning with the boss, he started depending on you. One day due to ill health he invited you at his place for finishing some urgent work. You reached his house and before you could ring the bell you heard shouting noises. You waited for a while. After entering the house the boss greeted you and explained the work. But you were constantly disturbed by the crying of a woman. At last, you inquired with the boss but his answer did not satisfy you. Next day, you were compelled to inquire further in the office and found out that his behaviour is very bad at home with his wife. He also beats up his wife. His wife is not well educated and is a simple woman in comparison to her husband. You see that though your boss is a nice person in the office, he is engaged in domestic violence at home. In such a situation, you are left with the following options. Analyse each option with its consequences. (a) Just ignore thinking about it because it is their personal matter. (b) Report the case to the appropriate authority. (c) Your own innovative approach towards the situation.","You are a young, aspiring and sincere employee in a Government office working as an assistant to the director of your department. Since you have joined recently, you need to learn and progress. Luckily your superior is very kind and ready to train you for your job. He is a very intelligent and well-informed person having knowledge of various departments. In short, you respect your boss and are looking forward to learn a lot from him. Since you have a good tuning with the boss, he started depending on you. One day due to ill health he invited you at his place for finishing some urgent work. You reached his house and before you could ring the bell you heard shouting noises. You waited for a while. After entering the house the boss greeted you and explained the work. But you were constantly disturbed by the crying of a woman. At last, you inquired with the boss but his answer did not satisfy you. Next day, you were compelled to inquire further in the office and found out that his behaviour is very bad at home with his wife. He also beats up his wife. His wife is not well educated and is a simple woman in comparison to her husband. You see that though your boss is a nice person in the office, he is engaged in domestic violence at home. In such a situation, you are left with the following options. Analyse each option with its consequences. (a) Just ignore thinking about it because it is their personal matter. (b) Report the case to the appropriate authority. (c) Your own innovative approach towards the situation.",100.0,keep,true,aggregator-only,exact,98.6,exact,98.6,,,,,,,,,,,,,,
2016,GS4,dee30326-920a-40cf-bee0-a5b4c76760f7,37,GS4-Q13,2,GS4-B-Q1,"ABC Ltd. is a large transnational company having diversified business activities with a huge shareholder base. The company is continuously expanding and generating employment. The company, in its expansion and diversification programme, decides to establish a new plant at Vikaspuri, an area which is underdeveloped. The new plant is designed to use energy efficient technology that will help the company to save production cost by 20%. The company's decision goes well with the Government policy of attracting investment to develop such underdeveloped regions. The Government has also announced tax holiday for five years for the companies that invest in underdeveloped areas. However, the new plant may bring chaos for the inhabitants of Vikaspuri region, which is otherwise tranquil. The new plant may result in increased cost of living, aliens migrating to the region, disturbing the social and economic order. The company sensing the possible protest tried to educate the people of Vikaspuri region and public in general that how its Corporate Social Responsibility (CSR) policy would help overcome the likely difficulties of the residents of Vikaspuri region. In spite of this the protests begin and some of the residents decided to approach the judiciary as their plea before the Government did not yield any result. (a) Identify the issues involved in the case. (b) What can be suggested to satisfy the company's goal and to address the residents' concerns?","ABC Ltd. is a large transnational company having diversified business activities with a huge shareholder base. The company is continuously expanding and generating employment. The company, in its expansion and diversification programme, decides to establish a new plant at Vikaspuri, an area which is underdeveloped. The new plant is designed to use energy efficient technology that will help the company to save production cost by 20%. The company's decision goes well with the Government policy of attracting investment to develop such underdeveloped regions. The Government has also announced tax holiday for five years for the companies that invest in underdeveloped areas. However, the new plant may bring chaos for the inhabitants of Vikaspuri region, which is otherwise tranquil. The new plant may result in increased cost of living, aliens migrating to the region, disturbing the social and economic order. The company sensing the possible protest tried to educate the people of Vikaspuri region and public in general that how its Corporate Social Responsibility (CSR) policy would help overcome the likely difficulties of the residents of Vikaspuri region. In spite of this the protests begin and some of the residents decided to approach the judiciary as their plea before the Government did not yield any result. (a) Identify the issues involved in the case. (b) What can be suggested to satisfy the company's goal and to address the residents' concern?",100.0,keep,true,aggregator-only,exact,100.0,exact,100.0,,,,,,,,,,,,,,
2016,GS4,dee30326-920a-40cf-bee0-a5b4c76760f7,38,GS4-Q14,4,GS4-B-Q2,"Saraswati was a successful IT professional in USA. Moved by the patriotic sense of doing something for the country she returned to India. Together with some other like-minded friends, she formed an NGO to build a school for a poor rural community. The objective of the school was to provide the best quality modern education at a nominal cost. She soon discovered that she has to seek permission from a number of Government agencies. The rules and procedures were quite confusing and cumbersome. What frustrated her most was the delays, callous attitude of officials and constant demand for bribes. Her experience and the experience of many others like her has deterred people from taking up social service projects. A measure of Government control over voluntary social work is necessary. But it should not be exercised in a coercive or corrupt manner. What measures can you suggest to ensure that due control is exercised but well meaning, honest NGO efforts are not thwarted?","Saraswati was a successful IT professional in USA. Moved by the patriotic sense of doing something for the country she returned to India. Together with some other like-minded friends, she formed an NGO to build a school for a poor rural community. The objective of the school was to provide the best quality modern education at a nominal cost. She soon discovered that she has to seek permission from a number of Government agencies. The rules and procedures were quite confusing and cumbersome. What frustrated her most was the delays, callous attitude of officials and constant demand for bribes. Her experience and the experience of many others like her has deterred people from taking up social service projects. A measure of Government control over voluntary social work is necessary. But it should not be exercised in a coercive or corrupt manner. What measures can you suggest to ensure that due control is exercised but well meaning, honest NGO efforts are not thwarted?",100.0,keep,true,aggregator-only,exact,100.0,exact,100.0,,,,,,,,,,,,,,
2017,GS1,daca2e9f-012e-46fc-8b10-b6df340b4200,40,GS1-Q1,1,GS1-Q1,How do you justify the view that the level of excellence of the Gupta numismatic art is not at all noticeable in later times?,How do you justify the view that the level of excellence of the Gupta numismatic art is not at all noticeable in later times?,100.0,keep,true,aggregator-only,unverifiable,,unverifiable,,exact,98.4,exact,98.4,true,,,,,,,,,
2017,GS1,daca2e9f-012e-46fc-8b10-b6df340b4200,41,GS1-Q2,3,GS1-Q3,Clarify how mid-eighteenth century India was beset with the spectre of a fragmented polity.,Clarify how mid-eighteenth century India was beset with the spectre of a fragmented polity?,100.0,keep,true,aggregator-only,unverifiable,,unverifiable,,exact,100.0,exact,100.0,true,,,,,,,,,
2017,GS1,daca2e9f-012e-46fc-8b10-b6df340b4200,42,GS1-Q3,5,GS1-Q5,Why did 'Moderates' fail to carry conviction with the nation about their proclaimed ideology and political goals by the end of the nineteenth century?,Why did the Moderates fail to carry conviction with the nation about their proclaimed ideology and political goals by the end of the nineteenth century?,97.6,keep,true,aggregator-only,unverifiable,,unverifiable,,exact,97.3,exact,100.0,true,,,,,,,,,
2017,GS1,daca2e9f-012e-46fc-8b10-b6df340b4200,43,GS1-Q4,8,GS1-Q8,What problems were germane to the decolonization process of Malay Peninsula?,What problems were germane to the decolonization process in the Malay Peninsula?,92.0,keep,true,aggregator-only,unverifiable,,unverifiable,,variant,92.0,exact,100.0,true,,,,,,,,,
2017,GS1,daca2e9f-012e-46fc-8b10-b6df340b4200,44,GS1-Q5,20,GS1-Q20,How does the Juno Mission of NASA help to understand the origin and evolution of the Earth?,How does the Juno Mission of NASA help to understand the origin and evolution of the Earth?,100.0,keep,true,aggregator-only,unverifiable,,unverifiable,,exact,100.0,exact,100.0,true,,,,,,,,,
2017,GS1,daca2e9f-012e-46fc-8b10-b6df340b4200,45,GS1-Q6,13,GS1-Q13,"""In spite of adverse environmental impacts, coal mining is still inevitable for development."" Discuss.","“In spite of adverse environmental impact, coal mining is still inevitable for development.” Discuss.",99.0,keep,true,aggregator-only,unverifiable,,unverifiable,,exact,99.0,exact,100.0,true,,,,,,,,,
2017,GS1,daca2e9f-012e-46fc-8b10-b6df340b4200,46,GS1-Q7,16,GS1-Q16,Mention the advantages of the cultivation of pulses because of which the year 2016 was declared as the International Year of Pulses by the United Nations.,"Mention the advantages of the cultivation of pulses, because of which the year 2016 was declared as the International Year of Pulses by the United Nations.",100.0,keep,true,aggregator-only,unverifiable,,unverifiable,,exact,100.0,exact,100.0,true,,,,,,,,,
2017,GS1,daca2e9f-012e-46fc-8b10-b6df340b4200,47,GS1-Q8,19,GS1-Q19,How does the cryosphere affect global climate?,How does the cryosphere affect global climate?,100.0,keep,true,aggregator-only,unverifiable,,unverifiable,,exact,100.0,exact,100.0,true,,,,,,,,,
2017,GS1,daca2e9f-012e-46fc-8b10-b6df340b4200,48,GS1-Q9,,,Whether National Policy on Regional Cultural Centres in India is beneficial in taking cultural regionalism to the grassroots level? Discuss.,,50.0,delete,true,aggregator-only,unverifiable,,,,orphan,47.1,,,true,,,,,,,,,
2017,GS1,daca2e9f-012e-46fc-8b10-b6df340b4200,49,GS1-Q10,7,GS1-Q7,Discuss the various economic and socio-cultural forces that are driving increasing discrimination against the Scheduled Tribes in India.,What are the two major legal initiatives by the State since Independence addressing discrimination against Scheduled Tribes (STs)?,62.7,review,true,aggregator-only,unverifiable,,unverifiable,,orphan,59.3,exact,100.0,true,true,,,,,,,,
2017,GS1,daca2e9f-012e-46fc-8b10-b6df340b4200,50,GS1-Q11,10,GS1-Q10,"The spirit of tolerance and love is not only an interesting feature of Indian society from very early times, but it is also playing an important part at the present. Elaborate.",The spirit of tolerance and love is not only an interesting feature of Indian society from very early times but it is also playing an important part at the present. Elaborate.,100.0,keep,true,aggregator-only,unverifiable,,unverifiable,,exact,100.0,exact,100.0,true,,,,,,,,,
2017,GS1,daca2e9f-012e-46fc-8b10-b6df340b4200,51,GS1-Q12,4,GS1-Q4,Examine how the decline of traditional artisanal industry in colonial India crippled the rural economy.,Examine how the decline of traditional artisanal industry in colonial India crippled the rural economy.,100.0,keep,true,aggregator-only,unverifiable,,unverifiable,,exact,100.0,exact,100.0,true,,,,,,,,,
2017,GS1,daca2e9f-012e-46fc-8b10-b6df340b4200,52,GS1-Q13,6,GS1-Q6,Highlight the importance of the new objectives that got added to the vision of Indian Independence since the twenties of the last century.,Highlight the importance of the new objectives that got added to the vision of Indian independence since the twenties of the last century.,100.0,keep,true,aggregator-only,unverifiable,,unverifiable,,exact,100.0,exact,100.0,true,,,,,,,,,
2017,GS1,daca2e9f-012e-46fc-8b10-b6df340b4200,53,GS1-Q14,17,GS1-Q17,Account for variations in oceanic salinity and discuss its multi-dimensional effects.,Account for variations in oceanic salinity and discuss its multidimensional effects.,98.8,keep,true,aggregator-only,unverifiable,,unverifiable,,exact,100.0,exact,98.8,true,,,,,,,,,
2017,GS1,daca2e9f-012e-46fc-8b10-b6df340b4200,54,GS1-Q15,18,GS1-Q18,"Petroleum refineries do not necessarily located nearer to crude oil producing areas, particularly in many of the developing countries. Explain its implications.","Petroleum refineries are not necessarily located nearer to crude oil-producing areas, particularly in many developing countries. Explain its implications.",94.0,keep,true,aggregator-only,unverifiable,,unverifiable,,exact,98.1,exact,95.4,true,,,,,,,,,
2017,GS1,daca2e9f-012e-46fc-8b10-b6df340b4200,55,GS1-Q16,,,In what way micro-watershed development projects help in water conservation in drought-prone and semi-arid regions of India?,,51.3,delete,true,aggregator-only,unverifiable,,,,orphan,51.2,,,true,,,,,,,,,
2017,GS1,daca2e9f-012e-46fc-8b10-b6df340b4200,56,GS1-Q17,,,How does the monsoon climate manifest itself in the socio-economic life of Monsoon Asia?,,65.8,delete,true,aggregator-only,unverifiable,,,,orphan,51.7,,,true,,,,,,,,,
2017,GS1,daca2e9f-012e-46fc-8b10-b6df340b4200,57,GS1-Q18,,,Examine the role of 'Information Technology' (IT) as a force multiplier in the growth of urban-centric hubs in India.,,54.1,delete,true,aggregator-only,unverifiable,,,,orphan,50.0,,,true,,,,,,,,,
2017,GS1,daca2e9f-012e-46fc-8b10-b6df340b4200,58,GS1-Q19,12,GS1-Q12,Distinguish between religiousness/religiosity and communalism giving one example of how the former has got transformed into the latter in independent India.,Distinguish between religiousness/religiosity and communalism giving one example of how the former has got transformed into the latter in independent India.,100.0,keep,true,aggregator-only,unverifiable,,unverifiable,,exact,100.0,exact,100.0,true,,,,,,,,,
2017,GS1,daca2e9f-012e-46fc-8b10-b6df340b4200,59,GS1-Q20,11,GS1-Q11,"""The growth of cities as IT hubs has opened up new avenues of employment, but has also created new problems."" Substantiate your answer with examples.","“The growth of cities as IT hubs has opened up new avenues of employment, but has also created new problems.” Substantiate this statement with examples.",92.4,keep,true,aggregator-only,unverifiable,,unverifiable,,variant,91.7,exact,99.3,true,,,,,,,,,
2017,GS1,daca2e9f-012e-46fc-8b10-b6df340b4200,,,2,GS1-Q2,,The women’s questions arose in modern India as a part of the 19th century social reform movement. What were the major issues and debates concerning women in that period?,49.4,insert,,aggregator-only,,,unverifiable,,,,exact,100.0,true,,,,,,,,,
2017,GS1,daca2e9f-012e-46fc-8b10-b6df340b4200,,,9,GS1-Q9,,"In the context of the diversity of India, can it be said that the regions form cultural units rather than the states? Give reasons with examples for your viewpoint.",53.1,insert,,aggregator-only,,,unverifiable,,,,exact,100.0,true,,,,,,,,,
2017,GS1,daca2e9f-012e-46fc-8b10-b6df340b4200,,,14,GS1-Q14,,In what way can floods be converted into a sustainable source of irrigation and all-weather inland navigation in India?,51.3,insert,,aggregator-only,,,unverifiable,,,,exact,100.0,true,,,,,,,,,
2017,GS1,daca2e9f-012e-46fc-8b10-b6df340b4200,,,15,GS1-Q15,,What characteristics can be assigned to monsoon climate that succeeds in feeding more than 50 percent of the world population residing in Monsoon Asia?,51.0,insert,,aggregator-only,,,unverifiable,,,,exact,100.0,true,,,,,,,,,
2017,GS2,d332fcad-6750-4542-af0a-3f203f819096,60,GS2-Q1,3,GS2-Q3,"""The local self-government system in India has not proved to be an effective instrument of governance."" Critically examine the statement and give your views to improve the situation.",“The local self-government system in India has not proved to be effective instrument of governance.” Critically examine the statement and give your views to improve the situation.,98.3,keep,true,aggregator-only,unverifiable,,unverifiable,,,,,,,,exact,98.3,exact,100.0,,,,
2017,GS2,d332fcad-6750-4542-af0a-3f203f819096,61,GS2-Q2,6,GS2-Q6,Critically examine the Supreme Court's judgement on 'National Anthem' in Context of Article 19(1)(a) of the Constitution of India.,"Critically examine the Supreme Court’s judgement on ‘National Judicial Appointments Commission Act, 2014’ with reference to appointment of judges of higher judiciary in India.",71.2,review,true,aggregator-only,unverifiable,,unverifiable,,,,,,,true,orphan,67.2,exact,100.0,,,,
2017,GS2,d332fcad-6750-4542-af0a-3f203f819096,62,GS2-Q3,8,GS2-Q8,Simultaneous election to the Lok Sabha and the State Assemblies will limit the amount of time and money spent in electioneering but it will reduce the government's accountability to the people. Discuss.,‘Simultaneous election to the Lok Sabha and the State Assemblies will limit the amount of time and money spent in electioneering but it will reduce the government’s accountability to the people.’ Discuss.,99.5,keep,true,aggregator-only,unverifiable,,unverifiable,,,,,,,,exact,100.0,exact,100.0,,,,
2017,GS2,d332fcad-6750-4542-af0a-3f203f819096,63,GS2-Q4,7,GS2-Q7,How do pressure groups influence Indian political process? Do you agree with the view that informal pressure groups are more powerful than formal ones?,How do pressure groups influence Indian political process? Do you agree with this view that informal pressure groups have emerged as more powerful than formal pressure groups in recent years?,90.6,keep,true,aggregator-only,unverifiable,,unverifiable,,,,,,,,variant,90.6,exact,100.0,,,,
2017,GS2,d332fcad-6750-4542-af0a-3f203f819096,64,GS2-Q5,4,GS2-Q4,Discuss the role of Public Accounts Committee in establishing accountability of the government to the people.,Discuss the role of the Public Accounts Committee in establishing accountability of the government to the people.,96.3,keep,true,aggregator-only,unverifiable,,unverifiable,,,,,,,,exact,100.0,exact,96.4,,,,
2017,GS2,d332fcad-6750-4542-af0a-3f203f819096,65,GS2-Q6,10,GS2-Q10,"""To ensure effective implementation of policies addressing water, sanitation and hygiene needs, the identification of beneficiary segments is to be synchronized with the anticipated outcomes."" Examine the statement in the context of the Swachh Bharat Mission.","To ensure effective implementation of policies addressing water, sanitation, and hygiene needs, the identification of beneficiary segments is to be synchronized with the anticipated outcomes. Examine the statement in the context of the WASH scheme.",98.3,keep,true,aggregator-only,unverifiable,,unverifiable,,,,,,,,variant,94.5,exact,98.4,,,,
2017,GS2,d332fcad-6750-4542-af0a-3f203f819096,66,GS2-Q7,12,GS2-Q12,"Does the Rights of Persons with Disabilities Act, 2016 ensure mechanism for enhanced administrative capacity for their empowerment? Examine.","Does the Rights of Persons with Disabilities Act, 2016 ensure effective mechanism for empowerment and inclusion of the intended beneficiaries in the society? Discuss.",78.0,review,true,aggregator-only,unverifiable,,unverifiable,,,,,,,true,orphan,71.5,exact,100.0,,,,
2017,GS2,d332fcad-6750-4542-af0a-3f203f819096,67,GS2-Q8,14,GS2-Q14,Hunger and Poverty are the biggest challenges for good governance in India still today. Evaluate how far success is achieved in tracking these problems.,Hunger and poverty are the biggest challenges for good governance in India still today. Evaluate how far successive governments have progressed in dealing with these humongous problems. Suggest measures for improvement.,87.7,keep,true,aggregator-only,unverifiable,,unverifiable,,,,,,,true,orphan,84.0,exact,100.0,,,,
2017,GS2,d332fcad-6750-4542-af0a-3f203f819096,68,GS2-Q9,16,GS2-Q16,"""China is using its economic relations and positive trade surplus as tools to develop potential military power status in Asia."" In the light of this statement, discuss its impact on India as her neighbour.","China is using its economic relations and positive trade surplus as tools to develop potential military power status in Asia. In the light of this statement, discuss its impact on India as her neighbour.",100.0,keep,true,aggregator-only,unverifiable,,unverifiable,,,,,,,,exact,100.0,exact,100.0,,,,
2017,GS2,d332fcad-6750-4542-af0a-3f203f819096,69,GS2-Q10,18,GS2-Q18,What are the main functions of the United Nations Economic and Social Council (ECOSOC)? Explain different functional commissions attached to it.,What are the main functions of the United Nations Economic and Social Council (ECOSOC)? Explain different functional commissions attached to it.,100.0,keep,true,aggregator-only,unverifiable,,unverifiable,,,,,,,,exact,100.0,exact,100.0,,,,
2017,GS2,d332fcad-6750-4542-af0a-3f203f819096,70,GS2-Q11,1,GS2-Q1,"Explain the salient features of the Constitution (One Hundred and First Amendment) Act, 2016. Do you think it is efficacious enough ""to remove cascading effect of taxes and provide for common national market for goods and services""?","Explain the salient features of the constitution (One Hundred and First Amendment) Act, 2016. Do you think it is efficacious enough ‘to remove cascading effect of taxes and provide for common national market for goods and services’?",100.0,keep,true,aggregator-only,unverifiable,,unverifiable,,,,,,,,exact,100.0,exact,100.0,,,,
2017,GS2,d332fcad-6750-4542-af0a-3f203f819096,71,GS2-Q12,2,GS2-Q2,Examine the scope of Fundamental Rights in the light of the latest judgement of the Supreme Court on Right to Privacy.,Examine the scope of Fundamental Rights in the light of the latest judgement of the Supreme Court on Right to Privacy.,100.0,keep,true,aggregator-only,unverifiable,,unverifiable,,,,,,,,exact,100.0,exact,100.0,,,,
2017,GS2,d332fcad-6750-4542-af0a-3f203f819096,72,GS2-Q13,5,GS2-Q5,"The Indian Constitution has provisions for holding joint session of the two houses of the Parliament. Enumerate the occasions when this would normally happen and also the occasions when it cannot, with reasons thereof.","The Indian Constitution has provisions for holding joint session of the two Houses of the Parliament. Enumerate the occasions when this would normally happen and also the occasions when it cannot, with reason thereof.",99.5,keep,true,aggregator-only,unverifiable,,unverifiable,,,,,,,,exact,99.5,exact,100.0,,,,
2017,GS2,d332fcad-6750-4542-af0a-3f203f819096,73,GS2-Q14,20,GS2-Q20,To enhance the quality of democracy in India the Election Commission of India has proposed electoral reforms in 2016. What are the suggested reforms and how far are they significant to make democracy successful?,To enhance the quality of democracy in India the Election Commission of India has proposed electoral reforms in 2016. What are the suggested reforms and how far are they significant to make democracy successful?,100.0,keep,true,aggregator-only,unverifiable,,unverifiable,,,,,,,,exact,100.0,exact,100.0,,,,
2017,GS2,d332fcad-6750-4542-af0a-3f203f819096,74,GS2-Q15,9,GS2-Q9,Is the National Commission for Women able to strategize and tackle the problems that women face at both public and private spheres? Give reasons in support of your answer.,Is the National Commission for Women able to strategize and tackle the problems that women face at both public and private spheres? Give reasons in support of your answer.,100.0,keep,true,aggregator-only,unverifiable,,unverifiable,,,,,,,,exact,100.0,exact,100.0,,,,
2017,GS2,d332fcad-6750-4542-af0a-3f203f819096,75,GS2-Q16,,,"""The cottage industries of India are among the world's most creative and expressive industries. But the sector faces severe challenges."" Examine the prospects and problems of this sector.",,50.4,delete,true,aggregator-only,unverifiable,,,,,,,,,,orphan,50.5,,,,,,
2017,GS2,d332fcad-6750-4542-af0a-3f203f819096,76,GS2-Q17,,,The concept of cooperative federalism has been increasingly emphasized in recent years. Highlight the drawbacks in the existing structure and the extent to which cooperative federalism would answer the shortcomings.,,47.9,delete,true,aggregator-only,unverifiable,,,,,,,,,,orphan,46.0,,,,,,
2017,GS2,d332fcad-6750-4542-af0a-3f203f819096,77,GS2-Q18,,,Evaluate the economic and strategic dimensions of India's Look East Policy in the context of post-Cold War international relations scenario.,,50.4,delete,true,aggregator-only,unverifiable,,,,,,,,,,orphan,51.1,,,,,,
2017,GS2,d332fcad-6750-4542-af0a-3f203f819096,78,GS2-Q19,,,"""Before any lasting peace can be established in Africa, its internal conflicts must be resolved."" In the light of this statement, examine the role of Indian Peace Keeping Forces in Africa.",,51.7,delete,true,aggregator-only,unverifiable,,,,,,,,,,orphan,52.7,,,,,,
2017,GS2,d332fcad-6750-4542-af0a-3f203f819096,79,GS2-Q20,,,What are the major challenges before the World Trade Organisation (WTO) in the context of recent global economic trends? How far can India protect its interests?,,51.9,delete,true,aggregator-only,unverifiable,,,,,,,,,,orphan,49.0,,,,,,
2017,GS2,d332fcad-6750-4542-af0a-3f203f819096,,,11,GS2-Q11,,‘The emergence of Self-Help Groups (SHGs) in contemporary times points to the slow but steady withdrawal of the state from developmental activities.’ Examine the role of the SHGs in developmental activities and the measures taken by the Government of India to promote the SHGs.,54.7,insert,,aggregator-only,,,unverifiable,,,,,,,,,,exact,98.5,,,,
2017,GS2,d332fcad-6750-4542-af0a-3f203f819096,,,13,GS2-Q13,,‘Poverty alleviation programmes in India remain mere showpieces until and unless they are backed up by political will.’ Discuss with reference to the performance of the major poverty alleviation programmes in India.,47.7,insert,,aggregator-only,,,unverifiable,,,,,,,,,,exact,100.0,,,,
2017,GS2,d332fcad-6750-4542-af0a-3f203f819096,,,15,GS2-Q15,,"Initially, Civil Services in India were designed to achieve the goals of neutrality and effectiveness, which seems to be lacking in the present context. Do you agree with the view that drastic reforms are required in Civil Services? Comment.",53.6,insert,,aggregator-only,,,unverifiable,,,,,,,,,,exact,100.0,,,,
2017,GS2,d332fcad-6750-4542-af0a-3f203f819096,,,17,GS2-Q17,,Indian Diaspora has an important role to play in South-East Asian countries’ economy and society. Appraise the role of the Indian Diaspora in South-East Asia in this context.,50.2,insert,,aggregator-only,,,unverifiable,,,,,,,,,,exact,97.7,,,,
2017,GS2,d332fcad-6750-4542-af0a-3f203f819096,,,19,GS2-Q19,,The question of India’s Energy Security constitutes the most important part of India’s economic progress. Analyze India’s energy policy cooperation with West Asian countries.,49.6,insert,,aggregator-only,,,unverifiable,,,,,,,,,,exact,100.0,,,,
2017,GS3,b5cbb735-b687-4de5-90cb-3978f48a71a1,1,GS3-Q1,1,GS3-Q1,"Among several factors for India's potential growth, savings rate is the most effective one. Do you agree? What are the other factors available for growth potential?","Among several factors for India’s potential growth, savings rate is the most effective one. Do you agree? What are the other factors available for growth potential?",99.4,keep,true,aggregator-only,exact,100.0,exact,100.0,,,,,,,,,,,,,,
2017,GS3,b5cbb735-b687-4de5-90cb-3978f48a71a1,2,GS3-Q2,8,GS3-Q8,Account for the failure of manufacturing sector in achieving the goal of labour-intensive exports. Suggest measures for more labour-intensive rather than capital-intensive exports.,Account for the failure of manufacturing sector in achieving the goal of labour-intensive exports rather than capital-intensive exports. Suggest measures for more labour-intensive rather than capital-intensive exports.,86.3,keep,true,aggregator-only,exact,100.0,orphan,82.4,,,,,,,,,,,,,,
2017,GS3,b5cbb735-b687-4de5-90cb-3978f48a71a1,3,GS3-Q3,10,GS3-Q10,Examine the development of Airports in India through joint ventures under Public-Private Partnership (PPP) model. What are the challenges faced by the authorities in this regard?,Examine the development of Airports in India through joint ventures under Public-Private Partnership (PPP) model. What are the challenges faced by the authorities in this regard?,100.0,keep,true,aggregator-only,exact,100.0,exact,100.0,,,,,,,,,,,,,,
2017,GS3,b5cbb735-b687-4de5-90cb-3978f48a71a1,4,GS3-Q4,5,GS3-Q5,"Explain various types of revolutions, took place in Agriculture after independence in India. How these revolutions have helped in poverty alleviation and food security in India?","Explain various types of revolutions, took place in Agriculture after independence in India. How these revolutions have helped in poverty alleviation and food security in India?",100.0,keep,true,aggregator-only,exact,98.9,exact,98.9,,,,,,,,,,,,,,
2017,GS3,b5cbb735-b687-4de5-90cb-3978f48a71a1,5,GS3-Q5,7,GS3-Q7,What are the reasons for poor acceptance of cost-effective small processing unit? How the food processing unit will be helpful to uplift the socio-economic status of poor farmers?,What are the reasons for poor acceptance of cost-effective small processing unit? How the food processing unit will be helpful to uplift the socio-economic status of poor farmers?,100.0,keep,true,aggregator-only,exact,100.0,exact,100.0,,,,,,,,,,,,,,
2017,GS3,b5cbb735-b687-4de5-90cb-3978f48a71a1,6,GS3-Q6,11,GS3-Q11,"Stem cell therapy is gaining popularity in India to treat a wide variety of medical conditions including Leukaemia, Thalassemia, damaged cornea and severe burns. Describe briefly what stem cell therapy is and what advantages it has over other treatments?","Stem cell therapy is gaining popularity in India to treat a wide variety of medical conditions including Leukaemia, Thalassemia, damaged cornea and severe burns. Describe briefly what stem cell therapy is and what advantages it has over other treatments?",100.0,keep,true,aggregator-only,exact,99.2,exact,99.2,,,,,,,,,,,,,,
2017,GS3,b5cbb735-b687-4de5-90cb-3978f48a71a1,7,GS3-Q7,13,GS3-Q13,"India has achieved remarkable successes in unmanned space missions including the Chandrayaan and Mars Orbitter Mission, but has not ventured into manned space missions. What are the main obstacles to launching a manned space mission, both in terms of technology and logistics? Examine critically.","India has achieved remarkable successes in unmanned space missions including the Chandrayaan and Mars Orbitter Mission, but has not ventured into manned space missions. What are the main obstacles to launching a manned space mission, both in terms of technology and logistics. Examine critically.",100.0,keep,true,aggregator-only,exact,100.0,exact,100.0,,,,,,,,,,,,,,
2017,GS3,b5cbb735-b687-4de5-90cb-3978f48a71a1,8,GS3-Q8,14,GS3-Q14,"Not many years ago, river linking was a concept but it is becoming a reality in the country. Discuss the advantages of river linking and its possible impact on the environment.","Not many years ago, river linking was a concept, but it is becoming a reality in the country. Discuss the advantages of river linking and its possible impact on the environment.",100.0,keep,true,aggregator-only,exact,100.0,exact,100.0,,,,,,,,,,,,,,
2017,GS3,b5cbb735-b687-4de5-90cb-3978f48a71a1,9,GS3-Q9,19,GS3-Q19,Discuss the potential threats of Cyber attack and the security framework to prevent it.,Discuss the potential threats of Cyber attack and the security framework to prevent it.,100.0,keep,true,aggregator-only,exact,100.0,exact,100.0,,,,,,,,,,,,,,
2017,GS3,b5cbb735-b687-4de5-90cb-3978f48a71a1,10,GS3-Q10,18,GS3-Q18,The North-East region of India has been infested with insurgency for a very long time. Analyze the major reasons for the survival of armed insurgency in this region.,The North-East region of India has been infested with insurgency for a very long time. Analyze the major reasons for the survival of armed insurgency in this region.,100.0,keep,true,aggregator-only,exact,100.0,exact,100.0,,,,,,,,,,,,,,
2017,GS3,b5cbb735-b687-4de5-90cb-3978f48a71a1,11,GS3-Q11,3,GS3-Q3,"One of the intended objectives of the Union Budget 2017-18 is to 'transform, energise and clean India'. Analyse the measures proposed in the Budget 2017-18 to achieve the objective.","One of the intended objectives of the Union Budget 2017-18 is to 'transform, energise and clean India'. Analyse the measures proposed in the Budget 2017-18 to achieve the objective.",100.0,keep,true,aggregator-only,exact,100.0,exact,100.0,,,,,,,,,,,,,,
2017,GS3,b5cbb735-b687-4de5-90cb-3978f48a71a1,12,GS3-Q12,9,GS3-Q9,"""Industrial growth rate has lagged-behind in the overall growth of Gross-Domestic-Product (GDP) in the post-reform period."" Give reasons. How far the recent changes in Industrial-Policy are capable of increasing the industrial growth rate?",“Industrial growth rate has lagged-behind in the overall growth of Gross-Domestic-Product (GDP) in the post-reform period.” Give reasons. How far the recent changes in Industrial-Policy are capable of increasing the industrial growth rate?,100.0,keep,true,aggregator-only,exact,100.0,exact,100.0,,,,,,,,,,,,,,
2017,GS3,b5cbb735-b687-4de5-90cb-3978f48a71a1,13,GS3-Q13,2,GS3-Q2,What are the salient features of 'inclusive growth'? Has India been experiencing such a growth process? Analyse and suggest measures for inclusive growth.,What are the salient features of 'inclusive growth'? Has India been experiencing such a growth process? Analyse and suggest measures for inclusive growth.,100.0,keep,true,aggregator-only,exact,100.0,exact,100.0,,,,,,,,,,,,,,
2017,GS3,b5cbb735-b687-4de5-90cb-3978f48a71a1,14,GS3-Q14,4,GS3-Q4,What are the major reasons for declining rice and wheat yield in the cropping system? How crop diversification is helpful to stabilise the yield of the crops in the system?,What are the major reasons for declining rice and wheat yield in the cropping system? How crop diversification is helpful to stabilise the yield of the crops in the system?,100.0,keep,true,aggregator-only,exact,98.8,exact,98.8,,,,,,,,,,,,,,
2017,GS3,b5cbb735-b687-4de5-90cb-3978f48a71a1,15,GS3-Q15,6,GS3-Q6,"How do subsidies affect the cropping pattern, crop diversity and economy of farmers? What is the significance of crop insurance, minimum support price and food processing for small and marginal farmers?","How do subsidies affect the cropping pattern, crop diversity, and economy of farmers? What is the significance of crop insurance, minimum support price, and food processing for small and marginal farmers?",100.0,keep,true,aggregator-only,exact,100.0,exact,100.0,,,,,,,,,,,,,,
2017,GS3,b5cbb735-b687-4de5-90cb-3978f48a71a1,16,GS3-Q16,12,GS3-Q12,Give an account of the growth and development of nuclear science and technology in India. What is the advantage of fast breeder reactor programme in India?,Give an account of the growth and development of nuclear science and technology in India. What is the advantage of fast breeder reactor programme in India?,100.0,keep,true,aggregator-only,exact,100.0,exact,100.0,,,,,,,,,,,,,,
2017,GS3,b5cbb735-b687-4de5-90cb-3978f48a71a1,17,GS3-Q17,15,GS3-Q15,'Climate change' is a global problem. How India will be affected by climate change? How Himalayan and coastal states of India will be affected by climate change?,‘Climate change’ is a global problem. How India will be affected by climate change? How Himalayan and coastal states of India will be affected by climate change?,100.0,keep,true,aggregator-only,exact,100.0,exact,100.0,,,,,,,,,,,,,,
2017,GS3,b5cbb735-b687-4de5-90cb-3978f48a71a1,18,GS3-Q18,16,GS3-Q16,"On December 2004, tsunami brought havoc on fourteen countries including India. Discuss the factors responsible for occurrence of tsunami and its effects on life and economy. In the light of guidelines of NDMA (2010) describe the mechanisms for preparedness to reduce the risk during such events.","On December 2004, tsunami brought havoc on fourteen countries including India. Discuss the factors responsible for occurrence of tsunami and its effects on life and economy. In the light of guidelines of NDMA (2010) describe the mechanisms for preparedness to reduce the risk during such events.",100.0,keep,true,aggregator-only,exact,100.0,exact,100.0,,,,,,,,,,,,,,
2017,GS3,b5cbb735-b687-4de5-90cb-3978f48a71a1,19,GS3-Q19,17,GS3-Q17,"Mob violence is emerging as a serious law and order problem in India. By giving suitable examples, analyze the causes and consequences of such violence.","Mob violence is emerging as a serious law and order problem in India. By giving suitable examples, analyze the causes and consequences of such violence.",100.0,keep,true,aggregator-only,exact,100.0,exact,100.0,,,,,,,,,,,,,,
2017,GS3,b5cbb735-b687-4de5-90cb-3978f48a71a1,20,GS3-Q20,20,GS3-Q20,The scourge of terrorism is a grave challenge to national security. What solutions do you suggest to curb this growing menace? What are the major sources of terrorist funding?,The scourge of terrorism is a grave challenge to national security. What solutions do you suggest to curb this growing menace? What are the major sources of terrorist funding?,100.0,keep,true,aggregator-only,exact,100.0,exact,100.0,,,,,,,,,,,,,,
2017,GS4,dee30326-920a-40cf-bee0-a5b4c76760f7,21,GS4-Q1,7,GS4-A-Q4,"Conflict of interest in the public sector arises when (a) official duties, (b) public interest, and (c) personal interest are taking priority one above the other. How can this conflict in administration be resolved? Describe with an example.","Conflict of interest in the public sector arises when (a) official duties, (b) public interest, and (c) personal interest are taking priority one above the other. How can this conflict in administration be resolved? Describe with an example.",100.0,keep,true,aggregator-only,exact,100.0,exact,100.0,,,,,,,,,,,,,,
2017,GS4,dee30326-920a-40cf-bee0-a5b4c76760f7,22,GS4-Q2,13,GS4-A-Q7,Examine the relevance of the following in the context of civil service: (a) Transparency (b) Accountability (c) Fairness and justice (d) Courage of conviction (e) Spirit of service,Examine the relevance of the following in the context of civil service: (a) Transparency (b) Accountability (c) Fairness and justice (d) Courage of conviction (e) Spirit of service.,100.0,keep,true,aggregator-only,variant,94.1,variant,94.1,,,,,,,,,,,,,,
2017,GS4,dee30326-920a-40cf-bee0-a5b4c76760f7,23,GS4-Q3,9,GS4-A-Q5,Young people with ethical conduct are not willing to come forward to join active politics. Suggest steps to motivate them to come forward.,Young people with ethical conduct are not willing to come forward to join active politics. Suggest steps to motivate them to come forward.,100.0,keep,true,aggregator-only,exact,100.0,exact,100.0,,,,,,,,,,,,,,
2017,GS4,dee30326-920a-40cf-bee0-a5b4c76760f7,24,GS4-Q4a,11,GS4-A-Q6,One of the tests of integrity is complete refusal to be compromised. Explain with reference to a real life example.,One of the tests of integrity is complete refusal to be compromised. Explain with reference to a real life example.,100.0,keep,true,aggregator-only,exact,100.0,exact,100.0,,,,,,,,,,,,,,
2017,GS4,dee30326-920a-40cf-bee0-a5b4c76760f7,25,GS4-Q4b,17,GS4-A-Q12,Corporate social responsibility makes companies more profitable and sustainable. Analyse.,Corporate social responsibility makes companies more profitable and sustainable. Analyse.,100.0,keep,true,aggregator-only,exact,100.0,exact,100.0,,,,,,,,,,,,,,
2017,GS4,dee30326-920a-40cf-bee0-a5b4c76760f7,26,GS4-Q5a,15,GS4-A-Q9,"""Great ambition is the passion of a great character. Those endowed with it may perform very good or very bad acts. All depends on the principles which direct them."" - Napoleon Bonaparte. Stating examples mention the rulers (i) who have harmed society and country, (ii) who worked for the development of society and country.","""Great ambition is the passion of a great character. Those endowed with it may perform very good or very bad acts. All depends on the principles which direct them."" — Napoleon Bonaparte. Stating examples mention the rulers (i) who have harmed society and country, (ii) who worked for the development of society and country.",100.0,keep,true,aggregator-only,exact,97.4,exact,97.4,,,,,,,,,,,,,,
2017,GS4,dee30326-920a-40cf-bee0-a5b4c76760f7,27,GS4-Q5b,16,GS4-A-Q11,"""If a country is to be corruption free and become a nation of beautiful minds, I strongly feel there are three key societal members who can make a difference. They are the father, the mother and the teacher."" - A.P.J. Abdul Kalam. Analyse.","""If a country is to be corruption free and become a nation of beautiful minds, I strongly feel there are three key societal members who can make a difference. They are the father, the mother and the teacher."" - A.P.J. Abdul Kalam. Analyse.",100.0,keep,true,aggregator-only,exact,100.0,exact,100.0,,,,,,,,,,,,,,
2017,GS4,dee30326-920a-40cf-bee0-a5b4c76760f7,28,GS4-Q6a,14,GS4-A-Q8,How will you apply emotional intelligence in administrative practices?,How will you apply emotional intelligence in administrative practices?,100.0,keep,true,aggregator-only,exact,100.0,exact,100.0,,,,,,,,,,,,,,
2017,GS4,dee30326-920a-40cf-bee0-a5b4c76760f7,29,GS4-Q6b,18,GS4-A-Q13,"Strength, peace and security are considered to be the pillars of international relations. Elucidate.","Strength, peace and security are considered to be the pillars of international relations. Elucidate.",100.0,keep,true,aggregator-only,exact,100.0,exact,100.0,,,,,,,,,,,,,,
2017,GS4,dee30326-920a-40cf-bee0-a5b4c76760f7,30,GS4-Q7a,1,GS4-A-Q1,The crisis of ethical values in modern times is traced to a narrow perception of the good life. Discuss.,The crisis of ethical values in modern times is traced to a narrow perception of the good life. Discuss.,100.0,keep,true,aggregator-only,exact,100.0,exact,100.0,,,,,,,,,,,,,,
2017,GS4,dee30326-920a-40cf-bee0-a5b4c76760f7,31,GS4-Q7b,3,GS4-A-Q2,"Increased national wealth did not result in equitable distribution of its benefits. It has created only some ""enclaves of modernity and prosperity for a small minority at the cost of the majority."" Justify.","Increased national wealth did not result in equitable distribution of its benefits. It has created only some ""enclaves of modernity and prosperity for a small minority at the cost of the majority."" Justify.",100.0,keep,true,aggregator-only,exact,100.0,exact,100.0,,,,,,,,,,,,,,
2017,GS4,dee30326-920a-40cf-bee0-a5b4c76760f7,32,GS4-Q8a,2,GS4-B-Q1,"Discipline generally implies following the order and subordination. However, it may be counter-productive for the organisation. Discuss.","Discipline generally implies following the order and subordination. However, it may be counter-productive for the organisation. Discuss.",100.0,keep,true,aggregator-only,exact,100.0,exact,100.0,,,,,,,,,,,,,,
2017,GS4,dee30326-920a-40cf-bee0-a5b4c76760f7,33,GS4-Q8b,5,GS4-A-Q3,"Without commonly shared and widely entrenched moral values and obligations, neither the law, nor democratic government, nor even the market economy will function properly. What do you understand by this statement? Explain with illustration in the contemporary times.","Without commonly shared and widely entrenched moral values and obligations, neither the law, nor democratic government, nor even the market economy will function properly. What do you understand by this statement? Explain with illustration in the contemporary times.",100.0,keep,true,aggregator-only,exact,100.0,exact,100.0,,,,,,,,,,,,,,
2017,GS4,dee30326-920a-40cf-bee0-a5b4c76760f7,34,GS4-Q9,6,GS4-B-Q3,"You are an honest and responsible civil servant. You often observe the following: (a) There is a general perception that adhering to ethical conduct one may face difficulties to oneself and cause problems for the family, whereas unfair practices may help to reach the career goals. (b) When the number of people adopting unfair means is large, a small minority having a penchant towards ethical means makes no difference. (c) Sticking to ethical means is detrimental to the larger developmental goals. (d) While one may not involve oneself in large unethical practices, but giving and accepting small gifts makes the system more efficient. Examine the above statements with their merits and demerits.","You are an honest and responsible civil servant. You often observe the following : (a) There is a general perception that adhering to ethical conduct one may face difficulties to oneself and cause problems for the family, whereas unfair practices may help to reach the career goals. (b) When the number of people adopting unfair means is large, a small minority having a penchant towards ethical means makes no difference. (c) Sticking to ethical means is detrimental to the larger developmental goals. (d) While one may not involve oneself in large unethical practices, but giving and accepting small gifts makes the system more efficient. Examine the above statements with their merits and demerits.",100.0,keep,true,aggregator-only,exact,100.0,exact,100.0,,,,,,,,,,,,,,
2017,GS4,dee30326-920a-40cf-bee0-a5b4c76760f7,35,GS4-Q10,,,"You are aspiring to become an IAS officer and you have cleared various stages and now you have been selected for the personal interview. On the day of the interview, on the way to the venue you saw an accident where a mother and child who happen to be your relatives were badly injured. They needed immediate help. What would you have done in such a situation? Justify your action.",,50.5,review,true,aggregator-only,exact,100.0,,,,,,,,,,,,,,,,
2017,GS4,dee30326-920a-40cf-bee0-a5b4c76760f7,36,GS4-Q11,12,GS4-B-Q6,"You are the head of the Human Resources department of an organisation. One day one of the workers died on duty. His family was demanding compensation. However, the company denied compensation because it was revealed in investigation that he was drunk at the time of the accident. The workers of the company went on to strike demanding compensation for the family of the deceased. The Chairman of the management board has asked for your recommendation. What recommendation would you provide to the management? Discuss the merits and demerits of each of the recommendations.","You are the head of the Human Resources department of an organisation. One day one of the workers died on duty. His family was demanding compensation. However, the company denied compensation because it was revealed in investigation that he was drunk at the time of the accident. The workers of the company went on to strike demanding compensation for the family of the deceased. The Chairman of the management board has asked for your recommendation. What recommendation would you provide to the management ? Discuss the merits and demerits of each of the recommendations.",100.0,keep,true,aggregator-only,exact,100.0,exact,100.0,,,,,,,,,,,,,,
2017,GS4,dee30326-920a-40cf-bee0-a5b4c76760f7,37,GS4-Q12,4,GS4-B-Q2,"You are the manager of a spare parts company A and you have to negotiate a deal with the manager of a large manufacturing company B. The deal is highly competitive and sealing the deal is critical for your company. The deal is being worked out over a dinner. After dinner the manager of manufacturing company B offered to drop you to the hotel in his car. On the way to the hotel he happens to hit a motorcycle injuring the motorcyclist badly. You know the manager was driving fast and thus lost control. The law enforcement officer comes to investigate the issue and you are the sole eyewitness to it. Knowing the strict laws pertaining to road accidents you are aware that your honest account of the incident would lead to the prosecution of the manager and as a consequence the deal is likely to be jeopardized, which is of immense importance to your company. What are the dilemmas you face? What will be your response to the situation?","You are the manager of a spare parts company A and you have to negotiate a deal with the manager of a large manufacturing company B. The deal is highly competitive and sealing the deal is critical for your company. The deal is being worked out over a dinner. After dinner the manager of manufacturing company B offered to drop you to the hotel in his car. On the way to the hotel he happens to hit a motorcycle injuring the motorcyclist badly. You know the manager was driving fast and thus lost control. The law enforcement officer comes to investigate the issue and you are the sole eyewitness to it. Knowing the strict laws pertaining to road accidents you are aware that your honest account of the incident would lead to the prosecution of the manager and as a consequence the deal is likely to be jeopardized, which is of immense importance to your company. What are the dilemmas you face ? What will be your response to the situation ?",100.0,keep,true,aggregator-only,exact,100.0,exact,100.0,,,,,,,,,,,,,,
2017,GS4,dee30326-920a-40cf-bee0-a5b4c76760f7,38,GS4-Q13,8,GS4-B-Q4,"A building permitted for three floors, while being extended illegally to 6 floors by a builder, collapses. As a consequence, a number of innocent labourers including women and children died. These labourers are migrants of different places. The government immediately announced cash relief to the aggrieved families and arrested the builder. Give reasons for such incidents taking place across the country. Suggest measures to prevent their occurrence.","A building permitted for three floors, while being extended illegally to 6 floors by a builder, collapses. As a consequence, a number of innocent labourers including women and children died. These labourers are migrants of different places. The government immediately announced cash relief to the aggrieved families and arrested the builder. Give reasons for such incidents taking place across the country. Suggest measures to prevent their occurrence.",100.0,keep,true,aggregator-only,exact,99.5,exact,99.5,,,,,,,,,,,,,,
2017,GS4,dee30326-920a-40cf-bee0-a5b4c76760f7,39,GS4-Q14,10,GS4-B-Q5,"You are a Public Information Officer (PIO) in a government department. You are aware that the RTI Act, 2005 envisages transparency and accountability in administration. The act has functioned as a check on the supposedly arbitrarily administrative behaviour and actions. However, as a PIO you have observed that there are citizens who filed RTI applications not for themselves but on behalf of such stakeholders who purportedly want to have access to information to further their own interests. At the same time there are those RTI activists who routinely file RTI applications and attempt to extort money from the decision makers. This type of RTI activism has affected the functioning of the administration adversely and also possibly jeopardizes the genuineness of the applications which are essentially aimed at getting justice. What measures would you suggest to separate genuine and non-genuine applications? Give merits and demerits of your suggestions.","You are a Public Information Officer (PIO) in a government department. You are aware that the RTI Act, 2005 envisages transparency and accountability in administration. The act has functioned as a check on the supposedly arbitrarily administrative behaviour and actions. However, as a PIO you have observed that there are citizens who filed RTI applications not for themselves but on behalf of such stakeholders who purportedly want to have access to information to further their own interests. At the same time there are those RTI activists who routinely file RTI applications and attempt to extort money from the decision makers. This type of RTI activism has affected the functioning of the administration adversely and also possibly jeopardizes the genuineness of the applications which are essentially aimed at getting justice. What measures would you suggest to separate genuine and non-genuine applications ? Give merits and demerits of your suggestions.",100.0,keep,true,aggregator-only,exact,100.0,exact,100.0,,,,,,,,,,,,,,
2018,GS1,daca2e9f-012e-46fc-8b10-b6df340b4200,1,GS1-Q1,2,GS1-Q2,Safeguarding the Indian art heritage is the need of the moment. Comment.,Safeguarding the Indian art heritage is the need of the moment. Discuss.,95.5,keep,true,aggregator-only,unverifiable,,unverifiable,,variant,91.4,exact,100.0,true,,,,,,,,,
2018,GS1,daca2e9f-012e-46fc-8b10-b6df340b4200,2,GS1-Q2,6,GS1-Q6,Assess the importance of the accounts of the Chinese and Arab travellers in the reconstruction of the history of India.,Assess the importance of the accounts of the Chinese and Arab travellers in the reconstruction of the history of India.,100.0,keep,true,aggregator-only,unverifiable,,unverifiable,,exact,100.0,exact,100.0,true,,,,,,,,,
2018,GS1,daca2e9f-012e-46fc-8b10-b6df340b4200,3,GS1-Q3,3,GS1-Q3,Throw light on the significance of the thoughts of Mahatma Gandhi in the present times.,Throw light on the significance of the thoughts of Mahatma Gandhi in the present times.,100.0,keep,true,aggregator-only,unverifiable,,unverifiable,,exact,100.0,exact,100.0,true,,,,,,,,,
2018,GS1,daca2e9f-012e-46fc-8b10-b6df340b4200,4,GS1-Q4,20,GS1-Q20,Why is Indian Regional Navigational Satellite System (IRNSS) needed? How does it help in navigation?,Why is Indian Regional Navigational Satellite System (IRNSS) needed? How does it help in navigation?,100.0,keep,true,aggregator-only,unverifiable,,unverifiable,,exact,97.9,exact,97.9,true,,,,,,,,,
2018,GS1,daca2e9f-012e-46fc-8b10-b6df340b4200,5,GS1-Q5,19,GS1-Q19,Why is India taking keen interest in the Arctic region?,Why is India taking keen interest in resources of Arctic Region?,84.2,review,true,aggregator-only,unverifiable,,unverifiable,,orphan,79.6,exact,100.0,true,true,,,,,,,,
2018,GS1,daca2e9f-012e-46fc-8b10-b6df340b4200,6,GS1-Q6,18,GS1-Q18,Define mantle plume and explain its role in plate tectonics.,Define mantle plume and explain its role in plate tectonics.,100.0,keep,true,aggregator-only,unverifiable,,unverifiable,,exact,100.0,exact,100.0,true,,,,,,,,,
2018,GS1,daca2e9f-012e-46fc-8b10-b6df340b4200,7,GS1-Q7,16,GS1-Q16,What are the consequences of spreading of 'Dead Zones' on marine ecosystem?,What are the consequences of spreading of ‘Dead Zones’ on marine ecosystem?,100.0,keep,true,aggregator-only,unverifiable,,unverifiable,,exact,100.0,exact,100.0,true,,,,,,,,,
2018,GS1,daca2e9f-012e-46fc-8b10-b6df340b4200,8,GS1-Q8,7,GS1-Q7,"""Caste system is assuming new identities and associational forms. Hence, caste system cannot be eradicated in India."" Comment.","""Caste system is assuming new identities and associational forms. Hence, caste system cannot be eradicated in India.” Comment.",100.0,keep,true,aggregator-only,unverifiable,,unverifiable,,exact,100.0,exact,100.0,true,,,,,,,,,
2018,GS1,daca2e9f-012e-46fc-8b10-b6df340b4200,9,GS1-Q9,8,GS1-Q8,"'Despite implementation of various programmes for eradication of poverty by the government in India, poverty is still existing.' Explain by giving reasons.","‘Despite implementation of various programmes for eradication of poverty by the government in India, poverty is still existing.’ Explain by giving reasons.",100.0,keep,true,aggregator-only,unverifiable,,unverifiable,,exact,100.0,exact,100.0,true,,,,,,,,,
2018,GS1,daca2e9f-012e-46fc-8b10-b6df340b4200,10,GS1-Q10,11,GS1-Q11,How is the Indian concept of secularism different from the western model of secularism? Discuss.,How the Indian concept of secularism is different from the western model of secularism? Discuss.,96.8,keep,true,aggregator-only,unverifiable,,unverifiable,,exact,96.8,exact,100.0,true,,,,,,,,,
2018,GS1,daca2e9f-012e-46fc-8b10-b6df340b4200,11,GS1-Q11,1,GS1-Q1,The Bhakti movement received a remarkable re-orientation with the advent of Sri Chaitanya Mahaprabhu. Discuss.,The Bhakti movement received a remarkable re-orientation with the advent of Sri Chaitanya Mahaprabhu. Discuss.,100.0,keep,true,aggregator-only,unverifiable,,unverifiable,,exact,99.1,exact,99.1,true,,,,,,,,,
2018,GS1,daca2e9f-012e-46fc-8b10-b6df340b4200,12,GS1-Q12,5,GS1-Q5,Discuss whether formation of new states in recent times is beneficial or not for the economy of India.,Discuss whether formation of new states in recent times is beneficial or not for the economy of India.,100.0,keep,true,aggregator-only,unverifiable,,unverifiable,,exact,100.0,exact,100.0,true,,,,,,,,,
2018,GS1,daca2e9f-012e-46fc-8b10-b6df340b4200,13,GS1-Q13,4,GS1-Q4,Why indentured labour was taken by the British from India to their colonies? Have they been able to preserve their cultural identity over there?,Why indentured labour was taken by the British from India to other colonies? Have they been able to preserve their cultural identity over there?,99.3,keep,true,aggregator-only,unverifiable,,unverifiable,,exact,99.3,exact,100.0,true,,,,,,,,,
2018,GS1,daca2e9f-012e-46fc-8b10-b6df340b4200,14,GS1-Q14,14,GS1-Q14,"""The ideal solution of depleting ground water resources in India is water harvesting system."" How can it be made effective in urban areas?",“The ideal solution of depleting ground water resources in India is water harvesting system.” How can it be made effective in urban areas?,100.0,keep,true,aggregator-only,unverifiable,,unverifiable,,exact,100.0,exact,100.0,true,,,,,,,,,
2018,GS1,daca2e9f-012e-46fc-8b10-b6df340b4200,15,GS1-Q15,15,GS1-Q15,"Defining blue revolution, explain the problems and strategies for pisciculture development in India.","Defining blue revolution, explain the problems and strategies for pisciculture development in India.",100.0,keep,true,aggregator-only,unverifiable,,unverifiable,,exact,100.0,exact,100.0,true,,,,,,,,,
2018,GS1,daca2e9f-012e-46fc-8b10-b6df340b4200,16,GS1-Q16,17,GS1-Q17,"What is the significance of Industrial Corridors in India? Identifying industrial corridors, explain their main characteristics.","What is the significance of Industrial Corridors in India? Identifying industrial corridors, explain their main characteristics.",100.0,keep,true,aggregator-only,unverifiable,,unverifiable,,exact,100.0,exact,100.0,true,,,,,,,,,
2018,GS1,daca2e9f-012e-46fc-8b10-b6df340b4200,17,GS1-Q17,12,GS1-Q12,"Mention core strategies for the transformation of aspirational districts in India and explain the nature of convergence, collaboration and competition for its success.","Mention core strategies for the transformation of aspirational districts in India and explain the nature of convergence, collaboration, and competition for its success.",100.0,keep,true,aggregator-only,unverifiable,,unverifiable,,exact,100.0,exact,100.0,true,,,,,,,,,
2018,GS1,daca2e9f-012e-46fc-8b10-b6df340b4200,18,GS1-Q18,9,GS1-Q9,'Women's movement in India has not addressed the issues of women of lower social strata.' Substantiate your view.,‘Women’s movement in India has not addressed the issues of women of lower social strata.’ Substantiate your view.,99.1,keep,true,aggregator-only,unverifiable,,unverifiable,,exact,100.0,exact,100.0,true,,,,,,,,,
2018,GS1,daca2e9f-012e-46fc-8b10-b6df340b4200,19,GS1-Q19,10,GS1-Q10,'Globalisation is generally said to promote cultural homogenisation but due to this cultural specificities appear to be strengthened in the Indian society.' Elucidate.,‘Globalization is generally said to promote cultural homogenization but due to this cultural specificities appear to be strengthened in the Indian Society.’ Elucidate.,98.8,keep,true,aggregator-only,unverifiable,,unverifiable,,exact,98.8,exact,100.0,true,,,,,,,,,
2018,GS1,daca2e9f-012e-46fc-8b10-b6df340b4200,20,GS1-Q20,13,GS1-Q13,'Communalism arises either due to power struggle or relative deprivation.' Argue by giving suitable illustrations.,"""Communalism arises either due to power struggle or relative deprivation."" Argue by giving suitable illustrations.",100.0,keep,true,aggregator-only,unverifiable,,unverifiable,,exact,99.1,exact,99.1,true,,,,,,,,,
2018,GS2,d332fcad-6750-4542-af0a-3f203f819096,21,GS2-Q1,6,GS2-Q6,"In the light of recent controversy regarding the use of Electronic Voting Machines (EVM), what are the challenges before the Election Commission of India to ensure the trustworthiness of elections in India?","In the light of recent controversy regarding the use of Electronic Voting Machines (EVM), what are the challenges before the Election Commission of India to ensure the trustworthiness of elections in India?",100.0,keep,true,aggregator-only,exact,100.0,exact,100.0,,,,,,,,,,,,,,
2018,GS2,d332fcad-6750-4542-af0a-3f203f819096,22,GS2-Q2,8,GS2-Q8,Whether National Commission for Scheduled Castes (NCSC) can enforce the implementation of constitutional reservation for the Scheduled Castes in the religious minority institutions? Examine.,Whether National Commission for Scheduled Castes (NCSC) can enforce the implementation of constitutional reservation for the Scheduled Castes in the religious minority institutions? Examine.,100.0,keep,true,aggregator-only,exact,100.0,exact,100.0,,,,,,,,,,,,,,
2018,GS2,d332fcad-6750-4542-af0a-3f203f819096,23,GS2-Q3,1,GS2-Q1,Under what circumstances can the Financial Emergency be proclaimed by the President of India? What consequences follow when such a declaration remains in force?,Under what circumstances can the Financial Emergency be proclaimed by the President of India? What consequences follow when such a declaration remains in force?,100.0,keep,true,aggregator-only,exact,100.0,exact,100.0,,,,,,,,,,,,,,
2018,GS2,d332fcad-6750-4542-af0a-3f203f819096,24,GS2-Q4,3,GS2-Q3,"Why do you think the committees are considered to be useful for parliamentary work? Discuss, in this context, the role of the Estimates Committee.","Why do you think committees are considered to be useful for parliamentary work? Discuss, in this context, the role of the Estimates Committee.",97.1,keep,true,aggregator-only,exact,99.3,exact,96.4,,,,,,,,,,,,,,
2018,GS2,d332fcad-6750-4542-af0a-3f203f819096,25,GS2-Q5,7,GS2-Q7,"""The Comptroller and Auditor General (CAG) has a very vital role to play."" Explain how this is reflected in the method and terms of his appointment as well as the range of powers he can exercise.",“The Comptroller and Auditor General (CAG) has a very vital role to play.” Explain how this is reflected in the method and terms of his appointment as well as the range of powers he can exercise.,100.0,keep,true,aggregator-only,exact,100.0,exact,100.0,,,,,,,,,,,,,,
2018,GS2,d332fcad-6750-4542-af0a-3f203f819096,26,GS2-Q6,10,GS2-Q10,"""Policy contradictions among various competing sectors and stakeholders have resulted in inadequate 'protection and prevention of degradation' to environment."" Comment with relevant illustrations.",Policy contradictions among various competing sectors and stakeholders have resulted in inadequate ‘protection and prevention of degradation’ to environment. Comment with relevant illustrations.,100.0,keep,true,aggregator-only,exact,100.0,exact,100.0,,,,,,,,,,,,,,
2018,GS2,d332fcad-6750-4542-af0a-3f203f819096,27,GS2-Q7,12,GS2-Q12,Appropriate local community level healthcare intervention is a prerequisite to achieve 'Health for All' in India. Explain.,Appropriate local community-level healthcare intervention is a prerequisite to achieve ‘Health for All’ in India. Explain.,100.0,keep,true,aggregator-only,exact,100.0,exact,100.0,,,,,,,,,,,,,,
2018,GS2,d332fcad-6750-4542-af0a-3f203f819096,28,GS2-Q8,14,GS2-Q14,"E-governance is not only about utilization of the power of new technology, but also much about critical importance of the 'use value' of information. Explain.","e-Governance is not only about utilization of the power of new technology, but also much about critical importance of the ‘use value’ of information. Explain.",100.0,keep,true,aggregator-only,exact,100.0,exact,100.0,,,,,,,,,,,,,,
2018,GS2,d332fcad-6750-4542-af0a-3f203f819096,29,GS2-Q9,16,GS2-Q16,"""India's relations with Israel have, of late, acquired a depth and diversity, which cannot be rolled back."" Discuss.","“India’s relations with Israel have, of late, acquired a depth and diversity, which cannot be rolled back.” Discuss.",99.1,keep,true,aggregator-only,exact,99.1,exact,99.1,,,,,,,,,,,,,,
2018,GS2,d332fcad-6750-4542-af0a-3f203f819096,30,GS2-Q10,17,GS2-Q17,"A number of outside powers have entrenched themselves in Central Asia, which is a zone of interest to India. Discuss the implications, in this context, of India's joining the Ashgabat Agreement, 2018.","A number of outside powers have entrenched themselves in Central Asia, which is a zone of interest to India. Discuss the implications, in this context, of India’s joining the Ashgabat Agreement, 2018.",99.5,keep,true,aggregator-only,exact,100.0,exact,100.0,,,,,,,,,,,,,,
2018,GS2,d332fcad-6750-4542-af0a-3f203f819096,31,GS2-Q11,4,GS2-Q4,Whether the Supreme Court Judgement (July 2018) can settle the political tussle between the Lt. Governor and elected government of Delhi? Examine.,Whether the Supreme Court Judgement (July 2018) can settle the political tussle between the Lt. Governor and elected government of Delhi? Examine.,100.0,keep,true,aggregator-only,exact,99.3,exact,99.3,,,,,,,,,,,,,,
2018,GS2,d332fcad-6750-4542-af0a-3f203f819096,32,GS2-Q12,5,GS2-Q5,"How far do you agree with the view that tribunals curtail the jurisdiction of ordinary courts? In view of the above, discuss the constitutional validity and competency of the tribunals in India.","How far do you agree with the view that tribunals curtail the jurisdiction of ordinary courts? In view of the above, discuss the constitutional validity and competency of the tribunals in India.",100.0,keep,true,aggregator-only,exact,100.0,exact,100.0,,,,,,,,,,,,,,
2018,GS2,d332fcad-6750-4542-af0a-3f203f819096,33,GS2-Q13,18,GS2-Q18,India and USA are two large democracies. Examine the basic tenets on which the two political systems are based.,India and USA are two large democracies. Examine the basic tenets on which the two political systems are based.,100.0,keep,true,aggregator-only,exact,100.0,exact,100.0,,,,,,,,,,,,,,
2018,GS2,d332fcad-6750-4542-af0a-3f203f819096,34,GS2-Q14,9,GS2-Q9,How is the Finance Commission of India constituted? What do you know about the terms of reference of the recently constituted Finance Commission? Discuss.,How is the Finance Commission of India constituted? What do you know about the terms of reference of the recently constituted Finance Commission? Discuss.,100.0,keep,true,aggregator-only,exact,100.0,exact,100.0,,,,,,,,,,,,,,
2018,GS2,d332fcad-6750-4542-af0a-3f203f819096,35,GS2-Q15,2,GS2-Q2,"Assess the importance of the Panchayat system in India as a part of local government. Apart from government grants, what sources the Panchayats can look out for financing developmental projects?","Assess the importance of the Panchayat system in India as a part of local government. Apart from government grants, what sources the Panchayats can look out for financing developmental projects?",100.0,keep,true,aggregator-only,exact,100.0,exact,100.0,,,,,,,,,,,,,,
2018,GS2,d332fcad-6750-4542-af0a-3f203f819096,36,GS2-Q16,11,GS2-Q11,Multiplicity of various commissions for the vulnerable sections of the society leads to problems of overlapping jurisdiction and duplication of functions. Is it better to merge all commissions into an umbrella Human Rights Commission? Argue your case.,Multiplicity of various commissions for the vulnerable sections of society leads to problems of overlapping jurisdiction and duplication of functions. Is it better to merge all commissions into an umbrella Human Rights Commission? Argue your case.,98.4,keep,true,aggregator-only,exact,99.6,exact,98.0,,,,,,,,,,,,,,
2018,GS2,d332fcad-6750-4542-af0a-3f203f819096,37,GS2-Q17,13,GS2-Q13,How far do you agree with the view that the focus on lack of availability of food as the main cause of hunger takes the attention away from ineffective human development policies in India?,How far do you agree with the view that the focus on lack of availability of food as the main cause of hunger takes the attention away from ineffective human development policies in India?,100.0,keep,true,aggregator-only,exact,100.0,exact,100.0,,,,,,,,,,,,,,
2018,GS2,d332fcad-6750-4542-af0a-3f203f819096,38,GS2-Q18,15,GS2-Q15,"The Citizen's Charter is an ideal instrument of organisational transparency and accountability, but it has its own limitations. Identify the limitations and suggest measures for greater effectiveness of the Citizen's Charters.","The Citizens' Charter is an ideal instrument of organizational transparency and accountability, but it has its own limitations. Identify the limitations and suggest measures for greater effectiveness of the Citizens' Charter.",98.6,keep,true,aggregator-only,exact,98.2,exact,100.0,,,,,,,,,,,,,,
2018,GS2,d332fcad-6750-4542-af0a-3f203f819096,39,GS2-Q19,19,GS2-Q19,"What are the key areas of reform if the WTO has to survive in the present context of 'Trade War', especially keeping in mind the interest of India?","What are the key areas of reform if the WTO has to survive in the present context of ‘Trade War’, especially keeping in mind the interest of India?",100.0,keep,true,aggregator-only,exact,100.0,exact,100.0,,,,,,,,,,,,,,
2018,GS2,d332fcad-6750-4542-af0a-3f203f819096,40,GS2-Q20,20,GS2-Q20,In what ways would the ongoing US-Iran Nuclear Pact Controversy affect the national interest of India? How should India respond to this situation?,In what ways would the ongoing US-Iran Nuclear Pact Controversy affect the national interest of India? How should India respond to this situation?,100.0,keep,true,aggregator-only,exact,100.0,exact,100.0,,,,,,,,,,,,,,
2018,GS3,b5cbb735-b687-4de5-90cb-3978f48a71a1,41,GS3-Q1,3,GS3-Q3,"""Access to affordable, reliable, sustainable and modern energy is the sine qua non to achieve Sustainable Development Goals (SDGs)."" Comment on the progress made in India in this regard.","“Access to affordable, reliable, sustainable and modern energy is the sine qua non to achieve Sustainable Development Goals (SDGs).” Comment on the progress made in India in this regard.",100.0,keep,true,aggregator-only,exact,100.0,exact,100.0,,,,,,,,,,,,,,
2018,GS3,b5cbb735-b687-4de5-90cb-3978f48a71a1,42,GS3-Q2,4,GS3-Q4,Comment on the important changes introduced in respect of the Long term Capital Gains Tax (LCGT) and Dividend Distribution Tax (DDT) in the Union Budget for 2018-2019.,Comment on the important changes introduced in respect of the Long-term Capital Gains Tax (LCGT) and Dividend Distribution Tax (DDT) in the Union Budget for 2018-2019.,100.0,keep,true,aggregator-only,exact,100.0,exact,100.0,,,,,,,,,,,,,,
2018,GS3,b5cbb735-b687-4de5-90cb-3978f48a71a1,43,GS3-Q3,6,GS3-Q6,What do you mean by Minimum Support Price (MSP)? How will MSP rescue the farmers from the low income trap?,What do you mean by Minimum Support Price (MSP)? How will MSP rescue the farmers from the low income trap?,100.0,keep,true,aggregator-only,exact,100.0,exact,100.0,,,,,,,,,,,,,,
2018,GS3,b5cbb735-b687-4de5-90cb-3978f48a71a1,44,GS3-Q4,8,GS3-Q8,"Examine the role of supermarkets in supply chain management of fruits, vegetables and food items. How do they eliminate number of intermediaries?","Examine the role of supermarkets in supply chain management of fruits, vegetables, and food items. How do they eliminate number of intermediaries?",100.0,keep,true,aggregator-only,exact,99.3,exact,99.3,,,,,,,,,,,,,,
2018,GS3,b5cbb735-b687-4de5-90cb-3978f48a71a1,45,GS3-Q5,9,GS3-Q9,Discuss the work of 'Bose-Einstein Statistics' done by Prof. Satyendra Nath Bose and show how it revolutionized the field of Physics.,Discuss the work of ‘Bose-Einstein Statistics’ done by Prof. Satyendra Nath Bose and show how it revolutionized the field of Physics.,100.0,keep,true,aggregator-only,exact,100.0,exact,100.0,,,,,,,,,,,,,,
2018,GS3,b5cbb735-b687-4de5-90cb-3978f48a71a1,46,GS3-Q6,12,GS3-Q12,What are the impediments in disposing the huge quantities of discarded solid wastes which are continuously being generated? How do we remove safely the toxic wastes that have been accumulating in our habitable environment?,What are the impediments in disposing the huge quantities of discarded solid wastes which are continuously being generated? How do we remove safely the toxic wastes that have been accumulating in our habitable environment?,100.0,keep,true,aggregator-only,exact,100.0,exact,100.0,,,,,,,,,,,,,,
2018,GS3,b5cbb735-b687-4de5-90cb-3978f48a71a1,47,GS3-Q7,13,GS3-Q13,What is wetland? Explain the Ramsar concept of 'wise use' in the context of wetland conservation. Cite two examples of Ramsar sites from India.,What is wetland? Explain the Ramsar concept of ‘wise use’ in the context of wetland conservation. Cite two examples of Ramsar sites from India.,100.0,keep,true,aggregator-only,exact,100.0,exact,100.0,,,,,,,,,,,,,,
2018,GS3,b5cbb735-b687-4de5-90cb-3978f48a71a1,48,GS3-Q8,14,GS3-Q14,Sikkim is the first 'Organic State' in India. What are the ecological and economical benefits of Organic State?,Sikkim is the first ‘Organic State’ in India. What are the ecological and economical benefits of Organic State?,100.0,keep,true,aggregator-only,exact,100.0,exact,100.0,,,,,,,,,,,,,,
2018,GS3,b5cbb735-b687-4de5-90cb-3978f48a71a1,49,GS3-Q9,18,GS3-Q18,The China Pakistan Economic Corridor (CPEC) is viewed as a cardinal subset of China's larger 'One Belt One Road' initiative. Give a brief description of CPEC and enumerate the reasons why India has distanced itself from the same.,The China-Pakistan Economic Corridor (CPEC) is viewed as a cardinal subset of China’s larger ‘One Belt One Road’ initiative. Give a brief description of CPEC and enumerate the reasons why India has distanced itself from the same.,99.5,keep,true,aggregator-only,exact,100.0,exact,100.0,,,,,,,,,,,,,,
2018,GS3,b5cbb735-b687-4de5-90cb-3978f48a71a1,50,GS3-Q10,17,GS3-Q17,"Left Wing Extremism (LWE) is showing a downward trend, but still affects many parts of the country. Briefly explain the Government of India's approach to counter the challenges posed by LWE.","Left Wing Extremism (LWE) is showing a downward trend, but still affects many parts of the country. Briefly explain the Government of India’s approach to counter the challenges posed by LWE.",99.5,keep,true,aggregator-only,exact,100.0,exact,100.0,,,,,,,,,,,,,,
2018,GS3,b5cbb735-b687-4de5-90cb-3978f48a71a1,51,GS3-Q11,1,GS3-Q1,How are the principles followed by NITI Aayog different from those followed by the erstwhile Planning Commission in India?,How are the principles followed by the NITI Aayog different from those followed by the erstwhile Planning Commission in India?,96.7,keep,true,aggregator-only,exact,95.9,exact,98.4,,,,,,,,,,,,,,
2018,GS3,b5cbb735-b687-4de5-90cb-3978f48a71a1,52,GS3-Q12,2,GS3-Q2,How would the recent phenomena of protectionism and currency manipulations in world trade affect macroeconomic stability of India?,How would the recent phenomena of protectionism and currency manipulations in world trade affect macroeconomic stability of India?,100.0,keep,true,aggregator-only,exact,100.0,exact,100.0,,,,,,,,,,,,,,
2018,GS3,b5cbb735-b687-4de5-90cb-3978f48a71a1,53,GS3-Q13,7,GS3-Q7,"Assess the role of National Horticulture Mission (NHM) in boosting the production, productivity and income of horticulture farms. How far has it succeeded in increasing the income of farmers?","Assess the role of National Horticulture Mission (NHM) in boosting the production, productivity and income of horticulture farms. How far has it succeeded in increasing the income of farmers?",100.0,keep,true,aggregator-only,exact,100.0,exact,100.0,,,,,,,,,,,,,,
2018,GS3,b5cbb735-b687-4de5-90cb-3978f48a71a1,54,GS3-Q14,5,GS3-Q5,How has the emphasis on certain crops brought about changes in cropping patterns in recent past? Elaborate the emphasis on millets production and consumption.,How has the emphasis on certain crops brought about changes in cropping patterns in recent past? Elaborate on the emphasis on millets production and consumption.,98.1,keep,true,aggregator-only,exact,100.0,exact,98.1,,,,,,,,,,,,,,
2018,GS3,b5cbb735-b687-4de5-90cb-3978f48a71a1,55,GS3-Q15,10,GS3-Q10,Why is there so much activity in the field of biotechnology in our country? How has this activity benefitted the field of biopharma?,Why is there so much activity in the field of biotechnology in our country? How has this activity benefitted the field of biopharma?,100.0,keep,true,aggregator-only,exact,100.0,exact,100.0,,,,,,,,,,,,,,
2018,GS3,b5cbb735-b687-4de5-90cb-3978f48a71a1,56,GS3-Q16,11,GS3-Q11,With growing energy needs should India keep on expanding its nuclear energy programme? Discuss the facts and fears associated with nuclear energy.,With growing energy needs should India keep on expanding its nuclear energy programme? Discuss the facts and fears associated with nuclear energy.,100.0,keep,true,aggregator-only,exact,100.0,exact,100.0,,,,,,,,,,,,,,
2018,GS3,b5cbb735-b687-4de5-90cb-3978f48a71a1,57,GS3-Q17,15,GS3-Q15,"How does biodiversity vary in India? How is the Biological Diversity Act, 2002 helpful in conservation of flora and fauna?","How does biodiversity vary in India? How is the Biological Diversity Act, 2002 helpful in conservation of flora and fauna?",100.0,keep,true,aggregator-only,exact,100.0,exact,100.0,,,,,,,,,,,,,,
2018,GS3,b5cbb735-b687-4de5-90cb-3978f48a71a1,58,GS3-Q18,16,GS3-Q16,"Describe various measures taken in India for Disaster Risk Reduction (DRR) before and after signing 'Sendai Framework for DRR (2015-2030)'. How is this framework different from 'Hyogo Framework for Action, 2005'?","Describe various measures taken in India for Disaster Risk Reduction (DRR) before and after signing ‘Sendai Framework for DRR (2015-2030)’. How is this framework different from ‘Hyogo Framework for Action, 2005’?",100.0,keep,true,aggregator-only,exact,99.5,exact,99.5,,,,,,,,,,,,,,
2018,GS3,b5cbb735-b687-4de5-90cb-3978f48a71a1,59,GS3-Q19,20,GS3-Q20,"Data security has assumed significant importance in the digitized world due to rising cyber-crimes. The Justice B. N. Srikrishna Committee Report addresses issues related to data security. What, in your view, are the strengths and weaknesses of the Report relating to protection of personal data in cyber space?","Data security has assumed significant importance in the digitized world due to rising cyber crimes. The Justice B. N. Srikrishna Committee Report addresses issues related to data security. What, in your view, are the strengths and weaknesses of the Report relating to protection of personal data in cyber space?",100.0,keep,true,aggregator-only,exact,99.3,exact,99.3,,,,,,,,,,,,,,
2018,GS3,b5cbb735-b687-4de5-90cb-3978f48a71a1,60,GS3-Q20,19,GS3-Q19,"India's proximity to two of the world's biggest illicit opium-growing states has enhanced her internal security concerns. Explain the linkages between drug trafficking and other illicit activities such as gunrunning, money laundering and human trafficking. What countermeasures should be taken to prevent the same?","India’s proximity to two of the world’s biggest illicit opium-growing states has enhanced her internal security concerns. Explain the linkages between drug trafficking and other illicit activities such as gunrunning, money laundering and human trafficking. What counter-measures should be taken to prevent the same?",99.4,keep,true,aggregator-only,exact,99.7,exact,100.0,,,,,,,,,,,,,,
2018,GS4,dee30326-920a-40cf-bee0-a5b4c76760f7,61,GS4-Q1a,3,GS4-A-Q2,"State the three basic values, universal in nature, in the context of civil services and bring out their importance.","State the three basic values, universal in nature, in the context of civil services and bring out their importance.",100.0,keep,true,aggregator-only,exact,100.0,exact,100.0,,,,,,,,,,,,,,
2018,GS4,dee30326-920a-40cf-bee0-a5b4c76760f7,62,GS4-Q1b,17,GS4-A-Q11,"Distinguish between ""Code of ethics"" and ""Code of conduct"" with suitable examples.",Distinguish between “Code of ethics” and “Code of conduct” with suitable examples.,100.0,keep,true,aggregator-only,exact,100.0,exact,100.0,,,,,,,,,,,,,,
2018,GS4,dee30326-920a-40cf-bee0-a5b4c76760f7,63,GS4-Q2a,16,GS4-A-Q10,What is meant by public interest? What are the principles and procedures to be followed by the civil servants in public interest?,What is meant by public interest ? What are the principles and procedures to be followed by the civil servants in public interest ?,100.0,keep,true,aggregator-only,exact,100.0,exact,100.0,,,,,,,,,,,,,,
2018,GS4,dee30326-920a-40cf-bee0-a5b4c76760f7,64,GS4-Q2b,18,GS4-A-Q12,"""The Right to Information Act is not all about citizens' empowerment alone, it essentially redefines the concept of accountability."" Discuss.",“The Right to Information Act is not all about citizens’ empowerment alone; it essentially redefines the concept of accountability.” Discuss.,100.0,keep,true,aggregator-only,exact,100.0,exact,100.0,,,,,,,,,,,,,,
2018,GS4,dee30326-920a-40cf-bee0-a5b4c76760f7,65,GS4-Q3a,1,GS4-A-Q1,"What is meant by conflict of interest? Illustrate with examples, the difference between the actual and potential conflicts of interest.","What is meant by conflict of interest? Illustrate with examples, the difference between the actual and potential conflicts of interest.",100.0,keep,true,aggregator-only,exact,100.0,exact,100.0,,,,,,,,,,,,,,
2018,GS4,dee30326-920a-40cf-bee0-a5b4c76760f7,66,GS4-Q3b,9,GS4-A-Q5,"""In looking for people to hire, you look for three qualities: integrity, intelligence and energy. And if they do not have the first, the other two will kill you."" - Warren Buffett. What do you understand by this statement in the present-day scenario? Explain.","""In looking for people to hire, you look for three qualities : integrity, intelligence and energy. And if they do not have the first, the other two will kill you."" — Warren Buffett What do you understand by this statement in the present-day scenario ? Explain.",100.0,keep,true,aggregator-only,exact,100.0,exact,100.0,,,,,,,,,,,,,,
2018,GS4,dee30326-920a-40cf-bee0-a5b4c76760f7,67,GS4-Q4a,15,GS4-A-Q9,"""In doing a good thing, everything is permitted which is not prohibited expressly or by clear implication."" Examine the statement with suitable examples in the context of a public servant discharging his/her duties.","In doing a good thing, everything is permitted which is not prohibited expressly or by clear implication. Examine the statement with suitable examples in the context of a public servant discharging his/her duties.",100.0,keep,true,aggregator-only,exact,100.0,exact,100.0,,,,,,,,,,,,,,
2018,GS4,dee30326-920a-40cf-bee0-a5b4c76760f7,68,GS4-Q4b,11,GS4-A-Q6,"With regard to the morality of actions, one view is that means is of paramount importance and the other view is that the ends justify the means. Which view do you think is more appropriate? Justify your answer.","With regard to morality of actions, one view is that means are of paramount importance and the other view is that the ends justify the means. Which view do you think is more appropriate? Justify your answer.",97.0,keep,true,aggregator-only,exact,97.1,exact,100.0,,,,,,,,,,,,,,
2018,GS4,dee30326-920a-40cf-bee0-a5b4c76760f7,69,GS4-Q5a,13,GS4-A-Q7,Suppose the Government of India is thinking of constructing a dam in a mountain valley bound by forests and inhabited by ethnic communities. What rational policy should it resort to in dealing with unforeseen contingencies?,Suppose the Government of India is thinking of constructing a dam in a mountain valley bound by forests and inhabited by ethnic communities. What rational policy should it resort to in dealing with unforeseen contingencies?,100.0,keep,true,aggregator-only,exact,100.0,exact,100.0,,,,,,,,,,,,,,
2018,GS4,dee30326-920a-40cf-bee0-a5b4c76760f7,70,GS4-Q5b,14,GS4-A-Q8,Explain the process of resolving ethical dilemmas in Public Administration.,Explain the process of resolving ethical dilemmas in Public Administration.,100.0,keep,true,aggregator-only,exact,100.0,exact,100.0,,,,,,,,,,,,,,
2018,GS4,dee30326-920a-40cf-bee0-a5b4c76760f7,71,GS4-Q6a,2,GS4-B-Q1,"What do each of the following quotations mean to you in the present context? ""The true rule, in determining to embrace, or reject anything, is not whether it has any evil in it; but whether it has more evil than good. There are few things wholly evil or wholly good. Almost everything, especially of governmental policy, is an inseparable compound of the two; so that our best judgement of the preponderance between them is continually demanded."" - Abraham Lincoln","""The true rule, in determining to embrace, or reject any thing, is not whether it has any evil in it; but whether it has more evil than good. There are few things wholly evil or wholly good. Almost every thing, especially of governmental policy, is an inseparable compound of the two; so that our best judgment of the preponderance between them is continually demanded."" — Abraham Lincoln",99.6,keep,true,aggregator-only,variant,89.8,exact,100.0,,,,,,,,,,,,,,
2018,GS4,dee30326-920a-40cf-bee0-a5b4c76760f7,72,GS4-Q6b,5,GS4-A-Q3,"""Anger and intolerance are the enemies of correct understanding."" - Mahatma Gandhi","""Anger and intolerance are the enemies of correct understanding."" – Mahatma Gandhi.",100.0,keep,true,aggregator-only,exact,100.0,exact,100.0,,,,,,,,,,,,,,
2018,GS4,dee30326-920a-40cf-bee0-a5b4c76760f7,73,GS4-Q6c,7,GS4-A-Q4,"""Falsehood takes the place of truth when it results in unblemished common good."" - Tirukkural","""Falsehood takes the place of truth when it results in unblemished common good."" – Tirukkural",100.0,keep,true,aggregator-only,exact,100.0,exact,100.0,,,,,,,,,,,,,,
2018,GS4,dee30326-920a-40cf-bee0-a5b4c76760f7,74,GS4-Q7,4,GS4-B-Q2,"Rakesh is a responsible district level officer, who enjoys the trust of his higher officials. Knowing his honesty, the government entrusted him with the responsibility of identifying the beneficiaries under a health care scheme meant for senior citizens. The criteria to be a beneficiary are the following: (a) 60 years of age or above. (b) Belonging to a reserved community. (c) Family income of less than 1 Lakh rupees per annum. (d) Post-treatment prognosis is likely to be high to make a positive difference to the quality of life of the beneficiary. One day, an old couple visited Rakesh's office with their application. They have been the residents of a village in his district since their birth. The old man is diagnosed with a rare condition that causes obstruction in the large intestine. As a consequence, he has severe abdominal pain frequently that prevents him from doing any physical labour. The couple has no children to support them. The expert surgeon whom they contacted is willing to do the surgery without charging any fee. However, the couple will have to bear the cost of incidental charges, such as medicines, hospitalization, etc., to the tune of rupees one lakh. The couple fulfils all the criteria except criterion 'b'. However, any financial aid would certainly make a significant difference in their quality of life. How should Rakesh respond to the situation?","Rakesh is a responsible district level officer, who enjoys the trust of his higher officials. Knowing his honesty, the government entrusted him with the responsibility of identifying the beneficiaries under a healthcare scheme meant for senior citizens. The criteria to be a beneficiary are the following : (a) 60 years of age or above. (b) Belonging to a reserved community. (c) Family income of less than ₹ 1 lakh per annum. (d) Post-treatment prognosis is likely to be high to make a positive difference to the quality of life of the beneficiary. One day, an old couple visited Rakesh's office with their application. They have been the residents of a village in his district since their birth. The old man is diagnosed with a rare condition that causes obstruction in the large intestine. As a consequence, he has severe abdominal pain frequently that prevents him from doing any physical labour. The couple have no children to support them. The expert surgeon whom they contacted is willing to do the surgery without charging any fee. However, the couple will have to bear the cost of incidental charges, such as medicines, hospitalization, etc., to the tune of ₹ 1 lakh. The couple fulfills all the criteria except criterion 'b'. However, any financial aid would certainly make a significant difference in their quality of life. How should Rakesh respond to the situation ?",98.6,keep,true,aggregator-only,exact,98.5,exact,98.9,,,,,,,,,,,,,,
2018,GS4,dee30326-920a-40cf-bee0-a5b4c76760f7,75,GS4-Q8,8,GS4-B-Q4,"As a senior officer in the Ministry, you have access to important policy decisions and upcoming big announcements such as road construction projects before they are notified in the public domain. The Ministry is about to announce a mega road project for which the drawings are already in place. Sufficient care was taken by the planners to make use of the government land with the minimum land acquisition from private parties. Compensation rate for private parties was also finalized as per government rules. Care was also taken to minimize deforestation. Once the project is announced, it is expected that there will be a huge spurt in real estate prices in and around that area. Meanwhile, the Minister concerned insists that you realign the road in such a way that it comes closer to his 20 acres farmhouse. He also suggests that he would facilitate the purchase of a big plot of land in your wife's name at the prevailing rate which is very nominal, in and around the proposed mega road project. He also tries to convince you by saying that there is no harm in it as he is buying the land legally. He even promises to supplement your savings in case you do not have sufficient funds to buy the land. However, by the act of realignment, a lot of agricultural land has to be acquired, thereby causing a considerable financial burden on the government, and also the displacement of the farmers. As if this is not enough, it will involve cutting down of a large number of trees denuding the area of its green cover. Faced with this situation, what will you do? Critically examine various conflicts of interest and explain what your responsibilities are as a public servant.","As a senior officer in the Ministry, you have access to important policy decisions and upcoming big announcements such as road construction projects before they are notified in the public domain. The Ministry is about to announce a mega road project for which the drawings are already in place. Sufficient care was taken by the planners to make use of the government land with minimum land acquisition from private parties. Compensation rate for private parties was also finalized as per government rules. Care was also taken to minimize deforestation. Once the project is announced, it is expected that there will be a huge spurt in real estate prices in and around that area. Meanwhile, the Minister concerned insists that you realign the road in such a way that it comes closer to his 20 acres farm house. He also suggests that he would facilitate purchase of a big plot of land in your wife's name at the prevailing rate which is very nominal, in and around the proposed mega road project. He also tries to convince you by saying that there is no harm in it as he is buying the land legally. He even promises to supplement your savings in case you do not have sufficient funds to buy the land. However, by the act of realignment, a lot of agricultural land has to be acquired, thereby causing considerable financial burden on the government, and also displacement of the farmers. As if this is not enough, it will involve cutting down of a large number of trees, denuding the area of its green cover. Faced with this situation, what will you do ? Critically examine various conflicts of interest and explain what are your responsibilities as a public servant.",98.9,keep,true,aggregator-only,exact,98.9,exact,100.0,,,,,,,,,,,,,,
2018,GS4,dee30326-920a-40cf-bee0-a5b4c76760f7,76,GS4-Q9,6,GS4-B-Q3,"It is a State where prohibition is in force. You are recently appointed as the Superintendent of Police of a district notorious for illicit distillation of liquor. The illicit liquor leads to many deaths, reported and unreported, and causes a major problem for the district authorities. The approach till now had been to view it as a law and order problem and tackle it accordingly. Raids, arrests, police cases, and criminal trials - all these had only limited impact. The problem remains as serious as ever. Your inspections show that the parts of the district where the distillation flourishes are economically, industrially and educationally backward. Agriculture is badly affected by poor irrigation facilities. Frequent clashes among communities gave boost to illicit distillation. No major initiatives had taken place in the past either from the government's side or from social organizations to improve the lot of the people. Which new approach will you adopt to bring the problem under control?","It is a State where prohibition is in force. You are recently appointed as the Superintendent of Police of a district notorious for illicit distillation of liquor. The illicit liquor leads to many deaths, reported and unreported, and causes a major problem for the district authorities. The approach till now had been to view it as a law and order problem and tackle it accordingly. Raids, arrests, police cases, criminal trials – all these had only limited impact. The problem remains as serious as ever. Your inspections show that the parts of the district where the distillation flourishes are economically, industrially and educationally backward. Agriculture is badly affected by poor irrigation facilities. Frequent clashes among communities gave boost to illicit distillation. No major initiatives had taken place in the past either from the government's side or from social organizations to improve the lot of the people. Which new approach will you adopt to bring the problem under control ?",99.6,keep,true,aggregator-only,exact,99.6,exact,100.0,,,,,,,,,,,,,,
2018,GS4,dee30326-920a-40cf-bee0-a5b4c76760f7,77,GS4-Q10,12,GS4-B-Q6,"A big corporate house is engaged in manufacturing industrial chemicals on a large scale. It proposes to set up an additional unit. Many states rejected its proposal due to the detrimental effect on the environment. But one state government acceded to the request and permitted the unit close to a city, brushing aside all opposition. The unit was set up 10 years ago and was in full swing till recently. The pollution caused by the industrial effluents was affecting the land, water and crops in the area. It was also causing serious health problems to human beings and animals. This gave rise to a series of agitations in which thousands of people took part, creating a law and order problem necessitating stern police action. Following the public outcry, the State government ordered the closure of the factory. The closure of the factory resulted in the unemployment of not only those workers who were engaged in the factory but also those who were working in the ancillary units. It also very badly affected those industries which depended on the chemicals manufactured by it. As a senior officer entrusted with the responsibility of handling this issue, how are you going to address it?","A big corporate house is engaged in manufacturing industrial chemicals on a large scale. It proposes to set up an additional unit. Many States rejected its proposal due to detrimental effect on the environment. But one State government acceded to the request and permitted the unit close to a city, brushing aside all opposition. The unit was set up 10 years ago and was in full swing till recently. The pollution caused by the industrial effluents was affecting the land, water and crops in the area. It was also causing serious health problems to human beings and animals. This gave rise to a series of agitations demanding the closure of the plant. In a recent agitation thousands of people took part, creating a law and order problem necessitating stern police action. Following the public outcry, the State government ordered the closure of the factory. The closure of the factory resulted in the unemployment of not only those workers who were engaged in the factory but also those who were working in the ancillary units. It also very badly affected those industries which depended on the chemicals manufactured by it. As a senior officer entrusted with the responsibility of handling this issue, how are you going to address it ?",95.7,keep,true,aggregator-only,exact,95.7,exact,100.0,,,,,,,,,,,,,,
2018,GS4,dee30326-920a-40cf-bee0-a5b4c76760f7,78,GS4-Q11,19,GS4-A-Q13,"Dr X is a leading medical practitioner in a city. He has set up a charitable trust through which he plans to establish a super-speciality hospital in the city to cater to the medical needs of all sections of the society. Incidentally, that part of the State had been neglected over the years. The proposed hospital would be a boon for the region. You are heading the tax investigation agency of that region. During an inspection of the doctor's clinic, your officers have found out some major irregularities. A few of them are substantial which had resulted in considerable withholding of tax that should be paid by him now. The doctor is cooperative. He undertakes to pay the tax immediately. However, there are certain other deficiencies in his tax compliance which are purely technical in nature. If these technical defaults are pursued by the agency, considerable time and energy of the doctor will be diverted to issues which are not so serious, urgent or even helpful to the tax collection process. Further, in all probability, it will hamper the prospects of the hospital coming up. There are two options before you: 1. Taking a broader view, ensure substantial tax compliance and ignore defaults that are merely technical in nature. 2. Pursue the matter strictly and proceed on all fronts, whether substantial or merely technical. As the head of the tax agency, which course of action will you opt and why?","Dr. X is a leading medical practitioner in a city. He has set up a charitable trust through which he plans to establish a super-speciality hospital in the city to cater to the medical needs of all sections of the society. Incidentally, that part of the State had been neglected over the years. The proposed hospital would be a boon for the region. You are heading the tax investigation agency of that region. During an inspection of the doctor's clinic, your officers have found out some major irregularities. A few of them are substantial which had resulted in considerable withholding of tax that should be paid by him now. The doctor is cooperative. He undertakes to pay the tax immediately. However, there are certain other deficiencies in his tax compliance which are purely technical in nature. If these technical defaults are pursued by the agency, considerable time and energy of the doctor will be diverted to issues which are not so serious, urgent or even helpful to the tax collection process. Further, in all probability, it will hamper the prospects of the hospital coming up. There are two options before you : (i) Taking a broader view, ensure substantial tax compliance and ignore defaults that are merely technical in nature. (ii) Pursue the matter strictly and proceed on all fronts, whether substantial or merely technical. As the head of the tax agency, which course of action will you opt for and why ?",99.6,keep,true,aggregator-only,exact,99.4,exact,99.9,,,,,,,,,,,,,,
2018,GS4,dee30326-920a-40cf-bee0-a5b4c76760f7,79,GS4-Q12,10,GS4-B-Q5,"Edward Snowden, a computer expert and former CIA administrator, released confidential Government documents to the press about the existence of Government surveillance programmes. According to many legal experts and the US Government, his action violated the Espionage Act of 1971, which identified the leak of State secrets as an act of treason. Yet, despite the fact that he broke the law, Snowden argued that he had a moral obligation to act. He gave a justification for his ""whistle blowing"" by stating that he had a duty ""to inform the public as to that which is done in their name and that which is done against them."" According to Snowden, the Government's violation of privacy had to be exposed regardless of legality since more substantive issues of social action and public morality were involved here. Many agreed with Snowden. Few argued that he broke the law and compromised national security, for which he should be held accountable. Do you agree that Snowden's actions were ethically justified even if legally prohibited? Why or why not? Make an argument by weighing the competing values in this case.","Edward Snowden, a computer expert and former CIA systems administrator, released confidential Government documents to the press about the existence of Government surveillance programmes. According to many legal experts and the US Government, his actions violated the Espionage Act of 1917, which identified the leak of State secrets as an act of treason. Yet, despite the fact that he broke the law, Snowden argued that he had a moral obligation to act. He gave a justification for his ""whistle blowing"" by stating that he had a duty ""to inform the public as to that which is done in their name and that which is done against them."" According to Snowden, the Government's violation of privacy had to be exposed regardless of legality since more substantive issues of social action and public morality were involved here. Many agreed with Snowden. Few argued that he broke the law and compromised national security, for which he should be held accountable. Do you agree that Snowden's actions were ethically justified even if legally prohibited ? Why or why not ? Make an argument by weighing the competing values in this case.",99.1,keep,true,aggregator-only,exact,99.1,exact,100.0,,,,,,,,,,,,,,
2019,GS1,daca2e9f-012e-46fc-8b10-b6df340b4200,1,GS1-Q1,1,GS1-Q1,Highlight the Central Asian and Greco-Bactrian elements in the Gandhara art.,Highlight the Central Asian and Greco-Bactrian elements in the Gandhara art.,100.0,keep,true,aggregator,,,,,exact,100.0,exact,100.0,true,,,,,,,,,
2019,GS1,daca2e9f-012e-46fc-8b10-b6df340b4200,2,GS1-Q2,2,GS1-Q2,The 1857 Uprising was the culmination of the recurrent big and small local rebellions that had occurred in the preceding hundred years of British rule. Elucidate.,The 1857 Uprising was the culmination of the recurrent big and small local rebellions that had occurred in the preceding hundred years of British rule. Elucidate.,100.0,keep,true,aggregator,,,,,exact,100.0,exact,100.0,true,,,,,,,,,
2019,GS1,daca2e9f-012e-46fc-8b10-b6df340b4200,3,GS1-Q3,3,GS1-Q3,Examine the linkages between the nineteenth century's 'Indian Renaissance' and the emergence of national identity.,Examine the linkages between the nineteenth century's 'Indian Renaissance' and the emergence of national identity.,100.0,keep,true,aggregator,,,,,exact,100.0,exact,100.0,true,,,,,,,,,
2019,GS1,daca2e9f-012e-46fc-8b10-b6df340b4200,4,GS1-Q4,18,GS1-Q18,Assess the impact of global warming on the coral life system with examples.,Assess the impact of global warming on the coral life system with examples.,100.0,keep,true,aggregator,,,,,exact,100.0,exact,100.0,true,,,,,,,,,
2019,GS1,daca2e9f-012e-46fc-8b10-b6df340b4200,5,GS1-Q5,13,GS1-Q13,Discuss the causes of depletion of mangroves and explain their importance in maintaining coastal ecology.,Discuss the causes of depletion of mangroves and explain their importance in maintaining coastal ecology.,100.0,keep,true,aggregator,,,,,exact,100.0,exact,100.0,true,,,,,,,,,
2019,GS1,daca2e9f-012e-46fc-8b10-b6df340b4200,6,GS1-Q6,16,GS1-Q16,Can the strategy of regional resource-based manufacturing help in promoting employment in India?,Can the strategy of regional resource-based manufacturing help in promoting employment in India ?,100.0,keep,true,aggregator,,,,,exact,100.0,exact,100.0,true,,,,,,,,,
2019,GS1,daca2e9f-012e-46fc-8b10-b6df340b4200,7,GS1-Q7,,,Discuss the factors for localisation of agro-based food processing industries of North-West India.,,55.7,delete,true,aggregator,,,,,exact,100.0,,,true,,,,,,,,,
2019,GS1,daca2e9f-012e-46fc-8b10-b6df340b4200,8,GS1-Q8,20,GS1-Q20,What makes the Indian society unique in sustaining its culture? Discuss.,What makes the Indian society unique in sustaining its culture? Discuss.,100.0,keep,true,aggregator,,,,,exact,100.0,exact,100.0,true,,,,,,,,,
2019,GS1,daca2e9f-012e-46fc-8b10-b6df340b4200,9,GS1-Q9,8,GS1-Q8,Ã¢â¬ÅEmpowering women is the key to control population growth.Ã¢â¬Â Discuss.,"""Empowering women is the key to control population growth."" Discuss.",93.8,keep,true,aggregator,,,,,exact,100.0,exact,100.0,true,,,,,,,,,
2019,GS1,daca2e9f-012e-46fc-8b10-b6df340b4200,10,GS1-Q10,12,GS1-Q12,What are the challenges to our cultural practices in the name of secularism?,What are the challenges to our cultural practices in the name of secularism?,100.0,keep,true,aggregator,,,,,exact,100.0,exact,100.0,true,,,,,,,,,
2019,GS1,daca2e9f-012e-46fc-8b10-b6df340b4200,11,GS1-Q11,4,GS1-Q4,Many voices had strengthened and enriched the nationalist movement during the Gandhian phase. Elaborate.,Many voices had strengthened and enriched the nationalist movement during the Gandhian phase. Elaborate.,100.0,keep,true,aggregator,,,,,exact,100.0,exact,100.0,true,,,,,,,,,
2019,GS1,daca2e9f-012e-46fc-8b10-b6df340b4200,12,GS1-Q12,5,GS1-Q5,Assess the role of British imperial power in complicating the process of transfer of power during the 1940s.,Assess the role of British imperial power in complicating the process of transfer of power during the 1940s.,100.0,keep,true,aggregator,,,,,exact,98.1,exact,98.1,true,,,,,,,,,
2019,GS1,daca2e9f-012e-46fc-8b10-b6df340b4200,13,GS1-Q13,6,GS1-Q6,Explain how the foundations of the modern world were laid by the American and French Revolutions.,Explain how the foundations of the modern world were laid by the American and French Revolutions.,100.0,keep,true,aggregator,,,,,exact,96.9,exact,96.9,true,,,,,,,,,
2019,GS1,daca2e9f-012e-46fc-8b10-b6df340b4200,14,GS1-Q14,14,GS1-Q14,What is water stress? How and why does it differ regionally in India?,What is water stress? How and why does it differ regionally in India?,100.0,keep,true,aggregator,,,,,exact,97.0,exact,97.0,true,,,,,,,,,
2019,GS1,daca2e9f-012e-46fc-8b10-b6df340b4200,15,GS1-Q15,19,GS1-Q19,How can the mountain ecosystem be restored from the negative impact of development initiatives and tourism?,How can the mountain ecosystem be restored from the negative impact of development initiatives and tourism?,100.0,keep,true,aggregator,,,,,orphan,84.0,orphan,84.0,true,,,,,,,,,
2019,GS1,daca2e9f-012e-46fc-8b10-b6df340b4200,16,GS1-Q16,9,GS1-Q9,How is efficient and affordable urban mass transport key to the rapid economic development of India?,How is efficient and affordable urban mass transport key to the rapid economic development of India?,100.0,keep,true,aggregator,,,,,exact,100.0,exact,100.0,true,,,,,,,,,
2019,GS1,daca2e9f-012e-46fc-8b10-b6df340b4200,17,GS1-Q17,15,GS1-Q15,How do ocean currents and water masses differ in their impacts on marine life and coastal environment? Give suitable examples.,How do ocean currents and water masses differ in their impacts on marine life and coastal environment? Give suitable examples.,100.0,keep,true,aggregator,,,,,exact,100.0,exact,100.0,true,,,,,,,,,
2019,GS1,daca2e9f-012e-46fc-8b10-b6df340b4200,18,GS1-Q18,7,GS1-Q7,Do we have cultural pockets of small India all over the nation? Elaborate with examples.,Do we have cultural pockets of small India all over the nation? Elaborate with examples.,100.0,keep,true,aggregator,,,,,exact,100.0,exact,100.0,true,,,,,,,,,
2019,GS1,daca2e9f-012e-46fc-8b10-b6df340b4200,19,GS1-Q19,10,GS1-Q10,What are the continued challenges for women in India against time and space?,What are the continued challenges for women in India against time and space?,100.0,keep,true,aggregator,,,,,exact,100.0,exact,100.0,true,,,,,,,,,
2019,GS1,daca2e9f-012e-46fc-8b10-b6df340b4200,20,GS1-Q20,11,GS1-Q11,Are we losing our local identity for the global identity? Discuss.,Are we losing our local identity for the global identity? Discuss.,100.0,keep,true,aggregator,,,,,exact,100.0,exact,100.0,true,,,,,,,,,
2019,GS1,daca2e9f-012e-46fc-8b10-b6df340b4200,,,17,GS1-Q17,,Can the strategy of regional-resource-based manufacturing help in promoting employment in India?,100.0,review,,aggregator,,,,,,,exact,100.0,true,,,,,,,,,
2019,GS2,d332fcad-6750-4542-af0a-3f203f819096,21,GS2-Q1,3,GS2-Q3,Do you think that Constitution of India does not accept principle of strict separation of powers rather it is based on the principle of 'checks and balance'? Explain.,Do you think that Constitution of India does not accept principle of strict separation of powers rather it is based on the principle of ‘checks and balance’? Explain.,100.0,keep,true,aggregator,,,,,variant,87.0,variant,87.0,true,,,,,,,,,
2019,GS2,d332fcad-6750-4542-af0a-3f203f819096,22,GS2-Q2,9,GS2-Q9,"Ã¢â¬ÅThe Central Administrative Tribunal which was established for redressal of grievances and complaints by or against central government employees, nowadays is exercising its powers as an independent judicial authority.Ã¢â¬Â Explain.","“The Central Administrative Tribunal, which was established for redressal of grievances and complaints by or against central government employees, nowadays is exercising its powers as an independent judicial authority.” Explain.",98.2,keep,true,aggregator,,,,,orphan,84.7,orphan,84.7,true,,,,,,,,,
2019,GS2,d332fcad-6750-4542-af0a-3f203f819096,23,GS2-Q3,6,GS2-Q6,What are the methods used by the farmers' organisations to influence the policy-makers in India and how effective are these methods?,What are the methods used by the farmers’ organisations to influence the policy-makers in India and how effective are these methods?,100.0,keep,true,aggregator,,,,,exact,97.7,exact,97.7,true,,,,,,,,,
2019,GS2,d332fcad-6750-4542-af0a-3f203f819096,24,GS2-Q4,2,GS2-Q2,"From the resolution of contentious issues regarding distribution of legislative powers by the courts, 'Principle of Federal Supremacy' and 'Harmonious Construction' have emerged. Explain.","From the resolution of contentious issues regarding distribution of legislative powers by the courts, ‘Principle of Federal Supremacy’ and ‘Harmonious Construction’ have emerged. Explain.",100.0,keep,true,aggregator,,,,,variant,93.9,variant,93.9,true,,,,,,,,,
2019,GS2,d332fcad-6750-4542-af0a-3f203f819096,25,GS2-Q5,4,GS2-Q4,What can France learn from the Indian Constitution's approach to secularism?,What can France learn from the Indian Constitution’s approach to secularism?,98.6,keep,true,aggregator,,,,,exact,98.7,exact,98.7,true,,,,,,,,,
2019,GS2,d332fcad-6750-4542-af0a-3f203f819096,26,GS2-Q6,13,GS2-Q13,"Despite consistent experience of high growth, India still goes with the lowest indicators of human development. Examine the issues that make balanced and inclusive development elusive.","Despite consistent experience of high growth, India still goes with the lowest indicators of human development. Examine the issues that make balanced and inclusive development elusive.",100.0,keep,true,aggregator,,,,,orphan,49.7,orphan,49.7,true,,,,,,,,,
2019,GS2,d332fcad-6750-4542-af0a-3f203f819096,27,GS2-Q7,14,GS2-Q14,There is a growing divergence in the relationship between poverty and hunger in India. The shrinking of social expenditure by the government is forcing the poor to spend more on non-food essential items squeezing their food-budget. Ã¢â¬â Elucidate.,"There is a growing divergence in the relationship between poverty and hunger in India. The shrinking of social expenditure by the government is forcing the poor to spend more on non-food essential items, squeezing their food budget. Elucidate.",98.3,keep,true,aggregator,,,,,orphan,47.3,orphan,47.3,true,,,,,,,,,
2019,GS2,d332fcad-6750-4542-af0a-3f203f819096,28,GS2-Q8,15,GS2-Q15,"Implementation of Information and Communication Technology (ICT) based Projects/Programmes usually suffers in terms of certain vital factors. Identify these factors, and suggest measures for their effective implementation.","Implementation of Information and Communication Technology (ICT) based projects/programmes usually suffers in terms of certain vital factors. Identify these factors, and suggest measures for their effective implementation.",100.0,keep,true,aggregator,,,,,orphan,67.3,orphan,67.3,true,,,,,,,,,
2019,GS2,d332fcad-6750-4542-af0a-3f203f819096,29,GS2-Q9,16,GS2-Q16,"'The time has come for India and Japan to build a strong contemporary relationship, one involving global and strategic partnership that will have a great significance for Asia and the world as a whole.' Comment.","‘The time has come for India and Japan to build a strong contemporary relationship, one involving a global and strategic partnership that will have great significance for Asia and the world as a whole.’ Comment.",99.0,keep,true,aggregator,,,,,exact,100.0,exact,99.0,true,,,,,,,,,
2019,GS2,d332fcad-6750-4542-af0a-3f203f819096,30,GS2-Q10,19,GS2-Q19,"'Too little cash, too much politics, leaves UNESCO fighting for life.' Discuss the statement in the light of US' withdrawal and its accusation of the cultural body as being 'anti-Israel bias'.","‘Too little cash, too much politics, leaves UNESCO fighting for life.’ Discuss the statement in the light of US’ withdrawal and its accusation of the cultural body as being ‘anti-Israel bias’.",100.0,keep,true,aggregator,,,,,exact,100.0,exact,100.0,true,,,,,,,,,
2019,GS2,d332fcad-6750-4542-af0a-3f203f819096,31,GS2-Q11,8,GS2-Q8,"On what grounds a people's representative can be disqualified under the Representation of Peoples Act, 1951? Also mention the remedies available to such person against his disqualification.","On what grounds a people’s representative can be disqualified under the Representation of Peoples Act, 1951? Also mention the remedies available to such person against his disqualification.",99.5,keep,true,aggregator,,,,,exact,99.5,exact,99.5,true,,,,,,,,,
2019,GS2,d332fcad-6750-4542-af0a-3f203f819096,32,GS2-Q12,1,GS2-Q1,Ã¢â¬ÅParliament's power to amend the Constitution is a limited power and it cannot be enlarged into absolute power.Ã¢â¬Â In the light of this statement explain whether Parliament under Article 368 of the Constitution can destroy the Basic Structure of the Constitution by expanding its amending power?,“Parliament’s power to amend the Constitution is a limited power and it cannot be enlarged into absolute power.” In the light of this statement explain whether Parliament under Article 368 of the Constitution can destroy the Basic Structure of the Constitution by expanding its amending power?,98.3,keep,true,aggregator,,,,,orphan,77.2,orphan,77.2,true,,,,,,,,,
2019,GS2,d332fcad-6750-4542-af0a-3f203f819096,33,GS2-Q13,12,GS2-Q12,Ã¢â¬ÅThe reservation of seats for women in the institutions of local self-government has had a limited impact on the patriarchal character of the Indian Political Process.Ã¢â¬Â Comment.,“The reservation of seats for women in the institutions of local self-government has had a limited impact on the patriarchal character of the Indian Political Process.” Comment.,97.7,keep,true,aggregator,,,,,orphan,67.6,orphan,67.6,true,,,,,,,,,
2019,GS2,d332fcad-6750-4542-af0a-3f203f819096,34,GS2-Q14,7,GS2-Q7,Ã¢â¬ÅThe Attorney-General is the chief legal adviser and lawyer of the Government of India.Ã¢â¬Â Discuss.,“The Attorney-General is the chief legal adviser and lawyer of the Government of India.” Discuss.,95.7,keep,true,aggregator,,,,,orphan,77.4,orphan,77.4,true,,,,,,,,,
2019,GS2,d332fcad-6750-4542-af0a-3f203f819096,35,GS2-Q15,5,GS2-Q5,"Individual Parliamentarian's role as the national law maker is on a decline, which in turn, has adversely impacted the quality of debates and their outcome. Discuss.","Individual Parliamentarian’s role as the national law maker is on a decline, which in turn, has adversely impacted the quality of debates and their outcome. Discuss.",99.4,keep,true,aggregator,,,,,exact,99.4,exact,99.4,true,,,,,,,,,
2019,GS2,d332fcad-6750-4542-af0a-3f203f819096,36,GS2-Q16,10,GS2-Q10,"'In the context of neo-liberal paradigm of development planning, multi-level planning is expected to make operations cost-effective and remove many implementation blockages.' Ã¢â¬â Discuss.","In the context of the neo-liberal paradigm of development planning, multi-level planning is expected to make operations cost-effective and remove many implementation blockages. Discuss.",97.8,keep,true,aggregator,,,,,exact,100.0,exact,97.8,true,,,,,,,,,
2019,GS2,d332fcad-6750-4542-af0a-3f203f819096,37,GS2-Q17,11,GS2-Q11,The need for cooperation among various service sectors has been an inherent component of development discourse. Partnership bridges the gap among the sectors. It also sets in motion a culture of 'collaboration' and 'team spirit'. In the light of statements above examine India's development process.,The need for cooperation among various service sectors has been an inherent component of development discourse. Partnership bridges the gap among the sectors. It also sets in motion a culture of ‘collaboration’ and ‘team spirit’. In the light of statements above examine India’s development process.,99.7,keep,true,aggregator,,,,,exact,100.0,exact,100.0,true,,,,,,,,,
2019,GS2,d332fcad-6750-4542-af0a-3f203f819096,38,GS2-Q18,20,GS2-Q20,Performance of welfare schemes that are implemented for vulnerable sections is not so effective due to absence of their awareness and active involvement at all stages of policy process. Ã¢â¬â Discuss.,Performance of welfare schemes that are implemented for vulnerable sections is not so effective due to absence of their awareness and active involvement at all stages of policy process. Discuss.,98.1,keep,true,aggregator,,,,,exact,100.0,exact,100.0,true,,,,,,,,,
2019,GS2,d332fcad-6750-4542-af0a-3f203f819096,39,GS2-Q19,17,GS2-Q17,'The long-sustained image of India as a leader of the oppressed and marginalised nations has disappeared on account of its new found role in the emerging global order.' Elaborate.,“The long-sustained image of India as a leader of the oppressed and marginalised nations has disappeared on account of its newfound role in the emerging global order.” Elaborate.,99.4,keep,true,aggregator,,,,,exact,100.0,exact,99.4,true,,,,,,,,,
2019,GS2,d332fcad-6750-4542-af0a-3f203f819096,40,GS2-Q20,18,GS2-Q18,"'What introduces friction into the ties between India and the United States is that Washington is still unable to find for India a position in its global strategy, which would satisfy India's national self-esteem and ambitions.' Explain with suitable examples.","“What introduces friction into the ties between India and the United States is that Washington is still unable to find for India a position in its global strategy, which would satisfy India’s national self-esteem and ambitions.” Explain with suitable examples.",99.6,keep,true,aggregator,,,,,exact,98.2,exact,98.2,true,,,,,,,,,
2019,GS3,b5cbb735-b687-4de5-90cb-3978f48a71a1,41,GS3-Q1,1,GS3-Q1,"Enumerate the indirect taxes which have been subsumed in the Goods and Services Tax (GST) in India. Also, comment on the revenue implications of the GST introduced in India since July 2017.","Enumerate the indirect taxes which have been subsumed in the Goods and Services Tax (GST) in India. Also, comment on the revenue implications of the GST introduced in India since July 2017.",100.0,keep,true,aggregator,,,,,,,,,,,,,,,orphan,63.6,orphan,63.6
2019,GS3,b5cbb735-b687-4de5-90cb-3978f48a71a1,42,GS3-Q2,2,GS3-Q2,Do you agree with the view that steady GDP growth and low inflation have left the Indian economy in good shape? Give reasons in support of your arguments.,Do you agree with the view that steady GDP growth and low inflation have left the Indian economy in good shape? Give reasons in support of your arguments.,100.0,keep,true,aggregator,,,,,,,,,,,,,,,exact,100.0,exact,100.0
2019,GS3,b5cbb735-b687-4de5-90cb-3978f48a71a1,43,GS3-Q3,5,GS3-Q5,How far is Integrated Farming System (IFS) helpful in sustaining agricultural production?,How far is Integrated Farming System (IFS) helpful in sustaining agricultural production?,100.0,keep,true,aggregator,,,,,,,,,,,,,,,exact,100.0,exact,100.0
2019,GS3,b5cbb735-b687-4de5-90cb-3978f48a71a1,44,GS3-Q4,6,GS3-Q6,Elaborate the impact of National Watershed Project in increasing agricultural production from water-stressed areas.,Elaborate the impact of National Watershed Project in increasing agricultural production from water-stressed areas.,100.0,keep,true,aggregator,,,,,,,,,,,,,,,exact,100.0,exact,100.0
2019,GS3,b5cbb735-b687-4de5-90cb-3978f48a71a1,45,GS3-Q5,10,GS3-Q10,How was India benefitted from the contributions of Sir M. Visvesvaraya and Dr. M. S. Swaminathan in the fields of water engineering and agricultural science respectively?,How was India benefitted from the contributions of Sir M. Visvesvaraya and Dr. M. S. Swaminathan in the fields of water engineering and agricultural science respectively?,100.0,keep,true,aggregator,,,,,,,,,,,,,,,exact,99.4,exact,99.4
2019,GS3,b5cbb735-b687-4de5-90cb-3978f48a71a1,46,GS3-Q6,9,GS3-Q9,What is India's plan to have its own space station and how will it benefit our space programme?,What is India's plan to have its own space station and how will it benefit our space programme?,100.0,keep,true,aggregator,,,,,,,,,,,,,,,exact,100.0,exact,100.0
2019,GS3,b5cbb735-b687-4de5-90cb-3978f48a71a1,47,GS3-Q7,13,GS3-Q13,"Coastal sand mining, whether legal or illegal, poses one of the biggest threats to our environment. Analyze the impact of sand mining along the Indian coasts, citing specific examples.","Coastal sand mining, whether legal or illegal, poses one of the biggest threats to our environment. Analyze the impact of sand mining along the Indian coasts, citing specific examples.",100.0,keep,true,aggregator,,,,,,,,,,,,,,,exact,98.9,exact,98.9
2019,GS3,b5cbb735-b687-4de5-90cb-3978f48a71a1,48,GS3-Q8,15,GS3-Q15,Vulnerability is an essential element for defining disaster impacts and its threat to people. How and in what ways can vulnerability to disasters be characterized? Discuss different types of vulnerability with reference to disasters.,Vulnerability is an essential element for defining disaster impacts and its threat to people. How and in what ways can vulnerability to disasters be characterized? Discuss different types of vulnerability with reference to disasters.,100.0,keep,true,aggregator,,,,,,,,,,,,,,,orphan,83.9,orphan,83.9
2019,GS3,b5cbb735-b687-4de5-90cb-3978f48a71a1,49,GS3-Q9,17,GS3-Q17,The banning of 'Jamaat-e-Islami' in Jammu and Kashmir brought into focus the role of over-ground workers (OGWs) in assisting terrorist organizations. Examine the role played by OGWs in assisting terrorist organizations in insurgency affected areas. Discuss measures to neutralize influence of OGWs.,The banning of ‘Jamaat-e-Islami’ in Jammu and Kashmir brought into focus the role of over-ground workers (OGWs) in assisting terrorist organizations. Examine the role played by OGWs in assisting terrorist organizations in insurgency affected areas. Discuss measures to neutralize influence of OGWs.,100.0,keep,true,aggregator,,,,,,,,,,,,,,,exact,100.0,exact,100.0
2019,GS3,b5cbb735-b687-4de5-90cb-3978f48a71a1,50,GS3-Q10,18,GS3-Q18,What is CyberDome Project? Explain how it can be useful in controlling internet crimes in India.,What is CyberDome Project? Explain how it can be useful in controlling internet crimes in India.,100.0,keep,true,aggregator,,,,,,,,,,,,,,,exact,100.0,exact,100.0
2019,GS3,b5cbb735-b687-4de5-90cb-3978f48a71a1,51,GS3-Q11,3,GS3-Q3,It is argued that the strategy of inclusive growth is intended to meet the objectives of inclusiveness and sustainability together. Comment on this statement.,It is argued that the strategy of inclusive growth is intended to meet the objectives of inclusiveness and sustainability together. Comment on this statement.,100.0,keep,true,aggregator,,,,,,,,,,,,,,,exact,100.0,exact,100.0
2019,GS3,b5cbb735-b687-4de5-90cb-3978f48a71a1,52,GS3-Q12,4,GS3-Q4,The public expenditure management is a challenge to the Government of India in the context of budget making during the post-liberalization period. Clarify it.,The public expenditure management is a challenge to the Government of India in the context of budget making during the post-liberalization period. Clarify it.,100.0,keep,true,aggregator,,,,,,,,,,,,,,,exact,100.0,exact,100.0
2019,GS3,b5cbb735-b687-4de5-90cb-3978f48a71a1,53,GS3-Q13,7,GS3-Q7,What are the reformative steps taken by the Government to make food grain distribution system more effective?,What are the reformative steps taken by the Government to make the food grain distribution system more effective?,96.3,keep,true,aggregator,,,,,,,,,,,,,,,exact,100.0,exact,96.4
2019,GS3,b5cbb735-b687-4de5-90cb-3978f48a71a1,54,GS3-Q14,8,GS3-Q8,Elaborate the policy taken by the Government of India to meet the challenges of the food processing sector.,Elaborate the policy taken by the Government of India to meet the challenges of the food processing sector.,100.0,keep,true,aggregator,,,,,,,,,,,,,,,exact,100.0,exact,100.0
2019,GS3,b5cbb735-b687-4de5-90cb-3978f48a71a1,55,GS3-Q15,11,GS3-Q11,How is the Government of India protecting traditional knowledge of medicine from patenting by pharmaceutical companies?,How is the Government of India protecting traditional knowledge of medicine from patenting by pharmaceutical companies?,100.0,keep,true,aggregator,,,,,,,,,,,,,,,exact,96.6,exact,96.6
2019,GS3,b5cbb735-b687-4de5-90cb-3978f48a71a1,56,GS3-Q16,12,GS3-Q12,How can biotechnology help to improve the living standards of farmers?,How can biotechnology help to improve the living standards of farmers?,100.0,keep,true,aggregator,,,,,,,,,,,,,,,exact,100.0,exact,100.0
2019,GS3,b5cbb735-b687-4de5-90cb-3978f48a71a1,57,GS3-Q17,14,GS3-Q14,Define the concept of carrying capacity of an ecosystem as relevant to an environment. Explain how understanding this concept is vital while planning for sustainable development of a region.,Define the concept of carrying capacity of an ecosystem as relevant to an environment. Explain how understanding this concept is vital while planning for sustainable development of a region.,100.0,keep,true,aggregator,,,,,,,,,,,,,,,exact,97.3,exact,97.3
2019,GS3,b5cbb735-b687-4de5-90cb-3978f48a71a1,58,GS3-Q18,16,GS3-Q16,Disaster preparedness is the first step in any disaster management process. Explain how hazard zonation mapping will help disaster mitigation in the case of landslides.,Disaster preparedness is the first step in any disaster management process. Explain how hazard zonation mapping will help disaster mitigation in the case of landslides.,100.0,keep,true,aggregator,,,,,,,,,,,,,,,exact,98.2,exact,98.2
2019,GS3,b5cbb735-b687-4de5-90cb-3978f48a71a1,59,GS3-Q19,20,GS3-Q20,"Indian Government has recently strengthened the anti-terrorism laws by amending the Unlawful Activities (Prevention) Act (UAPA), 1967 and the NIA Act. Analyze the changes in the context of prevailing security environment while discussing the scope and reasons for opposing the UAPA by human rights organizations.","Indian Government has recently strengthened the anti-terrorism laws by amending the Unlawful Activities (Prevention) Act (UAPA), 1967, and the NIA Act. Analyze the changes in the context of the prevailing security environment while discussing the scope and reasons for opposing the UAPA by human rights organizations.",98.7,keep,true,aggregator,,,,,,,,,,,,,,,exact,100.0,exact,98.7
2019,GS3,b5cbb735-b687-4de5-90cb-3978f48a71a1,60,GS3-Q20,19,GS3-Q19,"Cross-border movement of insurgents is only one of the several security challenges facing the policing of the border in North-East India. Examine the various challenges currently emanating across the India-Myanmar border. Also, discuss the steps to counter the challenges.","Cross-border movement of insurgents is only one of the several security challenges facing the policing of the border in North-East India. Examine the various challenges currently emanating across the India-Myanmar border. Also, discuss the steps to counter the challenges.",100.0,keep,true,aggregator,,,,,,,,,,,,,,,exact,100.0,exact,100.0
2019,GS4,dee30326-920a-40cf-bee0-a5b4c76760f7,61,GS4-Q1a,1,GS4-A-Q1,What are the basic principles of public life? Illustrate any three of these with suitable examples.,What are the basic principles of public life? Illustrate any three of these with suitable examples.,100.0,keep,true,aggregator,,,,,,,,,,,,,,,exact,100.0,exact,100.0
2019,GS4,dee30326-920a-40cf-bee0-a5b4c76760f7,62,GS4-Q1b,9,GS4-A-Q5,What do you understand by the term 'public servant'? Reflect on the expected role of public servant.,What do you understand by the term ‘public servant’? Reflect on the expected role of public servant.,100.0,keep,true,aggregator,,,,,,,,,,,,,,,exact,96.9,exact,96.9
2019,GS4,dee30326-920a-40cf-bee0-a5b4c76760f7,63,GS4-Q2a,15,GS4-A-Q9,Effective utilization of public funds is crucial to meet development goals. Critically examine the reasons for under-utilization and mis-utilization of public funds and their implications.,Effective utilization of public funds is crucial to meet development goals. Critically examine the reasons for under-utilization and mis-utilization of public funds and their implications.,100.0,keep,true,aggregator,,,,,,,,,,,,,,,exact,97.3,exact,97.3
2019,GS4,dee30326-920a-40cf-bee0-a5b4c76760f7,64,GS4-Q2b,16,GS4-A-Q10,Ã¢â¬ÅNon-performance of duty by a public servant is a form of corruptionÃ¢â¬Â. Do you agree with this view? Justify your answer.,“Non-performance of duty by a public servant is a form of corruption.” Do you agree with this view? Justify your answer.,97.4,keep,true,aggregator,,,,,,,,,,,,,,,exact,98.3,exact,98.3
2019,GS4,dee30326-920a-40cf-bee0-a5b4c76760f7,65,GS4-Q3a,7,GS4-A-Q4,What is meant by the term 'constitutional morality'? How does one uphold constitutional morality?,What is meant by the term ‘constitutional morality’? How does one uphold constitutional morality?,100.0,keep,true,aggregator,,,,,,,,,,,,,,,exact,97.8,exact,97.8
2019,GS4,dee30326-920a-40cf-bee0-a5b4c76760f7,66,GS4-Q3b,3,GS4-A-Q2,What is meant by 'crisis of conscience'? How does it manifest itself in the public domain?,What is meant by 'crisis of conscience'? How does it manifest itself in the public domain?,100.0,keep,true,aggregator,,,,,,,,,,,,,,,variant,94.2,variant,94.2
2019,GS4,dee30326-920a-40cf-bee0-a5b4c76760f7,67,GS4-Q4a,11,GS4-A-Q6,Explain the basic principles of citizens charter movement and bring out its importance.,Explain the basic principles of citizens charter movement and bring out its importance.,100.0,keep,true,aggregator,,,,,,,,,,,,,,,orphan,84.9,orphan,84.9
2019,GS4,dee30326-920a-40cf-bee0-a5b4c76760f7,68,GS4-Q4b,13,GS4-A-Q7,There is a view that the Official Secrets Act is an obstacle to the implementation of Right to Information Act. Do you agree with the view? Discuss.,There is a view that the Official Secrets Act is an obstacle to the implementation of Right to Information Act. Do you agree with the view? Discuss.,100.0,keep,true,aggregator,,,,,,,,,,,,,,,exact,98.6,exact,98.6
2019,GS4,dee30326-920a-40cf-bee0-a5b4c76760f7,69,GS4-Q5a,14,GS4-A-Q8,"What do you understand by probity in governance? Based on your understanding of the term, suggest measures for ensuring probity in government.","What do you understand by probity in governance? Based on your understanding of the term, suggest measures for ensuring probity in government.",100.0,keep,true,aggregator,,,,,,,,,,,,,,,exact,99.3,exact,99.3
2019,GS4,dee30326-920a-40cf-bee0-a5b4c76760f7,70,GS4-Q5b,5,GS4-A-Q3,Ã¢â¬ÅEmotional Intelligence is the ability to make your emotions work for you instead of against youÃ¢â¬Â. Do you agree with this view? Discuss.,“Emotional Intelligence is the ability to make your emotions work for you instead of against you”. Do you agree with this view? Discuss.,97.7,keep,true,aggregator,,,,,,,,,,,,,,,exact,100.0,exact,100.0
2019,GS4,dee30326-920a-40cf-bee0-a5b4c76760f7,71,GS4-Q6a,17,GS4-A-Q11,What do each of the following quotations mean to you? Ã¢â¬â Ã¢â¬ÅAn unexamined life is not worth livingÃ¢â¬Â. Ã¢â¬â Socrates,“An unexamined life is not worth living.” – Socrates,87.2,keep,true,aggregator,,,,,,,,,,true,,,,,orphan,69.0,exact,100.0
2019,GS4,dee30326-920a-40cf-bee0-a5b4c76760f7,72,GS4-Q6b,18,GS4-A-Q12,What do each of the following quotations mean to you? Ã¢â¬â Ã¢â¬ÅA man is but a product of his thoughts. What he thinks he becomes.Ã¢â¬Â Ã¢â¬â M. K. Gandhi,“A man is but a product of his thoughts. What he thinks he becomes.” – M. K. Gandhi,89.3,keep,true,aggregator,,,,,,,,,,true,,,,,orphan,73.4,exact,100.0
2019,GS4,dee30326-920a-40cf-bee0-a5b4c76760f7,73,GS4-Q6c,19,GS4-A-Q13,"What do each of the following quotations mean to you? Ã¢â¬â Ã¢â¬ÅWhere there is righteousness in the heart, there is beauty in the character. When there is beauty in the character, there is harmony in the home. When there is harmony in the home, there is order in the nation. When there is order in the nation, there is peace in the world.Ã¢â¬Â Ã¢â¬â A. P. J. Abdul Kalam","“Where there is righteousness in the heart, there is beauty in the character. When there is beauty in the character, there is harmony in the home. When there is harmony in the home, there is order in the nation. When there is order in the nation, there is peace in the world.” – A. P. J. Abdul Kalam",97.2,keep,true,aggregator,,,,,,,,,,,,,,,orphan,75.1,orphan,82.0
2019,GS4,dee30326-920a-40cf-bee0-a5b4c76760f7,74,GS4-Q7,2,GS4-B-Q1,"You are heading the rescue operations in an area affected by severe natural calamity. Thousands of people are rendered homeless and deprived of food, drinking water and other basic amenities. Rescue work has been disrupted by heavy rainfall and damage to supply routes. The local people are seething with anger against the delayed limited rescue operations. When your team reaches the affected area, the people there heckle and even assault some of the team members. One of your team members is even severely injured. Faced with this crisis, some team members plead with you to call off the operations fearing threats to their life. In such trying circumstances, what will be your response? Examine the qualities of a public servant which will be required to manage the situation.","You are heading the rescue operations in an area affected by severe natural calamity. Thousands of people are rendered homeless and deprived of food, drinking water and other basic amenities. Rescue work has been disrupted by heavy rainfall and damage to supply routes. The local people are seething with anger against the delayed limited rescue operations. When your team reaches the affected area, the people there heckle and even assault some of your team members. One of your team members is even severely injured. Faced with this crisis, some team members plead with you to call off the operations fearing threats to their life. In such trying circumstances, what will be your response? Examine the qualities of a public servant which will be required to manage the situation.",99.5,keep,true,aggregator,,,,,,,,,,,,,,,exact,100.0,exact,99.5
2019,GS4,dee30326-920a-40cf-bee0-a5b4c76760f7,75,GS4-Q8,12,GS4-B-Q6,"Honesty and uprightness are the hallmarks of a civil servant. Civil servants possessing these qualities are considered as the backbone of any strong organization. In line of duty, they take various decisions, at times some become bonafide mistakes. As long as such decisions are not taken intentionally and do not benefit personally, the officer cannot be said to be guilty. Though such decisions may, at times, lead to unforeseen adverse consequences in the long-term. In the recent past, a few instances have surfaced wherein civil servants have been implicated for bonafide mistakes. They have often been prosecuted and even imprisoned. These instances have greatly rattled the moral fibre of the civil servants. How does this trend affect the functioning of the civil services? What measures can be taken to ensure that honest civil servants are not implicated for bonafide mistakes on their part? Justify your answer.","Honesty and uprightness are the hallmarks of a civil servant. Civil servants possessing these qualities are considered as the backbone of any strong organization. In line of duty, they take various decisions, at times some become bonafide mistakes. As long as such decisions are not taken intentionally and do not benefit personally, the officer cannot be said to be guilty. Though such decisions may, at times, lead to unforeseen adverse consequences in the long-term. In the recent past, a few instances have surfaced wherein civil servants have been implicated for bonafide mistakes. They have often been prosecuted and even imprisoned. These instances have greatly rattled the moral fibre of the civil servants. How does this trend affect the functioning of the civil services ? What measures can be taken to ensure that honest civil servants are not implicated for bonafide mistakes on their part ? Justify your answer.",100.0,keep,true,aggregator,,,,,,,,,,,,,,,exact,100.0,exact,100.0
2019,GS4,dee30326-920a-40cf-bee0-a5b4c76760f7,76,GS4-Q9,8,GS4-B-Q4,"An apparel manufacturing company having large number of women employees was losing sales due to various factors. The company hired a reputed marketing executive, who increased the volume of sales within a short span of time. However, some unconfirmed reports came up regarding his indulgence in sexual harassment at the work place. After sometime, a woman employee lodged a formal complaint to the management against the marketing executive about sexually harassing her. Faced with the company's indifference in not taking cognizance of her grievance, she lodged an FIR with the Police. Realizing the sensitivity and gravity of the situation, the company called the woman employee to negotiate. In that she was offered a hefty sum of money to withdraw the complaint and the FIR and also give in writing that the marketing executive is not involved in the case. Identify the ethical issues involved in this case. What options are available to the woman employee?","An apparel manufacturing company having large number of women employees was losing sales due to various factors. The company hired a reputed marketing executive, who increased the volume of sales within a short span of time. However, some unconfirmed reports came up regarding his indulgence in sexual harassment at the work place. After sometime, a woman employee lodged a formal complaint to the management against the marketing executive about sexually harassing her. Faced with the company's indifference in not taking cognizance of her grievance, she lodged an FIR with the Police. Realizing the sensitivity and gravity of the situation, the company called the woman employee to negotiate. In that she was offered a hefty sum of money to withdraw the complaint and the FIR and also give in writing that the marketing executive is not involved in the case. Identify the ethical issues involved in this case. What options are available to the woman employee?",100.0,keep,true,aggregator,,,,,,,,,,,,,,,exact,95.2,exact,95.2
2019,GS4,dee30326-920a-40cf-bee0-a5b4c76760f7,77,GS4-Q10,4,GS4-B-Q2,"In a modern democratic polity, there is the concept of political executive and permanent executive. Elected people's representatives form the political executive and bureaucracy forms the permanent executive. Ministers frame policy decisions and bureaucrats execute these. In the initial decades after independence, relationship between the permanent executive and the political executive were characterized by mutual understanding, respect and co-operation, without encroaching upon each others domain. However, in the subsequent decades, the situation has changed. There are instances of the political executive insisting upon the permanent executive to follow its agenda. Respect for and appreciation of upright bureaucrats has declined. There is an increasing tendency among the political executive to get involved in routine administrative matters such as transfers, postings etc. Under this scenario, there is a difinitive trend towards 'politicization of bureaucracy'. The rising materialism and acquisitiveness in social life has also adversely impacted upon the ethical values of both the permanent executive and the political executive. What are the consequences of this 'politicization of bureaucracy'? Discuss.","In a modern democratic polity, there is a concept of the political executive and permanent executive. Elected people’s representatives form the political executive and bureaucracy forms the permanent executive. Ministers frame policy decisions and bureaucrats execute these. In the initial decades after independence, the relationship between the permanent executive and the political executive were characterized by mutual understanding, respect and cooperation, without encroaching upon each other’s domain. However, in the subsequent decades, the situation has changed. There are instances of the political executive insisting upon the permanent executive to follow its agenda. Respect for an appreciation of upright bureaucrats has declined. There is an increasing tendency among the political executive to get involved in routine administrative matters such as transfers, posting etc. Under this scenario, there is a difinitive trend towards ‘politicization of bureaucracy’. The rising materialism and acquisitiveness in social life has also adversely impacted upon the ethical values of both the permanent executive and the political executive. What are the consequences of this ‘politicization of bureaucracy’? Discuss.",99.2,keep,true,aggregator,,,,,,,,,,,,,,,exact,99.5,exact,98.7
2019,GS4,dee30326-920a-40cf-bee0-a5b4c76760f7,78,GS4-Q11,10,GS4-B-Q5,"In one of the districts of a frontier state, narcotics menace has been rampant. This has resulted in money laundering, mushrooming of poppy farming, arms smuggling and near stalling of education. The system is on the verge of collapse. The situation has been further worsened by unconfirmed reports that local politicians as well as some senior police officers are providing surreptitious patronage to the drug mafia. At that point of time a woman police officer, known for her skills in handling such situations is appointed as Superintendent of Police to bring the situation to normalcy. If you are the same police officer, identify the various dimensions of the crisis. Based on your understanding, suggest measures to deal with the crisis.","In one of the districts of a frontier state, narcotics menace has been rampant. This has resulted in money laundering, mushrooming of poppy farming, arms smuggling and near stalling of education. The system is on the verge of collapse. The situation has been further worsened by unconfirmed reports that local politicians as well as some senior police officers are providing surreptitious patronage to the drug mafia. At that point of time a woman police officer, known for her skills in handling such situations is appointed as superintendent of police to bring the situation to normalcy. If you are the same police officer, identify the various dimensions of the crisis. Based on your understanding, suggest measures to deal with the crisis.",100.0,keep,true,aggregator,,,,,,,,,,,,,,,exact,99.9,exact,99.9
2019,GS4,dee30326-920a-40cf-bee0-a5b4c76760f7,79,GS4-Q12,6,GS4-B-Q3,"In recent times, there has been an increasing concern in India to develop effective civil service ethics, codes of conduct, transparency measures, ethics and integrity systems and anti-corruption agencies. In view of this, there is a need being felt to focus on three specific areas, which are directly relevant to the problems of internalizing integrity and ethics in the civil services. These are as follows: 1. Anticipating specific threats to ethical standards and integrity in the civil services, 2. Strengthening the ethical competence of civil servants and 3. Developing administrative processes and practices which promote ethical values and integrity in civil services. Suggest institutional measures to address the above three issues.","In recent times, there has been an increasing concern in India to develop effective civil service ethics, codes of conduct, transparency measures, ethics and integrity systems and anti-corruption agencies. In view of this, there is a need being felt to focus on three specific areas, which are directly relevant to the problems of internalizing integrity and ethics in the civil services. These are as follows: 1. Anticipating specific threats to ethical standards and integrity in the civil services, 2. Strengthening the ethical competence of civil servants and 3. Developing administrative processes and practices which promote ethical values and integrity in civil services. Suggest institutional measures to address the above three issues.",100.0,keep,true,aggregator,,,,,,,,,,,,,,,variant,87.1,variant,87.1
2020,GS1,daca2e9f-012e-46fc-8b10-b6df340b4200,1,GS1-Q1,1,GS1-Q1,The rock-cut architecture represents one of the most important sources of our knowledge of early Indian art and history. Discuss.,The rock-cut architecture represents one of the most important sources of our knowledge of early Indian art and history. Discuss.,100.0,keep,true,aggregator,,,,,exact,100.0,exact,100.0,true,,,,,,,,,
2020,GS1,daca2e9f-012e-46fc-8b10-b6df340b4200,2,GS1-Q2,2,GS1-Q2,Pala period is the most significant phase in the history of Buddhism in India. Enumerate.,Pala period is the most significant phase in the history of Buddhism in India. Enumerate.,100.0,keep,true,aggregator,,,,,exact,100.0,exact,100.0,true,,,,,,,,,
2020,GS1,daca2e9f-012e-46fc-8b10-b6df340b4200,3,GS1-Q3,5,GS1-Q5,Evaluate the policies of Lord Curzon and their long term implications on the national movements.,Evaluate the policies of Lord Curzon and their long-term implications on the national movement.,100.0,keep,true,aggregator,,,,,exact,98.9,exact,100.0,true,,,,,,,,,
2020,GS1,daca2e9f-012e-46fc-8b10-b6df340b4200,4,GS1-Q4,12,GS1-Q12,Discuss the geophysical characteristics of Circum-Pacific Zone.,Discuss the geophysical characteristics of Circum-Pacific Zone.,100.0,keep,true,aggregator,,,,,exact,100.0,exact,100.0,true,,,,,,,,,
2020,GS1,daca2e9f-012e-46fc-8b10-b6df340b4200,5,GS1-Q5,13,GS1-Q13,The process of desertification does not have climate boundaries. Justify with examples.,The process of desertification does not have climatic boundaries. Justify with examples.,97.6,keep,true,aggregator,,,,,exact,97.6,exact,100.0,true,,,,,,,,,
2020,GS1,daca2e9f-012e-46fc-8b10-b6df340b4200,6,GS1-Q6,14,GS1-Q14,How will the melting of Himalayan glaciers have a far-reaching impact on the water resources of India?,How will the melting of Himalayan glaciers have a far-reaching impact on the water resources of India?,100.0,keep,true,aggregator,,,,,exact,100.0,exact,100.0,true,,,,,,,,,
2020,GS1,daca2e9f-012e-46fc-8b10-b6df340b4200,7,GS1-Q7,18,GS1-Q18,"Account for the present location of iron and steel industries away from the source of raw material, by giving examples.","Account for the present location of iron and steel industries away from the source of raw material, by giving examples.",100.0,keep,true,aggregator,,,,,exact,100.0,exact,100.0,true,,,,,,,,,
2020,GS1,daca2e9f-012e-46fc-8b10-b6df340b4200,8,GS1-Q8,7,GS1-Q7,Has caste lost its relevance in understanding the multi-cultural Indian Society? Elaborate your answer with illustrations.,Has caste lost its relevance in understanding the multi-cultural Indian society? Elaborate your answer with illustrations.,100.0,keep,true,aggregator,,,,,exact,100.0,exact,100.0,true,,,,,,,,,
2020,GS1,daca2e9f-012e-46fc-8b10-b6df340b4200,9,GS1-Q9,8,GS1-Q8,COVID-19 pandemic accelerated class inequalities and poverty in India. Comment.,COVID-19 pandemic accelerated class inequalities and poverty in India. Comment.,100.0,keep,true,aggregator,,,,,orphan,67.5,orphan,67.5,true,,,,,,,,,
2020,GS1,daca2e9f-012e-46fc-8b10-b6df340b4200,10,GS1-Q10,10,GS1-Q10,Do you agree that regionalism in India appears to be a consequence of rising cultural assertiveness? Argue.,Do you agree that regionalism in India appears to be a consequence of rising cultural assertiveness? Argue.,100.0,keep,true,aggregator,,,,,orphan,71.4,orphan,71.4,true,,,,,,,,,
2020,GS1,daca2e9f-012e-46fc-8b10-b6df340b4200,11,GS1-Q11,3,GS1-Q3,Indian Philosophy and tradition played a significant role in conceiving and shaping the monuments and their art in India. Discuss.,Indian Philosophy and tradition played a significant role in conceiving and shaping the monuments and their art in India. Discuss.,100.0,keep,true,aggregator,,,,,orphan,82.0,orphan,82.0,true,,,,,,,,,
2020,GS1,daca2e9f-012e-46fc-8b10-b6df340b4200,12,GS1-Q12,4,GS1-Q4,Persian literary sources of medieval India reflect the spirit of the age. Comment.,Persian literary sources of medieval India reflect the spirit of the age. Comment.,100.0,keep,true,aggregator,,,,,exact,100.0,exact,100.0,true,,,,,,,,,
2020,GS1,daca2e9f-012e-46fc-8b10-b6df340b4200,13,GS1-Q13,6,GS1-Q6,"Since the decade of the 1920s, the national movement acquired various ideological strands and thereby expanded its social base. Discuss.","Since the decade of the 1920s, the national movement acquired various ideological strands and thereby expanded its social base. Discuss.",100.0,keep,true,aggregator,,,,,exact,100.0,exact,100.0,true,,,,,,,,,
2020,GS1,daca2e9f-012e-46fc-8b10-b6df340b4200,14,GS1-Q14,15,GS1-Q15,"The interlinking of rivers can provide viable solutions to the multi-dimensional inter-related problems of droughts, floods and interrupted navigation. Critically examine.","The interlinking of rivers can provide viable solutions to the multi-dimensional inter-related problems of droughts, floods, and interrupted navigation. Critically examine.",100.0,keep,true,aggregator,,,,,exact,100.0,exact,100.0,true,,,,,,,,,
2020,GS1,daca2e9f-012e-46fc-8b10-b6df340b4200,15,GS1-Q15,19,GS1-Q19,Account for the huge flooding of million cities in India including the smart ones like Hyderabad and Pune. Suggest lasting remedial measures.,Account for the huge flooding of million cities in India including the smart ones like Hyderabad and Pune. Suggest lasting remedial measures.,100.0,keep,true,aggregator,,,,,exact,100.0,exact,100.0,true,,,,,,,,,
2020,GS1,daca2e9f-012e-46fc-8b10-b6df340b4200,16,GS1-Q16,16,GS1-Q16,India has immense potential of solar energy though there are regional variations in its developments. Elaborate.,India has immense potential of solar energy though there are regional variations in its development. Elaborate.,99.1,keep,true,aggregator,,,,,orphan,64.5,orphan,64.2,true,,,,,,,,,
2020,GS1,daca2e9f-012e-46fc-8b10-b6df340b4200,17,GS1-Q17,17,GS1-Q17,Examine the status of forest resources of India and its resultant impact on climate change.,Examine the status of forest resources of India and its resultant impact on climate change.,100.0,keep,true,aggregator,,,,,exact,100.0,exact,100.0,true,,,,,,,,,
2020,GS1,daca2e9f-012e-46fc-8b10-b6df340b4200,18,GS1-Q18,9,GS1-Q9,Is diversity and pluralism in India under threat due to globalisation? Justify your answer.,Is diversity and pluralism in India under threat due to globalisation? Justify your answer.,100.0,keep,true,aggregator,,,,,exact,100.0,exact,100.0,true,,,,,,,,,
2020,GS1,daca2e9f-012e-46fc-8b10-b6df340b4200,19,GS1-Q19,11,GS1-Q11,Customs and traditions suppress reason leading to obscurantism. Do you agree?,"Customs and traditions suppress reason, leading to obscurantism. Do you agree?",100.0,keep,true,aggregator,,,,,exact,100.0,exact,100.0,true,,,,,,,,,
2020,GS1,daca2e9f-012e-46fc-8b10-b6df340b4200,20,GS1-Q20,20,GS1-Q20,How have digital initiatives in India contributed to the functioning of the education system in the country? Elaborate your answer.,How have digital initiatives in India contributed to the functioning of the education system in the country? Elaborate your answer.,100.0,keep,true,aggregator,,,,,exact,100.0,exact,100.0,true,,,,,,,,,
2020,GS2,d332fcad-6750-4542-af0a-3f203f819096,21,GS2-Q1,8,GS2-Q8,"""There is a need for simplification of procedure for disqualification of persons found guilty of corrupt practices under the Representation of peoples Act."" Comment",“There is a need for simplification of procedure for disqualification of persons found guilty of corrupt practices under the Representation of Peoples Act.” Comment.,100.0,keep,true,aggregator,,,,,,,,,,,,,,,exact,100.0,exact,100.0
2020,GS2,d332fcad-6750-4542-af0a-3f203f819096,22,GS2-Q2,10,GS2-Q10,"""Recent amendments to the Right to information Act will have profound impact on the autonomy and independence of the Information Commission"". Discuss",“Recent amendments to the Right to Information Act will have profound impact on the autonomy and independence of the Information Commission.” Discuss.,100.0,keep,true,aggregator,,,,,,,,,,,,,,,exact,100.0,exact,100.0
2020,GS2,d332fcad-6750-4542-af0a-3f203f819096,23,GS2-Q3,2,GS2-Q2,"How far do you think cooperation, competition and confrontation have shaped the nature of federation in India? Cite some recent examples to validate your answer","How far do you think cooperation, competition and confrontation have shaped the nature of federation in India? Cite some recent examples, to validate your answer.",100.0,keep,true,aggregator,,,,,,,,,,,,,,,exact,98.1,exact,98.1
2020,GS2,d332fcad-6750-4542-af0a-3f203f819096,24,GS2-Q4,5,GS2-Q5,The judicial systems in India and UK seem to be converging as well as diverging in the recent times. Highlight the key points of convergence and divergence between the two nations in terms of their judicial practices.,The judicial systems in India and UK seem to be converging as well as diverging in recent times. Highlight the key points of convergence and divergence between the two nations in terms of their judicial practices.,98.1,keep,true,aggregator,,,,,,,,,,,,,,,exact,97.2,exact,99.1
2020,GS2,d332fcad-6750-4542-af0a-3f203f819096,25,GS2-Q5,6,GS2-Q6,"""Once a speaker, Always a speaker""! Do you think the practice should be adopted to impart objectivity to the office of the Speaker of Lok Sabha? What could be its implications for the robust functioning of parliamentary business in India.","‘Once a Speaker, Always a Speaker’! Do you think this practice should be adopted to impart objectivity to the office of the Speaker of Lok Sabha? What could be its implications for the robust functioning of parliamentary business in India?",99.1,keep,true,aggregator,,,,,,,,,,,,,,,exact,99.1,exact,100.0
2020,GS2,d332fcad-6750-4542-af0a-3f203f819096,26,GS2-Q6,13,GS2-Q13,"In order to enhance the prospects of social development, sound and adequate health care policies are needed particularly in the fields of geriatric and maternal health care. Discuss.","In order to enhance the prospects of social development, sound and adequate health care policies are needed, particularly in the fields of geriatric and maternal health care. Discuss.",100.0,keep,true,aggregator,,,,,,,,,,,,,,,exact,100.0,exact,100.0
2020,GS2,d332fcad-6750-4542-af0a-3f203f819096,27,GS2-Q7,16,GS2-Q16,"""Institutional quality is a crucial driver of economic performance"". In this context suggest reforms in Civil Service for strengthening democracy.","“Institutional quality is a crucial driver of economic performance.” In this context, suggest reforms in Civil Service for strengthening democracy.",100.0,keep,true,aggregator,,,,,,,,,,,,,,,exact,100.0,exact,100.0
2020,GS2,d332fcad-6750-4542-af0a-3f203f819096,28,GS2-Q8,15,GS2-Q15,"""The emergence of Fourth Industrial Revolution (Digital Revolution) has initiated e-Governance as an integral part of government"". Discuss.",“The emergence of Fourth Industrial Revolution (Digital Revolution) has initiated e-Governance as an integral part of government.” Discuss.,100.0,keep,true,aggregator,,,,,,,,,,,,,,,exact,100.0,exact,100.0
2020,GS2,d332fcad-6750-4542-af0a-3f203f819096,29,GS2-Q9,20,GS2-Q20,Critically examine the role of WHO in providing global health security during the COVID-19 pandemic.,Critically examine the role of WHO in providing global health security during the Covid-19 pandemic.,100.0,keep,true,aggregator,,,,,,,,,,,,,,,exact,100.0,exact,100.0
2020,GS2,d332fcad-6750-4542-af0a-3f203f819096,30,GS2-Q10,19,GS2-Q19,'Indian diaspora has a decisive role to play in the politics and economy of America and European Countries'. Comment with examples.,‘Indian diaspora has a decisive role to play in the politics and economy of America and European Countries.’ Comment with examples.,100.0,keep,true,aggregator,,,,,,,,,,,,,,,exact,100.0,exact,100.0
2020,GS2,d332fcad-6750-4542-af0a-3f203f819096,31,GS2-Q11,1,GS2-Q1,"Indian constitution exhibits centralising tendencies to maintain unity and integrity of the nation. Elucidate in the perspective of the Epidemic Diseases Act, 1897; The Disaster Management Act, 2005 and recently passed Farm Acts.","Indian Constitution exhibits centralising tendencies to maintain unity and integrity of the nation. Elucidate in the perspective of the Epidemic Diseases Act, 1897; The Disaster Management Act, 2005 and recently passed Farm Acts.",100.0,keep,true,aggregator,,,,,,,,,,,,,,,exact,100.0,exact,100.0
2020,GS2,d332fcad-6750-4542-af0a-3f203f819096,32,GS2-Q12,4,GS2-Q4,Judicial Legislation is antithetical to the doctrine of separation of powers as envisaged in the Indian Constitution. In this context justify the filing of large number of public interest petitions praying for issuing guidelines to executive authorities.,Judicial Legislation is antithetical to the doctrine of separation of powers as envisaged in the Indian Constitution. In this context justify the filing of large number of public interest petitions praying for issuing guidelines to executive authorities.,100.0,keep,true,aggregator,,,,,,,,,,,,,,,exact,100.0,exact,100.0
2020,GS2,d332fcad-6750-4542-af0a-3f203f819096,33,GS2-Q13,3,GS2-Q3,"The strength and sustenance of local institutions in India has shifted from their formative phase of 'Functions, Functionaries and Funds' to the contemporary stage of 'Functionality'. Highlight the critical challenges faced by local institutions in terms of their functionality in recent times.","The strength and sustenance of local institutions in India has shifted from their formative phase of ‘Functions, Functionaries and Funds’ to the contemporary stage of ‘Functionality’. Highlight the critical challenges faced by local institutions in terms of their functionality in recent times.",100.0,keep,true,aggregator,,,,,,,,,,,,,,,exact,100.0,exact,100.0
2020,GS2,d332fcad-6750-4542-af0a-3f203f819096,34,GS2-Q14,7,GS2-Q7,Rajya Sabha has been transformed from a 'useless stepney tyre' to the most useful supporting organ in past few decades. Highlight the factors as well as the areas in which this transformation could be visible.,Rajya Sabha has been transformed from a ‘useless stepney tyre’ to the most useful supporting organ in past few decades. Highlight the factors as well as the areas in which this transformation could be visible.,100.0,keep,true,aggregator,,,,,,,,,,,,,,,exact,100.0,exact,100.0
2020,GS2,d332fcad-6750-4542-af0a-3f203f819096,35,GS2-Q15,9,GS2-Q9,Which steps are required for constitutionalization of a commission? Do you think imparting constitutionality to the National Commission for Women would ensure greater gender justice and empowerment in India? Give reasons.,Which steps are required for constitutionalization of a Commission? Do you think imparting constitutionality to the National Commission for Women would ensure greater gender justice and empowerment in India? Give reasons.,100.0,keep,true,aggregator,,,,,,,,,,,,,,,exact,99.1,exact,99.1
2020,GS2,d332fcad-6750-4542-af0a-3f203f819096,36,GS2-Q16,14,GS2-Q14,"""The incidence and intensity of poverty are more important in determining poverty based on income alone"". In this context analyze the latest United Nations Multidimensional Poverty Index Report.","“The incidence and intensity of poverty are more important in determining poverty based on income alone.” In this context, analyse the latest United Nations Multidimensional Poverty Index Report.",99.5,keep,true,aggregator,,,,,,,,,,,,,,,exact,98.9,exact,99.5
2020,GS2,d332fcad-6750-4542-af0a-3f203f819096,37,GS2-Q17,11,GS2-Q11,"""Micro-Finance as an anti-poverty vaccine, is aimed at asset creation and income security of the rural poor in India"". Evaluate the role of Self-Help Groups in achieving the twin objectives along with empowering women in rural India.","“Micro-Finance as an anti-poverty vaccine, is aimed at asset creation and income security of the rural poor in India.” Evaluate the role of the Self-Help Groups in achieving the twin objectives along with empowering women in rural India.",98.2,keep,true,aggregator,,,,,,,,,,,,,,,exact,98.2,exact,100.0
2020,GS2,d332fcad-6750-4542-af0a-3f203f819096,38,GS2-Q18,12,GS2-Q12,National Education Policy 2020 is in conformity with the Sustainable Development Goal-4 (2030). It intends to restructure and reorient education system in India. Critically examine the statement.,National Education Policy 2020 is in conformity with the Sustainable Development Goal-4 (2030). It intends to restructure and reorient education system in India. Critically examine the statement.,100.0,keep,true,aggregator,,,,,,,,,,,,,,,exact,100.0,exact,100.0
2020,GS2,d332fcad-6750-4542-af0a-3f203f819096,39,GS2-Q19,17,GS2-Q17,"'Quadrilateral Security Dialogue (QUAD)' is transforming itself into a trade bloc from a military alliance, in present times - Discuss.",‘Quadrilateral Security Dialogue (Quad)’ is transforming itself into a trade bloc from a military alliance in present times – Discuss.,100.0,keep,true,aggregator,,,,,,,,,,,,,,,variant,89.8,variant,89.8
2020,GS2,d332fcad-6750-4542-af0a-3f203f819096,40,GS2-Q20,18,GS2-Q18,What is the significance of Indo-US defence deals over Indo-Russian defence deals? Discuss with reference to stability in the Indo-Pacific region.,What is the significance of Indo-US defence deals over Indo-Russian defence deals? Discuss with reference to stability in the Indo-Pacific region.,100.0,keep,true,aggregator,,,,,,,,,,,,,,,exact,100.0,exact,100.0
2020,GS3,b5cbb735-b687-4de5-90cb-3978f48a71a1,41,GS3-Q1,2,GS3-Q2,Explain intra-generational and inter-generational issues of equity from the perspective of inclusive growth and sustainable development.,Explain intra-generational and inter-generational issues of equity from the perspective of inclusive growth and sustainable development.,100.0,keep,true,aggregator,,,,,exact,100.0,exact,100.0,true,,,,,,,,,
2020,GS3,b5cbb735-b687-4de5-90cb-3978f48a71a1,42,GS3-Q2,3,GS3-Q3,Define potential GDP and explain its determinants. What are the factors that have been inhibiting India from realizing its potential GDP?,Define potential GDP and explain its determinants. What are the factors that have been inhibiting India from realizing its potential GDP?,100.0,keep,true,aggregator,,,,,exact,100.0,exact,100.0,true,,,,,,,,,
2020,GS3,b5cbb735-b687-4de5-90cb-3978f48a71a1,43,GS3-Q3,4,GS3-Q4,What are the main constraints in transport and marketing of agricultural produce in India?,What are the main constraints in transport and marketing of agricultural produce in India?,100.0,keep,true,aggregator,,,,,exact,100.0,exact,100.0,true,,,,,,,,,
2020,GS3,b5cbb735-b687-4de5-90cb-3978f48a71a1,44,GS3-Q4,7,GS3-Q7,What are the challenges and opportunities of food processing sector in the country? How can income of the farmers be substantially increased by encouraging food processing?,What are the challenges and opportunities of food processing sector in the country? How can income of the farmers be substantially increased by encouraging food processing?,100.0,keep,true,aggregator,,,,,exact,100.0,exact,100.0,true,,,,,,,,,
2020,GS3,b5cbb735-b687-4de5-90cb-3978f48a71a1,45,GS3-Q5,11,GS3-Q11,What do you understand by nanotechnology and how is it helping in health sector?,What do you understand by nanotechnology and how is it helping in health sector?,100.0,keep,true,aggregator,,,,,exact,100.0,exact,100.0,true,,,,,,,,,
2020,GS3,b5cbb735-b687-4de5-90cb-3978f48a71a1,46,GS3-Q6,9,GS3-Q9,How is science interwoven deeply with our lives? What are the striking changes in agriculture triggered off by the science-based technologies?,How is science interwoven deeply with our lives? What are the striking changes in agriculture triggered off by the science-based technologies?,100.0,keep,true,aggregator,,,,,exact,100.0,exact,100.0,true,,,,,,,,,
2020,GS3,b5cbb735-b687-4de5-90cb-3978f48a71a1,47,GS3-Q7,12,GS3-Q12,"How does the draft Environment Impact Assessment (EIA) Notification, 2020 differ from the existing EIA Notification, 2006?","How does the draft Environment Impact Assessment (EIA) Notification, 2020 differ from the existing EIA Notification, 2006?",100.0,keep,true,aggregator,,,,,exact,100.0,exact,100.0,true,,,,,,,,,
2020,GS3,b5cbb735-b687-4de5-90cb-3978f48a71a1,48,GS3-Q8,13,GS3-Q13,What are the salient features of the Jal Shakti Abhiyan launched by the Government of India for water conservation and water security?,What are the salient features of the Jal Shakti Abhiyan launched by the Government of India for water conservation and water security?,100.0,keep,true,aggregator,,,,,exact,100.0,exact,100.0,true,,,,,,,,,
2020,GS3,b5cbb735-b687-4de5-90cb-3978f48a71a1,49,GS3-Q9,17,GS3-Q17,Discuss different types of cybercrimes and measures required to be taken to fight the menace.,Discuss different types of cyber crimes and measures required to be taken to fight the menace.,98.9,keep,true,aggregator,,,,,exact,98.9,exact,100.0,true,,,,,,,,,
2020,GS3,b5cbb735-b687-4de5-90cb-3978f48a71a1,50,GS3-Q10,18,GS3-Q18,"For effective border area management, discuss the steps required to be taken to deny local support to militants and also suggest ways to manage favourable perception among locals.","For effective border area management, discuss the steps required to be taken to deny local support to militants and also suggest ways to manage favourable perception among locals.",100.0,keep,true,aggregator,,,,,exact,100.0,exact,100.0,true,,,,,,,,,
2020,GS3,b5cbb735-b687-4de5-90cb-3978f48a71a1,51,GS3-Q11,8,GS3-Q8,Explain the meaning of investment in an economy in terms of capital formation. Discuss the factors to be considered while designing a concession agreement between a public entity and a private entity.,Explain the meaning of investment in an economy in terms of capital formation. Discuss the factors to be considered while designing a concession agreement between a public entity and a private entity.,100.0,keep,true,aggregator,,,,,exact,100.0,exact,100.0,true,,,,,,,,,
2020,GS3,b5cbb735-b687-4de5-90cb-3978f48a71a1,52,GS3-Q12,1,GS3-Q1,Explain the rationale behind the Goods and Services Tax (Compensation to States) Act of 2017. How has COVID-19 impacted the GST compensation fund and created new federal tensions?,Explain the rationale behind the Goods and Services Tax (Compensation to States) Act of 2017. How has COVID-19 impacted the GST compensation fund and created new federal tensions?,100.0,keep,true,aggregator,,,,,exact,100.0,exact,100.0,true,,,,,,,,,
2020,GS3,b5cbb735-b687-4de5-90cb-3978f48a71a1,53,GS3-Q13,5,GS3-Q5,What are the major factors responsible for making rice-wheat system a success? In spite of this success how has this system become bane in India?,What are the major factors responsible for making rice-wheat system a success? In spite of this success how has this system become bane in India?,100.0,keep,true,aggregator,,,,,exact,100.0,exact,100.0,true,,,,,,,,,
2020,GS3,b5cbb735-b687-4de5-90cb-3978f48a71a1,54,GS3-Q14,6,GS3-Q6,Suggest measures to improve water storage and irrigation system to make its judicious use under depleting scenario.,Suggest measures to improve water storage and irrigation system to make its judicious use under the depleting scenario.,96.5,keep,true,aggregator,,,,,exact,100.0,exact,96.6,true,,,,,,,,,
2020,GS3,b5cbb735-b687-4de5-90cb-3978f48a71a1,55,GS3-Q15,10,GS3-Q10,"COVID-19 pandemic has caused unprecedented devastation worldwide. However, technological advancements are being availed readily to win over the crisis. Give an account of how technology was sought to aid management of the pandemic.","COVID-19 pandemic has caused unprecedented devastation worldwide. However, technological advancements are being availed readily to win over the crisis. Give an account of how technology was sought to aid management of the pandemic.",100.0,keep,true,aggregator,,,,,orphan,83.3,orphan,83.3,true,,,,,,,,,
2020,GS3,b5cbb735-b687-4de5-90cb-3978f48a71a1,56,GS3-Q16,20,GS3-Q20,Describe the benefits of deriving electric energy from sunlight in contrast to the conventional energy generation. What are the initiatives offered by our Government for this purpose?,Describe the benefits of deriving electric energy from sunlight in contrast to the conventional energy generation. What are the initiatives offered by our Government for this purpose?,100.0,keep,true,aggregator,,,,,exact,97.8,exact,97.8,true,,,,,,,,,
2020,GS3,b5cbb735-b687-4de5-90cb-3978f48a71a1,57,GS3-Q17,14,GS3-Q14,What are the key features of the National Clean Air Programme (NCAP) initiated by the Government of India?,What are the key features of the National Clean Air Programme (NCAP) initiated by the Government of India?,100.0,keep,true,aggregator,,,,,exact,100.0,exact,100.0,true,,,,,,,,,
2020,GS3,b5cbb735-b687-4de5-90cb-3978f48a71a1,58,GS3-Q18,15,GS3-Q15,Discuss the recent measures initiated in disaster management by the Government of India departing from the earlier reactive approach.,Discuss the recent measures initiated in disaster management by the Government of India departing from the earlier reactive approach.,100.0,keep,true,aggregator,,,,,exact,100.0,exact,100.0,true,,,,,,,,,
2020,GS3,b5cbb735-b687-4de5-90cb-3978f48a71a1,59,GS3-Q19,16,GS3-Q16,"What are the determinants of left-wing extremism in Eastern part of India? What strategy should Government of India, civil administration and security forces adopt to counter the threat in the affected areas?","What are the determinants of left-wing extremism in Eastern part of India? What strategy should Government of India, civil administration and security forces adopt to counter the threat in the affected areas?",100.0,keep,true,aggregator,,,,,exact,100.0,exact,100.0,true,,,,,,,,,
2020,GS3,b5cbb735-b687-4de5-90cb-3978f48a71a1,60,GS3-Q20,19,GS3-Q19,"Analyse internal security threats and transborder crimes along Myanmar, Bangladesh and Pakistan borders including Line of Control (LoC). Also discuss the role played by various security forces in this regard.","Analyze internal security threats and transborder crimes along Myanmar, Bangladesh and Pakistan borders including Line of Control (LoC). Also discuss the role played by various security forces in this regard.",99.5,keep,true,aggregator,,,,,orphan,82.3,orphan,82.8,true,,,,,,,,,
2020,GS4,dee30326-920a-40cf-bee0-a5b4c76760f7,61,GS4-Q1a,1,GS4-A-Q1,"Discuss the role of ethics and values in enhancing the following three major components of Comprehensive National Power (CNP) viz. human capital, soft power (culture and policies) and social harmony.","Discuss the role of ethics and values in enhancing the following three major components of Comprehensive National Power (CNP) viz. human capital, soft power (culture and policies) and social harmony.",100.0,keep,true,aggregator,,,,,,,,,,,,,,,orphan,69.8,orphan,69.8
2020,GS4,dee30326-920a-40cf-bee0-a5b4c76760f7,62,GS4-Q1b,3,GS4-A-Q2,"""Education is not an injunction, it is an effective and pervasive tool for all round development of an individual and social transformation"". Examine the New Education Policy, 2020 (NEP, 2020) in light of the above statement.","""Education is not an injunction, it is an effective and pervasive tool for all round development of an individual and social transformation"". Examine the New Education Policy, 2020 (NEP, 2020) in light of the above statement.",100.0,keep,true,aggregator,,,,,,,,,,,,,,,orphan,75.9,orphan,75.9
2020,GS4,dee30326-920a-40cf-bee0-a5b4c76760f7,63,GS4-Q2a,10,GS4-A-Q6,"""Hatred is destructive of a person's wisdom and conscience that can poison a nation's spirit."" Do you agree with this view? Justify your answer.",Hatred is destructive of a person's wisdom and conscience that can poison a nation's spirit. Do you agree with this view? Justify your answer.,100.0,keep,true,aggregator,,,,,,,,,,,,,,,exact,100.0,exact,100.0
2020,GS4,dee30326-920a-40cf-bee0-a5b4c76760f7,64,GS4-Q2b,12,GS4-A-Q7,What are the main components of emotional intelligence (EI)? Can they be learned? Discuss.,What are the main components of emotional intelligence (EI)? Can they be learned? Discuss.,100.0,keep,true,aggregator,,,,,,,,,,,,,,,variant,88.2,variant,88.2
2020,GS4,dee30326-920a-40cf-bee0-a5b4c76760f7,65,GS4-Q3a,14,GS4-A-Q8,What teachings of Buddha are most relevant today and why? Discuss.,What teachings of Buddha are most relevant today and why? Discuss.,100.0,keep,true,aggregator,,,,,,,,,,,,,,,variant,85.9,variant,85.9
2020,GS4,dee30326-920a-40cf-bee0-a5b4c76760f7,66,GS4-Q3b,18,GS4-A-Q12,"""The will to power exists, but it can be tamed and be guided by rationality and principles of moral duty."" Examine this statement in the context of international relations.","The will to power exists, but it can be tamed and be guided by rationality and principles of moral duty. Examine this statement in the context of international relations.",100.0,keep,true,aggregator,,,,,,,,,,,,,,,orphan,49.7,orphan,49.7
2020,GS4,dee30326-920a-40cf-bee0-a5b4c76760f7,67,GS4-Q4a,19,GS4-A-Q13,Distinguish between laws and rules. Discuss the role of ethics in formulating them,Distinguish between laws and rules. Discuss the role of ethics in formulating them.,100.0,keep,true,aggregator,,,,,,,,,,,,,,,orphan,75.3,orphan,75.3
2020,GS4,dee30326-920a-40cf-bee0-a5b4c76760f7,68,GS4-Q4b,8,GS4-A-Q5,A positive attitude is considered to be an essential characteristic of a civil servant who is often required to function under extreme stress. What contributes to a positive attitude in a person?,A positive attitude is considered to be an essential characteristic of a civil servant who is often required to function under extreme stress. What contributes to a positive attitude in a person?,100.0,keep,true,aggregator,,,,,,,,,,,,,,,orphan,62.2,orphan,62.2
2020,GS4,dee30326-920a-40cf-bee0-a5b4c76760f7,69,GS4-Q5a,5,GS4-A-Q3,What are the main factors responsible for gender inequality in India? Discuss the contribution of Savitribai Phule in this regard.,What are the main factors responsible for gender inequality in India? Discuss the contribution of Savitribai Phule in this regard.,100.0,keep,true,aggregator,,,,,,,,,,,,,,,orphan,83.6,orphan,83.6
2020,GS4,dee30326-920a-40cf-bee0-a5b4c76760f7,70,GS4-Q5b,6,GS4-A-Q4,"""The current internet expansion has instilled a different set of cultural values which are often in conflict with traditional values."" Discuss.",The current internet expansion has instilled a different set of cultural values which are often in conflict with traditional values. Discuss.,100.0,keep,true,aggregator,,,,,,,,,,,,,,,exact,100.0,exact,100.0
2020,GS4,dee30326-920a-40cf-bee0-a5b4c76760f7,71,GS4-Q6a,15,GS4-A-Q9,"What do each of the following quotations mean to you? ""Condemn none: if you can stretch out a helping hand, do so. If not, fold your hands, bless your brothers, and let them go their own way."" - Swami Vivekananda","What do each of the following quotations mean to you? (a) ""Condemn none : if you can stretch out a helping hand, do so. If not, fold your hands, bless your brothers, and let them go their own way."" – Swami Vivekanand",99.0,keep,true,aggregator,,,,,,,,,,,,,,,orphan,65.5,orphan,65.2
2020,GS4,dee30326-920a-40cf-bee0-a5b4c76760f7,72,GS4-Q6b,16,GS4-A-Q10,"""The best way to find yourself is to lose yourself in the service of others."" - Mahatma Gandhi","""The best way to find yourself is to lose yourself in the service of others."" - Mahatma Gandhi",100.0,keep,true,aggregator,,,,,,,,,,,,,,,orphan,65.2,orphan,65.2
2020,GS4,dee30326-920a-40cf-bee0-a5b4c76760f7,73,GS4-Q6c,17,GS4-A-Q11,"""A system of morality which is based on relative emotional values is a mere illusion, a thoroughly vulgar conception which has nothing sound in it and nothing true."" - Socrates","""A system of morality which is based on relative emotional values is a mere illusion, a thoroughly vulgar conception which has nothing sound in it and nothing true."" – Socrates.",100.0,keep,true,aggregator,,,,,,,,,,,,,,,orphan,62.9,orphan,62.9
2020,GS4,dee30326-920a-40cf-bee0-a5b4c76760f7,74,GS4-Q7,13,GS4-B-Q7,"Rajesh Kumar is a senior public servant, with a reputation of honesty and forthrightness, currently posted in the Finance Ministry as Head of the Budget Division. His department is presently busy in organising the budgetary support to the states, four of which are due to go to the polls within the financial year. This year's annual budget had allotted Rs. 78,300 crores for National Housing Scheme (NHS), a centrally sponsored social housing scheme for the weaker sections of society. Rs. 775 crores have been drawn for NHS till June. The Ministry of Commerce had long been pursuing a case for setting up a Special Economic Zone (SEZ) in a southern state to boost exports. After two years of detailed discussions between the centre and state, the Union Cabinet approved the project in August. Process was initiated to acquire the necessary land. Eighteen months ago, a leading Public Sector Unit (PSU) had projected the need for setting up a large natural gas processing plant in a northern state for the regional gas grid. The required land is already in possession of the PSU. The gas grid is an essential component of the national energy security strategy. After three rounds of global bidding the project was allotted to an MNC, M/s XYZ Hydrocarbons. The first tranche of payment to the MNC is scheduled to be made in December. Finance Ministry was asked for a timely allocation of an additional Rs. 6,000 crores for these two developmental projects. It was decided to recommend re-appropriation of this entire amount from the NHS allocation. The file was forwarded to Budget Department for their comments and further processing. On studying the case file, Rajesh Kumar realized that this re-appropriation may cause inordinate delay in the execution of NHS, a project much publicized in the rallies of senior politicians. Correspondingly, non-availability of finances would cause financial loss in the SEZ and national embarrassment due to delayed payment in an international project. Rajesh Kumar discussed the matter with his seniors. He was conveyed that this politically sensitive situation needs to be processed immediately. Rajesh Kumar realized that diversion of funds from NHS could raise difficult questions for the government in the Parliament. Discuss the following with reference to this case: Ethical issues involved in re-appropriation of funds from a welfare project to the developmental projects. Given the need for proper utilization of public funds, discuss the options available to Rajesh Kumar. Is resigning a worthy option?","Rajesh Kumar is a senior public servant, with a reputation of honesty and forthrightness, currently posted in the Finance Ministry as Head of the Budget Division. His department is presently busy in organising the budgetary support to the states, four of which are due to go to the polls within the financial year. This year's annual budget had allotted ₹8300 crores for National Housing Scheme (NHS), a centrally sponsored social housing scheme for the weaker sections of society. ₹775 crores have been drawn for NHS till June. The Ministry of Commerce had long been pursuing a case for setting up a Special Economic Zone (SEZ) in a southern state to boost exports. After two years of detailed discussions between the centre and state, the Union Cabinet approved the project in August. Process was initiated to acquire the necessary land. Eighteen months ago a leading Public Sector Unit (PSU) had projected the need for setting up a large natural gas processing plant in a northern state for the regional gas grid. The required land is already in possession of the PSU. The gas grid is an essential component of the national energy security strategy. After three rounds of global bidding the project was allotted to an MNC, M/s XYZ Hydrocarbons. The first tranche of payment to the MNC is scheduled to be made in December. Finance Ministry was asked for a timely allocation of an additional ₹6000 crores for these two developmental projects. It was decided to recommend re-appropriation of this entire amount from the NHS allocation. The file was forwarded to Budget Department for their comments and further processing. On studying the case file, Rajesh Kumar realized that this re-appropriation may cause inordinate delay in the execution of NHS, a project much publicized in the rallies of senior politicians. Correspondingly, non-availability of finances would cause financial loss in the SEZ and national embarrassment due to delayed payment in an international project. Rajesh Kumar discussed the matter with his seniors. He was conveyed that this politically sensitive situation needs to be processed immediately. Rajesh Kumar realized that diversion of funds from NHS could raise difficult questions for the government in the Parliament. Discuss the following with reference to this case : (a) Ethical issues involved in re-appropriation of funds from a welfare project to the developmental projects. (b) Given the need for proper utilization of public funds, discuss the options available to Rajesh Kumar. Is resigning a worthy option?",99.5,keep,true,aggregator,,,,,,,,,,,,,,,orphan,78.1,orphan,78.5
2020,GS4,dee30326-920a-40cf-bee0-a5b4c76760f7,75,GS4-Q8,7,GS4-B-Q4,"The Chairman of Bharat Missiles Ltd (BML) was watching a program on TV wherein the Prime Minister was addressing the nation on the necessity of developing a self-reliant India. He subconsciously nodded in agreement and smiled to himself as he mentally reviewed BML's journey in the past two decades. BML had admirably progressed from producing first generation anti-tank guided missiles (ATGMs) to designing and producing state of the art ATGM weapon systems that would be the envy of any army. He sighed in reconciliation with his assumptions that the government would probably not alter the status quo of a ban on export of military weaponry. To his surprise, the very next day he got a telephone call from the Director General, Ministry of Defence, asking him to discuss the modalities of increasing BML production of ATGMs as there is a possibility of exporting the same to a friendly foreign country. The Director General wanted the Chairman to discuss the details with his staff at Delhi next week. Two days later, at a press conference, the Defence Minister stated that he aims to double the current weapons export levels within five years. This would give an impetus to financing the development and manufacture of indigenous weapons in the country. He also stated that all indigenous arms manufacturing nations have a very good record of international arms trade. As Chairman of BML, what are your views on the following points? As an arms exporter of a responsible nation like India, what are the ethical issues involved in arms trade? List five ethical factors that would influence the decision to sell arms to foreign governments.","The Chairman of Bharat Missiles Ltd (BML) was watching a program on TV wherein the Prime Minister was addressing the nation on the necessity of developing a self-reliant India. He subconsciously nodded in agreement and smiled to himself as he mentally reviewed BML’s journey in the past two decades. BML had admirably progressed from producing first generation anti-tank guided missiles (ATGMs) to designing and producing state of the art ATGM weapon systems that would be the envy of any army. He sighed in reconciliation with his assumptions that the government would probably not alter the status quo of a ban on export of military weaponry. To his surprise, the very next day he got a telephone call from the Director General, Ministry of Defence, asking him to discuss the modalities of increasing BML production of ATGMs as there is a probability of exporting the same to a friendly foreign country. The Director General wanted the Chairman to discuss the details with his staff at Delhi next week. Two days later, at a press conference, the Defence Minister stated that he aims to double the current weapons export levels within five years. This would give an impetus to financing the development and manufacturing of indigenous weapons in the country. He also stated that all indigenous arms manufacturing nations have a very good record of the international arms trade. As the Chairman of BML, what are your views on the following points? (a) As an arms exporter of a responsible nation like India, what are the ethical issues involved in arms trade? (b) List five ethical factors that would influence the decision to sell arms to foreign governments.(250 words)",98.9,keep,true,aggregator,,,,,,,,,,,,,,,variant,85.5,orphan,84.3
2020,GS4,dee30326-920a-40cf-bee0-a5b4c76760f7,76,GS4-Q9,2,GS4-B-Q1,"Rampura, a remote district inhabited by a tribal population, is marked by extreme backwardness and abject poverty. Agriculture is the mainstay of the local population, though it is primarily subsistence due to the very small land holdings. There is insignificant industrial or mining activity. Even the targeted welfare programs have inadequately benefited the tribal population. In this restrictive scenario, the youth has begun to migrate to other states to supplement the family income. Plight of minor girls is that their parents are persuaded by labour contractors to send them to work in the Bt Cotton farms of a nearby state. The soft fingers of the minor girls are well suited for plucking the cotton. The inadequate living and working conditions in these farms have caused serious health issues for the minor girls. NGOs in the districts of domicile and the cotton farms appear to be compromised and have not effectively espoused the twin issues of child labour and development of the area. You are appointed as the District Collector of Rampura. Identify the ethical issues involved. Which specific steps will you initiate to ameliorate the conditions of minor girls of your district and to improve the over-all economic scenario in the district?","Rampura, a remote district inhabited by a tribal population, is marked by extreme backwardness and abject poverty. Agriculture is the mainstay of the local population, though it is primarily subsistence due to the very small land holdings. There is insignificant industrial or mining activity. Even the targeted welfare programs have inadequately benefited the tribal population. In this restrictive scenario, the youth has begun to migrate to other states to supplement the family income. Plight of minor girls is that their parents are persuaded by labour contractors to send them to work in the Bt Cotton farms of a nearby state. The soft fingers of the minor girls are well suited for plucking the cotton. The inadequate living and working conditions in these farms have caused serious health issues for the minor girls. NGOs in the districts of domicile and the cotton farms appear to be compromised and have not effectively espoused the twin issues of child labour and development of the area. You are appointed as the District Collector of Rampura. Identify the ethical issues involved. Which specific steps will you initiate to ameliorate the conditions of minor girls of your district and to improve the over-all economic scenario in the district?",100.0,keep,true,aggregator,,,,,,,,,,,,,,,variant,85.2,variant,85.2
2020,GS4,dee30326-920a-40cf-bee0-a5b4c76760f7,77,GS4-Q10,4,GS4-B-Q2,"You are a municipal commissioner of a large city, having the reputation of a very honest and upright officer. A huge multipurpose mall is under construction in your city in which a large number of daily wage earners are employed. One night, during monsoons, a big chunk of the roof collapsed causing instant death of four labourers including two minors. Many more were seriously injured requiring immediate medical attention. The mishap resulted in a big hue and cry, forcing the government to institute an enquiry. Your preliminary enquiry has revealed a series of anomalies. The material used for the construction was of poor quality. Despite the approved building plans permitting only one basement, an additional basement has been constructed. This was overlooked during the periodic inspections by the building inspector of the municipal corporation. In your enquiry, you noticed that the construction of the mall was given the green signal despite encroaching on areas earmarked for a green belt and a slip road in the Zonal Master Plan of the city. The permission to construct the mall was accorded by the previous Municipal Commissioner who is not only your senior and well known to you professionally, but also a good friend. Prima facie, the case appears to be of a widespread nexus between officials of the Municipal Corporation and the builders. Your colleagues are putting pressure on you to go slow in the enquiry. The builder, who is rich and influential, happens to be a close relative of a powerful minister in the state cabinet. The builder is persuading you to hush up the matter, promising you a fortune to do so. He also hinted that if this matter is not resolved at the earliest in his favour there is somebody in his office who is waiting to file a case against you under the POSH Act. Discuss the ethical issues involved in the case. What are the options available to you in this situation? Explain your selected course of action.","You are a municipal commissioner of a large city, having the reputation of a very honest and upright officer. A huge multipurpose mall is under construction in your city in which a large number of daily wage earners are employed. One night, during monsoons, a big chunk of the roof collapsed causing instant death of four labourers including two minors. Many more were seriously injured requiring immediate medical attention. The mishap resulted in a big hue and cry, forcing the government to institute an enquiry. Your preliminary enquiry has revealed a series of anomalies. The material used for the construction was of poor quality. Despite the approved building plans permitting only one basement, an additional basement has been constructed. This was overlooked during the periodic inspections by the building inspector of the municipal corporation. In your enquiry, you noticed that the construction of the mall was given the green signal despite encroaching on areas earmarked for a green belt and a slip road in the Zonal Master Plan of the city. The permission to construct the mall was accorded by the previous Municipal Commissioner who is not only your senior and well known to you professionally, but also a good friend. Prima facie, the case appears to be of a widespread nexus between officials of the Municipal Corporation and the builders. Your colleagues are putting pressure on you to go slow in the enquiry. The builder, who is rich and influential, happens to be a close relative of a powerful minister in the state cabinet. The builder is persuading you to hush up the matter, promising you a fortune to do so. He also hinted that if this matter is not resolved at the earliest in his favour there is somebody in his office who is waiting to file a case against you under the POSH Act. Discuss the ethical issues involved in the case. What are the options available to you in this situation? Explain your selected course of action.",100.0,keep,true,aggregator,,,,,,,,,,,,,,,variant,90.6,variant,90.6
2020,GS4,dee30326-920a-40cf-bee0-a5b4c76760f7,78,GS4-Q11,9,GS4-B-Q5,"Parmal is a small but underdeveloped district. It has rocky terrain that is not suitable for agriculture, though some subsistence agriculture is being done on small plots of land. The area receives adequate rainfall and has an irrigation canal flowing through it. Amria, its administrative centre, is a medium sized town. It houses a large district hospital, an Industrial Training Institute and some privately owned skill training centres. It has all the facilities of a district headquarters. A trunk railway line passes approximately 50 kilometres from Amria. Its poor connectivity is a major reason for the absence of any major industry therein. The state government offers a 10 years tax holiday as an incentive to new industry. In 2010 Anil, an industrialist, decided to take benefits to set up Amria Plastic Works (APW) in Noora village, about 20 km from Amria. While the factory was being built, Anil hired the required key labour and got them trained at the skill training centres at Amria. This act of his made the key personnel very loyal to APW. APW started production in 2011 with the labour drawn fully from Noora village. The villagers were very happy to get employment near their homes and were motivated by the key personnel to meet the production targets with high quality. APW started making large profits, a sizeable portion of which was used to improve the quality of life in Noora. By 2016, Noora could boast of a greener village and a renovated village temple. Anil liaised with the local MLA to increase the frequency of the bus services to Amria. The government also opened a primary health care centre and primary school at Noora in buildings constructed by APW. APW used its CSR funds to set up women's self-help groups, subsidize primary education to the village children and procure an ambulance for use by its employees and the needy. In 2019, there was a minor fire in APW. It was quickly extinguished as fire safety protocols were in place in the factory. Investigations revealed that the factory had been using electricity in excess of its authorized capacity. This was soon rectified. The next year, due to a nationwide lockdown, the requirement of production fell for four months. Anil decided that all employees would be paid regularly. He employed them to plant trees and improve the village habitat. APW had developed a reputation of high-quality production and a motivated workforce. Critically analyse the story of APW and state the ethical issues involved. Do you consider APW as a role model for development of backward areas? Give reasons.","Parmal is a small but underdeveloped district. It has rocky terrain that is not suitable for agriculture, though some subsistence agriculture is being done on small plots of land. The area receives adequate rainfall and has an irrigation canal flowing through it. Amria, its administrative centre, is a medium sized town. It houses a large district hospital, an Industrial Training Institute and some privately owned skill training centres. It has all the facilities of a district headquarters. A trunk railway line passes approximately 50 kilometres from Amria. Its poor connectivity is a major reason for the absence of any major industry therein. The state government offers a 10 years tax holiday as an incentive to new industry. In 2010 Anil, an industrialist, decided to take benefits to set up Amria Plastic Works (APW) in Noora village, about 20 km from Amria. While the factory was being built, Anil hired the required key labour and got them trained at the skill training centres at Amria. This act of his made the key personnel very loyal to APW. APW started production in 2011 with the labour drawn fully from Noora village. The villagers were very happy to get employment near their homes and were motivated by the key personnel to meet the production targets with high quality. APW started making large profits, a sizeable portion of which was used to improve the quality of life in Noora. By 2016, Noora could boast of a greener village and a renovated village temple. Anil liaised with the local MLA to increase the frequency of the bus services to Amria. The government also opened a primary health care centre and primary school at Noora in buildings constructed by APW. APW used its CSR funds to set up women's self-help groups, subsidize primary education to the village children and procure an ambulance for use by its employees and the needy. In 2019, there was a minor fire in APW. It was quickly extinguished as fire safety protocols were in place in the factory. Investigations revealed that the factory had been using electricity in excess of its authorized capacity. This was soon rectified. The next year, due to a nationwide lockdown, the requirement of production fell for four months. Anil decided that all employees would be paid regularly. He employed them to plant trees and improve the village habitat. APW had developed a reputation of high quality production and a motivated workforce. Critically analyse the story of APW and state the ethical issues involved. Do you consider APW as a role model for development of backward areas? Give reasons.",100.0,keep,true,aggregator,,,,,,,,,,,,,,,variant,85.8,variant,85.8
2020,GS4,dee30326-920a-40cf-bee0-a5b4c76760f7,79,GS4-Q12,11,GS4-B-Q6,"Migrant workers have always remained at the socio-economic margins of our society, silently serving as the instrumental labour force of urban economics. The pandemic has brought them into national focus. On announcement of a countrywide lockdown, a very large number of migrant workers decided to move back from their places of employment to their native villages. The non-availability of transport created its own problems. Added to this was the fear of starvation and inconvenience to their families. This caused the migrant workers to demand wages and transport facilities for returning to their villages. Their mental agony was accentuated by multiple factors such as a sudden loss of livelihood, possibility of lack of food and inability to assist in harvesting their rabi crop due to not being able to reach home in time. Reports of inadequate response of some districts in providing the essential boarding and lodging arrangements along the way multiplied their fears. You have learnt many lessons from this situation when you were tasked to oversee the functioning of the District Disaster Relief Force in your district. In your opinion what ethical issues arose in the current migrant crisis? What do you understand by an ethical care giving state? What assistance can the civil society render to mitigate the sufferings of migrants in similar situations?","Migrant workers have always remained at the socio-economic margins of our society, silently serving as the instrumental labour force of urban economics. The pandemic has brought them into national focus. On announcement of a countrywide lockdown, a very large number of migrant workers decided to move back from their places of employment to their native villages. The non-availability of transport created its own problems. Added to this was the fear of starvation and inconvenience to their families. This caused, the migrant workers to demand wages and transport facilities for returning to their villages. Their mental agony was accentuated by multiple factors such as a sudden loss of livelihood, possibility of lack of food and inability to assist in harvesting their rabi crop due to not being able to reach home in time. Reports of inadequate response of some districts in providing the essential boarding and lodging arrangements along the way multiplied their fears. You have learnt many lessons from this situation when you were tasked to oversee the functioning of the District Disaster Relief Force in your district. In your opinion what ethical issues arose in the current migrant crisis? What do you understand by an ethical care giving state? What assistance can the civil society render to mitigate the sufferings of migrants in similar situations?",100.0,keep,true,aggregator,,,,,,,,,,,,,,,orphan,66.2,orphan,66.2
2021,GS1,daca2e9f-012e-46fc-8b10-b6df340b4200,1,GS1-Q1,1,GS1-Q1,Evaluate the nature of the Bhakti Literature and its contribution to Indian culture.,Evaluate the nature of the Bhakti literature and its contribution to Indian culture.,100.0,keep,true,aggregator,,,,,,,,,,,exact,100.0,exact,100.0,,,,
2021,GS1,daca2e9f-012e-46fc-8b10-b6df340b4200,2,GS1-Q2,2,GS1-Q2,Trace the rise and growth of socio-religious reform movements with special reference to Young Bengal and Brahmo Samaj.,Trace the rise and growth of socio-religious reform movements with special reference to Young Bengal and Brahmo Samaj.,100.0,keep,true,aggregator,,,,,,,,,,,exact,100.0,exact,100.0,,,,
2021,GS1,daca2e9f-012e-46fc-8b10-b6df340b4200,3,GS1-Q3,5,GS1-Q5,Assess the main administrative issues and socio-cultural problems in the integration process of Indian Princely States.,Assess the main administrative issues and socio-cultural problems in the integration process of Indian Princely States.,100.0,keep,true,aggregator,,,,,,,,,,,exact,100.0,exact,100.0,,,,
2021,GS1,daca2e9f-012e-46fc-8b10-b6df340b4200,4,GS1-Q4,17,GS1-Q17,Differentiate the causes of landslides in the Himalayan region and Western Ghats.,Differentiate the causes of landslides in the Himalayan region and Western Ghats.,100.0,keep,true,aggregator,,,,,,,,,,,exact,100.0,exact,100.0,,,,
2021,GS1,daca2e9f-012e-46fc-8b10-b6df340b4200,5,GS1-Q5,14,GS1-Q14,"Despite India being one of the countries of the Gondwanaland, its mining industry contributes much less to its Gross Domestic Product (GDP) in percentage. Discuss.","Despite India being one of the countries of the Gondwanaland, its mining industry contributes much less to its Gross Domestic Product (GDP) in percentage. Discuss.",100.0,keep,true,aggregator,,,,,,,,,,,exact,100.0,exact,100.0,,,,
2021,GS1,daca2e9f-012e-46fc-8b10-b6df340b4200,6,GS1-Q6,15,GS1-Q15,What are the environmental implications of the reclamation of the water bodies into urban land use? Explain with examples.,What are the environmental implications of the reclamation of water bodies into urban land use? Explain with examples.,96.6,keep,true,aggregator,,,,,,,,,,,exact,96.7,exact,100.0,,,,
2021,GS1,daca2e9f-012e-46fc-8b10-b6df340b4200,7,GS1-Q7,18,GS1-Q18,Mention the global occurrence of volcanic eruptions in 2021 and their impact on regional environment.,Mention the global occurrence of volcanic eruptions in 2021 and their impact on regional environment.,100.0,keep,true,aggregator,,,,,,,,,,,exact,100.0,exact,100.0,,,,
2021,GS1,daca2e9f-012e-46fc-8b10-b6df340b4200,8,GS1-Q8,20,GS1-Q20,Why is India considered as a sub-continent? Elaborate your answer.,Why is India considered as a subcontinent? Elaborate your answer.,98.4,keep,true,aggregator,,,,,,,,,,,exact,98.4,exact,100.0,,,,
2021,GS1,daca2e9f-012e-46fc-8b10-b6df340b4200,9,GS1-Q9,7,GS1-Q7,Examine the uniqueness of tribal knowledge system when compared with mainstream knowledge and cultural systems.,Examine the uniqueness of tribal knowledge system when compared with mainstream knowledge and cultural systems.,100.0,keep,true,aggregator,,,,,,,,,,,exact,100.0,exact,100.0,,,,
2021,GS1,daca2e9f-012e-46fc-8b10-b6df340b4200,10,GS1-Q10,10,GS1-Q10,Examine the role of 'Gig Economy' in the process of empowerment of women in India.,Examine the role of ‘Gig Economy’ in the process of empowerment of women in India.,100.0,keep,true,aggregator,,,,,,,,,,,exact,100.0,exact,100.0,,,,
2021,GS1,daca2e9f-012e-46fc-8b10-b6df340b4200,11,GS1-Q11,3,GS1-Q3,To what extent did the role of the moderates prepare a base for the wider freedom movement? Comment.,To what extent did the role of the Moderates prepare a base for the wider freedom movement? Comment.,100.0,keep,true,aggregator,,,,,,,,,,,exact,100.0,exact,100.0,,,,
2021,GS1,daca2e9f-012e-46fc-8b10-b6df340b4200,12,GS1-Q12,4,GS1-Q4,Bring out the constructive programmes of Mahatma Gandhi during Non-Cooperation Movement and Civil Disobedience Movement.,Bring out the constructive programmes of Mahatma Gandhi during Non-Cooperation Movement and Civil Disobedience Movement.,100.0,keep,true,aggregator,,,,,,,,,,,exact,100.0,exact,100.0,,,,
2021,GS1,daca2e9f-012e-46fc-8b10-b6df340b4200,13,GS1-Q13,6,GS1-Q6,"""There arose a serious challenge to the Democratic State System between the two World Wars."" Evaluate the statement.",“There arose a serious challenge to the democratic state system between the two World Wars.” Evaluate the statement.,100.0,keep,true,aggregator,,,,,,,,,,,exact,100.0,exact,100.0,,,,
2021,GS1,daca2e9f-012e-46fc-8b10-b6df340b4200,14,GS1-Q14,13,GS1-Q13,"Briefly mention the alignment of major mountain ranges of the world and explain their impact on local weather conditions, with examples.","Briefly mention the alignment of major mountain ranges of the world and explain their impact on local weather conditions, with examples.",100.0,keep,true,aggregator,,,,,,,,,,,exact,100.0,exact,100.0,,,,
2021,GS1,daca2e9f-012e-46fc-8b10-b6df340b4200,15,GS1-Q15,19,GS1-Q19,How do the melting of the Arctic ice and glaciers of the Antarctic differently affect the weather patterns and human activities on the Earth? Explain.,How do the melting of the Arctic ice and glaciers of the Antarctic differently affect the weather patterns and human activities on the Earth? Explain.,100.0,keep,true,aggregator,,,,,,,,,,,exact,100.0,exact,100.0,,,,
2021,GS1,daca2e9f-012e-46fc-8b10-b6df340b4200,16,GS1-Q16,16,GS1-Q16,Discuss the multi-dimensional implications of uneven distribution of mineral oil in the world.,Discuss the multi-dimensional implications of uneven distribution of mineral oil in the world.,100.0,keep,true,aggregator,,,,,,,,,,,exact,100.0,exact,100.0,,,,
2021,GS1,daca2e9f-012e-46fc-8b10-b6df340b4200,17,GS1-Q17,9,GS1-Q9,What are the main socio-economic implications arising out of the development of IT industries in major cities of India?,What are the main socio-economic implications arising out of the development of IT industries in major cities of India?,100.0,keep,true,aggregator,,,,,,,,,,,exact,100.0,exact,100.0,,,,
2021,GS1,daca2e9f-012e-46fc-8b10-b6df340b4200,18,GS1-Q18,11,GS1-Q11,Discuss the main objectives of Population Education and point out the measures to achieve them in India in detail.,Discuss the main objectives of Population Education and point out the measures to achieve them in India in detail.,100.0,keep,true,aggregator,,,,,,,,,,,exact,100.0,exact,100.0,,,,
2021,GS1,daca2e9f-012e-46fc-8b10-b6df340b4200,19,GS1-Q19,12,GS1-Q12,What is Cryptocurrency? How does it affect global society? Has it been affecting Indian society also?,What is Cryptocurrency? How does it affect global society? Has it been affecting Indian society also?,100.0,keep,true,aggregator,,,,,,,,,,,exact,100.0,exact,100.0,,,,
2021,GS1,daca2e9f-012e-46fc-8b10-b6df340b4200,20,GS1-Q20,8,GS1-Q8,How does Indian society maintain continuity in traditional social values? Enumerate the changes taking place in it.,How does Indian society maintain continuity in traditional social values? Enumerate the changes taking place in it.,100.0,keep,true,aggregator,,,,,,,,,,,exact,100.0,exact,100.0,,,,
2021,GS2,d332fcad-6750-4542-af0a-3f203f819096,21,GS2-Q1,1,GS2-Q1,'Constitutional Morality' is rooted in the Constitution itself and is founded on its essential facets. Explain the doctrine of 'Constitutional Morality' with the help of relevant judicial decisions.,'Constitutional Morality' is rooted in the Constitution itself and is founded on its essential facets. Explain the doctrine of 'Constitutional Morality' with the help of relevant judicial decisions.,100.0,keep,true,aggregator,,,,,orphan,59.4,orphan,59.4,true,,,,,,,,,
2021,GS2,d332fcad-6750-4542-af0a-3f203f819096,22,GS2-Q2,8,GS2-Q8,"Discuss the desirability of greater representation to women in the higher judiciary to ensure diversity, equity and inclusiveness.","Discuss the desirability of greater representation to women in the higher judiciary to ensure diversity, equity and inclusiveness.",100.0,keep,true,aggregator,,,,,orphan,60.9,orphan,60.9,true,,,,,,,,,
2021,GS2,d332fcad-6750-4542-af0a-3f203f819096,23,GS2-Q3,9,GS2-Q9,How have the recommendations of the 14th Finance Commission of India enabled the states to improve their fiscal position?,How have the recommendations of the 14th Finance Commission of India enabled the States to improve their fiscal position?,100.0,keep,true,aggregator,,,,,orphan,62.5,orphan,62.5,true,,,,,,,,,
2021,GS2,d332fcad-6750-4542-af0a-3f203f819096,24,GS2-Q4,6,GS2-Q6,"To what extent, in your view, the Parliament is able to ensure accountability of the executive in India?","To what extent, in your view, the Parliament is able to ensure accountability of the executive in India?",100.0,keep,true,aggregator,,,,,orphan,67.3,orphan,67.3,true,,,,,,,,,
2021,GS2,d332fcad-6750-4542-af0a-3f203f819096,25,GS2-Q5,7,GS2-Q7,"""Pressure groups play a vital role in influencing public policy making in India."" Explain how the business associations contribute to public policies.","""Pressure groups play a vital role in influencing public policy making in India."" Explain how the business associations contribute to public policies.",100.0,keep,true,aggregator,,,,,orphan,71.9,orphan,71.9,true,,,,,,,,,
2021,GS2,d332fcad-6750-4542-af0a-3f203f819096,26,GS2-Q6,16,GS2-Q16,"""Besides being a moral imperative of Welfare State, primary health structure is a necessary pre-condition for sustainable development."" Analyze.","“Besides being a moral imperative of a Welfare State, primary health structure is a necessary precondition for sustainable development.” Analyze.",98.6,keep,true,aggregator,,,,,orphan,78.4,orphan,79.3,true,,,,,,,,,
2021,GS2,d332fcad-6750-4542-af0a-3f203f819096,27,GS2-Q7,11,GS2-Q11,"""'Earn while you learn' scheme needs to be strengthened to make vocational education and skill training meaningful."" Comment.",‘Earn while you learn’ scheme needs to be strengthened to make vocational education and skill training meaningful.” Comment.,100.0,keep,true,aggregator,,,,,variant,94.1,variant,94.1,true,,,,,,,,,
2021,GS2,d332fcad-6750-4542-af0a-3f203f819096,28,GS2-Q8,13,GS2-Q13,"Can the vicious cycle of gender inequality, poverty and malnutrition be broken through microfinancing of women SHGs? Explain with examples.","Can the vicious cycle of gender inequality, poverty, and malnutrition be broken through microfinancing of women SHGs? Explain with examples.",100.0,keep,true,aggregator,,,,,exact,100.0,exact,100.0,true,,,,,,,,,
2021,GS2,d332fcad-6750-4542-af0a-3f203f819096,29,GS2-Q9,19,GS2-Q19,"""If the last few decades were of Asia's growth story, the next few are expected to be of Africa's."" In the light of this statement, examine India's influence in Africa in recent years.","“If the last few decades were of Asia’s growth story, the next few are expected to be Africa’s.” In the light of this statement, examine India’s influence in Africa in recent years.",96.5,keep,true,aggregator,,,,,orphan,82.6,orphan,82.3,true,,,,,,,,,
2021,GS2,d332fcad-6750-4542-af0a-3f203f819096,30,GS2-Q10,15,GS2-Q15,"""The USA is facing an existential threat in the form of a China, that is much more challenging than the erstwhile Soviet Union."" Explain.","""The USA is facing an existential threat in the form of a China, that is much more challenging than the erstwhile Soviet Union."" Explain.",100.0,keep,true,aggregator,,,,,orphan,66.7,orphan,66.7,true,,,,,,,,,
2021,GS2,d332fcad-6750-4542-af0a-3f203f819096,31,GS2-Q11,2,GS2-Q2,"The jurisdiction of the Central Bureau of Investigation (CBI) regarding lodging an FIR and conducting probe within a particular state is being questioned by various States. However, the power of States to withhold consent to the CBI is not absolute. Explain with special reference to the federal character of India.","The jurisdiction of the Central Bureau of Investigation (CBI) regarding lodging an FIR and conducting probe within a particular State is being questioned by various States. However, the power of the States to withhold consent to the CBI is not absolute. Explain with special reference to the federal character of India.",98.7,keep,true,aggregator,,,,,orphan,82.8,orphan,82.7,true,,,,,,,,,
2021,GS2,d332fcad-6750-4542-af0a-3f203f819096,32,GS2-Q12,10,GS2-Q10,"Though the Human Rights Commissions have contributed immensely to the protection of human rights in India, yet they have failed to assert themselves against the mighty and powerful. Analyzing their structural and practical limitations, suggest remedial measures.","Though the Human Rights Commissions have contributed immensely to the protection of human rights in India, yet they have failed to assert themselves against the mighty and powerful. Analyzing their structural and practical limitations, suggest remedial measures.",100.0,keep,true,aggregator,,,,,exact,97.7,exact,97.7,true,,,,,,,,,
2021,GS2,d332fcad-6750-4542-af0a-3f203f819096,33,GS2-Q13,3,GS2-Q3,Analyze the distinguishing features of the notion of Equality in the Constitutions of the USA and India.,Analyze the distinguishing features of the notion of Right to Equality in the Constitutions of the USA and India.,91.3,keep,true,aggregator,,,,,variant,91.3,exact,99.1,true,,,,,,,,,
2021,GS2,d332fcad-6750-4542-af0a-3f203f819096,34,GS2-Q14,5,GS2-Q5,Explain the constitutional provisions under which Legislative Councils are established. Review the working and current status of Legislative Councils with suitable illustrations.,Explain the constitutional provisions under which the Legislative Councils are established. Review the working and current status of Legislative Councils with suitable illustrations.,97.7,keep,true,aggregator,,,,,exact,97.2,exact,97.2,true,,,,,,,,,
2021,GS2,d332fcad-6750-4542-af0a-3f203f819096,35,GS2-Q15,4,GS2-Q4,Do Department-related Parliamentary Standing Committees keep the administration on its toes and inspire reverence for parliamentary control? Evaluate the working of such committees with suitable examples.,Do Department-related Parliamentary Standing Committees keep the administration on its toes and inspire reverence for parliamentary control? Evaluate the working of such committees with suitable examples.,100.0,keep,true,aggregator,,,,,orphan,77.2,orphan,77.2,true,,,,,,,,,
2021,GS2,d332fcad-6750-4542-af0a-3f203f819096,36,GS2-Q16,18,GS2-Q18,"Has digital illiteracy, particularly in rural areas, coupled with lack of Information and Communication Technology (ICT) accessibility hindered socio-economic development? Examine with justification.","Has digital illiteracy, particularly in rural areas, coupled with lack of Information and Communication Technology (ICT) accessibility hindered socio-economic development? Examine with justification.",100.0,keep,true,aggregator,,,,,variant,89.6,variant,89.6,true,,,,,,,,,
2021,GS2,d332fcad-6750-4542-af0a-3f203f819096,37,GS2-Q17,14,GS2-Q14,"""Though women in post-Independent India have excelled in various fields, the social attitude towards women and feminist movement has been patriarchal."" Apart from women education and women empowerment schemes, what interventions can help change this milieu?","""Though women in post-Independent India have excelled in various fields, the social attitude towards women and feminist movement has been patriarchal."" Apart from women education and women empowerment schemes, what interventions can help change this milieu?",100.0,keep,true,aggregator,,,,,orphan,70.5,orphan,70.5,true,,,,,,,,,
2021,GS2,d332fcad-6750-4542-af0a-3f203f819096,38,GS2-Q18,12,GS2-Q12,Can Civil Society and Non-Governmental Organizations present an alternative model of public service delivery to benefit the common citizen. Discuss the challenges of this alternative model.,Can Civil Society and Non-Governmental Organizations present an alternative model of public service delivery to benefit the common citizen? Discuss the challenges of this alternative model.,100.0,keep,true,aggregator,,,,,orphan,46.5,orphan,46.5,true,,,,,,,,,
2021,GS2,d332fcad-6750-4542-af0a-3f203f819096,39,GS2-Q19,17,GS2-Q17,Critically examine the aims and objectives of SCO. What importance does it hold for India.,Critically examine the aims and objectives of SCO. What importance does it hold for India?,100.0,keep,true,aggregator,,,,,exact,100.0,exact,100.0,true,,,,,,,,,
2021,GS2,d332fcad-6750-4542-af0a-3f203f819096,40,GS2-Q20,20,GS2-Q20,The newly tri-nation partnership AUKUS is aimed at countering China's ambitions in the Indo-Pacific region. Is it going to supersede the existing partnerships in the region? Discuss the strength and impact of AUKUS in the present scenario.,The newly tri-nation partnership AUKUS is aimed at countering China’s ambitions in the Indo-Pacific region. Is it going to supersede the existing partnerships in the region? Discuss the strength and impact of AUKUS in the present scenario.,99.6,keep,true,aggregator,,,,,orphan,82.6,orphan,82.6,true,,,,,,,,,
2021,GS3,b5cbb735-b687-4de5-90cb-3978f48a71a1,41,GS3-Q1,2,GS3-Q2,Explain the difference between computing methodology of India's Gross Domestic Product (GDP) before the year 2015 and after the year 2015.,Explain the difference between computing methodology of India’s Gross Domestic Product (GDP) before the year 2015 and after the year 2015.,99.3,keep,true,aggregator,,,,,orphan,77.8,orphan,77.8,true,,,,,,,,,
2021,GS3,b5cbb735-b687-4de5-90cb-3978f48a71a1,42,GS3-Q2,3,GS3-Q3,Distinguish between Capital Budget and Revenue Budget. Explain the components of both these Budgets.,Distinguish between Capital Budget and Revenue Budget. Explain the components of both these Budgets.,100.0,keep,true,aggregator,,,,,variant,89.8,variant,89.8,true,,,,,,,,,
2021,GS3,b5cbb735-b687-4de5-90cb-3978f48a71a1,43,GS3-Q3,7,GS3-Q7,How did land reforms in some parts of the country help to improve the socio-economic conditions of marginal and small farmers?,How did land reforms in some parts of the country help to improve the socio-economic conditions of marginal and small farmers?,100.0,keep,true,aggregator,,,,,exact,100.0,exact,100.0,true,,,,,,,,,
2021,GS3,b5cbb735-b687-4de5-90cb-3978f48a71a1,44,GS3-Q4,5,GS3-Q5,How and to what extent would micro-irrigation help in solving India's water crisis?,How and to what extent would micro-irrigation help in solving India’s water crisis?,98.8,keep,true,aggregator,,,,,exact,97.6,exact,97.6,true,,,,,,,,,
2021,GS3,b5cbb735-b687-4de5-90cb-3978f48a71a1,45,GS3-Q5,10,GS3-Q10,How is S-400 air defence system technically superior to any other system presently available in the world?,How is S-400 air defence system technically superior to any other system presently available in the world?,100.0,keep,true,aggregator,,,,,exact,98.1,exact,98.1,true,,,,,,,,,
2021,GS3,b5cbb735-b687-4de5-90cb-3978f48a71a1,46,GS3-Q6,14,GS3-Q14,"Explain the purpose of the Green Grid Initiative launched at World Leaders Summit of the COP26 UN Climate Change Conference in Glasgow in November, 2021. When was this idea first floated in the International Solar Alliance (ISA)?","Explain the purpose of the Green Grid Initiative launched at World Leaders Summit of the COP26 UN Climate Change Conference in Glasgow in November, 2021. When was this idea first floated in the International Solar Alliance (ISA)?",100.0,keep,true,aggregator,,,,,exact,97.8,exact,97.8,true,,,,,,,,,
2021,GS3,b5cbb735-b687-4de5-90cb-3978f48a71a1,47,GS3-Q7,13,GS3-Q13,Describe the key points of the revised Global Air Quality Guidelines (AQGs) recently released by the World Health Organisation (WHO). How are these different from its last update in 2005? What changes in India's National Clean Air Programme are required to achieve these revised standards?,Describe the key points of the revised Global Air Quality Guidelines (AQGs) recently released by the World Health Organisation (WHO). How are these different from its last update in 2005? What changes in India’s National Clean Air Programme are required to achieve these revised standards?,99.6,keep,true,aggregator,,,,,variant,85.8,variant,85.8,true,,,,,,,,,
2021,GS3,b5cbb735-b687-4de5-90cb-3978f48a71a1,48,GS3-Q8,16,GS3-Q16,Discuss about the vulnerability of India to earthquake related hazards. Give examples including the salient features of major disasters caused by earthquakes in different parts of India during the last three decades.,Discuss about the vulnerability of India to earthquake related hazards. Give examples including the salient features of major disasters caused by earthquakes in different parts of India during the last three decades.,100.0,keep,true,aggregator,,,,,exact,100.0,exact,100.0,true,,,,,,,,,
2021,GS3,b5cbb735-b687-4de5-90cb-3978f48a71a1,49,GS3-Q9,19,GS3-Q19,Discuss how emerging technologies and globalisation contribute to money laundering. Elaborate measures to tackle the problem of money laundering both at national and international levels.,Discuss how emerging technologies and globalisation contribute to money laundering. Elaborate measures to tackle the problem of money laundering both at national and international levels.,100.0,keep,true,aggregator,,,,,exact,97.8,exact,97.8,true,,,,,,,,,
2021,GS3,b5cbb735-b687-4de5-90cb-3978f48a71a1,50,GS3-Q10,18,GS3-Q18,"Keeping in view India's internal security, analyse the impact of cross-border cyber attacks. Also discuss defensive measures against these sophisticated attacks.","Keeping in view India’s internal security, analyze the impact of cross-border cyber-attacks. Also, discuss defensive measures against these sophisticated attacks.",98.7,keep,true,aggregator,,,,,orphan,77.2,orphan,76.6,true,,,,,,,,,
2021,GS3,b5cbb735-b687-4de5-90cb-3978f48a71a1,51,GS3-Q11,1,GS3-Q1,Do you agree that the Indian economy has recently experienced V-shaped recovery? Give reasons in support of your answer.,Do you agree that the Indian economy has recently experienced V-shaped recovery? Give reasons in support of your answer.,100.0,keep,true,aggregator,,,,,variant,93.2,variant,93.2,true,,,,,,,,,
2021,GS3,b5cbb735-b687-4de5-90cb-3978f48a71a1,52,GS3-Q12,8,GS3-Q8,"""Investment in infrastructure is essential for more rapid and inclusive economic growth."" Discuss in the light of India's experience.",“Investment in infrastructure is essential for more rapid and inclusive economic growth.” Discuss in the light of India’s experience.,99.2,keep,true,aggregator,,,,,orphan,78.3,orphan,78.3,true,,,,,,,,,
2021,GS3,b5cbb735-b687-4de5-90cb-3978f48a71a1,53,GS3-Q13,6,GS3-Q6,"What are the salient features of the National Food Security Act, 2013? How has the Food Security Bill helped in eliminating hunger and malnutrition in India?","What are the salient features of the National Food Security Act, 2013? How has the Food Security Bill helped in eliminating hunger and malnutrition in India?",100.0,keep,true,aggregator,,,,,orphan,82.5,orphan,82.5,true,,,,,,,,,
2021,GS3,b5cbb735-b687-4de5-90cb-3978f48a71a1,54,GS3-Q14,4,GS3-Q4,What are the present challenges before crop diversification? How do emerging technologies provide an opportunity for crop diversification?,What are the present challenges before crop diversification? How do emerging technologies provide an opportunity for crop diversification?,100.0,keep,true,aggregator,,,,,exact,98.5,exact,98.5,true,,,,,,,,,
2021,GS3,b5cbb735-b687-4de5-90cb-3978f48a71a1,55,GS3-Q15,11,GS3-Q11,What are the research and developmental achievements in applied biotechnology? How will these achievements help to uplift the poorer sections of the society?,What are the research and developmental achievements in applied biotechnology? How will these achievements help to uplift the poorer sections of society?,98.0,keep,true,aggregator,,,,,exact,100.0,exact,97.4,true,,,,,,,,,
2021,GS3,b5cbb735-b687-4de5-90cb-3978f48a71a1,56,GS3-Q16,9,GS3-Q9,"The Nobel Prize in Physics of 2014 was jointly awarded to Akasaki, Amano and Nakamura for the invention of Blue LEDs in 1990s. How has this invention impacted the everyday life of human beings?","The Nobel Prize in Physics of 2014 was jointly awarded to Akasaki, Amano, and Nakamura for the invention of Blue LEDs in the 1990s. How has this invention impacted the everyday life of human beings?",97.9,keep,true,aggregator,,,,,orphan,66.8,orphan,66.0,true,,,,,,,,,
2021,GS3,b5cbb735-b687-4de5-90cb-3978f48a71a1,57,GS3-Q17,12,GS3-Q12,Describe the major outcomes of the 26th session of the Conference of the Parties (COP) to the United Nations Framework Convention on Climate Change (UNFCCC). What are the commitments made by India in this conference?,Describe the major outcomes of the 26th session of the Conference of the Parties (COP) to the United Nations Framework Convention on Climate Change (UNFCCC). What are the commitments made by India in this conference?,100.0,keep,true,aggregator,,,,,variant,94.8,variant,94.8,true,,,,,,,,,
2021,GS3,b5cbb735-b687-4de5-90cb-3978f48a71a1,58,GS3-Q18,15,GS3-Q15,Describe the various causes and the effects of landslides. Mention the important components of the National Landslide Risk Management Strategy.,Describe the various causes and the effects of landslides. Mention the important components of the National Landslide Risk Management Strategy.,100.0,keep,true,aggregator,,,,,orphan,74.5,orphan,74.5,true,,,,,,,,,
2021,GS3,b5cbb735-b687-4de5-90cb-3978f48a71a1,59,GS3-Q19,17,GS3-Q17,"Analyse the multidimensional challenges posed by external state and non-state actors, to the internal security of India. Also discuss measures required to be taken to combat these threats.","Analyse the multidimensional challenges posed by external state and non-state actors, to the internal security of India. Also discuss measures required to be taken to combat these threats.",100.0,keep,true,aggregator,,,,,exact,99.5,exact,99.5,true,,,,,,,,,
2021,GS3,b5cbb735-b687-4de5-90cb-3978f48a71a1,60,GS3-Q20,20,GS3-Q20,"Analyse the complexity and intensity of terrorism, its causes, linkages and obnoxious nexus. Also suggest measures required to be taken to eradicate the menace of terrorism.","Analyse the complexity and intensity of terrorism, its causes, linkages and obnoxious nexus. Also suggest measures required to be taken to eradicate the menace of terrorism.",100.0,keep,true,aggregator,,,,,exact,100.0,exact,100.0,true,,,,,,,,,
2021,GS4,dee30326-920a-40cf-bee0-a5b4c76760f7,61,GS4-Q1a,7,GS4-A-Q4,Identify five ethical traits on which one can plot the performance of a civil servant. Justify their inclusion in the matrix.,Identify five ethical traits on which one can plot the performance of a civil servant. Justify their inclusion in the matrix.,100.0,keep,true,aggregator,,,,,,,,,,,,,,,exact,100.0,exact,100.0
2021,GS4,dee30326-920a-40cf-bee0-a5b4c76760f7,62,GS4-Q1b,9,GS4-A-Q5,Identify ten essential values that are needed to be an effective public servant. Describe the ways and means to prevent non-ethical behaviour in the public servants.,Identify ten essential values that are needed to be an effective public servant. Describe the ways and means to prevent non-ethical behaviour in the public servants.,100.0,keep,true,aggregator,,,,,,,,,,,,,,,exact,100.0,exact,100.0
2021,GS4,dee30326-920a-40cf-bee0-a5b4c76760f7,63,GS4-Q2a,1,GS4-A-Q1,Impact of digital technology as reliable source of input for rational decision making is a debatable issue. Critically evaluate with suitable example.,Impact of digital technology as reliable source of input for rational decision making is a debatable issue. Critically evaluate with suitable example.,100.0,keep,true,aggregator,,,,,,,,,,,,,,,exact,100.0,exact,100.0
2021,GS4,dee30326-920a-40cf-bee0-a5b4c76760f7,64,GS4-Q2b,17,GS4-A-Q11,"Besides domain knowledge, a public official needs innovativeness and creativity of a high order as well, while resolving ethical dilemmas. Discuss with suitable example.","Besides domain knowledge, a public official needs innovativeness and creativity of a high order as well, while resolving ethical dilemmas. Discuss with suitable example.",100.0,keep,true,aggregator,,,,,,,,,,,,,,,exact,100.0,exact,100.0
2021,GS4,dee30326-920a-40cf-bee0-a5b4c76760f7,65,GS4-Q3a,14,GS4-A-Q8,"What does each of the following quotations mean to you? ""Every work has got to pass through hundreds of difficulties before succeeding. Those that persevere will see the light, sooner or later."" - Swami Vivekananda","What does each of the following quotations mean to you? (a) ""Every work has got to pass through hundreds of difficulties before succeeding. Those that persevere will see the light, sooner or later."" — Swami Vivekananda",99.0,keep,true,aggregator,,,,,,,,,,,,,,,orphan,82.5,orphan,82.2
2021,GS4,dee30326-920a-40cf-bee0-a5b4c76760f7,66,GS4-Q3b,15,GS4-A-Q9,"""We can never obtain peace in the outer world until and unless we obtain peace within ourselves."" - Dalai Lama","""We can never obtain peace in the outer world until and unless we obtain peace within ourselves."" – Dalai Lama",100.0,keep,true,aggregator,,,,,,,,,,,,,,,exact,97.1,exact,97.1
2021,GS4,dee30326-920a-40cf-bee0-a5b4c76760f7,67,GS4-Q3c,16,GS4-A-Q10,"""Life doesn't make any sense without interdependence. We need each other, and the sooner we learn that, it is better for us all."" - Erik Erikson","""Life doesn’t make any sense without interdependence. We need each other, and the sooner we learn that, it is better for us all."" - Erik Erikson",99.3,keep,true,aggregator,,,,,,,,,,,,,,,orphan,75.7,orphan,75.7
2021,GS4,dee30326-920a-40cf-bee0-a5b4c76760f7,68,GS4-Q4a,5,GS4-A-Q3,Attitude is an important component that goes as input in the development of human resource. How to build a suitable attitude needed for a public servant?,Attitude is an important component that goes as input in the development of human being. How to build a suitable attitude needed for a public servant?,95.3,keep,true,aggregator,,,,,,,,,,,,,,,orphan,68.2,orphan,67.6
2021,GS4,dee30326-920a-40cf-bee0-a5b4c76760f7,69,GS4-Q4b,13,GS4-A-Q7,In case of crisis of conscience does emotional intelligence help to overcome the same without compromising the ethical or moral stand that you are likely to follow? Critically examine.,In case of crisis of conscience does emotional intelligence help to overcome the same without compromising the ethical or moral stand that you are likely to follow? Critically examine.,100.0,keep,true,aggregator,,,,,,,,,,,,,,,exact,98.9,exact,98.9
2021,GS4,dee30326-920a-40cf-bee0-a5b4c76760f7,70,GS4-Q5a,18,GS4-A-Q12,"""Refugees should not be turned back to the country where they would face persecution or human right violation."" Examine the statement with reference to ethical dimension being violated by the nation claiming to be democratic with open society.",Refugees should not be turned back to the country where they would face persecution or human right violation. Examine the statement with reference to ethical dimension being violated by the nation claiming to be democratic with open society.,100.0,keep,true,aggregator,,,,,,,,,,,,,,,exact,95.0,exact,95.0
2021,GS4,dee30326-920a-40cf-bee0-a5b4c76760f7,71,GS4-Q5b,11,GS4-A-Q6,Should impartiality and being non-partisan be considered as indispensable qualities to make a successful civil servant? Discuss with illustrations.,Should impartial and being non-partisan be considered as indispensable qualities to make a successful civil servant? Discuss with illustrations.,97.9,keep,true,aggregator,,,,,,,,,,,,,,,exact,97.9,exact,100.0
2021,GS4,dee30326-920a-40cf-bee0-a5b4c76760f7,72,GS4-Q6a,19,GS4-A-Q13,"An independent and empowered social audit mechanism is an absolute must in every sphere of public service, including judiciary, to ensure performance, accountability and ethical conduct. Elaborate.","An independent and empowered social audit mechanism is an absolute must in every sphere of public service, including judiciary, to ensure performance, accountability and ethical conduct. Elaborate.",100.0,keep,true,aggregator,,,,,,,,,,,,,,,variant,90.6,variant,90.6
2021,GS4,dee30326-920a-40cf-bee0-a5b4c76760f7,73,GS4-Q6b,3,GS4-A-Q2,"""Integrity is a value that empowers the human being."" Justify with suitable illustration.","""Integrity is a value that empowers the human being."" Justify with suitable illustration.",100.0,keep,true,aggregator,,,,,,,,,,,,,,,orphan,69.4,orphan,69.4
2021,GS4,dee30326-920a-40cf-bee0-a5b4c76760f7,74,GS4-Q7,2,GS4-B-Q1,"Sunil is a young civil servant and has a reputation for his competence, integrity, dedication and relentless pursuit of difficult and onerous jobs. Considering his profile, he was picked up by his bosses to handle a very challenging and sensitive assignment. He was posted in a tribal dominated district notorious for illegal sand mining. Excavating sand from river belt and transporting through trucks and selling them in black market was rampant. This illegal sand mining mafia was operating with the support of local functionaries and tribal musclemen who in turn were bribing selected poor tribals and had kept the tribals under fear and intimidation. Sunil being a sharp and energetic officer immediately grasped the ground realities and the modus operandi followed by the mafia through their devious and dubious mechanism. On making inquiries, he gathered that some of their own office employees are in hand and glove with them and have developed close unholy nexus. Sunil initiated stringent action against them and started conducting raids on their illegal operations of movement of trucks filled with sand. The mafia got rattled as not many officers in the past had taken such steps against the mafia. Some of the office employees who were allegedly close to mafia informed them that the officer is determined to clean up the mafia's illegal sand mining operations in that district and may cause them irreparable damage. The mafia turned hostile and launched counter-offensive. The tribal musclemen and mafia started threatening him with dire consequences. His family (wife and old mother) were stalked and were under virtual surveillance and thus causing mental torture, agony and stress to all of them. The matter assumed serious proportions when a muscleman came to his office and threatened him to stop raids, etc., otherwise, his fate will not be different than some of his predecessors (ten years back one officer was killed by the mafia). Identify the different options available to Sunil in attending to this situation. Critically evaluate each of the options listed by you. Which of the above, do you think, would be the most appropriate for Sunil to adopt and why?","Sunil is a young civil servant and has a reputation for his competence, integrity, dedication and relentness pursuit of difficult and onerous jobs. Considering his profile, he was picked up by his bosses to handle a very challenging and sensitive assignment. He was posted in a tribal dominated district notorious for illegal sand mining. Excavating sand from river belt and transporting through trucks and selling them in black market was rampant. This illegal sand mining mafia was operating with the support of local functionaries and tribal musclemen who in turn were bribing selected poor tribals and had kept the tribals under fear and intimidation. Sunil being a sharp and energetic officer immediately grasped the ground realities and the modus operandi followed by the mafia through their devious and dubious mechanism. On making inquiries, he gathered that some of their own office employees are in hand and glove with them and have developed close unholy nexus. Sunil initiated stringent action against them and started conducting raids on their illegal operations of movement of trucks filled with sand. The mafia got rattled as not many officers in the past had taken such strong steps against the mafia. Some of the office employees who were allegedly close to mafia informed them that the officer is determined to clean up the mafia's illegal sand mining operations in that district and may cause them irrepairable damage. The mafia turned hostile and launched counter-offensive. The tribal musclemen and mafia started threatening him with dire consequences. His family (wife and old mother) were stalked and were under virtual surveillance and thus causing mental torture, agony and stress to all of them. The matter assumed serious proportions when a muscleman came to his office and threatened him to stop raids, etc., otherwise, his fate will not be different than some of his predecessors (ten years back one officer was killed by the mafia). (a) Identify the different options available to Sunil in attending to this situation. (b) Critically evaluate each of the options listed by you. (c) Which of the above, do you think, would be the most appropriate for Sunil to adopt and why?",99.3,keep,true,aggregator,,,,,,,,,,,,,,,variant,87.2,variant,87.3
2021,GS4,dee30326-920a-40cf-bee0-a5b4c76760f7,75,GS4-Q8,4,GS4-B-Q2,"You are Vice Principal of a degree college in one of the middle-class towns. Principal has recently retired and management is looking for his replacement. There are also feelers that the management may promote you as Principal. In the meantime, during annual examination the flying squad came from the university and caught two students red-handed involving in unfair means. A senior lecturer of the college was personally helping these students in this act. This senior lecturer also happens to be close to the management. One of the students was son of a local politician who was responsible in getting the college affiliated to the present reputed university. The second student was son of a local businessman who has donated maximum funds for running of the college. You immediately informed the management regarding this unfortunate incident. The management told you to resolve the issue with flying squad at any cost. They further said that such incident will not only tarnish the image of the college but also the politician and businessman are very important personalities for the functioning of the college. You were also given a hint that your further promotion to Principal depends on your capability in resolving this issue with flying squad. In the meantime, you were intimated by your administrative officer that certain members of the student union are protesting outside the college gate against the senior lecturer and the students involved in this incident and demanding strict action against defaulters. Discuss the ethical issues involved in the case. Critically examine the options available with you as Vice Principal. What option will you adopt and why?","You are Vice Principal of a degree college in one of the middle-class towns. Principal has recently retired and management is looking for his replacement. There are also feelers that the management may promote you as Principal. In the meantime, during annual examination the flying squad which came from the university caught two students red-handed involving in unfair means. A senior lecturer of the college was personally helping these students in this act. This senior lecturer also happens to be close to the management. One of the students was son of a local politician who was responsible in getting college affiliated to the present reputed university. The second student was son of a local businessman who has donated maximum funds for running of the college. You immediately informed the management regarding this unfortunate incident. The management told you to resolve the issue with flying squad at any cost. They further said that such incident will not only tarnish the image of the college but also the politician and businessman are very important personalities for the functioning of the college. You were also given hint that your further promotion to Principal depends on your capability in resolving this issue with flying squad. In the meantime, you were intimated by your administrative officer that certain members of the student union are protesting outside the college gate against the senior lecturer and the students involved in this incident and demanding strict action against defaulters. (a) Discuss the ethical issues involved in the case. (b) Critically examine the options available with you as Vice Principal. What option will you adopt and why?",99.4,keep,true,aggregator,,,,,,,,,,,,,,,variant,91.9,variant,92.5
2021,GS4,dee30326-920a-40cf-bee0-a5b4c76760f7,76,GS4-Q9,6,GS4-B-Q3,"An elevated corridor is being constructed to reduce traffic congestion in the capital of a particular state. You have been selected as project manager of this prestigious project on your professional competence and experience. The deadline is to complete the project in next two years by 20 June, 2021, since this project is to be inaugurated by the Chief Minister before the elections are announced in the second week of July 2021. While carrying out a surprise inspection by the inspecting team, a minor crack was noticed in one of the piers of the elevated corridor possibly due to poor material used. You immediately informed the chief engineer and stopped further work. It was assessed by you that minimum three piers of the elevated corridor have to be demolished and reconstructed. But this process will delay the project minimum by four to six months. But the chief engineer overruled the observation of the inspecting team on the ground that it was a minor crack which will not in any way impact the strength and durability of the bridge. He ordered you to overlook the observation of the inspecting team and continue working with same speed and tempo. He informed you that the minister does not want any delay as he wants the Chief Minister to inaugurate the elevated corridor before the elections are declared. Also informed you that the contractor is a far relative of the minister and he wants him to finish the project. He also gave you a hint that your further promotion as additional chief engineer is under consideration with the ministry. However, you strongly felt that the minor crack in the pier of the elevated corridor will adversely affect the health and life of the bridge and therefore it will be very dangerous not to repair the elevated corridor. Under the given conditions, what are the options available to you as a project manager? What are the ethical dilemmas being faced by the project manager? What are the professional challenges likely to be faced by the project manager and his response to overcome such challenges? What can be the consequences of overlooking the observation raised by the inspecting team?","An elevated corridor is being constructed to reduce traffic congestion in the capital of a particular state. You have been selected as project manager of this prestigious project on your professional competence and experience. The deadline is to complete the project in next two years by 30 June, 2021, since this project is to be inaugurated by the Chief Minister before the elections are announced in the second week of July 2021. While carrying out the surprise inspection by inspecting team, a minor crack was noticed in one of the piers of the elevated corridor possibly due to poor material used. You immediately informed the chief engineer and stopped further work. It was assessed by you that minimum three piers of the elevated corridor have to be demolished and reconstructed. But this process will delay the project minimum by four to six months. But the chief engineer overruled the observation of inspecting team on the ground that it was a minor crack which will not in any way impact the strength and durability of the bridge. He ordered you to overlook the observation of inspecting team and continue working with same speed and tempo. He informed you that the minister does not want any delay as he wants the Chief Minister to inaugurate the elevated corridor before the elections are declared. Also informed you that the contractor is far relative of the minister and he wants him to finish the project. He also gave you hint that your further promotion as additional chief engineer is under consideration with the ministry. However, you strongly felt that the minor crack in the pier of the elevated corridor will adversely affect the health and life of the bridge and therefore it will be very dangerous not to repair the elevated corridor. (a) Under the given conditions, what are the options available to you as a project manager? (b) What are the ethical dilemmas being faced by the project manager? (c) What are the professional challenges likely to be faced by the project manager and his response to overcome such challenges? (d) What can be the consequences of overlooking the observation raised by the inspecting team?",99.1,keep,true,aggregator,,,,,,,,,,,,,,,variant,85.2,variant,86.1
2021,GS4,dee30326-920a-40cf-bee0-a5b4c76760f7,77,GS4-Q10,8,GS4-B-Q4,"The coronavirus disease (COVID-19) pandemic has quickly spread to various countries. As on May 8th, 2020, in India 56,342 positive cases of corona had been reported. India with a population of more than 1.35 billion had difficulty in controlling the transmission of coronavirus among its population. Multiple strategies became necessary to handle this outbreak. The Ministry of Health and Family Welfare of India raised awareness about this outbreak and to take all necessary actions to control the spread of COVID-19. Indian Government implemented a 55-day lockdown throughout the country to reduce the transmission of the virus. Schools and colleges had shifted to alternative mode of teaching-learning-evaluation and certification. Online mode became popular during these days. India was not prepared for a sudden onslaught of such a crisis due to limited infrastructure in terms of human resource, money and other facilities needed for taking care of this situation. This disease did not spare anybody irrespective of caste, creed, religion on the one hand and 'have and have not' on the other. Deficiencies in hospital beds, oxygen cylinders, ambulances, hospital staff and crematorium were the most crucial aspects. You are a hospital administrator in a public hospital at the time when coronavirus had attacked large number of people and patients were pouring into hospital day in and day out. What are your criteria and justification for putting your clinical and non-clinical staff to attend to the patients knowing fully well that it is a highly infectious disease and resources and infrastructure are limited? If yours is a private hospital, whether your justification and decision would remain same as that of a public hospital?","The coronavirus disease (COVID-19) pandemic has quickly spread to various countries. As on May 8th, 2020, in India 56342 positive cases of corona had been reported. India with a population of more than 1.35 billion had difficulty in controlling the transmission of coronavirus among its population. Multiple strategies became necessary to handle this outbreak. The Ministry of Health and Family Welfare of India raised awareness about this outbreak and to take all necessary actions to control the spread of COVID-19. Indian Government implemented a 55-day lockdown throughout the country to reduce the transmission of the virus. Schools and colleges had shifted to alternative mode of teaching-learning-evaluation and certification. Online mode became popular during these days. India was not prepared for a sudden onslaught of such a crisis due to limited infrastructure in terms of human resource, money and other facilities needed for taking care of this situation. This disease did not spare anybody irrespective of caste, creed, religion on the one hand and 'have and have not' on the other. Deficiencies in hospital beds, oxygen cylinders, ambulances, hospital staff and crematorium were the most crucial aspects. You are a hospital administrator in a public hospital at the time when coronavirus had attacked large number of people and patients were pouring into hospital day in and day out. (a) What are your criteria and justification for putting your clinical and non-clinical staff to attend to the patients knowing fully well that it is highly infectious disease and resources and infrastructure are limited? (b) If yours is a private hospital, whether your justification and decision would remain same as that of a public hospital?",99.8,keep,true,aggregator,,,,,,,,,,,,,,,orphan,63.3,orphan,63.3
2021,GS4,dee30326-920a-40cf-bee0-a5b4c76760f7,78,GS4-Q11,10,GS4-B-Q5,"A reputed food product company based in India developed a food product for international market and started exporting the same after getting necessary approvals. The company announced this achievement and also indicated that soon the product will be made available for the domestic consumers with almost same quality and health benefits. Accordingly, the company got its product approved by the domestic competent authority and launched the product in Indian market. The company could increase its market share over a period of time and earned substantial profit both domestically and internationally. However, the random sample test conducted by inspecting team found the product being sold domestically in variance with the approval obtained from the competent authority. On further investigation, it was also discovered that the food company was not only selling products which were not meeting the health standard of the country but also selling the rejected export products in the domestic market. This episode adversely affected the reputation and profitability of the food company. What action do you visualize should be taken by the competent authority against the food company for violating the laid down domestic food standard and selling rejected export products in domestic market? What course of action is available with the food company to resolve the crisis and bring back its lost reputation? Examine the ethical dilemma involved in the case.","A reputed food product company based in India developed a food product for the international market and started exporting the same after getting necessary approvals. The company announced this achievement and also indicated that soon the product will be made available for the domestic consumers with almost same quality and health benefits. Accordingly, the company got its product approved by the domestic competent authority and launched the product in Indian market. The company could increase its market share over a period of time and earned substantial profit both domestically and internationally. However, the random sample test conducted by inspecting team found the product being sold domestically in variance with the approval obtained from the competent authority. On further investigation, it was also discovered that the food company was not only selling products which were not meeting the health standard of the country but also selling the rejected export products in the domestic market. This episode adversely affected the reputation and profitability of the food company. (a) What action do you visualize should be taken by the competent authority against the food company for violating the laid down domestic food standard and selling rejected export products in domestic market? (b) What course of action is available with the food company to resolve the crisis and bring back its lost reputation? (c) Examine the ethical dilemma involved in the case.",99.3,keep,true,aggregator,,,,,,,,,,,,,,,variant,94.2,variant,94.1
2021,GS4,dee30326-920a-40cf-bee0-a5b4c76760f7,79,GS4-Q12,12,GS4-B-Q6,"Pawan is working as an officer in the State Government for the last ten years. As a part of routine transfer, he was posted to another department. He joined in a new office along with five other colleagues. The head of the office was a senior officer conversant with the functioning of the office. As a part of general inquiry, Pawan gathered that his senior officer carries the reputation of being a difficult and insensitive person having his own disturbed family life. Initially, all seemed to go well. However, after some time Pawan felt that the senior officer was belittling him and at times unreasonable. Whatever suggestions given or views expressed by Pawan in the meetings were summarily rejected and the senior officer would express displeasure in the presence of others. It became a pattern of boss's style of functioning to show him in bad light highlighting his shortcomings and humiliating him publicly. It became apparent that though there are no serious work-related problems/shortcomings, the senior officer was always finding one pretext or the other to scold and shout at him. The continuous harassment and public criticism of Pawan resulted in loss of confidence, self-esteem and equanimity. Pawan realized that his relations with his senior officer are becoming more toxic and due to this, he felt perpetually tensed, anxious and stressed. His mind was occupied with negativity and caused him mental torture, anguish and agony. Eventually, it badly affected his personal and family life. He was no longer joyous, happy and contented even at home. Rather without any reason he would lose his temper with his wife and other family members. The family environment was no longer pleasant and congenial. His wife who was always supportive to him also became a victim of his negativity and hostile behaviour. Due to harassment and humiliation suffered by him in the office, comfort and happiness virtually vanished from his life. Thus it damaged his physical and mental health. What are the options available with Pawan to cope with the situation? What approach should Pawan adopt for bringing peace, tranquillity and congenial environment in the office and home? As an outsider, what are your suggestions for both boss and subordinate to overcome this situation and for improving the work performance, mental and emotional hygiene? In the above scenario, what type of training would you suggest at various levels in the government offices?","Pawan is working as an officer in the State Government for the last ten years. As a part of routine transfer, he was posted to another department. He joined in a new office along with five other colleagues. The head of the office was a senior officer conversant with the functioning of the office. As a part of general inquiry, Pawan gathered that his senior officer carries the reputation of being difficult and insensitive person having his own disturbed family life. Initially, all seem to go well. However, after some time Pawan felt that the senior officer was belittling him and at times unreasonable. Whatever suggestions given or views expressed by Pawan in the meetings were summarily rejected and the senior officer would express displeasure in the presence of others. It became a pattern of boss's style of functioning to show him in bad light highlighting his shortcomings and humiliating publically. It became apparent that though there are no serious work-related problems/shortcomings, the senior officer was always on one pretext or the other and would scold and shout at him. The continuous harassment and public criticism of Pawan resulted in loss of confidence, self-esteem and equanimity. Pawan realized that his relations with his senior officer are becoming more toxic and due to this, he felt perpetually tensed, anxious and stressed. His mind was occupied with negativity and caused him mental torture, anguish and agony. Eventually, it badly affected his personal and family life. He was no longer joyous, happy and contented even at home. Rather without any reason he would loose his temper with his wife and other family members. The family environment was no longer pleasant and congenial. His wife who was always supportive to him also became a victim of his negativity and hostile behaviour. Due to harassment and humiliation suffering by him in the office, comfort and happiness virtually vanished from his life. Thus it damaged his physical and mental health. (a) What are the options available with Pawan to cope up with the situation? (b) What approach Pawan should adopt for bringing peace, tranquillity and congenial environment in the office and home? (c) As an outsider, what are your suggestions for both boss and subordinate to overcome this situation and for improving the work performance, mental and emotional hygiene? (d) In the above scenario, what type of training would you suggest for officers at various levels in the government offices?",98.1,keep,true,aggregator,,,,,,,,,,,,,,,orphan,82.8,orphan,83.4
2022,GS1,daca2e9f-012e-46fc-8b10-b6df340b4200,1,GS1-Q1,1,GS1-Q1,How will you explain that Medieval Indian temple sculptures represent the social life of those days? (Answer in 150 words),How will you explain that medieval Indian temple sculptures represent the social life of those days?,100.0,keep,true,aggregator,,,,,,,,,,,,,,,,,,
2022,GS1,daca2e9f-012e-46fc-8b10-b6df340b4200,2,GS1-Q2,5,GS1-Q5,Why did the armies of the British East India Company Ã¢â¬â mostly comprising of Indian Soldiers Ã¢â¬â win consistently against the more numerous and better equipped armies of the then Indian rulers? Give reasons. (Answer in 150 words),Why did the armies of the British East India Company - mostly comprising of Indian soldiers - win consistently against the more numerous and better equipped armies of the then Indian rulers? Give reasons.,96.0,keep,true,aggregator,,,,,,,,,,,,,,,,,,
2022,GS1,daca2e9f-012e-46fc-8b10-b6df340b4200,3,GS1-Q3,4,GS1-Q4,Why was there a sudden spurt in famines in colonial India since the mid-eighteenth century? Give reasons. (Answer in 150 words),Why was there a sudden spurt in famines in colonial India since the mid-eighteenth century? Give reasons.,100.0,keep,true,aggregator,,,,,,,,,,,,,,,,,,
2022,GS1,daca2e9f-012e-46fc-8b10-b6df340b4200,4,GS1-Q4,13,GS1-Q13,Describe the characteristics and types of primary rocks. (Answer in 150 words),Describe the characteristics and types of primary rocks.,100.0,keep,true,aggregator,,,,,,,,,,,,,,,,,,
2022,GS1,daca2e9f-012e-46fc-8b10-b6df340b4200,5,GS1-Q5,14,GS1-Q14,Discuss the meaning of colour-coded weather warnings for cyclone prone areas given by India Meteorological Department. (Answer in 150 words),Discuss the meaning of colour-coded weather warnings for cyclone prone areas given by India Meteorological Department.,100.0,keep,true,aggregator,,,,,,,,,,,,,,,,,,
2022,GS1,daca2e9f-012e-46fc-8b10-b6df340b4200,6,GS1-Q6,15,GS1-Q15,Discuss the natural resource potentials of 'Deccan Trap'. (Answer in 150 words),Discuss the natural resource potentials of ‘Deccan Trap’.,100.0,keep,true,aggregator,,,,,,,,,,,,,,,,,,
2022,GS1,daca2e9f-012e-46fc-8b10-b6df340b4200,7,GS1-Q7,16,GS1-Q16,Examine the potential of wind energy in India and explain the reasons for their limited spatial spread. (Answer in 150 words),Examine the potential of wind energy in India and explain the reasons for its limited spatial spread.,96.0,keep,true,aggregator,,,,,,,,,,,,,,,,,,
2022,GS1,daca2e9f-012e-46fc-8b10-b6df340b4200,8,GS1-Q8,8,GS1-Q8,Explore and evaluate the impact of 'Work From Home' on family relationships. (Answer in 150 words),Explore and evaluate the impact of ‘Work From Home’ on family relationships.,100.0,keep,true,aggregator,,,,,,,,,,,,,,,,,,
2022,GS1,daca2e9f-012e-46fc-8b10-b6df340b4200,9,GS1-Q9,9,GS1-Q9,How is the growth of Tier 2 Cities related to the rise of a new middle class with an emphasis on the culture of consumption? (Answer in 150 words),How is the growth of Tier 2 cities related to the rise of a new middle class with an emphasis on the culture of consumption?,100.0,keep,true,aggregator,,,,,,,,,,,,,,,,,,
2022,GS1,daca2e9f-012e-46fc-8b10-b6df340b4200,10,GS1-Q10,7,GS1-Q7,"Given the diversities among tribal communities in India, in which specific contexts should they be considered as a single category? (Answer in 150 words)","Given the diversities among tribal communities in India, in which specific contexts should they be considered as a single category?",100.0,keep,true,aggregator,,,,,,,,,,,,,,,,,,
2022,GS1,daca2e9f-012e-46fc-8b10-b6df340b4200,11,GS1-Q11,6,GS1-Q6,The political and administrative reorganization of states and territories has been a continuous ongoing process since the mid-nineteenth century. Discuss with examples. (Answer in 250 words),The political and administrative reorganization of states and territories has been a continuous ongoing process since the mid-nineteenth century. Discuss with examples.,100.0,keep,true,aggregator,,,,,,,,,,,,,,,,,,
2022,GS1,daca2e9f-012e-46fc-8b10-b6df340b4200,12,GS1-Q12,2,GS1-Q2,Discuss the main contributions of Gupta period and Chola period to Indian heritage and culture. (Answer in 250 words),Discuss the main contributions of Gupta period and Chola period to Indian heritage and culture.,100.0,keep,true,aggregator,,,,,,,,,,,,,,,,,,
2022,GS1,daca2e9f-012e-46fc-8b10-b6df340b4200,13,GS1-Q13,3,GS1-Q3,"Discuss the significance of the lion and bull figures in Indian mythology, art and architecture. (Answer in 250 words)","Discuss the significance of the lion and bull figures in Indian mythology, art, and architecture.",100.0,keep,true,aggregator,,,,,,,,,,,,,,,,,,
2022,GS1,daca2e9f-012e-46fc-8b10-b6df340b4200,14,GS1-Q14,19,GS1-Q19,What are the forces that influence ocean currents? Describe their role in fishing industry of the world. (Answer in 250 words),What are the forces that influence ocean currents? Describe their role in fishing industry of the world.,100.0,keep,true,aggregator,,,,,,,,,,,,,,,,,,
2022,GS1,daca2e9f-012e-46fc-8b10-b6df340b4200,15,GS1-Q15,17,GS1-Q17,"Describing the distribution of rubber producing countries, indicate the major environmental issues faced by them. (Answer in 250 words)","Describing the distribution of rubber-producing countries, indicate the major environmental issues faced by them.",100.0,keep,true,aggregator,,,,,,,,,,,,,,,,,,
2022,GS1,daca2e9f-012e-46fc-8b10-b6df340b4200,16,GS1-Q16,20,GS1-Q20,Mention the significance of straits and isthmus in international trade. (Answer in 250 words),Mention the significance of straits and isthmus in international trade.,100.0,keep,true,aggregator,,,,,,,,,,,,,,,,,,
2022,GS1,daca2e9f-012e-46fc-8b10-b6df340b4200,17,GS1-Q17,18,GS1-Q18,Troposphere is a very significant atmosphere layer that determines weather processes. How? (Answer in 250 words),The troposphere is a very significant atmospheric layer that determines weather processes. How?,96.1,keep,true,aggregator,,,,,,,,,,,,,,,,,,
2022,GS1,daca2e9f-012e-46fc-8b10-b6df340b4200,18,GS1-Q18,11,GS1-Q11,"Analyse the salience of 'sect' in Indian society vis-a-vis caste, region and religion. (Answer in 250 words)","Analyse the salience of 'sect' in Indian society vis-a-vis caste, region and religion.",100.0,keep,true,aggregator,,,,,,,,,,,,,,,,,,
2022,GS1,daca2e9f-012e-46fc-8b10-b6df340b4200,19,GS1-Q19,12,GS1-Q12,"Are tolerance, assimilation and pluralism the key elements in the making of an Indian form of secularism? Justify your answer. (Answer in 250 words)","Are tolerance, assimilation, and pluralism the key elements in the making of an Indian form of secularism? Justify your answer.",100.0,keep,true,aggregator,,,,,,,,,,,,,,,,,,
2022,GS1,daca2e9f-012e-46fc-8b10-b6df340b4200,20,GS1-Q20,10,GS1-Q10,"Elucidate the relationship between globalization and new technology in a world of scarce resources, with special reference to India. (Answer in 250 words)","Elucidate the relationship between globalization and new technology in a world of scarce resources, with special reference to India.",100.0,keep,true,aggregator,,,,,,,,,,,,,,,,,,
2022,GS2,d332fcad-6750-4542-af0a-3f203f819096,21,GS2-Q1,7,GS2-Q7,"""The most significant achievement of modern law in India is the constitutionalization of environmental problems by the Supreme Court."" Discuss this statement with the help of relevant case laws.",“The most significant achievement of modern law in India is the constitutionalization of environmental problems by the Supreme Court.” Discuss this statement with the help of relevant case laws.,100.0,keep,true,aggregator,,,,,,,,,,,,,,,,,,
2022,GS2,d332fcad-6750-4542-af0a-3f203f819096,22,GS2-Q2,1,GS2-Q1,"""Right of movement and residence throughout the territory of India are freely available to the Indian citizens, but these rights are not absolute."" Comment.","“Right of movement and residence throughout the territory of India are freely available to the Indian citizens, but these rights are not absolute.” Comment.",100.0,keep,true,aggregator,,,,,,,,,,,,,,,,,,
2022,GS2,d332fcad-6750-4542-af0a-3f203f819096,23,GS2-Q3,2,GS2-Q2,"To what extent, in your opinion, has the decentralisation of power in India changed the governance landscape at the grassroots?","To what extent, in your opinion, has the decentralisation of power in India changed the governance landscape at the grassroots?",100.0,keep,true,aggregator,,,,,,,,,,,,,,,,,,
2022,GS2,d332fcad-6750-4542-af0a-3f203f819096,24,GS2-Q4,5,GS2-Q5,Discuss the role of the Vice-President of India as the chairman of the Rajya Sabha.,Discuss the role of the Vice–President of India as the Chairman of the Rajya Sabha.,98.8,keep,true,aggregator,,,,,,,,,,,,,,,,,,
2022,GS2,d332fcad-6750-4542-af0a-3f203f819096,25,GS2-Q5,10,GS2-Q10,Discuss the role of the National Commission for Backward Classes in the wake of its transformation from a statutory body to a constitutional body.,Discuss the role of the National Commission for Backward Classes in the wake of its transformation from a statutory body to a constitutional body.,100.0,keep,true,aggregator,,,,,,,,,,,,,,,,,,
2022,GS2,d332fcad-6750-4542-af0a-3f203f819096,26,GS2-Q6,11,GS2-Q11,The Gati-Shakti Yojana needs meticulous coordination between the government and the private sector to achieve the goal of connectivity. Discuss.,The Gati-Shakti Yojana needs meticulous coordination between the government and the private sector to achieve the goal of connectivity. Discuss.,100.0,keep,true,aggregator,,,,,,,,,,,,,,,,,,
2022,GS2,d332fcad-6750-4542-af0a-3f203f819096,27,GS2-Q7,14,GS2-Q14,"The Rights of Persons with Disabilities Act, 2016 remains only a legal document without intense sensitisation of government functionaries and citizens regarding disability. Comment.","The Rights of Persons with Disabilities Act, 2016 remains only a legal document without intense sensitisation of government functionaries and citizens regarding disability. Comment.",100.0,keep,true,aggregator,,,,,,,,,,,,,,,,,,
2022,GS2,d332fcad-6750-4542-af0a-3f203f819096,28,GS2-Q8,13,GS2-Q13,"Reforming the government delivery system through the Direct Benefit Transfer Scheme is a progressive step, but it has its limitations too. Comment.","Reforming the government delivery system through the Direct Benefit Transfer Scheme is a progressive step, but it has its limitations too. Comment.",100.0,keep,true,aggregator,,,,,,,,,,,,,,,,,,
2022,GS2,d332fcad-6750-4542-af0a-3f203f819096,29,GS2-Q9,17,GS2-Q17,'India is an age-old friend of Sri Lanka.' Discuss India's role in the recent crisis in Sri Lanka in the light of the preceding statement.,‘India is an age-old friend of Sri Lanka.’ Discuss India’s role in the recent crisis in Sri Lanka in the light of the preceding statement.,99.2,keep,true,aggregator,,,,,,,,,,,,,,,,,,
2022,GS2,d332fcad-6750-4542-af0a-3f203f819096,30,GS2-Q10,20,GS2-Q20,Do you think that BIMSTEC is a parallel organisation like the SAARC? What are the similarities and dissimilarities between the two? How are Indian foreign policy objectives realized by forming this new organisation?,Do you think that BIMSTEC is a parallel organisation like the SAARC? What are the similarities and dissimilarities between the two? How are Indian foreign policy objectives realized by forming this new organisation?,100.0,keep,true,aggregator,,,,,,,,,,,,,,,,,,
2022,GS2,d332fcad-6750-4542-af0a-3f203f819096,31,GS2-Q11,8,GS2-Q8,"Discuss the procedures to decide the disputes arising out of the election of a Member of the Parliament or State Legislature under The Representation of the People Act, 1951. What are the grounds on which the election of any returned candidate may be declared void? What remedy is available to the aggrieved party against the decision? Refer to the case laws.","Discuss the procedures to decide the disputes arising out of the election of a Member of the Parliament or State Legislature under The Representation of the People Act, 1951. What are the grounds on which the election of any returned candidate may be declared void? What remedy is available to the aggrieved party against the decision? Refer to the case laws.",100.0,keep,true,aggregator,,,,,,,,,,,,,,,,,,
2022,GS2,d332fcad-6750-4542-af0a-3f203f819096,32,GS2-Q12,6,GS2-Q6,Discuss the essential conditions for exercise of the legislative powers by the Governor. Discuss the legality of re-promulgation of ordinances by the Governor without placing them before the Legislature.,Discuss the essential conditions for exercise of the legislative powers by the Governor. Discuss the legality of re-promulgation of ordinances by the Governor without placing them before the Legislature.,100.0,keep,true,aggregator,,,,,,,,,,,,,,,,,,
2022,GS2,d332fcad-6750-4542-af0a-3f203f819096,33,GS2-Q13,3,GS2-Q3,"""While the national political parties in India favour centralisation, the regional parties are in favour of State autonomy."" Comment.","While the national political parties in India favour centralisation, the regional parties are in favour of State autonomy.” Comment.",100.0,keep,true,aggregator,,,,,,,,,,,,,,,,,,
2022,GS2,d332fcad-6750-4542-af0a-3f203f819096,34,GS2-Q14,4,GS2-Q4,Critically examine the procedures through which the Presidents of India and France are elected.,Critically examine the procedures through which the Presidents of India and France are elected.,100.0,keep,true,aggregator,,,,,,,,,,,,,,,,,,
2022,GS2,d332fcad-6750-4542-af0a-3f203f819096,35,GS2-Q15,9,GS2-Q9,Discuss the role of the Election Commission of India in the light of the evolution of the Model Code of Conduct.,Discuss the role of the Election Commission of India in the light of the evolution of the Model Code of Conduct.,100.0,keep,true,aggregator,,,,,,,,,,,,,,,,,,
2022,GS2,d332fcad-6750-4542-af0a-3f203f819096,36,GS2-Q16,15,GS2-Q15,"Besides the welfare schemes, India needs deft management of inflation and unemployment to serve the poor and the underprivileged sections of the society. Discuss.","Besides the welfare schemes, India needs deft management of inflation and unemployment to serve the poor and the underprivileged sections of society. Discuss.",97.4,keep,true,aggregator,,,,,,,,,,,,,,,,,,
2022,GS2,d332fcad-6750-4542-af0a-3f203f819096,37,GS2-Q17,12,GS2-Q12,Do you agree with the view that increasing dependence on donor agencies for development reduces the importance of community participation in the development process? Justify your answer.,Do you agree with the view that increasing dependence on donor agencies for development reduces the importance of community participation in the development process? Justify your answer.,100.0,keep,true,aggregator,,,,,,,,,,,,,,,,,,
2022,GS2,d332fcad-6750-4542-af0a-3f203f819096,38,GS2-Q18,16,GS2-Q16,"The Right of Children to Free and Compulsory Education Act, 2009 remains inadequate in promoting incentive-based system for children's education without generating awareness about the importance of schooling. Analyse.","The Right of Children to Free and Compulsory Education Act, 2009 remains inadequate in promoting an incentive-based system for children’s education without generating awareness about the importance of schooling. Analyse.",98.6,keep,true,aggregator,,,,,,,,,,,,,,,,,,
2022,GS2,d332fcad-6750-4542-af0a-3f203f819096,39,GS2-Q19,18,GS2-Q18,"How will I2U2 (India, Israel, UAE and USA) grouping transform India's position in global politics?","How will I2U2 (India, Israel, UAE and USA) grouping transform India's position in global politics?",100.0,keep,true,aggregator,,,,,,,,,,,,,,,,,,
2022,GS2,d332fcad-6750-4542-af0a-3f203f819096,40,GS2-Q20,19,GS2-Q19,'Clean energy is the order of the day.' Describe briefly India's changing policy towards climate change in various international fora in the context of geopolitics.,‘Clean energy is the order of the day.’ Describe briefly India’s changing policy towards climate change in various international forums in the context of geopolitics.,98.1,keep,true,aggregator,,,,,,,,,,,,,,,,,,
2022,GS3,b5cbb735-b687-4de5-90cb-3978f48a71a1,41,GS3-Q1,8,GS3-Q8,Why is Public Private Partnership (PPP) required in infrastructural projects? Examine the role of PPP model in the redevelopment of Railway Stations in India.,Why is Public Private Partnership (PPP) required in infrastructural projects? Examine the role of PPP model in the redevelopment of Railway Stations in India.,100.0,keep,true,aggregator,,,,,,,,,,,,,,,,,,
2022,GS3,b5cbb735-b687-4de5-90cb-3978f48a71a1,42,GS3-Q2,2,GS3-Q2,Is inclusive growth possible under market economy? State the significance of financial inclusion in achieving economic growth in India.,Is inclusive growth possible under market economy? State the significance of financial inclusion in achieving economic growth in India.,100.0,keep,true,aggregator,,,,,,,,,,,,,,,,,,
2022,GS3,b5cbb735-b687-4de5-90cb-3978f48a71a1,43,GS3-Q3,4,GS3-Q4,What are the major challenges of Public Distribution System (PDS) in India? How can it be made effective and transparent?,What are the major challenges of Public Distribution System (PDS) in India? How can it be made effective and transparent?,100.0,keep,true,aggregator,,,,,,,,,,,,,,,,,,
2022,GS3,b5cbb735-b687-4de5-90cb-3978f48a71a1,44,GS3-Q4,5,GS3-Q5,Elaborate the scope and significance of the food processing industry in India.,Elaborate the scope and significance of the food processing industry in India.,100.0,keep,true,aggregator,,,,,,,,,,,,,,,,,,
2022,GS3,b5cbb735-b687-4de5-90cb-3978f48a71a1,45,GS3-Q5,9,GS3-Q9,The increase in life expectancy in the country has led to newer health challenges in the community. What are those challenges and what steps need to be taken to meet them?,The increase in life expectancy in the country has led to newer health challenges in the community. What are those challenges and what steps need to be taken to meet them?,100.0,keep,true,aggregator,,,,,,,,,,,,,,,,,,
2022,GS3,b5cbb735-b687-4de5-90cb-3978f48a71a1,46,GS3-Q6,10,GS3-Q10,"Each year a large amount of plant material, cellulose, is deposited on the surface of Planet Earth. What are the natural processes this cellulose undergoes before yielding carbon dioxide, water and other end products?","Each year a large amount of plant material, cellulose, is deposited on the surface of Planet Earth. What are the natural processes this cellulose undergoes before yielding carbon dioxide, water, and other end products?",100.0,keep,true,aggregator,,,,,,,,,,,,,,,,,,
2022,GS3,b5cbb735-b687-4de5-90cb-3978f48a71a1,47,GS3-Q7,14,GS3-Q14,"Discuss in detail the photochemical smog emphasizing its formation, effects and mitigation. Explain the 1999 Gothenburg Protocol.","Discuss in detail photochemical smog emphasizing its formation, effects, and mitigation. Explain the 1999 Gothenburg Protocol.",96.7,keep,true,aggregator,,,,,,,,,,,,,,,,,,
2022,GS3,b5cbb735-b687-4de5-90cb-3978f48a71a1,48,GS3-Q8,15,GS3-Q15,Explain the mechanism and occurrence of cloudburst in the context of the Indian subcontinent. Discuss two recent examples.,Explain the mechanism and occurrence of cloudburst in the context of the Indian subcontinent. Discuss two recent examples.,100.0,keep,true,aggregator,,,,,,,,,,,,,,,,,,
2022,GS3,b5cbb735-b687-4de5-90cb-3978f48a71a1,49,GS3-Q9,20,GS3-Q20,Discuss the types of organised crimes. Describe the linkages between terrorists and organised crime that exist at the national and transnational levels.,Discuss the types of organised crimes. Describe the linkages between terrorists and organised crime that exist at the national and transnational levels.,100.0,keep,true,aggregator,,,,,,,,,,,,,,,,,,
2022,GS3,b5cbb735-b687-4de5-90cb-3978f48a71a1,50,GS3-Q10,19,GS3-Q19,"What are the maritime security challenges in India? Discuss the organisational, technical and procedural initiatives taken to improve the maritime security.","What are the maritime security challenges in India? Discuss the organisational, technical and procedural initiatives taken to improve the maritime security.",100.0,keep,true,aggregator,,,,,,,,,,,,,,,,,,
2022,GS3,b5cbb735-b687-4de5-90cb-3978f48a71a1,51,GS3-Q11,1,GS3-Q1,"""Economic growth in the recent past has been led by increase in labour productivity."" Explain this statement. Suggest the growth pattern that will lead to creation of more jobs without compromising labour productivity.","""Economic growth in the recent past has been led by increase in labour productivity."" Explain this statement. Suggest the growth pattern that will lead to creation of more jobs without compromising labour productivity.",100.0,keep,true,aggregator,,,,,,,,,,,,,,,,,,
2022,GS3,b5cbb735-b687-4de5-90cb-3978f48a71a1,52,GS3-Q12,7,GS3-Q7,Do you think India will meet 50 percent of its energy needs from renewable energy by 2030? Justify your answer. How will the shift of subsidies from fossil fuels to renewables help achieve the above objective? Explain.,Do you think India will meet 50 percent of its energy needs from renewable energy by 2030? Justify your answer. How will the shift of subsidies from fossil fuels to renewables help achieve the above objective? Explain.,100.0,keep,true,aggregator,,,,,,,,,,,,,,,,,,
2022,GS3,b5cbb735-b687-4de5-90cb-3978f48a71a1,53,GS3-Q13,6,GS3-Q6,What are the main bottlenecks in upstream and downstream process of marketing of agricultural products in India?,What are the main bottlenecks in upstream and downstream process of marketing of agricultural products in India?,100.0,keep,true,aggregator,,,,,,,,,,,,,,,,,,
2022,GS3,b5cbb735-b687-4de5-90cb-3978f48a71a1,54,GS3-Q14,3,GS3-Q3,What is Integrated Farming System? How is it helpful to small and marginal farmers in India?,What is Integrated Farming System? How is it helpful to small and marginal farmers in India?,100.0,keep,true,aggregator,,,,,,,,,,,,,,,,,,
2022,GS3,b5cbb735-b687-4de5-90cb-3978f48a71a1,55,GS3-Q15,11,GS3-Q11,"Launched on 25th December, 2021, James Webb Space Telescope has been much in the news since then. What are its unique features which make it superior to its predecessor Space Telescopes? What are the key goals of this mission? What potential benefits does it hold for the human race?","Launched on 25th December, 2021, James Webb Space Telescope has been much in the news since then. What are its unique features which make it superior to its predecessor Space Telescopes? What are the key goals of this mission? What potential benefits does it hold for the human race?",100.0,keep,true,aggregator,,,,,,,,,,,,,,,,,,
2022,GS3,b5cbb735-b687-4de5-90cb-3978f48a71a1,56,GS3-Q16,12,GS3-Q12,What is the basic principle behind vaccine development? How do vaccines work? What approaches were adopted by the Indian vaccine manufacturers to produce COVID-19 vaccines?,What is the basic principle behind vaccine development? How do vaccines work? What approaches were adopted by the Indian vaccine manufacturers to produce COVID-19 vaccines?,100.0,keep,true,aggregator,,,,,,,,,,,,,,,,,,
2022,GS3,b5cbb735-b687-4de5-90cb-3978f48a71a1,57,GS3-Q17,13,GS3-Q13,"Discuss global warming and mention its effects on the global climate. Explain the control measures to bring down the level of greenhouse gases which cause global warming, in the light of the Kyoto Protocol, 1997.","Discuss global warming and mention its effects on the global climate. Explain the control measures to bring down the level of greenhouse gases which cause global warming, in the light of the Kyoto Protocol, 1997.",100.0,keep,true,aggregator,,,,,,,,,,,,,,,,,,
2022,GS3,b5cbb735-b687-4de5-90cb-3978f48a71a1,58,GS3-Q18,16,GS3-Q16,Explain the causes and effects of coastal erosion in India. What are the available coastal management techniques for combating the hazard?,Explain the causes and effects of coastal erosion in India. What are the available coastal management techniques for combating the hazard?,100.0,keep,true,aggregator,,,,,,,,,,,,,,,,,,
2022,GS3,b5cbb735-b687-4de5-90cb-3978f48a71a1,59,GS3-Q19,18,GS3-Q18,"What are the different elements of cyber security? Keeping in view the challenges in cyber security, examine the extent to which India has successfully developed a comprehensive National Cyber Security Strategy.","What are the different elements of cyber security? Keeping in view the challenges in cyber security, examine the extent to which India has successfully developed a comprehensive National Cyber Security Strategy.",100.0,keep,true,aggregator,,,,,,,,,,,,,,,,,,
2022,GS3,b5cbb735-b687-4de5-90cb-3978f48a71a1,60,GS3-Q20,17,GS3-Q17,"Naxalism is a social, economic and developmental issue manifesting as a violent internal security threat. In this context, discuss the emerging issues and suggest a multilayered strategy to tackle the menace of Naxalism.","Naxalism is a social, economic and developmental issue manifesting as a violent internal security threat. In this context, discuss the emerging issues and suggest a multilayered strategy to tackle the menace of Naxalism.",100.0,keep,true,aggregator,,,,,,,,,,,,,,,,,,
2022,GS4,dee30326-920a-40cf-bee0-a5b4c76760f7,61,GS4-Q1a,11,GS4-A-Q6,"Wisdom lies in knowing what to reckon with and what to overlook. An officer being engrossed with the periphery, ignoring the core issues before him, is not rare in the bureaucracy. Do you agree that such preoccupation of an administrator leads to travesty of justice to the cause of effective service delivery and good governance? Critically evaluate.","Wisdom lies in knowing what to reckon with and what to overlook. An officer being engrossed with the periphery, ignoring the core issues before him, is no rare in the bureaucracy. Do you agree that such preoccupation of an administrator leads to travesty of justice to the cause of effective service delivery and good governance? Critically evaluate.",99.7,keep,true,aggregator,,,,,,,,,,,,,,,,,,
2022,GS4,dee30326-920a-40cf-bee0-a5b4c76760f7,62,GS4-Q1b,3,GS4-A-Q2,"Apart from intellectual competency and moral qualities, empathy and compassion are some of the other vital attributes that facilitate the civil servants to be more competent in tackling the crucial issues or taking critical decisions. Explain with suitable illustrations.","Apart from intellectual competency and moral qualities, empathy and compassion are some of the other vital attributes that facilitate the civil servants to be more competent in tackling the crucial issues or taking critical decisions. Explain with suitable illustrations.",100.0,keep,true,aggregator,,,,,,,,,,,,,,,,,,
2022,GS4,dee30326-920a-40cf-bee0-a5b4c76760f7,63,GS4-Q2a,4,GS4-B-Q2,"The Rules and Regulations provided to all the civil servants are same, yet there is difference in the performance. Positive minded officers are able to interpret the Rules and Regulations in favour of the case and achieve success, whereas negative minded officers are unable to achieve goals by interpreting the same Rules and Regulations against the case. Discuss with illustrations.","The Rules and Regulations provided to all the civil servants are same, yet there is difference in the performance. Positive minded officers are able to interpret the Rules and Regulations in favour of the case and achieve success, whereas negative minded officers are unable to achieve goals by interpreting the same Rules and Regulations against the case. Discuss with illustrations.",100.0,keep,true,aggregator,,,,,,,,,,,,,,,,,,
2022,GS4,dee30326-920a-40cf-bee0-a5b4c76760f7,64,GS4-Q2b,1,GS4-A-Q1,"It is believed that adherence to ethics in human actions would ensure smooth functioning of an organization/system. If so, what does ethics seek to promote in human life? How do ethical values assist in the resolution of conflicts faced by him in his day-to-day functioning?","It is believed that adherence to ethics in human actions would ensure in smooth functioning of an organization/system. If so, what does ethics seek to promote in human life? How do ethical values assist in the resolution of conflicts faced by him in his day-to-day functioning?",98.9,keep,true,aggregator,,,,,,,,,,,,,,,,,,
2022,GS4,dee30326-920a-40cf-bee0-a5b4c76760f7,65,GS4-Q3a,5,GS4-A-Q3,"""Ethics is knowing the difference between what you have the right to do and what is right to do."" - Potter Stewart.","""Ethics is knowing the difference between what you have the right to do and what is right to do."" - Potter Stewart.",100.0,keep,true,aggregator,,,,,,,,,,,,,,,,,,
2022,GS4,dee30326-920a-40cf-bee0-a5b4c76760f7,66,GS4-Q3b,7,GS4-A-Q4,"""If a country is to be corruption free and become a nation of beautiful minds, I strongly feel there are three key societal members who can make a difference. They are the father, the mother and the teacher."" - Abdul Kalam.","""If a country is to be corruption free and become a nation of beautiful minds, I strongly feel that there are three key societal members who can make a difference. They are father, mother and teacher."" —A. P. J. Abdul Kalam",94.4,keep,true,aggregator,,,,,,,,,,,,,,,,,,
2022,GS4,dee30326-920a-40cf-bee0-a5b4c76760f7,67,GS4-Q3c,9,GS4-A-Q5,"""Judge your success by what you had to give up in order to get it."" - Dalai Lama.","""Judge your success by what you had to give up in order to get it."" - Dalai Lama.",100.0,keep,true,aggregator,,,,,,,,,,,,,,,,,,
2022,GS4,dee30326-920a-40cf-bee0-a5b4c76760f7,68,GS4-Q4a,15,GS4-A-Q9,What do you understand by the term 'good governance'? How far have recent initiatives in terms of e-Governance steps taken by the State helped the beneficiaries? Discuss with suitable examples.,What do you understand by the term ‘good governance’? How far recent initiatives in terms of e-Governance steps taken by the State have helped the beneficiaries? Discuss with suitable examples.,97.3,keep,true,aggregator,,,,,,,,,,,,,,,,,,
2022,GS4,dee30326-920a-40cf-bee0-a5b4c76760f7,69,GS4-Q4b,2,GS4-B-Q1,"Online methodology is being used for day-to-day meetings, institutional approvals in the administration and for teaching and learning in the education sector, to the extent telemedicine in the health sector is getting popular with the approvals of the competent authority. No doubt it has advantages and disadvantages for both the beneficiaries and system at large. Describe and discuss the ethical issues involved in the use of online method particularly to vulnerable sections of society.","Online methodology is being used for day-to-day meetings, institutional approvals in the administration and for teaching and learning in education sector to the extent telemedicine in the health sector is getting popular with the approvals of the competent authority. No doubt, it has advantages and disadvantages for both the beneficiaries and the system at large. Describe and discuss the ethical issues involved in the use of online method particularly to the vulnerable section of the society.",98.0,keep,true,aggregator,,,,,,,,,,,,,,,,,,
2022,GS4,dee30326-920a-40cf-bee0-a5b4c76760f7,70,GS4-Q5a,14,GS4-A-Q8,"Russia and Ukraine war has been going on for the last seven months. Different countries have taken independent stands and actions keeping in view their own national interests. We are all aware that war has its own impact on the different aspects of society, including human tragedy. What are those ethical issues that are crucial to be considered while launching the war and its continuation so far? Illustrate with justification the ethical issues involved in the given state of affairs.","Russia and Ukraine war has been going on for the last seven months. Different countries have taken independent stands and actions keeping in view their own national interests. We are all aware that war has its own impact on the different aspects of society, including human tragedy. What are those ethical issues that are crucial to be considered while launching the war and its continuation so far? Illustrate with justification the ethical issues involved in the given state of affair.",100.0,keep,true,aggregator,,,,,,,,,,,,,,,,,,
2022,GS4,dee30326-920a-40cf-bee0-a5b4c76760f7,71,GS4-Q5b,13,GS4-A-Q7,Write short notes on the following in 30 words each: (i) Constitutional morality (ii) Conflict of interest (iii) Probity in public life (iv) Challenges of digitalization (v) Devotion to duty,Write short notes on the following in 30 words each: (i) Constitutional morality (ii) Conflict of interest (iii) Probity in public life (iv) Challenges of digitalization (v) Devotion to duty.,100.0,keep,true,aggregator,,,,,,,,,,,,,,,,,,
2022,GS4,dee30326-920a-40cf-bee0-a5b4c76760f7,72,GS4-Q6a,16,GS4-A-Q10,"Whistle blower, who reports corruption and illegal activities, wrongdoing and misconduct to the concerned authorities, runs the risk of being exposed to grave danger, physical harm and victimization by the vested interests, accused persons and his team. What policy measures would you suggest to strengthen the protection mechanism to safeguard the whistle blower?","Whistle-blower, who reports corruption and illegal activities, wrongdoing and misconduct to the concerned authorities, runs the risk of being exposed to grave danger, physical harm and victimization by the vested interests, accused persons and his team. What policy measures would you suggest to strengthen protection mechanism to safeguard the whistle-blower?",98.9,keep,true,aggregator,,,,,,,,,,,,,,,,,,
2022,GS4,dee30326-920a-40cf-bee0-a5b4c76760f7,73,GS4-Q6b,6,GS4-B-Q3,"In the contemporary world, corporate sector's contribution in generating wealth and employment is increasing. In doing so, they are bringing in unprecedented onslaught on the climate, environmental sustainability and living conditions of human beings. In this background, do you think Corporate Social Responsibility (CSR) is efficient and sufficient enough to fulfill the social roles and responsibilities needed of the corporate world mandated? Critically examine.","In contemporary world, corporate sector's contribution in generating wealth and employment is increasing. In doing so, they are bringing in unprecedented onslaught on the climate, environmental sustainability and living conditions of human beings. In this background, do you find that Corporate Social Responsibility (CSR) is efficient and sufficient enough to fulfil the social roles and responsibilities needed in the corporate world for which the CSR is mandated? Critically examine.",94.8,keep,true,aggregator,,,,,,,,,,,,,,,,,,
2022,GS4,dee30326-920a-40cf-bee0-a5b4c76760f7,74,GS4-Q7,10,GS4-B-Q5,"Prabhat was working as Vice President (Marketing) at Sterling Electric Ltd., a reputed multinational company. But presently the company was passing through difficult times as the sales were continuously showing a downward trend in the last two quarters. His division, which hitherto had been a major revenue contributor to the company's financial health, was now desperately trying to procure some big government order for them. But their best efforts did not yield any positive success or breakthrough. His was a professional company and his local bosses were under pressure from their London-based HO to show some positive results. In the last performance review meeting taken by the Executive Director (India Head), he was reprimanded for his poor performance. He assured them that his division is working on a special contract from the Ministry of Defence for a secret installation near Gwalior and the tender is being submitted shortly. He was under extreme pressure and deeply perturbed. What aggravated the situation further was a warning from the top that if the deal is not clinched in favour of the company, his division might have to be closed and he may have to quit his lucrative job. There was another dimension which was causing him deep mental torture and agony. This pertained to his personal precarious financial health. He was the single earner in the family with two school/college-going children and his old ailing mother. The heavy expenditure on education and medical care was causing a big strain on his monthly pay packet. Regular EMI for the housing loan taken from the bank was unavoidable and any default would render him liable for severe legal action. In the above backdrop, he was hoping for some miracle to happen. There was a sudden turn of events. His Secretary informed him that a gentleman, Subhash Verma, wanted to see him as he was interested in the position of Manager which was to be filled by him in the company. He further brought to his notice that his CV had been received through the office of the Minister of Defence. During the interview of the candidate - Subhash Verma - he found him technically sound, resourceful and an experienced marketer. He seemed well-conversant with tendering procedures and had a knack of follow-up and liaising in this regard. Prabhat felt that he was a better choice than the rest of the candidates who were recently interviewed by him in the last few days. Subhash Verma also indicated that he was in possession of copies of the bid documents that Unique Electronics Ltd. would be submitting the next day to the Defence Ministry for their tender. He offered to hand over those documents subject to his employment in the company on suitable terms and conditions. He made it clear that in the process, Sterling Electric Ltd. could outbid their rival company and get the bid and the hefty Defence Ministry order. He indicated it would be a win-win situation for both - him and the company. Prabhat was absolutely stunned. It was a mixed feeling of shock and thrill. He was uncomfortable and perspiring. If accepted, all his problems would vanish instantly and he might be rewarded for securing the much-awaited tender and thereby boosting the company's sales and financial health. He was in a fix as to the future course of action. He was wonder-struck at the guts of Subhash Verma in having surreptitiously removed his own company's papers and offering them to the rival company for a job. Being an experienced person, he examined the pros and cons of the proposal/situation and asked him to come the next day. (a) Discuss the ethical issues involved in the case. (b) Critically examine the options available to Prabhat in the above situation. (c) Which of the above would be the most appropriate for Prabhat and why?","Prabhat was working as Vice President (Marketing) at Sterling Electric Ltd., a reputed multinational company. But presently the company was passing through the difficult times as the sales were continuously showing downward trend in the last two quarters. His division, which hitherto had been a major revenue contributor to the company's financial health, was now desperately trying to procure some big government order for them. But their best efforts did not yield any positive success or breakthrough. His was a professional company and his local bosses were under pressure from their London-based HO to show some positive results. In the last performance review meeting taken by the Executive Director (India Head), he was reprimanded for his poor performance. He assured them that his division is working on a special contract from the Ministry of Defence for a secret installation near Gwalior and tender is being submitted shortly. He was under extreme pressure and he was deeply perturbed. What aggravated the situation further was a warning from the top that if the deal is not clinched in favour of the company, his division might have to be closed and he may have to quit his lucrative job. There was another dimension which was causing him deep mental torture and agony. This pertained to his personal precarious financial health. He was a single earner in the family with two school-college going children and his old ailing mother. The heavy expenditure on education and medical was causing a big strain to his monthly pay packet. Regular EMI for housing loan taken from bank was unavoidable and any default would render him liable for severe legal action. In the above backdrop, he was hoping for some miracle to happen. There was sudden turn of events. His secretary informed that a gentleman—Subhash Verma wanted to see him as he was interested in the position of Manager which was to be filled in by him in the company. He further brought to his notice that his CV has been received through the office of the Minister of Defence. During interview of the candidate—Subhash Verma, he found him technically sound, resourceful and experienced marketeer. He seemed to be well-conversant with tendering procedures and having knack of follow-up and liaising in this regard. Prabhat felt that he was better choice than the rest of the candidates who were recently interviewed by him in the last few days. Subhash Verma also indicated that he was in possession of the copies of the bid documents that the Unique Electronics Ltd. would be submitting the next day to the Defence Ministry for their tender. He offered to hand over those documents subject to his employment in the company on suitable terms and conditions. He made it clear that in the process, the Sterling Electric Ltd. could outbid their rival company and get the bid and hefty Defence Ministry order. He indicated that it will be win-win situation for both—him and the company. Prabhat was absolutely stunned. It was a mixed feeling of shock and thrill. He was uncomfortable and perspiring. If accepted, all his problems would vanish instantly and he may be rewarded for securing the much awaited tender and thereby boosting company's sales and financial health. He was in a fix as to the future course of action. He was wonder-struck at the guts of Subhash Verma in having surreptitiously removing his own company papers and offering to the rival company for a job. Being an experienced person, he was examining the pros and cons of the proposal/situation and he asked him to come the next day. (a) Discuss the ethical issues involved in the case. (b) Critically examine the options available to Prabhat in the above situation. (c) Which of the above would be the most appropriate for Prabhat and why?",98.0,keep,true,aggregator,,,,,,,,,,,,,,,,,,
2022,GS4,dee30326-920a-40cf-bee0-a5b4c76760f7,75,GS4-Q8,12,GS4-B-Q6,"Ramesh is a State Civil Services Officer who got the opportunity of getting posted to the capital of a border State after rendering 20 years of service. Ramesh's mother has recently been detected with cancer and has been admitted in the leading cancer hospital of the city. His two adolescent children have also got admission in one of the best public schools of the town. After settling down in his appointment as Director in the Home Department of the State, Ramesh got a confidential report through intelligence sources that illegal migrants are infiltrating the State from the neighbouring country. He decided to personally carry out a surprise check of the border posts along with his Home Department team. To his surprise, he caught red-handed two families of 12 members infiltrated with the connivance of the security personnel at the border posts. On further inquiry and investigation, it was found that after migrants from the neighbouring country infiltrate, their documentation like Aadhaar Card, Ration Card and Voter Card are also forged and they are made to settle down in a particular area of the State. Ramesh prepared a detailed and comprehensive report and submitted it to the Additional Secretary of the State. However, he was summoned by the Additional Home Secretary after a week and instructed to withdraw the report. The Additional Home Secretary informed Ramesh that the report submitted by him had not been appreciated by the higher authorities. He further cautioned him that if he fails to withdraw the confidential report, he will not only be posted out from his prestigious appointment at the State capital but his further promotion, which is due in the near future, will also get jeopardised. (a) What are the options available to Ramesh as the Director of the Home Department of the bordering State? (b) What option should Ramesh adopt and why? (c) Critically evaluate each of the options. (d) What are the ethical dilemmas being faced by Ramesh? (e) What policy measures would you suggest to combat the menace of infiltration of illegal migrants from the neighbouring country?","Ramesh is State Civil Services Officer who got the opportunity of getting posted to the capital of a border State after rendering 20 years of service. Ramesh's mother has recently been detected cancer and has been admitted in the leading cancer hospital of the city. His two adolescent children have also got admission in one of the best public schools of the town. After settling down in his appointment as Director in the Home Department of the State, Ramesh got confidential report through intelligence sources that illegal migrants are infiltrating in the State from the neighbouring country. He decided to personally carry out surprise check of the border posts along with his Home Department team. To his surprise, he caught red-handed two families of 12 members infiltrated with the connivance of the security personnel at the border posts. On further inquiry and investigation, it was found that after the migrants from neighbouring country infiltrate, their documentation like Aadhaar Card, Ration Card and Voter Card are also forged and they are made to settle down in a particular area of the State. Ramesh prepared the detailed and comprehensive report and submitted to the Additional Secretary of the State. However, he has summoned by the Additional Home Secretary after a week and was instructed to withdraw the report. The Additional Home Secretary informed Ramesh that the report submitted by him has not been appreciated by the higher authorities. He further cautioned him that if he fails to withdraw the confidential report, he will not only be posted out from the prestigious appointment from the State capital but his further promotion which is due in near future will also get in jeopardy. (a) What are the options available to Ramesh as the Director of the Home Department of the bordering State? (b) What option should Ramesh adopt and why? (c) Critically evaluate each of the options. (d) What are the ethical dilemmas being faced by Ramesh? (e) What policy measures would you suggest to combat the menace of infiltration of illegal migrants from the neighbouring country?",98.4,keep,true,aggregator,,,,,,,,,,,,,,,,,,
2022,GS4,dee30326-920a-40cf-bee0-a5b4c76760f7,76,GS4-Q9,17,GS4-A-Q11,"The Supreme Court has banned mining in the Aravalli Hills to stop degradation of the forest cover and to maintain ecological balance. However, stone mining is still prevalent in the border district of the affected State with the connivance of certain corrupt forest officials and politicians. A young and dynamic SP who was recently posted in the affected district promised himself to stop this menace. In one of his surprise checks with his team, he found a loaded truck with stone trying to escape the mining area. He tried to stop the truck but the truck driver ran over the police officer, killing him on the spot, and thereafter managed to flee. Police filed an FIR but no breakthrough was achieved in the case for almost three months. Ashok, an Investigative Journalist working with a leading TV channel, suo moto started investigating the case. Within one month, Ashok got a breakthrough by interacting with local people, the stone mining mafia and government officials. He prepared his investigative story and presented it to the CMD of the TV channel. He exposed in his investigative report the complete nexus of the stone mafia working with the blessing of corrupt police and civil officials and politicians. The politician involved in the mafia was none other than the local MLA who was considered very close to the Chief Minister. After going through the investigative report, the CMD advised Ashok to drop the idea of making the story public through electronic media. He informed him that the local MLA was not only a relative of the owner of the TV channel but also had unofficially a 20 percent share in the channel. The CMD further informed Ashok that his further promotion and hike in pay would be taken care of, and in addition the soft loan of Rs. 10 lakhs which he had taken from the TV channel for his son's chronic disease would be suitably adjusted if he handed over the investigative report to him. (a) What are the options available to Ashok to cope up with the situation? (b) Critically evaluate/examine each of the options identified by Ashok. (c) What are the ethical dilemmas being faced by Ashok? (d) Which of the options, do you think, would be the most appropriate for Ashok to adopt and why? (e) In the above scenario, what type of training would you suggest for police officers posted to such districts where stone mining illegal activities are rampant?","The Supreme Court has banned mining in the Aravalli Hills to stop degradation of the forest cover and to maintain ecological balance. However, the stone mining was still prevalent in the border district of the affected State with connivance of certain corrupt forest officials and politicians. Young and dynamic SP who was recently posted in the affected district promised to himself to stop this menace. In one of his surprise checks with his team, he found loaded truck with stone trying to escape the mining area. He tried to stop the truck but the truck driver overrun the police officer, killing him on the spot and thereafter managed to flee. Police filed FIR but no breakthrough was achieved in the case for almost three months. Ashok who was the Investigative Journalist working with leading TV channel, suo moto started investigating the case. Within one month, Ashok got breakthrough by interacting with local people, stone mining mafia and government officials. He prepared his investigative story and presented to the CMD of the TV channel. He exposed in his investigative report the complete nexus of stone mafia working with blessing of corrupt police and civil officials and politicians. The politician who was involved in the mafia was no one else but local MLA who was considered to be very close to the Chief Minister. After going through the investigative report, the CMD advised Ashok to drop the idea of making the story public through electronic media. He informed that the local MLA was not only the relative of the owner of the TV channel but also had unofficially 20 percent share in the channel. The CMD further informed Ashok that his further promotion and hike in pay will be taken care of in addition the soft loan of ₹ 10 lakhs which he has taken from the TV channel for his son's chronic disease will be suitably adjusted if he hands over the investigative report to him. (a) What are the options available with Ashok to cope up with the situation? (b) Critically evaluate/examine each of the options identified by Ashok. (c) What are the ethical dilemmas being faced by Ashok? (d) Which of the options, do you think, would be the most appropriate for Ashok to adopt and why? (e) In the above scenario, what type of training would you suggest for police officers posted to such districts where stone mining illegal activities are rampant?",97.0,keep,true,aggregator,,,,,,,,,,,,,,,,,,
2022,GS4,dee30326-920a-40cf-bee0-a5b4c76760f7,77,GS4-Q10,18,GS4-A-Q12,"You have done an MBA from a reputed institution three years back but could not get campus placement due to COVID-19 generated recession. However, after a lot of persuasion and a series of competitive tests including written and interview, you managed to get a job in a leading shoe company. You have aged parents who are dependent and staying with you. You also recently got married after getting this decent job. You were allotted the Inspection Section which is responsible for clearing the final product. In the first one year, you learnt your job well and were appreciated for your performance by the management. The company has been doing good business for the last five years in the domestic market and this year it decided even to export to Europe and Gulf countries. However, one large consignment to Europe was rejected by their Inspecting Team due to certain poor quality issues and was sent back. The top management ordered that the said consignment be cleared for the domestic market. As part of the Inspecting Team, you observed the glaring poor quality and brought it to the knowledge of the Team Commander. However, the top management advised all the members of the team to overlook these defects as the management cannot bear such a huge loss. The rest of the team members, except you, promptly signed and cleared the consignment for the domestic market, overlooking glaring defects. You again brought to the knowledge of the Team Commander that such a consignment, if cleared even for the domestic market, will tarnish the image and reputation of the company and will be counter-productive in the long run. However, you were further advised by the top management that if you do not clear the consignment, the company will not hesitate to terminate your services citing certain innocuous reasons. (a) Under the given conditions, what are the options available to you as a member of the Inspecting Team? (b) Critically evaluate each of the options listed by you. (c) What option would you adopt and why? (d) What are the ethical dilemmas being faced by you? (e) What can be the consequences of overlooking the observations raised by the Inspecting Team?","You have done MBA from a reputed institution three years back but could not get campus placement due to COVID-19 generated recession. However, after a lot of persuasion and series of competitive tests including written and interview, you managed to get a job in a leading shoe company. You have aged parents who are dependent and staying with you. You also recently got married after getting this decent job. You were allotted the Inspection Section which is responsible for clearing the final product. In first one year, you learnt your job well and was appreciated for your performance by the management. The company is doing good business for last five years in domestic market and this year it is decided even to export to Europe and Gulf countries. However, one large consignment to Europe was rejected by their Inspecting Team due to certain poor quality and was sent back. The top management ordered that ibid consignment to be cleared for the domestic market. As a part of Inspecting Team, you observed the glaring poor quality and brought to the knowledge of the Team Commander. However, the top management advised all the members of the team to overlook these defects as the management cannot bear such a huge loss. Rest of the team members except you promptly signed and cleared the consignment for domestic market, overlooking glaring defects. You again brought to the knowledge of the Team Commander that such consignment, if cleared even for domestic market, will tarnish the image and reputation of the company and will be counter-productive in the long run. However, you were further advised by the top management that if you do not clear the consignment, the company will not hesitate to terminate your services citing certain innocuous reasons. (a) Under the given conditions, what are the options available to you as a member of the Inspecting Team? (b) Critically evaluate each of the options listed by you. (c) What option would you adopt and why? (d) What are the ethical dilemmas being faced by you? (e) What can be the consequences of overlooking the observations raised by the Inspecting Team?",97.2,keep,true,aggregator,,,,,,,,,,,,,,,,,,
2022,GS4,dee30326-920a-40cf-bee0-a5b4c76760f7,78,GS4-Q11,8,GS4-B-Q4,"Rakesh was working as a Joint Commissioner in the Transport department of a city. As part of his job profile, among others, he was entrusted with the task of overseeing the control and functioning of the City Transport Department. A case of strike by the drivers' union of the City Transport Department over the issue of compensation to a driver who died on duty while driving the bus came up before him for a decision on the matter. He gathered that the driver (deceased) was plying Bus No. 528 which passed through busy and congested roads of the city. It so happened that near an intersection on the way, there was an accident involving a middle-aged man. It was found that there was an altercation between the bus driver and the car driver. Heated arguments between them led to a fight and the bus driver gave him a blow. A lot of passersby gathered and tried to intervene but without success. Eventually, both of them were badly injured and profusely bleeding and were taken to a nearby hospital. The bus driver succumbed to his injuries and could not be saved. The middle-aged car driver's condition was also critical but after a day, he recovered and was discharged. Police had immediately come to the spot and an FIR was registered. Police investigation revealed that the quarrel was started by the bus driver and he had resorted to physical violence, with an exchange of blows between them. The City Transport Department management is considering not giving any extra compensation to the deceased driver's family. The family is very aggrieved, depressed and agitated against the discriminatory and non-sympathetic approach of the City Transport Department management. The deceased bus driver was 52 years of age, and was survived by his wife and two school/college-going daughters. He was the sole earner of the family. The City Transport Department workers' union took up this case and, finding no favourable response from management, decided to go on strike. The union's demand was two-fold: first, full extra compensation as given to other drivers who died on duty, and secondly, employment to one family member. The strike has continued for 10 days and the deadlock remains. (a) What are the options available to Rakesh to meet the above situation? (b) Critically examine each of the options identified by Rakesh. (c) What are the ethical dilemmas being faced by Rakesh? (d) What course of action would Rakesh adopt to diffuse the above situation?","Rakesh was working as Joint Commissioner in Transport Department of a city. As a part of his job profile, among others, he was entrusted with the task of overseeing the control and functioning of City Transport Department. A case of strike by the drivers' union of City Transport Department over the issue of compensation to a driver who died on duty while driving the bus came up before him for decision in the matter. He gathered that the driver (deceased) was plying Bus No. 528 which passed through busy and congested roads of the city. It so happened that near an intersection on the way, there was an accident involving the bus and a car driven by a middle-aged man. It was found that there was altercation between the driver and the car driver. Heated arguments between them led to fight and the driver gave him a blow. Lot of passerbys had gathered and tried to intervene but without success. Eventually, both of them were badly injured and profusely bleeding and were taken to the nearby hospital. The driver succumbed to the injuries and could not be saved. The middle-aged driver's condition was also critical but after a day, he recovered and was discharged. Police had immediately come at the spot of accident and FIR was registered. Police investigation revealed that the quarrel in question was started by the bus driver and he had resorted to physical violence. There was exchange of blows between them. The City Transport Department management is considering of not giving any extra compensation to the driver's (deceased) family. The family is very aggrieved, depressed and agitated against the discriminatory and non-sympathetic approach of the City Transport Department management. The bus driver (deceased) was 52 years of age, was survived by his wife and two school-college going daughters. He was the sole earner of the family. The City Transport Department workers' union took up this case and when found no favourable response from the management, decided to go on strike. The union's demand was two-fold. First was full extra compensation as given to other drivers who died on duty and secondly employment to one family member. The strike has continued for 10 days and the deadlock remains. (a) What are the options available to Rakesh to meet the above situation? (b) Critically examine each of the options identified by Rakesh. (c) What are the ethical dilemmas being faced by Rakesh? (d) What course of action would Rakesh adopt to diffuse the above situation?",95.6,keep,true,aggregator,,,,,,,,,,,,,,,,,,
2022,GS4,dee30326-920a-40cf-bee0-a5b4c76760f7,79,GS4-Q12,19,GS4-A-Q13,"You are appointed as an officer heading the section in the Environment Pollution Control Board to ensure compliance and its follow-up. In that region, there were a large number of small and medium industries which had been granted clearance. You learnt that these industries provide employment to many migrant workers. Most of the industrial units have got environmental clearance certificates in their possession. The environmental clearance seeks to curb industries and projects that supposedly hamper the environment and living species in the region. But in practice, most of these units remain to be polluting units in several ways like air, water and soil pollution. As such, local people encountered persistent health problems. It was confirmed that a majority of the industries were violating environmental compliance. You issued notice to all the industrial units to apply for a fresh environmental clearance certificate from the competent authority. However, your action met with a hostile response from a section of the industrial units, other vested interest persons and a section of local politicians. The workers also became hostile to you as they felt that your action would lead to the closure of these industrial units, and the resultant unemployment would lead to insecurity and uncertainty in their livelihood. Many owners of the industries approached you with the plea that you should not initiate harsh action as it would compel closure of their units, causing huge financial loss and shortage of their products in the market. These would obviously add to the sufferings of the labourers and consumers alike. The labour union also sent you a representation requesting against the closure of the units. You simultaneously started receiving threats from unknown corners. You, however, received support from some of your colleagues, who advised you to act freely to ensure environmental compliance. Local NGOs also came to your support and demanded the closure of the polluting units immediately. (a) What are the options available to you under the given situation? (b) Critically examine the options listed by you. (c) What type of mechanism would you suggest to ensure environmental compliance? (d) What are the ethical dilemmas you faced in exercising your option?","You are appointed as an officer heading the section in Environment Pollution Control Board to ensure compliance and its follow-up. In that region, there were large number of small and medium industries which had been granted clearance. You learnt that these industries provide employment to many migrant workers. Most of the industrial units have got environmental clearance certificate in their possession. The environmental clearance seeks to curb industries and projects that supposedly hamper environment and living species in the region. But in practice, most of these units remain to be polluting units in several ways like air, water and soil pollution. As such, local people encountered persistent health problems. It was confirmed that majority of the industries were violating environmental compliance. You issued notice to all the industrial units to apply for fresh environmental clearance certificate from the competent authority. However, your action met with hostile response from a section of the industrial units, other vested interest persons and a section of the local politicians. The workers also became very hostile to you as they felt that your action would lead to the closure of these industrial units, and the resultant unemployment will lead to insecurity and uncertainty in their livelihood. Many owners of the industries approached you with the plea that you should not initiate harsh action as it would compel them to close their units, and cause huge financial loss, shortage of their products in the market. These would obviously add to the sufferings of the labourers and the consumers alike. The labour union also sent you representation requesting against the closure of the units. You simultaneously started receiving threats from unknown corners. You however received supports from some of your colleagues, who advised you to act freely to ensure environmental compliance. Local NGOs also came to your support and they demanded the closure of the polluting units immediately. (a) What are the options available to you under the given situation? (b) Critically examine the options listed by you. (c) What type of mechanism would you suggest to ensure environmental compliance? (d) What are the ethical dilemmas you faced in exercising your option?",98.5,keep,true,aggregator,,,,,,,,,,,,,,,,,,
2023,GS1,daca2e9f-012e-46fc-8b10-b6df340b4200,1,GS1-Q1,5,GS1-Q5,Explain the role of geographical factors towards the development of Ancient India.,Explain the role of geographical factors towards the development of Ancient India.,100.0,keep,true,aggregator-only,unverifiable,,unverifiable,,exact,100.0,exact,100.0,true,,,,,,,,,
2023,GS1,daca2e9f-012e-46fc-8b10-b6df340b4200,2,GS1-Q2,2,GS1-Q2,What was the difference between Mahatma Gandhi and Rabindranath Tagore in their approach towards education and nationalism?,What was the difference between Mahatma Gandhi and Rabindranath Tagore in their approach towards education and nationalism?,100.0,keep,true,aggregator-only,unverifiable,,unverifiable,,exact,100.0,exact,100.0,true,,,,,,,,,
2023,GS1,daca2e9f-012e-46fc-8b10-b6df340b4200,3,GS1-Q3,4,GS1-Q4,Bring out the socio-economic effects of the introduction of railways in different countries of the world.,Bring out the socio-economic effects of the introduction of railways in different countries of the world.,100.0,keep,true,aggregator-only,unverifiable,,unverifiable,,exact,100.0,exact,100.0,true,,,,,,,,,
2023,GS1,daca2e9f-012e-46fc-8b10-b6df340b4200,4,GS1-Q4,19,GS1-Q19,Discuss the consequences of climate change on the food security in tropical countries.,Discuss the consequences of climate change on the food security in tropical countries.,100.0,keep,true,aggregator-only,unverifiable,,unverifiable,,exact,100.0,exact,100.0,true,,,,,,,,,
2023,GS1,daca2e9f-012e-46fc-8b10-b6df340b4200,5,GS1-Q5,16,GS1-Q16,Why is the world today confronted with a crisis of availability of and access to freshwater resources?,Why is the world today confronted with a crisis of availability of and access to freshwater resources?,100.0,keep,true,aggregator-only,unverifiable,,unverifiable,,exact,100.0,exact,100.0,true,,,,,,,,,
2023,GS1,daca2e9f-012e-46fc-8b10-b6df340b4200,6,GS1-Q6,14,GS1-Q14,How are fjords formed? Why do they constitute some of the most picturesque areas of the world?,How are the fjords formed? Why do they constitute some of the most picturesque areas of the world?,97.2,keep,true,aggregator-only,unverifiable,,unverifiable,,exact,95.7,exact,100.0,true,,,,,,,,,
2023,GS1,daca2e9f-012e-46fc-8b10-b6df340b4200,7,GS1-Q7,15,GS1-Q15,Why is the South-West monsoon called 'Purvaiya' (easterly) in Bhojpur Region? How has this directional seasonal wind system influenced the cultural ethos of the region?,Why is the South-West Monsoon called 'Purvaiya' (easterly) in Bhojpur Region? How has this directional seasonal wind system influenced the cultural ethos of the region?,100.0,keep,true,aggregator-only,unverifiable,,unverifiable,,exact,100.0,exact,100.0,true,,,,,,,,,
2023,GS1,daca2e9f-012e-46fc-8b10-b6df340b4200,8,GS1-Q8,7,GS1-Q7,Do you think marriage as a sacrament is loosing its value in Modern India?,Do you think marriage as a sacrament is loosing its value in Modern India?,100.0,keep,true,aggregator-only,unverifiable,,unverifiable,,exact,100.0,exact,100.0,true,,,,,,,,,
2023,GS1,daca2e9f-012e-46fc-8b10-b6df340b4200,9,GS1-Q9,10,GS1-Q10,Explain why suicide among young women is increasing in Indian Society.,Explain why suicide among young women is increasing in Indian society.,100.0,keep,true,aggregator-only,unverifiable,,unverifiable,,exact,100.0,exact,100.0,true,,,,,,,,,
2023,GS1,daca2e9f-012e-46fc-8b10-b6df340b4200,10,GS1-Q10,8,GS1-Q8,Child cuddling is now being replaced by mobile phones. Discuss its impact on the socialization of children.,Child cuddling is now being replaced by mobile phones. Discuss its impact on the socialization of children.,100.0,keep,true,aggregator-only,unverifiable,,unverifiable,,exact,100.0,exact,100.0,true,,,,,,,,,
2023,GS1,daca2e9f-012e-46fc-8b10-b6df340b4200,11,GS1-Q11,1,GS1-Q1,What are the main features of Vedic society and religion? Do you think some of the features are still prevailing in Indian society?,What are the main features of Vedic society and religion? Do you think some of the features are still prevailing in Indian society?,100.0,keep,true,aggregator-only,unverifiable,,unverifiable,,exact,100.0,exact,100.0,true,,,,,,,,,
2023,GS1,daca2e9f-012e-46fc-8b10-b6df340b4200,12,GS1-Q12,6,GS1-Q6,What were the major technological changes introduced during the Sultanate period? How did those technological changes influence the Indian society?,What were the major technological changes introduced during the Sultanate period? How did those technological changes influence the Indian society?,100.0,keep,true,aggregator-only,unverifiable,,unverifiable,,exact,100.0,exact,100.0,true,,,,,,,,,
2023,GS1,daca2e9f-012e-46fc-8b10-b6df340b4200,13,GS1-Q13,3,GS1-Q3,How did the colonial rule affect the tribals in India and what was the tribal response to the colonial oppression?,How did the colonial rule affect the tribals in India and what was the tribal response to the colonial oppression?,100.0,keep,true,aggregator-only,unverifiable,,unverifiable,,exact,100.0,exact,100.0,true,,,,,,,,,
2023,GS1,daca2e9f-012e-46fc-8b10-b6df340b4200,14,GS1-Q14,17,GS1-Q17,Comment on the resource potentials of the long coastline of India and highlight the status of natural hazard preparedness in these areas.,Comment on the resource potentials of the long coastline of India and highlight the status of natural hazard preparedness in these areas.,100.0,keep,true,aggregator-only,unverifiable,,unverifiable,,exact,100.0,exact,100.0,true,,,,,,,,,
2023,GS1,daca2e9f-012e-46fc-8b10-b6df340b4200,15,GS1-Q15,18,GS1-Q18,Identify and discuss the factors responsible for diversity of natural vegetation in India. Assess the significance of wildlife sanctuaries in rain forest regions of India.,Identify and discuss the factors responsible for diversity of natural vegetation in India. Assess the significance of wildlife sanctuaries in rain forest regions of India.,100.0,keep,true,aggregator-only,unverifiable,,unverifiable,,exact,100.0,exact,100.0,true,,,,,,,,,
2023,GS1,daca2e9f-012e-46fc-8b10-b6df340b4200,16,GS1-Q16,11,GS1-Q11,Why did human development fail to keep pace with economic development in India?,Why did human development fail to keep pace with economic development in India?,100.0,keep,true,aggregator-only,unverifiable,,unverifiable,,exact,100.0,exact,100.0,true,,,,,,,,,
2023,GS1,daca2e9f-012e-46fc-8b10-b6df340b4200,17,GS1-Q17,20,GS1-Q20,"From being net food importer in 1960s, India has emerged as a net food exporter to the world. Provide reasons.","From being net food importer in 1960s, India has emerged as a net food exporter to the world. Provide reasons.",100.0,keep,true,aggregator-only,unverifiable,,unverifiable,,exact,100.0,exact,100.0,true,,,,,,,,,
2023,GS1,daca2e9f-012e-46fc-8b10-b6df340b4200,18,GS1-Q18,12,GS1-Q12,Does urbanization lead to more segregation and/or marginalization of the poor in Indian metropolises?,Does urbanization lead to more segregation and/or marginalization of the poor in Indian metropolises?,100.0,keep,true,aggregator-only,unverifiable,,unverifiable,,exact,100.0,exact,100.0,true,,,,,,,,,
2023,GS1,daca2e9f-012e-46fc-8b10-b6df340b4200,19,GS1-Q19,9,GS1-Q9,Why is caste identity in India both fluid and static?,Why is caste identity in India both fluid and static?,100.0,keep,true,aggregator-only,unverifiable,,unverifiable,,exact,100.0,exact,100.0,true,,,,,,,,,
2023,GS1,daca2e9f-012e-46fc-8b10-b6df340b4200,20,GS1-Q20,13,GS1-Q13,Discuss the impact of post-liberal economy on ethnic identity and communalism.,Discuss the impact of post-liberal economy on ethnic identity and communalism.,100.0,keep,true,aggregator-only,unverifiable,,unverifiable,,exact,100.0,exact,100.0,true,,,,,,,,,
2023,GS2,d332fcad-6750-4542-af0a-3f203f819096,21,GS2-Q1,8,GS2-Q8,"""Constitutionally guaranteed judicial independence is a prerequisite of democracy."" Comment.",“Constitutionally guaranteed judicial independence is a prerequisite of democracy”. Comment.,100.0,keep,true,aggregator-only,unverifiable,,unverifiable,,,,,,,,exact,100.0,exact,100.0,,,,
2023,GS2,d332fcad-6750-4542-af0a-3f203f819096,22,GS2-Q2,1,GS2-Q1,Who are entitled to receive free legal aid? Assess the role of the National Legal Services Authority (NALSA) in rendering free legal aid in India.,Who are entitled to receive free legal aid? Assess the role of the National Legal Services Authority (NALSA) in rendering free legal aid in India.,100.0,keep,true,aggregator-only,unverifiable,,unverifiable,,,,,,,,exact,100.0,exact,100.0,,,,
2023,GS2,d332fcad-6750-4542-af0a-3f203f819096,23,GS2-Q3,7,GS2-Q7,"""The states in India seem reluctant to empower urban local bodies both functionally as well as financially."" Comment.",“The states in India seem reluctant to empower urban local bodies both functionally as well as financially.” Comment.,100.0,keep,true,aggregator-only,unverifiable,,unverifiable,,,,,,,,exact,100.0,exact,100.0,,,,
2023,GS2,d332fcad-6750-4542-af0a-3f203f819096,24,GS2-Q4,9,GS2-Q9,Compare and contrast the British and Indian approaches to Parliamentary sovereignty.,Compare and contrast the British and Indian approaches to Parliamentary sovereignty.,100.0,keep,true,aggregator-only,unverifiable,,unverifiable,,,,,,,,exact,100.0,exact,100.0,,,,
2023,GS2,d332fcad-6750-4542-af0a-3f203f819096,25,GS2-Q5,10,GS2-Q10,Discuss the role of Presiding Officers of state legislatures in maintaining order and impartiality in conducting legislative work and in facilitating best democratic practices.,Discuss the role of Presiding Officers of state legislatures in maintaining order and impartiality in conducting legislative work and in facilitating best democratic practices.,100.0,keep,true,aggregator-only,unverifiable,,unverifiable,,,,,,,,exact,100.0,exact,100.0,,,,
2023,GS2,d332fcad-6750-4542-af0a-3f203f819096,26,GS2-Q6,12,GS2-Q12,The crucial aspect of development process has been the inadequate attention paid to Human Resource Development in India. Suggest measures that can address this adequacy.,The crucial aspect of development process has been the inadequate attention paid to Human Resource Development in India. Suggest measures that can address this inadequacy.,98.8,keep,true,aggregator-only,unverifiable,,unverifiable,,,,,,,,exact,98.8,exact,100.0,,,,
2023,GS2,d332fcad-6750-4542-af0a-3f203f819096,27,GS2-Q7,11,GS2-Q11,Discuss the role of the Competition Commission of India in containing the abuse of dominant position by the Multi-National Corporations in India. Refer to the recent decisions.,Discuss the role of the Competition Commission of India in containing the abuse of dominant position by the Multi-National Corporations in India. Refer to the recent decisions.,100.0,keep,true,aggregator-only,unverifiable,,unverifiable,,,,,,,,exact,100.0,exact,100.0,,,,
2023,GS2,d332fcad-6750-4542-af0a-3f203f819096,28,GS2-Q8,13,GS2-Q13,"e-governance, as a critical tool of governance, has ushered in effectiveness, transparency and accountability in governments. What inadequacies hamper the enhancement of these features?","E-governance, as a critical tool of governance, has ushered in effectiveness, transparency, and accountability in governments. What inadequacies hamper the enhancement of these features?",100.0,keep,true,aggregator-only,unverifiable,,unverifiable,,,,,,,,exact,100.0,exact,100.0,,,,
2023,GS2,d332fcad-6750-4542-af0a-3f203f819096,29,GS2-Q9,16,GS2-Q16,'Virus of Conflict is affecting the functioning of the SCO'. In the light of the above statement point out the role of India in mitigating problems.,‘Virus of Conflict is affecting the functioning of the SCO.’ In the light of the above statement point out the role of India in mitigating the problems.,97.2,keep,true,aggregator-only,unverifiable,,unverifiable,,,,,,,,exact,97.2,exact,100.0,,,,
2023,GS2,d332fcad-6750-4542-af0a-3f203f819096,30,GS2-Q10,18,GS2-Q18,Indian diaspora has scaled new heights in the West. Describe its economic and political benefits for India.,Indian diaspora has scaled new heights in the West. Describe its economic and political benefits for India.,100.0,keep,true,aggregator-only,unverifiable,,unverifiable,,,,,,,,exact,100.0,exact,100.0,,,,
2023,GS2,d332fcad-6750-4542-af0a-3f203f819096,31,GS2-Q11,2,GS2-Q2,"""The Constitution of India is a living instrument with capabilities of enormous dynamism. It is a constitution made for a progressive society."" Illustrate with special reference to the expanding horizons of the right to life and personal liberty.",“The Constitution of India is a living instrument with capabilities of enormous dynamism. It is a constitution made for a progressive society.” Illustrate with special reference to the expanding horizons of the right to life and personal liberty.,100.0,keep,true,aggregator-only,unverifiable,,unverifiable,,,,,,,,exact,100.0,exact,100.0,,,,
2023,GS2,d332fcad-6750-4542-af0a-3f203f819096,32,GS2-Q12,3,GS2-Q3,Explain the constitutional perspectives of Gender Justice with the help of relevant Constitutional Provisions and case laws.,Explain the constitutional perspectives of Gender Justice with the help of relevant Constitutional Provisions and case laws.,100.0,keep,true,aggregator-only,unverifiable,,unverifiable,,,,,,,,exact,100.0,exact,100.0,,,,
2023,GS2,d332fcad-6750-4542-af0a-3f203f819096,33,GS2-Q13,4,GS2-Q4,Account for the legal and political factors responsible for the reduced frequency of using Article 356 by the Union Governments since mid 1990s.,Account for the legal and political factors responsible for the reduced frequency of using Article 356 by the Union Governments since mid-1990s.,100.0,keep,true,aggregator-only,unverifiable,,unverifiable,,,,,,,,exact,100.0,exact,100.0,,,,
2023,GS2,d332fcad-6750-4542-af0a-3f203f819096,34,GS2-Q14,15,GS2-Q15,Discuss the contribution of civil society groups for women's effective and meaningful participation and representation in state legislatures in India.,Discuss the contribution of civil society groups for women’s effective and meaningful participation and representation in state legislatures in India.,99.3,keep,true,aggregator-only,unverifiable,,unverifiable,,,,,,,,exact,100.0,exact,100.0,,,,
2023,GS2,d332fcad-6750-4542-af0a-3f203f819096,35,GS2-Q15,5,GS2-Q5,Explain the significance of the 101st Constitutional Amendment Act. To what extent does it reflect the accommodative spirit of federalism?,Explain the significance of the 101st Constitutional Amendment Act. To what extent does it reflect the accommodative spirit of federalism?,100.0,keep,true,aggregator-only,unverifiable,,unverifiable,,,,,,,,exact,100.0,exact,100.0,,,,
2023,GS2,d332fcad-6750-4542-af0a-3f203f819096,36,GS2-Q16,6,GS2-Q6,Explain the structure of the Parliamentary Committee system. How far have the financial committees helped in the institutionalization of Indian Parliament?,Explain the structure of the Parliamentary Committee system. How far have the financial committees helped in the institutionalization of Indian Parliament?,100.0,keep,true,aggregator-only,unverifiable,,unverifiable,,,,,,,,exact,99.3,exact,99.3,,,,
2023,GS2,d332fcad-6750-4542-af0a-3f203f819096,37,GS2-Q17,17,GS2-Q17,"""Development and welfare schemes for the vulnerable, by its nature, are discriminatory in approach."" Do you agree? Give reasons for your answer.","“Development and welfare schemes for the vulnerable, by its nature, are discriminatory in approach.” Do you agree? Give reasons for your answer.",100.0,keep,true,aggregator-only,unverifiable,,unverifiable,,,,,,,,exact,99.3,exact,99.3,,,,
2023,GS2,d332fcad-6750-4542-af0a-3f203f819096,38,GS2-Q18,14,GS2-Q14,"Skill development programs have succeed in increasing human resources supply to various sectors. In the context of the statement analyze the linkages between education, skill and employment.","Skill development programmes have succeeded in increasing human resources supply to various sectors. In the context of the statement analyse the linkages between education, skill and employment.",97.3,keep,true,aggregator-only,unverifiable,,unverifiable,,,,,,,,exact,97.3,exact,100.0,,,,
2023,GS2,d332fcad-6750-4542-af0a-3f203f819096,39,GS2-Q19,19,GS2-Q19,'The expansion and strengthening of NATO and a stronger US-Europe strategic partnership works well in India.' What is your opinion about this statement? Give reasons and examples to support your answer.,‘The expansion and strengthening of NATO and a stronger US-Europe strategic partnership works well for India.’ What is your opinion about this statement? Give reasons and examples to support your answer.,98.5,keep,true,aggregator-only,unverifiable,,unverifiable,,,,,,,,exact,98.5,exact,100.0,,,,
2023,GS2,d332fcad-6750-4542-af0a-3f203f819096,40,GS2-Q20,20,GS2-Q20,'Sea is an important Component of the Cosmos'. Discuss in the light of the above statement the role of the IMO (International Maritime Organisation) in protecting environment and enhancing maritime safety and security.,‘Sea is an important Component of the Cosmos’ Discuss in the light of the above statement the role of the IMO (International Maritime Organisation) in protecting environment and enhancing maritime safety and security.,100.0,keep,true,aggregator-only,unverifiable,,unverifiable,,,,,,,,exact,100.0,exact,100.0,,,,
2023,GS3,b5cbb735-b687-4de5-90cb-3978f48a71a1,41,GS3-Q1,1,GS3-Q1,"Faster economic growth requires increased share of the manufacturing sector in GDP, particularly of MSMEs. Comment on the present policies of the Government in this regard.","Faster economic growth requires increased share of the manufacturing sector in GDP, particularly of MSMEs. Comment on the present policies of the Government in this regard.",100.0,keep,true,aggregator-only,exact,100.0,exact,100.0,,,,,,,,,,,,,,
2023,GS3,b5cbb735-b687-4de5-90cb-3978f48a71a1,42,GS3-Q2,2,GS3-Q2,What is the status of digitalization in the Indian economy? Examine the problems faced in this regard and suggest improvements.,What is the status of digitalization in the Indian economy? Examine the problems faced in this regard and suggest improvements.,100.0,keep,true,aggregator-only,exact,100.0,exact,100.0,,,,,,,,,,,,,,
2023,GS3,b5cbb735-b687-4de5-90cb-3978f48a71a1,43,GS3-Q3,5,GS3-Q5,How does e-Technology help farmers in production and marketing of agricultural produce? Explain it.,How does e-Technology help farmers in production and marketing of agricultural produce? Explain it.,100.0,keep,true,aggregator-only,exact,100.0,exact,100.0,,,,,,,,,,,,,,
2023,GS3,b5cbb735-b687-4de5-90cb-3978f48a71a1,44,GS3-Q4,8,GS3-Q8,State the objectives and measures of land reforms in India. Discuss how land ceiling policy on landholding can be considered as an effective reform under economic criteria.,State the objectives and measures of land reforms in India. Discuss how land ceiling policy on landholding can be considered as an effective reform under economic criteria.,100.0,keep,true,aggregator-only,exact,100.0,exact,100.0,,,,,,,,,,,,,,
2023,GS3,b5cbb735-b687-4de5-90cb-3978f48a71a1,45,GS3-Q5,11,GS3-Q11,Introduce the concept of Artificial Intelligence (AI). How does AI help clinical diagnosis? Do you perceive any threat to privacy of the individual in the use of AI in the healthcare?,Introduce the concept of Artificial Intelligence (AI). How does AI help clinical diagnosis? Do you perceive any threat to privacy of the individual in the use of AI in healthcare?,97.9,keep,true,aggregator-only,exact,97.2,exact,99.4,,,,,,,,,,,,,,
2023,GS3,b5cbb735-b687-4de5-90cb-3978f48a71a1,46,GS3-Q6,9,GS3-Q9,Discuss several ways in which microorganisms can help in meeting the current fuel shortage.,Discuss several ways in which microorganisms can help in meeting the current fuel shortage.,100.0,keep,true,aggregator-only,exact,100.0,exact,100.0,,,,,,,,,,,,,,
2023,GS3,b5cbb735-b687-4de5-90cb-3978f48a71a1,47,GS3-Q7,16,GS3-Q16,"Dam failures are always catastrophic, especially on the downstream side, resulting in a colossal loss of life and property. Analyze the various causes of dam failures. Give two examples of large dam failures.","Dam failures are always catastrophic, especially on the downstream side, resulting in a colossal loss of life and property. Analyze the various causes of dam failures. Give two examples of large dam failures.",100.0,keep,true,aggregator-only,exact,100.0,exact,100.0,,,,,,,,,,,,,,
2023,GS3,b5cbb735-b687-4de5-90cb-3978f48a71a1,48,GS3-Q8,12,GS3-Q12,What is oil pollution? What are its impacts on the marine ecosystem? In what way is oil pollution particularly harmful for a country like India?,What is oil pollution? What are its impacts on the marine ecosystem? In what way is oil pollution particularly harmful for a country like India?,100.0,keep,true,aggregator-only,exact,100.0,exact,100.0,,,,,,,,,,,,,,
2023,GS3,b5cbb735-b687-4de5-90cb-3978f48a71a1,49,GS3-Q9,17,GS3-Q17,Winning of 'Hearts and Minds' in terrorism affected areas is an essential step in restoring the trust of the population. Discuss the measures adopted by the Government in this respect as part of the conflict resolution in Jammu and Kashmir.,Winning of ‘Hearts and Minds’ in terrorism-affected areas is an essential step in restoring the trust of the population. Discuss the measures adopted by the Government in this respect as part of the conflict resolution in Jammu and Kashmir.,100.0,keep,true,aggregator-only,exact,100.0,exact,100.0,,,,,,,,,,,,,,
2023,GS3,b5cbb735-b687-4de5-90cb-3978f48a71a1,50,GS3-Q10,18,GS3-Q18,"The use of unmanned aerial vehicles (UAVs) by our adversaries across the borders to ferry arms/ammunitions, drugs, etc., is a serious threat to the internal security. Comment on the measures being taken to tackle this threat.","The use of unmanned aerial vehicles (UAVs) by our adversaries across the borders to ferry arms/ammunitions, drugs, etc., is a serious threat to the internal security. Comment on the measures being taken to tackle this threat.",100.0,keep,true,aggregator-only,exact,100.0,exact,100.0,,,,,,,,,,,,,,
2023,GS3,b5cbb735-b687-4de5-90cb-3978f48a71a1,51,GS3-Q11,3,GS3-Q3,Most of the unemployment in India is structural in nature. Examine the methodology adopted to compute unemployment in the country and suggest improvements.,Most of the unemployment in India is structural in nature. Examine the methodology adopted to compute unemployment in the country and suggest improvements.,100.0,keep,true,aggregator-only,exact,100.0,exact,100.0,,,,,,,,,,,,,,
2023,GS3,b5cbb735-b687-4de5-90cb-3978f48a71a1,52,GS3-Q12,4,GS3-Q4,Distinguish between 'care economy' and 'monetized economy'. How can care economy be brought into monetized economy through women empowerment?,Distinguish between ‘care economy’ and ‘monetized economy’. How can care economy be brought into monetized economy through women empowerment?,100.0,keep,true,aggregator-only,exact,100.0,exact,100.0,,,,,,,,,,,,,,
2023,GS3,b5cbb735-b687-4de5-90cb-3978f48a71a1,53,GS3-Q13,7,GS3-Q7,Explain the changes in cropping pattern in India in the context of changes in consumption pattern and marketing conditions.,Explain the changes in cropping pattern in India in the context of changes in consumption pattern and marketing conditions.,100.0,keep,true,aggregator-only,exact,100.0,exact,100.0,,,,,,,,,,,,,,
2023,GS3,b5cbb735-b687-4de5-90cb-3978f48a71a1,54,GS3-Q14,6,GS3-Q6,What are the direct and indirect subsidies provided to farm sector in India? Discuss the issues raised by the World Trade Organization (WTO) in relation to agricultural subsidies.,What are the direct and indirect subsidies provided to farm sector in India? Discuss the issues raised by the World Trade Organization (WTO) in relation to agricultural subsidies.,100.0,keep,true,aggregator-only,exact,100.0,exact,100.0,,,,,,,,,,,,,,
2023,GS3,b5cbb735-b687-4de5-90cb-3978f48a71a1,55,GS3-Q15,13,GS3-Q13,The adoption of electric vehicles is rapidly growing worldwide. How do electric vehicles contribute to reducing carbon emissions and what are the key benefits they offer compared to traditional combustion engine vehicles?,The adoption of electric vehicles is rapidly growing worldwide. How do electric vehicles contribute to reducing carbon emissions and what are the key benefits they offer compared to traditional combustion engine vehicles?,100.0,keep,true,aggregator-only,exact,100.0,exact,100.0,,,,,,,,,,,,,,
2023,GS3,b5cbb735-b687-4de5-90cb-3978f48a71a1,56,GS3-Q16,10,GS3-Q10,What is the main task of India's third moon mission which could not be achieved in its earlier mission? List the countries that have achieved this task. Introduce the subsystems in the spacecraft launched and explain the role of the 'Virtual Launch Control Centre' at the Vikram Sarabhai Space Centre which contributed to the successful launch from Sriharikota.,What is the main task of India’s third moon mission which could not be achieved in its earlier mission? List the countries that have achieved this task. Introduce the subsystems in the spacecraft launched and explain the role of the ‘Virtual Launch Control Centre’ at the Vikram Sarabhai Space Centre which contributed to the successful launch from Sriharikota.,99.7,keep,true,aggregator-only,exact,100.0,exact,100.0,,,,,,,,,,,,,,
2023,GS3,b5cbb735-b687-4de5-90cb-3978f48a71a1,57,GS3-Q17,14,GS3-Q14,Comment on the National Wetland Conservation Programme initiated by the Government of India and name a few India's wetlands of international importance included in the Ramsar Sites.,Comment on the National Wetland Conservation Programme initiated by the Government of India and name a few India's wetlands of international importance included in the Ramsar Sites.,100.0,keep,true,aggregator-only,exact,100.0,exact,100.0,,,,,,,,,,,,,,
2023,GS3,b5cbb735-b687-4de5-90cb-3978f48a71a1,58,GS3-Q18,15,GS3-Q15,The Intergovernmental Panel on Climate Change (IPCC) has predicted a global sea level rise of about one metre by AD 2100. What would be its impact in India and the other countries in the Indian Ocean region?,The Intergovernmental Panel on Climate Change (IPCC) has predicted a global sea level rise of about one metre by AD 2100. What would be its impact in India and the other countries in the Indian Ocean region?,100.0,keep,true,aggregator-only,exact,100.0,exact,100.0,,,,,,,,,,,,,,
2023,GS3,b5cbb735-b687-4de5-90cb-3978f48a71a1,59,GS3-Q19,19,GS3-Q19,What are the internal security challenges being faced by India? Give out the role of Central Intelligence and Investigative Agencies tasked to counter such threats.,What are the internal security challenges being faced by India? Give out the role of Central Intelligence and Investigative Agencies tasked to counter such threats.,100.0,keep,true,aggregator-only,exact,100.0,exact,100.0,,,,,,,,,,,,,,
2023,GS3,b5cbb735-b687-4de5-90cb-3978f48a71a1,60,GS3-Q20,20,GS3-Q20,"Give out the major sources of terror funding in India and efforts being made to curtail these sources. In the light of this, also discuss the aim and objective of the 'No Money for Terror [NMFT]' Conference recently held at New Delhi in November 2022.","Give out the major sources of terror funding in India and the efforts being made to curtail these sources. In the light of this, also discuss the aim and objective of the ‘No Money for Terror (NMFT)’ Conference recently held at New Delhi in November 2022.",98.4,keep,true,aggregator-only,exact,98.4,exact,100.0,,,,,,,,,,,,,,
2023,GS4,dee30326-920a-40cf-bee0-a5b4c76760f7,61,GS4-A-Q1,7,GS4-A-Q4,"(a) What do you understand by 'moral integrity' and 'professional efficiency' in the context of corporate governance in India? Illustrate with suitable examples. (Answer in 150 words) 10
(b) 'International aid' is an accepted form of helping 'resource-challenged' nations. Comment on 'ethics in contemporary international aid'. Support your answer with suitable examples. (Answer in 150 words) 10",What do you understand by ‘moral integrity’ and ‘professional efficiency’ in the context of corporate governance in India? Illustrate with suitable examples.,100.0,keep,true,aggregator-only,orphan,70.5,exact,100.0,,,,,,true,,,,,,,,
2023,GS4,dee30326-920a-40cf-bee0-a5b4c76760f7,62,GS4-A-Q2,11,GS4-A-Q6,"(a) ""Corruption is the manifestation of the failure of core values in the society."" In your opinion, what measures can be adopted to uplift the core values in the society? (Answer in 150 words) 10
(b) In the context of work environment, differentiate between 'coercion' and 'undue influence' with suitable examples. (Answer in 150 words) 10","“Corruption is the manifestation of the failure of core values in the society.” In your opinion, what measures can be adopted to uplift the core values in the society?",100.0,keep,true,aggregator-only,orphan,74.8,exact,100.0,,,,,,true,,,,,,,,
2023,GS4,dee30326-920a-40cf-bee0-a5b4c76760f7,63,GS4-A-Q3,17,GS4-A-Q11,"Given below are three quotations of great thinkers. What do each of these quotations convey to you in the present context?
(a) ""The simplest acts of kindness are by far more powerful than a thousand heads bowing in prayer."" - Mahatma Gandhi (Answer in 150 words) 10
(b) ""To awaken the people, it is the women who must be awakened. Once she is on the move, the family moves, the village moves, the nation moves."" - Jawaharlal Nehru (Answer in 150 words) 10
(c) ""Do not hate anybody, because that hatred that comes out from you must, in the long run, come back to you. If you love, that love will come back to you, completing the circle."" - Swami Vivekananda (Answer in 150 words) 10",“The simplest acts of kindness are by far more powerful than a thousand heads bowing in prayer.” — Mahatma Gandhi,100.0,keep,true,aggregator-only,orphan,71.1,exact,100.0,,,,,,true,,,,,,,,
2023,GS4,dee30326-920a-40cf-bee0-a5b4c76760f7,64,GS4-A-Q4,3,GS4-A-Q2,"(a) ""What really matters for success, character, happiness and lifelong achievements is a definite set of emotional skills - your EQ - not just purely cognitive abilities that are measured by conventional IQ tests."" Do you agree with this view? Give reasons in support of your answer. (Answer in 150 words) 10
(b) Differentiate 'moral intuition' from 'moral reasoning' with suitable examples. (Answer in 150 words) 10","“What really matters for success, character, happiness and lifelong achievements is a definite set of emotional skills — your EQ — not just purely cognitive abilities that are measured by conventional IQ tests.” Do you agree with this view? Give reasons in support of your answer.",100.0,keep,true,aggregator-only,orphan,83.2,exact,100.0,,,,,,true,,,,,,,,
2023,GS4,dee30326-920a-40cf-bee0-a5b4c76760f7,65,GS4-A-Q5,9,GS4-A-Q5,"(a) Is conscience a more reliable guide when compared to laws, rules and regulations in the context of ethical decision making? Discuss. (Answer in 150 words) 10
(b) 'Probity is essential for an effective system of governance and socio-economic development.' Discuss. (Answer in 150 words) 10","Is conscience a more reliable guide when compared to laws, rules and regulations in the context of ethical decision-making? Discuss.",100.0,keep,true,aggregator-only,orphan,71.5,exact,100.0,,,,,,true,,,,,,,,
2023,GS4,dee30326-920a-40cf-bee0-a5b4c76760f7,66,GS4-A-Q6,1,GS4-A-Q1,"(a) What were the major teachings of Guru Nanak? Explain their relevance in the contemporary world. (Answer in 150 words) 10
(b) Explain the term social capital. How does it enhance good governance? (Answer in 150 words) 10",What were the major teachings of Guru Nanak? Explain their relevance in the contemporary world.,100.0,keep,true,aggregator-only,orphan,71.1,exact,100.0,,,,,,true,,,,,,,,
2023,GS4,dee30326-920a-40cf-bee0-a5b4c76760f7,67,GS4-B-Q1,4,GS4-B-Q2,"You are working as an executive in a nationalized bank for several years. One day one of your close colleagues tells you that her father is suffering from heart disease and needs surgery immediately to survive. She also tells you that she has no insurance and the operation will cost about Rs. 10 lakh. You are also aware of the fact that her husband is no more and that she is from a lower middle class family. You are empathetic about her situation. However, apart from expressing your sympathy, you do not have the resources to fund her.

A few weeks later, you ask her about the well-being of her father and she informs you about his successful surgery and that he is recovering. She then confides in you that the bank manager was kind enough to facilitate the release of Rs. 10 lakh from a dormant account of someone to pay for the operation with a promise that it should be confidential and be repaid at the earliest. She has already started paying it back and will continue to do so until it is all returned.

(a) What are the ethical issues involved?
(b) Evaluate the behavior of the bank manager from an ethical point of view.
(c) How would you react to the situation?
(Answer in 250 words) 20","You are working as an executive in a nationalised bank for several years. One day one of your close colleagues tells you that her father is suffering from heart disease and needs surgery immediately to survive. She also tells you that she has no insurance and the operation will cost about ₹ 10 lakh. You are also aware of the fact that her husband is no more and that she is from a lower middle class family. You are empathetic about her situation. However, apart from expressing your sympathy, you do not have the resources to fund her. A few weeks later, you ask her about the well-being of her father and she informs you about his successful surgery and that he is recovering. She then confides in you that the bank manager was kind enough to facilitate the release of ₹ 10 lakh from a dormant account of someone to pay for the operation with a promise that it should be confidential and be repaid at the earliest. She has already started paying it back and will continue to do so until it is all returned. (a) What are the ethical issues involved? (b) Evaluate the behaviour of the bank manager from an ethical point of view. (c) How would you react to the situation?",99.4,keep,true,aggregator-only,exact,98.5,exact,98.6,,,,,,,,,,,,,,
2023,GS4,dee30326-920a-40cf-bee0-a5b4c76760f7,68,GS4-B-Q2,6,GS4-B-Q3,"A landslide occurred in the middle of the night on 20th July, 2023 in a remote mountain hamlet, approximately 60 kilometers from Uttarkashi. The landslide was caused by torrential rains and has resulted in large-scale destruction of property and life. You, as district magistrate of the area, have rushed to the spot with a team of doctors, NGOs, media and police along with numerous support staff to oversee the rescue operations.

A man came running to you with a request for urgent medical help for his pregnant wife who is in labor and is losing blood. You directed your medical team to examine his wife. They return and convey to you that this woman needs blood transfusion immediately. Upon enquiry, you come to know that a few blood collection bags and blood group test kits are available in the ambulance accompanying your team. Few people of your team have already volunteered to donate blood.

Being a physician who has graduated from AIIMS, you know that blood for transfusion needs to be procured only through a recognized blood bank. Your team members are divided on this issue; some favor transfusion while some others oppose it. The doctors in the team are ready to facilitate the delivery provided they are not penalized for transfusion. Now you are in a dilemma. Your professional training emphasizes on prioritizing service to humanity and saving lives of individuals.

(a) What are the ethical issues involved in this case?
(b) Evaluate the options available to you, being District Magistrate of the area.
(Answer in 250 words) 20","A landslide occurred in the middle of the night on 20th July, 2023 in a remote mountain hamlet, approximately 60 kilometres from Uttarkashi. The landslide was caused by torrential rains and has resulted in large-scale destruction of property and life. You, as District Magistrate of that area, have rushed to the spot with a team of doctors, NGOs, media and police along with numerous support staff to oversee the rescue operations. A man came running to you with a request for urgent medical help for his pregnant wife who is in labour and is losing blood. You directed your medical team to examine his wife. They return and convey to you that this woman needs blood transfusion immediately. Upon enquiry, you come to know that a few blood collection bags and blood group test kits are available in the ambulance accompanying your team. Few people of your team have already volunteered to donate blood. Being a physician who has graduated from AIIMS, you know that blood for transfusion needs to be procured only through a recognized blood bank. Your team members are divided on this issue; some favour transfusion, while some others oppose it. The doctors in the team are ready to facilitate the delivery provided they are not penalized for transfusion. Now you are in a dilemma. Your professional training emphasizes on prioritising service to humanity and saving lives of individuals. (a) What are the ethical issues involved in this case? (b) Evaluate the options available to you, being District Magistrate of the area.",99.7,keep,true,aggregator-only,exact,99.3,exact,99.8,,,,,,,,,,,,,,
2023,GS4,dee30326-920a-40cf-bee0-a5b4c76760f7,69,GS4-B-Q3,8,GS4-B-Q4,"At 9 pm on Saturday evening, Rashika, a Joint Secretary, was still engrossed in her work in her office. Her husband, Vikram, is an executive in an MNC and frequently out of town in connection with his work. Their two children aged 5 and 3 are looked after by their domestic helper. At 9:30 pm her superior, Mr. Suresh calls her and asks her to prepare a detailed note on an important matter to be discussed in a meeting in the Ministry. She realises that she will have to work on Sunday to finish the additional task given by her superior.

She reflects on how she had looked forward to this posting and had worked long hours for months to achieve it. She had kept the welfare of people uppermost in discharging her duties. She feels that she has not done enough justice to her family and she has not fulfilled her duties in discharging essential social obligations. Even as recently as last month she had to leave her sick child in the nanny's care as she had to work in the office. Now, she feels that she must draw a line, beyond which her personal life should take precedence over her professional responsibilities. She thinks that there should be reasonable limits to the work ethics such as punctuality, hard work, dedication to duty and selfless service.

(a) Discuss the ethical issues involved in this case.
(b) Briefly describe at least four laws that have been enacted by the Government with respect to providing a healthy, safe and equitable working environment for women.
(c) Imagine you are in a similar situation. What suggestions would you make to mitigate such working conditions?
(Answer in 250 words) 20","At 9 pm on Saturday evening, Rashika, a Joint Secretary, was still engrossed in her work in her office. Her husband, Vikram, is an executive in an MNC and frequently out of town in connection with his work. Their two children aged 5 and 3 are looked after by their domestic helper. At 9:30 pm her superior, Mr. Suresh calls her and asks her to prepare a detailed note on an important matter to be discussed in a meeting in the Ministry. She realises that she will have to work on Sunday to finish the additional task given by her superior. She reflects on how she had looked forward to this posting and had worked long hours for months to achieve it. She had kept the welfare of people uppermost in discharging her duties. She feels that she has not done enough justice to her family and she has not fulfilled her duties in discharging essential social obligations. Even as recently as last month she had to leave her sick child in the nanny's care as she had to work in the office. Now, she feels that she must draw a line, beyond which her personal life should take precedence over her professional responsibilities. She thinks that there should be reasonable limits to the work ethics such as punctuality, hard work, dedication to duty and selfless service. (a) Discuss the ethical issues involved in this case. (b) Briefly describe at least four laws that have been enacted by the Government with respect to providing a healthy, safe and equitable working environment for women. (c) Imagine you are in a similar situation. What suggestions would you make to mitigate such working conditions?",100.0,keep,true,aggregator-only,exact,98.9,exact,98.9,,,,,,,,,,,,,,
2023,GS4,dee30326-920a-40cf-bee0-a5b4c76760f7,70,GS4-B-Q4,2,GS4-B-Q1,"Vinod is an honest and sincere IAS officer. Recently, he has taken over as Managing Director of the State Road Transport Corporation, his sixth transfer in the past three years. His peers acknowledge his vast knowledge, affability and uprightness.

The Chairman of the State Road Transport Corporation is a powerful politician and is very close to the Chief Minister. Vinod comes to know about many alleged irregularities of the Corporation and the high-handedness of the Chairman in financial matters.

A Board Member of the Corporation belonging to the Opposition Party meets Vinod and hands over a few documents along with a video recording in which the Chairman appears to be demanding bribe for placing a huge order for the supply of QMR tyres. Vinod recollects the Chairman expediting clearing of pending bills of QMR tyres.

Vinod confronts the Board Member as to why he is shying away from exposing the Chairman with the so-called solid proof he has with him. The member informs him that the Chairman refuses to yield to his threats. He adds that Vinod may earn recognition and public support if he himself exposes the Chairman. Further, he tells Vinod that once his party comes to power, Vinod's professional growth would be assured.

Vinod is aware that he may be penalized if he exposes the Chairman and may further be transferred to a distant place. He knows that the Opposition Party stands a better chance of coming to power in the forthcoming elections. However, he also realizes that the Board Member is trying to use him for his own political gains.

(a) As a conscientious civil servant, evaluate the options available to Vinod.
(b) In the light of the above case, comment upon the ethical issues that may arise due to the politicization of bureaucracy.
(Answer in 250 words) 20","Vinod is an honest and sincere IAS officer. Recently, he has taken over as Managing Director of the State Road Transport Corporation, his sixth transfer in the past three years. His peers acknowledge his vast knowledge, affability and uprightness. The Chairman of the State Road Transport Corporation is a powerful politician and is very close to the Chief Minister. Vinod comes to know about many alleged irregularities of the Corporation and the high-handedness of the Chairman in financial matters. A Board Member of the Corporation belonging to the Opposition Party meets Vinod and hands over a few documents along with a video recording in which the Chairman appears to be demanding bribe for placing a huge order for the supply of QMR tyres. Vinod recollects the Chairman expediting clearing of pending bills of QMR tyres. Vinod confronts the Board Member as to why he is shying away from exposing the Chairman with the so-called solid proof he has with him. The member informs him that the Chairman refuses to yield to his threats. He adds that Vinod may earn recognition and public support if he himself exposes the Chairman. Further, he tells Vinod that once his party comes to power, Vinod's professional growth would be assured. Vinod is aware that he may be penalized if he exposes the Chairman and may further be transferred to a distant place. He knows that the Opposition Party stands a better chance of coming to power in the forthcoming elections. However, he also realizes that the Board Member is trying to use him for his own political gains. (a) As a conscientious civil servant, evaluate the options available to Vinod. (b) In the light of the above case, comment upon the ethical issues that may arise due to the politicization of bureaucracy.",100.0,keep,true,aggregator-only,exact,99.0,exact,99.0,,,,,,,,,,,,,,
2023,GS4,dee30326-920a-40cf-bee0-a5b4c76760f7,71,GS4-B-Q5,10,GS4-B-Q5,"You have just been appointed as Additional Director General of Central Public Works Department. The Chief Architect of your division, who is to retire in six months, is passionately working on a very important project, the successful completion of which would earn him a lasting reputation for the rest of his life.

A new lady architect, Seema, trained at Manchester School of Architecture, UK joined as Senior Architect in your division. During the briefing about the project, Seema made some suggestions which would not only add value to the project, but would also reduce completion time. This has made the Chief Architect insecure and he is constantly worried that all the credit will go to her. Subsequently, he adopted a passive and aggressive behaviour towards her and has become disrespectful to her. Seema felt it embarrassing as the Chief Architect left no chance of humiliating her. He would very often correct her in front of other colleagues and raise his voice while speaking to her. This continuous harassment has resulted in her losing confidence and self-esteem. She felt perpetually tensed, anxious and stressed. She appeared to be in awe of him since he has had a long tenure in the office and has vast experience in the area of her work.

You are aware of her outstanding academic credentials and career record in her previous organisations. However, you fear that this harassment may result in compromising her much needed contribution in this important project and may adversely impact her emotional well-being. You have also come to know from her peers that she is contemplating tendering her resignation.

(a) What are the ethical issues involved in the above case?
(b) What are the options available to you in order to complete the project as well as to retain Seema in the organization?
(c) What would be your response to Seema's predicament? What measures would you institute to prevent such occurrences from happening in your organization?
(Answer in 250 words) 20","You have just been appointed as Additional Director General of Central Public Works Department. The Chief Architect of your division, who is to retire in six months, is passionately working on a very important project, the successful completion of which would earn him a lasting reputation for the rest of his life. A new lady architect, Seema, trained at Manchester School of Architecture, UK joined as Senior Architect in your division. During the briefing about the project, Seema made some suggestions which would not only add value to the project, but would also reduce completion time. This has made the Chief Architect insecure and he is constantly worried that all the credit will go to her. Subsequently, he adopted a passive and aggressive behaviour towards her and has become disrespectful to her. Seema felt it embarrassing as the Chief Architect left no chance of humiliating her. He would very often correct her in front of other colleagues and raise his voice while speaking to her. This continuous harassment has resulted in her losing confidence and self-esteem. She felt perpetually tensed, anxious and stressed. She appeared to be in awe of him since he has had a long tenure in the office and has vast experience in the area of her work. You are aware of her outstanding academic credentials and career record in her previous organisations. However, you fear that this harassment may result in compromising her much needed contribution in this important project and may adversely impact her emotional well-being. You have also come to know from her peers that she is contemplating tendering her resignation. (a) What are the ethical issues involved in the above case? (b) What are the options available to you in order to complete the project as well as to retain Seema in the organization? (c) What would be your response to Seema's predicament? What measures would you institute to prevent such occurrences from happening in your organization?",100.0,keep,true,aggregator-only,exact,99.1,exact,99.1,,,,,,,,,,,,,,
2023,GS4,dee30326-920a-40cf-bee0-a5b4c76760f7,72,GS4-B-Q6,12,GS4-B-Q6,"You hold a responsible position in a ministry in the government. One day in the morning you received a call from the school of your 11-year-old son that you are required to come and meet the Principal. You proceed to the school and find your son in the Principal's office. The Principal informs you that your son had been found wandering aimlessly in the grounds during the time classes were in progress. The class teacher further informs you that your son has lately become a loner and did not respond to questions in the class, he had also been unable to perform well in the football trials held recently. You bring your son back from the school and in the evening, you along with your wife try to find out the reasons for your son's changed behaviour. After repeated cajoling, your son shares that some children had been making fun of him in the class as well as in the WhatsApp group of the students by calling him stunted, duh and a frog. He tells you the names of a few children who are the main culprits but pleads with you to let the matter rest.

After a few days, during a sporting event, where you and your wife have gone to watch your son play, one of your colleague's son shows you a video in which students have caricatured your son. Further, he also points out to the perpetrators who were sitting in the stands. You purposefully walk past them with your son and go home. Next day, you find on social media, a video denigrating you, your son and even your wife, stating that you engaged in physical bullying of children on the sports field. The video became viral on social media. Your friends and colleagues began calling you to find out the details. One of your juniors advised you to make a counter video giving the background and explaining that nothing had happened on the field. You, in turn posted a video which you have captured during the sporting event, identifying the likely perpetrators who were responsible for your son's predicament. You have also narrated what has actually happened in the field and made attempts to bring out the adverse effects of the misuse of social media.

(a) Based on the above case study, discuss the ethical issues involved in the use of social media.
(b) Discuss the pros and cons of using social media by you to put across the facts to counter the fake propaganda against your family.
(Answer in 250 words) 20","You hold a responsible position in a ministry in the government. One day in the morning you received a call from the school of your 11-year-old son that you are required to come and meet the Principal. You proceed to the school and find your son in the Principal's office. The Principal informs you that your son had been found wandering aimlessly in the grounds during the time classes were in progress. The class teacher further informs you that your son has lately become a loner and did not respond to questions in the class, he had also been unable to perform well in the football trials held recently. You bring your son back from the school and in the evening, you along with your wife try to find out the reasons for your son's changed behaviour. After repeated cajoling, your son shares that some children had been making fun of him in the class as well as in the WhatsApp group of the students by calling him stunted, duh and a frog. He tells you the names of a few children who are the main culprits but pleads with you to let the matter rest. After a few days, during a sporting event, where you and your wife have gone to watch your son play, one of your colleague's son shows you a video in which students have caricatured your son. Further, he also points out to the perpetrators who were sitting in the stands. You purposefully walk past them with your son and go home. Next day, you find on social media, a video denigrating you, your son and even your wife, stating that you engaged in physical bullying of children on the sports field. The video became viral on social media. Your friends and colleagues began calling you to find out the details. One of your juniors advised you to make a counter video giving the background and explaining that nothing had happened on the field. You, in turn posted a video which you have captured during the sporting event, identifying the likely perpetrators who were responsible for your son's predicament. You have also narrated what has actually happened in the field and made attempts to bring out the adverse effects of the misuse of social media. (a) Based on the above case study, discuss the ethical issues involved in the use of social media. (b) Discuss the pros and cons of using social media by you to put across the facts to counter the fake propaganda against your family.",100.0,keep,true,aggregator-only,exact,99.4,exact,99.4,,,,,,,,,,,,,,
2023,GS4,dee30326-920a-40cf-bee0-a5b4c76760f7,,,5,GS4-A-Q3,,Differentiate ‘moral intuition’ from ‘moral reasoning’ with suitable examples.,100.0,review,,aggregator-only,,,exact,100.0,,,,,,,,,,,,,,
2023,GS4,dee30326-920a-40cf-bee0-a5b4c76760f7,,,13,GS4-A-Q7,,"In the context of work environment, differentiate between ‘coercion’ and ‘undue influence’ with suitable examples.",100.0,review,,aggregator-only,,,exact,100.0,,,,,,,,,,,,,,
2023,GS4,dee30326-920a-40cf-bee0-a5b4c76760f7,,,14,GS4-A-Q8,,‘Probity is essential for an effective system of governance and socio-economic development.’ Discuss.,100.0,review,,aggregator-only,,,exact,100.0,,,,,,,,,,,,,,
2023,GS4,dee30326-920a-40cf-bee0-a5b4c76760f7,,,15,GS4-A-Q9,,Explain the term social capital. How does it enhance good governance?,100.0,review,,aggregator-only,,,exact,100.0,,,,,,,,,,,,,,
2023,GS4,dee30326-920a-40cf-bee0-a5b4c76760f7,,,16,GS4-A-Q10,,‘International aid’ is an accepted form of helping ‘resource-challenged’ nations. Comment on ‘ethics in contemporary international aid’. Support your answer with suitable examples.,100.0,review,,aggregator-only,,,exact,100.0,,,,,,,,,,,,,,
2023,GS4,dee30326-920a-40cf-bee0-a5b4c76760f7,,,18,GS4-A-Q12,,"“To awaken the people, it is the women who must be awakened. Once she is on the move, the family moves, the village moves, the nation moves.” — Jawaharlal Nehru",100.0,review,,aggregator-only,,,exact,100.0,,,,,,,,,,,,,,
2023,GS4,dee30326-920a-40cf-bee0-a5b4c76760f7,,,19,GS4-A-Q13,,"“Do not hate anybody, because that hatred that comes out from you must, in the long run, come back to you. If you love, that love will come back to you, completing the circle.” — Swami Vivekananda",100.0,review,,aggregator-only,,,exact,100.0,,,,,,,,,,,,,,
2024,GS1,daca2e9f-012e-46fc-8b10-b6df340b4200,1,GS1-Q1,1,GS1-Q1,Ã Â¤â¹Ã Â¤âÃ Â¥ÂÃ Â¤ÂµÃ Â¥ËÃ Â¤Â¦Ã Â¤Â¿Ã Â¤â¢ Ã Â¤Â¸Ã Â¥â¡ Ã Â¤â°Ã Â¤Â¤Ã Â¥ÂÃ Â¤Â¤Ã Â¤Â°-Ã Â¤ÂµÃ Â¥ËÃ Â¤Â¦Ã Â¤Â¿Ã Â¤â¢ Ã Â¤â¢Ã Â¤Â¾Ã Â¤Â² Ã Â¤Â¤Ã Â¤â¢ Ã Â¤Â¸Ã Â¤Â¾Ã Â¤Â®Ã Â¤Â¾Ã Â¤ÅÃ Â¤Â¿Ã Â¤â¢ Ã Â¤âÃ Â¤Â° Ã Â¤â Ã Â¤Â°Ã Â¥ÂÃ Â¤Â¥Ã Â¤Â¿Ã Â¤â¢ Ã Â¤â¢Ã Â¥ÂÃ Â¤Â·Ã Â¥â¡Ã Â¤Â¤Ã Â¥ÂÃ Â¤Â° Ã Â¤Â®Ã Â¥â¡Ã Â¤â Ã Â¤ËÃ Â¤Å¸Ã Â¤Â¿Ã Â¤Â¤ Ã Â¤ÂªÃ Â¤Â°Ã Â¤Â¿Ã Â¤ÂµÃ Â¤Â°Ã Â¥ÂÃ Â¤Â¤Ã Â¤Â¨Ã Â¥â¹Ã Â¤â Ã Â¤â¢Ã Â¥â¹ Ã Â¤Â°Ã Â¥â¡Ã Â¤âÃ Â¤Â¾Ã Â¤âÃ Â¤â¢Ã Â¤Â¿Ã Â¤Â¤ Ã Â¤â¢Ã Â¥â¬Ã Â¤ÅÃ Â¤Â¿Ã Â¤ÂÃ Â¥Â¤ (Ã Â¤â°Ã Â¤Â¤Ã Â¥ÂÃ Â¤Â¤Ã Â¤Â° 150 Ã Â¤Â¶Ã Â¤Â¬Ã Â¥ÂÃ Â¤Â¦Ã Â¥â¹Ã Â¤â Ã Â¤Â®Ã Â¥â¡Ã Â¤â Ã Â¤Â¦Ã Â¥â¬Ã Â¤ÅÃ Â¤Â¿Ã Â¤Â) Ã¢â¬â 10 Underline the changes in the field of society and economy from the Rig Vedic to the later Vedic period. (Answer in 150 words) Ã¢â¬â 10,Underline the changes in the field of society and economy from the Rig Vedic to the later Vedic period.,100.0,keep,true,aggregator,,,,,,,,,,,,,,,,,,
2024,GS1,daca2e9f-012e-46fc-8b10-b6df340b4200,2,GS1-Q2,2,GS1-Q2,Ã Â¤Â¦Ã Â¤â¢Ã Â¥ÂÃ Â¤Â·Ã Â¤Â¿Ã Â¤Â£ Ã Â¤Â­Ã Â¤Â¾Ã Â¤Â°Ã Â¤Â¤ Ã Â¤Â®Ã Â¥â¡Ã Â¤â Ã Â¤â¢Ã Â¤Â²Ã Â¤Â¾ Ã Â¤Âµ Ã Â¤Â¸Ã Â¤Â¾Ã Â¤Â¹Ã Â¤Â¿Ã Â¤Â¤Ã Â¥ÂÃ Â¤Â¯ Ã Â¤â¢Ã Â¥â¡ Ã Â¤ÂµÃ Â¤Â¿Ã Â¤â¢Ã Â¤Â¾Ã Â¤Â¸ Ã Â¤Â®Ã Â¥â¡Ã Â¤â Ã Â¤â¢Ã Â¤Â¾Ã Â¤ÂÃ Â¤Å¡Ã Â¥â¬ Ã Â¤â¢Ã Â¥â¡ Ã Â¤ÂªÃ Â¤Â²Ã Â¥ÂÃ Â¤Â²Ã Â¤ÂµÃ Â¥â¹Ã Â¤â Ã Â¤â¢Ã Â¥â¡ Ã Â¤Â¯Ã Â¥â¹Ã Â¤âÃ Â¤Â¦Ã Â¤Â¾Ã Â¤Â¨ Ã Â¤â¢Ã Â¤Â¾ Ã Â¤Â®Ã Â¥âÃ Â¤Â²Ã Â¥ÂÃ Â¤Â¯Ã Â¤Â¾Ã Â¤âÃ Â¤â¢Ã Â¤Â¨ Ã Â¤â¢Ã Â¥â¬Ã Â¤ÅÃ Â¤Â¿Ã Â¤ÂÃ Â¥Â¤ (150 Ã Â¤Â¶Ã Â¤Â¬Ã Â¥ÂÃ Â¤Â¦) Ã¢â¬â 10 Estimate the contribution of Pallavas of Kanchi for the development of art and literature of South India. (150 words) Ã¢â¬â 10,Estimate the contribution of Pallavas of Kanchi for the development of Art and literature of South India.,100.0,keep,true,aggregator,,,,,,,,,,,,,,,,,,
2024,GS1,daca2e9f-012e-46fc-8b10-b6df340b4200,3,GS1-Q3,4,GS1-Q4,Ã Â¤ÂµÃ Â¥â¡ Ã Â¤â¢Ã Â¥ÅÃ Â¤Â¨-Ã Â¤Â¸Ã Â¥â¬ Ã Â¤ËÃ Â¤Å¸Ã Â¤Â¨Ã Â¤Â¾Ã Â¤ÂÃ Â¤Â Ã Â¤Â¥Ã Â¥â¬Ã Â¤â Ã Â¤ÅÃ Â¤Â¿Ã Â¤Â¨Ã Â¤â¢Ã Â¥â¡ Ã Â¤â¢Ã Â¤Â¾Ã Â¤Â°Ã Â¤Â£ Ã Â¤Â­Ã Â¤Â¾Ã Â¤Â°Ã Â¤Â¤ Ã Â¤âºÃ Â¥â¹Ã Â¤Â¡Ã Â¤Â¼Ã Â¥â¹ Ã Â¤â Ã Â¤âÃ Â¤Â¦Ã Â¥â¹Ã Â¤Â²Ã Â¤Â¨ Ã Â¤Â¶Ã Â¥ÂÃ Â¤Â°Ã Â¥â Ã Â¤Â¹Ã Â¥ÂÃ Â¤â ? Ã Â¤â¡Ã Â¤Â¸Ã Â¤â¢Ã Â¥â¡ Ã Â¤ÂªÃ Â¤Â°Ã Â¤Â¿Ã Â¤Â£Ã Â¤Â¾Ã Â¤Â®Ã Â¥â¹Ã Â¤â Ã Â¤â¢Ã Â¥â¹ Ã Â¤Â¸Ã Â¥ÂÃ Â¤ÂªÃ Â¤Â·Ã Â¥ÂÃ Â¤Å¸ Ã Â¤â¢Ã Â¥â¬Ã Â¤ÅÃ Â¤Â¿Ã Â¤ÂÃ Â¥Â¤ (150 Ã Â¤Â¶Ã Â¤Â¬Ã Â¥ÂÃ Â¤Â¦) Ã¢â¬â 10 What were the events that led to the Quit India Movement? Point out its results. (150 words) Ã¢â¬â 10,What were the events that led to the Quit India Movement? Point out its results.,100.0,keep,true,aggregator,,,,,,,,,,,,,,,,,,
2024,GS1,daca2e9f-012e-46fc-8b10-b6df340b4200,4,GS1-Q4,16,GS1-Q16,Ã Â¤Â¸Ã Â¤Â®Ã Â¥ÂÃ Â¤Â¦Ã Â¥ÂÃ Â¤Â°Ã Â¥â¬ Ã Â¤Â¸Ã Â¤Â¤Ã Â¤Â¹ Ã Â¤â¢Ã Â¥â¡ Ã Â¤Â¤Ã Â¤Â¾Ã Â¤ÂªÃ Â¤Â®Ã Â¤Â¾Ã Â¤Â¨ Ã Â¤Â®Ã Â¥â¡Ã Â¤â Ã Â¤ÂµÃ Â¥ÆÃ Â¤Â¦Ã Â¥ÂÃ Â¤Â§Ã Â¤Â¿ Ã Â¤â¢Ã Â¥ÂÃ Â¤Â¯Ã Â¤Â¾ Ã Â¤Â¹Ã Â¥Ë? Ã Â¤Â¯Ã Â¤Â¹ Ã Â¤â°Ã Â¤Â·Ã Â¥ÂÃ Â¤Â£Ã Â¤â¢Ã Â¤Å¸Ã Â¤Â¿Ã Â¤Â¬Ã Â¤âÃ Â¤Â§Ã Â¥â¬Ã Â¤Â¯ Ã Â¤Å¡Ã Â¤â¢Ã Â¥ÂÃ Â¤Â°Ã Â¤ÂµÃ Â¤Â¾Ã Â¤Â¤Ã Â¥â¹Ã Â¤â Ã Â¤â¢Ã Â¥â¡ Ã Â¤Â¨Ã Â¤Â¿Ã Â¤Â°Ã Â¥ÂÃ Â¤Â®Ã Â¤Â¾Ã Â¤Â£ Ã Â¤â¢Ã Â¥â¹ Ã Â¤â¢Ã Â¥ËÃ Â¤Â¸Ã Â¥â¡ Ã Â¤ÂªÃ Â¥ÂÃ Â¤Â°Ã Â¤Â­Ã Â¤Â¾Ã Â¤ÂµÃ Â¤Â¿Ã Â¤Â¤ Ã Â¤â¢Ã Â¤Â°Ã Â¤Â¤Ã Â¤Â¾ Ã Â¤Â¹Ã Â¥Ë? (150 Ã Â¤Â¶Ã Â¤Â¬Ã Â¥ÂÃ Â¤Â¦) Ã¢â¬â 10 What is sea surface temperature rise? How does it affect the formation of tropical cyclones? (150 words) Ã¢â¬â 10,What is sea surface temperature rise? How does it affect the formation of tropical cyclones?,100.0,keep,true,aggregator,,,,,,,,,,,,,,,,,,
2024,GS1,daca2e9f-012e-46fc-8b10-b6df340b4200,5,GS1-Q5,9,GS1-Q9,Ã Â¤âºÃ Â¥â¹Ã Â¤Å¸Ã Â¥â¡ Ã Â¤Â¶Ã Â¤Â¹Ã Â¤Â°Ã Â¥â¹Ã Â¤â Ã Â¤â¢Ã Â¥â¬ Ã Â¤Â¤Ã Â¥ÂÃ Â¤Â²Ã Â¤Â¨Ã Â¤Â¾ Ã Â¤Â®Ã Â¥â¡Ã Â¤â Ã Â¤Â¬Ã Â¤Â¡Ã Â¤Â¼Ã Â¥â¡ Ã Â¤Â¶Ã Â¤Â¹Ã Â¤Â° Ã Â¤â¦Ã Â¤Â§Ã Â¤Â¿Ã Â¤â¢ Ã Â¤ÂªÃ Â¥ÂÃ Â¤Â°Ã Â¤ÂµÃ Â¤Â¾Ã Â¤Â¸Ã Â¤Â¿Ã Â¤Â¯Ã Â¥â¹Ã Â¤â Ã Â¤â¢Ã Â¥â¹ Ã Â¤â¢Ã Â¥ÂÃ Â¤Â¯Ã Â¥â¹Ã Â¤â Ã Â¤â Ã Â¤â¢Ã Â¤Â°Ã Â¥ÂÃ Â¤Â·Ã Â¤Â¿Ã Â¤Â¤ Ã Â¤â¢Ã Â¤Â°Ã Â¤Â¤Ã Â¥â¡ Ã Â¤Â¹Ã Â¥ËÃ Â¤â? Ã Â¤ÂµÃ Â¤Â¿Ã Â¤â¢Ã Â¤Â¾Ã Â¤Â¸Ã Â¤Â¶Ã Â¥â¬Ã Â¤Â² Ã Â¤Â¦Ã Â¥â¡Ã Â¤Â¶Ã Â¥â¹Ã Â¤â Ã Â¤â¢Ã Â¥â¬ Ã Â¤Â¸Ã Â¥ÂÃ Â¤Â¥Ã Â¤Â¿Ã Â¤Â¤Ã Â¤Â¿Ã Â¤Â¯Ã Â¥â¹Ã Â¤â Ã Â¤â¢Ã Â¥â¡ Ã Â¤â Ã Â¤Â²Ã Â¥â¹Ã Â¤â¢ Ã Â¤Â®Ã Â¥â¡Ã Â¤â Ã Â¤â¡Ã Â¤Â¸Ã Â¤â¢Ã Â¥â¬ Ã Â¤ÂµÃ Â¤Â¿Ã Â¤ÂµÃ Â¥â¡Ã Â¤Å¡Ã Â¤Â¨Ã Â¤Â¾ Ã Â¤â¢Ã Â¥â¬Ã Â¤ÅÃ Â¤Â¿Ã Â¤ÂÃ Â¥Â¤ (150 Ã Â¤Â¶Ã Â¤Â¬Ã Â¥ÂÃ Â¤Â¦) Ã¢â¬â 10 Why do large cities tend to attract more migrants than smaller towns? Discuss in the light of conditions in developing countries. (150 words) Ã¢â¬â 10,Why do large cities tend to attract more migrants than smaller towns? Discuss in the light of conditions in developing countries.,100.0,keep,true,aggregator,,,,,,,,,,,,,,,,,,
2024,GS1,daca2e9f-012e-46fc-8b10-b6df340b4200,6,GS1-Q6,17,GS1-Q17,'Ã Â¤Â¬Ã Â¤Â¾Ã Â¤Â¦Ã Â¤Â² Ã Â¤Â«Ã Â¤Å¸Ã Â¤Â¨Ã Â¥â¡' Ã Â¤â¢Ã Â¥â¬ Ã Â¤ÂªÃ Â¤Â°Ã Â¤Â¿Ã Â¤ËÃ Â¤Å¸Ã Â¤Â¨Ã Â¤Â¾ Ã Â¤â¢Ã Â¥ÂÃ Â¤Â¯Ã Â¤Â¾ Ã Â¤Â¹Ã Â¥Ë? Ã Â¤ÂµÃ Â¥ÂÃ Â¤Â¯Ã Â¤Â¾Ã Â¤âÃ Â¥ÂÃ Â¤Â¯Ã Â¤Â¾ Ã Â¤â¢Ã Â¥â¬Ã Â¤ÅÃ Â¤Â¿Ã Â¤ÂÃ Â¥Â¤ (150 Ã Â¤Â¶Ã Â¤Â¬Ã Â¥ÂÃ Â¤Â¦) Ã¢â¬â 10 What is the phenomenon of 'cloudbursts'? Explain. (150 words) Ã¢â¬â 10,What is the phenomenon of ‘cloudbursts’? Explain.,100.0,keep,true,aggregator,,,,,,,,,,,,,,,,,,
2024,GS1,daca2e9f-012e-46fc-8b10-b6df340b4200,7,GS1-Q7,10,GS1-Q10,'Ã Â¤ÅÃ Â¤Â¨Ã Â¤Â¸Ã Â¤Â¾Ã Â¤âÃ Â¤âÃ Â¥ÂÃ Â¤Â¯Ã Â¤Â¿Ã Â¤â¢Ã Â¥â¬Ã Â¤Â¯ Ã Â¤Â¶Ã Â¥â¬Ã Â¤Â¤ (Ã Â¤Â¡Ã Â¥â¡Ã Â¤Â®Ã Â¥â¹Ã Â¤âÃ Â¥ÂÃ Â¤Â°Ã Â¤Â¾Ã Â¤Â«Ã Â¤Â¿Ã Â¤â¢ Ã Â¤ÂµÃ Â¤Â¿Ã Â¤Â¨Ã Â¥ÂÃ Â¤Å¸Ã Â¤Â°)' Ã Â¤â¢Ã Â¥â¬ Ã Â¤â¦Ã Â¤ÂµÃ Â¤Â§Ã Â¤Â¾Ã Â¤Â°Ã Â¤Â£Ã Â¤Â¾ Ã Â¤â¢Ã Â¥ÂÃ Â¤Â¯Ã Â¤Â¾ Ã Â¤Â¹Ã Â¥Ë? Ã Â¤â¢Ã Â¥ÂÃ Â¤Â¯Ã Â¤Â¾ Ã Â¤Â¯Ã Â¤Â¹ Ã Â¤Â¦Ã Â¥ÂÃ Â¤Â¨Ã Â¤Â¿Ã Â¤Â¯Ã Â¤Â¾ Ã Â¤ÂÃ Â¤Â¸Ã Â¥â¬ Ã Â¤Â¸Ã Â¥ÂÃ Â¤Â¥Ã Â¤Â¿Ã Â¤Â¤Ã Â¤Â¿ Ã Â¤â¢Ã Â¥â¬ Ã Â¤âÃ Â¤Â° Ã Â¤â¦Ã Â¤âÃ Â¥ÂÃ Â¤Â°Ã Â¤Â¸Ã Â¤Â° Ã Â¤Â¹Ã Â¥Ë? Ã Â¤ÂµÃ Â¤Â¿Ã Â¤Â¸Ã Â¥ÂÃ Â¤Â¤Ã Â¤Â¾Ã Â¤Â° Ã Â¤Â¸Ã Â¥â¡ Ã Â¤Â¬Ã Â¤Â¤Ã Â¤Â¾Ã Â¤â¡Ã Â¤ÂÃ Â¥Â¤ (150 Ã Â¤Â¶Ã Â¤Â¬Ã Â¥ÂÃ Â¤Â¦) Ã¢â¬â 10 What is the concept of a 'demographic winter'? Is the world moving towards such a situation? Elaborate. (150 words) Ã¢â¬â 10,What is the concept of a ‘demographic winter’? Is the world moving towards such a situation? Elaborate.,100.0,keep,true,aggregator,,,,,,,,,,,,,,,,,,
2024,GS1,daca2e9f-012e-46fc-8b10-b6df340b4200,8,GS1-Q8,11,GS1-Q11,"Ã Â¤Â²Ã Â¥ËÃ Â¤âÃ Â¤âÃ Â¤Â¿Ã Â¤â¢ Ã Â¤Â¸Ã Â¤Â®Ã Â¤Â¾Ã Â¤Â¨Ã Â¤Â¤Ã Â¤Â¾, Ã Â¤Â²Ã Â¥ËÃ Â¤âÃ Â¤âÃ Â¤Â¿Ã Â¤â¢ Ã Â¤Â¨Ã Â¤Â¿Ã Â¤Â·Ã Â¥ÂÃ Â¤ÂªÃ Â¤â¢Ã Â¥ÂÃ Â¤Â·Ã Â¤Â¤Ã Â¤Â¾ Ã Â¤ÂÃ Â¤ÂµÃ Â¤â Ã Â¤Â®Ã Â¤Â¹Ã Â¤Â¿Ã Â¤Â²Ã Â¤Â¾ Ã Â¤Â¸Ã Â¤Â¶Ã Â¤â¢Ã Â¥ÂÃ Â¤Â¤Ã Â¤Â¿Ã Â¤â¢Ã Â¤Â°Ã Â¤Â£ Ã Â¤â¢Ã Â¥â¡ Ã Â¤Â¬Ã Â¥â¬Ã Â¤Å¡ Ã Â¤â¦Ã Â¤âÃ Â¤Â¤Ã Â¤Â° Ã Â¤â¢Ã Â¥â¹ Ã Â¤Â¸Ã Â¥ÂÃ Â¤ÂªÃ Â¤Â·Ã Â¥ÂÃ Â¤Å¸ Ã Â¤â¢Ã Â¥â¬Ã Â¤ÅÃ Â¤Â¿Ã Â¤ÂÃ Â¥Â¤ Ã Â¤â¢Ã Â¤Â¾Ã Â¤Â°Ã Â¥ÂÃ Â¤Â¯Ã Â¤â¢Ã Â¥ÂÃ Â¤Â°Ã Â¤Â® Ã Â¤â¢Ã Â¥â¬ Ã Â¤ÂªÃ Â¤Â°Ã Â¤Â¿Ã Â¤â¢Ã Â¤Â²Ã Â¥ÂÃ Â¤ÂªÃ Â¤Â¨Ã Â¤Â¾ Ã Â¤âÃ Â¤Â° Ã Â¤â¢Ã Â¤Â¾Ã Â¤Â°Ã Â¥ÂÃ Â¤Â¯Ã Â¤Â¾Ã Â¤Â¨Ã Â¥ÂÃ Â¤ÂµÃ Â¤Â¯Ã Â¤Â¨ Ã Â¤Â®Ã Â¥â¡Ã Â¤â Ã Â¤Â²Ã Â¥ËÃ Â¤âÃ Â¤âÃ Â¤Â¿Ã Â¤â¢ Ã Â¤Â¸Ã Â¤Â°Ã Â¥â¹Ã Â¤â¢Ã Â¤Â¾Ã Â¤Â°Ã Â¥â¹Ã Â¤â Ã Â¤â¢Ã Â¥â¹ Ã Â¤Â§Ã Â¥ÂÃ Â¤Â¯Ã Â¤Â¾Ã Â¤Â¨ Ã Â¤Â®Ã Â¥â¡Ã Â¤â Ã Â¤Â°Ã Â¤âÃ Â¤Â¨Ã Â¤Â¾ Ã Â¤â¢Ã Â¥ÂÃ Â¤Â¯Ã Â¥â¹Ã Â¤â Ã Â¤Â®Ã Â¤Â¹Ã Â¤Â¤Ã Â¥ÂÃ Â¤Â¤Ã Â¥ÂÃ Â¤ÂµÃ Â¤ÂªÃ Â¥âÃ Â¤Â°Ã Â¥ÂÃ Â¤Â£ Ã Â¤Â¹Ã Â¥Ë? (150 Ã Â¤Â¶Ã Â¤Â¬Ã Â¥ÂÃ Â¤Â¦) Ã¢â¬â 10 Distinguish between gender equality, gender equity and women's empowerment. Why is it important to take gender concerns into account in programme design and implementation? (150 words) Ã¢â¬â 10","Distinguish between gender equality, gender equity and women’s empowerment. Why is it important to take gender concerns into account in programme design and implementation?",99.4,keep,true,aggregator,,,,,,,,,,,,,,,,,,
2024,GS1,daca2e9f-012e-46fc-8b10-b6df340b4200,9,GS1-Q9,7,GS1-Q7,"Ã Â¤Â¸Ã Â¤Â®Ã Â¤Â¾Ã Â¤Â¨ Ã Â¤Â¸Ã Â¤Â¾Ã Â¤Â®Ã Â¤Â¾Ã Â¤ÅÃ Â¤Â¿Ã Â¤â¢-Ã Â¤â Ã Â¤Â°Ã Â¥ÂÃ Â¤Â¥Ã Â¤Â¿Ã Â¤â¢ Ã Â¤ÂªÃ Â¤â¢Ã Â¥ÂÃ Â¤Â· Ã Â¤ÂµÃ Â¤Â¾Ã Â¤Â²Ã Â¥â¬ Ã Â¤ÅÃ Â¤Â¾Ã Â¤Â¤Ã Â¤Â¿Ã Â¤Â¯Ã Â¥â¹Ã Â¤â Ã Â¤â¢Ã Â¥â¡ Ã Â¤Â¬Ã Â¥â¬Ã Â¤Å¡ Ã Â¤â¦Ã Â¤âÃ Â¤Â¤Ã Â¤Â°Ã Â¤ÅÃ Â¤Â¾Ã Â¤Â¤Ã Â¥â¬Ã Â¤Â¯ Ã Â¤ÂµÃ Â¤Â¿Ã Â¤ÂµÃ Â¤Â¾Ã Â¤Â¹ Ã Â¤â¢Ã Â¥ÂÃ Â¤âº Ã Â¤Â¹Ã Â¤Â¦ Ã Â¤Â¤Ã Â¤â¢ Ã Â¤Â¬Ã Â¤Â¢Ã Â¤Â¼Ã Â¥â¡ Ã Â¤Â¹Ã Â¥ËÃ Â¤â, Ã Â¤â¢Ã Â¤Â¿Ã Â¤Â¨Ã Â¥ÂÃ Â¤Â¤Ã Â¥Â Ã Â¤â¦Ã Â¤âÃ Â¤Â¤Ã Â¤Â°Ã Â¤Â§Ã Â¤Â¾Ã Â¤Â°Ã Â¥ÂÃ Â¤Â®Ã Â¤Â¿Ã Â¤â¢ Ã Â¤ÂµÃ Â¤Â¿Ã Â¤ÂµÃ Â¤Â¾Ã Â¤Â¹Ã Â¥â¹Ã Â¤â Ã Â¤â¢Ã Â¥â¡ Ã Â¤Â¬Ã Â¤Â¾Ã Â¤Â°Ã Â¥â¡ Ã Â¤Â®Ã Â¥â¡Ã Â¤â Ã Â¤Â¯Ã Â¤Â¹ Ã Â¤â¢Ã Â¤Â® Ã Â¤Â¸Ã Â¤Å¡ Ã Â¤Â¹Ã Â¥ËÃ Â¥Â¤ Ã Â¤ÂµÃ Â¤Â¿Ã Â¤ÂµÃ Â¥â¡Ã Â¤Å¡Ã Â¤Â¨Ã Â¤Â¾ Ã Â¤â¢Ã Â¥â¬Ã Â¤ÅÃ Â¤Â¿Ã Â¤ÂÃ Â¥Â¤ (150 Ã Â¤Â¶Ã Â¤Â¬Ã Â¥ÂÃ Â¤Â¦) Ã¢â¬â 10 Intercaste marriages between castes which have socio-economic parity have increased, to some extent, but this is less true of interreligious marriages. Discuss. (150 words) Ã¢â¬â 10","Intercaste marriages between castes which have socio-economic parity have increased, to some extent, but this is less true of interreligious marriages. Discuss.",100.0,keep,true,aggregator,,,,,,,,,,,,,,,,,,
2024,GS1,daca2e9f-012e-46fc-8b10-b6df340b4200,10,GS1-Q10,12,GS1-Q12,"Ã Â¤ÂµÃ Â¤Â¿Ã Â¤â¢Ã Â¤Â¾Ã Â¤Â¸ Ã Â¤â¢Ã Â¥â¡ Ã Â¤Â¸Ã Â¤Â¾Ã Â¤Â®Ã Â¤Â¾Ã Â¤ÅÃ Â¤Â¿Ã Â¤â¢-Ã Â¤â Ã Â¤Â°Ã Â¥ÂÃ Â¤Â¥Ã Â¤Â¿Ã Â¤â¢ Ã Â¤Â®Ã Â¥ÂÃ Â¤Â¦Ã Â¥ÂÃ Â¤Â¦Ã Â¥â¹Ã Â¤â Ã Â¤Â¸Ã Â¥â¡ Ã Â¤Â¨Ã Â¤Â¿Ã Â¤ÂªÃ Â¤Å¸Ã Â¤Â¨Ã Â¥â¡ Ã Â¤Â®Ã Â¥â¡Ã Â¤â Ã Â¤Â¸Ã Â¤Â°Ã Â¤â¢Ã Â¤Â¾Ã Â¤Â°, Ã Â¤âÃ Â¥ËÃ Â¤Â°-Ã Â¤Â¸Ã Â¤Â°Ã Â¤â¢Ã Â¤Â¾Ã Â¤Â°Ã Â¥â¬ Ã Â¤Â¸Ã Â¤âÃ Â¤âÃ Â¤Â Ã Â¤Â¨Ã Â¥â¹Ã Â¤â Ã Â¤ÂÃ Â¤ÂµÃ Â¤â Ã Â¤Â¨Ã Â¤Â¿Ã Â¤ÅÃ Â¥â¬ Ã Â¤â¢Ã Â¥ÂÃ Â¤Â·Ã Â¥â¡Ã Â¤Â¤Ã Â¥ÂÃ Â¤Â°Ã Â¥â¹Ã Â¤â Ã Â¤â¢Ã Â¥â¡ Ã Â¤Â¬Ã Â¥â¬Ã Â¤Å¡ Ã Â¤â¢Ã Â¤Â¿Ã Â¤Â¸ Ã Â¤ÂªÃ Â¥ÂÃ Â¤Â°Ã Â¤â¢Ã Â¤Â¾Ã Â¤Â° Ã Â¤â¢Ã Â¤Â¾ Ã Â¤Â¸Ã Â¤Â¹Ã Â¤Â¯Ã Â¥â¹Ã Â¤â Ã Â¤Â¸Ã Â¤Â°Ã Â¥ÂÃ Â¤ÂµÃ Â¤Â¾Ã Â¤Â§Ã Â¤Â¿Ã Â¤â¢ Ã Â¤â°Ã Â¤ÂªÃ Â¤Â¯Ã Â¥â¹Ã Â¤âÃ Â¥â¬ Ã Â¤Â¹Ã Â¥â¹Ã Â¤âÃ Â¤Â¾? (150 Ã Â¤Â¶Ã Â¤Â¬Ã Â¥ÂÃ Â¤Â¦) Ã¢â¬â 10 In dealing with socio-economic issues of development, what kind of collaboration between government, NGOs and private sector would be most productive? (150 words) Ã¢â¬â 10","In dealing with socio-economic issues of development, what kind of collaboration between government, NGOs and private sector would be most productive?",100.0,keep,true,aggregator,,,,,,,,,,,,,,,,,,
2024,GS1,daca2e9f-012e-46fc-8b10-b6df340b4200,11,GS1-Q11,3,GS1-Q3,"""Ã Â¤Â¹Ã Â¤Â¾Ã Â¤Â²Ã Â¤Â¾Ã Â¤ÂÃ Â¤â¢Ã Â¤Â¿ Ã Â¤Â®Ã Â¤Â¹Ã Â¤Â¾Ã Â¤Â¨ Ã Â¤Å¡Ã Â¥â¹Ã Â¤Â² Ã Â¤Â¶Ã Â¤Â¾Ã Â¤Â¸Ã Â¤â¢ Ã Â¤â¦Ã Â¤Â­Ã Â¥â¬ Ã Â¤Â®Ã Â¥ÅÃ Â¤ÅÃ Â¥âÃ Â¤Â¦ Ã Â¤Â¨Ã Â¤Â¹Ã Â¥â¬Ã Â¤â Ã Â¤Â¹Ã Â¥ËÃ Â¤â Ã Â¤Â²Ã Â¥â¡Ã Â¤â¢Ã Â¤Â¿Ã Â¤Â¨ Ã Â¤â°Ã Â¤Â¨Ã Â¤â¢Ã Â¥â¬ Ã Â¤â¢Ã Â¤Â²Ã Â¤Â¾ Ã Â¤Âµ Ã Â¤ÂµÃ Â¤Â¾Ã Â¤Â¸Ã Â¥ÂÃ Â¤Â¤Ã Â¥ÂÃ Â¤â¢Ã Â¤Â²Ã Â¤Â¾ Ã Â¤â¢Ã Â¥â¡ Ã Â¤â¢Ã Â¥ÂÃ Â¤Â·Ã Â¥â¡Ã Â¤Â¤Ã Â¥ÂÃ Â¤Â° Ã Â¤Â®Ã Â¥â¡Ã Â¤â Ã Â¤â°Ã Â¤Â¤Ã Â¥ÂÃ Â¤â¢Ã Â¥ÆÃ Â¤Â·Ã Â¥ÂÃ Â¤Å¸ Ã Â¤â°Ã Â¤ÂªÃ Â¤Â²Ã Â¤Â¬Ã Â¥ÂÃ Â¤Â§Ã Â¤Â¿Ã Â¤Â¯Ã Â¥â¹Ã Â¤â Ã Â¤â¢Ã Â¥â¡ Ã Â¤â¢Ã Â¤Â¾Ã Â¤Â°Ã Â¤Â£ Ã Â¤â¦Ã Â¤Â­Ã Â¥â¬ Ã Â¤Â­Ã Â¥â¬ Ã Â¤â°Ã Â¤Â¨Ã Â¥ÂÃ Â¤Â¹Ã Â¥â¡Ã Â¤â Ã Â¤Â¬Ã Â¤Â¹Ã Â¥ÂÃ Â¤Â¤ Ã Â¤âÃ Â¤Â°Ã Â¥ÂÃ Â¤Âµ Ã Â¤Â¸Ã Â¥â¡ Ã Â¤Â¯Ã Â¤Â¾Ã Â¤Â¦ Ã Â¤â¢Ã Â¤Â¿Ã Â¤Â¯Ã Â¤Â¾ Ã Â¤ÅÃ Â¤Â¾Ã Â¤Â¤Ã Â¤Â¾ Ã Â¤Â¹Ã Â¥ËÃ Â¥Â¤"" Ã Â¤Å¸Ã Â¤Â¿Ã Â¤ÂªÃ Â¥ÂÃ Â¤ÂªÃ Â¤Â£Ã Â¥â¬ Ã Â¤â¢Ã Â¥â¬Ã Â¤ÅÃ Â¤Â¿Ã Â¤ÂÃ Â¥Â¤ (250 Ã Â¤Â¶Ã Â¤Â¬Ã Â¥ÂÃ Â¤Â¦) Ã¢â¬â 15 ""Though the great Cholas are no more yet their name is still remembered with great pride because of their highest achievements in the domain of art and architecture."" Comment. (250 words) Ã¢â¬â 15","Though the great Cholas are no more, yet their name is still remembered with great pride because of their highest achievements in the domain of art and architecture.” Comment.",100.0,keep,true,aggregator,,,,,,,,,,,,,,,,,,
2024,GS1,daca2e9f-012e-46fc-8b10-b6df340b4200,12,GS1-Q12,6,GS1-Q6,Ã Â¤Â¯Ã Â¤Â¹ Ã Â¤â¢Ã Â¤Â¹Ã Â¤Â¨Ã Â¤Â¾ Ã Â¤â¢Ã Â¤Â¹Ã Â¤Â¾Ã Â¤Â Ã Â¤Â¤Ã Â¤â¢ Ã Â¤â°Ã Â¤Å¡Ã Â¤Â¿Ã Â¤Â¤ Ã Â¤Â¹Ã Â¥Ë Ã Â¤â¢Ã Â¤Â¿ Ã Â¤ÂªÃ Â¥ÂÃ Â¤Â°Ã Â¤Â¥Ã Â¤Â® Ã Â¤ÂµÃ Â¤Â¿Ã Â¤Â¶Ã Â¥ÂÃ Â¤ÂµÃ Â¤Â¯Ã Â¥ÂÃ Â¤Â¦Ã Â¥ÂÃ Â¤Â§ Ã Â¤Â®Ã Â¥âÃ Â¤Â²Ã Â¤Â¤Ã Â¤Æ Ã Â¤Â¶Ã Â¤â¢Ã Â¥ÂÃ Â¤Â¤Ã Â¤Â¿-Ã Â¤Â¸Ã Â¤âÃ Â¤Â¤Ã Â¥ÂÃ Â¤Â²Ã Â¤Â¨ Ã Â¤â¢Ã Â¥â¹ Ã Â¤Â¬Ã Â¤Â¨Ã Â¤Â¾Ã Â¤Â Ã Â¤Â°Ã Â¤âÃ Â¤Â¨Ã Â¥â¡ Ã Â¤â¢Ã Â¥â¡ Ã Â¤Â²Ã Â¤Â¿Ã Â¤Â Ã Â¤Â²Ã Â¤Â¡Ã Â¤Â¼Ã Â¤Â¾ Ã Â¤âÃ Â¤Â¯Ã Â¤Â¾ Ã Â¤Â¥Ã Â¤Â¾? (250 Ã Â¤Â¶Ã Â¤Â¬Ã Â¥ÂÃ Â¤Â¦) Ã¢â¬â 15 How far is it correct to say that the First World War was fought essentially for the preservation of balance of power? (250 words) Ã¢â¬â 15,How far is it correct to say that the First World War was fought essentially for the preservation of balance of power?,100.0,keep,true,aggregator,,,,,,,,,,,,,,,,,,
2024,GS1,daca2e9f-012e-46fc-8b10-b6df340b4200,13,GS1-Q13,5,GS1-Q5,Ã Â¤Â­Ã Â¤Â¾Ã Â¤Â°Ã Â¤Â¤ Ã Â¤Â®Ã Â¥â¡Ã Â¤â Ã Â¤Â¹Ã Â¤Â¸Ã Â¥ÂÃ Â¤Â¤Ã Â¤Â¶Ã Â¤Â¿Ã Â¤Â²Ã Â¥ÂÃ Â¤Âª Ã Â¤âÃ Â¤Â° Ã Â¤â¢Ã Â¥ÂÃ Â¤Å¸Ã Â¥â¬Ã Â¤Â° Ã Â¤â°Ã Â¤Â¦Ã Â¥ÂÃ Â¤Â¯Ã Â¥â¹Ã Â¤âÃ Â¥â¹Ã Â¤â Ã Â¤â¢Ã Â¥â¡ Ã Â¤Â¹Ã Â¤Â¾Ã Â¤Â¸ Ã Â¤â¢Ã Â¥â¡ Ã Â¤Â²Ã Â¤Â¿Ã Â¤Â Ã Â¤â¡Ã Â¤âÃ Â¤âÃ Â¥ÂÃ Â¤Â²Ã Â¥ËÃ Â¤âÃ Â¤Â¡ Ã Â¤â¢Ã Â¥â¬ Ã Â¤âÃ Â¤Â¦Ã Â¥ÂÃ Â¤Â¯Ã Â¥â¹Ã Â¤âÃ Â¤Â¿Ã Â¤â¢ Ã Â¤â¢Ã Â¥ÂÃ Â¤Â°Ã Â¤Â¾Ã Â¤Â¨Ã Â¥ÂÃ Â¤Â¤Ã Â¤Â¿ Ã Â¤â¢Ã Â¤Â¹Ã Â¤Â¾Ã Â¤Â Ã Â¤Â¤Ã Â¤â¢ Ã Â¤â°Ã Â¤Â¤Ã Â¥ÂÃ Â¤Â¤Ã Â¤Â°Ã Â¤Â¦Ã Â¤Â¾Ã Â¤Â¯Ã Â¥â¬ Ã Â¤Â¥Ã Â¥â¬? (250 Ã Â¤Â¶Ã Â¤Â¬Ã Â¥ÂÃ Â¤Â¦) Ã¢â¬â 15 How far was the Industrial Revolution in England responsible for the decline of handicrafts and cottage industries in India? (250 words) Ã¢â¬â 15,How far was the Industrial Revolution in England responsible for the decline of handicrafts and cottage industries in India?,100.0,keep,true,aggregator,,,,,,,,,,,,,,,,,,
2024,GS1,daca2e9f-012e-46fc-8b10-b6df340b4200,14,GS1-Q14,20,GS1-Q20,Ã Â¤âÃ Â¤âÃ Â¤âÃ Â¤Â¾ Ã Â¤ËÃ Â¤Â¾Ã Â¤Å¸Ã Â¥â¬ Ã Â¤â¢Ã Â¥â¬ Ã Â¤Â­Ã Â¥âÃ Â¤ÅÃ Â¤Â² Ã Â¤â¢Ã Â¥ÂÃ Â¤Â·Ã Â¤Â®Ã Â¤Â¤Ã Â¤Â¾ Ã Â¤Â®Ã Â¥â¡Ã Â¤â Ã Â¤âÃ Â¤âÃ Â¤Â­Ã Â¥â¬Ã Â¤Â° Ã Â¤âÃ Â¤Â¿Ã Â¤Â°Ã Â¤Â¾Ã Â¤ÂµÃ Â¤Å¸ Ã Â¤â  Ã Â¤Â°Ã Â¤Â¹Ã Â¥â¬ Ã Â¤Â¹Ã Â¥ËÃ Â¥Â¤ Ã Â¤Â¯Ã Â¤Â¹ Ã Â¤Â­Ã Â¤Â¾Ã Â¤Â°Ã Â¤Â¤ Ã Â¤â¢Ã Â¥â¬ Ã Â¤âÃ Â¤Â¾Ã Â¤Â¦Ã Â¥ÂÃ Â¤Â¯-Ã Â¤Â¸Ã Â¥ÂÃ Â¤Â°Ã Â¤â¢Ã Â¥ÂÃ Â¤Â·Ã Â¤Â¾ Ã Â¤â¢Ã Â¥â¹ Ã Â¤â¢Ã Â¥ËÃ Â¤Â¸Ã Â¥â¡ Ã Â¤ÂªÃ Â¥ÂÃ Â¤Â°Ã Â¤Â­Ã Â¤Â¾Ã Â¤ÂµÃ Â¤Â¿Ã Â¤Â¤ Ã Â¤â¢Ã Â¤Â° Ã Â¤Â¸Ã Â¤â¢Ã Â¤Â¤Ã Â¥â¬ Ã Â¤Â¹Ã Â¥Ë? (250 Ã Â¤Â¶Ã Â¤Â¬Ã Â¥ÂÃ Â¤Â¦) Ã¢â¬â 15 The groundwater potential of the gangetic valley is on a serious decline. How may it affect the food security of India? (250 words) Ã¢â¬â 15,The groundwater potential of the gangetic valley is on a serious decline. How may it affect the food security of India?,100.0,keep,true,aggregator,,,,,,,,,,,,,,,,,,
2024,GS1,daca2e9f-012e-46fc-8b10-b6df340b4200,15,GS1-Q15,18,GS1-Q18,Ã Â¤âÃ Â¤Â°Ã Â¥â¹Ã Â¤Â°Ã Â¤Â¾ Ã Â¤âÃ Â¤Â¸Ã Â¥ÂÃ Â¤Å¸Ã Â¥ÂÃ Â¤Â°Ã Â¥â¡Ã Â¤Â²Ã Â¤Â¿Ã Â¤Â¸ Ã Â¤âÃ Â¤Â° Ã Â¤âÃ Â¤Â°Ã Â¥â¹Ã Â¤Â°Ã Â¤Â¾ Ã Â¤Â¬Ã Â¥â¹Ã Â¤Â°Ã Â¤Â¿Ã Â¤Â¯Ã Â¤Â¾Ã Â¤Â²Ã Â¤Â¿Ã Â¤Â¸ Ã Â¤â¢Ã Â¥ÂÃ Â¤Â¯Ã Â¤Â¾ Ã Â¤Â¹Ã Â¥ËÃ Â¤â? Ã Â¤Â¯Ã Â¥â¡ Ã Â¤â¢Ã Â¥ËÃ Â¤Â¸Ã Â¥â¡ Ã Â¤â°Ã Â¤Â¤Ã Â¥ÂÃ Â¤ÂªÃ Â¥ÂÃ Â¤Â°Ã Â¥â¡Ã Â¤Â°Ã Â¤Â¿Ã Â¤Â¤ Ã Â¤Â¹Ã Â¥â¹Ã Â¤Â¤Ã Â¥â¡ Ã Â¤Â¹Ã Â¥ËÃ Â¤â? (250 Ã Â¤Â¶Ã Â¤Â¬Ã Â¥ÂÃ Â¤Â¦) Ã¢â¬â 15 What are aurora australis and aurora borealis? How are these triggered? (250 words) Ã¢â¬â 15,What are aurora australis and aurora borealis? How are these triggered?,100.0,keep,true,aggregator,,,,,,,,,,,,,,,,,,
2024,GS1,daca2e9f-012e-46fc-8b10-b6df340b4200,16,GS1-Q16,19,GS1-Q19,Ã Â¤Å¸Ã Â¥ÂÃ Â¤ÂµÃ Â¤Â¿Ã Â¤Â¸Ã Â¥ÂÃ Â¤Å¸Ã Â¤Â° Ã Â¤â¢Ã Â¥ÂÃ Â¤Â¯Ã Â¤Â¾ Ã Â¤Â¹Ã Â¥Ë? Ã Â¤Â®Ã Â¥â¡Ã Â¤â¢Ã Â¥ÂÃ Â¤Â¸Ã Â¤Â¿Ã Â¤â¢Ã Â¥â¹ Ã Â¤â¢Ã Â¥â¬ Ã Â¤âÃ Â¤Â¾Ã Â¤Â¡Ã Â¤Â¼Ã Â¥â¬ Ã Â¤â¢Ã Â¥â¡ Ã Â¤â Ã Â¤Â¸Ã Â¤ÂªÃ Â¤Â¾Ã Â¤Â¸ Ã Â¤â¢Ã Â¥â¡ Ã Â¤â¢Ã Â¥ÂÃ Â¤Â·Ã Â¥â¡Ã Â¤Â¤Ã Â¥ÂÃ Â¤Â°Ã Â¥â¹Ã Â¤â Ã Â¤Â®Ã Â¥â¡Ã Â¤â Ã Â¤â¦Ã Â¤Â§Ã Â¤Â¿Ã Â¤â¢Ã Â¤Â¤Ã Â¤Â° Ã Â¤Å¸Ã Â¥ÂÃ Â¤ÂµÃ Â¤Â¿Ã Â¤Â¸Ã Â¥ÂÃ Â¤Å¸Ã Â¤Â° Ã Â¤â¢Ã Â¥ÂÃ Â¤Â¯Ã Â¥â¹Ã Â¤â Ã Â¤Â¦Ã Â¥â¡Ã Â¤âÃ Â¥â¡ Ã Â¤ÅÃ Â¤Â¾Ã Â¤Â¤Ã Â¥â¡ Ã Â¤Â¹Ã Â¥ËÃ Â¤â? (250 Ã Â¤Â¶Ã Â¤Â¬Ã Â¥ÂÃ Â¤Â¦) Ã¢â¬â 15 What is a twister? Why are the majority of twisters observed in areas around the Gulf of Mexico? (250 words) Ã¢â¬â 15,What is a twister? Why are the majority of twisters observed in areas around the Gulf of Mexico?,100.0,keep,true,aggregator,,,,,,,,,,,,,,,,,,
2024,GS1,daca2e9f-012e-46fc-8b10-b6df340b4200,17,GS1-Q17,14,GS1-Q14,Ã Â¤â¢Ã Â¥ÂÃ Â¤Â·Ã Â¥â¡Ã Â¤Â¤Ã Â¥ÂÃ Â¤Â°Ã Â¥â¬Ã Â¤Â¯ Ã Â¤â¦Ã Â¤Â¸Ã Â¤Â®Ã Â¤Â¾Ã Â¤Â¨Ã Â¤Â¤Ã Â¤Â¾ Ã Â¤â¢Ã Â¥ÂÃ Â¤Â¯Ã Â¤Â¾ Ã Â¤Â¹Ã Â¥Ë? Ã Â¤Â¯Ã Â¤Â¹ Ã Â¤ÂµÃ Â¤Â¿Ã Â¤ÂµÃ Â¤Â¿Ã Â¤Â§Ã Â¤Â¤Ã Â¤Â¾ Ã Â¤Â¸Ã Â¥â¡ Ã Â¤â¢Ã Â¤Â¿Ã Â¤Â¸ Ã Â¤ÂªÃ Â¥ÂÃ Â¤Â°Ã Â¤â¢Ã Â¤Â¾Ã Â¤Â° Ã Â¤Â­Ã Â¤Â¿Ã Â¤Â¨Ã Â¥ÂÃ Â¤Â¨ Ã Â¤Â¹Ã Â¥Ë? Ã Â¤Â­Ã Â¤Â¾Ã Â¤Â°Ã Â¤Â¤ Ã Â¤Â®Ã Â¥â¡Ã Â¤â Ã Â¤â¢Ã Â¥ÂÃ Â¤Â·Ã Â¥â¡Ã Â¤Â¤Ã Â¥ÂÃ Â¤Â°Ã Â¥â¬Ã Â¤Â¯ Ã Â¤â¦Ã Â¤Â¸Ã Â¤Â®Ã Â¤Â¾Ã Â¤Â¨Ã Â¤Â¤Ã Â¤Â¾ Ã Â¤â¢Ã Â¤Â¾ Ã Â¤Â®Ã Â¥ÂÃ Â¤Â¦Ã Â¥ÂÃ Â¤Â¦Ã Â¤Â¾ Ã Â¤â¢Ã Â¤Â¿Ã Â¤Â¤Ã Â¤Â¨Ã Â¤Â¾ Ã Â¤âÃ Â¤âÃ Â¤Â­Ã Â¥â¬Ã Â¤Â° Ã Â¤Â¹Ã Â¥Ë? (250 Ã Â¤Â¶Ã Â¤Â¬Ã Â¥ÂÃ Â¤Â¦) Ã¢â¬â 15 What is regional disparity? How does it differ from diversity? How serious is the issue of regional disparity in India? (250 words) Ã¢â¬â 15,What is regional disparity? How does it differ from diversity? How serious is the issue of regional disparity in India.,100.0,keep,true,aggregator,,,,,,,,,,,,,,,,,,
2024,GS1,daca2e9f-012e-46fc-8b10-b6df340b4200,18,GS1-Q18,15,GS1-Q15,"Ã Â¤Â¸Ã Â¤Â®Ã Â¤Â¾Ã Â¤Â¨Ã Â¤Â¤Ã Â¤Â¾ Ã Â¤âÃ Â¤Â° Ã Â¤Â¸Ã Â¤Â¾Ã Â¤Â®Ã Â¤Â¾Ã Â¤ÅÃ Â¤Â¿Ã Â¤â¢ Ã Â¤Â¨Ã Â¥ÂÃ Â¤Â¯Ã Â¤Â¾Ã Â¤Â¯ Ã Â¤â¢Ã Â¥â¬ Ã Â¤ÂµÃ Â¥ÂÃ Â¤Â¯Ã Â¤Â¾Ã Â¤ÂªÃ Â¤â¢ Ã Â¤Â¨Ã Â¥â¬Ã Â¤Â¤Ã Â¤Â¿Ã Â¤Â¯Ã Â¥â¹Ã Â¤â Ã Â¤â¢Ã Â¥â¡ Ã Â¤Â¬Ã Â¤Â¾Ã Â¤ÂµÃ Â¤ÅÃ Â¥âÃ Â¤Â¦, Ã Â¤â¦Ã Â¤Â­Ã Â¥â¬ Ã Â¤Â¤Ã Â¤â¢ Ã Â¤ÂµÃ Â¤âÃ Â¤Å¡Ã Â¤Â¿Ã Â¤Â¤ Ã Â¤ÂµÃ Â¤Â°Ã Â¥ÂÃ Â¤âÃ Â¥â¹Ã Â¤â Ã Â¤â¢Ã Â¥â¹ Ã Â¤Â¸Ã Â¤âÃ Â¤ÂµÃ Â¤Â¿Ã Â¤Â§Ã Â¤Â¾Ã Â¤Â¨ Ã Â¤Â¦Ã Â¥ÂÃ Â¤ÂµÃ Â¤Â¾Ã Â¤Â°Ã Â¤Â¾ Ã Â¤ÂªÃ Â¤Â°Ã Â¤Â¿Ã Â¤â¢Ã Â¤Â²Ã Â¥ÂÃ Â¤ÂªÃ Â¤Â¿Ã Â¤Â¤ Ã Â¤Â¸Ã Â¤â¢Ã Â¤Â¾Ã Â¤Â°Ã Â¤Â¾Ã Â¤Â¤Ã Â¥ÂÃ Â¤Â®Ã Â¤â¢ Ã Â¤â¢Ã Â¤Â¾Ã Â¤Â°Ã Â¥ÂÃ Â¤Â°Ã Â¤ÂµÃ Â¤Â¾Ã Â¤Ë Ã Â¤â¢Ã Â¤Â¾ Ã Â¤ÂªÃ Â¥âÃ Â¤Â°Ã Â¤Â¾ Ã Â¤Â²Ã Â¤Â¾Ã Â¤Â­ Ã Â¤Â¨Ã Â¤Â¹Ã Â¥â¬Ã Â¤â Ã Â¤Â®Ã Â¤Â¿Ã Â¤Â² Ã Â¤Â°Ã Â¤Â¹Ã Â¤Â¾ Ã Â¤Â¹Ã Â¥ËÃ Â¥Â¤ Ã Â¤Å¸Ã Â¤Â¿Ã Â¤ÂªÃ Â¥ÂÃ Â¤ÂªÃ Â¤Â£Ã Â¥â¬ Ã Â¤â¢Ã Â¥â¬Ã Â¤ÅÃ Â¤Â¿Ã Â¤ÂÃ Â¥Â¤ (250 Ã Â¤Â¶Ã Â¤Â¬Ã Â¥ÂÃ Â¤Â¦) Ã¢â¬â 15 Despite comprehensive policies for equity and social justice, underprivileged sections are not yet getting the full benefits of affirmative action envisaged by the Constitution. Comment. (250 words) Ã¢â¬â 15","Despite comprehensive policies for equity and social justice, underprivileged sections are not yet getting the full benefits of affirmative action envisaged by the Constitution. Comment.",100.0,keep,true,aggregator,,,,,,,,,,,,,,,,,,
2024,GS1,daca2e9f-012e-46fc-8b10-b6df340b4200,19,GS1-Q19,13,GS1-Q13,"Ã Â¤ÂµÃ Â¥ËÃ Â¤Â¶Ã Â¥ÂÃ Â¤ÂµÃ Â¥â¬Ã Â¤â¢Ã Â¤Â°Ã Â¤Â£ Ã Â¤Â¨Ã Â¥â¡ Ã Â¤ÂµÃ Â¤Â¿Ã Â¤Â­Ã Â¤Â¿Ã Â¤Â¨Ã Â¥ÂÃ Â¤Â¨ Ã Â¤ÂµÃ Â¤Â°Ã Â¥ÂÃ Â¤âÃ Â¥â¹Ã Â¤â Ã Â¤â¢Ã Â¥â¬ Ã Â¤â¢Ã Â¥ÂÃ Â¤Â¶Ã Â¤Â², Ã Â¤Â¯Ã Â¥ÂÃ Â¤ÂµÃ Â¤Â¾ Ã Â¤ÂÃ Â¤ÂµÃ Â¤â Ã Â¤â¦Ã Â¤ÂµÃ Â¤Â¿Ã Â¤ÂµÃ Â¤Â¾Ã Â¤Â¹Ã Â¤Â¿Ã Â¤Â¤ Ã Â¤Â®Ã Â¤Â¹Ã Â¤Â¿Ã Â¤Â²Ã Â¤Â¾Ã Â¤âÃ Â¤â Ã Â¤Â¦Ã Â¥ÂÃ Â¤ÂµÃ Â¤Â¾Ã Â¤Â°Ã Â¤Â¾ Ã Â¤Â¶Ã Â¤Â¹Ã Â¤Â°Ã Â¥â¬ Ã Â¤ÂªÃ Â¥ÂÃ Â¤Â°Ã Â¤ÂµÃ Â¤Â¾Ã Â¤Â¸ Ã Â¤Â®Ã Â¥â¡Ã Â¤â Ã Â¤ÂµÃ Â¥ÆÃ Â¤Â¦Ã Â¥ÂÃ Â¤Â§Ã Â¤Â¿ Ã Â¤â¢Ã Â¥â¬ Ã Â¤Â¹Ã Â¥ËÃ Â¥Â¤ Ã Â¤â¡Ã Â¤Â¸ Ã Â¤ÂªÃ Â¥ÂÃ Â¤Â°Ã Â¤ÂµÃ Â¥ÆÃ Â¤Â¤Ã Â¥ÂÃ Â¤Â¤Ã Â¤Â¿ Ã Â¤Â¨Ã Â¥â¡ Ã Â¤â°Ã Â¤Â¨Ã Â¤â¢Ã Â¥â¬ Ã Â¤ÂµÃ Â¥ÂÃ Â¤Â¯Ã Â¤â¢Ã Â¥ÂÃ Â¤Â¤Ã Â¤Â¿Ã Â¤âÃ Â¤Â¤ Ã Â¤Â¸Ã Â¥ÂÃ Â¤ÂµÃ Â¤Â¤Ã Â¤âÃ Â¤Â¤Ã Â¥ÂÃ Â¤Â°Ã Â¤Â¤Ã Â¤Â¾ Ã Â¤ÂÃ Â¤ÂµÃ Â¤â Ã Â¤ÂªÃ Â¤Â°Ã Â¤Â¿Ã Â¤ÂµÃ Â¤Â¾Ã Â¤Â° Ã Â¤â¢Ã Â¥â¡ Ã Â¤Â¸Ã Â¤Â¾Ã Â¤Â¥ Ã Â¤Â¸Ã Â¤âÃ Â¤Â¬Ã Â¤âÃ Â¤Â§Ã Â¥â¹Ã Â¤â Ã Â¤ÂªÃ Â¤Â° Ã Â¤â¢Ã Â¥ÂÃ Â¤Â¯Ã Â¤Â¾ Ã Â¤ÂªÃ Â¥ÂÃ Â¤Â°Ã Â¤Â­Ã Â¤Â¾Ã Â¤Âµ Ã Â¤Â¡Ã Â¤Â¾Ã Â¤Â²Ã Â¤Â¾ Ã Â¤Â¹Ã Â¥Ë? (250 Ã Â¤Â¶Ã Â¤Â¬Ã Â¥ÂÃ Â¤Â¦) Ã¢â¬â 15 Globalization has increased urban migration by skilled, young, unmarried women from various classes. How has this trend impacted upon their personal freedom and relationship with family? (250 words) Ã¢â¬â 15","Globalization has increased urban migration by skilled, young, unmarried women from various classes. How has this trend impacted upon their personal freedom and relationship with family?",100.0,keep,true,aggregator,,,,,,,,,,,,,,,,,,
2024,GS1,daca2e9f-012e-46fc-8b10-b6df340b4200,20,GS1-Q20,8,GS1-Q8,Ã Â¤â¡Ã Â¤Â¸ Ã Â¤â¦Ã Â¤Â­Ã Â¤Â¿Ã Â¤Â®Ã Â¤Â¤ Ã Â¤â¢Ã Â¤Â¾ Ã Â¤â Ã Â¤Â²Ã Â¥â¹Ã Â¤Å¡Ã Â¤Â¨Ã Â¤Â¾Ã Â¤Â¤Ã Â¥ÂÃ Â¤Â®Ã Â¤â¢ Ã Â¤ÂµÃ Â¤Â¿Ã Â¤Â¶Ã Â¥ÂÃ Â¤Â²Ã Â¥â¡Ã Â¤Â·Ã Â¤Â£ Ã Â¤â¢Ã Â¥â¬Ã Â¤ÅÃ Â¤Â¿Ã Â¤Â Ã Â¤â¢Ã Â¤Â¿ Ã Â¤Â­Ã Â¤Â¾Ã Â¤Â°Ã Â¤Â¤ Ã Â¤â¢Ã Â¥â¬ Ã Â¤Â¸Ã Â¤Â¾Ã Â¤âÃ Â¤Â¸Ã Â¥ÂÃ Â¤â¢Ã Â¥ÆÃ Â¤Â¤Ã Â¤Â¿Ã Â¤â¢ Ã Â¤ÂµÃ Â¤Â¿Ã Â¤ÂµÃ Â¤Â¿Ã Â¤Â§Ã Â¤Â¤Ã Â¤Â¾ Ã Â¤âÃ Â¤Â° Ã Â¤Â¸Ã Â¤Â¾Ã Â¤Â®Ã Â¤Â¾Ã Â¤ÅÃ Â¤Â¿Ã Â¤â¢-Ã Â¤â Ã Â¤Â°Ã Â¥ÂÃ Â¤Â¥Ã Â¤Â¿Ã Â¤â¢ Ã Â¤Â¸Ã Â¥â¬Ã Â¤Â®Ã Â¤Â¾Ã Â¤âÃ Â¤Â¤Ã Â¤Â¤Ã Â¤Â¾Ã Â¤âÃ Â¤â Ã Â¤â¢Ã Â¥â¡ Ã Â¤Â¬Ã Â¥â¬Ã Â¤Å¡ Ã Â¤ÂÃ Â¤â¢ Ã Â¤âÃ Â¤Â¹Ã Â¤Â°Ã Â¤Â¾ Ã Â¤Â¸Ã Â¤Â¹Ã Â¤Â¸Ã Â¤âÃ Â¤Â¬Ã Â¤âÃ Â¤Â§ Ã Â¤Â¹Ã Â¥ËÃ Â¥Â¤ (250 Ã Â¤Â¶Ã Â¤Â¬Ã Â¥ÂÃ Â¤Â¦) Ã¢â¬â 15 Critically analyse the proposition that there is a high correlation between India's cultural diversities and socio-economic marginalities. (250 words) Ã¢â¬â 15,Critically analyse the proposition that there is a high correlation between India’s cultural diversities and socio-economic marginalities.,99.3,keep,true,aggregator,,,,,,,,,,,,,,,,,,
2024,GS2,d332fcad-6750-4542-af0a-3f203f819096,21,GS2-Q1,7,GS2-Q7,"Ã Â¤Å¡Ã Â¥ÂÃ Â¤Â¨Ã Â¤Â¾Ã Â¤Âµ Ã Â¤Â¸Ã Â¥ÂÃ Â¤Â§Ã Â¤Â¾Ã Â¤Â°, ""Ã Â¤ÂÃ Â¤â¢ Ã Â¤Â°Ã Â¤Â¾Ã Â¤Â·Ã Â¥ÂÃ Â¤Å¸Ã Â¥ÂÃ Â¤Â°-Ã Â¤ÂÃ Â¤â¢ Ã Â¤Å¡Ã Â¥ÂÃ Â¤Â¨Ã Â¤Â¾Ã Â¤Âµ"" Ã Â¤Â¸Ã Â¤âÃ Â¤Â¦Ã Â¤Â°Ã Â¥ÂÃ Â¤Â­ Ã Â¤Â®Ã Â¥â¡Ã Â¤â Ã Â¤ÅÃ Â¤Â¾Ã Â¤âÃ Â¤Å¡Ã Â¥â¹Ã Â¥Â¤ (150 Ã Â¤Â¶Ã Â¤Â¬Ã Â¥ÂÃ Â¤Â¦) Ã¢â¬â 10 Examine need for electoral reforms w.r.t. ""one nation-one election"". (150 words) Ã¢â¬â 10",Examine the need for electoral reforms as suggested by various committees with particular reference to “one nation – one election” principle.,60.8,review,true,aggregator,,,,,,,,,,,,,,,,,,
2024,GS2,d332fcad-6750-4542-af0a-3f203f819096,22,GS2-Q2,8,GS2-Q8,"Ã Â¤Â²Ã Â¥â¹Ã Â¤â¢ Ã Â¤â¦Ã Â¤Â¦Ã Â¤Â¾Ã Â¤Â²Ã Â¤Â¤ Ã Â¤Âµ Ã Â¤Â®Ã Â¤Â§Ã Â¥ÂÃ Â¤Â¯Ã Â¤Â¸Ã Â¥ÂÃ Â¤Â¥Ã Â¤Â¤Ã Â¤Â¾ Ã Â¤â¦Ã Â¤Â§Ã Â¤Â¿Ã Â¤â¢Ã Â¤Â°Ã Â¤Â£ Ã Â¤Â¸Ã Â¤Â®Ã Â¤ÂÃ Â¤Â¾Ã Â¤â, Ã Â¤â¦Ã Â¤âÃ Â¤Â¤Ã Â¤Â° Ã Â¤Â¬Ã Â¤Â¤Ã Â¤Â¾Ã Â¤âÃ Â¥Â¤ Ã Â¤Â¦Ã Â¥â¬Ã Â¤ÂµÃ Â¤Â¾Ã Â¤Â¨Ã Â¥â¬ Ã Â¤Âµ Ã Â¤â Ã Â¤ÂªÃ Â¤Â°Ã Â¤Â¾Ã Â¤Â§Ã Â¤Â¿Ã Â¤â¢ Ã Â¤Â¦Ã Â¥â¹Ã Â¤Â¨Ã Â¥â¹Ã Â¤â Ã Â¤Â®Ã Â¤Â¾Ã Â¤Â®Ã Â¤Â²Ã Â¥â¡ Ã Â¤Â²Ã Â¥â¡Ã Â¤Â¤Ã Â¥â¡ Ã Â¤Â¹Ã Â¥ËÃ Â¤â? (150 Ã Â¤Â¶Ã Â¤Â¬Ã Â¥ÂÃ Â¤Â¦) Ã¢â¬â 10 Explain & distinguish Lok Adalats and Arbitration Tribunals. Civil and criminal cases both? (150 words) Ã¢â¬â 10",Explain and distinguish between Lok Adalats and Arbitration Tribunals. Whether they entertain civil as well as criminal cases?,70.2,review,true,aggregator,,,,,,,,,,,,,,,,,,
2024,GS2,d332fcad-6750-4542-af0a-3f203f819096,23,GS2-Q3,5,GS2-Q5,"""Ã Â¤â¢Ã Â¥ËÃ Â¤Â¬Ã Â¤Â¿Ã Â¤Â¨Ã Â¥â¡Ã Â¤Å¸ Ã Â¤ÂªÃ Â¥ÂÃ Â¤Â°Ã Â¤Â£Ã Â¤Â¾Ã Â¤Â²Ã Â¥â¬ Ã Â¤Â¸Ã Â¥â¡ Ã Â¤Â¸Ã Â¤âÃ Â¤Â¸Ã Â¤Â¦Ã Â¥â¬Ã Â¤Â¯ Ã Â¤Â¸Ã Â¤Â°Ã Â¥ÂÃ Â¤ÂµÃ Â¥â¹Ã Â¤Å¡Ã Â¥ÂÃ Â¤Å¡Ã Â¤Â¤Ã Â¤Â¾ Ã Â¤Â¹Ã Â¤Â¾Ã Â¤Â¶Ã Â¤Â¿Ã Â¤Â¯Ã Â¥â¡ Ã Â¤ÂªÃ Â¤Â° Ã Â¤âÃ Â¤ËÃ Â¥Â¤"" Ã Â¤Â¸Ã Â¥ÂÃ Â¤ÂªÃ Â¤Â·Ã Â¥ÂÃ Â¤Å¸ Ã Â¤â¢Ã Â¤Â°Ã Â¥â¹Ã Â¥Â¤ (150 Ã Â¤Â¶Ã Â¤Â¬Ã Â¥ÂÃ Â¤Â¦) Ã¢â¬â 10 ""Growth of cabinet system has marginalised parliamentary supremacy."" Elucidate. (150 words) Ã¢â¬â 10",“The growth of cabinet system has practically resulted in the marginalisation of the parliamentary supremacy.” Elucidate.,71.4,review,true,aggregator,,,,,,,,,,,,,,,,,,
2024,GS2,d332fcad-6750-4542-af0a-3f203f819096,24,GS2-Q4,,,"""CAG Ã Â¤â¢Ã Â¤Â¾ Ã Â¤â¢Ã Â¤Â°Ã Â¥ÂÃ Â¤Â¤Ã Â¤ÂµÃ Â¥ÂÃ Â¤Â¯ Ã Â¤ÂµÃ Â¥ÂÃ Â¤Â¯Ã Â¤Â¯ Ã Â¤ÂµÃ Â¥ËÃ Â¤Â§Ã Â¤Â¤Ã Â¤Â¾ Ã Â¤Â¹Ã Â¥â¬ Ã Â¤Â¨Ã Â¤Â¹Ã Â¥â¬Ã Â¤â, Ã Â¤âÃ Â¤Å¡Ã Â¤Â¿Ã Â¤Â¤Ã Â¥ÂÃ Â¤Â¯ Ã Â¤Â­Ã Â¥â¬ Ã Â¤Â¸Ã Â¥ÂÃ Â¤Â¨Ã Â¤Â¿Ã Â¤Â¶Ã Â¥ÂÃ Â¤Å¡Ã Â¤Â¿Ã Â¤Â¤ Ã Â¤â¢Ã Â¤Â°Ã Â¤Â¨Ã Â¤Â¾ Ã Â¤Â¹Ã Â¥ËÃ Â¥Â¤"" Ã Â¤Å¸Ã Â¤Â¿Ã Â¤ÂªÃ Â¥ÂÃ Â¤ÂªÃ Â¤Â£Ã Â¥â¬ Ã Â¤â¢Ã Â¤Â°Ã Â¥â¹Ã Â¥Â¤ (150 Ã Â¤Â¶Ã Â¤Â¬Ã Â¥ÂÃ Â¤Â¦) Ã¢â¬â 10 ""CAG's duty is not merely legality but also propriety of expenditure."" Comment. (150 words) Ã¢â¬â 10",,50.7,delete,true,aggregator,,,,,,,,,,,,,,,,,,
2024,GS2,d332fcad-6750-4542-af0a-3f203f819096,25,GS2-Q5,,,Ã Â¤Â¸Ã Â¥ÂÃ Â¤Â¥Ã Â¤Â¾Ã Â¤Â¨Ã Â¥â¬Ã Â¤Â¯ Ã Â¤Â¨Ã Â¤Â¿Ã Â¤â¢Ã Â¤Â¾Ã Â¤Â¯Ã Â¥â¹Ã Â¤â Ã Â¤â¢Ã Â¥â¬ Ã Â¤Â¸Ã Â¥ÂÃ Â¤Â¶Ã Â¤Â¾Ã Â¤Â¸Ã Â¤Â¨ Ã Â¤Â­Ã Â¥âÃ Â¤Â®Ã Â¤Â¿Ã Â¤â¢Ã Â¤Â¾ Ã Â¤Â¦Ã Â¥â¡Ã Â¤âÃ Â¥â¹Ã Â¥Â¤ Ã Â¤âÃ Â¥ÂÃ Â¤Â°Ã Â¤Â¾Ã Â¤Â®Ã Â¥â¬Ã Â¤Â£-Ã Â¤Â¶Ã Â¤Â¹Ã Â¤Â°Ã Â¥â¬ Ã Â¤Â¨Ã Â¤Â¿Ã Â¤â¢Ã Â¤Â¾Ã Â¤Â¯ Ã Â¤ÂµÃ Â¤Â¿Ã Â¤Â²Ã Â¤Â¯ Ã Â¤â¢Ã Â¥â¡ Ã Â¤Â«Ã Â¤Â¾Ã Â¤Â¯Ã Â¤Â¦Ã Â¥â¡-Ã Â¤Â¨Ã Â¥ÂÃ Â¤â¢Ã Â¤Â¸Ã Â¤Â¾Ã Â¤Â¨ Ã Â¤Â¬Ã Â¤Â¤Ã Â¤Â¾Ã Â¤âÃ Â¥Â¤ (150 Ã Â¤Â¶Ã Â¤Â¬Ã Â¥ÂÃ Â¤Â¦) Ã¢â¬â 10 Analyse local bodies' role in local governance. Pros/cons of merging rural-urban local bodies. (150 words) Ã¢â¬â 10,,58.9,delete,true,aggregator,,,,,,,,,,,,,,,,,,
2024,GS2,d332fcad-6750-4542-af0a-3f203f819096,26,GS2-Q6,11,GS2-Q11,Ã Â¤Â¸Ã Â¤Â¾Ã Â¤Â°Ã Â¥ÂÃ Â¤ÂµÃ Â¤ÅÃ Â¤Â¨Ã Â¤Â¿Ã Â¤â¢ Ã Â¤Å¡Ã Â¥ËÃ Â¤Â°Ã Â¤Â¿Ã Â¤Å¸Ã Â¥â¡Ã Â¤Â¬Ã Â¤Â² Ã Â¤Å¸Ã Â¥ÂÃ Â¤Â°Ã Â¤Â¸Ã Â¥ÂÃ Â¤Å¸ Ã Â¤Â­Ã Â¤Â¾Ã Â¤Â°Ã Â¤Â¤ Ã Â¤â¢Ã Â¥â¡ Ã Â¤ÂµÃ Â¤Â¿Ã Â¤â¢Ã Â¤Â¾Ã Â¤Â¸ Ã Â¤â¢Ã Â¥â¹ Ã Â¤Â¸Ã Â¤Â®Ã Â¤Â¾Ã Â¤ÂµÃ Â¥â¡Ã Â¤Â¶Ã Â¥â¬ Ã Â¤Â¬Ã Â¤Â¨Ã Â¤Â¾ Ã Â¤Â¸Ã Â¤â¢Ã Â¤Â¤Ã Â¥â¡ Ã Â¤Â¹Ã Â¥ËÃ Â¤âÃ Â¥Â¤ Ã Â¤Å¸Ã Â¤Â¿Ã Â¤ÂªÃ Â¥ÂÃ Â¤ÂªÃ Â¤Â£Ã Â¥â¬ Ã Â¤â¢Ã Â¤Â°Ã Â¥â¹Ã Â¥Â¤ (150 Ã Â¤Â¶Ã Â¤Â¬Ã Â¥ÂÃ Â¤Â¦) Ã¢â¬â 10 Public charitable trusts can make India's development more inclusive. Comment. (150 words) Ã¢â¬â 10,Public charitable trusts have the potential to make India’s development more inclusive as they relate to certain vital public issues. Comment.,64.7,review,true,aggregator,,,,,,,,,,,,,,,,,,
2024,GS2,d332fcad-6750-4542-af0a-3f203f819096,27,GS2-Q7,13,GS2-Q13,Ã Â¤Â¨Ã Â¤Â¿Ã Â¤Â°Ã Â¥ÂÃ Â¤Â§Ã Â¤Â¨Ã Â¤Â¤Ã Â¤Â¾ Ã Â¤Âµ Ã Â¤â¢Ã Â¥ÂÃ Â¤ÂªÃ Â¥â¹Ã Â¤Â·Ã Â¤Â£ Ã Â¤â¢Ã Â¤Â¾ Ã Â¤Â¦Ã Â¥ÂÃ Â¤Â·Ã Â¥ÂÃ Â¤Å¡Ã Â¤â¢Ã Â¥ÂÃ Â¤Â° Ã Â¤Â®Ã Â¤Â¾Ã Â¤Â¨Ã Â¤Âµ Ã Â¤ÂªÃ Â¥âÃ Â¤âÃ Â¤ÅÃ Â¥â¬ Ã Â¤Â¨Ã Â¤Â¿Ã Â¤Â°Ã Â¥ÂÃ Â¤Â®Ã Â¤Â¾Ã Â¤Â£ Ã Â¤â¢Ã Â¥â¹ Ã Â¤ÂªÃ Â¥ÂÃ Â¤Â°Ã Â¤Â­Ã Â¤Â¾Ã Â¤ÂµÃ Â¤Â¿Ã Â¤Â¤ Ã Â¤â¢Ã Â¤Â°Ã Â¤Â¤Ã Â¤Â¾ Ã Â¤Â¹Ã Â¥ËÃ Â¥Â¤ Ã Â¤Â¤Ã Â¥â¹Ã Â¤Â¡Ã Â¤Â¼Ã Â¤Â¨Ã Â¥â¡ Ã Â¤â¢Ã Â¥â¡ Ã Â¤â¢Ã Â¤Â¦Ã Â¤Â® Ã Â¤Â¬Ã Â¤Â¤Ã Â¤Â¾Ã Â¤âÃ Â¥Â¤ (150 Ã Â¤Â¶Ã Â¤Â¬Ã Â¥ÂÃ Â¤Â¦) Ã¢â¬â 10 Poverty-malnutrition vicious cycle hurts human capital formation. Steps to break it? (150 words) Ã¢â¬â 10,"Poverty and malnutrition create a vicious cycle, adversely affecting human capital formation. What steps can be taken to break the cycle?",67.8,review,true,aggregator,,,,,,,,,,,,,,,,,,
2024,GS2,d332fcad-6750-4542-af0a-3f203f819096,28,GS2-Q8,,,Ã Â¤ÂªÃ Â¥ÂÃ Â¤Â°Ã Â¤ÅÃ Â¤Â¾Ã Â¤Â¤Ã Â¤Â¾Ã Â¤âÃ Â¤Â¤Ã Â¥ÂÃ Â¤Â°Ã Â¤Â¿Ã Â¤â¢ Ã Â¤Â¶Ã Â¤Â¾Ã Â¤Â¸Ã Â¤Â¨ Ã Â¤Â®Ã Â¥â¡Ã Â¤â Ã Â¤Â²Ã Â¥â¹Ã Â¤â¢ Ã Â¤Â¸Ã Â¥â¡Ã Â¤ÂµÃ Â¤â¢Ã Â¥â¹Ã Â¤â Ã Â¤â¢Ã Â¥â¬ Ã Â¤Â¸Ã Â¤Â¤Ã Â¥ÂÃ Â¤Â¯Ã Â¤Â¨Ã Â¤Â¿Ã Â¤Â·Ã Â¥ÂÃ Â¤Â Ã Â¤Â¾ Ã Â¤ÂªÃ Â¤Â° Ã Â¤Â§Ã Â¤Â¾Ã Â¤Â°Ã Â¤Â£Ã Â¤Â¾ Ã Â¤Â¸Ã Â¤â¢Ã Â¤Â¾Ã Â¤Â°Ã Â¤Â¾Ã Â¤Â¤Ã Â¥ÂÃ Â¤Â®Ã Â¤â¢ Ã Â¤Â°Ã Â¤Â¹Ã Â¤Â¨Ã Â¥â¬ Ã Â¤Å¡Ã Â¤Â¾Ã Â¤Â¹Ã Â¤Â¿Ã Â¤ÂÃ Â¥Â¤ Ã Â¤ÂµÃ Â¤Â¿Ã Â¤ÂµÃ Â¥â¡Ã Â¤Å¡Ã Â¤Â¨Ã Â¤Â¾ Ã Â¤â¢Ã Â¤Â°Ã Â¥â¹Ã Â¥Â¤ (150 Ã Â¤Â¶Ã Â¤Â¬Ã Â¥ÂÃ Â¤Â¦) Ã¢â¬â 10 Democratic governance needs positive public perception of civil servants' integrity. Discuss. (150 words) Ã¢â¬â 10,,57.1,delete,true,aggregator,,,,,,,,,,,,,,,,,,
2024,GS2,d332fcad-6750-4542-af0a-3f203f819096,29,GS2-Q9,,,"Ã Â¤ÂªÃ Â¤Â¶Ã Â¥ÂÃ Â¤Å¡Ã Â¤Â¿Ã Â¤Â® Ã Â¤Â­Ã Â¤Â¾Ã Â¤Â°Ã Â¤Â¤ Ã Â¤â¢Ã Â¥â¹ Ã Â¤Å¡Ã Â¥â¬Ã Â¤Â¨-Ã Â¤Â¨Ã Â¤Â¿Ã Â¤Â°Ã Â¥ÂÃ Â¤Â­Ã Â¤Â°Ã Â¤Â¤Ã Â¤Â¾ Ã Â¤â¢Ã Â¤Â® Ã Â¤â¢Ã Â¤Â°Ã Â¤Â¨Ã Â¥â¡ Ã Â¤Â¹Ã Â¥â¡Ã Â¤Â¤Ã Â¥Â Ã Â¤ÂµÃ Â¤Â¿Ã Â¤â¢Ã Â¤Â²Ã Â¥ÂÃ Â¤Âª Ã Â¤Âµ Ã Â¤Â°Ã Â¤Â£Ã Â¤Â¨Ã Â¥â¬Ã Â¤Â¤Ã Â¤Â¿Ã Â¤â¢ Ã Â¤Â¸Ã Â¤Â¹Ã Â¤Â¯Ã Â¥â¹Ã Â¤âÃ Â¥â¬ Ã Â¤Â¬Ã Â¤Â¨Ã Â¤Â¾ Ã Â¤Â°Ã Â¤Â¹Ã Â¤Â¾ Ã Â¤Â¹Ã Â¥Ë Ã¢â¬â Ã Â¤â°Ã Â¤Â¦Ã Â¤Â¾Ã Â¤Â¹Ã Â¤Â°Ã Â¤Â£ Ã Â¤Â¸Ã Â¤Â¹Ã Â¤Â¿Ã Â¤Â¤ Ã Â¤Â¸Ã Â¤Â®Ã Â¤ÂÃ Â¤Â¾Ã Â¤âÃ Â¥Â¤ (150 Ã Â¤Â¶Ã Â¤Â¬Ã Â¥ÂÃ Â¤Â¦) Ã¢â¬â 10 West fostering India as alternative to China dependence, strategic ally. Explain with examples. (150 words) Ã¢â¬â 10",,57.2,delete,true,aggregator,,,,,,,,,,,,,,,,,,
2024,GS2,d332fcad-6750-4542-af0a-3f203f819096,30,GS2-Q10,,,"Ã Â¤Â®Ã Â¤Â§Ã Â¥ÂÃ Â¤Â¯ Ã Â¤ÂÃ Â¤Â¶Ã Â¤Â¿Ã Â¤Â¯Ã Â¤Â¾Ã Â¤Ë Ã Â¤âÃ Â¤Â£Ã Â¤Â°Ã Â¤Â¾Ã Â¤ÅÃ Â¥ÂÃ Â¤Â¯Ã Â¥â¹Ã Â¤â (CARs) Ã Â¤Â¸Ã Â¥â¡ Ã Â¤Â­Ã Â¤Â¾Ã Â¤Â°Ã Â¤Â¤ Ã Â¤â¢Ã Â¥â¡ Ã Â¤Â°Ã Â¤Â¾Ã Â¤ÅÃ Â¤Â¨Ã Â¥â¬Ã Â¤Â¤Ã Â¤Â¿Ã Â¤â¢, Ã Â¤â Ã Â¤Â°Ã Â¥ÂÃ Â¤Â¥Ã Â¤Â¿Ã Â¤â¢, Ã Â¤Â°Ã Â¤Â£Ã Â¤Â¨Ã Â¥â¬Ã Â¤Â¤Ã Â¤Â¿Ã Â¤â¢ Ã Â¤Â¸Ã Â¤âÃ Â¤Â¬Ã Â¤âÃ Â¤Â§ Ã¢â¬â Ã Â¤Â­Ã Â¥âÃ Â¤Â°Ã Â¤Â¾Ã Â¤ÅÃ Â¤Â¨Ã Â¥â¬Ã Â¤Â¤Ã Â¤Â¿ Ã Â¤Â®Ã Â¥â¡Ã Â¤â Ã Â¤Â®Ã Â¤Â¹Ã Â¤Â¤Ã Â¥ÂÃ Â¤Â¤Ã Â¥ÂÃ Â¤Âµ Ã Â¤Â¸Ã Â¤Â¹Ã Â¤Â¿Ã Â¤Â¤ Ã Â¤ÂµÃ Â¤Â¿Ã Â¤Â¶Ã Â¥ÂÃ Â¤Â²Ã Â¥â¡Ã Â¤Â·Ã Â¤Â£ Ã Â¤â¢Ã Â¤Â°Ã Â¥â¹Ã Â¥Â¤ (150 Ã Â¤Â¶Ã Â¤Â¬Ã Â¥ÂÃ Â¤Â¦) Ã¢â¬â 10 Critically analyse India-CARs relations, their growing regional/global geopolitical significance. (150 words) Ã¢â¬â 10",,52.3,delete,true,aggregator,,,,,,,,,,,,,,,,,,
2024,GS2,d332fcad-6750-4542-af0a-3f203f819096,31,GS2-Q11,10,GS2-Q10,Ã Â¤Â²Ã Â¥â¹Ã Â¤â¢ Ã Â¤ÂªÃ Â¤Â°Ã Â¥â¬Ã Â¤â¢Ã Â¥ÂÃ Â¤Â·Ã Â¤Â¾ (Ã Â¤â¦Ã Â¤Â¨Ã Â¥ÂÃ Â¤Å¡Ã Â¤Â¿Ã Â¤Â¤ Ã Â¤Â¸Ã Â¤Â¾Ã Â¤Â§Ã Â¤Â¨ Ã Â¤Â°Ã Â¥â¹Ã Â¤â¢Ã Â¤Â¥Ã Â¤Â¾Ã Â¤Â®) Ã Â¤â¦Ã Â¤Â§Ã Â¤Â¿Ã Â¤Â¨Ã Â¤Â¿Ã Â¤Â¯Ã Â¤Â® 2024 Ã Â¤â¢Ã Â¥â¡ Ã Â¤Â²Ã Â¤â¢Ã Â¥ÂÃ Â¤Â·Ã Â¥ÂÃ Â¤Â¯ Ã Â¤â¢Ã Â¥ÂÃ Â¤Â¯Ã Â¤Â¾? Ã Â¤ÂµÃ Â¤Â¿Ã Â¤Â¶Ã Â¥ÂÃ Â¤ÂµÃ Â¤ÂµÃ Â¤Â¿Ã Â¤Â¦Ã Â¥ÂÃ Â¤Â¯Ã Â¤Â¾Ã Â¤Â²Ã Â¤Â¯/Ã Â¤Â°Ã Â¤Â¾Ã Â¤ÅÃ Â¥ÂÃ Â¤Â¯ Ã Â¤ÂªÃ Â¤Â°Ã Â¥â¬Ã Â¤â¢Ã Â¥ÂÃ Â¤Â·Ã Â¤Â¾Ã Â¤ÂÃ Â¤â Ã Â¤Â­Ã Â¥â¬ Ã Â¤â¢Ã Â¤ÂµÃ Â¤Â°? (250 Ã Â¤Â¶Ã Â¤Â¬Ã Â¥ÂÃ Â¤Â¦) Ã¢â¬â 15 Public Examination (Prevention of Unfair Means) Act 2024 aims? University/State exams covered? (250 words) Ã¢â¬â 15,"What are the aims and objects of recently passed and enforced, The Public Examination (Prevention of Unfair Means) Act, 2024? Whether University/State Education Board examinations, too, are covered under the Act?",61.9,review,true,aggregator,,,,,,,,,,,,,,,,,,
2024,GS2,d332fcad-6750-4542-af0a-3f203f819096,32,GS2-Q12,,,Ã Â¤Â¨Ã Â¤Â¿Ã Â¤ÅÃ Â¤Â¤Ã Â¤Â¾ Ã Â¤â¢Ã Â¤Â¾ Ã Â¤â¦Ã Â¤Â§Ã Â¤Â¿Ã Â¤â¢Ã Â¤Â¾Ã Â¤Â° Ã Â¤â¦Ã Â¤Â¨Ã Â¥ÂÃ Â¤Å¡Ã Â¥ÂÃ Â¤âºÃ Â¥â¡Ã Â¤Â¦ 21 Ã Â¤â¦Ã Â¤âÃ Â¤Â¤Ã Â¤Â°Ã Â¥ÂÃ Â¤âÃ Â¤Â¤ Ã¢â¬â Ã Â¤ÂµÃ Â¥ÂÃ Â¤Â¯Ã Â¤Â¾Ã Â¤âÃ Â¥ÂÃ Â¤Â¯Ã Â¤Â¾ Ã Â¤â¢Ã Â¤Â°Ã Â¥â¹Ã Â¥Â¤ Ã Â¤âÃ Â¤Â°Ã Â¥ÂÃ Â¤Â­Ã Â¤Â¸Ã Â¥ÂÃ Â¤Â¥ Ã Â¤Â¶Ã Â¤Â¿Ã Â¤Â¶Ã Â¥Â Ã Â¤ÂªÃ Â¤Â¿Ã Â¤Â¤Ã Â¥ÆÃ Â¤Â¤Ã Â¥ÂÃ Â¤Âµ DNA Ã Â¤ÂªÃ Â¤Â°Ã Â¥â¬Ã Â¤â¢Ã Â¥ÂÃ Â¤Â·Ã Â¤Â£ Ã Â¤ÂµÃ Â¤Â¿Ã Â¤Â§Ã Â¤Â¿ Ã Â¤Å¡Ã Â¤Â°Ã Â¥ÂÃ Â¤Å¡Ã Â¤Â¾ Ã Â¤â¢Ã Â¤Â°Ã Â¥â¹Ã Â¥Â¤ (250 Ã Â¤Â¶Ã Â¤Â¬Ã Â¥ÂÃ Â¤Â¦) Ã¢â¬â 15 Right to privacy under Article 21 Ã¢â¬â explain. Discuss law on DNA test for unborn child's paternity. (250 words) Ã¢â¬â 15,,48.0,delete,true,aggregator,,,,,,,,,,,,,,,,,,
2024,GS2,d332fcad-6750-4542-af0a-3f203f819096,33,GS2-Q13,,,Ã Â¤â¢Ã Â¥â¡Ã Â¤âÃ Â¤Â¦Ã Â¥ÂÃ Â¤Â°-Ã Â¤Â°Ã Â¤Â¾Ã Â¤ÅÃ Â¥ÂÃ Â¤Â¯ Ã Â¤Â¸Ã Â¤âÃ Â¤Â¬Ã Â¤âÃ Â¤Â§Ã Â¥â¹Ã Â¤â Ã Â¤Â®Ã Â¥â¡Ã Â¤â Ã Â¤Â¹Ã Â¤Â¾Ã Â¤Â² Ã Â¤Â¬Ã Â¤Â¦Ã Â¤Â²Ã Â¤Â¾Ã Â¤Âµ Ã Â¤â¢Ã Â¥ÂÃ Â¤Â¯Ã Â¤Â¾? Ã Â¤Â¸Ã Â¤âÃ Â¤ËÃ Â¤ÂµÃ Â¤Â¾Ã Â¤Â¦ Ã Â¤Â®Ã Â¤ÅÃ Â¤Â¬Ã Â¥âÃ Â¤Â¤ Ã Â¤â¢Ã Â¤Â°Ã Â¤Â¨Ã Â¥â¡ Ã Â¤Âµ Ã Â¤ÂµÃ Â¤Â¿Ã Â¤Â¶Ã Â¥ÂÃ Â¤ÂµÃ Â¤Â¾Ã Â¤Â¸ Ã Â¤Â¬Ã Â¤Â¨Ã Â¤Â¾Ã Â¤Â¨Ã Â¥â¡ Ã Â¤â¢Ã Â¥â¡ Ã Â¤â°Ã Â¤ÂªÃ Â¤Â¾Ã Â¤Â¯ Ã Â¤Â¸Ã Â¥ÂÃ Â¤ÂÃ Â¤Â¾Ã Â¤âÃ Â¥Â¤ (250 Ã Â¤Â¶Ã Â¤Â¬Ã Â¥ÂÃ Â¤Â¦) Ã¢â¬â 15 Recent changes in Centre-State relations? Suggest measures to strengthen federalism & trust. (250 words) Ã¢â¬â 15,,52.0,delete,true,aggregator,,,,,,,,,,,,,,,,,,
2024,GS2,d332fcad-6750-4542-af0a-3f203f819096,34,GS2-Q14,6,GS2-Q6,Ã Â¤Â­Ã Â¤Â¾Ã Â¤Â°Ã Â¤Â¤ Ã Â¤Â®Ã Â¥â¡Ã Â¤â Ã Â¤ÅÃ Â¤Â¨Ã Â¤Â¹Ã Â¤Â¿Ã Â¤Â¤ Ã Â¤Â¯Ã Â¤Â¾Ã Â¤Å¡Ã Â¤Â¿Ã Â¤â¢Ã Â¤Â¾Ã Â¤âÃ Â¤â Ã Â¤â¢Ã Â¥â¬ Ã Â¤ÂµÃ Â¥ÆÃ Â¤Â¦Ã Â¥ÂÃ Â¤Â§Ã Â¤Â¿ Ã Â¤â¢Ã Â¥â¡ Ã Â¤â¢Ã Â¤Â¾Ã Â¤Â°Ã Â¤Â£ Ã Â¤Â¬Ã Â¤Â¤Ã Â¤Â¾Ã Â¤âÃ Â¥Â¤ Ã Â¤â¢Ã Â¥ÂÃ Â¤Â¯Ã Â¤Â¾ Ã Â¤Â¸Ã Â¥ÂÃ Â¤ÂªÃ Â¥ÂÃ Â¤Â°Ã Â¥â¬Ã Â¤Â® Ã Â¤â¢Ã Â¥â¹Ã Â¤Â°Ã Â¥ÂÃ Â¤Å¸ Ã Â¤Â¸Ã Â¤Â¬Ã Â¤Â¸Ã Â¥â¡ Ã Â¤Â¶Ã Â¤â¢Ã Â¥ÂÃ Â¤Â¤Ã Â¤Â¿Ã Â¤Â¶Ã Â¤Â¾Ã Â¤Â²Ã Â¥â¬ Ã Â¤Â¨Ã Â¥ÂÃ Â¤Â¯Ã Â¤Â¾Ã Â¤Â¯Ã Â¤ÂªÃ Â¤Â¾Ã Â¤Â²Ã Â¤Â¿Ã Â¤â¢Ã Â¤Â¾ Ã Â¤Â¬Ã Â¤Â¨Ã Â¤Â¾? (250 Ã Â¤Â¶Ã Â¤Â¬Ã Â¥ÂÃ Â¤Â¦) Ã¢â¬â 15 Explain growth of PIL in India. Has Indian SC emerged as world's most powerful judiciary? (250 words) Ã¢â¬â 15,"Explain the reasons for the growth of public interest litigation in India. As a result of it, has the Indian Supreme Court emerged as the world’s most powerful judiciary?",63.7,review,true,aggregator,,,,,,,,,,,,,,,,,,
2024,GS2,d332fcad-6750-4542-af0a-3f203f819096,35,GS2-Q15,4,GS2-Q4,"Ã Â¤Â­Ã Â¤Â¾Ã Â¤Â°Ã Â¤Â¤ Ã Â¤â¢Ã Â¥â¹ Ã Â¤Â§Ã Â¤Â°Ã Â¥ÂÃ Â¤Â®Ã Â¤Â¨Ã Â¤Â¿Ã Â¤Â°Ã Â¤ÂªÃ Â¥â¡Ã Â¤â¢Ã Â¥ÂÃ Â¤Â· Ã Â¤Â°Ã Â¤Â¾Ã Â¤ÅÃ Â¥ÂÃ Â¤Â¯ Ã Â¤Â°Ã Â¥âÃ Â¤Âª Ã Â¤Â®Ã Â¥â¡Ã Â¤â Ã Â¤ÂµÃ Â¤Â¿Ã Â¤ÂµÃ Â¥â¡Ã Â¤Å¡Ã Â¤Â¨Ã Â¤Â¾ Ã Â¤â¢Ã Â¤Â°Ã Â¥â¹, US Ã Â¤Â¸Ã Â¤âÃ Â¤ÂµÃ Â¤Â¿Ã Â¤Â§Ã Â¤Â¾Ã Â¤Â¨ Ã Â¤â¢Ã Â¥â¡ Ã Â¤Â§Ã Â¤Â°Ã Â¥ÂÃ Â¤Â®Ã Â¤Â¨Ã Â¤Â¿Ã Â¤Â°Ã Â¤ÂªÃ Â¥â¡Ã Â¤â¢Ã Â¥ÂÃ Â¤Â· Ã Â¤Â¸Ã Â¤Â¿Ã Â¤Â¦Ã Â¥ÂÃ Â¤Â§Ã Â¤Â¾Ã Â¤âÃ Â¤Â¤Ã Â¥â¹Ã Â¤â Ã Â¤Â¸Ã Â¥â¡ Ã Â¤Â¤Ã Â¥ÂÃ Â¤Â²Ã Â¤Â¨Ã Â¤Â¾ Ã Â¤â¢Ã Â¤Â°Ã Â¥â¹Ã Â¥Â¤ (250 Ã Â¤Â¶Ã Â¤Â¬Ã Â¥ÂÃ Â¤Â¦) Ã¢â¬â 15 Discuss India as secular state, compare with US constitution's secular principles. (250 words) Ã¢â¬â 15",Discuss India as a secular state and compare with the secular principles of the US constitution.,71.6,review,true,aggregator,,,,,,,,,,,,,,,,,,
2024,GS2,d332fcad-6750-4542-af0a-3f203f819096,36,GS2-Q16,,,"Ã Â¤Â¨Ã Â¤Â¾Ã Â¤âÃ Â¤Â°Ã Â¤Â¿Ã Â¤â¢ Ã Â¤â¦Ã Â¤Â§Ã Â¤Â¿Ã Â¤â¢Ã Â¤Â¾Ã Â¤Â°-Ã Â¤ÂªÃ Â¤Â¤Ã Â¥ÂÃ Â¤Â° Ã Â¤ÂªÃ Â¥âÃ Â¤Â°Ã Â¥ÂÃ Â¤Â£ Ã Â¤â¢Ã Â¥ÂÃ Â¤Â·Ã Â¤Â®Ã Â¤Â¤Ã Â¤Â¾ Ã Â¤Â¤Ã Â¤â¢ Ã Â¤Â¨Ã Â¤Â¹Ã Â¥â¬Ã Â¤â Ã Â¤ÂªÃ Â¤Â¹Ã Â¥ÂÃ Â¤âÃ Â¤Å¡Ã Â¤Â¾Ã Â¥Â¤ Ã Â¤Â¬Ã Â¤Â¾Ã Â¤Â§Ã Â¤â¢ Ã Â¤â¢Ã Â¤Â¾Ã Â¤Â°Ã Â¤â¢ Ã Â¤Âµ Ã Â¤Â¦Ã Â¥âÃ Â¤Â° Ã Â¤â¢Ã Â¤Â°Ã Â¤Â¨Ã Â¥â¡ Ã Â¤â¢Ã Â¥â¡ Ã Â¤â°Ã Â¤ÂªÃ Â¤Â¾Ã Â¤Â¯ Ã Â¤Â¬Ã Â¤Â¤Ã Â¤Â¾Ã Â¤âÃ Â¥Â¤ (250 Ã Â¤Â¶Ã Â¤Â¬Ã Â¥ÂÃ Â¤Â¦) Ã¢â¬â 15 Citizens' charter yet to reach full potential. Identify hindering factors, suggest measures. (250 words) Ã¢â¬â 15",,55.2,delete,true,aggregator,,,,,,,,,,,,,,,,,,
2024,GS2,d332fcad-6750-4542-af0a-3f203f819096,37,GS2-Q17,,,Ã Â¤Â²Ã Â¥â¹Ã Â¤â¢ Ã Â¤Â¸Ã Â¥ÂÃ Â¤ÂµÃ Â¤Â¾Ã Â¤Â¸Ã Â¥ÂÃ Â¤Â¥Ã Â¥ÂÃ Â¤Â¯ Ã Â¤Â®Ã Â¥â¡Ã Â¤â Ã Â¤Â¬Ã Â¤Â¾Ã Â¤ÅÃ Â¤Â¾Ã Â¤Â°Ã Â¥â¬Ã Â¤â¢Ã Â¤Â°Ã Â¤Â£ Ã Â¤â¢Ã Â¥â¡ Ã Â¤Â¦Ã Â¥ÂÃ Â¤Â·Ã Â¥ÂÃ Â¤ÂªÃ Â¥ÂÃ Â¤Â°Ã Â¤Â­Ã Â¤Â¾Ã Â¤Âµ Ã Â¤Â°Ã Â¥â¹Ã Â¤â¢Ã Â¤Â¨Ã Â¥â¡ Ã Â¤Â¹Ã Â¥â¡Ã Â¤Â¤Ã Â¥Â Ã Â¤Â°Ã Â¤Â¾Ã Â¤ÅÃ Â¥ÂÃ Â¤Â¯ Ã Â¤Â­Ã Â¥âÃ Â¤Â®Ã Â¤Â¿Ã Â¤â¢Ã Â¤Â¾Ã Â¥Â¤ Ã Â¤ÂªÃ Â¤Â¹Ã Â¥ÂÃ Â¤âÃ Â¤Å¡ Ã Â¤Â¤Ã Â¥ÆÃ Â¤Â£Ã Â¤Â®Ã Â¥âÃ Â¤Â² Ã Â¤Â¤Ã Â¤â¢ Ã Â¤Â¬Ã Â¤Â¢Ã Â¤Â¼Ã Â¤Â¾Ã Â¤Â¨Ã Â¥â¡ Ã Â¤â¢Ã Â¥â¡ Ã Â¤â°Ã Â¤ÂªÃ Â¤Â¾Ã Â¤Â¯ Ã Â¤Â¬Ã Â¤Â¤Ã Â¤Â¾Ã Â¤âÃ Â¥Â¤ (250 Ã Â¤Â¶Ã Â¤Â¬Ã Â¥ÂÃ Â¤Â¦) Ã¢â¬â 15 State's role to check marketisation harm in public healthcare. Measures for grassroots reach. (250 words) Ã¢â¬â 15,,44.1,delete,true,aggregator,,,,,,,,,,,,,,,,,,
2024,GS2,d332fcad-6750-4542-af0a-3f203f819096,38,GS2-Q18,,,"e-governance Ã Â¤â¢Ã Â¥â¡Ã Â¤ÂµÃ Â¤Â² Ã Â¤Â¤Ã Â¤â¢Ã Â¤Â¨Ã Â¥â¬Ã Â¤â¢ Ã Â¤â¦Ã Â¤Â¨Ã Â¥ÂÃ Â¤ÂªÃ Â¥ÂÃ Â¤Â°Ã Â¤Â¯Ã Â¥â¹Ã Â¤â Ã Â¤Â¨Ã Â¤Â¹Ã Â¥â¬Ã Â¤â Ã¢â¬â Ã Â¤ÂªÃ Â¤Â¾Ã Â¤Â°Ã Â¤Â¦Ã Â¤Â°Ã Â¥ÂÃ Â¤Â¶Ã Â¤Â¿Ã Â¤Â¤Ã Â¤Â¾/Ã Â¤ÅÃ Â¤ÂµÃ Â¤Â¾Ã Â¤Â¬Ã Â¤Â¦Ã Â¥â¡Ã Â¤Â¯Ã Â¤Â¤Ã Â¤Â¾ Ã Â¤Â¹Ã Â¥â¡Ã Â¤Â¤Ã Â¥ÂÃ Â¥Â¤ ""Ã Â¤â¡Ã Â¤Â¨Ã Â¥ÂÃ Â¤Å¸Ã Â¤Â°Ã Â¥ËÃ Â¤â¢Ã Â¥ÂÃ Â¤Å¸Ã Â¤Â¿Ã Â¤Âµ Ã Â¤Â¸Ã Â¤Â°Ã Â¥ÂÃ Â¤ÂµÃ Â¤Â¿Ã Â¤Â¸ Ã Â¤Â®Ã Â¥â°Ã Â¤Â¡Ã Â¤Â²"" Ã Â¤Â®Ã Â¥âÃ Â¤Â²Ã Â¥ÂÃ Â¤Â¯Ã Â¤Â¾Ã Â¤âÃ Â¤â¢Ã Â¤Â¨ Ã Â¤â¢Ã Â¤Â°Ã Â¥â¹Ã Â¥Â¤ (250 Ã Â¤Â¶Ã Â¤Â¬Ã Â¥ÂÃ Â¤Â¦) Ã¢â¬â 15 e-governance not just tech application Ã¢â¬â for transparency/accountability. Evaluate 'Interactive Service Model'. (250 words) Ã¢â¬â 15",,55.4,delete,true,aggregator,,,,,,,,,,,,,,,,,,
2024,GS2,d332fcad-6750-4542-af0a-3f203f819096,39,GS2-Q19,,,Ã Â¤â Ã Â¤Â¤Ã Â¤âÃ Â¤â¢Ã Â¤ÂµÃ Â¤Â¾Ã Â¤Â¦ Ã Â¤ÂµÃ Â¥ËÃ Â¤Â¶Ã Â¥ÂÃ Â¤ÂµÃ Â¤Â¿Ã Â¤â¢ Ã Â¤âÃ Â¤Â¤Ã Â¤Â°Ã Â¤Â¾ Ã¢â¬â UNSC Ã Â¤â¢Ã Â¥â¬ CTC Ã Â¤Âµ Ã Â¤Â¸Ã Â¤âÃ Â¤Â¬Ã Â¤Â¦Ã Â¥ÂÃ Â¤Â§ Ã Â¤Â¨Ã Â¤Â¿Ã Â¤â¢Ã Â¤Â¾Ã Â¤Â¯Ã Â¥â¹Ã Â¤â Ã Â¤â¢Ã Â¥â¬ Ã Â¤ÂªÃ Â¥ÂÃ Â¤Â°Ã Â¤Â­Ã Â¤Â¾Ã Â¤ÂµÃ Â¤Â¶Ã Â¥â¬Ã Â¤Â²Ã Â¤Â¤Ã Â¤Â¾ Ã Â¤Â®Ã Â¥âÃ Â¤Â²Ã Â¥ÂÃ Â¤Â¯Ã Â¤Â¾Ã Â¤âÃ Â¤â¢Ã Â¤Â¨ Ã Â¤â¢Ã Â¤Â°Ã Â¥â¹Ã Â¥Â¤ (250 Ã Â¤Â¶Ã Â¤Â¬Ã Â¥ÂÃ Â¤Â¦) Ã¢â¬â 15 Terrorism global threat Ã¢â¬â evaluate UNSC Counter Terrorism Committee (CTC) effectiveness. (250 words) Ã¢â¬â 15,,46.9,delete,true,aggregator,,,,,,,,,,,,,,,,,,
2024,GS2,d332fcad-6750-4542-af0a-3f203f819096,40,GS2-Q20,17,GS2-Q17,"Ã Â¤Â®Ã Â¤Â¾Ã Â¤Â²Ã Â¤Â¦Ã Â¥â¬Ã Â¤Âµ Ã Â¤â¢Ã Â¤Â¾ Ã Â¤Â­Ã Â¤Â¾Ã Â¤Â°Ã Â¤Â¤ Ã Â¤Â¹Ã Â¥â¡Ã Â¤Â¤Ã Â¥Â Ã Â¤Â­Ã Â¥â-Ã Â¤Â°Ã Â¤Â¾Ã Â¤ÅÃ Â¤Â¨Ã Â¥â¬Ã Â¤Â¤Ã Â¤Â¿Ã Â¤â¢/Ã Â¤Â­Ã Â¥â-Ã Â¤Â°Ã Â¤Â£Ã Â¤Â¨Ã Â¥â¬Ã Â¤Â¤Ã Â¤Â¿Ã Â¤â¢ Ã Â¤Â®Ã Â¤Â¹Ã Â¤Â¤Ã Â¥ÂÃ Â¤Â¤Ã Â¥ÂÃ Â¤Âµ (Ã Â¤ÂµÃ Â¥ÂÃ Â¤Â¯Ã Â¤Â¾Ã Â¤ÂªÃ Â¤Â¾Ã Â¤Â°, Ã Â¤Å Ã Â¤Â°Ã Â¥ÂÃ Â¤ÅÃ Â¤Â¾) Ã Â¤Å¡Ã Â¤Â°Ã Â¥ÂÃ Â¤Å¡Ã Â¤Â¾ Ã Â¤â¢Ã Â¤Â°Ã Â¥â¹Ã Â¥Â¤ Ã Â¤Â¸Ã Â¤Â®Ã Â¥ÂÃ Â¤Â¦Ã Â¥ÂÃ Â¤Â°Ã Â¥â¬ Ã Â¤Â¸Ã Â¥ÂÃ Â¤Â°Ã Â¤â¢Ã Â¥ÂÃ Â¤Â·Ã Â¤Â¾ Ã Â¤Âµ Ã Â¤â¢Ã Â¥ÂÃ Â¤Â·Ã Â¥â¡Ã Â¤Â¤Ã Â¥ÂÃ Â¤Â°Ã Â¥â¬Ã Â¤Â¯ Ã Â¤Â¸Ã Â¥ÂÃ Â¤Â¥Ã Â¤Â¿Ã Â¤Â°Ã Â¤Â¤Ã Â¤Â¾ Ã Â¤ÂªÃ Â¤Â° Ã Â¤ÂªÃ Â¥ÂÃ Â¤Â°Ã Â¤Â­Ã Â¤Â¾Ã Â¤Âµ Ã Â¤Â­Ã Â¥â¬ Ã Â¤Â¬Ã Â¤Â¤Ã Â¤Â¾Ã Â¤âÃ Â¥Â¤ (250 Ã Â¤Â¶Ã Â¤Â¬Ã Â¥ÂÃ Â¤Â¦) Ã¢â¬â 15 Discuss Maldives' geopolitical/geostrategic importance for India (trade, energy). Also its effect on maritime security & regional stability. (250 words) Ã¢â¬â 15",Discuss the geopolitical and geostrategic importance of Maldives for India with a focus on global trade and energy flows. Further also discuss how this relationship affects India’s maritime security and regional stability amidst international competition?,65.3,review,true,aggregator,,,,,,,,,,,,,,,,,,
2024,GS2,d332fcad-6750-4542-af0a-3f203f819096,,,1,GS2-Q1,,Right to privacy is intrinsic to life and personal liberty and is inherently protected under Article 21 of the constitution. Explain. In this reference discuss the law relating to D.N.A. testing of child in the womb to establish its paternity.,48.0,insert,,aggregator,,,,,,,,,,,,,,,,,,
2024,GS2,d332fcad-6750-4542-af0a-3f203f819096,,,2,GS2-Q2,,Analyse the role of local bodies in providing good governance at local level and bring out the pros and cons merging the rural local bodies with the urban local bodies.,58.9,insert,,aggregator,,,,,,,,,,,,,,,,,,
2024,GS2,d332fcad-6750-4542-af0a-3f203f819096,,,3,GS2-Q3,,What changes has the Union Government recently introduced in the domain of Centre-State relations? Suggest measures to be adopted to build the trust between the Centre and the States and for strengthening federalism.,52.0,insert,,aggregator,,,,,,,,,,,,,,,,,,
2024,GS2,d332fcad-6750-4542-af0a-3f203f819096,,,9,GS2-Q9,,The duty of the Comptroller and Auditor General is not merely to ensure the legality of expenditure but also its propriety.” Comment.,50.7,insert,,aggregator,,,,,,,,,,,,,,,,,,
2024,GS2,d332fcad-6750-4542-af0a-3f203f819096,,,12,GS2-Q12,,In a crucial domain like the public healthcare system the Indian State should play a vital role to contain the adverse impact of marketisation of the system. Suggest some measures through which the State can enhance the reach of public healthcare at the grassroots level.,44.1,insert,,aggregator,,,,,,,,,,,,,,,,,,
2024,GS2,d332fcad-6750-4542-af0a-3f203f819096,,,14,GS2-Q14,,The Citizens’ charter has been a landmark initiative in ensuring citizen-centric administration. But it is yet to reach its full potential. Identify the factors hindering the realisation of its promise and suggest measures to overcome them.,55.2,insert,,aggregator,,,,,,,,,,,,,,,,,,
2024,GS2,d332fcad-6750-4542-af0a-3f203f819096,,,15,GS2-Q15,,e-governance is not just about the routine application of digital technology in service delivery process. It is as much about multifarious interactions for ensuring transparency and accountability. In this context evaluate the role of the ‘Interactive Service Model’ of e-governance.,55.4,insert,,aggregator,,,,,,,,,,,,,,,,,,
2024,GS2,d332fcad-6750-4542-af0a-3f203f819096,,,16,GS2-Q16,,The Doctrine of Democratic Governance makes it necessary that the public perception of the integrity and commitment of civil servants becomes absolutely positive. Discuss.,57.1,insert,,aggregator,,,,,,,,,,,,,,,,,,
2024,GS2,d332fcad-6750-4542-af0a-3f203f819096,,,18,GS2-Q18,,‘The West is fostering India as an alternative to reduce dependence on China’s supply chain and as a strategic ally to counter China’s political and economic dominance.’ Explain this statement with examples.,57.2,insert,,aggregator,,,,,,,,,,,,,,,,,,
2024,GS2,d332fcad-6750-4542-af0a-3f203f819096,,,19,GS2-Q19,,"Critically analyse India’s evolving diplomatic, economic and strategic relations with the Central Asian Republics (CARs) highlighting their increasing significance in regional and global geopolitics.",52.3,insert,,aggregator,,,,,,,,,,,,,,,,,,
2024,GS2,d332fcad-6750-4542-af0a-3f203f819096,,,20,GS2-Q20,,‘Terrorism has become a significant threat to global peace and security.’ Evaluate the effectiveness of the United Nations Security Council’s Counter Terrorism Committee (CTC) and its associated bodies in addressing and mitigating this threat at the international level.,46.9,insert,,aggregator,,,,,,,,,,,,,,,,,,
2024,GS3,b5cbb735-b687-4de5-90cb-3978f48a71a1,41,GS3-Q1,1,GS3-Q1,Ã Â¤Â­Ã Â¤Â¾Ã Â¤Â°Ã Â¤Â¤ Ã Â¤Â®Ã Â¥â¡Ã Â¤â Ã Â¤Â¸Ã Â¥ÂÃ Â¤Â§Ã Â¤Â¾Ã Â¤Â°Ã Â¥â¹Ã Â¤â Ã Â¤â¢Ã Â¥â¬ Ã Â¤â¦Ã Â¤ÂµÃ Â¤Â§Ã Â¤Â¿ Ã Â¤Â®Ã Â¥â¡Ã Â¤â Ã Â¤Â¸Ã Â¤Â¾Ã Â¤Â®Ã Â¤Â¾Ã Â¤ÅÃ Â¤Â¿Ã Â¤â¢ Ã Â¤Â¸Ã Â¥â¡Ã Â¤ÂµÃ Â¤Â¾Ã Â¤âÃ Â¤â Ã Â¤ÂªÃ Â¤Â° Ã Â¤ÂµÃ Â¥ÂÃ Â¤Â¯Ã Â¤Â¯ Ã Â¤Â¸Ã Â¥ÂÃ Â¤ÂµÃ Â¤Â°Ã Â¥âÃ Â¤Âª Ã Â¤Âµ Ã Â¤ÂªÃ Â¥ÂÃ Â¤Â°Ã Â¤ÂµÃ Â¥ÆÃ Â¤Â¤Ã Â¥ÂÃ Â¤Â¤Ã Â¤Â¿ Ã Â¤ÂªÃ Â¤Â°Ã Â¥â¬Ã Â¤â¢Ã Â¥ÂÃ Â¤Â·Ã Â¤Â£ Ã Â¤â¢Ã Â¤Â°Ã Â¥â¹Ã Â¥Â¤ Ã Â¤Â¸Ã Â¤Â®Ã Â¤Â¾Ã Â¤ÂµÃ Â¥â¡Ã Â¤Â¶Ã Â¥â¬ Ã Â¤Â¸Ã Â¤âÃ Â¤ÂµÃ Â¥ÆÃ Â¤Â¦Ã Â¥ÂÃ Â¤Â§Ã Â¤Â¿ Ã Â¤Â²Ã Â¤â¢Ã Â¥ÂÃ Â¤Â·Ã Â¥ÂÃ Â¤Â¯ Ã Â¤â¢Ã Â¤Â¿Ã Â¤Â¤Ã Â¤Â¨Ã Â¤Â¾ Ã Â¤ÂªÃ Â¥âÃ Â¤Â°Ã Â¤Â¾? (150 Ã Â¤Â¶Ã Â¤Â¬Ã Â¥ÂÃ Â¤Â¦) Ã¢â¬â 10 Examine pattern/trend of public expenditure on social services post-reforms India. Consonance with inclusive growth objective? (150 words) Ã¢â¬â 10,Examine the pattern and trend of public expenditure on Social Services in the post-reforms period in India. To what extent this has been in consonance with achieving the objective of inclusive growth?,69.6,replace,true,aggregator,,,,,,,,,,,,,,,,,,
2024,GS3,b5cbb735-b687-4de5-90cb-3978f48a71a1,42,GS3-Q2,2,GS3-Q2,Ã Â¤Â­Ã Â¤Â¾Ã Â¤Â°Ã Â¤Â¤ Ã Â¤Â®Ã Â¥â¡Ã Â¤â Ã Â¤Â²Ã Â¤âÃ Â¤Â¾Ã Â¤Â¤Ã Â¤Â¾Ã Â¤Â° Ã Â¤â°Ã Â¤Å¡Ã Â¥ÂÃ Â¤Å¡ Ã Â¤âÃ Â¤Â¾Ã Â¤Â¦Ã Â¥ÂÃ Â¤Â¯ Ã Â¤Â®Ã Â¥ÂÃ Â¤Â¦Ã Â¥ÂÃ Â¤Â°Ã Â¤Â¾Ã Â¤Â¸Ã Â¥ÂÃ Â¤Â«Ã Â¥â¬Ã Â¤Â¤Ã Â¤Â¿ Ã Â¤â¢Ã Â¥â¡ Ã Â¤â¢Ã Â¤Â¾Ã Â¤Â°Ã Â¤Â£? RBI Ã Â¤Â®Ã Â¥ÅÃ Â¤Â¦Ã Â¥ÂÃ Â¤Â°Ã Â¤Â¿Ã Â¤â¢ Ã Â¤Â¨Ã Â¥â¬Ã Â¤Â¤Ã Â¤Â¿ Ã Â¤ÂªÃ Â¥ÂÃ Â¤Â°Ã Â¤Â­Ã Â¤Â¾Ã Â¤ÂµÃ Â¤Â¶Ã Â¥â¬Ã Â¤Â²Ã Â¤Â¤Ã Â¤Â¾ Ã Â¤ÂªÃ Â¤Â° Ã Â¤Å¸Ã Â¤Â¿Ã Â¤ÂªÃ Â¥ÂÃ Â¤ÂªÃ Â¤Â£Ã Â¥â¬ Ã Â¤â¢Ã Â¤Â°Ã Â¥â¹Ã Â¥Â¤ (150 Ã Â¤Â¶Ã Â¤Â¬Ã Â¥ÂÃ Â¤Â¦) Ã¢â¬â 10 Causes of persistent high food inflation in India? Comment on RBI monetary policy effectiveness. (150 words) Ã¢â¬â 10,What are the causes of persistent high food inflation in India? Comment on the effectiveness of the monetary policy of the RBI to control this type of inflation.,68.1,replace,true,aggregator,,,,,,,,,,,,,,,,,,
2024,GS3,b5cbb735-b687-4de5-90cb-3978f48a71a1,43,GS3-Q3,6,GS3-Q6,Ã Â¤Â¦Ã Â¥â¡Ã Â¤Â¶ Ã Â¤â¢Ã Â¥â¡ Ã Â¤â¢Ã Â¥ÂÃ Â¤âº Ã Â¤Â­Ã Â¤Â¾Ã Â¤âÃ Â¥â¹Ã Â¤â Ã Â¤Â®Ã Â¥â¡Ã Â¤â Ã Â¤Â­Ã Â¥âÃ Â¤Â®Ã Â¤Â¿ Ã Â¤Â¸Ã Â¥ÂÃ Â¤Â§Ã Â¤Â¾Ã Â¤Â° Ã Â¤Â¸Ã Â¤Â«Ã Â¤Â² Ã Â¤â¢Ã Â¤Â¾Ã Â¤Â°Ã Â¥ÂÃ Â¤Â¯Ã Â¤Â¾Ã Â¤Â¨Ã Â¥ÂÃ Â¤ÂµÃ Â¤Â¯Ã Â¤Â¨ Ã Â¤â¢Ã Â¥â¡ Ã Â¤â°Ã Â¤Â¤Ã Â¥ÂÃ Â¤Â¤Ã Â¤Â°Ã Â¤Â¦Ã Â¤Â¾Ã Â¤Â¯Ã Â¥â¬ Ã Â¤â¢Ã Â¤Â¾Ã Â¤Â°Ã Â¤â¢ Ã Â¤â¢Ã Â¥ÂÃ Â¤Â¯Ã Â¤Â¾ Ã Â¤Â¥Ã Â¥â¡? Ã Â¤Â¸Ã Â¥ÂÃ Â¤ÂªÃ Â¤Â·Ã Â¥ÂÃ Â¤Å¸ Ã Â¤â¢Ã Â¤Â°Ã Â¥â¹Ã Â¥Â¤ (150 Ã Â¤Â¶Ã Â¤Â¬Ã Â¥ÂÃ Â¤Â¦) Ã¢â¬â 10 Factors responsible for successful land reforms implementation in some parts of country? Elaborate. (150 words) Ã¢â¬â 10,What were the factors responsible for the successful implementation of land reforms in some parts of the country? Elaborate.,72.2,review,true,aggregator,,,,,,,,,,,,,,,,,,
2024,GS3,b5cbb735-b687-4de5-90cb-3978f48a71a1,44,GS3-Q4,3,GS3-Q3,Ã Â¤Â­Ã Â¤Â¾Ã Â¤Â°Ã Â¤Â¤ Ã Â¤Â®Ã Â¥â¡Ã Â¤â Ã Â¤Â¸Ã Â¥ÂÃ Â¤ÂµÃ Â¤Â¾Ã Â¤Â¸Ã Â¥ÂÃ Â¤Â¥Ã Â¥ÂÃ Â¤Â¯ Ã Â¤Âµ Ã Â¤ÂªÃ Â¥â¹Ã Â¤Â·Ã Â¤Â£ Ã Â¤Â¸Ã Â¥ÂÃ Â¤Â°Ã Â¤â¢Ã Â¥ÂÃ Â¤Â·Ã Â¤Â¾ Ã Â¤Â®Ã Â¥â¡Ã Â¤â Ã Â¤Â®Ã Â¥â¹Ã Â¤Å¸Ã Â¥â¡ Ã Â¤â¦Ã Â¤Â¨Ã Â¤Â¾Ã Â¤ÅÃ Â¥â¹Ã Â¤â Ã Â¤â¢Ã Â¥â¬ Ã Â¤Â­Ã Â¥âÃ Â¤Â®Ã Â¤Â¿Ã Â¤â¢Ã Â¤Â¾ Ã Â¤Â¸Ã Â¤Â®Ã Â¤ÂÃ Â¤Â¾Ã Â¤âÃ Â¥Â¤ (150 Ã Â¤Â¶Ã Â¤Â¬Ã Â¥ÂÃ Â¤Â¦) Ã¢â¬â 10 Explain role of millets for health & nutritional security in India. (150 words) Ã¢â¬â 10,Explain the role of millets for ensuring health and nutritional security in India.,79.0,review,true,aggregator,,,,,,,,,,,,,,,,,,
2024,GS3,b5cbb735-b687-4de5-90cb-3978f48a71a1,45,GS3-Q5,,,"Ã Â¤ÅÃ Â¥â¬Ã Â¤ÂµÃ Â¤Â¨ Ã Â¤Â¸Ã Â¤Â¾Ã Â¤Â®Ã Â¤âÃ Â¥ÂÃ Â¤Â°Ã Â¤Â¿Ã Â¤Â¯Ã Â¥â¹Ã Â¤â Ã Â¤Â®Ã Â¥â¡Ã Â¤â Ã Â¤Â¬Ã Â¥ÅÃ Â¤Â¦Ã Â¥ÂÃ Â¤Â§Ã Â¤Â¿Ã Â¤â¢ Ã Â¤Â¸Ã Â¤âÃ Â¤ÂªÃ Â¤Â¦Ã Â¤Â¾ Ã Â¤â¦Ã Â¤Â§Ã Â¤Â¿Ã Â¤â¢Ã Â¤Â¾Ã Â¤Â° Ã Â¤â¢Ã Â¤Â¾ Ã Â¤ÂµÃ Â¤Â°Ã Â¥ÂÃ Â¤Â¤Ã Â¤Â®Ã Â¤Â¾Ã Â¤Â¨ Ã Â¤ÂµÃ Â¤Â¿Ã Â¤Â¶Ã Â¥ÂÃ Â¤Âµ Ã Â¤ÂªÃ Â¤Â°Ã Â¤Â¿Ã Â¤Â¦Ã Â¥ÆÃ Â¤Â¶Ã Â¥ÂÃ Â¤Â¯? Ã Â¤Â­Ã Â¤Â¾Ã Â¤Â°Ã Â¤Â¤ Ã Â¤ÂªÃ Â¥â¡Ã Â¤Å¸Ã Â¥â¡Ã Â¤âÃ Â¤Å¸ Ã Â¤Â®Ã Â¥â¡Ã Â¤â Ã Â¤Â¦Ã Â¥âÃ Â¤Â¸Ã Â¤Â°Ã Â¥â¡ Ã Â¤Â¸Ã Â¥ÂÃ Â¤Â¥Ã Â¤Â¾Ã Â¤Â¨ Ã Â¤ÂªÃ Â¤Â°, Ã Â¤Â«Ã Â¤Â¿Ã Â¤Â° Ã Â¤Â­Ã Â¥â¬ Ã Â¤â¢Ã Â¤Â® Ã Â¤ÂµÃ Â¥ÂÃ Â¤Â¯Ã Â¤ÂµÃ Â¤Â¸Ã Â¤Â¾Ã Â¤Â¯Ã Â¥â¬Ã Â¤â¢Ã Â¤Â°Ã Â¤Â£ Ã Â¤â¢Ã Â¥â¡ Ã Â¤â¢Ã Â¤Â¾Ã Â¤Â°Ã Â¤Â£ Ã Â¤Â¸Ã Â¥ÂÃ Â¤ÂªÃ Â¤Â·Ã Â¥ÂÃ Â¤Å¸ Ã Â¤â¢Ã Â¤Â°Ã Â¥â¹Ã Â¥Â¤ (150 Ã Â¤Â¶Ã Â¤Â¬Ã Â¥ÂÃ Â¤Â¦) Ã¢â¬â 10 Present world scenario of IPR w.r.t. life materials? India 2nd in patents, explain low commercialization reasons. (150 words) Ã¢â¬â 10",,57.0,delete,true,aggregator,,,,,,,,,,,,,,,,,,
2024,GS3,b5cbb735-b687-4de5-90cb-3978f48a71a1,46,GS3-Q6,11,GS3-Q11,"Ã Â¤Â°Ã Â¤Â¾Ã Â¤ÅÃ Â¤Â®Ã Â¤Â¾Ã Â¤Â°Ã Â¥ÂÃ Â¤âÃ Â¥â¹Ã Â¤â Ã Â¤ÂªÃ Â¤Â° Ã Â¤â¡Ã Â¤Â²Ã Â¥â¡Ã Â¤â¢Ã Â¥ÂÃ Â¤Å¸Ã Â¥ÂÃ Â¤Â°Ã Â¥â°Ã Â¤Â¨Ã Â¤Â¿Ã Â¤â¢ Ã Â¤ÂªÃ Â¤Â¥-Ã Â¤â¢Ã Â¤Â° Ã Â¤Â¸Ã Â¤âÃ Â¤âÃ Â¥ÂÃ Â¤Â°Ã Â¤Â¹ Ã Â¤Â¹Ã Â¥â¡Ã Â¤Â¤Ã Â¥Â Ã Â¤â¢Ã Â¥ÅÃ Â¤Â¨-Ã Â¤Â¸Ã Â¥â¬ Ã Â¤ÂªÃ Â¥ÂÃ Â¤Â°Ã Â¥ÅÃ Â¤Â¦Ã Â¥ÂÃ Â¤Â¯Ã Â¥â¹Ã Â¤âÃ Â¤Â¿Ã Â¤â¢Ã Â¥â¬? Ã Â¤Â²Ã Â¤Â¾Ã Â¤Â­, Ã Â¤Â¸Ã Â¥â¬Ã Â¤Â®Ã Â¤Â¾Ã Â¤ÂÃ Â¤â, Ã Â¤ÂªÃ Â¥ÂÃ Â¤Â°Ã Â¤Â¸Ã Â¥ÂÃ Â¤Â¤Ã Â¤Â¾Ã Â¤ÂµÃ Â¤Â¿Ã Â¤Â¤ Ã Â¤ÂªÃ Â¤Â°Ã Â¤Â¿Ã Â¤ÂµÃ Â¤Â°Ã Â¥ÂÃ Â¤Â¤Ã Â¤Â¨ Ã Â¤Âµ Ã Â¤Â¸Ã Â¤âÃ Â¤Â­Ã Â¤Â¾Ã Â¤ÂµÃ Â¤Â¿Ã Â¤Â¤ Ã Â¤âÃ Â¤Â¤Ã Â¤Â°Ã Â¥â¡ Ã Â¤Â¬Ã Â¤Â¤Ã Â¤Â¾Ã Â¤âÃ Â¥Â¤ (150 Ã Â¤Â¶Ã Â¤Â¬Ã Â¥ÂÃ Â¤Â¦) Ã¢â¬â 10 Technology for electronic toll collection on highways? Advantages, limitations, proposed changes, potential hazards? (150 words) Ã¢â¬â 10",What is the technology being employed for electronic toll collection on highways? What are its advantages and limitations? What are the proposed changes that will make this process seamless? Would this transition carry any potential hazards?,62.7,review,true,aggregator,,,,,,,,,,,,,,,,,,
2024,GS3,b5cbb735-b687-4de5-90cb-3978f48a71a1,47,GS3-Q7,13,GS3-Q13,Ã Â¤Â­Ã Â¤Â¾Ã Â¤Â°Ã Â¤Â¤ Ã Â¤Â®Ã Â¥â¡Ã Â¤â Ã Â¤Â¨Ã Â¤Â¦Ã Â¥â¬ Ã Â¤ÅÃ Â¤Â² Ã Â¤â¢Ã Â¤Â¾ Ã Â¤âÃ Â¤Â¦Ã Â¥ÂÃ Â¤Â¯Ã Â¥â¹Ã Â¤âÃ Â¤Â¿Ã Â¤â¢ Ã Â¤ÂªÃ Â¥ÂÃ Â¤Â°Ã Â¤Â¦Ã Â¥âÃ Â¤Â·Ã Â¤Â£ Ã Â¤ÂªÃ Â¤Â°Ã Â¥ÂÃ Â¤Â¯Ã Â¤Â¾Ã Â¤ÂµÃ Â¤Â°Ã Â¤Â£Ã Â¥â¬Ã Â¤Â¯ Ã Â¤Â®Ã Â¥ÂÃ Â¤Â¦Ã Â¥ÂÃ Â¤Â¦Ã Â¤Â¾ Ã Â¤Â¹Ã Â¥ËÃ Â¥Â¤ Ã Â¤Â¶Ã Â¤Â®Ã Â¤Â¨ Ã Â¤â°Ã Â¤ÂªÃ Â¤Â¾Ã Â¤Â¯ Ã Â¤Âµ Ã Â¤Â¸Ã Â¤Â°Ã Â¤â¢Ã Â¤Â¾Ã Â¤Â°Ã Â¥â¬ Ã Â¤ÂªÃ Â¤Â¹Ã Â¤Â² Ã Â¤Å¡Ã Â¤Â°Ã Â¥ÂÃ Â¤Å¡Ã Â¤Â¾ Ã Â¤â¢Ã Â¤Â°Ã Â¥â¹Ã Â¥Â¤ (150 Ã Â¤Â¶Ã Â¤Â¬Ã Â¥ÂÃ Â¤Â¦) Ã¢â¬â 10 Industrial pollution of river water Ã¢â¬â discuss mitigation measures and government initiatives. (150 words) Ã¢â¬â 10,Industrial pollution of river water is a significant environmental issue in India. Discuss the various mitigation measures to deal with this problem and also the government’s initiatives in this regard.,63.9,review,true,aggregator,,,,,,,,,,,,,,,,,,
2024,GS3,b5cbb735-b687-4de5-90cb-3978f48a71a1,48,GS3-Q8,14,GS3-Q14,Ã Â¤Â­Ã Â¤Â¾Ã Â¤Â°Ã Â¤Â¤ Ã Â¤Â®Ã Â¥â¡Ã Â¤â Ã Â¤ÂªÃ Â¥ÂÃ Â¤Â°Ã Â¤Â®Ã Â¥ÂÃ Â¤â Ã Â¤ÂªÃ Â¤Â°Ã Â¤Â¿Ã Â¤Â¯Ã Â¥â¹Ã Â¤ÅÃ Â¤Â¨Ã Â¤Â¾Ã Â¤âÃ Â¤â Ã Â¤â¢Ã Â¥â¡ EIA Ã Â¤ÂªÃ Â¤Â°Ã Â¤Â¿Ã Â¤Â£Ã Â¤Â¾Ã Â¤Â®Ã Â¥â¹Ã Â¤â Ã Â¤Â®Ã Â¥â¡Ã Â¤â Ã Â¤ÂªÃ Â¤Â°Ã Â¥ÂÃ Â¤Â¯Ã Â¤Â¾Ã Â¤ÂµÃ Â¤Â°Ã Â¤Â£Ã Â¥â¬Ã Â¤Â¯ NGO Ã Â¤Âµ Ã Â¤â¢Ã Â¤Â¾Ã Â¤Â°Ã Â¥ÂÃ Â¤Â¯Ã Â¤â¢Ã Â¤Â°Ã Â¥ÂÃ Â¤Â¤Ã Â¤Â¾ Ã Â¤â¢Ã Â¥â¬ Ã Â¤Â­Ã Â¥âÃ Â¤Â®Ã Â¤Â¿Ã Â¤â¢Ã Â¤Â¾? Ã Â¤Å¡Ã Â¤Â¾Ã Â¤Â° Ã Â¤â°Ã Â¤Â¦Ã Â¤Â¾Ã Â¤Â¹Ã Â¤Â°Ã Â¤Â£ Ã Â¤Â¦Ã Â¥â¹Ã Â¥Â¤ (150 Ã Â¤Â¶Ã Â¤Â¬Ã Â¥ÂÃ Â¤Â¦) Ã¢â¬â 10 Role of environmental NGOs/activists in influencing EIA outcomes for major projects in India? Cite four examples. (150 words) Ã¢â¬â 10,What role do environmental NGOs and activists play in influencing Environmental Impact Assessment (EIA) outcomes for major projects in India? Cite four examples with all important details.,74.8,review,true,aggregator,,,,,,,,,,,,,,,,,,
2024,GS3,b5cbb735-b687-4de5-90cb-3978f48a71a1,49,GS3-Q9,18,GS3-Q18,Ã Â¤Â¨Ã Â¤Â¾Ã Â¤Â°Ã Â¥ÂÃ Â¤â¢Ã Â¥â¹-Ã Â¤â Ã Â¤Â¤Ã Â¤âÃ Â¤â¢Ã Â¤ÂµÃ Â¤Â¾Ã Â¤Â¦ Ã Â¤Â¸Ã Â¤Â®Ã Â¥ÂÃ Â¤ÂªÃ Â¥âÃ Â¤Â°Ã Â¥ÂÃ Â¤Â£ Ã Â¤Â¦Ã Â¥â¡Ã Â¤Â¶ Ã Â¤Â®Ã Â¥â¡Ã Â¤â Ã Â¤âÃ Â¤âÃ Â¤Â­Ã Â¥â¬Ã Â¤Â° Ã Â¤âÃ Â¤Â¤Ã Â¤Â°Ã Â¥â¡ Ã Â¤Â°Ã Â¥âÃ Â¤Âª Ã Â¤Â®Ã Â¥â¡Ã Â¤â Ã Â¤â¢Ã Â¥ËÃ Â¤Â¸Ã Â¥â¡ Ã Â¤â°Ã Â¤Â­Ã Â¤Â°Ã Â¤Â¾? Ã Â¤Â¨Ã Â¤Â¿Ã Â¤ÂªÃ Â¤Å¸Ã Â¤Â¨Ã Â¥â¡ Ã Â¤â¢Ã Â¥â¡ Ã Â¤â°Ã Â¤ÂªÃ Â¤Â¾Ã Â¤Â¯ Ã Â¤Â¸Ã Â¥ÂÃ Â¤ÂÃ Â¤Â¾Ã Â¤âÃ Â¥Â¤ (150 Ã Â¤Â¶Ã Â¤Â¬Ã Â¥ÂÃ Â¤Â¦) Ã¢â¬â 10 How has narco-terrorism emerged as serious threat across country? Suggest countermeasures. (150 words) Ã¢â¬â 10,Explain how narco-terrorism has emerged as a serious threat across the country. Suggest suitable measures to counter narco-terrorism.,74.3,review,true,aggregator,,,,,,,,,,,,,,,,,,
2024,GS3,b5cbb735-b687-4de5-90cb-3978f48a71a1,50,GS3-Q10,12,GS3-Q12,"Ã Â¤Â¡Ã Â¤Â¿Ã Â¤ÅÃ Â¤Â¿Ã Â¤Å¸Ã Â¤Â² Ã Â¤ÂµÃ Â¥ÂÃ Â¤Â¯Ã Â¤â¢Ã Â¥ÂÃ Â¤Â¤Ã Â¤Â¿Ã Â¤âÃ Â¤Â¤ Ã Â¤Â¡Ã Â¥â¡Ã Â¤Å¸Ã Â¤Â¾ Ã Â¤Â¸Ã Â¤âÃ Â¤Â°Ã Â¤â¢Ã Â¥ÂÃ Â¤Â·Ã Â¤Â£ Ã Â¤â¦Ã Â¤Â§Ã Â¤Â¿Ã Â¤Â¨Ã Â¤Â¿Ã Â¤Â¯Ã Â¤Â® 2023 Ã Â¤â¢Ã Â¤Â¾ Ã Â¤Â¸Ã Â¤âÃ Â¤Â¦Ã Â¤Â°Ã Â¥ÂÃ Â¤Â­ Ã Â¤Âµ Ã Â¤ÂªÃ Â¥ÂÃ Â¤Â°Ã Â¤Â®Ã Â¥ÂÃ Â¤â Ã Â¤ÂµÃ Â¤Â¿Ã Â¤Â¶Ã Â¥â¡Ã Â¤Â·Ã Â¤Â¤Ã Â¤Â¾Ã Â¤ÂÃ Â¤â Ã Â¤Â¬Ã Â¤Â¤Ã Â¤Â¾Ã Â¤âÃ Â¥Â¤ (150 Ã Â¤Â¶Ã Â¤Â¬Ã Â¥ÂÃ Â¤Â¦) Ã¢â¬â 10 Describe context and salient features of Digital Personal Data Protection Act, 2023. (150 words) Ã¢â¬â 10",Describe the context and salient features of the Digital Personal Data Protection Act 2023.,91.1,keep,true,aggregator,,,,,,,,,,,,,,,,,,
2024,GS3,b5cbb735-b687-4de5-90cb-3978f48a71a1,51,GS3-Q11,7,GS3-Q7,Ã Â¤Â­Ã Â¤Â¾Ã Â¤Â°Ã Â¤Â¤ Ã Â¤Â®Ã Â¥â¡Ã Â¤â Ã Â¤Â¶Ã Â¥ÂÃ Â¤Â°Ã Â¤Â® Ã Â¤Â¬Ã Â¤Â¾Ã Â¤ÅÃ Â¤Â¾Ã Â¤Â° Ã Â¤Â¸Ã Â¥ÂÃ Â¤Â§Ã Â¤Â¾Ã Â¤Â° Ã¢â¬â Ã Â¤Å¡Ã Â¤Â¾Ã Â¤Â° 'Ã Â¤Â¶Ã Â¥ÂÃ Â¤Â°Ã Â¤Â® Ã Â¤Â¸Ã Â¤âÃ Â¤Â¹Ã Â¤Â¿Ã Â¤Â¤Ã Â¤Â¾Ã Â¤âÃ Â¤â' Ã Â¤â¢Ã Â¥â¡ Ã Â¤âÃ Â¥ÂÃ Â¤Â£-Ã Â¤Â¦Ã Â¥â¹Ã Â¤Â· Ã Â¤Âµ Ã Â¤â¦Ã Â¤Â¬ Ã Â¤Â¤Ã Â¤â¢ Ã Â¤ÂªÃ Â¥ÂÃ Â¤Â°Ã Â¤âÃ Â¤Â¤Ã Â¤Â¿ Ã Â¤Â¬Ã Â¤Â¤Ã Â¤Â¾Ã Â¤âÃ Â¥Â¤ (250 Ã Â¤Â¶Ã Â¤Â¬Ã Â¥ÂÃ Â¤Â¦) Ã¢â¬â 15 Discuss merits/demerits of four 'Labour Codes' in labour market reforms. Progress so far? (250 words) Ã¢â¬â 15,Discuss the merits and demerits of the four Labour Codes in the context of labour market reforms in India. What has been the progress so far in this regard?,70.3,review,true,aggregator,,,,,,,,,,,,,,,,,,
2024,GS3,b5cbb735-b687-4de5-90cb-3978f48a71a1,52,GS3-Q12,8,GS3-Q8,Ã Â¤Â­Ã Â¤Â¾Ã Â¤Â°Ã Â¤Â¤ Ã Â¤Â®Ã Â¥â¡Ã Â¤â Ã Â¤â¢Ã Â¥ÂÃ Â¤Â·Ã Â¥â¡Ã Â¤Â¤Ã Â¥ÂÃ Â¤Â°Ã Â¥â¬Ã Â¤Â¯ Ã Â¤ÂµÃ Â¤Â¾Ã Â¤Â¯Ã Â¥Â Ã Â¤â¢Ã Â¤Â¨Ã Â¥â¡Ã Â¤â¢Ã Â¥ÂÃ Â¤Å¸Ã Â¤Â¿Ã Â¤ÂµÃ Â¤Â¿Ã Â¤Å¸Ã Â¥â¬ Ã Â¤ÂµÃ Â¤Â¿Ã Â¤Â¸Ã Â¥ÂÃ Â¤Â¤Ã Â¤Â¾Ã Â¤Â° Ã Â¤â¢Ã Â¥â¬ Ã Â¤â Ã Â¤ÂµÃ Â¤Â¶Ã Â¥ÂÃ Â¤Â¯Ã Â¤â¢Ã Â¤Â¤Ã Â¤Â¾? 'Ã Â¤â°Ã Â¤Â¡Ã Â¤Â¼Ã Â¤Â¾Ã Â¤Â¨' Ã Â¤Â¯Ã Â¥â¹Ã Â¤ÅÃ Â¤Â¨Ã Â¤Â¾ Ã Â¤Âµ Ã Â¤â°Ã Â¤ÂªÃ Â¤Â²Ã Â¤Â¬Ã Â¥ÂÃ Â¤Â§Ã Â¤Â¿Ã Â¤Â¯Ã Â¤Â¾Ã Â¤â Ã Â¤Å¡Ã Â¤Â°Ã Â¥ÂÃ Â¤Å¡Ã Â¤Â¾ Ã Â¤â¢Ã Â¤Â°Ã Â¥â¹Ã Â¥Â¤ (250 Ã Â¤Â¶Ã Â¤Â¬Ã Â¥ÂÃ Â¤Â¦) Ã¢â¬â 15 Need for expanding regional air connectivity in India? Discuss UDAN Scheme and achievements. (250 words) Ã¢â¬â 15,"What is the need for expanding the regional air connectivity in India? In this context, discuss the government’s UDAN Scheme and its achievements.",73.2,review,true,aggregator,,,,,,,,,,,,,,,,,,
2024,GS3,b5cbb735-b687-4de5-90cb-3978f48a71a1,53,GS3-Q13,5,GS3-Q5,Ã Â¤Â­Ã Â¤Â¾Ã Â¤Â°Ã Â¤Â¤Ã Â¥â¬Ã Â¤Â¯ Ã Â¤Â¸Ã Â¤Â¿Ã Â¤âÃ Â¤Å¡Ã Â¤Â¾Ã Â¤Ë Ã Â¤ÂªÃ Â¥ÂÃ Â¤Â°Ã Â¤Â£Ã Â¤Â¾Ã Â¤Â²Ã Â¥â¬ Ã Â¤â¢Ã Â¥â¬ Ã Â¤ÂªÃ Â¥ÂÃ Â¤Â°Ã Â¤Â®Ã Â¥ÂÃ Â¤â Ã Â¤Å¡Ã Â¥ÂÃ Â¤Â¨Ã Â¥ÅÃ Â¤Â¤Ã Â¤Â¿Ã Â¤Â¯Ã Â¤Â¾Ã Â¤â? Ã Â¤â¢Ã Â¥ÂÃ Â¤Â¶Ã Â¤Â² Ã Â¤Â¸Ã Â¤Â¿Ã Â¤âÃ Â¤Å¡Ã Â¤Â¾Ã Â¤Ë Ã Â¤ÂªÃ Â¥ÂÃ Â¤Â°Ã Â¤Â¬Ã Â¤âÃ Â¤Â§Ã Â¤Â¨ Ã Â¤Â¹Ã Â¥â¡Ã Â¤Â¤Ã Â¥Â Ã Â¤Â¸Ã Â¤Â°Ã Â¤â¢Ã Â¤Â¾Ã Â¤Â°Ã Â¥â¬ Ã Â¤â°Ã Â¤ÂªÃ Â¤Â¾Ã Â¤Â¯ Ã Â¤Â¬Ã Â¤Â¤Ã Â¤Â¾Ã Â¤âÃ Â¥Â¤ (250 Ã Â¤Â¶Ã Â¤Â¬Ã Â¥ÂÃ Â¤Â¦) Ã¢â¬â 15 Major challenges of Indian irrigation system? State measures for efficient irrigation management. (250 words) Ã¢â¬â 15,What are the major challenges faced by Indian irrigation system in recent times? State the measures taken by the government for efficient irrigation management.,71.0,review,true,aggregator,,,,,,,,,,,,,,,,,,
2024,GS3,b5cbb735-b687-4de5-90cb-3978f48a71a1,54,GS3-Q14,4,GS3-Q4,Ã Â¤â¢Ã Â¥ÆÃ Â¤Â·Ã Â¤Â¿ Ã Â¤â¢Ã Â¥â¬Ã Â¤Â®Ã Â¤Â¤ Ã Â¤Â¸Ã Â¥ÂÃ Â¤Â¥Ã Â¤Â¿Ã Â¤Â°Ã Â¥â¬Ã Â¤â¢Ã Â¤Â°Ã Â¤Â£ Ã Â¤Â®Ã Â¥â¡Ã Â¤â Ã Â¤Â¬Ã Â¤Â«Ã Â¤Â° Ã Â¤Â¸Ã Â¥ÂÃ Â¤Å¸Ã Â¥â°Ã Â¤â¢ Ã Â¤â¢Ã Â¤Â¾ Ã Â¤Â®Ã Â¤Â¹Ã Â¤Â¤Ã Â¥ÂÃ Â¤Â¤Ã Â¥ÂÃ Â¤Âµ Ã Â¤Â¸Ã Â¥ÂÃ Â¤ÂªÃ Â¤Â·Ã Â¥ÂÃ Â¤Å¸ Ã Â¤â¢Ã Â¤Â°Ã Â¥â¹Ã Â¥Â¤ Ã Â¤Â­Ã Â¤âÃ Â¤Â¡Ã Â¤Â¾Ã Â¤Â°Ã Â¤Â£ Ã Â¤Å¡Ã Â¥ÂÃ Â¤Â¨Ã Â¥ÅÃ Â¤Â¤Ã Â¤Â¿Ã Â¤Â¯Ã Â¤Â¾Ã Â¤â Ã Â¤â¢Ã Â¥ÂÃ Â¤Â¯Ã Â¤Â¾? Ã Â¤ÂµÃ Â¤Â¿Ã Â¤ÂµÃ Â¥â¡Ã Â¤Å¡Ã Â¤Â¨Ã Â¤Â¾ Ã Â¤â¢Ã Â¤Â°Ã Â¥â¹Ã Â¥Â¤ (250 Ã Â¤Â¶Ã Â¤Â¬Ã Â¥ÂÃ Â¤Â¦) Ã¢â¬â 15 Elucidate importance of buffer stocks for stabilizing agri prices. Storage challenges? Discuss. (250 words) Ã¢â¬â 15,Elucidate the importance of buffer stocks for stabilizing agricultural prices in India. What are the challenges associated with the storage of buffer stock? Discuss.,65.7,review,true,aggregator,,,,,,,,,,,,,,,,,,
2024,GS3,b5cbb735-b687-4de5-90cb-3978f48a71a1,55,GS3-Q15,,,Ã Â¤Â¸Ã Â¥ÂÃ Â¤ÂµÃ Â¤Å¡Ã Â¥ÂÃ Â¤âº Ã Â¤Â®Ã Â¥â¬Ã Â¤Â Ã Â¥â¡ Ã Â¤ÂªÃ Â¤Â¾Ã Â¤Â¨Ã Â¥â¬ Ã Â¤â¢Ã Â¥â¬ Ã Â¤â¢Ã Â¤Â®Ã Â¥â¬ Ã Â¤Â¸Ã Â¤âÃ Â¤â¢Ã Â¤Å¸ Ã Â¤Â¹Ã Â¥â¡Ã Â¤Â¤Ã Â¥Â Ã Â¤ÂµÃ Â¥ËÃ Â¤â¢Ã Â¤Â²Ã Â¥ÂÃ Â¤ÂªÃ Â¤Â¿Ã Â¤â¢ Ã Â¤Â¤Ã Â¤â¢Ã Â¤Â¨Ã Â¥â¬Ã Â¤â¢Ã Â¥â¡Ã Â¤â? Ã Â¤â¢Ã Â¤Â¿Ã Â¤Â¨Ã Â¥ÂÃ Â¤Â¹Ã Â¥â¬Ã Â¤â Ã Â¤Â¤Ã Â¥â¬Ã Â¤Â¨ Ã Â¤â¢Ã Â¥â¡ Ã Â¤âÃ Â¥ÂÃ Â¤Â£-Ã Â¤Â¦Ã Â¥â¹Ã Â¤Â· Ã Â¤Â¸Ã Â¤âÃ Â¤â¢Ã Â¥ÂÃ Â¤Â·Ã Â¥â¡Ã Â¤Âª Ã Â¤Â®Ã Â¥â¡Ã Â¤â Ã Â¤Â¬Ã Â¤Â¤Ã Â¤Â¾Ã Â¤âÃ Â¥Â¤ (250 Ã Â¤Â¶Ã Â¤Â¬Ã Â¥ÂÃ Â¤Â¦) Ã¢â¬â 15 Alternative technologies for freshwater shortage crisis? Briefly discuss any three with merits/demerits. (250 words) Ã¢â¬â 15,,57.1,delete,true,aggregator,,,,,,,,,,,,,,,,,,
2024,GS3,b5cbb735-b687-4de5-90cb-3978f48a71a1,56,GS3-Q16,10,GS3-Q10,Ã Â¤â¢Ã Â¥ÂÃ Â¤Â·Ã Â¥ÂÃ Â¤Â¦Ã Â¥ÂÃ Â¤Â°Ã Â¤âÃ Â¥ÂÃ Â¤Â°Ã Â¤Â¹ (asteroids) Ã Â¤â¢Ã Â¥ÂÃ Â¤Â¯Ã Â¤Â¾ Ã Â¤Â¹Ã Â¥ËÃ Â¤â? Ã Â¤ÅÃ Â¥â¬Ã Â¤ÂµÃ Â¤Â¨ Ã Â¤ÂµÃ Â¤Â¿Ã Â¤Â²Ã Â¥ÂÃ Â¤ÂªÃ Â¥ÂÃ Â¤Â¤Ã Â¤Â¿ Ã Â¤âÃ Â¤Â¤Ã Â¤Â°Ã Â¤Â¾ Ã Â¤â¢Ã Â¤Â¿Ã Â¤Â¤Ã Â¤Â¨Ã Â¤Â¾ Ã Â¤ÂµÃ Â¤Â¾Ã Â¤Â¸Ã Â¥ÂÃ Â¤Â¤Ã Â¤ÂµÃ Â¤Â¿Ã Â¤â¢? Ã Â¤Â°Ã Â¥â¹Ã Â¤â¢Ã Â¤Â¥Ã Â¤Â¾Ã Â¤Â® Ã Â¤Â°Ã Â¤Â£Ã Â¤Â¨Ã Â¥â¬Ã Â¤Â¤Ã Â¤Â¿Ã Â¤Â¯Ã Â¤Â¾Ã Â¤â Ã Â¤â¢Ã Â¥ÂÃ Â¤Â¯Ã Â¤Â¾ Ã Â¤ÂµÃ Â¤Â¿Ã Â¤â¢Ã Â¤Â¸Ã Â¤Â¿Ã Â¤Â¤ Ã Â¤Â¹Ã Â¥ÂÃ Â¤ËÃ Â¤â? (250 Ã Â¤Â¶Ã Â¤Â¬Ã Â¥ÂÃ Â¤Â¦) Ã¢â¬â 15 What are asteroids? How real is extinction threat? What prevention strategies developed? (250 words) Ã¢â¬â 15,What are asteroids? How real is the threat of them causing extinction of life? What strategies have been developed to prevent such a catastrophe?,63.9,review,true,aggregator,,,,,,,,,,,,,,,,,,
2024,GS3,b5cbb735-b687-4de5-90cb-3978f48a71a1,57,GS3-Q17,17,GS3-Q17,Ã Â¤â Ã Â¤ÂªÃ Â¤Â¦Ã Â¤Â¾ Ã Â¤ÂªÃ Â¥ÂÃ Â¤Â°Ã Â¤Â¤Ã Â¤Â¿Ã Â¤Â°Ã Â¥â¹Ã Â¤Â§ (resilience) Ã Â¤â¢Ã Â¥ÂÃ Â¤Â¯Ã Â¤Â¾ Ã Â¤Â¹Ã Â¥Ë? Ã Â¤â¢Ã Â¥ËÃ Â¤Â¸Ã Â¥â¡ Ã Â¤Â¨Ã Â¤Â¿Ã Â¤Â°Ã Â¥ÂÃ Â¤Â§Ã Â¤Â¾Ã Â¤Â°Ã Â¤Â¿Ã Â¤Â¤ Ã Â¤Â¹Ã Â¥â¹Ã Â¤Â¤Ã Â¤Â¾? Ã Â¤Â¢Ã Â¤Â¾Ã Â¤âÃ Â¤Å¡Ã Â¥â¡ Ã Â¤â¢Ã Â¥â¡ Ã Â¤Â¤Ã Â¤Â¤Ã Â¥ÂÃ Â¤Âµ Ã Â¤Âµ Ã Â¤Â¸Ã Â¥â¡Ã Â¤âÃ Â¤Â¡Ã Â¤Â¾Ã Â¤Ë Ã Â¤Â¢Ã Â¤Â¾Ã Â¤âÃ Â¤Å¡Ã Â¥â¡ (2015-2030) Ã Â¤â¢Ã Â¥â¡ Ã Â¤Â²Ã Â¤â¢Ã Â¥ÂÃ Â¤Â·Ã Â¥ÂÃ Â¤Â¯ Ã Â¤Â¬Ã Â¤Â¤Ã Â¤Â¾Ã Â¤âÃ Â¥Â¤ (250 Ã Â¤Â¶Ã Â¤Â¬Ã Â¥ÂÃ Â¤Â¦) Ã¢â¬â 15 What is disaster resilience? How determined? Elements of framework + Sendai Framework 2015-2030 global targets. (250 words) Ã¢â¬â 15,What is disaster resilience? How is it determined? Describe various elements of a resilience framework. Also mention the global targets of Sendai Framework for Disaster Risk Reduction (2015-2030).,62.6,replace,true,aggregator,,,,,,,,,,,,,,,,,,
2024,GS3,b5cbb735-b687-4de5-90cb-3978f48a71a1,58,GS3-Q18,,,Ã Â¤Â¶Ã Â¤Â¹Ã Â¤Â°Ã Â¥â¬ Ã Â¤Â¬Ã Â¤Â¾Ã Â¤Â¢Ã Â¤Â¼ Ã Â¤ÅÃ Â¤Â²Ã Â¤ÂµÃ Â¤Â¾Ã Â¤Â¯Ã Â¥Â-Ã Â¤ÂªÃ Â¥ÂÃ Â¤Â°Ã Â¥â¡Ã Â¤Â°Ã Â¤Â¿Ã Â¤Â¤ Ã Â¤â Ã Â¤ÂªÃ Â¤Â¦Ã Â¤Â¾ Ã¢â¬â Ã Â¤â¢Ã Â¤Â¾Ã Â¤Â°Ã Â¤Â£ Ã Â¤Å¡Ã Â¤Â°Ã Â¥ÂÃ Â¤Å¡Ã Â¤Â¾ Ã Â¤â¢Ã Â¤Â°Ã Â¥â¹Ã Â¥Â¤ Ã Â¤ÂªÃ Â¤Â¿Ã Â¤âºÃ Â¤Â²Ã Â¥â¡ Ã Â¤Â¦Ã Â¥â¹ Ã Â¤Â¦Ã Â¤Â¶Ã Â¤â¢Ã Â¥â¹Ã Â¤â Ã Â¤â¢Ã Â¥â¬ Ã Â¤Â¦Ã Â¥â¹ Ã Â¤ÂªÃ Â¥ÂÃ Â¤Â°Ã Â¤Â®Ã Â¥ÂÃ Â¤â Ã Â¤Â¬Ã Â¤Â¾Ã Â¤Â¢Ã Â¤Â¼Ã Â¥â¡Ã Â¤â Ã Â¤Âµ Ã Â¤Â¨Ã Â¤Â¿Ã Â¤ÂªÃ Â¤Å¸Ã Â¤Â¨Ã Â¥â¡ Ã Â¤â¢Ã Â¥â¬ Ã Â¤Â¨Ã Â¥â¬Ã Â¤Â¤Ã Â¤Â¿Ã Â¤Â¯Ã Â¤Â¾Ã Â¤â Ã Â¤Â¬Ã Â¤Â¤Ã Â¤Â¾Ã Â¤âÃ Â¥Â¤ (250 Ã Â¤Â¶Ã Â¤Â¬Ã Â¥ÂÃ Â¤Â¦) Ã¢â¬â 15 Urban flooding climate-induced disaster Ã¢â¬â discuss causes. Two major floods (last 2 decades) & Indian policies to tackle. (250 words) Ã¢â¬â 15,,55.9,delete,true,aggregator,,,,,,,,,,,,,,,,,,
2024,GS3,b5cbb735-b687-4de5-90cb-3978f48a71a1,59,GS3-Q19,,,Ã Â¤Â­Ã Â¤Â¾Ã Â¤Â°Ã Â¤Â¤-Ã Â¤Å¡Ã Â¥â¬Ã Â¤Â¨-Ã Â¤ÂªÃ Â¤Â¾Ã Â¤â¢Ã Â¤Â¿Ã Â¤Â¸Ã Â¥ÂÃ Â¤Â¤Ã Â¤Â¾Ã Â¤Â¨ Ã Â¤Â¸Ã Â¥â¬Ã Â¤Â®Ã Â¤Â¾ Ã Â¤ÂµÃ Â¤Â¿Ã Â¤ÂµÃ Â¤Â¾Ã Â¤Â¦ Ã Â¤Âµ Ã Â¤Â¸Ã Â¥ÂÃ Â¤Â°Ã Â¤â¢Ã Â¥ÂÃ Â¤Â·Ã Â¤Â¾ Ã Â¤Å¡Ã Â¥ÂÃ Â¤Â¨Ã Â¥ÅÃ Â¤Â¤Ã Â¤Â¿Ã Â¤Â¯Ã Â¤Â¾Ã Â¤â Ã Â¤ÂªÃ Â¤Â°Ã Â¥â¬Ã Â¤â¢Ã Â¥ÂÃ Â¤Â·Ã Â¤Â£ Ã Â¤â¢Ã Â¤Â°Ã Â¥â¹Ã Â¥Â¤ BADP Ã Â¤Âµ BIM Ã Â¤Â¯Ã Â¥â¹Ã Â¤ÅÃ Â¤Â¨Ã Â¤Â¾ Ã Â¤â¦Ã Â¤âÃ Â¤Â¤Ã Â¤Â°Ã Â¥ÂÃ Â¤âÃ Â¤Â¤ Ã Â¤ÂµÃ Â¤Â¿Ã Â¤â¢Ã Â¤Â¾Ã Â¤Â¸ Ã Â¤â¢Ã Â¤Â¾Ã Â¤Â°Ã Â¥ÂÃ Â¤Â¯ Ã Â¤Â¬Ã Â¤Â¤Ã Â¤Â¾Ã Â¤âÃ Â¥Â¤ (250 Ã Â¤Â¶Ã Â¤Â¬Ã Â¥ÂÃ Â¤Â¦) Ã¢â¬â 15 Examine conflicting issues/security challenges on China-Pakistan border. Development under BADP and BIM Scheme. (250 words) Ã¢â¬â 15,,49.8,delete,true,aggregator,,,,,,,,,,,,,,,,,,
2024,GS3,b5cbb735-b687-4de5-90cb-3978f48a71a1,60,GS3-Q20,20,GS3-Q20,Ã Â¤Â¸Ã Â¥â¹Ã Â¤Â¶Ã Â¤Â² Ã Â¤Â®Ã Â¥â¬Ã Â¤Â¡Ã Â¤Â¿Ã Â¤Â¯Ã Â¤Â¾ Ã Â¤Âµ Ã Â¤ÂÃ Â¤Â¨Ã Â¥ÂÃ Â¤â¢Ã Â¥ÂÃ Â¤Â°Ã Â¤Â¿Ã Â¤ÂªÃ Â¥ÂÃ Â¤Å¸Ã Â¥â¡Ã Â¤Â¡ Ã Â¤Â¸Ã Â¤âÃ Â¤Â¦Ã Â¥â¡Ã Â¤Â¶ Ã Â¤Â¸Ã Â¥â¡Ã Â¤ÂµÃ Â¤Â¾Ã Â¤ÂÃ Â¤â Ã Â¤Â¸Ã Â¥ÂÃ Â¤Â°Ã Â¤â¢Ã Â¥ÂÃ Â¤Â·Ã Â¤Â¾ Ã Â¤Å¡Ã Â¥ÂÃ Â¤Â¨Ã Â¥ÅÃ Â¤Â¤Ã Â¥â¬ Ã¢â¬â Ã Â¤ÂµÃ Â¤Â¿Ã Â¤Â­Ã Â¤Â¿Ã Â¤Â¨Ã Â¥ÂÃ Â¤Â¨ Ã Â¤Â¸Ã Â¥ÂÃ Â¤Â¤Ã Â¤Â°Ã Â¥â¹Ã Â¤â Ã Â¤ÂªÃ Â¤Â° Ã Â¤â°Ã Â¤ÂªÃ Â¤Â¾Ã Â¤Â¯? Ã Â¤â¦Ã Â¤Â¨Ã Â¥ÂÃ Â¤Â¯ Ã Â¤â°Ã Â¤ÂªÃ Â¤Â¾Ã Â¤Â¯ Ã Â¤Â¸Ã Â¥ÂÃ Â¤ÂÃ Â¤Â¾Ã Â¤âÃ Â¥Â¤ (250 Ã Â¤Â¶Ã Â¤Â¬Ã Â¥ÂÃ Â¤Â¦) Ã¢â¬â 15 Social media/encrypted messaging security challenge Ã¢â¬â measures adopted at various levels? Suggest other remedies. (250 words) Ã¢â¬â 15,Social media and encrypting messaging services pose a serious security challenge. What measures have been adopted at various levels to address the security implications of social media? Also suggest any other remedies to address the problem.,62.5,replace,true,aggregator,,,,,,,,,,,,,,,,,,
2024,GS3,b5cbb735-b687-4de5-90cb-3978f48a71a1,,,9,GS3-Q9,,"What is the present world scenario of intellectual property rights with respect to life materials? Although India is second in the world to file patents, still only a few have been commercialized. Explain the reasons behind this less commercialization.",57.0,insert,,aggregator,,,,,,,,,,,,,,,,,,
2024,GS3,b5cbb735-b687-4de5-90cb-3978f48a71a1,,,15,GS3-Q15,,The world is facing an acute shortage of clean and safe freshwater. What are the alternative technologies which can solve this crisis? Briefly discuss any three such technologies citing their key merits and demerits.,57.1,insert,,aggregator,,,,,,,,,,,,,,,,,,
2024,GS3,b5cbb735-b687-4de5-90cb-3978f48a71a1,,,16,GS3-Q16,,Flooding in urban areas is an emerging climate-induced disaster. Discuss the causes of this disaster. Mention the features of two such major floods in the last two decades in India. Describe the policies and frameworks in India that aim at tackling such floods.,55.9,insert,,aggregator,,,,,,,,,,,,,,,,,,
2024,GS3,b5cbb735-b687-4de5-90cb-3978f48a71a1,,,19,GS3-Q19,,"India has a long and troubled border with China and Pakistan, fraught with contentious issues. Examine the conflicting issues and security challenges along the border. Also give out the development being undertaken in these areas under the Border Area Development Programme (BADP) and Border Infrastructure and Management (BIM) Scheme.",49.8,insert,,aggregator,,,,,,,,,,,,,,,,,,
2024,GS4,dee30326-920a-40cf-bee0-a5b4c76760f7,61,GS4-Q1a,1,GS4-A-Q1,Ã Â¤ÂªÃ Â¥ÂÃ Â¤Â°Ã Â¤Â¶Ã Â¤Â¾Ã Â¤Â¸Ã Â¤Â¨Ã Â¤Â¿Ã Â¤â¢ Ã Â¤Â¤Ã Â¤Â°Ã Â¥ÂÃ Â¤â¢Ã Â¤Â¸Ã Â¤âÃ Â¤âÃ Â¤Â¤ Ã Â¤Â¨Ã Â¤Â¿Ã Â¤Â°Ã Â¥ÂÃ Â¤Â£Ã Â¤Â¯ Ã Â¤Â²Ã Â¥â¡Ã Â¤Â¨Ã Â¥â¡ Ã Â¤â¢Ã Â¥â¡ Ã Â¤Â²Ã Â¤Â¿Ã Â¤Â Ã Â¤â¡Ã Â¤Â¨Ã Â¤ÂªÃ Â¥ÂÃ Â¤Å¸ Ã Â¤â¢Ã Â¥â¡ Ã Â¤ÂÃ Â¤â¢ Ã Â¤ÂµÃ Â¤Â¿Ã Â¤Â¶Ã Â¥ÂÃ Â¤ÂµÃ Â¤Â¸Ã Â¤Â¨Ã Â¥â¬Ã Â¤Â¯ Ã Â¤Â¸Ã Â¥ÂÃ Â¤Â°Ã Â¥â¹Ã Â¤Â¤ Ã Â¤â¢Ã Â¥â¡ Ã Â¤Â°Ã Â¥âÃ Â¤Âª Ã Â¤Â®Ã Â¥â¡Ã Â¤â Ã Â¤â¢Ã Â¥ÆÃ Â¤Â¤Ã Â¥ÂÃ Â¤Â°Ã Â¤Â¿Ã Â¤Â® Ã Â¤Â¬Ã Â¥ÂÃ Â¤Â¦Ã Â¥ÂÃ Â¤Â§Ã Â¤Â¿Ã Â¤Â®Ã Â¤Â¤Ã Â¥ÂÃ Â¤Â¤Ã Â¤Â¾ (AI) Ã Â¤â¢Ã Â¤Â¾ Ã Â¤â¦Ã Â¤Â¨Ã Â¥ÂÃ Â¤ÂªÃ Â¥ÂÃ Â¤Â°Ã Â¤Â¯Ã Â¥â¹Ã Â¤â Ã Â¤ÂÃ Â¤â¢ Ã Â¤Â¬Ã Â¤Â¹Ã Â¤Â¸ Ã Â¤â¢Ã Â¤Â¾ Ã Â¤Â®Ã Â¥ÂÃ Â¤Â¦Ã Â¥ÂÃ Â¤Â¦Ã Â¤Â¾ Ã Â¤Â¹Ã Â¥ËÃ Â¥Â¤ Ã Â¤Â¨Ã Â¥ËÃ Â¤Â¤Ã Â¤Â¿Ã Â¤â¢ Ã Â¤Â¦Ã Â¥ÆÃ Â¤Â·Ã Â¥ÂÃ Â¤Å¸Ã Â¤Â¿Ã Â¤â¢Ã Â¥â¹Ã Â¤Â£ Ã Â¤Â¸Ã Â¥â¡ Ã Â¤â¡Ã Â¤Â¸ Ã Â¤â¢Ã Â¤Â¥Ã Â¤Â¨ Ã Â¤â¢Ã Â¤Â¾ Ã Â¤â Ã Â¤Â²Ã Â¥â¹Ã Â¤Å¡Ã Â¤Â¨Ã Â¤Â¾Ã Â¤Â¤Ã Â¥ÂÃ Â¤Â®Ã Â¤â¢ Ã Â¤ÂªÃ Â¤Â°Ã Â¥â¬Ã Â¤â¢Ã Â¥ÂÃ Â¤Â·Ã Â¤Â£ Ã Â¤â¢Ã Â¥â¬Ã Â¤ÅÃ Â¤Â¿Ã Â¤ÂÃ Â¥Â¤ (Ã Â¤â°Ã Â¤Â¤Ã Â¥ÂÃ Â¤Â¤Ã Â¤Â° 150 Ã Â¤Â¶Ã Â¤Â¬Ã Â¥ÂÃ Â¤Â¦Ã Â¥â¹Ã Â¤â Ã Â¤Â®Ã Â¥â¡Ã Â¤â) The application of Artificial Intelligence as a dependable source of input for administrative rational decision-making is a debatable issue. Critically examine the statement from the ethical point of view. (Answer in 150 words),The application of Artificial Intelligence as a dependable source of input for administrative rational decision-making is a debatable issue. Critically examine the statement from the ethical point of view.,100.0,keep,true,aggregator,,,,,,,,,,,,,,,,,,
2024,GS4,dee30326-920a-40cf-bee0-a5b4c76760f7,62,GS4-Q1b,3,GS4-A-Q2,"""Ã Â¤Â¨Ã Â¥ËÃ Â¤Â¤Ã Â¤Â¿Ã Â¤â¢Ã Â¤Â¤Ã Â¤Â¾ Ã Â¤Â®Ã Â¥â¡Ã Â¤â Ã Â¤â¢Ã Â¤Ë Ã Â¤ÂªÃ Â¥ÂÃ Â¤Â°Ã Â¤Â®Ã Â¥ÂÃ Â¤â Ã Â¤â Ã Â¤Â¯Ã Â¤Â¾Ã Â¤Â® Ã Â¤Â¶Ã Â¤Â¾Ã Â¤Â®Ã Â¤Â¿Ã Â¤Â² Ã Â¤Â¹Ã Â¥ËÃ Â¤â Ã Â¤ÅÃ Â¥â¹ Ã Â¤ÂµÃ Â¥ÂÃ Â¤Â¯Ã Â¤â¢Ã Â¥ÂÃ Â¤Â¤Ã Â¤Â¿Ã Â¤Â¯Ã Â¥â¹Ã Â¤â Ã Â¤âÃ Â¤Â° Ã Â¤Â¸Ã Â¤âÃ Â¤âÃ Â¤Â Ã Â¤Â¨Ã Â¥â¹Ã Â¤â Ã Â¤â¢Ã Â¥â¹ Ã Â¤Â¨Ã Â¥ËÃ Â¤Â¤Ã Â¤Â¿Ã Â¤â¢ Ã Â¤Â°Ã Â¥âÃ Â¤Âª Ã Â¤Â¸Ã Â¥â¡ Ã Â¤ÅÃ Â¤Â¼Ã Â¤Â¿Ã Â¤Â®Ã Â¥ÂÃ Â¤Â®Ã Â¥â¡Ã Â¤Â¦Ã Â¤Â¾Ã Â¤Â° Ã Â¤ÂµÃ Â¥ÂÃ Â¤Â¯Ã Â¤ÂµÃ Â¤Â¹Ã Â¤Â¾Ã Â¤Â° Ã Â¤â¢Ã Â¥â¬ Ã Â¤Â¦Ã Â¤Â¿Ã Â¤Â¶Ã Â¤Â¾ Ã Â¤Â®Ã Â¥â¡Ã Â¤â Ã Â¤Â®Ã Â¤Â¾Ã Â¤Â°Ã Â¥ÂÃ Â¤âÃ Â¤Â¦Ã Â¤Â°Ã Â¥ÂÃ Â¤Â¶Ã Â¤Â¨ Ã Â¤â¢Ã Â¤Â°Ã Â¤Â¨Ã Â¥â¡ Ã Â¤Â®Ã Â¥â¡Ã Â¤â Ã Â¤Â®Ã Â¤Â¹Ã Â¤Â¤Ã Â¥ÂÃ Â¤ÂµÃ Â¤ÂªÃ Â¥âÃ Â¤Â°Ã Â¥ÂÃ Â¤Â£ Ã Â¤Â¹Ã Â¥ËÃ Â¤âÃ Â¥Â¤"" Ã Â¤Â®Ã Â¤Â¾Ã Â¤Â¨Ã Â¤ÂµÃ Â¥â¬Ã Â¤Â¯ Ã Â¤â¢Ã Â¤Â¾Ã Â¤Â°Ã Â¥ÂÃ Â¤Â¯Ã Â¥â¹Ã Â¤â Ã Â¤â¢Ã Â¥â¹ Ã Â¤ÂªÃ Â¥ÂÃ Â¤Â°Ã Â¤Â­Ã Â¤Â¾Ã Â¤ÂµÃ Â¤Â¿Ã Â¤Â¤ Ã Â¤â¢Ã Â¤Â°Ã Â¤Â¨Ã Â¥â¡ Ã Â¤ÂµÃ Â¤Â¾Ã Â¤Â²Ã Â¥â¡ Ã Â¤Â¨Ã Â¥ËÃ Â¤Â¤Ã Â¤Â¿Ã Â¤â¢Ã Â¤Â¤Ã Â¤Â¾ Ã Â¤â¢Ã Â¥â¡ Ã Â¤ÂªÃ Â¥ÂÃ Â¤Â°Ã Â¤Â®Ã Â¥ÂÃ Â¤â Ã Â¤â Ã Â¤Â¯Ã Â¤Â¾Ã Â¤Â®Ã Â¥â¹Ã Â¤â Ã Â¤â¢Ã Â¥â¬ Ã Â¤ÂµÃ Â¥ÂÃ Â¤Â¯Ã Â¤Â¾Ã Â¤âÃ Â¥ÂÃ Â¤Â¯Ã Â¤Â¾ Ã Â¤â¢Ã Â¥â¬Ã Â¤ÅÃ Â¤Â¿Ã Â¤ÂÃ Â¥Â¤ Ã Â¤Å¡Ã Â¤Â°Ã Â¥ÂÃ Â¤Å¡Ã Â¤Â¾ Ã Â¤â¢Ã Â¥â¬Ã Â¤ÅÃ Â¤Â¿Ã Â¤Â Ã Â¤â¢Ã Â¤Â¿ Ã Â¤Â¯Ã Â¥â¡ Ã Â¤â Ã Â¤Â¯Ã Â¤Â¾Ã Â¤Â® Ã Â¤ÂªÃ Â¥â¡Ã Â¤Â¶Ã Â¥â¡Ã Â¤ÂµÃ Â¤Â° Ã Â¤Â¸Ã Â¤âÃ Â¤Â¦Ã Â¤Â°Ã Â¥ÂÃ Â¤Â­ Ã Â¤Â®Ã Â¥â¡Ã Â¤â Ã Â¤Â¨Ã Â¥ËÃ Â¤Â¤Ã Â¤Â¿Ã Â¤â¢ Ã Â¤Â¨Ã Â¤Â¿Ã Â¤Â°Ã Â¥ÂÃ Â¤Â£Ã Â¤Â¯ Ã Â¤Â²Ã Â¥â¡Ã Â¤Â¨Ã Â¥â¡ Ã Â¤â¢Ã Â¥â¹ Ã Â¤â¢Ã Â¥ËÃ Â¤Â¸Ã Â¥â¡ Ã Â¤â Ã Â¤â¢Ã Â¤Â¾Ã Â¤Â° Ã Â¤Â¦Ã Â¥â¡Ã Â¤Â¤Ã Â¥â¡ Ã Â¤Â¹Ã Â¥ËÃ Â¤âÃ Â¥Â¤ (Ã Â¤â°Ã Â¤Â¤Ã Â¥ÂÃ Â¤Â¤Ã Â¤Â° 150 Ã Â¤Â¶Ã Â¤Â¬Ã Â¥ÂÃ Â¤Â¦Ã Â¥â¹Ã Â¤â Ã Â¤Â®Ã Â¥â¡Ã Â¤â) ""Ethics encompasses several key dimensions that are crucial in guiding individuals and organizations towards morally responsible behaviour."" Explain the key dimensions of ethics that influence human actions. Discuss how these dimensions shape ethical decision-making in the professional context. (Answer in 150 words)",“Ethics encompasses several key dimensions that are crucial in guiding individuals and organizations towards morally responsible behaviour.” Explain the key dimensions of ethics that influence human actions. Discuss how these dimensions shape ethical decision-making in the professional context.,100.0,keep,true,aggregator,,,,,,,,,,,,,,,,,,
2024,GS4,dee30326-920a-40cf-bee0-a5b4c76760f7,63,GS4-Q2a,2,GS4-B-Q1,"""Ã Â¤Â¶Ã Â¤Â¾Ã Â¤âÃ Â¤Â¤Ã Â¤Â¿ Ã Â¤â¢Ã Â¥â¡ Ã Â¤Â¬Ã Â¤Â¾Ã Â¤Â°Ã Â¥â¡ Ã Â¤Â®Ã Â¥â¡Ã Â¤â Ã Â¤â¢Ã Â¥â¡Ã Â¤ÂµÃ Â¤Â² Ã Â¤Â¬Ã Â¤Â¾Ã Â¤Â¤ Ã Â¤â¢Ã Â¤Â°Ã Â¤Â¨Ã Â¤Â¾ Ã Â¤Â¹Ã Â¥â¬ Ã Â¤ÂªÃ Â¤Â°Ã Â¥ÂÃ Â¤Â¯Ã Â¤Â¾Ã Â¤ÂªÃ Â¥ÂÃ Â¤Â¤ Ã Â¤Â¨Ã Â¤Â¹Ã Â¥â¬Ã Â¤â Ã Â¤Â¹Ã Â¥Ë, Ã Â¤â¡Ã Â¤Â¸ Ã Â¤ÂªÃ Â¤Â° Ã Â¤ÂµÃ Â¤Â¿Ã Â¤Â¶Ã Â¥ÂÃ Â¤ÂµÃ Â¤Â¾Ã Â¤Â¸ Ã Â¤â¢Ã Â¤Â°Ã Â¤Â¨Ã Â¤Â¾ Ã Â¤Å¡Ã Â¤Â¾Ã Â¤Â¹Ã Â¤Â¿Ã Â¤Â; Ã Â¤âÃ Â¤Â° Ã Â¤â¡Ã Â¤Â¸ Ã Â¤ÂªÃ Â¤Â° Ã Â¤â¢Ã Â¥â¡Ã Â¤ÂµÃ Â¤Â² Ã Â¤ÂµÃ Â¤Â¿Ã Â¤Â¶Ã Â¥ÂÃ Â¤ÂµÃ Â¤Â¾Ã Â¤Â¸ Ã Â¤â¢Ã Â¤Â°Ã Â¤Â¨Ã Â¤Â¾ Ã Â¤Â¹Ã Â¥â¬ Ã Â¤ÂªÃ Â¤Â°Ã Â¥ÂÃ Â¤Â¯Ã Â¤Â¾Ã Â¤ÂªÃ Â¥ÂÃ Â¤Â¤ Ã Â¤Â¨Ã Â¤Â¹Ã Â¥â¬Ã Â¤â Ã Â¤Â¹Ã Â¥Ë, Ã Â¤â¡Ã Â¤Â¸ Ã Â¤ÂªÃ Â¤Â° Ã Â¤â¢Ã Â¤Â¾Ã Â¤Â°Ã Â¥ÂÃ Â¤Â¯ Ã Â¤â¢Ã Â¤Â°Ã Â¤Â¨Ã Â¤Â¾ Ã Â¤Å¡Ã Â¤Â¾Ã Â¤Â¹Ã Â¤Â¿Ã Â¤ÂÃ Â¥Â¤"" Ã Â¤ÂµÃ Â¤Â°Ã Â¥ÂÃ Â¤Â¤Ã Â¤Â®Ã Â¤Â¾Ã Â¤Â¨ Ã Â¤Â¸Ã Â¤âÃ Â¤Â¦Ã Â¤Â°Ã Â¥ÂÃ Â¤Â­ Ã Â¤Â®Ã Â¥â¡Ã Â¤â, Ã Â¤ÂµÃ Â¤Â¿Ã Â¤â¢Ã Â¤Â¸Ã Â¤Â¿Ã Â¤Â¤ Ã Â¤Â¦Ã Â¥â¡Ã Â¤Â¶Ã Â¥â¹Ã Â¤â Ã Â¤â¢Ã Â¥â¡ Ã Â¤ÂªÃ Â¥ÂÃ Â¤Â°Ã Â¤Â®Ã Â¥ÂÃ Â¤â Ã Â¤Â¹Ã Â¤Â¥Ã Â¤Â¿Ã Â¤Â¯Ã Â¤Â¾Ã Â¤Â° Ã Â¤â°Ã Â¤Â¦Ã Â¥ÂÃ Â¤Â¯Ã Â¥â¹Ã Â¤â, Ã Â¤Â¦Ã Â¥ÂÃ Â¤Â¨Ã Â¤Â¿Ã Â¤Â¯Ã Â¤Â¾ Ã Â¤Â­Ã Â¤Â° Ã Â¤Â®Ã Â¥â¡Ã Â¤â Ã Â¤â¦Ã Â¤ÂªÃ Â¤Â¨Ã Â¥â¡ Ã Â¤Â¸Ã Â¥ÂÃ Â¤ÂµÃ Â¤Â¾Ã Â¤Â°Ã Â¥ÂÃ Â¤Â¥ Ã Â¤â¢Ã Â¥â¡ Ã Â¤Â²Ã Â¤Â¿Ã Â¤Â Ã Â¤â¢Ã Â¤Ë Ã Â¤Â¯Ã Â¥ÂÃ Â¤Â¦Ã Â¥ÂÃ Â¤Â§Ã Â¥â¹Ã Â¤â Ã Â¤â¢Ã Â¥â¬ Ã Â¤Â¨Ã Â¤Â¿Ã Â¤Â°Ã Â¤âÃ Â¤Â¤Ã Â¤Â°Ã Â¤Â¤Ã Â¤Â¾ Ã Â¤ÂªÃ Â¤Â° Ã Â¤ÂªÃ Â¥ÂÃ Â¤Â°Ã Â¤Â¤Ã Â¤Â¿Ã Â¤â¢Ã Â¥âÃ Â¤Â² Ã Â¤ÂªÃ Â¥ÂÃ Â¤Â°Ã Â¤Â­Ã Â¤Â¾Ã Â¤Âµ Ã Â¤Â¡Ã Â¤Â¾Ã Â¤Â² Ã Â¤Â°Ã Â¤Â¹Ã Â¥â¡ Ã Â¤Â¹Ã Â¥ËÃ Â¤âÃ Â¥Â¤ Ã Â¤â Ã Â¤Å Ã Â¤â¢Ã Â¥â¡ Ã Â¤â¦Ã Â¤âÃ Â¤Â¤Ã Â¤Â°Ã Â¥ÂÃ Â¤Â°Ã Â¤Â¾Ã Â¤Â·Ã Â¥ÂÃ Â¤Å¸Ã Â¥ÂÃ Â¤Â°Ã Â¥â¬Ã Â¤Â¯ Ã Â¤â¢Ã Â¥ÂÃ Â¤Â·Ã Â¥â¡Ã Â¤Â¤Ã Â¥ÂÃ Â¤Â° Ã Â¤Â®Ã Â¥â¡Ã Â¤â Ã Â¤Â¨Ã Â¤Â¿Ã Â¤Â°Ã Â¤âÃ Â¤Â¤Ã Â¤Â° Ã Â¤Å¡Ã Â¤Â² Ã Â¤Â°Ã Â¤Â¹Ã Â¥â¡ Ã Â¤Â¸Ã Â¤âÃ Â¤ËÃ Â¤Â°Ã Â¥ÂÃ Â¤Â·Ã Â¥â¹Ã Â¤â Ã Â¤â¢Ã Â¥â¹ Ã Â¤Â°Ã Â¥â¹Ã Â¤â¢Ã Â¤Â¨Ã Â¥â¡ Ã Â¤â¢Ã Â¥â¡ Ã Â¤Â²Ã Â¤Â¿Ã Â¤Â Ã Â¤Â¶Ã Â¤â¢Ã Â¥ÂÃ Â¤Â¤Ã Â¤Â¿Ã Â¤Â¶Ã Â¤Â¾Ã Â¤Â²Ã Â¥â¬ Ã Â¤Â°Ã Â¤Â¾Ã Â¤Â·Ã Â¥ÂÃ Â¤Å¸Ã Â¥ÂÃ Â¤Â°Ã Â¥â¹Ã Â¤â Ã Â¤â¢Ã Â¥â¡ Ã Â¤Â¨Ã Â¥ËÃ Â¤Â¤Ã Â¤Â¿Ã Â¤â¢ Ã Â¤ÂµÃ Â¤Â¿Ã Â¤Å¡Ã Â¤Â¾Ã Â¤Â° Ã Â¤â¢Ã Â¥ÂÃ Â¤Â¯Ã Â¤Â¾ Ã Â¤Â¹Ã Â¥ËÃ Â¤â? (Ã Â¤â°Ã Â¤Â¤Ã Â¥ÂÃ Â¤Â¤Ã Â¤Â° 150 Ã Â¤Â¶Ã Â¤Â¬Ã Â¥ÂÃ Â¤Â¦Ã Â¥â¹Ã Â¤â Ã Â¤Â®Ã Â¥â¡Ã Â¤â) ""It is not enough to talk about peace, one must believe in it; and it is not enough to believe in it, one must act upon it."" In the present context, the major weapon industries of the developed nations are adversely influencing continuation of number of wars for their own self-interest, all around the world. What are the ethical considerations of the powerful nations in today's international arena to stop continuation of ongoing conflicts? (Answer in 150 words)","“It is not enough to talk about peace, one must believe in it; and it is not enough to believe in it, one must act upon it.” In the present context, the major weapon industries of the developed nations are adversely influencing continuation of number of wars for their own self-interest, all around the world. What are the ethical considerations of the powerful nations in today’s international arena to stop continuation of ongoing conflicts?",99.8,keep,true,aggregator,,,,,,,,,,,,,,,,,,
2024,GS4,dee30326-920a-40cf-bee0-a5b4c76760f7,64,GS4-Q2b,5,GS4-A-Q3,"Ã Â¤âÃ Â¥ÂÃ Â¤Â²Ã Â¥â¹Ã Â¤Â¬Ã Â¤Â² Ã Â¤ÂµÃ Â¤Â¾Ã Â¤Â°Ã Â¥ÂÃ Â¤Â®Ã Â¤Â¿Ã Â¤âÃ Â¤â Ã Â¤âÃ Â¤Â° Ã Â¤ÅÃ Â¤Â²Ã Â¤ÂµÃ Â¤Â¾Ã Â¤Â¯Ã Â¥Â Ã Â¤ÂªÃ Â¤Â°Ã Â¤Â¿Ã Â¤ÂµÃ Â¤Â°Ã Â¥ÂÃ Â¤Â¤Ã Â¤Â¨ Ã Â¤ÂµÃ Â¤Â¿Ã Â¤â¢Ã Â¤Â¾Ã Â¤Â¸ Ã Â¤â¢Ã Â¥â¡ Ã Â¤Â¨Ã Â¤Â¾Ã Â¤Â® Ã Â¤ÂªÃ Â¤Â° Ã Â¤Â®Ã Â¤Â¾Ã Â¤Â¨Ã Â¤Âµ Ã Â¤â¢Ã Â¥â¡ Ã Â¤Â²Ã Â¤Â¾Ã Â¤Â²Ã Â¤Å¡ Ã Â¤â¢Ã Â¤Â¾ Ã Â¤ÂªÃ Â¤Â°Ã Â¤Â¿Ã Â¤Â£Ã Â¤Â¾Ã Â¤Â® Ã Â¤Â¹Ã Â¥ËÃ Â¤â, Ã Â¤ÅÃ Â¥â¹ Ã Â¤â¡Ã Â¤Â¸ Ã Â¤âÃ Â¤Â° Ã Â¤Â¸Ã Â¤âÃ Â¤â¢Ã Â¥â¡Ã Â¤Â¤ Ã Â¤â¢Ã Â¤Â°Ã Â¤Â¤Ã Â¤Â¾ Ã Â¤Â¹Ã Â¥Ë Ã Â¤â¢Ã Â¤Â¿ Ã Â¤Â®Ã Â¤Â¾Ã Â¤Â¨Ã Â¤Âµ Ã Â¤Â¸Ã Â¤Â¹Ã Â¤Â¿Ã Â¤Â¤ Ã Â¤Â¸Ã Â¤Â­Ã Â¥â¬ Ã Â¤ÅÃ Â¥â¬Ã Â¤ÂµÃ Â¥â¹Ã Â¤â Ã Â¤â¢Ã Â¤Â¾ Ã Â¤ÂµÃ Â¤Â¿Ã Â¤Â²Ã Â¥ÂÃ Â¤ÂªÃ Â¥ÂÃ Â¤Â¤ Ã Â¤Â¹Ã Â¥â¹Ã Â¤Â¨Ã Â¤Â¾ Ã Â¤ÂªÃ Â¥ÆÃ Â¤Â¥Ã Â¥ÂÃ Â¤ÂµÃ Â¥â¬ Ã Â¤ÂªÃ Â¤Â° Ã Â¤ÅÃ Â¥â¬Ã Â¤ÂµÃ Â¤Â¨ Ã Â¤â¢Ã Â¥â¬ Ã Â¤Â¸Ã Â¤Â®Ã Â¤Â¾Ã Â¤ÂªÃ Â¥ÂÃ Â¤Â¤Ã Â¤Â¿ Ã Â¤â¢Ã Â¥â¬ Ã Â¤âÃ Â¤Â° Ã Â¤â¦Ã Â¤âÃ Â¥ÂÃ Â¤Â°Ã Â¤Â¸Ã Â¤Â° Ã Â¤Â¹Ã Â¥ËÃ Â¥Â¤ Ã Â¤ÅÃ Â¥â¬Ã Â¤ÂµÃ Â¤Â¨ Ã Â¤â¢Ã Â¥â¬ Ã Â¤Â°Ã Â¤â¢Ã Â¥ÂÃ Â¤Â·Ã Â¤Â¾ Ã Â¤â¢Ã Â¥â¡ Ã Â¤Â²Ã Â¤Â¿Ã Â¤Â Ã Â¤âÃ Â¤Â° Ã Â¤Â¸Ã Â¤Â®Ã Â¤Â¾Ã Â¤Å Ã Â¤Â¤Ã Â¤Â¥Ã Â¤Â¾ Ã Â¤ÂªÃ Â¤Â°Ã Â¥ÂÃ Â¤Â¯Ã Â¤Â¾Ã Â¤ÂµÃ Â¤Â°Ã Â¤Â£ Ã Â¤â¢Ã Â¥â¡ Ã Â¤Â¬Ã Â¥â¬Ã Â¤Å¡ Ã Â¤Â¸Ã Â¤âÃ Â¤Â¤Ã Â¥ÂÃ Â¤Â²Ã Â¤Â¨ Ã Â¤Â²Ã Â¤Â¾Ã Â¤Â¨Ã Â¥â¡ Ã Â¤â¢Ã Â¥â¡ Ã Â¤Â²Ã Â¤Â¿Ã Â¤Â Ã Â¤â Ã Â¤Âª Ã Â¤â¡Ã Â¤Â¸Ã Â¥â¡ Ã Â¤â¢Ã Â¥ËÃ Â¤Â¸Ã Â¥â¡ Ã Â¤Â¸Ã Â¤Â®Ã Â¤Â¾Ã Â¤ÂªÃ Â¥ÂÃ Â¤Â¤ Ã Â¤â¢Ã Â¤Â°Ã Â¥â¡Ã Â¤âÃ Â¤âÃ Â¥â¡? (Ã Â¤â°Ã Â¤Â¤Ã Â¥ÂÃ Â¤Â¤Ã Â¤Â° 150 Ã Â¤Â¶Ã Â¤Â¬Ã Â¥ÂÃ Â¤Â¦Ã Â¥â¹Ã Â¤â Ã Â¤Â®Ã Â¥â¡Ã Â¤â) Global warming and climate change are the outcomes of human greed in the name of development, indicating the direction in which extinction of organisms including human beings is heading towards loss of life on Earth. How do you put an end to this to protect life and bring equilibrium between the society and the environment? (Answer in 150 words)","Global warming and climate change are the outcomes of human greed in the name of development, indicating the direction in which extinction of organisms including human beings is heading towards loss of life on Earth. How do you put an end to this to protect life and bring equilibrium between the society and the environment?",100.0,keep,true,aggregator,,,,,,,,,,,,,,,,,,
2024,GS4,dee30326-920a-40cf-bee0-a5b4c76760f7,65,GS4-Q3a,9,GS4-A-Q5,"Ã Â¤Â®Ã Â¤Â¹Ã Â¤Â¾Ã Â¤Â¨ Ã Â¤ÂµÃ Â¤Â¿Ã Â¤Å¡Ã Â¤Â¾Ã Â¤Â°Ã Â¤â¢Ã Â¥â¹Ã Â¤â Ã Â¤â¢Ã Â¥â¡ Ã Â¤Â¤Ã Â¥â¬Ã Â¤Â¨ Ã Â¤â°Ã Â¤Â¦Ã Â¥ÂÃ Â¤Â§Ã Â¤Â°Ã Â¤Â£ Ã Â¤Â¨Ã Â¥â¬Ã Â¤Å¡Ã Â¥â¡ Ã Â¤Â¦Ã Â¤Â¿Ã Â¤Â Ã Â¤âÃ Â¤Â Ã Â¤Â¹Ã Â¥ËÃ Â¤âÃ Â¥Â¤ Ã Â¤ÂµÃ Â¤Â°Ã Â¥ÂÃ Â¤Â¤Ã Â¤Â®Ã Â¤Â¾Ã Â¤Â¨ Ã Â¤Â¸Ã Â¤âÃ Â¤Â¦Ã Â¤Â°Ã Â¥ÂÃ Â¤Â­ Ã Â¤Â®Ã Â¥â¡Ã Â¤â, Ã Â¤ÂªÃ Â¥ÂÃ Â¤Â°Ã Â¤Â¤Ã Â¥ÂÃ Â¤Â¯Ã Â¥â¡Ã Â¤â¢ Ã Â¤â°Ã Â¤Â¦Ã Â¥ÂÃ Â¤Â§Ã Â¤Â°Ã Â¤Â£ Ã Â¤â Ã Â¤ÂªÃ Â¤â¢Ã Â¥â¹ Ã Â¤â¢Ã Â¥ÂÃ Â¤Â¯Ã Â¤Â¾ Ã Â¤Â¸Ã Â¤âÃ Â¤ÂªÃ Â¥ÂÃ Â¤Â°Ã Â¥â¡Ã Â¤Â·Ã Â¤Â¿Ã Â¤Â¤ Ã Â¤â¢Ã Â¤Â°Ã Â¤Â¤Ã Â¤Â¾ Ã Â¤Â¹Ã Â¥Ë? Given below are three quotations of great thinkers. What do each of these quotations convey to you in the present context? ""Ã Â¤Â¦Ã Â¥âÃ Â¤Â¸Ã Â¤Â°Ã Â¥â¹Ã Â¤â Ã Â¤Â¸Ã Â¥â¡ Ã Â¤ÅÃ Â¥â¹ Ã Â¤Â­Ã Â¥â¬ Ã Â¤â¦Ã Â¤Å¡Ã Â¥ÂÃ Â¤âºÃ Â¤Â¾ Ã Â¤Â¹Ã Â¥Ë, Ã Â¤â°Ã Â¤Â¸Ã Â¥â¡ Ã Â¤Â¸Ã Â¥â¬Ã Â¤âÃ Â¥â¹, Ã Â¤Â²Ã Â¥â¡Ã Â¤â¢Ã Â¤Â¿Ã Â¤Â¨ Ã Â¤â°Ã Â¤Â¸Ã Â¥â¡ Ã Â¤â¦Ã Â¤ÂªÃ Â¤Â¨Ã Â¥â¡ Ã Â¤â¦Ã Â¤Â¨Ã Â¥ÂÃ Â¤Â¦Ã Â¤Â° Ã Â¤Â²Ã Â¤Â¾Ã Â¤â, Ã Â¤âÃ Â¤Â° Ã Â¤â¦Ã Â¤ÂªÃ Â¤Â¨Ã Â¥â¡ Ã Â¤Â¤Ã Â¤Â°Ã Â¥â¬Ã Â¤â¢Ã Â¥â¡ Ã Â¤Â¸Ã Â¥â¡ Ã Â¤â°Ã Â¤Â¸Ã Â¥â¡ Ã Â¤â Ã Â¤Â¤Ã Â¥ÂÃ Â¤Â®Ã Â¤Â¸Ã Â¤Â¾Ã Â¤Â¤ Ã Â¤â¢Ã Â¤Â°Ã Â¥â¹, Ã Â¤Â¦Ã Â¥âÃ Â¤Â¸Ã Â¤Â°Ã Â¥â¹Ã Â¤â Ã Â¤ÅÃ Â¥ËÃ Â¤Â¸Ã Â¤Â¾ Ã Â¤Â®Ã Â¤Â¤ Ã Â¤Â¬Ã Â¤Â¨Ã Â¥â¹Ã Â¥Â¤"" Ã¢â¬â Ã Â¤Â¸Ã Â¥ÂÃ Â¤ÂµÃ Â¤Â¾Ã Â¤Â®Ã Â¥â¬ Ã Â¤ÂµÃ Â¤Â¿Ã Â¤ÂµÃ Â¥â¡Ã Â¤â¢Ã Â¤Â¾Ã Â¤Â¨Ã Â¤Â¨Ã Â¥ÂÃ Â¤Â¦ ""Learn everything that is good from others, but bring it in, and in your own way absorb it, do not become others."" Ã¢â¬â Swami Vivekananda (150 words)","“Learn everything that is good from others, but bring it in, and in your own way absorb it, do not become others.” – Swami Vivekananda",96.8,keep,true,aggregator,,,,,,,,,,,,,,,,,,
2024,GS4,dee30326-920a-40cf-bee0-a5b4c76760f7,66,GS4-Q3b,11,GS4-A-Q6,"Ã Â¤Â®Ã Â¤Â¹Ã Â¤Â¾Ã Â¤Â¨ Ã Â¤ÂµÃ Â¤Â¿Ã Â¤Å¡Ã Â¤Â¾Ã Â¤Â°Ã Â¤â¢Ã Â¥â¹Ã Â¤â Ã Â¤â¢Ã Â¥â¡ Ã Â¤Â¤Ã Â¥â¬Ã Â¤Â¨ Ã Â¤â°Ã Â¤Â¦Ã Â¥ÂÃ Â¤Â§Ã Â¤Â°Ã Â¤Â£ Ã Â¤Â¨Ã Â¥â¬Ã Â¤Å¡Ã Â¥â¡ Ã Â¤Â¦Ã Â¤Â¿Ã Â¤Â Ã Â¤âÃ Â¤Â Ã Â¤Â¹Ã Â¥ËÃ Â¤âÃ Â¥Â¤ Ã Â¤ÂµÃ Â¤Â°Ã Â¥ÂÃ Â¤Â¤Ã Â¤Â®Ã Â¤Â¾Ã Â¤Â¨ Ã Â¤Â¸Ã Â¤âÃ Â¤Â¦Ã Â¤Â°Ã Â¥ÂÃ Â¤Â­ Ã Â¤Â®Ã Â¥â¡Ã Â¤â, Ã Â¤ÂªÃ Â¥ÂÃ Â¤Â°Ã Â¤Â¤Ã Â¥ÂÃ Â¤Â¯Ã Â¥â¡Ã Â¤â¢ Ã Â¤â°Ã Â¤Â¦Ã Â¥ÂÃ Â¤Â§Ã Â¤Â°Ã Â¤Â£ Ã Â¤â Ã Â¤ÂªÃ Â¤â¢Ã Â¥â¹ Ã Â¤â¢Ã Â¥ÂÃ Â¤Â¯Ã Â¤Â¾ Ã Â¤Â¸Ã Â¤âÃ Â¤ÂªÃ Â¥ÂÃ Â¤Â°Ã Â¥â¡Ã Â¤Â·Ã Â¤Â¿Ã Â¤Â¤ Ã Â¤â¢Ã Â¤Â°Ã Â¤Â¤Ã Â¤Â¾ Ã Â¤Â¹Ã Â¥Ë? Given below are three quotations of great thinkers. What do each of these quotations convey to you in the present context? ""Ã Â¤Â¶Ã Â¤â¢Ã Â¥ÂÃ Â¤Â¤Ã Â¤Â¿ Ã Â¤â¢Ã Â¥â¡ Ã Â¤â¦Ã Â¤Â­Ã Â¤Â¾Ã Â¤Âµ Ã Â¤Â®Ã Â¥â¡Ã Â¤â Ã Â¤ÂµÃ Â¤Â¿Ã Â¤Â¶Ã Â¥ÂÃ Â¤ÂµÃ Â¤Â¾Ã Â¤Â¸ Ã Â¤â¢Ã Â¤Â¾ Ã Â¤â¢Ã Â¥â¹Ã Â¤Ë Ã Â¤Â²Ã Â¤Â¾Ã Â¤Â­ Ã Â¤Â¨Ã Â¤Â¹Ã Â¥â¬Ã Â¤â Ã Â¤Â¹Ã Â¥ËÃ Â¥Â¤ Ã Â¤â¢Ã Â¤Â¿Ã Â¤Â¸Ã Â¥â¬ Ã Â¤Â­Ã Â¥â¬ Ã Â¤Â®Ã Â¤Â¹Ã Â¤Â¾Ã Â¤Â¨ Ã Â¤â¢Ã Â¤Â¾Ã Â¤Â°Ã Â¥ÂÃ Â¤Â¯ Ã Â¤â¢Ã Â¥â¹ Ã Â¤ÂªÃ Â¥âÃ Â¤Â°Ã Â¤Â¾ Ã Â¤â¢Ã Â¤Â°Ã Â¤Â¨Ã Â¥â¡ Ã Â¤â¢Ã Â¥â¡ Ã Â¤Â²Ã Â¤Â¿Ã Â¤Â Ã Â¤ÂµÃ Â¤Â¿Ã Â¤Â¶Ã Â¥ÂÃ Â¤ÂµÃ Â¤Â¾Ã Â¤Â¸ Ã Â¤âÃ Â¤Â° Ã Â¤Â¶Ã Â¤â¢Ã Â¥ÂÃ Â¤Â¤Ã Â¤Â¿ Ã Â¤Â¦Ã Â¥â¹Ã Â¤Â¨Ã Â¥â¹Ã Â¤â Ã Â¤Â¹Ã Â¥â¬ Ã Â¤â Ã Â¤ÂµÃ Â¤Â¶Ã Â¥ÂÃ Â¤Â¯Ã Â¤â¢ Ã Â¤Â¹Ã Â¥ËÃ Â¤âÃ Â¥Â¤"" Ã¢â¬â Ã Â¤Â¸Ã Â¤Â°Ã Â¤Â¦Ã Â¤Â¾Ã Â¤Â° Ã Â¤ÂªÃ Â¤Å¸Ã Â¥â¡Ã Â¤Â² ""Faith is of no avail in the absence of strength. Faith and strength, both are essential to accomplish any great work."" Ã¢â¬â Sardar Patel (150 words)","“Faith is of no avail in the absence of strength. Faith and strength, both are essential to accomplish any great work.” – Sardar Patel",96.9,keep,true,aggregator,,,,,,,,,,,,,,,,,,
2024,GS4,dee30326-920a-40cf-bee0-a5b4c76760f7,67,GS4-Q3c,13,GS4-A-Q7,"Ã Â¤Â®Ã Â¤Â¹Ã Â¤Â¾Ã Â¤Â¨ Ã Â¤ÂµÃ Â¤Â¿Ã Â¤Å¡Ã Â¤Â¾Ã Â¤Â°Ã Â¤â¢Ã Â¥â¹Ã Â¤â Ã Â¤â¢Ã Â¥â¡ Ã Â¤Â¤Ã Â¥â¬Ã Â¤Â¨ Ã Â¤â°Ã Â¤Â¦Ã Â¥ÂÃ Â¤Â§Ã Â¤Â°Ã Â¤Â£ Ã Â¤Â¨Ã Â¥â¬Ã Â¤Å¡Ã Â¥â¡ Ã Â¤Â¦Ã Â¤Â¿Ã Â¤Â Ã Â¤âÃ Â¤Â Ã Â¤Â¹Ã Â¥ËÃ Â¤âÃ Â¥Â¤ Ã Â¤ÂµÃ Â¤Â°Ã Â¥ÂÃ Â¤Â¤Ã Â¤Â®Ã Â¤Â¾Ã Â¤Â¨ Ã Â¤Â¸Ã Â¤âÃ Â¤Â¦Ã Â¤Â°Ã Â¥ÂÃ Â¤Â­ Ã Â¤Â®Ã Â¥â¡Ã Â¤â, Ã Â¤ÂªÃ Â¥ÂÃ Â¤Â°Ã Â¤Â¤Ã Â¥ÂÃ Â¤Â¯Ã Â¥â¡Ã Â¤â¢ Ã Â¤â°Ã Â¤Â¦Ã Â¥ÂÃ Â¤Â§Ã Â¤Â°Ã Â¤Â£ Ã Â¤â Ã Â¤ÂªÃ Â¤â¢Ã Â¥â¹ Ã Â¤â¢Ã Â¥ÂÃ Â¤Â¯Ã Â¤Â¾ Ã Â¤Â¸Ã Â¤âÃ Â¤ÂªÃ Â¥ÂÃ Â¤Â°Ã Â¥â¡Ã Â¤Â·Ã Â¤Â¿Ã Â¤Â¤ Ã Â¤â¢Ã Â¤Â°Ã Â¤Â¤Ã Â¤Â¾ Ã Â¤Â¹Ã Â¥Ë? Given below are three quotations of great thinkers. What do each of these quotations convey to you in the present context? ""Ã Â¤â¢Ã Â¤Â¾Ã Â¤Â¨Ã Â¥âÃ Â¤Â¨ Ã Â¤â¢Ã Â¥â¡ Ã Â¤â¦Ã Â¤Â¨Ã Â¥ÂÃ Â¤Â¸Ã Â¤Â¾Ã Â¤Â°, Ã Â¤Â¯Ã Â¤Â¦Ã Â¤Â¿ Ã Â¤Â®Ã Â¤Â¨Ã Â¥ÂÃ Â¤Â·Ã Â¥ÂÃ Â¤Â¯ Ã Â¤Â¦Ã Â¥âÃ Â¤Â¸Ã Â¤Â°Ã Â¥â¹Ã Â¤â Ã Â¤â¢Ã Â¥â¡ Ã Â¤â¦Ã Â¤Â§Ã Â¤Â¿Ã Â¤â¢Ã Â¤Â¾Ã Â¤Â°Ã Â¥â¹Ã Â¤â Ã Â¤â¢Ã Â¤Â¾ Ã Â¤â°Ã Â¤Â²Ã Â¥ÂÃ Â¤Â²Ã Â¤âÃ Â¤ËÃ Â¤Â¨ Ã Â¤â¢Ã Â¤Â°Ã Â¤Â¤Ã Â¤Â¾ Ã Â¤Â¹Ã Â¥Ë Ã Â¤Â¤Ã Â¥â¹ Ã Â¤ÂµÃ Â¤Â¹ Ã Â¤Â¦Ã Â¥â¹Ã Â¤Â·Ã Â¥â¬ Ã Â¤Â¹Ã Â¥ËÃ Â¥Â¤ Ã Â¤Â¨Ã Â¥â¬Ã Â¤Â¤Ã Â¤Â¿Ã Â¤Â¶Ã Â¤Â¾Ã Â¤Â¸Ã Â¥ÂÃ Â¤Â¤Ã Â¥ÂÃ Â¤Â° Ã Â¤â¢Ã Â¥â¡ Ã Â¤â¦Ã Â¤Â¨Ã Â¥ÂÃ Â¤Â¸Ã Â¤Â¾Ã Â¤Â°, Ã Â¤Â¯Ã Â¤Â¦Ã Â¤Â¿ Ã Â¤ÂµÃ Â¤Â¹ Ã Â¤â¢Ã Â¥â¡Ã Â¤ÂµÃ Â¤Â² Ã Â¤ÂÃ Â¤Â¸Ã Â¤Â¾ Ã Â¤â¢Ã Â¤Â°Ã Â¤Â¨Ã Â¥â¡ Ã Â¤â¢Ã Â¥â¡ Ã Â¤Â¬Ã Â¤Â¾Ã Â¤Â°Ã Â¥â¡ Ã Â¤Â®Ã Â¥â¡Ã Â¤â Ã Â¤Â¸Ã Â¥â¹Ã Â¤Å¡Ã Â¤Â¤Ã Â¤Â¾ Ã Â¤Â¹Ã Â¥Ë Ã Â¤Â¤Ã Â¥â¹ Ã Â¤ÂµÃ Â¤Â¹ Ã Â¤Â¦Ã Â¥â¹Ã Â¤Â·Ã Â¥â¬ Ã Â¤Â¹Ã Â¥ËÃ Â¥Â¤"" Ã¢â¬â Ã Â¤â¡Ã Â¤Â®Ã Â¥ËÃ Â¤Â¨Ã Â¥ÂÃ Â¤ÂÃ Â¤Â² Ã Â¤â¢Ã Â¤Â¾Ã Â¤âÃ Â¤Å¸ ""In law, a man is guilty when he violates the rights of others. In ethics, he is guilty if he only thinks of doing so."" Ã¢â¬â Immanuel Kant (150 words)","“In law, a man is guilty when he violates the rights of others. In ethics, he is guilty if he only thinks of doing so.” – Immanuel Kant",96.9,keep,true,aggregator,,,,,,,,,,,,,,,,,,
2024,GS4,dee30326-920a-40cf-bee0-a5b4c76760f7,68,GS4-Q4a,14,GS4-A-Q8,"""Ã Â¤Â¨Ã Â¥ÂÃ Â¤Â¯Ã Â¤Â¾Ã Â¤Â¯Ã Â¤ÂªÃ Â¥âÃ Â¤Â°Ã Â¥ÂÃ Â¤Â£ Ã Â¤âÃ Â¤Â° Ã Â¤â¦Ã Â¤Â¨Ã Â¥ÂÃ Â¤Â¯Ã Â¤Â¾Ã Â¤Â¯Ã Â¤ÂªÃ Â¥âÃ Â¤Â°Ã Â¥ÂÃ Â¤Â£ Ã Â¤â¢Ã Â¥â¬ Ã Â¤â¦Ã Â¤ÂµÃ Â¤Â§Ã Â¤Â¾Ã Â¤Â°Ã Â¤Â£Ã Â¤Â¾ Ã Â¤ÂªÃ Â¥ÂÃ Â¤Â°Ã Â¤Â¾Ã Â¤Â¸Ã Â¤âÃ Â¤âÃ Â¤Â¿Ã Â¤â¢ Ã Â¤Â¹Ã Â¥ËÃ Â¥Â¤ Ã Â¤ÂÃ Â¤â¢ Ã Â¤Â¸Ã Â¤Â¾Ã Â¤Â² Ã Â¤ÂªÃ Â¤Â¹Ã Â¤Â²Ã Â¥â¡ Ã Â¤ÅÃ Â¥â¹ Ã Â¤Â¨Ã Â¥ÂÃ Â¤Â¯Ã Â¤Â¾Ã Â¤Â¯Ã Â¤ÂªÃ Â¥âÃ Â¤Â°Ã Â¥ÂÃ Â¤Â£ Ã Â¤Â¥Ã Â¤Â¾, Ã Â¤â Ã Â¤Å Ã Â¤â¢Ã Â¥â¡ Ã Â¤Â¸Ã Â¤âÃ Â¤Â¦Ã Â¤Â°Ã Â¥ÂÃ Â¤Â­ Ã Â¤Â®Ã Â¥â¡Ã Â¤â Ã Â¤ÂµÃ Â¤Â¹ Ã Â¤â¦Ã Â¤Â¨Ã Â¥ÂÃ Â¤Â¯Ã Â¤Â¾Ã Â¤Â¯Ã Â¤ÂªÃ Â¥âÃ Â¤Â°Ã Â¥ÂÃ Â¤Â£ Ã Â¤Â¹Ã Â¥â¹ Ã Â¤Â¸Ã Â¤â¢Ã Â¤Â¤Ã Â¤Â¾ Ã Â¤Â¹Ã Â¥ËÃ Â¥Â¤ Ã Â¤Â¨Ã Â¥ÂÃ Â¤Â¯Ã Â¤Â¾Ã Â¤Â¯-Ã Â¤Â¹Ã Â¤Â¤Ã Â¥ÂÃ Â¤Â¯Ã Â¤Â¾ Ã Â¤â¢Ã Â¥â¹ Ã Â¤Â°Ã Â¥â¹Ã Â¤â¢Ã Â¤Â¨Ã Â¥â¡ Ã Â¤â¢Ã Â¥â¡ Ã Â¤Â²Ã Â¤Â¿Ã Â¤Â Ã Â¤Â¬Ã Â¤Â¦Ã Â¤Â²Ã Â¤Â¤Ã Â¥â¡ Ã Â¤Â¸Ã Â¤âÃ Â¤Â¦Ã Â¤Â°Ã Â¥ÂÃ Â¤Â­ Ã Â¤ÂªÃ Â¤Â° Ã Â¤Â²Ã Â¤âÃ Â¤Â¾Ã Â¤Â¤Ã Â¤Â¾Ã Â¤Â° Ã Â¤Â¨Ã Â¤ÅÃ Â¤Â¼Ã Â¤Â° Ã Â¤Â°Ã Â¤âÃ Â¥â¬ Ã Â¤ÅÃ Â¤Â¾Ã Â¤Â¨Ã Â¥â¬ Ã Â¤Å¡Ã Â¤Â¾Ã Â¤Â¹Ã Â¤Â¿Ã Â¤ÂÃ Â¥Â¤"" Ã Â¤â°Ã Â¤ÂªÃ Â¤Â°Ã Â¥ÂÃ Â¤Â¯Ã Â¥ÂÃ Â¤â¢Ã Â¥ÂÃ Â¤Â¤ Ã Â¤â¢Ã Â¤Â¥Ã Â¤Â¨ Ã Â¤â¢Ã Â¤Â¾ Ã Â¤Â¸Ã Â¤Â®Ã Â¥ÂÃ Â¤Å¡Ã Â¤Â¿Ã Â¤Â¤ Ã Â¤â°Ã Â¤Â¦Ã Â¤Â¾Ã Â¤Â¹Ã Â¤Â°Ã Â¤Â£Ã Â¥â¹Ã Â¤â Ã Â¤Â¸Ã Â¤Â¹Ã Â¤Â¿Ã Â¤Â¤ Ã Â¤ÂªÃ Â¤Â°Ã Â¥â¬Ã Â¤â¢Ã Â¥ÂÃ Â¤Â·Ã Â¤Â£ Ã Â¤â¢Ã Â¥â¬Ã Â¤ÅÃ Â¤Â¿Ã Â¤ÂÃ Â¥Â¤ (Ã Â¤â°Ã Â¤Â¤Ã Â¥ÂÃ Â¤Â¤Ã Â¤Â° 150 Ã Â¤Â¶Ã Â¤Â¬Ã Â¥ÂÃ Â¤Â¦Ã Â¥â¹Ã Â¤â Ã Â¤Â®Ã Â¥â¡Ã Â¤â) ""The concept of Just and Unjust is contextual. What was just a year back, may turn out to be unjust in today's context. Changing context should be constantly under scrutiny to prevent miscarriage of justice."" Examine the above statement with suitable examples. (Answer in 150 words)","“The concept of Just and Unjust is contextual. What was just a year back, may turn out to be unjust in today’s context. Changing context should be constantly under scrutiny to prevent miscarriage of justice.” Examine the above statement with suitable examples.",99.6,keep,true,aggregator,,,,,,,,,,,,,,,,,,
2024,GS4,dee30326-920a-40cf-bee0-a5b4c76760f7,69,GS4-Q4b,15,GS4-A-Q9,"""Ã Â¤Â®Ã Â¤Â¾Ã Â¤Â®Ã Â¤Â²Ã Â¥â¡ Ã Â¤â¢Ã Â¥â¡ Ã Â¤Â¸Ã Â¤Â¾Ã Â¤Â° Ã Â¤â¢Ã Â¥â¹ Ã Â¤Â¨Ã Â¤ÅÃ Â¤Â¼Ã Â¤Â°Ã Â¤â¦Ã Â¤âÃ Â¤Â¦Ã Â¤Â¾Ã Â¤ÅÃ Â¤Â¼ Ã Â¤â¢Ã Â¤Â°Ã Â¤â¢Ã Â¥â¡ Ã Â¤Â°Ã Â¥âÃ Â¤Âª Ã Â¤â¢Ã Â¥â¡ Ã Â¤ÂªÃ Â¥ÂÃ Â¤Â°Ã Â¤Â¤Ã Â¤Â¿ Ã Â¤â¦Ã Â¤ÂµÃ Â¤Â¿Ã Â¤ÂµÃ Â¥â¡Ã Â¤â¢Ã Â¥â¬ Ã Â¤â Ã Â¤Â¸Ã Â¤â¢Ã Â¥ÂÃ Â¤Â¤Ã Â¤Â¿ Ã Â¤â¢Ã Â¤Â¾ Ã Â¤ÂªÃ Â¤Â°Ã Â¤Â¿Ã Â¤Â£Ã Â¤Â¾Ã Â¤Â® Ã Â¤â¦Ã Â¤Â¨Ã Â¥ÂÃ Â¤Â¯Ã Â¤Â¾Ã Â¤Â¯ Ã Â¤Â¹Ã Â¥â¹Ã Â¤Â¤Ã Â¤Â¾ Ã Â¤Â¹Ã Â¥ËÃ Â¥Â¤ Ã Â¤ÂÃ Â¤â¢ Ã Â¤Â¸Ã Â¤Â®Ã Â¤ÂÃ Â¤Â¦Ã Â¤Â¾Ã Â¤Â° Ã Â¤Â¸Ã Â¤Â¿Ã Â¤ÂµÃ Â¤Â¿Ã Â¤Â² Ã Â¤Â¸Ã Â¥â¡Ã Â¤ÂµÃ Â¤â¢ Ã Â¤ÂµÃ Â¤Â¹ Ã Â¤Â¹Ã Â¥Ë Ã Â¤ÅÃ Â¥â¹ Ã Â¤ÂÃ Â¤Â¸Ã Â¥â¬ Ã Â¤Â¶Ã Â¤Â¾Ã Â¤Â¬Ã Â¥ÂÃ Â¤Â¦Ã Â¤Â¿Ã Â¤â¢Ã Â¤Â¤Ã Â¤Â¾ Ã Â¤â¢Ã Â¥â¹ Ã Â¤Â¨Ã Â¤ÅÃ Â¤Â¼Ã Â¤Â°Ã Â¤â¦Ã Â¤âÃ Â¤Â¦Ã Â¤Â¾Ã Â¤ÅÃ Â¤Â¼ Ã Â¤â¢Ã Â¤Â°Ã Â¤Â¤Ã Â¤Â¾ Ã Â¤Â¹Ã Â¥Ë Ã Â¤âÃ Â¤Â° Ã Â¤Â¸Ã Â¤Å¡Ã Â¥ÂÃ Â¤Å¡Ã Â¥â¡ Ã Â¤â¡Ã Â¤Â°Ã Â¤Â¾Ã Â¤Â¦Ã Â¥â¡ Ã Â¤Â¸Ã Â¥â¡ Ã Â¤â¢Ã Â¤Â¾Ã Â¤Â® Ã Â¤â¢Ã Â¤Â°Ã Â¤Â¤Ã Â¤Â¾ Ã Â¤Â¹Ã Â¥ËÃ Â¥Â¤"" Ã Â¤â°Ã Â¤ÂªÃ Â¤Â°Ã Â¥ÂÃ Â¤Â¯Ã Â¥ÂÃ Â¤â¢Ã Â¥ÂÃ Â¤Â¤ Ã Â¤â¢Ã Â¤Â¥Ã Â¤Â¨ Ã Â¤â¢Ã Â¤Â¾ Ã Â¤Â¸Ã Â¤Â®Ã Â¥ÂÃ Â¤Å¡Ã Â¤Â¿Ã Â¤Â¤ Ã Â¤â°Ã Â¤Â¦Ã Â¤Â¾Ã Â¤Â¹Ã Â¤Â°Ã Â¤Â£Ã Â¥â¹Ã Â¤â Ã Â¤Â¸Ã Â¤Â¹Ã Â¤Â¿Ã Â¤Â¤ Ã Â¤ÂªÃ Â¤Â°Ã Â¥â¬Ã Â¤â¢Ã Â¥ÂÃ Â¤Â·Ã Â¤Â£ Ã Â¤â¢Ã Â¥â¬Ã Â¤ÅÃ Â¤Â¿Ã Â¤ÂÃ Â¥Â¤ (Ã Â¤â°Ã Â¤Â¤Ã Â¥ÂÃ Â¤Â¤Ã Â¤Â° 150 Ã Â¤Â¶Ã Â¤Â¬Ã Â¥ÂÃ Â¤Â¦Ã Â¥â¹Ã Â¤â Ã Â¤Â®Ã Â¥â¡Ã Â¤â) ""Mindless addiction to Form, ignoring the Substance of the matter, results in rendering of injustice. A perceptive civil servant is one who ignores such literalness and carries out true intent."" Examine the above statement with suitable illustrations. (Answer in 150 words)","Mindless addiction to Form, ignoring the Substance of the matter, results in rendering of injustice. A perceptive civil servant is one who ignores such literalness and carries out true intent. Examine the above statement with suitable illustrations.",100.0,keep,true,aggregator,,,,,,,,,,,,,,,,,,
2024,GS4,dee30326-920a-40cf-bee0-a5b4c76760f7,70,GS4-Q5a,16,GS4-A-Q10,"'Ã Â¤â Ã Â¤Å¡Ã Â¤Â¾Ã Â¤Â° Ã Â¤Â¸Ã Â¤âÃ Â¤Â¹Ã Â¤Â¿Ã Â¤Â¤Ã Â¤Â¾' Ã Â¤âÃ Â¤Â° 'Ã Â¤Â¨Ã Â¥ËÃ Â¤Â¤Ã Â¤Â¿Ã Â¤â¢ Ã Â¤Â¸Ã Â¤âÃ Â¤Â¹Ã Â¤Â¿Ã Â¤Â¤Ã Â¤Â¾' Ã Â¤Â²Ã Â¥â¹Ã Â¤â¢ Ã Â¤ÂªÃ Â¥ÂÃ Â¤Â°Ã Â¤Â¶Ã Â¤Â¾Ã Â¤Â¸Ã Â¤Â¨ Ã Â¤Â®Ã Â¥â¡Ã Â¤â Ã Â¤Â®Ã Â¤Â¾Ã Â¤Â°Ã Â¥ÂÃ Â¤âÃ Â¤Â¦Ã Â¤Â°Ã Â¥ÂÃ Â¤Â¶Ã Â¤Â¨ Ã Â¤â¢Ã Â¥â¡ Ã Â¤Â¸Ã Â¥ÂÃ Â¤Â°Ã Â¥â¹Ã Â¤Â¤ Ã Â¤Â¹Ã Â¥ËÃ Â¤âÃ Â¥Â¤ Ã Â¤â Ã Â¤Å¡Ã Â¤Â¾Ã Â¤Â° Ã Â¤Â¸Ã Â¤âÃ Â¤Â¹Ã Â¤Â¿Ã Â¤Â¤Ã Â¤Â¾ Ã Â¤ÂªÃ Â¤Â¹Ã Â¤Â²Ã Â¥â¡ Ã Â¤Â¸Ã Â¥â¡ Ã Â¤Â¹Ã Â¥â¬ Ã Â¤â¢Ã Â¥ÂÃ Â¤Â°Ã Â¤Â¿Ã Â¤Â¯Ã Â¤Â¾Ã Â¤Â¨Ã Â¥ÂÃ Â¤ÂµÃ Â¤Â¿Ã Â¤Â¤ Ã Â¤Â¹Ã Â¥Ë Ã Â¤ÅÃ Â¤Â¬Ã Â¤â¢Ã Â¤Â¿ Ã Â¤Â¨Ã Â¥ËÃ Â¤Â¤Ã Â¤Â¿Ã Â¤â¢ Ã Â¤Â¸Ã Â¤âÃ Â¤Â¹Ã Â¤Â¿Ã Â¤Â¤Ã Â¤Â¾ Ã Â¤â¦Ã Â¤Â­Ã Â¥â¬ Ã Â¤Â¤Ã Â¤â¢ Ã Â¤Â²Ã Â¤Â¾Ã Â¤âÃ Â¥â Ã Â¤Â¹Ã Â¥â¹Ã Â¤Â¨Ã Â¤Â¾ Ã Â¤Â¬Ã Â¤Â¾Ã Â¤â¢Ã Â¥â¬ Ã Â¤Â¹Ã Â¥ËÃ Â¥Â¤ Ã Â¤Â¶Ã Â¤Â¾Ã Â¤Â¸Ã Â¤Â¨ Ã Â¤Â®Ã Â¥â¡Ã Â¤â Ã Â¤Â¸Ã Â¤Â¤Ã Â¥ÂÃ Â¤Â¯Ã Â¤Â¨Ã Â¤Â¿Ã Â¤Â·Ã Â¥ÂÃ Â¤Â Ã Â¤Â¾, Ã Â¤ËÃ Â¤Â®Ã Â¤Â¾Ã Â¤Â¨Ã Â¤Â¦Ã Â¤Â¾Ã Â¤Â°Ã Â¥â¬ Ã Â¤âÃ Â¤Â° Ã Â¤ÂªÃ Â¤Â¾Ã Â¤Â°Ã Â¤Â¦Ã Â¤Â°Ã Â¥ÂÃ Â¤Â¶Ã Â¤Â¿Ã Â¤Â¤Ã Â¤Â¾ Ã Â¤Â¬Ã Â¤Â¨Ã Â¤Â¾Ã Â¤Â Ã Â¤Â°Ã Â¤âÃ Â¤Â¨Ã Â¥â¡ Ã Â¤â¢Ã Â¥â¡ Ã Â¤Â²Ã Â¤Â¿Ã Â¤Â Ã Â¤ÂÃ Â¤â¢ Ã Â¤â°Ã Â¤ÂªÃ Â¤Â¯Ã Â¥ÂÃ Â¤â¢Ã Â¥ÂÃ Â¤Â¤ Ã Â¤â Ã Â¤Â¦Ã Â¤Â°Ã Â¥ÂÃ Â¤Â¶ Ã Â¤Â¨Ã Â¥ËÃ Â¤Â¤Ã Â¤Â¿Ã Â¤â¢ Ã Â¤Â¸Ã Â¤âÃ Â¤Â¹Ã Â¤Â¿Ã Â¤Â¤Ã Â¤Â¾ Ã Â¤â¢Ã Â¤Â¾ Ã Â¤Â¸Ã Â¥ÂÃ Â¤ÂÃ Â¤Â¾Ã Â¤Âµ Ã Â¤Â¦Ã Â¥â¬Ã Â¤ÅÃ Â¤Â¿Ã Â¤ÂÃ Â¥Â¤ (Ã Â¤â°Ã Â¤Â¤Ã Â¥ÂÃ Â¤Â¤Ã Â¤Â° 150 Ã Â¤Â¶Ã Â¤Â¬Ã Â¥ÂÃ Â¤Â¦Ã Â¥â¹Ã Â¤â Ã Â¤Â®Ã Â¥â¡Ã Â¤â) The 'Code of Conduct' and 'Code of Ethics' are the sources of guidance in public administration. There is code of conduct already in operation, whereas code of ethics is not yet put in place. Suggest a suitable model for code of ethics to maintain integrity, probity and transparency in governance. (Answer in 150 words)","The ‘Code of Conduct’ and ‘Code of Ethics’ are the sources of guidance in public administration. There is code of conduct already in operation, whereas code of ethics is not yet put in place. Suggest a suitable model for code of ethics to maintain integrity, probity and transparency in governance.",100.0,keep,true,aggregator,,,,,,,,,,,,,,,,,,
2024,GS4,dee30326-920a-40cf-bee0-a5b4c76760f7,71,GS4-Q5b,17,GS4-A-Q11,"Ã Â¤Â¨Ã Â¤Â Ã Â¤â¢Ã Â¤Â¾Ã Â¤Â¨Ã Â¥âÃ Â¤Â¨ Ã Â¤Â­Ã Â¤Â¾Ã Â¤Â°Ã Â¤Â¤Ã Â¥â¬Ã Â¤Â¯ Ã Â¤Â¨Ã Â¥ÂÃ Â¤Â¯Ã Â¤Â¾Ã Â¤Â¯ Ã Â¤Â¸Ã Â¤âÃ Â¤Â¹Ã Â¤Â¿Ã Â¤Â¤Ã Â¤Â¾ (Ã Â¤Â¬Ã Â¥â¬Ã Â¤ÂÃ Â¤Â¨Ã Â¤ÂÃ Â¤Â¸) Ã Â¤â¢Ã Â¥â¬ Ã Â¤â Ã Â¤Â¤Ã Â¥ÂÃ Â¤Â®Ã Â¤Â¾ Ã Â¤Â­Ã Â¤Â¾Ã Â¤Â°Ã Â¤Â¤Ã Â¥â¬Ã Â¤Â¯ Ã Â¤Â¸Ã Â¤âÃ Â¤Â¸Ã Â¥ÂÃ Â¤â¢Ã Â¥ÆÃ Â¤Â¤Ã Â¤Â¿ Ã Â¤âÃ Â¤Â° Ã Â¤Â²Ã Â¥â¹Ã Â¤â¢Ã Â¤Â¾Ã Â¤Å¡Ã Â¤Â¾Ã Â¤Â° Ã Â¤ÂªÃ Â¤Â° Ã Â¤â Ã Â¤Â§Ã Â¤Â¾Ã Â¤Â°Ã Â¤Â¿Ã Â¤Â¤ Ã Â¤Â¨Ã Â¥ÂÃ Â¤Â¯Ã Â¤Â¾Ã Â¤Â¯, Ã Â¤Â¸Ã Â¤Â®Ã Â¤Â¾Ã Â¤Â¨Ã Â¤Â¤Ã Â¤Â¾ Ã Â¤âÃ Â¤Â° Ã Â¤Â¨Ã Â¤Â¿Ã Â¤Â·Ã Â¥ÂÃ Â¤ÂªÃ Â¤â¢Ã Â¥ÂÃ Â¤Â·Ã Â¤Â¤Ã Â¤Â¾ Ã Â¤Â¹Ã Â¥ËÃ Â¥Â¤ Ã Â¤ÂµÃ Â¤Â°Ã Â¥ÂÃ Â¤Â¤Ã Â¤Â®Ã Â¤Â¾Ã Â¤Â¨ Ã Â¤Â¨Ã Â¥ÂÃ Â¤Â¯Ã Â¤Â¾Ã Â¤Â¯Ã Â¤Â¿Ã Â¤â¢ Ã Â¤ÂªÃ Â¥ÂÃ Â¤Â°Ã Â¤Â£Ã Â¤Â¾Ã Â¤Â²Ã Â¥â¬ Ã Â¤Â®Ã Â¥â¡Ã Â¤â Ã Â¤Â¦Ã Â¤âÃ Â¤Â¡ Ã Â¤â¢Ã Â¥â¡ Ã Â¤Â¸Ã Â¤Â¿Ã Â¤Â¦Ã Â¥ÂÃ Â¤Â§Ã Â¤Â¾Ã Â¤âÃ Â¤Â¤ Ã Â¤Â¸Ã Â¥â¡ Ã Â¤Â¨Ã Â¥ÂÃ Â¤Â¯Ã Â¤Â¾Ã Â¤Â¯ Ã Â¤â¢Ã Â¥â¬ Ã Â¤âÃ Â¤Â° Ã Â¤Â¬Ã Â¤Â¡Ã Â¤Â¼Ã Â¥â¡ Ã Â¤Â¬Ã Â¤Â¦Ã Â¤Â²Ã Â¤Â¾Ã Â¤Âµ Ã Â¤â¢Ã Â¥â¡ Ã Â¤â Ã Â¤Â²Ã Â¥â¹Ã Â¤â¢ Ã Â¤Â®Ã Â¥â¡Ã Â¤â Ã Â¤â¡Ã Â¤Â¸ Ã Â¤ÂªÃ Â¤Â° Ã Â¤Å¡Ã Â¤Â°Ã Â¥ÂÃ Â¤Å¡Ã Â¤Â¾ Ã Â¤â¢Ã Â¥â¬Ã Â¤ÅÃ Â¤Â¿Ã Â¤ÂÃ Â¥Â¤ (Ã Â¤â°Ã Â¤Â¤Ã Â¥ÂÃ Â¤Â¤Ã Â¤Â° 150 Ã Â¤Â¶Ã Â¤Â¬Ã Â¥ÂÃ Â¤Â¦Ã Â¥â¹Ã Â¤â Ã Â¤Â®Ã Â¥â¡Ã Â¤â) The soul of the new law, Bharatiya Nyaya Sanhita (BNS) is Justice, Equality and Impartiality based on Indian culture and ethos. Discuss this in the light of major shift from a doctrine of punishment to justice in the present judicial system. (Answer in 150 words)","The soul of the new law, Bharatiya Nyaya Sanhita (BNS) is Justice, Equality and Impartiality based on Indian culture and ethos. Discuss this in the light of major shift from a doctrine of punishment to justice in the present judicial system.",100.0,keep,true,aggregator,,,,,,,,,,,,,,,,,,
2024,GS4,dee30326-920a-40cf-bee0-a5b4c76760f7,72,GS4-Q6a,4,GS4-B-Q2,"""Ã Â¤Â­Ã Â¤Â¾Ã Â¤Â°Ã Â¤Â¤Ã Â¥â¬Ã Â¤Â¯ Ã Â¤Â¸Ã Â¤âÃ Â¤Â¸Ã Â¥ÂÃ Â¤â¢Ã Â¥ÆÃ Â¤Â¤Ã Â¤Â¿ Ã Â¤âÃ Â¤Â° Ã Â¤Â®Ã Â¥âÃ Â¤Â²Ã Â¥ÂÃ Â¤Â¯ Ã Â¤ÂªÃ Â¥ÂÃ Â¤Â°Ã Â¤Â£Ã Â¤Â¾Ã Â¤Â²Ã Â¥â¬ Ã Â¤Â®Ã Â¥â¡Ã Â¤â Ã Â¤Â²Ã Â¥ËÃ Â¤âÃ Â¤âÃ Â¤Â¿Ã Â¤â¢ Ã Â¤â¦Ã Â¤Â¸Ã Â¥ÂÃ Â¤Â®Ã Â¤Â¿Ã Â¤Â¤Ã Â¤Â¾ Ã Â¤â¢Ã Â¥â¡ Ã Â¤Â¬Ã Â¤Â¾Ã Â¤ÂµÃ Â¤ÅÃ Â¥âÃ Â¤Â¦ Ã Â¤Â¸Ã Â¤Â®Ã Â¤Â¾Ã Â¤Â¨ Ã Â¤â¦Ã Â¤ÂµÃ Â¤Â¸Ã Â¤Â° Ã Â¤ÂªÃ Â¥ÂÃ Â¤Â°Ã Â¤Â¦Ã Â¤Â¾Ã Â¤Â¨ Ã Â¤â¢Ã Â¤Â¿Ã Â¤Â Ã Â¤âÃ Â¤Â Ã Â¤Â¹Ã Â¥ËÃ Â¤âÃ Â¥Â¤ Ã Â¤ÂªÃ Â¤Â¿Ã Â¤âºÃ Â¤Â²Ã Â¥â¡ Ã Â¤â¢Ã Â¥ÂÃ Â¤âº Ã Â¤ÂµÃ Â¤Â°Ã Â¥ÂÃ Â¤Â·Ã Â¥â¹Ã Â¤â Ã Â¤Â¸Ã Â¥â¡ Ã Â¤Â¸Ã Â¤Â¾Ã Â¤Â°Ã Â¥ÂÃ Â¤ÂµÃ Â¤ÅÃ Â¤Â¨Ã Â¤Â¿Ã Â¤â¢ Ã Â¤Â¸Ã Â¥â¡Ã Â¤ÂµÃ Â¤Â¾Ã Â¤âÃ Â¤â Ã Â¤Â®Ã Â¥â¡Ã Â¤â Ã Â¤Â®Ã Â¤Â¹Ã Â¤Â¿Ã Â¤Â²Ã Â¤Â¾Ã Â¤âÃ Â¤â Ã Â¤â¢Ã Â¥â¬ Ã Â¤Â¸Ã Â¤âÃ Â¤âÃ Â¥ÂÃ Â¤Â¯Ã Â¤Â¾ Ã Â¤Â²Ã Â¤âÃ Â¤Â¾Ã Â¤Â¤Ã Â¤Â¾Ã Â¤Â° Ã Â¤Â¬Ã Â¤Â¢Ã Â¤Â¼ Ã Â¤Â°Ã Â¤Â¹Ã Â¥â¬ Ã Â¤Â¹Ã Â¥ËÃ Â¥Â¤"" Ã Â¤Â®Ã Â¤Â¹Ã Â¤Â¿Ã Â¤Â²Ã Â¤Â¾ Ã Â¤Â²Ã Â¥â¹Ã Â¤â¢ Ã Â¤Â¸Ã Â¥â¡Ã Â¤ÂµÃ Â¤â¢Ã Â¥â¹Ã Â¤â Ã Â¤â¢Ã Â¥â¡ Ã Â¤Â¸Ã Â¤Â¾Ã Â¤Â®Ã Â¤Â¨Ã Â¥â¡ Ã Â¤â Ã Â¤Â¨Ã Â¥â¡ Ã Â¤ÂµÃ Â¤Â¾Ã Â¤Â²Ã Â¥â¬ Ã Â¤Â²Ã Â¥ËÃ Â¤âÃ Â¤âÃ Â¤Â¿Ã Â¤â¢-Ã Â¤ÂµÃ Â¤Â¿Ã Â¤Â¶Ã Â¤Â¿Ã Â¤Â·Ã Â¥ÂÃ Â¤Å¸ Ã Â¤Å¡Ã Â¥ÂÃ Â¤Â¨Ã Â¥ÅÃ Â¤Â¤Ã Â¤Â¿Ã Â¤Â¯Ã Â¥â¹Ã Â¤â Ã Â¤â¢Ã Â¤Â¾ Ã Â¤ÂªÃ Â¤Â°Ã Â¥â¬Ã Â¤â¢Ã Â¥ÂÃ Â¤Â·Ã Â¤Â£ Ã Â¤â¢Ã Â¥â¬Ã Â¤ÅÃ Â¤Â¿Ã Â¤Â Ã Â¤âÃ Â¤Â° Ã Â¤â¦Ã Â¤ÂªÃ Â¤Â¨Ã Â¥â¡ Ã Â¤â¢Ã Â¤Â°Ã Â¥ÂÃ Â¤Â¤Ã Â¤ÂµÃ Â¥ÂÃ Â¤Â¯Ã Â¥â¹Ã Â¤â Ã Â¤â¢Ã Â¥â¡ Ã Â¤Â¨Ã Â¤Â¿Ã Â¤Â°Ã Â¥ÂÃ Â¤ÂµÃ Â¤Â¹Ã Â¤Â¨ Ã Â¤Â®Ã Â¥â¡Ã Â¤â Ã Â¤â°Ã Â¤Â¨Ã Â¤â¢Ã Â¥â¬ Ã Â¤Â¦Ã Â¤â¢Ã Â¥ÂÃ Â¤Â·Ã Â¤Â¤Ã Â¤Â¾ Ã Â¤Â¬Ã Â¤Â¢Ã Â¤Â¼Ã Â¤Â¾Ã Â¤Â¨Ã Â¥â¡ Ã Â¤âÃ Â¤Â° Ã Â¤ËÃ Â¤Â®Ã Â¤Â¾Ã Â¤Â¨Ã Â¤Â¦Ã Â¤Â¾Ã Â¤Â°Ã Â¥â¬ Ã Â¤â¢Ã Â¥â¡ Ã Â¤â°Ã Â¤Å¡Ã Â¥ÂÃ Â¤Å¡ Ã Â¤Â®Ã Â¤Â¾Ã Â¤Â¨Ã Â¤â¢ Ã Â¤â¢Ã Â¥â¹ Ã Â¤Â¬Ã Â¤Â¨Ã Â¤Â¾Ã Â¤Â Ã Â¤Â°Ã Â¤âÃ Â¤Â¨Ã Â¥â¡ Ã Â¤â¢Ã Â¥â¡ Ã Â¤Â²Ã Â¤Â¿Ã Â¤Â Ã Â¤â°Ã Â¤ÂªÃ Â¤Â¯Ã Â¥ÂÃ Â¤â¢Ã Â¥ÂÃ Â¤Â¤ Ã Â¤â°Ã Â¤ÂªÃ Â¤Â¾Ã Â¤Â¯ Ã Â¤Â¸Ã Â¥ÂÃ Â¤ÂÃ Â¤Â¾Ã Â¤â¡Ã Â¤ÂÃ Â¥Â¤ (Ã Â¤â°Ã Â¤Â¤Ã Â¥ÂÃ Â¤Â¤Ã Â¤Â° 150 Ã Â¤Â¶Ã Â¤Â¬Ã Â¥ÂÃ Â¤Â¦Ã Â¥â¹Ã Â¤â Ã Â¤Â®Ã Â¥â¡Ã Â¤â) ""In Indian culture and value system, an equal opportunity has been provided irrespective of gender identity. The number of women in public service has been steadily increasing over the years."" Examine the gender-specific challenges faced by female public servants and suggest suitable measures to increase their efficiency in discharging their duties and maintaining high standards of probity. (Answer in 150 words)","“In Indian culture and value system, an equal opportunity has been provided irrespective of gender identity. The number of women in public service has been steadily increasing over the years.” Examine the gender-specific challenges faced by female public servants and suggest suitable measures to increase their efficiency in discharging their duties and maintaining high standards of probity.",100.0,keep,true,aggregator,,,,,,,,,,,,,,,,,,
2024,GS4,dee30326-920a-40cf-bee0-a5b4c76760f7,73,GS4-Q6b,7,GS4-A-Q4,Ã Â¤Â®Ã Â¤Â¿Ã Â¤Â¶Ã Â¤Â¨ Ã Â¤â¢Ã Â¤Â°Ã Â¥ÂÃ Â¤Â®Ã Â¤Â¯Ã Â¥â¹Ã Â¤âÃ Â¥â¬ Ã Â¤â¢Ã Â¤Â¾ Ã Â¤Â²Ã Â¤â¢Ã Â¥ÂÃ Â¤Â·Ã Â¥ÂÃ Â¤Â¯ Ã Â¤Â¨Ã Â¤Â¾Ã Â¤âÃ Â¤Â°Ã Â¤Â¿Ã Â¤â¢Ã Â¥â¹Ã Â¤â Ã Â¤â¢Ã Â¥â¬ Ã Â¤Â¸Ã Â¥â¡Ã Â¤ÂµÃ Â¤Â¾ Ã Â¤â¢Ã Â¤Â°Ã Â¤Â¨Ã Â¥â¡ Ã Â¤â¢Ã Â¥â¬ Ã Â¤â¢Ã Â¥ÂÃ Â¤Â¶Ã Â¤Â²Ã Â¤Â¤Ã Â¤Â¾ Ã Â¤Â¸Ã Â¥ÂÃ Â¤Â¨Ã Â¤Â¿Ã Â¤Â¶Ã Â¥ÂÃ Â¤Å¡Ã Â¤Â¿Ã Â¤Â¤ Ã Â¤â¢Ã Â¤Â°Ã Â¤Â¨Ã Â¤Â¾ Ã Â¤âÃ Â¤Â° Ã Â¤Â¬Ã Â¤Â¦Ã Â¤Â²Ã Â¥â¡ Ã Â¤Â®Ã Â¥â¡Ã Â¤â Ã Â¤âÃ Â¥ÂÃ Â¤Â¦ Ã Â¤â¢Ã Â¤Â¾ Ã Â¤ÂµÃ Â¤Â¿Ã Â¤â¢Ã Â¤Â¾Ã Â¤Â¸ Ã Â¤â¢Ã Â¤Â°Ã Â¤Â¨Ã Â¥â¡ Ã Â¤â¢Ã Â¥â¡ Ã Â¤Â²Ã Â¤Â¿Ã Â¤Â Ã Â¤â Ã Â¤Å¡Ã Â¤Â°Ã Â¤Â£ Ã Â¤âÃ Â¤Â° Ã Â¤ÂµÃ Â¥ÂÃ Â¤Â¯Ã Â¤ÂµÃ Â¤Â¹Ã Â¤Â¾Ã Â¤Â° Ã Â¤â¢Ã Â¤Â¾ Ã Â¤ÂÃ Â¤â¢ Ã Â¤Â¬Ã Â¤Â¹Ã Â¥ÂÃ Â¤Â¤ Ã Â¤Â¹Ã Â¥â¬ Ã Â¤â°Ã Â¤Å¡Ã Â¥ÂÃ Â¤Å¡ Ã Â¤Â®Ã Â¤Â¾Ã Â¤Â¨Ã Â¤â¢ Ã Â¤Â¬Ã Â¤Â¨Ã Â¤Â¾Ã Â¤Â Ã Â¤Â°Ã Â¤âÃ Â¤Â¨Ã Â¤Â¾ Ã Â¤Â¹Ã Â¥ËÃ Â¥Â¤ Ã Â¤Â¯Ã Â¤Â¹ Ã Â¤Â¯Ã Â¥â¹Ã Â¤ÅÃ Â¤Â¨Ã Â¤Â¾ Ã Â¤â¢Ã Â¥ËÃ Â¤Â¸Ã Â¥â¡ Ã Â¤Â¸Ã Â¤Â¿Ã Â¤ÂµÃ Â¤Â¿Ã Â¤Â² Ã Â¤Â¸Ã Â¥â¡Ã Â¤ÂµÃ Â¤â¢Ã Â¥â¹Ã Â¤â Ã Â¤â¢Ã Â¥â¹ Ã Â¤â°Ã Â¤Â¤Ã Â¥ÂÃ Â¤ÂªÃ Â¤Â¾Ã Â¤Â¦Ã Â¤â¢ Ã Â¤Â¦Ã Â¤â¢Ã Â¥ÂÃ Â¤Â·Ã Â¤Â¤Ã Â¤Â¾ Ã Â¤Â¬Ã Â¤Â¢Ã Â¤Â¼Ã Â¤Â¾Ã Â¤Â¨Ã Â¥â¡ Ã Â¤âÃ Â¤Â° Ã Â¤ÅÃ Â¤Â®Ã Â¥â¬Ã Â¤Â¨Ã Â¥â¬ Ã Â¤Â¸Ã Â¥ÂÃ Â¤Â¤Ã Â¤Â° Ã Â¤ÂªÃ Â¤Â° Ã Â¤Â¸Ã Â¥â¡Ã Â¤ÂµÃ Â¤Â¾Ã Â¤ÂÃ Â¤Â Ã Â¤ÂªÃ Â¥ÂÃ Â¤Â°Ã Â¤Â¦Ã Â¤Â¾Ã Â¤Â¨ Ã Â¤â¢Ã Â¤Â°Ã Â¤Â¨Ã Â¥â¡ Ã Â¤Â®Ã Â¥â¡Ã Â¤â Ã Â¤Â¸Ã Â¤Â¶Ã Â¤â¢Ã Â¥ÂÃ Â¤Â¤ Ã Â¤Â¬Ã Â¤Â¨Ã Â¤Â¾Ã Â¤ÂÃ Â¤âÃ Â¥â¬? (Ã Â¤â°Ã Â¤Â¤Ã Â¥ÂÃ Â¤Â¤Ã Â¤Â° 150 Ã Â¤Â¶Ã Â¤Â¬Ã Â¥ÂÃ Â¤Â¦Ã Â¥â¹Ã Â¤â Ã Â¤Â®Ã Â¥â¡Ã Â¤â) Mission Karmayogi is aiming for maintaining a very high standard of conduct and behaviour to ensure efficiency for serving citizens and in turn developing oneself. How will this scheme empower the civil servants in enhancing productive efficiency and delivering the services at the grassroots level? (Answer in 150 words),Mission Karmayogi is aiming for maintaining a very high standard of conduct and behaviour to ensure efficiency for serving citizens and in turn developing oneself. How will this scheme empower the civil servants in enhancing productive efficiency and delivering the services at the grassroots level?,100.0,keep,true,aggregator,,,,,,,,,,,,,,,,,,
2024,GS4,dee30326-920a-40cf-bee0-a5b4c76760f7,74,GS4-Q7,8,GS4-B-Q4,"Ã Â¤ÂÃ Â¤Â¬Ã Â¥â¬Ã Â¤Â¸Ã Â¥â¬ Ã Â¤â¡Ã Â¤Â¨Ã Â¤â¢Ã Â¥â°Ã Â¤Â°Ã Â¥ÂÃ Â¤ÂªÃ Â¥â¹Ã Â¤Â°Ã Â¥â¡Ã Â¤Å¸Ã Â¥â¡Ã Â¤Â¡ Ã Â¤Â¨Ã Â¤Â¾Ã Â¤Â® Ã Â¤â¢Ã Â¥â¬ Ã Â¤ÂÃ Â¤â¢ Ã Â¤Â¤Ã Â¤â¢Ã Â¤Â¨Ã Â¥â¬Ã Â¤â¢Ã Â¥â¬ Ã Â¤â¢Ã Â¤âÃ Â¤ÂªÃ Â¤Â¨Ã Â¥â¬ Ã Â¤Â¹Ã Â¥Ë Ã Â¤ÅÃ Â¥â¹ Ã Â¤Â¤Ã Â¥â¬Ã Â¤Â¸Ã Â¤Â°Ã Â¥â¬ Ã Â¤Â¦Ã Â¥ÂÃ Â¤Â¨Ã Â¤Â¿Ã Â¤Â¯Ã Â¤Â¾ Ã Â¤Â®Ã Â¥â¡Ã Â¤â Ã Â¤Â¸Ã Â¥ÂÃ Â¤Â¥Ã Â¤Â¿Ã Â¤Â¤, Ã Â¤Â¸Ã Â¤âÃ Â¤Â¸Ã Â¤Â¾Ã Â¤Â° Ã Â¤â¢Ã Â¥â¬ Ã Â¤Â¦Ã Â¥âÃ Â¤Â¸Ã Â¤Â°Ã Â¥â¬ Ã Â¤Â¸Ã Â¤Â¬Ã Â¤Â¸Ã Â¥â¡ Ã Â¤Â¬Ã Â¤Â¡Ã Â¤Â¼Ã Â¥â¬ Ã Â¤â¢Ã Â¤âÃ Â¤ÂªÃ Â¤Â¨Ã Â¥â¬ Ã Â¤Â¹Ã Â¥ËÃ Â¥Â¤ Ã Â¤â Ã Â¤Âª Ã Â¤â¡Ã Â¤Â¸ Ã Â¤â¢Ã Â¤âÃ Â¤ÂªÃ Â¤Â¨Ã Â¥â¬ Ã Â¤â¢Ã Â¥â¡ Ã Â¤Â®Ã Â¥ÂÃ Â¤âÃ Â¥ÂÃ Â¤Â¯ Ã Â¤â¢Ã Â¤Â¾Ã Â¤Â°Ã Â¥ÂÃ Â¤Â¯Ã Â¤â¢Ã Â¤Â¾Ã Â¤Â°Ã Â¥â¬ Ã Â¤â¦Ã Â¤Â§Ã Â¤Â¿Ã Â¤â¢Ã Â¤Â¾Ã Â¤Â°Ã Â¥â¬ Ã Â¤âÃ Â¤Â° Ã Â¤Â¬Ã Â¤Â¹Ã Â¥ÂÃ Â¤Â¸Ã Â¤âÃ Â¤âÃ Â¥ÂÃ Â¤Â¯Ã Â¤â¢ Ã Â¤Â¶Ã Â¥â¡Ã Â¤Â¯Ã Â¤Â°Ã Â¤Â§Ã Â¤Â¾Ã Â¤Â°Ã Â¤â¢ Ã Â¤Â¹Ã Â¥ËÃ Â¤âÃ Â¥Â¤ Ã Â¤Â¤Ã Â¥â¡Ã Â¤ÅÃ Â¥â¬ Ã Â¤Â¸Ã Â¥â¡ Ã Â¤Â¹Ã Â¥â¹ Ã Â¤Â°Ã Â¤Â¹Ã Â¥â¡ Ã Â¤Â¤Ã Â¤â¢Ã Â¤Â¨Ã Â¥â¬Ã Â¤â¢Ã Â¥â¬ Ã Â¤Â¸Ã Â¥ÂÃ Â¤Â§Ã Â¤Â¾Ã Â¤Â°Ã Â¥â¹Ã Â¤â Ã Â¤Â¨Ã Â¥â¡ Ã Â¤â¡Ã Â¤Â¸ Ã Â¤ÂªÃ Â¤Â°Ã Â¤Â¿Ã Â¤Â¦Ã Â¥ÆÃ Â¤Â¶Ã Â¥ÂÃ Â¤Â¯ Ã Â¤â¢Ã Â¥â¬ Ã Â¤Â¸Ã Â¥ÂÃ Â¤Â¥Ã Â¤Â¿Ã Â¤Â°Ã Â¤Â¤Ã Â¤Â¾ Ã Â¤ÂªÃ Â¤Â° Ã Â¤ÂªÃ Â¤Â°Ã Â¥ÂÃ Â¤Â¯Ã Â¤Â¾Ã Â¤ÂµÃ Â¤Â°Ã Â¤Â£ Ã Â¤â¢Ã Â¤Â¾Ã Â¤Â°Ã Â¥ÂÃ Â¤Â¯Ã Â¤â¢Ã Â¤Â°Ã Â¥ÂÃ Â¤Â¤Ã Â¤Â¾Ã Â¤âÃ Â¤â, Ã Â¤Â¨Ã Â¤Â¿Ã Â¤Â¯Ã Â¤Â¾Ã Â¤Â®Ã Â¤â¢ Ã Â¤ÂªÃ Â¥ÂÃ Â¤Â°Ã Â¤Â¾Ã Â¤Â§Ã Â¤Â¿Ã Â¤â¢Ã Â¤Â°Ã Â¤Â£Ã Â¥â¹Ã Â¤â Ã Â¤âÃ Â¤Â° Ã Â¤â Ã Â¤Â®Ã Â¤ÅÃ Â¤Â¨ Ã Â¤â¢Ã Â¥â¡ Ã Â¤Â¬Ã Â¥â¬Ã Â¤Å¡ Ã Â¤Å¡Ã Â¤Â¿Ã Â¤âÃ Â¤Â¤Ã Â¤Â¾ Ã Â¤Â¬Ã Â¤Â¢Ã Â¤Â¼Ã Â¤Â¾ Ã Â¤Â¦Ã Â¥â¬ Ã Â¤Â¹Ã Â¥ËÃ Â¥Â¤ Ã Â¤â Ã Â¤Âª Ã Â¤ÂµÃ Â¥ÂÃ Â¤Â¯Ã Â¤ÂµÃ Â¤Â¸Ã Â¤Â¾Ã Â¤Â¯ Ã Â¤â¢Ã Â¥â¡ Ã Â¤ÂªÃ Â¤Â°Ã Â¥ÂÃ Â¤Â¯Ã Â¤Â¾Ã Â¤ÂµÃ Â¤Â°Ã Â¤Â£Ã Â¥â¬Ã Â¤Â¯ Ã Â¤ÂªÃ Â¤Â¦Ã Â¤Å¡Ã Â¤Â¿Ã Â¤Â¹Ã Â¥ÂÃ Â¤Â¨ Ã Â¤â¢Ã Â¥â¡ Ã Â¤Â¬Ã Â¤Â¾Ã Â¤Â°Ã Â¥â¡ Ã Â¤Â®Ã Â¥â¡Ã Â¤â Ã Â¤Â®Ã Â¤Â¹Ã Â¤Â¤Ã Â¥ÂÃ Â¤Â¤Ã Â¥ÂÃ Â¤ÂµÃ Â¤ÂªÃ Â¥âÃ Â¤Â°Ã Â¥ÂÃ Â¤Â£ Ã Â¤Â®Ã Â¥ÂÃ Â¤Â¦Ã Â¥ÂÃ Â¤Â¦Ã Â¥â¹Ã Â¤â Ã Â¤â¢Ã Â¤Â¾ Ã Â¤Â¸Ã Â¤Â¾Ã Â¤Â®Ã Â¤Â¨Ã Â¤Â¾ Ã Â¤â¢Ã Â¤Â°Ã Â¤Â¤Ã Â¥â¡ Ã Â¤Â¹Ã Â¥ËÃ Â¤âÃ Â¥Â¤ 2023 Ã Â¤Â®Ã Â¥â¡Ã Â¤â, Ã Â¤â Ã Â¤ÂªÃ Â¤â¢Ã Â¥â¡ Ã Â¤Â¸Ã Â¤âÃ Â¤âÃ Â¤Â Ã Â¤Â¨ Ã Â¤Â®Ã Â¥â¡Ã Â¤â 2019 Ã Â¤Â®Ã Â¥â¡Ã Â¤â Ã Â¤Â¦Ã Â¤Â°Ã Â¥ÂÃ Â¤Å Ã Â¤Â¸Ã Â¥ÂÃ Â¤Â¤Ã Â¤Â°Ã Â¥â¹Ã Â¤â Ã Â¤â¢Ã Â¥â¬ Ã Â¤Â¤Ã Â¥ÂÃ Â¤Â²Ã Â¤Â¨Ã Â¤Â¾ Ã Â¤Â®Ã Â¥â¡Ã Â¤â Ã Â¤âÃ Â¥ÂÃ Â¤Â°Ã Â¥â¬Ã Â¤Â¨Ã Â¤Â¹Ã Â¤Â¾Ã Â¤â°Ã Â¤Â¸ Ã Â¤âÃ Â¥ËÃ Â¤Â¸ Ã Â¤â°Ã Â¤Â¤Ã Â¥ÂÃ Â¤Â¸Ã Â¤Â°Ã Â¥ÂÃ Â¤ÅÃ Â¤Â¨ Ã Â¤Â®Ã Â¥â¡Ã Â¤â 48% Ã Â¤â¢Ã Â¥â¬ Ã Â¤â°Ã Â¤Â²Ã Â¥ÂÃ Â¤Â²Ã Â¥â¡Ã Â¤âÃ Â¤Â¨Ã Â¥â¬Ã Â¤Â¯ Ã Â¤ÂµÃ Â¥ÆÃ Â¤Â¦Ã Â¥ÂÃ Â¤Â§Ã Â¤Â¿ Ã Â¤Â¹Ã Â¥ÂÃ Â¤Ë Ã Â¤Â¹Ã Â¥ËÃ Â¥Â¤ Ã Â¤Å Ã Â¤Â°Ã Â¥ÂÃ Â¤ÅÃ Â¤Â¾ Ã Â¤âÃ Â¤ÂªÃ Â¤Â¤ Ã Â¤Â®Ã Â¥â¡Ã Â¤â Ã Â¤â°Ã Â¤Â²Ã Â¥ÂÃ Â¤Â²Ã Â¥â¡Ã Â¤âÃ Â¤Â¨Ã Â¥â¬Ã Â¤Â¯ Ã Â¤ÂµÃ Â¥ÆÃ Â¤Â¦Ã Â¥ÂÃ Â¤Â§Ã Â¤Â¿ Ã Â¤Â®Ã Â¥ÂÃ Â¤âÃ Â¥ÂÃ Â¤Â¯ Ã Â¤Â°Ã Â¥âÃ Â¤Âª Ã Â¤Â¸Ã Â¥â¡ Ã Â¤â Ã Â¤ÂªÃ Â¤â¢Ã Â¥â¡ Ã Â¤Â¡Ã Â¥â¡Ã Â¤Å¸Ã Â¤Â¾ Ã Â¤â¢Ã Â¥â¡Ã Â¤Â¨Ã Â¥ÂÃ Â¤Â¦Ã Â¥ÂÃ Â¤Â°Ã Â¥â¹Ã Â¤â Ã Â¤â¢Ã Â¥â¬ Ã Â¤Â¬Ã Â¤Â¢Ã Â¤Â¼Ã Â¤Â¤Ã Â¥â¬ Ã Â¤Å Ã Â¤Â°Ã Â¥ÂÃ Â¤ÅÃ Â¤Â¾ Ã Â¤â Ã Â¤ÂµÃ Â¤Â¶Ã Â¥ÂÃ Â¤Â¯Ã Â¤â¢Ã Â¤Â¤Ã Â¤Â¾ Ã Â¤â¢Ã Â¥â¡ Ã Â¤â¢Ã Â¤Â¾Ã Â¤Â°Ã Â¤Â£ Ã Â¤Â¹Ã Â¥Ë Ã Â¤ÅÃ Â¥â¹ Ã Â¤â¢Ã Â¥ÆÃ Â¤Â¤Ã Â¥ÂÃ Â¤Â°Ã Â¤Â¿Ã Â¤Â® Ã Â¤Â¬Ã Â¥ÂÃ Â¤Â¦Ã Â¥ÂÃ Â¤Â§Ã Â¤Â¿Ã Â¤Â®Ã Â¤Â¤Ã Â¥ÂÃ Â¤Â¤Ã Â¤Â¾ (AI) Ã Â¤â¢Ã Â¥â¡ Ã Â¤Â¤Ã Â¥â¡Ã Â¤Å Ã Â¤ÂµÃ Â¤Â¿Ã Â¤Â¸Ã Â¥ÂÃ Â¤Â¤Ã Â¤Â¾Ã Â¤Â° Ã Â¤Â¸Ã Â¥â¡ Ã Â¤ÂªÃ Â¥ÂÃ Â¤Â°Ã Â¥â¡Ã Â¤Â°Ã Â¤Â¿Ã Â¤Â¤ Ã Â¤Â¹Ã Â¥ËÃ Â¥Â¤ AI-Ã Â¤Â¸Ã Â¤âÃ Â¤Å¡Ã Â¤Â¾Ã Â¤Â²Ã Â¤Â¿Ã Â¤Â¤ Ã Â¤Â¸Ã Â¥â¡Ã Â¤ÂµÃ Â¤Â¾Ã Â¤âÃ Â¤â Ã Â¤â¢Ã Â¥â¹ Ã Â¤â°Ã Â¤Â¨Ã Â¤â¢Ã Â¥â¡ Ã Â¤â°Ã Â¤Â²Ã Â¥ÂÃ Â¤Â²Ã Â¥â¡Ã Â¤âÃ Â¤Â¨Ã Â¥â¬Ã Â¤Â¯ Ã Â¤Â²Ã Â¤Â¾Ã Â¤Â­ Ã Â¤â¢Ã Â¥â¡ Ã Â¤Â¬Ã Â¤Â¾Ã Â¤ÂµÃ Â¤ÅÃ Â¥âÃ Â¤Â¦ Ã Â¤ÂªÃ Â¤Â¾Ã Â¤Â°Ã Â¤âÃ Â¤ÂªÃ Â¤Â°Ã Â¤Â¿Ã Â¤â¢ Ã Â¤âÃ Â¤Â¨Ã Â¤Â²Ã Â¤Â¾Ã Â¤â¡Ã Â¤Â¨ Ã Â¤âÃ Â¤Â¤Ã Â¤Â¿Ã Â¤ÂµÃ Â¤Â¿Ã Â¤Â§Ã Â¤Â¿Ã Â¤Â¯Ã Â¥â¹Ã Â¤â Ã Â¤â¢Ã Â¥â¬ Ã Â¤Â¤Ã Â¥ÂÃ Â¤Â²Ã Â¤Â¨Ã Â¤Â¾ Ã Â¤Â®Ã Â¥â¡Ã Â¤â Ã Â¤Â¬Ã Â¤Â¹Ã Â¥ÂÃ Â¤Â¤ Ã Â¤â¦Ã Â¤Â§Ã Â¤Â¿Ã Â¤â¢ Ã Â¤Â¸Ã Â¤âÃ Â¤âÃ Â¤Â£Ã Â¤Â¨Ã Â¤Â¾Ã Â¤Â¤Ã Â¥ÂÃ Â¤Â®Ã Â¤â¢ Ã Â¤Â¸Ã Â¤âÃ Â¤Â¸Ã Â¤Â¾Ã Â¤Â§Ã Â¤Â¨Ã Â¥â¹Ã Â¤â Ã Â¤âÃ Â¤Â° Ã Â¤ÂµÃ Â¤Â¿Ã Â¤Â¦Ã Â¥ÂÃ Â¤Â¯Ã Â¥ÂÃ Â¤Â¤ Ã Â¤Å Ã Â¤Â°Ã Â¥ÂÃ Â¤ÅÃ Â¤Â¾ Ã Â¤â¢Ã Â¥â¬ Ã Â¤â Ã Â¤ÂµÃ Â¤Â¶Ã Â¥ÂÃ Â¤Â¯Ã Â¤â¢Ã Â¤Â¤Ã Â¤Â¾ Ã Â¤Â¹Ã Â¥â¹Ã Â¤Â¤Ã Â¥â¬ Ã Â¤Â¹Ã Â¥ËÃ Â¥Â¤ Ã Â¤ÂªÃ Â¥ÂÃ Â¤Â°Ã Â¥ÅÃ Â¤Â¦Ã Â¥ÂÃ Â¤Â¯Ã Â¥â¹Ã Â¤âÃ Â¤Â¿Ã Â¤â¢Ã Â¥â¬ Ã Â¤â¢Ã Â¥â¡ Ã Â¤ÂªÃ Â¥ÂÃ Â¤Â°Ã Â¤Â¸Ã Â¤Â¾Ã Â¤Â° Ã Â¤Â¸Ã Â¥â¡ Ã Â¤ÂªÃ Â¤Â°Ã Â¥ÂÃ Â¤Â¯Ã Â¤Â¾Ã Â¤ÂµÃ Â¤Â°Ã Â¤Â£Ã Â¥â¬Ã Â¤Â¯ Ã Â¤ÂªÃ Â¥ÂÃ Â¤Â°Ã Â¤Â­Ã Â¤Â¾Ã Â¤ÂµÃ Â¥â¹Ã Â¤â Ã Â¤ÂªÃ Â¤Â° Ã Â¤Å¡Ã Â¤Â¿Ã Â¤âÃ Â¤Â¤Ã Â¤Â¾ Ã Â¤Â¬Ã Â¤Â¢Ã Â¤Â¼ Ã Â¤âÃ Â¤Ë Ã Â¤Â¹Ã Â¥Ë, Ã Â¤â¡Ã Â¤Â¸Ã Â¤â¢Ã Â¥â¡ Ã Â¤Â«Ã Â¤Â²Ã Â¤Â¸Ã Â¥ÂÃ Â¤ÂµÃ Â¤Â°Ã Â¥âÃ Â¤Âª Ã Â¤Å¡Ã Â¥â¡Ã Â¤Â¤Ã Â¤Â¾Ã Â¤ÂµÃ Â¤Â¨Ã Â¤Â¿Ã Â¤Â¯Ã Â¤Â¾Ã Â¤Â Ã Â¤Â­Ã Â¥â¬ Ã Â¤Â¬Ã Â¤Â¢Ã Â¤Â¼ Ã Â¤âÃ Â¤Ë Ã Â¤Â¹Ã Â¥ËÃ Â¤âÃ Â¥Â¤ AI Ã Â¤Â®Ã Â¥â°Ã Â¤Â¡Ã Â¤Â², Ã Â¤ÂµÃ Â¤Â¿Ã Â¤Â¶Ã Â¥â¡Ã Â¤Â· Ã Â¤Â°Ã Â¥âÃ Â¤Âª Ã Â¤Â¸Ã Â¥â¡ Ã Â¤ÂµÃ Â¥ÂÃ Â¤Â¯Ã Â¤Â¾Ã Â¤ÂªÃ Â¤â¢ Ã Â¤Â®Ã Â¤Â¶Ã Â¥â¬Ã Â¤Â¨ Ã Â¤Â²Ã Â¤Â°Ã Â¥ÂÃ Â¤Â¨Ã Â¤Â¿Ã Â¤âÃ Â¤â Ã Â¤âÃ Â¤Â° Ã Â¤Â¡Ã Â¥â¡Ã Â¤Å¸Ã Â¤Â¾ Ã Â¤ÂªÃ Â¥ÂÃ Â¤Â°Ã Â¥â¹Ã Â¤Â¸Ã Â¥â¡Ã Â¤Â¸Ã Â¤Â¿Ã Â¤âÃ Â¤â Ã Â¤â¢Ã Â¥â¡ Ã Â¤â°Ã Â¤ÂªÃ Â¤Â¯Ã Â¥â¹Ã Â¤â Ã Â¤â¢Ã Â¤Â¿Ã Â¤Â Ã Â¤ÅÃ Â¤Â¾Ã Â¤Â¨Ã Â¥â¡ Ã Â¤ÂµÃ Â¤Â¾Ã Â¤Â²Ã Â¥â¡, Ã Â¤ÂªÃ Â¤Â¾Ã Â¤Â°Ã Â¤âÃ Â¤ÂªÃ Â¤Â°Ã Â¤Â¿Ã Â¤â¢ Ã Â¤â¢Ã Â¤Â®Ã Â¥ÂÃ Â¤ÂªÃ Â¥ÂÃ Â¤Â¯Ã Â¥âÃ Â¤Å¸Ã Â¤Â° Ã Â¤â¢Ã Â¤Â¾Ã Â¤Â°Ã Â¥ÂÃ Â¤Â¯Ã Â¥â¹Ã Â¤â Ã Â¤â¢Ã Â¥â¬ Ã Â¤Â¤Ã Â¥ÂÃ Â¤Â²Ã Â¤Â¨Ã Â¤Â¾ Ã Â¤Â®Ã Â¥â¡Ã Â¤â Ã Â¤Â¬Ã Â¤Â¹Ã Â¥ÂÃ Â¤Â¤ Ã Â¤â¦Ã Â¤Â§Ã Â¤Â¿Ã Â¤â¢ Ã Â¤Å Ã Â¤Â°Ã Â¥ÂÃ Â¤ÅÃ Â¤Â¾ Ã Â¤âÃ Â¤ÂªÃ Â¤Â¤ Ã Â¤â¢Ã Â¤Â°Ã Â¤Â¤Ã Â¥â¡ Ã Â¤Â¹Ã Â¥ËÃ Â¤â, Ã Â¤ÅÃ Â¤Â¿Ã Â¤Â¸Ã Â¤Â®Ã Â¥â¡Ã Â¤â Ã Â¤â¦Ã Â¤Â¤Ã Â¥ÂÃ Â¤Â¯Ã Â¤Â§Ã Â¤Â¿Ã Â¤â¢ Ã Â¤Â¤Ã Â¥â¡Ã Â¤ÅÃ Â¥â¬ Ã Â¤Â¸Ã Â¥â¡ Ã Â¤ÂµÃ Â¥ÆÃ Â¤Â¦Ã Â¥ÂÃ Â¤Â§Ã Â¤Â¿ Ã Â¤Â¹Ã Â¥â¹Ã Â¤Â¤Ã Â¥â¬ Ã Â¤Â¹Ã Â¥ËÃ Â¥Â¤ Ã Â¤Â¯Ã Â¤Â¦Ã Â¥ÂÃ Â¤Â¯Ã Â¤ÂªÃ Â¤Â¿, 2030 Ã Â¤Â¤Ã Â¤â¢ Ã Â¤Â¨Ã Â¥â¡Ã Â¤Å¸ Ã Â¤ÅÃ Â¥â¬Ã Â¤Â°Ã Â¥â¹ Ã Â¤â°Ã Â¤Â¤Ã Â¥ÂÃ Â¤Â¸Ã Â¤Â°Ã Â¥ÂÃ Â¤ÅÃ Â¤Â¨ Ã Â¤Â¹Ã Â¤Â¾Ã Â¤Â¸Ã Â¤Â¿Ã Â¤Â² Ã Â¤â¢Ã Â¤Â°Ã Â¤Â¨Ã Â¥â¡ Ã Â¤â¢Ã Â¥â¬ Ã Â¤ÂªÃ Â¥ÂÃ Â¤Â°Ã Â¤Â¤Ã Â¤Â¿Ã Â¤Â¬Ã Â¤Â¦Ã Â¥ÂÃ Â¤Â§Ã Â¤Â¤Ã Â¤Â¾ Ã Â¤âÃ Â¤Â° Ã Â¤Â²Ã Â¤â¢Ã Â¥ÂÃ Â¤Â·Ã Â¥ÂÃ Â¤Â¯ Ã Â¤ÂªÃ Â¤Â¹Ã Â¤Â²Ã Â¥â¡ Ã Â¤Â¸Ã Â¥â¡ Ã Â¤Â¹Ã Â¥â¬ Ã Â¤Â¹Ã Â¥Ë, Ã Â¤â°Ã Â¤Â¤Ã Â¥ÂÃ Â¤Â¸Ã Â¤Â°Ã Â¥ÂÃ Â¤ÅÃ Â¤Â¨ Ã Â¤â¢Ã Â¤Â® Ã Â¤â¢Ã Â¤Â°Ã Â¤Â¨Ã Â¥â¡ Ã Â¤â¢Ã Â¥â¬ Ã Â¤Å¡Ã Â¥ÂÃ Â¤Â¨Ã Â¥ÅÃ Â¤Â¤Ã Â¥â¬ Ã Â¤Â­Ã Â¤Â¾Ã Â¤Â°Ã Â¥â¬ Ã Â¤Â²Ã Â¤âÃ Â¤Â¤Ã Â¥â¬ Ã Â¤Â¹Ã Â¥Ë Ã Â¤â¢Ã Â¥ÂÃ Â¤Â¯Ã Â¥â¹Ã Â¤âÃ Â¤â¢Ã Â¤Â¿ AI Ã Â¤â¢Ã Â¤Â¾ Ã Â¤ÂÃ Â¤â¢Ã Â¥â¬Ã Â¤â¢Ã Â¤Â°Ã Â¤Â£ Ã Â¤ÅÃ Â¤Â¾Ã Â¤Â°Ã Â¥â¬ Ã Â¤Â¹Ã Â¥ËÃ Â¥Â¤ Ã Â¤â¡Ã Â¤Â¸ Ã Â¤Â²Ã Â¤â¢Ã Â¥ÂÃ Â¤Â·Ã Â¥ÂÃ Â¤Â¯ Ã Â¤â¢Ã Â¥â¹ Ã Â¤ÂªÃ Â¥ÂÃ Â¤Â°Ã Â¤Â¾Ã Â¤ÂªÃ Â¥ÂÃ Â¤Â¤ Ã Â¤â¢Ã Â¤Â°Ã Â¤Â¨Ã Â¥â¡ Ã Â¤â¢Ã Â¥â¡ Ã Â¤Â²Ã Â¤Â¿Ã Â¤Â, Ã Â¤Â¨Ã Â¤ÂµÃ Â¥â¬Ã Â¤â¢Ã Â¤Â°Ã Â¤Â£Ã Â¥â¬Ã Â¤Â¯ Ã Â¤Å Ã Â¤Â°Ã Â¥ÂÃ Â¤ÅÃ Â¤Â¾ Ã Â¤â¢Ã Â¥â¡ Ã Â¤â°Ã Â¤ÂªÃ Â¤Â¯Ã Â¥â¹Ã Â¤â Ã Â¤Â®Ã Â¥â¡Ã Â¤â Ã Â¤ÂªÃ Â¤Â°Ã Â¥ÂÃ Â¤Â¯Ã Â¤Â¾Ã Â¤ÂªÃ Â¥ÂÃ Â¤Â¤ Ã Â¤Â¨Ã Â¤Â¿Ã Â¤ÂµÃ Â¥â¡Ã Â¤Â¶ Ã Â¤â Ã Â¤ÂµÃ Â¤Â¶Ã Â¥ÂÃ Â¤Â¯Ã Â¤â¢ Ã Â¤Â¹Ã Â¥â¹Ã Â¤âÃ Â¤Â¾Ã Â¥Â¤ Ã Â¤ÂªÃ Â¥ÂÃ Â¤Â°Ã Â¥ÅÃ Â¤Â¦Ã Â¥ÂÃ Â¤Â¯Ã Â¥â¹Ã Â¤âÃ Â¤Â¿Ã Â¤â¢Ã Â¥â¬ Ã Â¤â¢Ã Â¥ÂÃ Â¤Â·Ã Â¥â¡Ã Â¤Â¤Ã Â¥ÂÃ Â¤Â° Ã Â¤â¢Ã Â¥â¡ Ã Â¤ÂªÃ Â¥ÂÃ Â¤Â°Ã Â¤Â¤Ã Â¤Â¿Ã Â¤Â¸Ã Â¥ÂÃ Â¤ÂªÃ Â¤Â°Ã Â¥ÂÃ Â¤Â§Ã Â¥â¬ Ã Â¤Â®Ã Â¤Â¾Ã Â¤Â¹Ã Â¥ÅÃ Â¤Â² Ã Â¤Â¸Ã Â¥â¡ Ã Â¤â¢Ã Â¤Â Ã Â¤Â¿Ã Â¤Â¨Ã Â¤Â¾Ã Â¤Ë Ã Â¤âÃ Â¤Â° Ã Â¤Â¬Ã Â¤Â¢Ã Â¤Â¼ Ã Â¤âÃ Â¤Ë Ã Â¤Â¹Ã Â¥Ë, Ã Â¤ÅÃ Â¤Â¹Ã Â¤Â¾Ã Â¤Â Ã Â¤Â¬Ã Â¤Â¾Ã Â¤ÅÃ Â¤Â¼Ã Â¤Â¾Ã Â¤Â° Ã Â¤â¢Ã Â¥â¬ Ã Â¤Â¸Ã Â¥ÂÃ Â¤Â¥Ã Â¤Â¿Ã Â¤Â¤Ã Â¤Â¿ Ã Â¤âÃ Â¤Â° Ã Â¤Â¶Ã Â¥â¡Ã Â¤Â¯Ã Â¤Â°Ã Â¤Â§Ã Â¤Â¾Ã Â¤Â°Ã Â¤â¢ Ã Â¤â¢Ã Â¥â¡ Ã Â¤Â®Ã Â¥âÃ Â¤Â²Ã Â¥ÂÃ Â¤Â¯ Ã Â¤â¢Ã Â¥â¹ Ã Â¤Â¬Ã Â¤Â¨Ã Â¤Â¾Ã Â¤Â Ã Â¤Â°Ã Â¤âÃ Â¤Â¨Ã Â¥â¡ Ã Â¤â¢Ã Â¥â¡ Ã Â¤Â²Ã Â¤Â¿Ã Â¤Â Ã Â¤Â¤Ã Â¥â¡Ã Â¤ÅÃ Â¥â¬ Ã Â¤Â¸Ã Â¥â¡ Ã Â¤Â¨Ã Â¤ÂµÃ Â¤Â¾Ã Â¤Å¡Ã Â¤Â¾Ã Â¤Â° Ã Â¤â Ã Â¤ÂµÃ Â¤Â¶Ã Â¥ÂÃ Â¤Â¯Ã Â¤â¢ Ã Â¤Â¹Ã Â¥ËÃ Â¥Â¤ Ã Â¤Â¨Ã Â¤ÂµÃ Â¤Â¾Ã Â¤Å¡Ã Â¤Â¾Ã Â¤Â°, Ã Â¤Â²Ã Â¤Â¾Ã Â¤Â­Ã Â¤ÂªÃ Â¥ÂÃ Â¤Â°Ã Â¤Â¦Ã Â¤Â¤Ã Â¤Â¾ Ã Â¤âÃ Â¤Â° Ã Â¤Â§Ã Â¤Â¾Ã Â¤Â°Ã Â¤Â£Ã Â¥â¬Ã Â¤Â¯Ã Â¤Â¤Ã Â¤Â¾ Ã Â¤â¢Ã Â¥â¡ Ã Â¤Â¬Ã Â¥â¬Ã Â¤Å¡ Ã Â¤Â¸Ã Â¤âÃ Â¤Â¤Ã Â¥ÂÃ Â¤Â²Ã Â¤Â¨ Ã Â¤Â¹Ã Â¤Â¾Ã Â¤Â¸Ã Â¤Â¿Ã Â¤Â² Ã Â¤â¢Ã Â¤Â°Ã Â¤Â¨Ã Â¥â¡ Ã Â¤â¢Ã Â¥â¡ Ã Â¤Â²Ã Â¤Â¿Ã Â¤Â, Ã Â¤ÂÃ Â¤â¢ Ã Â¤Â°Ã Â¤Â£Ã Â¤Â¨Ã Â¥â¬Ã Â¤Â¤Ã Â¤Â¿Ã Â¤â¢ Ã Â¤â¢Ã Â¤Â¦Ã Â¤Â® Ã Â¤â Ã Â¤ÂµÃ Â¤Â¶Ã Â¥ÂÃ Â¤Â¯Ã Â¤â¢ Ã Â¤Â¹Ã Â¥Ë Ã Â¤ÅÃ Â¥â¹ Ã Â¤ÂµÃ Â¥ÂÃ Â¤Â¯Ã Â¤Â¾Ã Â¤ÂµÃ Â¤Â¸Ã Â¤Â¾Ã Â¤Â¯Ã Â¤Â¿Ã Â¤â¢ Ã Â¤â°Ã Â¤Â¦Ã Â¥ÂÃ Â¤Â¦Ã Â¥â¡Ã Â¤Â¶Ã Â¥ÂÃ Â¤Â¯Ã Â¥â¹Ã Â¤â Ã Â¤âÃ Â¤Â° Ã Â¤Â¨Ã Â¥ËÃ Â¤Â¤Ã Â¤Â¿Ã Â¤â¢ Ã Â¤Â¦Ã Â¤Â¾Ã Â¤Â¯Ã Â¤Â¿Ã Â¤Â¤Ã Â¥ÂÃ Â¤ÂµÃ Â¥â¹Ã Â¤â, Ã Â¤Â¦Ã Â¥â¹Ã Â¤Â¨Ã Â¥â¹Ã Â¤â Ã Â¤â¢Ã Â¥â¡ Ã Â¤â¦Ã Â¤Â¨Ã Â¥ÂÃ Â¤Â°Ã Â¥âÃ Â¤Âª Ã Â¤Â¹Ã Â¥â¹Ã Â¥Â¤ (a) Ã Â¤â°Ã Â¤ÂªÃ Â¤Â°Ã Â¥ÂÃ Â¤Â¯Ã Â¥ÂÃ Â¤â¢Ã Â¥ÂÃ Â¤Â¤ Ã Â¤Â®Ã Â¤Â¾Ã Â¤Â®Ã Â¤Â²Ã Â¥â¡ Ã Â¤Â®Ã Â¥â¡Ã Â¤â Ã Â¤â°Ã Â¤Â¤Ã Â¥ÂÃ Â¤ÂªÃ Â¤Â¨Ã Â¥ÂÃ Â¤Â¨ Ã Â¤Å¡Ã Â¥ÂÃ Â¤Â¨Ã Â¥ÅÃ Â¤Â¤Ã Â¤Â¿Ã Â¤Â¯Ã Â¥â¹Ã Â¤â Ã Â¤ÂªÃ Â¤Â° Ã Â¤â Ã Â¤ÂªÃ Â¤â¢Ã Â¥â¬ Ã Â¤Â¤Ã Â¤Â¤Ã Â¥ÂÃ Â¤â¢Ã Â¤Â¾Ã Â¤Â² Ã Â¤ÂªÃ Â¥ÂÃ Â¤Â°Ã Â¤Â¤Ã Â¤Â¿Ã Â¤â¢Ã Â¥ÂÃ Â¤Â°Ã Â¤Â¿Ã Â¤Â¯Ã Â¤Â¾ Ã Â¤â¢Ã Â¥ÂÃ Â¤Â¯Ã Â¤Â¾ Ã Â¤Â¹Ã Â¥Ë? (b) Ã Â¤â°Ã Â¤ÂªÃ Â¤Â°Ã Â¥ÂÃ Â¤Â¯Ã Â¥ÂÃ Â¤â¢Ã Â¥ÂÃ Â¤Â¤ Ã Â¤Â®Ã Â¤Â¾Ã Â¤Â®Ã Â¤Â²Ã Â¥â¡ Ã Â¤Â®Ã Â¥â¡Ã Â¤â Ã Â¤Â¶Ã Â¤Â¾Ã Â¤Â®Ã Â¤Â¿Ã Â¤Â² Ã Â¤Â¨Ã Â¥ËÃ Â¤Â¤Ã Â¤Â¿Ã Â¤â¢ Ã Â¤Â®Ã Â¥ÂÃ Â¤Â¦Ã Â¥ÂÃ Â¤Â¦Ã Â¥â¹Ã Â¤â Ã Â¤ÂªÃ Â¤Â° Ã Â¤Å¡Ã Â¤Â°Ã Â¥ÂÃ Â¤Å¡Ã Â¤Â¾ Ã Â¤â¢Ã Â¥â¬Ã Â¤ÅÃ Â¤Â¿Ã Â¤ÂÃ Â¥Â¤ (c) Ã Â¤â Ã Â¤ÂªÃ Â¤â¢Ã Â¥â¬ Ã Â¤â¢Ã Â¤âÃ Â¤ÂªÃ Â¤Â¨Ã Â¥â¬ Ã Â¤â¢Ã Â¥â¹ Ã Â¤Â¤Ã Â¤â¢Ã Â¤Â¨Ã Â¥â¬Ã Â¤â¢Ã Â¥â¬ Ã Â¤Â¦Ã Â¤Â¿Ã Â¤âÃ Â¥ÂÃ Â¤âÃ Â¤ÅÃ Â¥â¹Ã Â¤â Ã Â¤Â¦Ã Â¥ÂÃ Â¤ÂµÃ Â¤Â¾Ã Â¤Â°Ã Â¤Â¾ Ã Â¤Â¦Ã Â¤âÃ Â¤Â¡Ã Â¤Â¿Ã Â¤Â¤ Ã Â¤â¢Ã Â¤Â¿Ã Â¤Â Ã Â¤ÅÃ Â¤Â¾Ã Â¤Â¨Ã Â¥â¡ Ã Â¤â¢Ã Â¥â¡ Ã Â¤Â²Ã Â¤Â¿Ã Â¤Â Ã Â¤Å¡Ã Â¤Â¿Ã Â¤Â¹Ã Â¥ÂÃ Â¤Â¨Ã Â¤Â¿Ã Â¤Â¤ Ã Â¤â¢Ã Â¤Â¿Ã Â¤Â¯Ã Â¤Â¾ Ã Â¤âÃ Â¤Â¯Ã Â¤Â¾ Ã Â¤Â¹Ã Â¥ËÃ Â¥Â¤ Ã Â¤â¡Ã Â¤Â¸Ã Â¤â¢Ã Â¥â¬ Ã Â¤â Ã Â¤ÂµÃ Â¤Â¶Ã Â¥ÂÃ Â¤Â¯Ã Â¤â¢Ã Â¤Â¤Ã Â¤Â¾ Ã Â¤â¢Ã Â¥â¹ Ã Â¤Â¸Ã Â¤Â®Ã Â¤ÂÃ Â¤Â¾Ã Â¤Â¨Ã Â¥â¡ Ã Â¤â¢Ã Â¥â¡ Ã Â¤Â²Ã Â¤Â¿Ã Â¤Â Ã Â¤â Ã Â¤Âª Ã Â¤â¢Ã Â¥ÂÃ Â¤Â¯Ã Â¤Â¾ Ã Â¤Â¤Ã Â¤Â¾Ã Â¤Â°Ã Â¥ÂÃ Â¤â¢Ã Â¤Â¿Ã Â¤â¢ Ã Â¤âÃ Â¤Â° Ã Â¤Â¨Ã Â¥ËÃ Â¤Â¤Ã Â¤Â¿Ã Â¤â¢ Ã Â¤Â¤Ã Â¤Â°Ã Â¥ÂÃ Â¤â¢ Ã Â¤Â¦Ã Â¥â¡Ã Â¤âÃ Â¤âÃ Â¥â¡? (d) Ã Â¤ÂÃ Â¤â¢ Ã Â¤ÂµÃ Â¤Â¿Ã Â¤ÂµÃ Â¥â¡Ã Â¤â¢Ã Â¤Â¶Ã Â¥â¬Ã Â¤Â² Ã Â¤ÂµÃ Â¥ÂÃ Â¤Â¯Ã Â¤â¢Ã Â¥ÂÃ Â¤Â¤Ã Â¤Â¿ Ã Â¤Â¹Ã Â¥â¹Ã Â¤Â¨Ã Â¥â¡ Ã Â¤â¢Ã Â¥â¡ Ã Â¤Â¨Ã Â¤Â¾Ã Â¤Â¤Ã Â¥â¡, Ã Â¤â Ã Â¤Âª AI Ã Â¤Â¨Ã Â¤ÂµÃ Â¤Â¾Ã Â¤Å¡Ã Â¤Â¾Ã Â¤Â° Ã Â¤âÃ Â¤Â° Ã Â¤ÂªÃ Â¤Â°Ã Â¥ÂÃ Â¤Â¯Ã Â¤Â¾Ã Â¤ÂµÃ Â¤Â°Ã Â¤Â£Ã Â¥â¬Ã Â¤Â¯ Ã Â¤ÂªÃ Â¤Â¦Ã Â¤Å¡Ã Â¤Â¿Ã Â¤Â¹Ã Â¥ÂÃ Â¤Â¨ Ã Â¤â¢Ã Â¥â¡ Ã Â¤Â¬Ã Â¥â¬Ã Â¤Å¡ Ã Â¤Â¸Ã Â¤âÃ Â¤Â¤Ã Â¥ÂÃ Â¤Â²Ã Â¤Â¨ Ã Â¤Â¬Ã Â¤Â¨Ã Â¤Â¾Ã Â¤Â Ã Â¤Â°Ã Â¤âÃ Â¤Â¨Ã Â¥â¡ Ã Â¤â¢Ã Â¥â¡ Ã Â¤Â²Ã Â¤Â¿Ã Â¤Â Ã Â¤â¢Ã Â¥ÂÃ Â¤Â¯Ã Â¤Â¾ Ã Â¤â°Ã Â¤ÂªÃ Â¤Â¾Ã Â¤Â¯ Ã Â¤â¦Ã Â¤ÂªÃ Â¤Â¨Ã Â¤Â¾Ã Â¤ÂÃ Â¤ÂÃ Â¤âÃ Â¥â¡? (Ã Â¤â°Ã Â¤Â¤Ã Â¥ÂÃ Â¤Â¤Ã Â¤Â° 250 Ã Â¤Â¶Ã Â¤Â¬Ã Â¥ÂÃ Â¤Â¦Ã Â¥â¹Ã Â¤â Ã Â¤Â®Ã Â¥â¡Ã Â¤â) There is a technological company named ABC Incorporated which is the second largest worldwide, situated in the Third World. You are the Chief Executive Officer and the majority shareholder of this company. The fast technological improvements have raised worries among environmental activists, regulatory authorities, and the general public over the sustainability of this scenario. You confront substantial issues about the business's environmental footprint. In 2023, your organization had a significant increase of 48% in greenhouse gas emissions compared to the levels recorded in 2019. The significant rise in energy consumption is mainly due to the surging energy requirements of your data centers, fuelled by the exponential expansion of Artificial Intelligence (AI). AI-powered services need much more computational resources and electrical energy compared to conventional online activities, notwithstanding their notable gains. The technology's proliferation has led to a growing concern over the environmental repercussions, resulting in an increase in warnings. AI models, especially those used in extensive machine learning and data processing, exhibit much greater energy consumption than conventional computer tasks, with an exponential increase. Although there is already a commitment and goal to achieve net zero emissions by 2030, the challenge of lowering emissions seems overwhelming as the integration of AI continues to increase. To achieve this goal, substantial investments in renewable energy use would be necessary. The difficulty is exacerbated by the competitive environment of the technology sector, where rapid innovation is essential for preserving market standing and shareholders' worth. To achieve a balance between innovation, profitability and sustainability, a strategic move is necessary that is in line with both, business objectives and ethical obligations. (a) What is your immediate response to the challenges posed in the above case? (b) Discuss the ethical issues involved in the above case. (c) Your company has been identified to be penalized by technological giants. What logical and ethical arguments will you put forth to convince about its necessity? (d) Being a conscience being, what measures would you adopt to maintain balance between AI innovation and environmental footprint? (Answer in 250 words)","There is a technological company named ABC Incorporated which is the second largest worldwide, situated in the Third World. You are the Chief Executive Officer and the majority shareholder of this company. The fast technological improvements have raised worries among environmental activists, regulatory authorities, and the general public over the sustainability of this scenario. You confront substantial issues about the business's environmental footprint. In 2023, your organization had a significant increase of 48% in greenhouse gas emissions compared to the levels recorded in 2019. The significant rise in energy consumption is mainly due to the surging energy requirements of your data centers, fuelled by the exponential expansion of Artificial Intelligence (AI). AI-powered services need much more computational resources and electrical energy compared to conventional online activities, notwithstanding their notable gains. The technology's proliferation has led to a growing concern over the environmental repercussions, resulting in an increase in warnings. AI models, especially those used in extensive machine learning and data processing, exhibit much greater energy consumption than conventional computer tasks, with an exponential increase. Although there is already a commitment and goal to achieve net zero emissions by 2030, the challenge of lowering emissions seems overwhelming as the integration of AI continues to increase. To achieve this goal, substantial investments in renewable energy use would be necessary. The difficulty is exacerbated by the competitive environment of the technology sector, where rapid innovation is essential for preserving market standing and shareholders' worth. To achieve a balance between innovation, profitability and sustainability, a strategic move is necessary that is in line with both, business objectives and ethical obligations. (a) What is your immediate response to the challenges posed in the above case? (b) Discuss the ethical issues involved in the above case. (c) Your company has been identified to be penalized by technological giants. What logical and ethical arguments will you put forth to convince about its necessity? (d) Being a conscience being, what measures would you adopt to maintain balance between AI innovation and environmental footprint?",100.0,keep,true,aggregator,,,,,,,,,,,,,,,,,,
2024,GS4,dee30326-920a-40cf-bee0-a5b4c76760f7,75,GS4-Q8,10,GS4-B-Q5,"Ã Â¤Â°Ã Â¤Â®Ã Â¤Â£ Ã Â¤ÂÃ Â¤â¢ Ã Â¤ÂµÃ Â¤Â°Ã Â¤Â¿Ã Â¤Â·Ã Â¥ÂÃ Â¤Â  Ã Â¤â Ã Â¤ËÃ Â¤ÂªÃ Â¥â¬Ã Â¤ÂÃ Â¤Â¸ Ã Â¤â¦Ã Â¤Â§Ã Â¤Â¿Ã Â¤â¢Ã Â¤Â¾Ã Â¤Â°Ã Â¥â¬ Ã Â¤Â¹Ã Â¥ËÃ Â¤â Ã Â¤âÃ Â¤Â° Ã Â¤Â¹Ã Â¤Â¾Ã Â¤Â² Ã Â¤Â¹Ã Â¥â¬ Ã Â¤Â®Ã Â¥â¡Ã Â¤â Ã Â¤â°Ã Â¤Â¨Ã Â¥ÂÃ Â¤Â¹Ã Â¥â¡Ã Â¤â Ã Â¤ÂÃ Â¤â¢ Ã Â¤Â°Ã Â¤Â¾Ã Â¤ÅÃ Â¥ÂÃ Â¤Â¯ Ã Â¤â¢Ã Â¥â¡ Ã Â¤Â¡Ã Â¥â¬Ã Â¤ÅÃ Â¥â¬ Ã Â¤â¢Ã Â¥â¡ Ã Â¤Â°Ã Â¥âÃ Â¤Âª Ã Â¤Â®Ã Â¥â¡Ã Â¤â Ã Â¤Â¨Ã Â¤Â¿Ã Â¤Â¯Ã Â¥ÂÃ Â¤â¢Ã Â¥ÂÃ Â¤Â¤ Ã Â¤â¢Ã Â¤Â¿Ã Â¤Â¯Ã Â¤Â¾ Ã Â¤âÃ Â¤Â¯Ã Â¤Â¾ Ã Â¤Â¹Ã Â¥ËÃ Â¥Â¤ Ã Â¤ÅÃ Â¤Â¿Ã Â¤Â¨ Ã Â¤ÂµÃ Â¤Â¿Ã Â¤Â­Ã Â¤Â¿Ã Â¤Â¨Ã Â¥ÂÃ Â¤Â¨ Ã Â¤Â®Ã Â¥ÂÃ Â¤Â¦Ã Â¥ÂÃ Â¤Â¦Ã Â¥â¹Ã Â¤â Ã Â¤âÃ Â¤Â° Ã Â¤Â¸Ã Â¤Â®Ã Â¤Â¸Ã Â¥ÂÃ Â¤Â¯Ã Â¤Â¾Ã Â¤âÃ Â¤â/Ã Â¤Å¡Ã Â¥ÂÃ Â¤Â¨Ã Â¥ÅÃ Â¤Â¤Ã Â¤Â¿Ã Â¤Â¯Ã Â¥â¹Ã Â¤â Ã Â¤ÂªÃ Â¤Â° Ã Â¤â°Ã Â¤Â¨Ã Â¥ÂÃ Â¤Â¹Ã Â¥â¡Ã Â¤â Ã Â¤Â¤Ã Â¤Â¤Ã Â¥ÂÃ Â¤â¢Ã Â¤Â¾Ã Â¤Â² Ã Â¤Â§Ã Â¥ÂÃ Â¤Â¯Ã Â¤Â¾Ã Â¤Â¨ Ã Â¤Â¦Ã Â¥â¡Ã Â¤Â¨Ã Â¥â¡ Ã Â¤â¢Ã Â¥â¬ Ã Â¤â Ã Â¤ÂµÃ Â¤Â¶Ã Â¥ÂÃ Â¤Â¯Ã Â¤â¢Ã Â¤Â¤Ã Â¤Â¾ Ã Â¤Â¥Ã Â¥â¬, Ã Â¤â°Ã Â¤Â¨Ã Â¤Â®Ã Â¥â¡Ã Â¤â Ã Â¤ÂÃ Â¤â¢ Ã Â¤â¦Ã Â¤ÅÃ Â¥ÂÃ Â¤Å¾Ã Â¤Â¾Ã Â¤Â¤ Ã Â¤â Ã Â¤Â¤Ã Â¤âÃ Â¤â¢Ã Â¤ÂµÃ Â¤Â¾Ã Â¤Â¦Ã Â¥â¬ Ã Â¤Â¸Ã Â¤Â®Ã Â¥âÃ Â¤Â¹ Ã Â¤Â¦Ã Â¥ÂÃ Â¤ÂµÃ Â¤Â¾Ã Â¤Â°Ã Â¤Â¾ Ã Â¤Â¬Ã Â¥â¡Ã Â¤Â°Ã Â¥â¹Ã Â¤ÅÃ Â¤âÃ Â¤Â¾Ã Â¤Â° Ã Â¤Â¯Ã Â¥ÂÃ Â¤ÂµÃ Â¤â¢Ã Â¥â¹Ã Â¤â Ã Â¤â¢Ã Â¥â¬ Ã Â¤Â­Ã Â¤Â°Ã Â¥ÂÃ Â¤Â¤Ã Â¥â¬ Ã Â¤Â¸Ã Â¥â¡ Ã Â¤Â¸Ã Â¤âÃ Â¤Â¬Ã Â¤âÃ Â¤Â§Ã Â¤Â¿Ã Â¤Â¤ Ã Â¤Â®Ã Â¥ÂÃ Â¤Â¦Ã Â¥ÂÃ Â¤Â¦Ã Â¤Â¾ Ã Â¤âÃ Â¤âÃ Â¤Â­Ã Â¥â¬Ã Â¤Â° Ã Â¤Å¡Ã Â¤Â¿Ã Â¤âÃ Â¤Â¤Ã Â¤Â¾ Ã Â¤â¢Ã Â¤Â¾ Ã Â¤ÂµÃ Â¤Â¿Ã Â¤Â·Ã Â¤Â¯ Ã Â¤Â¥Ã Â¤Â¾Ã Â¥Â¤ Ã Â¤Â¯Ã Â¤Â¹ Ã Â¤ÂªÃ Â¤Â¾Ã Â¤Â¯Ã Â¤Â¾ Ã Â¤âÃ Â¤Â¯Ã Â¤Â¾ Ã Â¤â¢Ã Â¤Â¿ Ã Â¤Â°Ã Â¤Â¾Ã Â¤ÅÃ Â¥ÂÃ Â¤Â¯ Ã Â¤Â®Ã Â¥â¡Ã Â¤â Ã Â¤Â¬Ã Â¥â¡Ã Â¤Â°Ã Â¥â¹Ã Â¤ÅÃ Â¤âÃ Â¤Â¾Ã Â¤Â°Ã Â¥â¬ Ã Â¤â¦Ã Â¤ÂªÃ Â¥â¡Ã Â¤â¢Ã Â¥ÂÃ Â¤Â·Ã Â¤Â¾Ã Â¤â¢Ã Â¥ÆÃ Â¤Â¤ Ã Â¤â¦Ã Â¤Â§Ã Â¤Â¿Ã Â¤â¢ Ã Â¤Â¥Ã Â¥â¬Ã Â¥Â¤ Ã Â¤Â¸Ã Â¥ÂÃ Â¤Â¨Ã Â¤Â¾Ã Â¤Â¤Ã Â¤â¢ Ã Â¤âÃ Â¤Â° Ã Â¤â°Ã Â¤Å¡Ã Â¥ÂÃ Â¤Å¡ Ã Â¤Â¶Ã Â¤Â¿Ã Â¤â¢Ã Â¥ÂÃ Â¤Â·Ã Â¤Â¾ Ã Â¤ÂªÃ Â¥ÂÃ Â¤Â°Ã Â¤Â¾Ã Â¤ÂªÃ Â¥ÂÃ Â¤Â¤ Ã Â¤Â²Ã Â¥â¹Ã Â¤âÃ Â¥â¹Ã Â¤â Ã Â¤â¢Ã Â¥â¡ Ã Â¤Â¬Ã Â¥â¬Ã Â¤Å¡ Ã Â¤Â¬Ã Â¥â¡Ã Â¤Â°Ã Â¥â¹Ã Â¤ÅÃ Â¤âÃ Â¤Â¾Ã Â¤Â°Ã Â¥â¬ Ã Â¤â¢Ã Â¥â¬ Ã Â¤Â¸Ã Â¤Â®Ã Â¤Â¸Ã Â¥ÂÃ Â¤Â¯Ã Â¤Â¾ Ã Â¤âÃ Â¤Â° Ã Â¤Â­Ã Â¥â¬ Ã Â¤âÃ Â¤âÃ Â¤Â­Ã Â¥â¬Ã Â¤Â° Ã Â¤Â¥Ã Â¥â¬Ã Â¥Â¤ Ã Â¤â¡Ã Â¤Â¸Ã Â¤Â²Ã Â¤Â¿Ã Â¤Â Ã Â¤ÂµÃ Â¥â¡ Ã Â¤â¢Ã Â¤Â®Ã Â¤ÅÃ Â¤Â¼Ã Â¥â¹Ã Â¤Â° Ã Â¤âÃ Â¤Â° Ã Â¤â Ã Â¤Â¸Ã Â¤Â¾Ã Â¤Â¨ Ã Â¤Â²Ã Â¤â¢Ã Â¥ÂÃ Â¤Â·Ã Â¥ÂÃ Â¤Â¯ Ã Â¤Â¥Ã Â¥â¡Ã Â¥Â¤ Ã Â¤Â¡Ã Â¥â¬Ã Â¤â Ã Â¤ËÃ Â¤ÅÃ Â¥â¬ Ã Â¤Â°Ã Â¥â¡Ã Â¤âÃ Â¤Å Ã Â¤âÃ Â¤Â° Ã Â¤â°Ã Â¤Â¸Ã Â¤â¢Ã Â¥â¡ Ã Â¤Å Ã Â¤ÂªÃ Â¤Â° Ã Â¤â¢Ã Â¥â¡ Ã Â¤ÂµÃ Â¤Â°Ã Â¤Â¿Ã Â¤Â·Ã Â¥ÂÃ Â¤Â  Ã Â¤â¦Ã Â¤Â§Ã Â¤Â¿Ã Â¤â¢Ã Â¤Â¾Ã Â¤Â°Ã Â¤Â¿Ã Â¤Â¯Ã Â¥â¹Ã Â¤â Ã Â¤â¢Ã Â¥â¡ Ã Â¤Â¸Ã Â¤Â¾Ã Â¤Â¥ Ã Â¤â°Ã Â¤Â¨Ã Â¤â¢Ã Â¥â¬ Ã Â¤Â¸Ã Â¤Â®Ã Â¥â¬Ã Â¤â¢Ã Â¥ÂÃ Â¤Â·Ã Â¤Â¾ Ã Â¤Â¬Ã Â¥ËÃ Â¤Â Ã Â¤â¢ Ã Â¤Â®Ã Â¥â¡Ã Â¤â Ã Â¤Â¯Ã Â¤Â¹ Ã Â¤Â¬Ã Â¤Â¾Ã Â¤Â¤ Ã Â¤Â¸Ã Â¤Â¾Ã Â¤Â®Ã Â¤Â¨Ã Â¥â¡ Ã Â¤â Ã Â¤Ë Ã Â¤â¢Ã Â¤Â¿ Ã Â¤ÂµÃ Â¥ËÃ Â¤Â¶Ã Â¥ÂÃ Â¤ÂµÃ Â¤Â¿Ã Â¤â¢ Ã Â¤Â¸Ã Â¥ÂÃ Â¤Â¤Ã Â¤Â° Ã Â¤ÂªÃ Â¤Â° Ã Â¤ÂÃ Â¤â¢ Ã Â¤Â¨Ã Â¤Â¯Ã Â¤Â¾ Ã Â¤â Ã Â¤Â¤Ã Â¤âÃ Â¤â¢Ã Â¤ÂµÃ Â¤Â¾Ã Â¤Â¦Ã Â¥â¬ Ã Â¤Â¸Ã Â¤Â®Ã Â¥âÃ Â¤Â¹ Ã Â¤â°Ã Â¤Â­Ã Â¤Â°Ã Â¤Â¾ Ã Â¤Â¹Ã Â¥ËÃ Â¥Â¤ Ã Â¤â¡Ã Â¤Â¸Ã Â¤Â¨Ã Â¥â¡ Ã Â¤Â¯Ã Â¥ÂÃ Â¤ÂµÃ Â¤Â¾ Ã Â¤Â¬Ã Â¥â¡Ã Â¤Â°Ã Â¥â¹Ã Â¤ÅÃ Â¤âÃ Â¤Â¾Ã Â¤Â° Ã Â¤Â²Ã Â¥â¹Ã Â¤âÃ Â¥â¹Ã Â¤â Ã Â¤â¢Ã Â¥â¬ Ã Â¤Â­Ã Â¤Â°Ã Â¥ÂÃ Â¤Â¤Ã Â¥â¬ Ã Â¤â¢Ã Â¥â¡ Ã Â¤Â²Ã Â¤Â¿Ã Â¤Â Ã Â¤Â¬Ã Â¤Â¡Ã Â¤Â¼Ã Â¥â¡ Ã Â¤ÂªÃ Â¥ËÃ Â¤Â®Ã Â¤Â¾Ã Â¤Â¨Ã Â¥â¡ Ã Â¤ÂªÃ Â¤Â° Ã Â¤â¦Ã Â¤Â­Ã Â¤Â¿Ã Â¤Â¯Ã Â¤Â¾Ã Â¤Â¨ Ã Â¤Å¡Ã Â¤Â²Ã Â¤Â¾Ã Â¤Â¯Ã Â¤Â¾ Ã Â¤Â¹Ã Â¥ËÃ Â¥Â¤ Ã Â¤â¢Ã Â¤Â¿Ã Â¤Â¸Ã Â¥â¬ Ã Â¤ÂµÃ Â¤Â¿Ã Â¤Â¶Ã Â¤Â¿Ã Â¤Â·Ã Â¥ÂÃ Â¤Å¸ Ã Â¤Â¸Ã Â¤Â®Ã Â¥ÂÃ Â¤Â¦Ã Â¤Â¾Ã Â¤Â¯ Ã Â¤Â¸Ã Â¥â¡ Ã Â¤Â¯Ã Â¥ÂÃ Â¤ÂµÃ Â¤Â¾Ã Â¤âÃ Â¤â Ã Â¤â¢Ã Â¥â¹ Ã Â¤Å¡Ã Â¥ÂÃ Â¤Â¨Ã Â¤Â¨Ã Â¥â¡ Ã Â¤â¢Ã Â¥â¡ Ã Â¤Â²Ã Â¤Â¿Ã Â¤Â Ã Â¤ÂµÃ Â¤Â¿Ã Â¤Â¶Ã Â¥â¡Ã Â¤Â· Ã Â¤Â§Ã Â¥ÂÃ Â¤Â¯Ã Â¤Â¾Ã Â¤Â¨ Ã Â¤Â¦Ã Â¤Â¿Ã Â¤Â¯Ã Â¤Â¾ Ã Â¤ÅÃ Â¤Â¾ Ã Â¤Â°Ã Â¤Â¹Ã Â¤Â¾ Ã Â¤Â¥Ã Â¤Â¾Ã Â¥Â¤ Ã Â¤â°Ã Â¤â¢Ã Â¥ÂÃ Â¤Â¤ Ã Â¤Â¸Ã Â¤âÃ Â¤âÃ Â¤Â Ã Â¤Â¨ Ã Â¤â¢Ã Â¤Â¾ Ã Â¤Â¸Ã Â¥ÂÃ Â¤ÂªÃ Â¤Â·Ã Â¥ÂÃ Â¤Å¸ Ã Â¤â°Ã Â¤Â¦Ã Â¥ÂÃ Â¤Â¦Ã Â¥â¡Ã Â¤Â¶Ã Â¥ÂÃ Â¤Â¯ Ã Â¤â Ã Â¤Â¤Ã Â¤âÃ Â¤â¢Ã Â¤ÂµÃ Â¤Â¾Ã Â¤Â¦Ã Â¥â¬ Ã Â¤âÃ Â¤Â¤Ã Â¤Â¿Ã Â¤ÂµÃ Â¤Â¿Ã Â¤Â§Ã Â¤Â¿Ã Â¤Â¯Ã Â¥â¹Ã Â¤â Ã Â¤â¢Ã Â¥â¹ Ã Â¤â¦Ã Â¤âÃ Â¤ÅÃ Â¤Â¾Ã Â¤Â® Ã Â¤Â¦Ã Â¥â¡Ã Â¤Â¨Ã Â¥â¡ Ã Â¤â¢Ã Â¥â¡ Ã Â¤Â²Ã Â¤Â¿Ã Â¤Â Ã Â¤â°Ã Â¤Â¨Ã Â¤â¢Ã Â¤Â¾ Ã Â¤â°Ã Â¤ÂªÃ Â¤Â¯Ã Â¥â¹Ã Â¤â Ã Â¤â¢Ã Â¤Â°Ã Â¤Â¨Ã Â¤Â¾ Ã Â¤Â¥Ã Â¤Â¾Ã Â¥Â¤ Ã Â¤Â¯Ã Â¤Â¹ Ã Â¤Â­Ã Â¥â¬ Ã Â¤ÂªÃ Â¤Â¤Ã Â¤Â¾ Ã Â¤Å¡Ã Â¤Â²Ã Â¤Â¾ Ã Â¤â¢Ã Â¤Â¿ Ã Â¤â°Ã Â¤â¢Ã Â¥ÂÃ Â¤Â¤ (Ã Â¤Â¨Ã Â¤Â¯Ã Â¤Â¾) Ã Â¤Â¸Ã Â¤Â®Ã Â¥âÃ Â¤Â¹ Ã Â¤â°Ã Â¤Â¨Ã Â¤â¢Ã Â¥â¡ Ã Â¤Â°Ã Â¤Â¾Ã Â¤ÅÃ Â¥ÂÃ Â¤Â¯ Ã Â¤Â®Ã Â¥â¡Ã Â¤â Ã Â¤â¦Ã Â¤ÂªÃ Â¤Â¨Ã Â¤Â¾ Ã Â¤ÅÃ Â¤Â¾Ã Â¤Â² Ã Â¤Â«Ã Â¥ËÃ Â¤Â²Ã Â¤Â¾Ã Â¤Â¨Ã Â¥â¡ Ã Â¤â¢Ã Â¥â¬ Ã Â¤ÂªÃ Â¥âÃ Â¤Â°Ã Â¥â¬ Ã Â¤â¢Ã Â¥â¹Ã Â¤Â¶Ã Â¤Â¿Ã Â¤Â¶ Ã Â¤â¢Ã Â¤Â° Ã Â¤Â°Ã Â¤Â¹Ã Â¤Â¾ Ã Â¤Â¹Ã Â¥ËÃ Â¥Â¤ Ã Â¤Â°Ã Â¤Â¾Ã Â¤ÅÃ Â¥ÂÃ Â¤Â¯ Ã Â¤Â¸Ã Â¥â¬Ã Â¤â Ã Â¤ËÃ Â¤Â¡Ã Â¥â¬ Ã Â¤âÃ Â¤Â° Ã Â¤Â¸Ã Â¤Â¾Ã Â¤â¡Ã Â¤Â¬Ã Â¤Â° Ã Â¤Â¸Ã Â¥â¡Ã Â¤Â² Ã Â¤â¢Ã Â¥â¹ Ã Â¤ÂÃ Â¤â¢ Ã Â¤Â¨Ã Â¤Â¿Ã Â¤Â¶Ã Â¥ÂÃ Â¤Å¡Ã Â¤Â¿Ã Â¤Â¤/Ã Â¤ÂµÃ Â¤Â¿Ã Â¤Â¶Ã Â¥ÂÃ Â¤ÂµÃ Â¤Â¸Ã Â¤Â¨Ã Â¥â¬Ã Â¤Â¯ Ã Â¤âÃ Â¥ÂÃ Â¤Â«Ã Â¤Â¿Ã Â¤Â¯Ã Â¤Â¾ Ã Â¤Â¸Ã Â¥âÃ Â¤Å¡Ã Â¤Â¨Ã Â¤Â¾ Ã Â¤Â®Ã Â¤Â¿Ã Â¤Â²Ã Â¥â¬ Ã Â¤Â¥Ã Â¥â¬ Ã Â¤â¢Ã Â¤Â¿ Ã Â¤Â¬Ã Â¤Â¡Ã Â¤Â¼Ã Â¥â¬ Ã Â¤Â¸Ã Â¤âÃ Â¤âÃ Â¥ÂÃ Â¤Â¯Ã Â¤Â¾ Ã Â¤Â®Ã Â¥â¡Ã Â¤â Ã Â¤ÂÃ Â¤Â¸Ã Â¥â¡ Ã Â¤Â¬Ã Â¥â¡Ã Â¤Â°Ã Â¥â¹Ã Â¤ÅÃ Â¤âÃ Â¤Â¾Ã Â¤Â° Ã Â¤Â¯Ã Â¥ÂÃ Â¤ÂµÃ Â¤Â¾Ã Â¤âÃ Â¤â Ã Â¤Â¸Ã Â¥â¡ Ã Â¤Â¸Ã Â¥â¹Ã Â¤Â¶Ã Â¤Â² Ã Â¤Â®Ã Â¥â¬Ã Â¤Â¡Ã Â¤Â¿Ã Â¤Â¯Ã Â¤Â¾ Ã Â¤âÃ Â¤Â° Ã Â¤Â¸Ã Â¥ÂÃ Â¤Â¥Ã Â¤Â¾Ã Â¤Â¨Ã Â¥â¬Ã Â¤Â¯ Ã Â¤Â¸Ã Â¤Â¾Ã Â¤âÃ Â¤ÂªÃ Â¥ÂÃ Â¤Â°Ã Â¤Â¦Ã Â¤Â¾Ã Â¤Â¯Ã Â¤Â¿Ã Â¤â¢ Ã Â¤Â¸Ã Â¤âÃ Â¤âÃ Â¤Â Ã Â¤Â¨Ã Â¥â¹Ã Â¤â Ã Â¤Â¤Ã Â¤Â¥Ã Â¤Â¾ Ã Â¤â¦Ã Â¤Â¨Ã Â¥ÂÃ Â¤Â¯ Ã Â¤Â¸Ã Â¤âÃ Â¤ÂªÃ Â¤Â°Ã Â¥ÂÃ Â¤â¢Ã Â¥â¹Ã Â¤â Ã Â¤â¢Ã Â¥â¡ Ã Â¤Â®Ã Â¤Â¾Ã Â¤Â§Ã Â¥ÂÃ Â¤Â¯Ã Â¤Â® Ã Â¤Â¸Ã Â¥â¡ Ã Â¤â Ã Â¤Â¤Ã Â¤âÃ Â¤â¢Ã Â¤ÂµÃ Â¤Â¾Ã Â¤Â¦Ã Â¥â¬ Ã Â¤Â¸Ã Â¤âÃ Â¤âÃ Â¤Â Ã Â¤Â¨/Ã Â¤Â¸Ã Â¤Â®Ã Â¥âÃ Â¤Â¹ Ã Â¤Â¨Ã Â¥â¡ Ã Â¤Â¸Ã Â¤âÃ Â¤ÂªÃ Â¤Â°Ã Â¥ÂÃ Â¤â¢ Ã Â¤â¢Ã Â¤Â¿Ã Â¤Â¯Ã Â¤Â¾ Ã Â¤Â¥Ã Â¤Â¾Ã Â¥Â¤ Ã Â¤Â¸Ã Â¤Â®Ã Â¤Â¯ Ã Â¤â¢Ã Â¥â¬ Ã Â¤Â®Ã Â¤Â¾Ã Â¤ÂÃ Â¤â Ã Â¤Â¹Ã Â¥Ë Ã Â¤â¢Ã Â¤Â¿ Ã Â¤Â¤Ã Â¥â¡Ã Â¤ÅÃ Â¥â¬ Ã Â¤Â¸Ã Â¥â¡ Ã Â¤â¢Ã Â¤Â¾Ã Â¤Â°Ã Â¥ÂÃ Â¤Â¯Ã Â¤ÂµÃ Â¤Â¾Ã Â¤Â¹Ã Â¥â¬ Ã Â¤â¢Ã Â¥â¬ Ã Â¤ÅÃ Â¤Â¾Ã Â¤Â Ã Â¤âÃ Â¤Â° Ã Â¤â¡Ã Â¤Â¨ Ã Â¤Â¤Ã Â¤Â¤Ã Â¥ÂÃ Â¤Â¤Ã Â¥ÂÃ Â¤ÂµÃ Â¥â¹Ã Â¤â/Ã Â¤Â¯Ã Â¥â¹Ã Â¤ÅÃ Â¤Â¨Ã Â¤Â¾Ã Â¤âÃ Â¤â Ã Â¤â¢Ã Â¥â¹ Ã Â¤âÃ Â¤âÃ Â¤Â­Ã Â¥â¬Ã Â¤Â° Ã Â¤Â°Ã Â¥âÃ Â¤Âª Ã Â¤Â²Ã Â¥â¡Ã Â¤Â¨Ã Â¥â¡ Ã Â¤Â¸Ã Â¥â¡ Ã Â¤ÂªÃ Â¤Â¹Ã Â¤Â²Ã Â¥â¡ Ã Â¤Â¹Ã Â¥â¬ Ã Â¤Â°Ã Â¥â¹Ã Â¤â¢ Ã Â¤Â¦Ã Â¤Â¿Ã Â¤Â¯Ã Â¤Â¾ Ã Â¤ÅÃ Â¤Â¾Ã Â¤ÂÃ Â¥Â¤ Ã Â¤Â¸Ã Â¤Â¾Ã Â¤â¡Ã Â¤Â¬Ã Â¤Â° Ã Â¤Â¸Ã Â¥â¡Ã Â¤Â² Ã Â¤â¢Ã Â¥â¡ Ã Â¤Â®Ã Â¤Â¾Ã Â¤Â§Ã Â¥ÂÃ Â¤Â¯Ã Â¤Â® Ã Â¤Â¸Ã Â¥â¡ Ã Â¤ÂªÃ Â¥ÂÃ Â¤Â²Ã Â¤Â¿Ã Â¤Â¸ Ã Â¤Â¦Ã Â¥ÂÃ Â¤ÂµÃ Â¤Â¾Ã Â¤Â°Ã Â¤Â¾ Ã Â¤â¢Ã Â¥â¬ Ã Â¤âÃ Â¤Ë Ã Â¤ÅÃ Â¤Â¾Ã Â¤ÂÃ Â¤Å¡ Ã Â¤Â¸Ã Â¥â¡ Ã Â¤ÂªÃ Â¤Â¤Ã Â¤Â¾ Ã Â¤Å¡Ã Â¤Â²Ã Â¤Â¾ Ã Â¤â¢Ã Â¤Â¿ Ã Â¤Â¬Ã Â¤Â¡Ã Â¤Â¼Ã Â¥â¬ Ã Â¤Â¸Ã Â¤âÃ Â¤âÃ Â¥ÂÃ Â¤Â¯Ã Â¤Â¾ Ã Â¤Â®Ã Â¥â¡Ã Â¤â Ã Â¤Â¬Ã Â¥â¡Ã Â¤Â°Ã Â¥â¹Ã Â¤ÅÃ Â¤âÃ Â¤Â¾Ã Â¤Â° Ã Â¤Â¯Ã Â¥ÂÃ Â¤ÂµÃ Â¤Â¾ Ã Â¤Â«Ã Â¥â¡Ã Â¤Â¸Ã Â¤Â¬Ã Â¥ÂÃ Â¤â¢, Ã Â¤â¡Ã Â¤âÃ Â¤Â¸Ã Â¥ÂÃ Â¤Å¸Ã Â¤Â¾Ã Â¤âÃ Â¥ÂÃ Â¤Â°Ã Â¤Â¾Ã Â¤Â® Ã Â¤âÃ Â¤Â° Ã Â¤Å¸Ã Â¥ÂÃ Â¤ÂµÃ Â¤Â¿Ã Â¤Å¸Ã Â¤Â° Ã Â¤ÂªÃ Â¤Â° Ã Â¤Â¬Ã Â¤Â¹Ã Â¥ÂÃ Â¤Â¤ Ã Â¤Â¸Ã Â¤â¢Ã Â¥ÂÃ Â¤Â°Ã Â¤Â¿Ã Â¤Â¯ Ã Â¤Â¹Ã Â¥ËÃ Â¤âÃ Â¥Â¤ Ã Â¤â°Ã Â¤Â¨Ã Â¤Â®Ã Â¥â¡Ã Â¤â Ã Â¤Â¸Ã Â¥â¡ Ã Â¤â¢Ã Â¤Ë Ã Â¤âÃ Â¤Â¸Ã Â¤Â¤Ã Â¤Â¨ Ã Â¤Â¹Ã Â¤Â° Ã Â¤Â¦Ã Â¤Â¿Ã Â¤Â¨ 6Ã¢â¬â8 Ã Â¤ËÃ Â¤âÃ Â¤Å¸Ã Â¥â¡ Ã Â¤â¡Ã Â¤Â²Ã Â¥â¡Ã Â¤â¢Ã Â¥ÂÃ Â¤Å¸Ã Â¥ÂÃ Â¤Â°Ã Â¥â°Ã Â¤Â¨Ã Â¤Â¿Ã Â¤â¢ Ã Â¤Â¡Ã Â¤Â¿Ã Â¤ÂµÃ Â¤Â¾Ã Â¤â¡Ã Â¤Â¸/Ã Â¤â¡Ã Â¤âÃ Â¤Å¸Ã Â¤Â°Ã Â¤Â¨Ã Â¥â¡Ã Â¤Å¸, Ã Â¤â Ã Â¤Â¦Ã Â¤Â¿ Ã Â¤â¢Ã Â¤Â¾ Ã Â¤â°Ã Â¤ÂªÃ Â¤Â¯Ã Â¥â¹Ã Â¤â Ã Â¤â¢Ã Â¤Â°Ã Â¤Â¤Ã Â¥â¡ Ã Â¤Â¹Ã Â¥ÂÃ Â¤Â Ã Â¤Â¬Ã Â¤Â¿Ã Â¤Â¤Ã Â¤Â¾ Ã Â¤Â°Ã Â¤Â¹Ã Â¥â¡ Ã Â¤Â¥Ã Â¥â¡Ã Â¥Â¤ Ã Â¤Â¯Ã Â¥â¡ Ã Â¤Â­Ã Â¥â¬ Ã Â¤ÂªÃ Â¤Â¤Ã Â¤Â¾ Ã Â¤Å¡Ã Â¤Â²Ã Â¤Â¾ Ã Â¤â¢Ã Â¤Â¿ Ã Â¤ÂÃ Â¤Â¸Ã Â¥â¡ Ã Â¤Â¬Ã Â¥â¡Ã Â¤Â°Ã Â¥â¹Ã Â¤ÅÃ Â¤âÃ Â¤Â¾Ã Â¤Â° Ã Â¤Â¯Ã Â¥ÂÃ Â¤ÂµÃ Â¤Â¾ Ã Â¤â°Ã Â¤Â¸ Ã Â¤ÂµÃ Â¥ËÃ Â¤Â¶Ã Â¥ÂÃ Â¤ÂµÃ Â¤Â¿Ã Â¤â¢ Ã Â¤â Ã Â¤Â¤Ã Â¤âÃ Â¤â¢Ã Â¤ÂµÃ Â¤Â¾Ã Â¤Â¦Ã Â¥â¬ Ã Â¤Â¸Ã Â¤Â®Ã Â¥âÃ Â¤Â¹ Ã Â¤â¢Ã Â¥â¡ Ã Â¤âÃ Â¤Â¾Ã Â¤Â¸ Ã Â¤ÂµÃ Â¥ÂÃ Â¤Â¯Ã Â¤â¢Ã Â¥ÂÃ Â¤Â¤Ã Â¤Â¿Ã Â¤Â¯Ã Â¥â¹Ã Â¤â (Ã Â¤â°Ã Â¤Â¨Ã Â¤â¢Ã Â¥â¡ Ã Â¤Â¸Ã Â¤âÃ Â¤ÂªÃ Â¤Â°Ã Â¥ÂÃ Â¤â¢ Ã Â¤ÂµÃ Â¤Â¾Ã Â¤Â²Ã Â¥â¡) Ã Â¤Â¸Ã Â¥â¡ Ã Â¤ÂªÃ Â¥ÂÃ Â¤Â°Ã Â¤Â¾Ã Â¤ÂªÃ Â¥ÂÃ Â¤Â¤ Ã Â¤Â¸Ã Â¤âÃ Â¤Â¦Ã Â¥â¡Ã Â¤Â¶Ã Â¥â¹Ã Â¤â Ã Â¤â¢Ã Â¤Â¾ Ã Â¤Â¸Ã Â¤Â®Ã Â¤Â°Ã Â¥ÂÃ Â¤Â¥Ã Â¤Â¨ Ã Â¤âÃ Â¤Â° Ã Â¤Â¸Ã Â¤Â¹Ã Â¤Â¾Ã Â¤Â¨Ã Â¥ÂÃ Â¤Â­Ã Â¥âÃ Â¤Â¤Ã Â¤Â¿ Ã Â¤Â¦Ã Â¤Â¿Ã Â¤âÃ Â¤Â¾ Ã Â¤Â°Ã Â¤Â¹Ã Â¥â¡ Ã Â¤Â¥Ã Â¥â¡Ã Â¥Â¤ Ã Â¤â°Ã Â¤Â¨Ã Â¤â¢Ã Â¥â¡ Ã Â¤Â¸Ã Â¥â¹Ã Â¤Â¶Ã Â¤Â² Ã Â¤Â®Ã Â¥â¬Ã Â¤Â¡Ã Â¤Â¿Ã Â¤Â¯Ã Â¤Â¾ Ã Â¤â¦Ã Â¤â¢Ã Â¤Â¾Ã Â¤â°Ã Â¤âÃ Â¤Å¸ Ã Â¤Â¸Ã Â¥â¡ Ã Â¤ÂªÃ Â¤Â¤Ã Â¤Â¾ Ã Â¤Å¡Ã Â¤Â²Ã Â¤Â¾ Ã Â¤â¢Ã Â¤Â¿ Ã Â¤ÂÃ Â¤Â¸Ã Â¥â¡ Ã Â¤Â¸Ã Â¤Â®Ã Â¥âÃ Â¤Â¹Ã Â¥â¹Ã Â¤â Ã Â¤â¢Ã Â¥â¡ Ã Â¤Â¸Ã Â¤Â¾Ã Â¤Â¥ Ã Â¤â°Ã Â¤Â¨Ã Â¤â¢Ã Â¤Â¾ Ã Â¤âÃ Â¤Â¹Ã Â¤Â°Ã Â¤Â¾ Ã Â¤ÅÃ Â¥ÂÃ Â¤Â¡Ã Â¤Â¼Ã Â¤Â¾Ã Â¤Âµ Ã Â¤Â¹Ã Â¥Ë, Ã Â¤Â¯Ã Â¤Â¹Ã Â¤Â¾Ã Â¤Â Ã Â¤Â¤Ã Â¤â¢ Ã Â¤â¢Ã Â¤Â¿ Ã Â¤â°Ã Â¤Â¨Ã Â¤Â®Ã Â¥â¡Ã Â¤â Ã Â¤Â¸Ã Â¥â¡ Ã Â¤â¢Ã Â¤Ë Ã Â¤Â¨Ã Â¥â¡ Ã Â¤â¦Ã Â¤ÂªÃ Â¤Â¨Ã Â¥â¡ Ã Â¤ÂµÃ Â¥â°Ã Â¤Å¸Ã Â¥ÂÃ Â¤Â¸Ã Â¤ÂÃ Â¤Âª Ã Â¤âÃ Â¤Â° Ã Â¤Â«Ã Â¥â¡Ã Â¤Â¸Ã Â¤Â¬Ã Â¥ÂÃ Â¤â¢, Ã Â¤â Ã Â¤Â¦Ã Â¤Â¿ Ã Â¤ÂªÃ Â¤Â° Ã Â¤Â°Ã Â¤Â¾Ã Â¤Â·Ã Â¥ÂÃ Â¤Å¸Ã Â¥ÂÃ Â¤Â°-Ã Â¤ÂµÃ Â¤Â¿Ã Â¤Â°Ã Â¥â¹Ã Â¤Â§Ã Â¥â¬ Ã Â¤Å¸Ã Â¥ÂÃ Â¤ÂµÃ Â¥â¬Ã Â¤Å¸ Ã Â¤Â«Ã Â¥â°Ã Â¤Â°Ã Â¤ÂµÃ Â¤Â°Ã Â¥ÂÃ Â¤Â¡ Ã Â¤â¢Ã Â¤Â°Ã Â¤Â¨Ã Â¤Â¾ Ã Â¤Â¶Ã Â¥ÂÃ Â¤Â°Ã Â¥â Ã Â¤â¢Ã Â¤Â° Ã Â¤Â¦Ã Â¤Â¿Ã Â¤Â¯Ã Â¤Â¾ Ã Â¤Â¹Ã Â¥ËÃ Â¥Â¤ Ã Â¤ÂÃ Â¤Â¸Ã Â¤Â¾ Ã Â¤Â²Ã Â¤â Ã Â¤Â°Ã Â¤Â¹Ã Â¤Â¾ Ã Â¤Â¥Ã Â¤Â¾ Ã Â¤â¢Ã Â¤Â¿ Ã Â¤ÂµÃ Â¥â¡ Ã Â¤â°Ã Â¤Â¨Ã Â¤â¢Ã Â¥â¬ Ã Â¤Å¡Ã Â¤Â¾Ã Â¤Â² Ã Â¤Â®Ã Â¥â¡Ã Â¤â Ã Â¤Â«Ã Â¤ÂÃ Â¤Â¸ Ã Â¤âÃ Â¤Â Ã Â¤âÃ Â¤Â° Ã Â¤â¦Ã Â¤Â²Ã Â¤âÃ Â¤Â¾Ã Â¤ÂµÃ Â¤ÂµÃ Â¤Â¾Ã Â¤Â¦Ã Â¥â¬ Ã Â¤ÂµÃ Â¤Â¿Ã Â¤Å¡Ã Â¤Â¾Ã Â¤Â°Ã Â¤Â§Ã Â¤Â¾Ã Â¤Â°Ã Â¤Â¾ Ã Â¤â¢Ã Â¤Â¾ Ã Â¤ÂªÃ Â¥ÂÃ Â¤Â°Ã Â¤Å¡Ã Â¤Â¾Ã Â¤Â° Ã Â¤â¢Ã Â¤Â°Ã Â¤Â¨Ã Â¥â¡ Ã Â¤Â²Ã Â¤âÃ Â¥â¡ Ã Â¤Â¹Ã Â¥ËÃ Â¤âÃ Â¥Â¤ Ã Â¤â°Ã Â¤Â¨Ã Â¤â¢Ã Â¥â¡ Ã Â¤ÂªÃ Â¥â¹Ã Â¤Â¸Ã Â¥ÂÃ Â¤Å¸ Ã Â¤Â¸Ã Â¤Â°Ã Â¤â¢Ã Â¤Â¾Ã Â¤Â° Ã Â¤â¢Ã Â¥â¬ Ã Â¤ÂªÃ Â¤Â¹Ã Â¤Â²Ã Â¥â¹Ã Â¤â, Ã Â¤Â¨Ã Â¥â¬Ã Â¤Â¤Ã Â¤Â¿Ã Â¤Â¯Ã Â¥â¹Ã Â¤â Ã Â¤â¢Ã Â¥â¬ Ã Â¤â¦Ã Â¤Â¤Ã Â¤Â¿ Ã Â¤â Ã Â¤Â²Ã Â¥â¹Ã Â¤Å¡Ã Â¤Â¨Ã Â¤Â¾ Ã Â¤â¢Ã Â¤Â°Ã Â¤Â¨Ã Â¥â¡ Ã Â¤ÂµÃ Â¤Â¾Ã Â¤Â²Ã Â¥â¬ Ã Â¤Â¥Ã Â¥â¬Ã Â¤â Ã Â¤âÃ Â¤Â° Ã Â¤â¦Ã Â¤Â¤Ã Â¤Â¿Ã Â¤ÂµÃ Â¤Â¾Ã Â¤Â¦Ã Â¥â¬ Ã Â¤Â®Ã Â¤Â¾Ã Â¤Â¨Ã Â¥ÂÃ Â¤Â¯Ã Â¤Â¤Ã Â¤Â¾Ã Â¤âÃ Â¤â Ã Â¤â¢Ã Â¥â¹ Ã Â¤Â®Ã Â¤Â¾Ã Â¤Â¨Ã Â¤Â¨Ã Â¥â¡ Ã Â¤ÂµÃ Â¤Â¾Ã Â¤Â²Ã Â¥â¡ Ã Â¤âÃ Â¤Â° Ã Â¤â°Ã Â¤âÃ Â¥ÂÃ Â¤Â°Ã Â¤ÂµÃ Â¤Â¾Ã Â¤Â¦ Ã Â¤â¢Ã Â¥â¹ Ã Â¤Â¬Ã Â¤Â¢Ã Â¤Â¼Ã Â¤Â¾Ã Â¤ÂµÃ Â¤Â¾ Ã Â¤Â¦Ã Â¥â¡Ã Â¤Â¨Ã Â¥â¡ Ã Â¤ÂµÃ Â¤Â¾Ã Â¤Â²Ã Â¥â¬ Ã Â¤Â¥Ã Â¥â¬Ã Â¤âÃ Â¥Â¤ (a) Ã Â¤â¡Ã Â¤Â¸ Ã Â¤Â¸Ã Â¥ÂÃ Â¤Â¥Ã Â¤Â¿Ã Â¤Â¤Ã Â¤Â¿ Ã Â¤Â¸Ã Â¥â¡ Ã Â¤Â¨Ã Â¤Â¿Ã Â¤ÂªÃ Â¤Å¸Ã Â¤Â¨Ã Â¥â¡ Ã Â¤â¢Ã Â¥â¡ Ã Â¤Â²Ã Â¤Â¿Ã Â¤Â Ã Â¤Â°Ã Â¤Â®Ã Â¤Â£ Ã Â¤â¢Ã Â¥â¡ Ã Â¤ÂªÃ Â¤Â¾Ã Â¤Â¸ Ã Â¤â¢Ã Â¥ÂÃ Â¤Â¯Ã Â¤Â¾ Ã Â¤ÂµÃ Â¤Â¿Ã Â¤â¢Ã Â¤Â²Ã Â¥ÂÃ Â¤Âª Ã Â¤â°Ã Â¤ÂªÃ Â¤Â²Ã Â¤Â¬Ã Â¥ÂÃ Â¤Â§ Ã Â¤Â¹Ã Â¥ËÃ Â¤â? (b) Ã Â¤â Ã Â¤Âª Ã Â¤Â®Ã Â¥ÅÃ Â¤ÅÃ Â¥âÃ Â¤Â¦Ã Â¤Â¾ Ã Â¤ÂµÃ Â¥ÂÃ Â¤Â¯Ã Â¤ÂµÃ Â¤Â¸Ã Â¥ÂÃ Â¤Â¥Ã Â¤Â¾ Ã Â¤â¢Ã Â¥â¹ Ã Â¤Â®Ã Â¤ÅÃ Â¤Â¬Ã Â¥âÃ Â¤Â¤ Ã Â¤â¢Ã Â¤Â°Ã Â¤Â¨Ã Â¥â¡ Ã Â¤â¢Ã Â¥â¡ Ã Â¤Â²Ã Â¤Â¿Ã Â¤Â Ã Â¤â¢Ã Â¥ÂÃ Â¤Â¯Ã Â¤Â¾ Ã Â¤â°Ã Â¤ÂªÃ Â¤Â¾Ã Â¤Â¯ Ã Â¤Â¸Ã Â¥ÂÃ Â¤ÂÃ Â¤Â¾Ã Â¤ÂÃ Â¤ÂÃ Â¤âÃ Â¥â¡ Ã Â¤Â¤Ã Â¤Â¾Ã Â¤â¢Ã Â¤Â¿ Ã Â¤Â¯Ã Â¤Â¹ Ã Â¤Â¸Ã Â¥ÂÃ Â¤Â¨Ã Â¤Â¿Ã Â¤Â¶Ã Â¥ÂÃ Â¤Å¡Ã Â¤Â¿Ã Â¤Â¤ Ã Â¤â¢Ã Â¤Â¿Ã Â¤Â¯Ã Â¤Â¾ Ã Â¤ÅÃ Â¤Â¾ Ã Â¤Â¸Ã Â¤â¢Ã Â¥â¡ Ã Â¤â¢Ã Â¤Â¿ Ã Â¤ÂÃ Â¤Â¸Ã Â¥â¡ Ã Â¤Â¸Ã Â¤Â®Ã Â¥âÃ Â¤Â¹ Ã Â¤Â°Ã Â¤Â¾Ã Â¤ÅÃ Â¥ÂÃ Â¤Â¯ Ã Â¤Â®Ã Â¥â¡Ã Â¤â Ã Â¤ËÃ Â¥ÂÃ Â¤Â¸Ã Â¤ÂªÃ Â¥ËÃ Â¤Â  Ã Â¤â¢Ã Â¤Â°Ã Â¤Â¨Ã Â¥â¡ Ã Â¤âÃ Â¤Â° Ã Â¤Â®Ã Â¤Â¾Ã Â¤Â¹Ã Â¥ÅÃ Â¤Â² Ã Â¤âÃ Â¤Â°Ã Â¤Â¾Ã Â¤Â¬ Ã Â¤â¢Ã Â¤Â°Ã Â¤Â¨Ã Â¥â¡ Ã Â¤Â®Ã Â¥â¡Ã Â¤â Ã Â¤Â¸Ã Â¤Â«Ã Â¤Â² Ã Â¤Â¨ Ã Â¤Â¹Ã Â¥â¹ Ã Â¤Â¸Ã Â¤â¢Ã Â¥â¡Ã Â¤â? (c) Ã Â¤â°Ã Â¤ÂªÃ Â¤Â°Ã Â¥ÂÃ Â¤Â¯Ã Â¥ÂÃ Â¤â¢Ã Â¥ÂÃ Â¤Â¤ Ã Â¤ÂªÃ Â¤Â°Ã Â¤Â¿Ã Â¤Â¦Ã Â¥ÆÃ Â¤Â¶Ã Â¥ÂÃ Â¤Â¯ Ã Â¤Â®Ã Â¥â¡Ã Â¤â, Ã Â¤ÂªÃ Â¥ÂÃ Â¤Â²Ã Â¤Â¿Ã Â¤Â¸ Ã Â¤Â¬Ã Â¤Â² Ã Â¤â¢Ã Â¥â¬ Ã Â¤âÃ Â¥ÂÃ Â¤Â«Ã Â¤Â¿Ã Â¤Â¯Ã Â¤Â¾ Ã Â¤ÅÃ Â¤Â¾Ã Â¤Â¨Ã Â¤â¢Ã Â¤Â¾Ã Â¤Â°Ã Â¥â¬ Ã Â¤ÂÃ Â¤â¢Ã Â¤Â¤Ã Â¥ÂÃ Â¤Â° Ã Â¤â¢Ã Â¤Â°Ã Â¤Â¨Ã Â¥â¡ Ã Â¤â¢Ã Â¥â¬ Ã Â¤ÂªÃ Â¥ÂÃ Â¤Â°Ã Â¤Â£Ã Â¤Â¾Ã Â¤Â²Ã Â¥â¬ Ã Â¤â¢Ã Â¥â¹ Ã Â¤Â¬Ã Â¤Â¢Ã Â¤Â¼Ã Â¤Â¾Ã Â¤Â¨Ã Â¥â¡ Ã Â¤â¢Ã Â¥â¡ Ã Â¤Â²Ã Â¤Â¿Ã Â¤Â Ã Â¤â Ã Â¤Âª Ã Â¤â¢Ã Â¥ÂÃ Â¤Â¯Ã Â¤Â¾ Ã Â¤â¢Ã Â¤Â¾Ã Â¤Â°Ã Â¥ÂÃ Â¤Â¯ Ã Â¤Â¯Ã Â¥â¹Ã Â¤ÅÃ Â¤Â¨Ã Â¤Â¾ Ã Â¤Â¸Ã Â¥ÂÃ Â¤ÂÃ Â¤Â¾Ã Â¤ÂÃ Â¤ÂÃ Â¤âÃ Â¥â¡? (Ã Â¤â°Ã Â¤Â¤Ã Â¥ÂÃ Â¤Â¤Ã Â¤Â° 250 Ã Â¤Â¶Ã Â¤Â¬Ã Â¥ÂÃ Â¤Â¦Ã Â¥â¹Ã Â¤â Ã Â¤Â®Ã Â¥â¡Ã Â¤â) Raman is a senior IPS officer and has recently been posted as D.G. of a state. Among the various issues and problems/challenges which needed his immediate attention, the issue relating to recruitment of unemployed youth by an unknown terrorist group, was a matter of grave concern. It was noted that unemployment was relatively high in the state. The problem of unemployment amongst graduates and those with higher education was much more grave. Thus they were vulnerable and soft targets. In the review meeting taken by him with senior officers of DIG Range and above, it came to light that a new terrorist group has emerged at the global level. It has launched a massive drive to recruit young unemployed people. Special focus was to pick young people from a particular community. The said organisation seemed to have the clear objective of utilising/using them for carrying out militant activities. It was also gathered that the said (new) group is desperately trying to spread its tentacles in his state. A definite/reliable intelligence tip was received by the State CID and Cyber Cell that a large number of such unemployed youth have already been contacted by the terrorist outfit/group through social media and local communal organisations and other contacts. The need of the hour was to act swiftly and to check these elements/designs before they assume serious proportions. Discrete inquiries made by the police, through the Cyber Cell, revealed that good numbers of unemployed youth are very active on Facebook, Instagram and Twitter. On an average, many of them were spending 6Ã¢â¬â8 hours each day, using electronic devices/internet, etc. It also came to light that such unemployed youth were showing sympathy and endorsing the messages received from certain persons, allegedly the contact persons of that global terrorist group. Their social media accounts revealed their strong affinity to such groups inasmuch as many of them started forwarding anti-national tweets on their WhatsApp and Facebook, etc. It seemed that they succumbed to their ploy and started propagating secessionist ideology. Their posts were hyper-critical of the government's initiatives, policies and subscribing to extreme beliefs and promoting extremism. (a) What are the options available to Raman to tackle the above situation? (b) What measures would you suggest for strengthening the existing set-up to ensure that such groups do not succeed in penetrating and vitiating the atmosphere in the state? (c) In the above scenario, what action plan would you advise for enhancing the intelligence gathering mechanism of the police force? (Answer in 250 words)","Raman is a senior IPS officer and has recently been posted as D.G. of a state. Among the various issues and problems/challenges which needed his immediate attention, the issue relating to recruitment of unemployed youth by an unknown terrorist group, was a matter of grave concern. It was noted that unemployment was relatively high in the state. The problem of unemployment amongst graduates and those with higher education was much more grave. Thus they were vulnerable and soft targets. In the review meeting taken by him with senior officers of DIG Range and above, it came to light that a new terrorist group has emerged at the global level. It has launched a massive drive to recruit young unemployed people. Special focus was to pick young people from a particular community. The said organisation seemed to have the clear objective of utilising/using them for carrying out militant activities. It was also gathered that the said (new) group is desperately trying to spread its tentacles in his state. A definite/reliable intelligence tip was received by the State CID and Cyber Cell that a large number of such unemployed youth have already been contacted by the terrorist outfit/group through social media and local communal organisations and other contacts. The need of the hour was to act swiftly and to check these elements/designs before they assume serious proportions. Discrete inquiries made by the police, through the Cyber Cell, revealed that good numbers of unemployed youth are very active on Facebook, Instagram and Twitter. On an average, many of them were spending 6 – 8 hours each day, using electronic devices/internet, etc. It also came to light that such unemployed youth were showing sympathy and endorsing the messages received from certain persons, allegedly the contact persons of that global terrorist group. Their social media accounts revealed their strong affinity to such groups inasmuch as many of them started forwarding anti-national tweets on their WhatsApp and Facebook, etc. It seemed that they succumbed to their ploy and started propagating secessionist ideology. Their posts were hyper-critical of the government's initiatives, policies and subscribing to extreme beliefs and promoting extremism. (a) What are the options available to Raman to tackle the above situation? (b) What measures would you suggest for strengthening the existing set-up to ensure that such groups do not succeed in penetrating and vitiating the atmosphere in the state? (c) In the above scenario, what action plan would you advise for enhancing the intelligence gathering mechanism of the police force?",99.9,keep,true,aggregator,,,,,,,,,,,,,,,,,,
2024,GS4,dee30326-920a-40cf-bee0-a5b4c76760f7,76,GS4-Q9,12,GS4-B-Q6,"Ã Â¤ÂªÃ Â¤Â¿Ã Â¤âºÃ Â¤Â²Ã Â¥â¡ Ã Â¤â¢Ã Â¥ÂÃ Â¤âº Ã Â¤ÂµÃ Â¤Â°Ã Â¥ÂÃ Â¤Â·Ã Â¥â¹Ã Â¤â Ã Â¤Â®Ã Â¥â¡Ã Â¤â, Ã Â¤ÂµÃ Â¤Â¿Ã Â¤Â¶Ã Â¥â¡Ã Â¤Â· Ã Â¤Â°Ã Â¥âÃ Â¤Âª Ã Â¤Â¸Ã Â¥â¡ Ã Â¤â¢Ã Â¥â¡Ã Â¤Â¨Ã Â¥ÂÃ Â¤Â¦Ã Â¥ÂÃ Â¤Â° Ã Â¤âÃ Â¤Â° Ã Â¤Â°Ã Â¤Â¾Ã Â¤ÅÃ Â¥ÂÃ Â¤Â¯ Ã Â¤Â¸Ã Â¤Â°Ã Â¤â¢Ã Â¤Â¾Ã Â¤Â°Ã Â¥â¹Ã Â¤â Ã Â¤â¢Ã Â¥â¬ Ã Â¤Â¬Ã Â¤Â¹Ã Â¥ÂÃ Â¤â Ã Â¤Â¯Ã Â¤Â¾Ã Â¤Â®Ã Â¥â¬ Ã Â¤Â°Ã Â¤Â£Ã Â¤Â¨Ã Â¥â¬Ã Â¤Â¤Ã Â¤Â¿ Ã Â¤â¢Ã Â¥â¡ Ã Â¤Å¡Ã Â¤Â²Ã Â¤Â¤Ã Â¥â¡ Ã Â¤Â¦Ã Â¥â¡Ã Â¤Â¶ Ã Â¤â¢Ã Â¥â¡ Ã Â¤ÂªÃ Â¥ÂÃ Â¤Â°Ã Â¤Â­Ã Â¤Â¾Ã Â¤ÂµÃ Â¤Â¿Ã Â¤Â¤ Ã Â¤Â°Ã Â¤Â¾Ã Â¤ÅÃ Â¥ÂÃ Â¤Â¯Ã Â¥â¹Ã Â¤â Ã Â¤Â®Ã Â¥â¡Ã Â¤â Ã Â¤Â¨Ã Â¤â¢Ã Â¥ÂÃ Â¤Â¸Ã Â¤Â²Ã Â¥â¬ Ã Â¤Â¸Ã Â¤Â®Ã Â¤Â¸Ã Â¥ÂÃ Â¤Â¯Ã Â¤Â¾ Ã Â¤â¢Ã Â¤Â¾ Ã Â¤â¢Ã Â¤Â¾Ã Â¤Â«Ã Â¥â¬ Ã Â¤Â¹Ã Â¤Â¦ Ã Â¤Â¤Ã Â¤â¢ Ã Â¤Â¨Ã Â¤Â¿Ã Â¤Â°Ã Â¤Â¾Ã Â¤â¢Ã Â¤Â°Ã Â¤Â£ Ã Â¤Â¹Ã Â¥ÂÃ Â¤â  Ã Â¤Â¹Ã Â¥ËÃ Â¥Â¤ Ã Â¤Â¹Ã Â¤Â¾Ã Â¤Â²Ã Â¤Â¾Ã Â¤ÂÃ Â¤â¢Ã Â¤Â¿, Ã Â¤â¢Ã Â¥ÂÃ Â¤âº Ã Â¤Â°Ã Â¤Â¾Ã Â¤ÅÃ Â¥ÂÃ Â¤Â¯Ã Â¥â¹Ã Â¤â Ã Â¤Â®Ã Â¥â¡Ã Â¤â Ã Â¤â¢Ã Â¤Ë Ã Â¤â¡Ã Â¤Â²Ã Â¤Â¾Ã Â¤â¢Ã Â¥â¡ Ã Â¤ÂÃ Â¤Â¸Ã Â¥â¡ Ã Â¤Â¹Ã Â¥ËÃ Â¤â Ã Â¤ÅÃ Â¤Â¹Ã Â¤Â¾Ã Â¤Â Ã Â¤Â¨Ã Â¤â¢Ã Â¥ÂÃ Â¤Â¸Ã Â¤Â²Ã Â¥â¬ Ã Â¤Â¸Ã Â¤Â®Ã Â¤Â¸Ã Â¥ÂÃ Â¤Â¯Ã Â¤Â¾ Ã Â¤â¦Ã Â¤Â­Ã Â¥â¬ Ã Â¤Â­Ã Â¥â¬ Ã Â¤Â®Ã Â¥ÂÃ Â¤âÃ Â¥ÂÃ Â¤Â¯ Ã Â¤Â°Ã Â¥âÃ Â¤Âª Ã Â¤Â¸Ã Â¥â¡ Ã Â¤ÂµÃ Â¤Â¿Ã Â¤Â¦Ã Â¥â¡Ã Â¤Â¶Ã Â¥â¬ Ã Â¤Â¦Ã Â¥â¡Ã Â¤Â¶Ã Â¥â¹Ã Â¤â Ã Â¤â¢Ã Â¥â¬ Ã Â¤Â¦Ã Â¤âÃ Â¤Â²Ã Â¤â¦Ã Â¤âÃ Â¤Â¦Ã Â¤Â¾Ã Â¤ÅÃ Â¤Â¼Ã Â¥â¬ Ã Â¤â¢Ã Â¥â¡ Ã Â¤â¢Ã Â¤Â¾Ã Â¤Â°Ã Â¤Â£ Ã Â¤Â¬Ã Â¤Â¨Ã Â¥â¬ Ã Â¤Â¹Ã Â¥ÂÃ Â¤Ë Ã Â¤Â¹Ã Â¥ËÃ Â¥Â¤ Ã Â¤Â°Ã Â¥â¹Ã Â¤Â¹Ã Â¤Â¿Ã Â¤Â¤ Ã Â¤ÂªÃ Â¤Â¿Ã Â¤âºÃ Â¤Â²Ã Â¥â¡ Ã Â¤ÂÃ Â¤â¢ Ã Â¤Â¸Ã Â¤Â¾Ã Â¤Â² Ã Â¤Â¸Ã Â¥â¡ Ã Â¤â¢Ã Â¤Â¿Ã Â¤Â¸Ã Â¥â¬ Ã Â¤ÅÃ Â¤Â¿Ã Â¤Â²Ã Â¥â¡ Ã Â¤Â®Ã Â¥â¡Ã Â¤â Ã Â¤ÂÃ Â¤Â¸Ã Â¤ÂªÃ Â¥â¬ (Ã Â¤Â¸Ã Â¥ÂÃ Â¤ÂªÃ Â¥â¡Ã Â¤Â¶Ã Â¤Â² Ã Â¤âÃ Â¤ÂªÃ Â¤Â°Ã Â¥â¡Ã Â¤Â¶Ã Â¤Â¨) Ã Â¤â¢Ã Â¥â¡ Ã Â¤ÂªÃ Â¤Â¦ Ã Â¤ÂªÃ Â¤Â° Ã Â¤Â¤Ã Â¥ËÃ Â¤Â¨Ã Â¤Â¾Ã Â¤Â¤ Ã Â¤Â¹Ã Â¥ËÃ Â¤â, Ã Â¤ÅÃ Â¥â¹ Ã Â¤â¦Ã Â¤Â­Ã Â¥â¬ Ã Â¤Â­Ã Â¥â¬ Ã Â¤Â¨Ã Â¤â¢Ã Â¥ÂÃ Â¤Â¸Ã Â¤Â² Ã Â¤Â¸Ã Â¤Â®Ã Â¤Â¸Ã Â¥ÂÃ Â¤Â¯Ã Â¤Â¾ Ã Â¤Â¸Ã Â¥â¡ Ã Â¤ÂªÃ Â¥ÂÃ Â¤Â°Ã Â¤Â­Ã Â¤Â¾Ã Â¤ÂµÃ Â¤Â¿Ã Â¤Â¤ Ã Â¤Â¹Ã Â¥ËÃ Â¥Â¤ Ã Â¤ÅÃ Â¤Â¿Ã Â¤Â²Ã Â¤Â¾ Ã Â¤ÂªÃ Â¥ÂÃ Â¤Â°Ã Â¤Â¶Ã Â¤Â¾Ã Â¤Â¸Ã Â¤Â¨ Ã Â¤Â¨Ã Â¥â¡ Ã Â¤Â²Ã Â¥â¹Ã Â¤âÃ Â¥â¹Ã Â¤â Ã Â¤â¢Ã Â¤Â¾ Ã Â¤Â¦Ã Â¤Â¿Ã Â¤Â² Ã Â¤âÃ Â¤Â° Ã Â¤Â¦Ã Â¤Â¿Ã Â¤Â®Ã Â¤Â¾Ã Â¤â Ã Â¤ÅÃ Â¥â¬Ã Â¤Â¤Ã Â¤Â¨Ã Â¥â¡ Ã Â¤â¢Ã Â¥â¡ Ã Â¤Â²Ã Â¤Â¿Ã Â¤Â Ã Â¤Â¹Ã Â¤Â¾Ã Â¤Â² Ã Â¤â¢Ã Â¥â¡ Ã Â¤Â¦Ã Â¤Â¿Ã Â¤Â¨Ã Â¥â¹Ã Â¤â Ã Â¤Â®Ã Â¥â¡Ã Â¤â Ã Â¤Â¨Ã Â¤â¢Ã Â¥ÂÃ Â¤Â¸Ã Â¤Â² Ã Â¤ÂªÃ Â¥ÂÃ Â¤Â°Ã Â¤Â­Ã Â¤Â¾Ã Â¤ÂµÃ Â¤Â¿Ã Â¤Â¤ Ã Â¤â¡Ã Â¤Â²Ã Â¤Â¾Ã Â¤â¢Ã Â¥â¹Ã Â¤â Ã Â¤Â®Ã Â¥â¡Ã Â¤â Ã Â¤â¢Ã Â¤Ë Ã Â¤ÂµÃ Â¤Â¿Ã Â¤â¢Ã Â¤Â¾Ã Â¤Â¸Ã Â¤Â®Ã Â¥âÃ Â¤Â²Ã Â¤â¢ Ã Â¤â¢Ã Â¤Â¾Ã Â¤Â°Ã Â¥ÂÃ Â¤Â¯ Ã Â¤â¦Ã Â¤ÂªÃ Â¤Â¨Ã Â¤Â¾Ã Â¤Â Ã Â¤Â¹Ã Â¥ËÃ Â¤âÃ Â¥Â¤ Ã Â¤ÂªÃ Â¤Â¿Ã Â¤âºÃ Â¤Â²Ã Â¥â¡ Ã Â¤â¢Ã Â¥ÂÃ Â¤âº Ã Â¤Â¸Ã Â¤Â®Ã Â¤Â¯ Ã Â¤Â¸Ã Â¥â¡, Ã Â¤Â°Ã Â¥â¹Ã Â¤Â¹Ã Â¤Â¿Ã Â¤Â¤ Ã Â¤Â¨Ã Â¥â¡ Ã Â¤Â¨Ã Â¤â¢Ã Â¥ÂÃ Â¤Â¸Ã Â¤Â²Ã Â¥â¬ Ã Â¤â¢Ã Â¥ËÃ Â¤Â¡Ã Â¤Â° Ã Â¤â¢Ã Â¥â¬ Ã Â¤âÃ Â¤Â¤Ã Â¤Â¿Ã Â¤ÂµÃ Â¤Â¿Ã Â¤Â§Ã Â¤Â¿Ã Â¤Â¯Ã Â¥â¹Ã Â¤â Ã Â¤â¢Ã Â¥â¡ Ã Â¤Â¬Ã Â¤Â¾Ã Â¤Â°Ã Â¥â¡ Ã Â¤Â®Ã Â¥â¡Ã Â¤â Ã Â¤ÂµÃ Â¤Â¾Ã Â¤Â¸Ã Â¥ÂÃ Â¤Â¤Ã Â¤ÂµÃ Â¤Â¿Ã Â¤â¢ Ã Â¤Â¸Ã Â¤Â®Ã Â¤Â¯ Ã Â¤â¢Ã Â¥â¬ Ã Â¤ÅÃ Â¤Â¾Ã Â¤Â¨Ã Â¤â¢Ã Â¤Â¾Ã Â¤Â°Ã Â¥â¬ Ã Â¤ÂªÃ Â¥ÂÃ Â¤Â°Ã Â¤Â¾Ã Â¤ÂªÃ Â¥ÂÃ Â¤Â¤ Ã Â¤â¢Ã Â¤Â°Ã Â¤Â¨Ã Â¥â¡ Ã Â¤â¢Ã Â¥â¡ Ã Â¤Â²Ã Â¤Â¿Ã Â¤Â Ã Â¤ÂÃ Â¤â¢ Ã Â¤â°Ã Â¤Â¤Ã Â¥ÂÃ Â¤â¢Ã Â¥ÆÃ Â¤Â·Ã Â¥ÂÃ Â¤Å¸ Ã Â¤âÃ Â¥ÂÃ Â¤Â«Ã Â¤Â¿Ã Â¤Â¯Ã Â¤Â¾ Ã Â¤Â¨Ã Â¥â¡Ã Â¤Å¸Ã Â¤ÂµÃ Â¤Â°Ã Â¥ÂÃ Â¤â¢ Ã Â¤Â¸Ã Â¥ÂÃ Â¤Â¥Ã Â¤Â¾Ã Â¤ÂªÃ Â¤Â¿Ã Â¤Â¤ Ã Â¤â¢Ã Â¤Â¿Ã Â¤Â¯Ã Â¤Â¾ Ã Â¤Â¹Ã Â¥ËÃ Â¥Â¤ Ã Â¤ÅÃ Â¤Â¨Ã Â¤Â¤Ã Â¤Â¾ Ã Â¤Â®Ã Â¥â¡Ã Â¤â Ã Â¤ÂµÃ Â¤Â¿Ã Â¤Â¶Ã Â¥ÂÃ Â¤ÂµÃ Â¤Â¾Ã Â¤Â¸ Ã Â¤ÅÃ Â¤âÃ Â¤Â¾Ã Â¤Â¨Ã Â¥â¡ Ã Â¤âÃ Â¤Â° Ã Â¤Â¨Ã Â¤â¢Ã Â¥ÂÃ Â¤Â¸Ã Â¤Â²Ã Â¤Â¿Ã Â¤Â¯Ã Â¥â¹Ã Â¤â Ã Â¤ÂªÃ Â¤Â° Ã Â¤Â¨Ã Â¥ËÃ Â¤Â¤Ã Â¤Â¿Ã Â¤â¢ Ã Â¤ÂªÃ Â¥ÂÃ Â¤Â°Ã Â¤Â­Ã Â¥ÂÃ Â¤Â¤Ã Â¥ÂÃ Â¤Âµ Ã Â¤ÅÃ Â¤Â¤Ã Â¤Â¾Ã Â¤Â¨Ã Â¥â¡ Ã Â¤â¢Ã Â¥â¡ Ã Â¤Â²Ã Â¤Â¿Ã Â¤Â Ã Â¤ÂªÃ Â¥ÂÃ Â¤Â²Ã Â¤Â¿Ã Â¤Â¸ Ã Â¤Â¦Ã Â¥ÂÃ Â¤ÂµÃ Â¤Â¾Ã Â¤Â°Ã Â¤Â¾ Ã Â¤â¢Ã Â¤Ë Ã Â¤ÅÃ Â¤âÃ Â¤Â¹ Ã Â¤ËÃ Â¥â¡Ã Â¤Â°Ã Â¤Â¾Ã Â¤Â¬Ã Â¤âÃ Â¤Â¦Ã Â¥â¬ Ã Â¤âÃ Â¤Â° Ã Â¤Â¤Ã Â¤Â²Ã Â¤Â¾Ã Â¤Â¶Ã Â¥â¬ Ã Â¤â¦Ã Â¤Â­Ã Â¤Â¿Ã Â¤Â¯Ã Â¤Â¾Ã Â¤Â¨ Ã Â¤Å¡Ã Â¤Â²Ã Â¤Â¾Ã Â¤Â¯Ã Â¤Â¾ Ã Â¤ÅÃ Â¤Â¾ Ã Â¤Â°Ã Â¤Â¹Ã Â¤Â¾ Ã Â¤Â¹Ã Â¥ËÃ Â¥Â¤ Ã Â¤Â°Ã Â¥â¹Ã Â¤Â¹Ã Â¤Â¿Ã Â¤Â¤ Ã Â¤Â¸Ã Â¥ÂÃ Â¤ÂµÃ Â¤Â¯Ã Â¤â Ã Â¤ÂÃ Â¤â¢ Ã Â¤Å¸Ã Â¥ÂÃ Â¤â¢Ã Â¤Â¡Ã Â¤Â¼Ã Â¥â¬ Ã Â¤â¢Ã Â¤Â¾ Ã Â¤Â¨Ã Â¥â¡Ã Â¤Â¤Ã Â¥ÆÃ Â¤Â¤Ã Â¥ÂÃ Â¤Âµ Ã Â¤â¢Ã Â¤Â° Ã Â¤Â°Ã Â¤Â¹Ã Â¥â¡ Ã Â¤Â¥Ã Â¥â¡Ã Â¥Â¤ Ã Â¤â°Ã Â¤Â¨Ã Â¥ÂÃ Â¤Â¹Ã Â¥â¡Ã Â¤â Ã Â¤â¦Ã Â¤ÂªÃ Â¤Â¨Ã Â¥â¡ Ã Â¤âÃ Â¥ÂÃ Â¤Â«Ã Â¤Â¿Ã Â¤Â¯Ã Â¤Â¾ Ã Â¤Â¸Ã Â¥âÃ Â¤Â¤Ã Â¥ÂÃ Â¤Â° Ã Â¤â¢Ã Â¥â¡ Ã Â¤Â®Ã Â¤Â¾Ã Â¤Â§Ã Â¥ÂÃ Â¤Â¯Ã Â¤Â® Ã Â¤Â¸Ã Â¥â¡ Ã Â¤Â¸Ã Â¤âÃ Â¤Â¦Ã Â¥â¡Ã Â¤Â¶ Ã Â¤Â®Ã Â¤Â¿Ã Â¤Â²Ã Â¤Â¾ Ã Â¤â¢Ã Â¤Â¿ Ã Â¤Â²Ã Â¤âÃ Â¤Â­Ã Â¤â Ã Â¤Â¦Ã Â¤Â¸ Ã Â¤â¢Ã Â¤Å¸Ã Â¥ÂÃ Â¤Å¸Ã Â¤Â° Ã Â¤Â¨Ã Â¤â¢Ã Â¥ÂÃ Â¤Â¸Ã Â¤Â²Ã Â¥â¬ Ã Â¤â¦Ã Â¤Â¤Ã Â¥ÂÃ Â¤Â¯Ã Â¤Â¾Ã Â¤Â§Ã Â¥ÂÃ Â¤Â¨Ã Â¤Â¿Ã Â¤â¢ Ã Â¤Â¹Ã Â¤Â¥Ã Â¤Â¿Ã Â¤Â¯Ã Â¤Â¾Ã Â¤Â°Ã Â¥â¹Ã Â¤â Ã Â¤â¢Ã Â¥â¡ Ã Â¤Â¸Ã Â¤Â¾Ã Â¤Â¥ Ã Â¤ÂµÃ Â¤Â¿Ã Â¤Â¶Ã Â¥â¡Ã Â¤Â· Ã Â¤âÃ Â¤Â¾Ã Â¤ÂÃ Â¤Âµ Ã Â¤Â®Ã Â¥â¡Ã Â¤â Ã Â¤âºÃ Â¤Â¿Ã Â¤ÂªÃ Â¥â¡ Ã Â¤Â¹Ã Â¥ÂÃ Â¤Â Ã Â¤Â¥Ã Â¥â¡Ã Â¥Â¤ Ã Â¤Â¬Ã Â¤Â¿Ã Â¤Â¨Ã Â¤Â¾ Ã Â¤â¢Ã Â¥â¹Ã Â¤Ë Ã Â¤Â¸Ã Â¤Â®Ã Â¤Â¯ Ã Â¤âÃ Â¤ÂÃ Â¤ÂµÃ Â¤Â¾Ã Â¤Â, Ã Â¤Â°Ã Â¥â¹Ã Â¤Â¹Ã Â¤Â¿Ã Â¤Â¤ Ã Â¤Â¨Ã Â¥â¡ Ã Â¤â¦Ã Â¤ÂªÃ Â¤Â¨Ã Â¥â¬ Ã Â¤Å¸Ã Â¥â¬Ã Â¤Â® Ã Â¤â¢Ã Â¥â¡ Ã Â¤Â¸Ã Â¤Â¾Ã Â¤Â¥ Ã Â¤â°Ã Â¤Â¸ Ã Â¤âÃ Â¤Â¾Ã Â¤Â¸ Ã Â¤âÃ Â¤Â¾Ã Â¤ÂÃ Â¤Âµ Ã Â¤Â®Ã Â¥â¡Ã Â¤â Ã Â¤ÂªÃ Â¤Â¹Ã Â¥ÂÃ Â¤ÂÃ Â¤Å¡ Ã Â¤â¢Ã Â¤Â° Ã Â¤ÂªÃ Â¥âÃ Â¤Â°Ã Â¥ÂÃ Â¤Â£ Ã Â¤Â¸Ã Â¥ÂÃ Â¤Â°Ã Â¤â¢Ã Â¥ÂÃ Â¤Â·Ã Â¤Â¾ Ã Â¤â¢Ã Â¤Â¾ Ã Â¤ËÃ Â¥â¡Ã Â¤Â°Ã Â¤Â¾ Ã Â¤Â¬Ã Â¤Â¨Ã Â¤Â¾Ã Â¤Â¯Ã Â¤Â¾ Ã Â¤Â¤Ã Â¤Â¥Ã Â¤Â¾ Ã Â¤ÂµÃ Â¥ÂÃ Â¤Â¯Ã Â¤ÂµÃ Â¤Â¸Ã Â¥ÂÃ Â¤Â¥Ã Â¤Â¿Ã Â¤Â¤ Ã Â¤Â¤Ã Â¤Â²Ã Â¤Â¾Ã Â¤Â¶Ã Â¥â¬ Ã Â¤Â²Ã Â¥â¡Ã Â¤Â¨Ã Â¤Â¾ Ã Â¤Â¶Ã Â¥ÂÃ Â¤Â°Ã Â¥â Ã Â¤â¢Ã Â¤Â° Ã Â¤Â¦Ã Â¤Â¿Ã Â¤Â¯Ã Â¤Â¾Ã Â¥Â¤ Ã Â¤Â¤Ã Â¤Â²Ã Â¤Â¾Ã Â¤Â¶Ã Â¥â¬ Ã Â¤â¢Ã Â¥â¡ Ã Â¤Â¦Ã Â¥ÅÃ Â¤Â°Ã Â¤Â¾Ã Â¤Â¨, Ã Â¤â°Ã Â¤Â¨Ã Â¤â¢Ã Â¥â¬ Ã Â¤Å¸Ã Â¥â¬Ã Â¤Â® Ã Â¤Â¸Ã Â¤Â­Ã Â¥â¬ Ã Â¤Â¨Ã Â¤â¢Ã Â¥ÂÃ Â¤Â¸Ã Â¤Â²Ã Â¤Â¿Ã Â¤Â¯Ã Â¥â¹Ã Â¤â Ã Â¤ÂªÃ Â¤Â° Ã Â¤Â¸Ã Â¥ÂÃ Â¤ÂµÃ Â¤Å¡Ã Â¤Â¾Ã Â¤Â²Ã Â¤Â¿Ã Â¤Â¤ Ã Â¤Â¹Ã Â¤Â¥Ã Â¤Â¿Ã Â¤Â¯Ã Â¤Â¾Ã Â¤Â°Ã Â¥â¹Ã Â¤â Ã Â¤â¢Ã Â¥â¡ Ã Â¤Â¸Ã Â¤Â¾Ã Â¤Â¥ Ã Â¤â¢Ã Â¤Â¾Ã Â¤Â¬Ã Â¥â Ã Â¤ÂªÃ Â¤Â¾Ã Â¤Â¨Ã Â¥â¡ Ã Â¤Â®Ã Â¥â¡Ã Â¤â Ã Â¤â¢Ã Â¤Â¾Ã Â¤Â®Ã Â¤Â¯Ã Â¤Â¾Ã Â¤Â¬ Ã Â¤Â°Ã Â¤Â¹Ã Â¥â¬Ã Â¥Â¤ Ã Â¤Â¹Ã Â¤Â¾Ã Â¤Â²Ã Â¤Â¾Ã Â¤ÂÃ Â¤â¢Ã Â¤Â¿, Ã Â¤â¡Ã Â¤Â¸ Ã Â¤Â¬Ã Â¥â¬Ã Â¤Å¡ Ã Â¤ÂªÃ Â¤Â¾Ã Â¤ÂÃ Â¤Å¡ Ã Â¤Â¸Ã Â¥Å Ã Â¤Â¸Ã Â¥â¡ Ã Â¤â¦Ã Â¤Â§Ã Â¤Â¿Ã Â¤â¢ Ã Â¤â Ã Â¤Â¦Ã Â¤Â¿Ã Â¤ÂµÃ Â¤Â¾Ã Â¤Â¸Ã Â¥â¬ Ã Â¤Â®Ã Â¤Â¹Ã Â¤Â¿Ã Â¤Â²Ã Â¤Â¾Ã Â¤âÃ Â¤â Ã Â¤Â¨Ã Â¥â¡ Ã Â¤âÃ Â¤Â¾Ã Â¤ÂÃ Â¤Âµ Ã Â¤â¢Ã Â¥â¹ Ã Â¤ËÃ Â¥â¡Ã Â¤Â° Ã Â¤Â²Ã Â¤Â¿Ã Â¤Â¯Ã Â¤Â¾ Ã Â¤âÃ Â¤Â° Ã Â¤Â²Ã Â¤â¢Ã Â¥ÂÃ Â¤Â·Ã Â¥ÂÃ Â¤Â¯ Ã Â¤ËÃ Â¤Â° Ã Â¤â¢Ã Â¥â¬ Ã Â¤âÃ Â¤Â° Ã Â¤Â®Ã Â¤Â¾Ã Â¤Â°Ã Â¥ÂÃ Â¤Å¡ Ã Â¤â¢Ã Â¤Â°Ã Â¤Â¨Ã Â¤Â¾ Ã Â¤Â¶Ã Â¥ÂÃ Â¤Â°Ã Â¥â Ã Â¤â¢Ã Â¤Â° Ã Â¤Â¦Ã Â¤Â¿Ã Â¤Â¯Ã Â¤Â¾Ã Â¥Â¤ Ã Â¤ÂµÃ Â¥â¡ Ã Â¤Å¡Ã Â¤Â¿Ã Â¤Â²Ã Â¥ÂÃ Â¤Â²Ã Â¤Â¾ Ã Â¤Â°Ã Â¤Â¹Ã Â¥â¬ Ã Â¤Â¥Ã Â¥â¬Ã Â¤â Ã Â¤âÃ Â¤Â° Ã Â¤â°Ã Â¤ÂªÃ Â¤Â¦Ã Â¥ÂÃ Â¤Â°Ã Â¤ÂµÃ Â¤Â¿Ã Â¤Â¯Ã Â¥â¹Ã Â¤â Ã Â¤â¢Ã Â¥â¬ Ã Â¤Â¤Ã Â¤Â¤Ã Â¥ÂÃ Â¤â¢Ã Â¤Â¾Ã Â¤Â² Ã Â¤Â°Ã Â¤Â¿Ã Â¤Â¹Ã Â¤Â¾Ã Â¤Ë Ã Â¤â¢Ã Â¥â¬ Ã Â¤Â®Ã Â¤Â¾Ã Â¤ÂÃ Â¤â Ã Â¤â¢Ã Â¤Â° Ã Â¤Â°Ã Â¤Â¹Ã Â¥â¬ Ã Â¤Â¥Ã Â¥â¬Ã Â¤â Ã Â¤â¢Ã Â¥ÂÃ Â¤Â¯Ã Â¥â¹Ã Â¤âÃ Â¤â¢Ã Â¤Â¿ Ã Â¤ÂµÃ Â¥â¡ Ã Â¤â°Ã Â¤Â¨Ã Â¤â¢Ã Â¥â¡ Ã Â¤Â¸Ã Â¤âÃ Â¤Â°Ã Â¤â¢Ã Â¥ÂÃ Â¤Â·Ã Â¤â¢ Ã Â¤âÃ Â¤Â° Ã Â¤â°Ã Â¤Â¦Ã Â¥ÂÃ Â¤Â§Ã Â¤Â¾Ã Â¤Â°Ã Â¤â¢ Ã Â¤Â¹Ã Â¥ËÃ Â¤âÃ Â¥Â¤ Ã Â¤ÅÃ Â¤Â¼Ã Â¤Â®Ã Â¥â¬Ã Â¤Â¨Ã Â¥â¬ Ã Â¤Â¹Ã Â¤Â¾Ã Â¤Â²Ã Â¤Â¾Ã Â¤Â¤ Ã Â¤Â¬Ã Â¤Â¹Ã Â¥ÂÃ Â¤Â¤ Ã Â¤âÃ Â¤âÃ Â¤Â­Ã Â¥â¬Ã Â¤Â° Ã Â¤Â¹Ã Â¥â¹Ã Â¤Â¤Ã Â¥â¡ Ã Â¤ÅÃ Â¤Â¾ Ã Â¤Â°Ã Â¤Â¹Ã Â¥â¡ Ã Â¤Â¥Ã Â¥â¡ Ã Â¤â¢Ã Â¥ÂÃ Â¤Â¯Ã Â¥â¹Ã Â¤âÃ Â¤â¢Ã Â¤Â¿ Ã Â¤â Ã Â¤Â¦Ã Â¤Â¿Ã Â¤ÂµÃ Â¤Â¾Ã Â¤Â¸Ã Â¥â¬ Ã Â¤Â®Ã Â¤Â¹Ã Â¤Â¿Ã Â¤Â²Ã Â¤Â¾Ã Â¤ÂÃ Â¤Â Ã Â¤â¦Ã Â¤Â¤Ã Â¥ÂÃ Â¤Â¯Ã Â¤âÃ Â¤Â¤ Ã Â¤â°Ã Â¤Â¤Ã Â¥â¡Ã Â¤ÅÃ Â¤Â¿Ã Â¤Â¤ Ã Â¤âÃ Â¤Â° Ã Â¤â Ã Â¤â¢Ã Â¥ÂÃ Â¤Â°Ã Â¤Â¾Ã Â¤Â®Ã Â¤â¢ Ã Â¤Â¥Ã Â¥â¬Ã Â¤âÃ Â¥Â¤ Ã Â¤Â°Ã Â¥â¹Ã Â¤Â¹Ã Â¤Â¿Ã Â¤Â¤ Ã Â¤Â¨Ã Â¥â¡ Ã Â¤â¦Ã Â¤ÂªÃ Â¤Â¨Ã Â¥â¡ Ã Â¤â°Ã Â¤Å¡Ã Â¥ÂÃ Â¤Å¡ Ã Â¤â¦Ã Â¤Â§Ã Â¤Â¿Ã Â¤â¢Ã Â¤Â¾Ã Â¤Â°Ã Â¥â¬, Ã Â¤Â°Ã Â¤Â¾Ã Â¤ÅÃ Â¥ÂÃ Â¤Â¯ Ã Â¤â¢Ã Â¥â¡ Ã Â¤â Ã Â¤ËÃ Â¤ÅÃ Â¥â¬ (Ã Â¤Â¸Ã Â¥ÂÃ Â¤ÂªÃ Â¥â¡Ã Â¤Â¶Ã Â¤Â² Ã Â¤âÃ Â¤ÂªÃ Â¤Â°Ã Â¥â¡Ã Â¤Â¶Ã Â¤Â¨Ã Â¥ÂÃ Â¤Â¸) Ã Â¤Â¸Ã Â¥â¡ Ã Â¤Â°Ã Â¥â¡Ã Â¤Â¡Ã Â¤Â¿Ã Â¤Â¯Ã Â¥â¹ Ã Â¤Â¸Ã Â¥â¡Ã Â¤Å¸ Ã Â¤âÃ Â¤Â° Ã Â¤Â®Ã Â¥â¹Ã Â¤Â¬Ã Â¤Â¾Ã Â¤â¡Ã Â¤Â² Ã Â¤Â«Ã Â¥â¹Ã Â¤Â¨ Ã Â¤Â¸Ã Â¥â¡ Ã Â¤Â¸Ã Â¤âÃ Â¤ÂªÃ Â¤Â°Ã Â¥ÂÃ Â¤â¢ Ã Â¤Â¸Ã Â¥ÂÃ Â¤Â¥Ã Â¤Â¾Ã Â¤ÂªÃ Â¤Â¿Ã Â¤Â¤ Ã Â¤â¢Ã Â¤Â°Ã Â¤Â¨Ã Â¤Â¾ Ã Â¤Å¡Ã Â¤Â¾Ã Â¤Â¹Ã Â¤Â¾, Ã Â¤Â²Ã Â¥â¡Ã Â¤â¢Ã Â¤Â¿Ã Â¤Â¨ Ã Â¤â¢Ã Â¤Â®Ã Â¤ÅÃ Â¤Â¼Ã Â¥â¹Ã Â¤Â° Ã Â¤â¢Ã Â¤Â¨Ã Â¥â¡Ã Â¤â¢Ã Â¥ÂÃ Â¤Å¸Ã Â¤Â¿Ã Â¤ÂµÃ Â¤Â¿Ã Â¤Å¸Ã Â¥â¬ Ã Â¤â¢Ã Â¥â¡ Ã Â¤â¢Ã Â¤Â¾Ã Â¤Â°Ã Â¤Â£ Ã Â¤ÂµÃ Â¥ËÃ Â¤Â¸Ã Â¤Â¾ Ã Â¤â¢Ã Â¤Â° Ã Â¤ÂªÃ Â¤Â¾Ã Â¤Â¨Ã Â¥â¡ Ã Â¤Â®Ã Â¥â¡Ã Â¤â Ã Â¤ÂµÃ Â¥â¡ Ã Â¤â¦Ã Â¤Â¸Ã Â¤Â«Ã Â¤Â² Ã Â¤Â°Ã Â¤Â¹Ã Â¥â¡Ã Â¥Â¤ Ã Â¤Â°Ã Â¥â¹Ã Â¤Â¹Ã Â¤Â¿Ã Â¤Â¤ Ã Â¤â¢Ã Â¥â¬ Ã Â¤Â¬Ã Â¤Â¡Ã Â¤Â¼Ã Â¥â¬ Ã Â¤Â¦Ã Â¥ÂÃ Â¤ÂµÃ Â¤Â¿Ã Â¤Â§Ã Â¤Â¾ Ã Â¤Â¥Ã Â¥â¬ Ã Â¤â¢Ã Â¤Â¿ Ã Â¤ÂªÃ Â¤â¢Ã Â¤Â¡Ã Â¤Â¼Ã Â¥â¡ Ã Â¤âÃ Â¤Â Ã Â¤Â¨Ã Â¤â¢Ã Â¥ÂÃ Â¤Â¸Ã Â¤Â²Ã Â¤Â¿Ã Â¤Â¯Ã Â¥â¹Ã Â¤â Ã Â¤Â®Ã Â¥â¡Ã Â¤â Ã Â¤Â¦Ã Â¥â¹ Ã Â¤Â¨ Ã Â¤â¢Ã Â¥â¡Ã Â¤ÂµÃ Â¤Â² Ã Â¤Å¡Ã Â¥â¹Ã Â¤Å¸Ã Â¥â¬ Ã Â¤â¢Ã Â¥â¡ Ã Â¤â¢Ã Â¤Å¸Ã Â¥ÂÃ Â¤Å¸Ã Â¤Â° Ã Â¤â°Ã Â¤âÃ Â¥ÂÃ Â¤Â°Ã Â¤ÂªÃ Â¤âÃ Â¤Â¥Ã Â¥â¬ Ã Â¤Â¥Ã Â¥â¡, Ã Â¤ÅÃ Â¤Â¿Ã Â¤Â¨Ã Â¤â¢Ã Â¥â¡ Ã Â¤Â¸Ã Â¤Â¿Ã Â¤Â° Ã Â¤ÂªÃ Â¤Â° Ã Â¤Â¦Ã Â¤Â¸ Ã Â¤Â²Ã Â¤Â¾Ã Â¤â Ã Â¤Â°Ã Â¥ÂÃ Â¤ÂªÃ Â¤Â¯Ã Â¥â¹Ã Â¤â Ã Â¤â¢Ã Â¤Â¾ Ã Â¤â¡Ã Â¤Â¨Ã Â¤Â¾Ã Â¤Â® Ã Â¤Â¥Ã Â¤Â¾, Ã Â¤Â¬Ã Â¤Â²Ã Â¥ÂÃ Â¤â¢Ã Â¤Â¿ Ã Â¤ÂµÃ Â¥â¡ Ã Â¤Â¹Ã Â¤Â¾Ã Â¤Â² Ã Â¤Â¹Ã Â¥â¬ Ã Â¤Â®Ã Â¥â¡Ã Â¤â Ã Â¤Â¸Ã Â¥ÂÃ Â¤Â°Ã Â¤â¢Ã Â¥ÂÃ Â¤Â·Ã Â¤Â¾ Ã Â¤Â¬Ã Â¤Â²Ã Â¥â¹Ã Â¤â Ã Â¤ÂªÃ Â¤Â° Ã Â¤ËÃ Â¤Â¾Ã Â¤Â¤ Ã Â¤Â²Ã Â¤âÃ Â¤Â¾Ã Â¤â¢Ã Â¤Â° Ã Â¤â¢Ã Â¤Â¿Ã Â¤Â Ã Â¤âÃ Â¤Â Ã Â¤Â¹Ã Â¤Â®Ã Â¤Â²Ã Â¥â¡ Ã Â¤Â®Ã Â¥â¡Ã Â¤â Ã Â¤Â­Ã Â¥â¬ Ã Â¤Â¶Ã Â¤Â¾Ã Â¤Â®Ã Â¤Â¿Ã Â¤Â² Ã Â¤Â¥Ã Â¥â¡Ã Â¥Â¤ Ã Â¤Â¹Ã Â¤Â¾Ã Â¤Â²Ã Â¤Â¾Ã Â¤ÂÃ Â¤â¢Ã Â¤Â¿, Ã Â¤â¦Ã Â¤âÃ Â¤Â° Ã Â¤Â¨Ã Â¤â¢Ã Â¥ÂÃ Â¤Â¸Ã Â¤Â²Ã Â¤Â¿Ã Â¤Â¯Ã Â¥â¹Ã Â¤â Ã Â¤â¢Ã Â¥â¹ Ã Â¤Â¨Ã Â¤Â¹Ã Â¥â¬Ã Â¤â Ã Â¤âºÃ Â¥â¹Ã Â¤Â¡Ã Â¤Â¼Ã Â¤Â¾ Ã Â¤âÃ Â¤Â¯Ã Â¤Â¾ Ã Â¤Â¤Ã Â¥â¹ Ã Â¤Â¸Ã Â¥ÂÃ Â¤Â¥Ã Â¤Â¿Ã Â¤Â¤Ã Â¤Â¿ Ã Â¤Â¨Ã Â¤Â¿Ã Â¤Â¯Ã Â¤âÃ Â¤Â¤Ã Â¥ÂÃ Â¤Â°Ã Â¤Â£ Ã Â¤Â¸Ã Â¥â¡ Ã Â¤Â¬Ã Â¤Â¾Ã Â¤Â¹Ã Â¤Â° Ã Â¤Â¹Ã Â¥â¹ Ã Â¤Â¸Ã Â¤â¢Ã Â¤Â¤Ã Â¥â¬ Ã Â¤Â¥Ã Â¥â¬Ã Â¥Â¤ Ã Â¤Â¯Ã Â¤Â¹ Ã Â¤â¡Ã Â¤Â¸Ã Â¤Â²Ã Â¤Â¿Ã Â¤Â Ã Â¤â¢Ã Â¤Â¿ Ã Â¤â Ã Â¤Â¦Ã Â¤Â¿Ã Â¤ÂµÃ Â¤Â¾Ã Â¤Â¸Ã Â¥â¬ Ã Â¤Â®Ã Â¤Â¹Ã Â¤Â¿Ã Â¤Â²Ã Â¤Â¾Ã Â¤ÂÃ Â¤Â Ã Â¤â Ã Â¤â¢Ã Â¥ÂÃ Â¤Â°Ã Â¤Â¾Ã Â¤Â®Ã Â¤â¢ Ã Â¤Â°Ã Â¥âÃ Â¤Âª Ã Â¤Â¸Ã Â¥â¡ Ã Â¤â°Ã Â¤Â¨Ã Â¤â¢Ã Â¥â¬ Ã Â¤âÃ Â¤Â° Ã Â¤Â¬Ã Â¤Â¢Ã Â¤Â¼ Ã Â¤Â°Ã Â¤Â¹Ã Â¥â¬ Ã Â¤Â¥Ã Â¥â¬Ã Â¤âÃ Â¥Â¤ Ã Â¤â°Ã Â¤Â¸ Ã Â¤Â¸Ã Â¥ÂÃ Â¤Â¥Ã Â¤Â¿Ã Â¤Â¤Ã Â¤Â¿ Ã Â¤Â®Ã Â¥â¡Ã Â¤â, Ã Â¤Â¹Ã Â¤Â¾Ã Â¤Â²Ã Â¤Â¾Ã Â¤Â¤ Ã Â¤â¢Ã Â¥â¹ Ã Â¤Â¨Ã Â¤Â¿Ã Â¤Â¯Ã Â¤âÃ Â¤Â¤Ã Â¥ÂÃ Â¤Â°Ã Â¤Â¿Ã Â¤Â¤ Ã Â¤â¢Ã Â¤Â°Ã Â¤Â¨Ã Â¥â¡ Ã Â¤â¢Ã Â¥â¡ Ã Â¤Â²Ã Â¤Â¿Ã Â¤Â Ã Â¤Â°Ã Â¥â¹Ã Â¤Â¹Ã Â¤Â¿Ã Â¤Â¤ Ã Â¤â¢Ã Â¥â¹ Ã Â¤âÃ Â¥â¹Ã Â¤Â²Ã Â¥â¬Ã Â¤Â¬Ã Â¤Â¾Ã Â¤Â°Ã Â¥â¬ Ã Â¤â¢Ã Â¤Â¾ Ã Â¤Â¸Ã Â¤Â¹Ã Â¤Â¾Ã Â¤Â°Ã Â¤Â¾ Ã Â¤Â²Ã Â¥â¡Ã Â¤Â¨Ã Â¤Â¾ Ã Â¤ÂªÃ Â¤Â¡Ã Â¤Â¼ Ã Â¤Â¸Ã Â¤â¢Ã Â¤Â¤Ã Â¤Â¾ Ã Â¤Â¹Ã Â¥Ë, Ã Â¤ÅÃ Â¤Â¿Ã Â¤Â¸Ã Â¤Â¸Ã Â¥â¡ Ã Â¤Â¨Ã Â¤Â¾Ã Â¤âÃ Â¤Â°Ã Â¤Â¿Ã Â¤â¢Ã Â¥â¹Ã Â¤â Ã Â¤â¢Ã Â¥â¬ Ã Â¤Â¬Ã Â¥â¡Ã Â¤Â¶Ã Â¤â¢Ã Â¤Â¼Ã Â¥â¬Ã Â¤Â®Ã Â¤Â¤Ã Â¥â¬ Ã Â¤ÅÃ Â¤Â¾Ã Â¤Â¨ Ã Â¤ÅÃ Â¤Â¾ Ã Â¤Â¸Ã Â¤â¢Ã Â¤Â¤Ã Â¥â¬ Ã Â¤Â¹Ã Â¥Ë Ã Â¤ÂÃ Â¤ÂµÃ Â¤â Ã Â¤Â¸Ã Â¥ÂÃ Â¤Â¥Ã Â¤Â¿Ã Â¤Â¤Ã Â¤Â¿ Ã Â¤âÃ Â¤Â° Ã Â¤Â­Ã Â¥â¬ Ã Â¤âÃ Â¤âÃ Â¤Â­Ã Â¥â¬Ã Â¤Â° Ã Â¤Â¹Ã Â¥â¹ Ã Â¤ÅÃ Â¤Â¾Ã Â¤ÂÃ Â¤âÃ Â¥â¬Ã Â¥Â¤ (a) Ã Â¤â¡Ã Â¤Â¸ Ã Â¤Â¸Ã Â¥ÂÃ Â¤Â¥Ã Â¤Â¿Ã Â¤Â¤Ã Â¤Â¿ Ã Â¤Â¸Ã Â¥â¡ Ã Â¤Â¨Ã Â¤Â¿Ã Â¤ÂªÃ Â¤Å¸Ã Â¤Â¨Ã Â¥â¡ Ã Â¤â¢Ã Â¥â¡ Ã Â¤Â²Ã Â¤Â¿Ã Â¤Â Ã Â¤Â°Ã Â¥â¹Ã Â¤Â¹Ã Â¤Â¿Ã Â¤Â¤ Ã Â¤â¢Ã Â¥â¡ Ã Â¤ÂªÃ Â¤Â¾Ã Â¤Â¸ Ã Â¤â¢Ã Â¥ÅÃ Â¤Â¨-Ã Â¤Â¸Ã Â¥â¡ Ã Â¤ÂµÃ Â¤Â¿Ã Â¤â¢Ã Â¤Â²Ã Â¥ÂÃ Â¤Âª Ã Â¤â°Ã Â¤ÂªÃ Â¤Â²Ã Â¤Â¬Ã Â¥ÂÃ Â¤Â§ Ã Â¤Â¹Ã Â¥ËÃ Â¤â? (b) Ã Â¤Â°Ã Â¥â¹Ã Â¤Â¹Ã Â¤Â¿Ã Â¤Â¤ Ã Â¤â¢Ã Â¥â¹ Ã Â¤â¢Ã Â¤Â¿Ã Â¤Â¨ Ã Â¤Â¨Ã Â¥ËÃ Â¤Â¤Ã Â¤Â¿Ã Â¤â¢ Ã Â¤Â¦Ã Â¥ÂÃ Â¤ÂµÃ Â¤Â¿Ã Â¤Â§Ã Â¤Â¾Ã Â¤âÃ Â¤â Ã Â¤â¢Ã Â¤Â¾ Ã Â¤Â¸Ã Â¤Â¾Ã Â¤Â®Ã Â¤Â¨Ã Â¤Â¾ Ã Â¤â¢Ã Â¤Â°Ã Â¤Â¨Ã Â¤Â¾ Ã Â¤ÂªÃ Â¤Â¡Ã Â¤Â¼ Ã Â¤Â°Ã Â¤Â¹Ã Â¤Â¾ Ã Â¤Â¹Ã Â¥Ë? (c) Ã Â¤â Ã Â¤ÂªÃ Â¤â¢Ã Â¥â¡ Ã Â¤â¦Ã Â¤Â¨Ã Â¥ÂÃ Â¤Â¸Ã Â¤Â¾Ã Â¤Â° Ã Â¤Â°Ã Â¥â¹Ã Â¤Â¹Ã Â¤Â¿Ã Â¤Â¤ Ã Â¤â¢Ã Â¥â¡ Ã Â¤Â²Ã Â¤Â¿Ã Â¤Â Ã Â¤â¢Ã Â¥ÅÃ Â¤Â¨-Ã Â¤Â¸Ã Â¤Â¾ Ã Â¤ÂµÃ Â¤Â¿Ã Â¤â¢Ã Â¤Â²Ã Â¥ÂÃ Â¤Âª Ã Â¤â¦Ã Â¤ÂªÃ Â¤Â¨Ã Â¤Â¾Ã Â¤Â¨Ã Â¤Â¾ Ã Â¤â¦Ã Â¤Â§Ã Â¤Â¿Ã Â¤â¢ Ã Â¤â°Ã Â¤ÂªÃ Â¤Â¯Ã Â¥ÂÃ Â¤â¢Ã Â¥ÂÃ Â¤Â¤ Ã Â¤Â¹Ã Â¥â¹Ã Â¤âÃ Â¤Â¾ Ã Â¤âÃ Â¤Â° Ã Â¤â¢Ã Â¥ÂÃ Â¤Â¯Ã Â¥â¹Ã Â¤â? (d) Ã Â¤Â®Ã Â¥ÅÃ Â¤ÅÃ Â¥âÃ Â¤Â¦Ã Â¤Â¾ Ã Â¤Â¸Ã Â¥ÂÃ Â¤Â¥Ã Â¤Â¿Ã Â¤Â¤Ã Â¤Â¿ Ã Â¤Â®Ã Â¥â¡Ã Â¤â, Ã Â¤Â®Ã Â¤Â¹Ã Â¤Â¿Ã Â¤Â²Ã Â¤Â¾ Ã Â¤ÂªÃ Â¥ÂÃ Â¤Â°Ã Â¤Â¦Ã Â¤Â°Ã Â¥ÂÃ Â¤Â¶Ã Â¤Â¨Ã Â¤â¢Ã Â¤Â¾Ã Â¤Â°Ã Â¤Â¿Ã Â¤Â¯Ã Â¥â¹Ã Â¤â Ã Â¤â¢Ã Â¥â¡ Ã Â¤Â¸Ã Â¤Â¾Ã Â¤Â¥ Ã Â¤ÂªÃ Â¥ÂÃ Â¤Â²Ã Â¤Â¿Ã Â¤Â¸ Ã Â¤Â¦Ã Â¥ÂÃ Â¤ÂµÃ Â¤Â¾Ã Â¤Â°Ã Â¤Â¾ Ã Â¤â¢Ã Â¥ÂÃ Â¤Â¯Ã Â¤Â¾ Ã Â¤â¦Ã Â¤Â¤Ã Â¤Â¿Ã Â¤Â°Ã Â¤Â¿Ã Â¤â¢Ã Â¥ÂÃ Â¤Â¤ Ã Â¤ÂÃ Â¤Â¹Ã Â¤Â¤Ã Â¤Â¿Ã Â¤Â¯Ã Â¤Â¾Ã Â¤Â¤Ã Â¥â¬ Ã Â¤â¢Ã Â¤Â¦Ã Â¤Â® Ã Â¤â°Ã Â¤Â Ã Â¤Â¾Ã Â¤Â Ã Â¤ÅÃ Â¤Â¾Ã Â¤Â¨Ã Â¥â¡ Ã Â¤Å¡Ã Â¤Â¾Ã Â¤Â¹Ã Â¤Â¿Ã Â¤Â? (Ã Â¤â°Ã Â¤Â¤Ã Â¥ÂÃ Â¤Â¤Ã Â¤Â° 250 Ã Â¤Â¶Ã Â¤Â¬Ã Â¥ÂÃ Â¤Â¦Ã Â¥â¹Ã Â¤â Ã Â¤Â®Ã Â¥â¡Ã Â¤â) With multipronged strategy of the Central and State Governments specially in the last few years, the naxalite problem has been resolved to a large extent in the affected states of the country. However, there are a few pockets in certain states where naxalite problem still persists, mainly due to involvement of foreign countries. Rohit is posted as SP (Special Operations) for the last one year, in one of the districts which is still affected by the naxalite problem. The district administration has taken a lot of developmental works in the recent past in the naxalite affected areas to win the hearts and minds of the people. Over a period of time, Rohit has established an excellent intelligence network to get the real time information regarding the movement of naxalite cadre. To instill confidence in the public and have moral ascendancy over the naxalites, a number of cordons and search operations are being conducted by the police. Rohit, who himself was leading one of the contingents got a message though his intelligence source that about ten hard core naxalites were hiding in a particular village with sophisticated weapons. Without wasting any time, Rohit reached the target village with his team and laid out a foolproof cordon and started carrying out a systematic search. During the search, his team managed to overpower all the naxalites along with their automatic weapons. However, in the meantime, more than five hundred tribal women surrounded the village and started marching towards the target house. They were shouting and demanding the immediate release of insurgents since they are their protectors and saviours. The situation on the ground was becoming very critical as the tribal women were extremely agitated and aggressive. Rohit tried to contact his superior officer, IG (Special Operations) of the state on the radio set and on mobile phone, but failed to do so due to poor connectivity. Rohit was in great dilemma since out of the naxalites apprehended, two were not only hard core top insurgents with prize money of Ã¢âÂ¹ ten lakhs on their heads, but were also involved in a recent ambush on the security forces. However, if he did not release the naxalites, the situation could get out of control since the tribal women were aggressively charging towards them. In that case, to control the situation Rohit might have to resort to firing which may lead to valuable loss of lives of civilians and would further complicate the situation. (a) What are the options available with Rohit to cope with the situation? (b) What are the ethical dilemmas being faced by Rohit? (c) Which of the options, do you think, would be more appropriate for Rohit to adopt and why? (d) In the present situation, what are the extra precautionary measures to be taken by the police in dealing with women protesters? (Answer in 250 words)","With multipronged strategy of the Central and State Governments specially in the last few years, the naxalite problem has been resolved to a large extent in the affected states of the country. However, there are a few pockets in certain states where naxalite problem still persists, mainly due to involvement of foreign countries. Rohit is posted as SP (Special Operations) for the last one year, in one of the districts which is still affected by the naxalite problem. The district administration has taken a lot of developmental works in the recent past in the naxalite affected areas to win the hearts and minds of the people. Over a period of time, Rohit has established an excellent intelligence network to get the real time information regarding the movement of naxalite cadre. To instill confidence in the public and have moral ascendancy over the naxalites, a number of cordons and search operations are being conducted by the police. Rohit, who himself was leading one of the contingents got a message though his intelligence source that about ten hard core naxalites were hiding in a particular village with sophisticated weapons. Without wasting any time, Rohit reached the target village with his team and laid out a foolproof cordon and started carrying out a systematic search. During the search, his team managed to overpower all the naxalites along with their automatic weapons. However, in the meantime, more than five hundred tribal women surrounded the village and started marching towards the target house. They were shouting and demanding the immediate release of insurgents since they are their protectors and saviours. The situation on the ground was becoming very critical as the tribal women were extremely agitated and aggressive. Rohit tried to contact his superior officer, IG (Special Operations) of the state on the radio set and on mobile phone, but failed to do so due to poor connectivity. Rohit was in great dilemma since out of the naxalites apprehended, two were not only hard core top insurgents with prize money of ₹ ten lakhs on their heads, but were also involved in a recent ambush on the security forces. However, if he did not release the naxalites, the situation could get out of control since the tribal women were aggressively charging towards them. In that case, to control the situation Rohit might have to resort to firing which may lead to valuable loss of lives of civilians and would further complicate the situation. (a) What are the options available with Rohit to cope with the situation? (b) What are the ethical dilemmas being faced by Rohit? (c) Which of the options, do you think, would be more appropriate for Rohit to adopt and why? (d) In the present situation, what are the extra precautionary measures to be taken by the police in dealing with women protesters?",99.8,keep,true,aggregator,,,,,,,,,,,,,,,,,,
2024,GS4,dee30326-920a-40cf-bee0-a5b4c76760f7,77,GS4-Q10,19,GS4-A-Q13,"Ã Â¤Â¸Ã Â¥ÂÃ Â¤Â¨Ã Â¥â¡Ã Â¤Â¹Ã Â¤Â¾ Ã Â¤ÂÃ Â¤â¢ Ã Â¤ÂµÃ Â¤Â°Ã Â¤Â¿Ã Â¤Â·Ã Â¥ÂÃ Â¤Â  Ã Â¤ÂªÃ Â¥ÂÃ Â¤Â°Ã Â¤Â¬Ã Â¤âÃ Â¤Â§Ã Â¤â¢ Ã Â¤Â¹Ã Â¥ËÃ Â¤â Ã Â¤ÅÃ Â¥â¹ Ã Â¤ÂÃ Â¤â¢ Ã Â¤Â®Ã Â¤Â§Ã Â¥ÂÃ Â¤Â¯Ã Â¤Â® Ã Â¤â Ã Â¤â¢Ã Â¤Â¾Ã Â¤Â° Ã Â¤ÂµÃ Â¤Â¾Ã Â¤Â²Ã Â¥â¡ Ã Â¤Â¶Ã Â¤Â¹Ã Â¤Â° Ã Â¤Â®Ã Â¥â¡Ã Â¤â Ã Â¤ÂÃ Â¤â¢ Ã Â¤Â¬Ã Â¤Â¡Ã Â¤Â¼Ã Â¥â¬ Ã Â¤ÂªÃ Â¥ÂÃ Â¤Â°Ã Â¤Â¤Ã Â¤Â¿Ã Â¤Â·Ã Â¥ÂÃ Â¤Â Ã Â¤Â¿Ã Â¤Â¤ Ã Â¤â¦Ã Â¤Â¸Ã Â¥ÂÃ Â¤ÂªÃ Â¤Â¤Ã Â¤Â¾Ã Â¤Â² Ã Â¤Â¶Ã Â¥ÂÃ Â¤Â°Ã Â¥ÆÃ Â¤âÃ Â¤âÃ Â¤Â²Ã Â¤Â¾ Ã Â¤â¢Ã Â¥â¡ Ã Â¤Â²Ã Â¤Â¿Ã Â¤Â Ã Â¤â¢Ã Â¤Â¾Ã Â¤Â® Ã Â¤â¢Ã Â¤Â°Ã Â¤Â¤Ã Â¥â¬ Ã Â¤Â¹Ã Â¥ËÃ Â¤âÃ Â¥Â¤ Ã Â¤â°Ã Â¤Â¨Ã Â¥ÂÃ Â¤Â¹Ã Â¥â¡Ã Â¤â Ã Â¤ÂÃ Â¤â¢ Ã Â¤Â¨Ã Â¤Â Ã Â¤Â¸Ã Â¥ÂÃ Â¤ÂªÃ Â¤Â° Ã Â¤Â¸Ã Â¥ÂÃ Â¤ÂªÃ Â¥â¡Ã Â¤Â¶Ã Â¤Â¿Ã Â¤Â¯Ã Â¤Â²Ã Â¤Â¿Ã Â¤Å¸Ã Â¥â¬ Ã Â¤Â¸Ã Â¥â¡Ã Â¤âÃ Â¤Å¸Ã Â¤Â° Ã Â¤â¢Ã Â¤Â¾ Ã Â¤ÂªÃ Â¥ÂÃ Â¤Â°Ã Â¤Â­Ã Â¤Â¾Ã Â¤Â°Ã Â¥â¬ Ã Â¤Â¬Ã Â¤Â¨Ã Â¤Â¾Ã Â¤Â¯Ã Â¤Â¾ Ã Â¤âÃ Â¤Â¯Ã Â¤Â¾ Ã Â¤Â¹Ã Â¥Ë Ã Â¤ÅÃ Â¤Â¿Ã Â¤Â¸Ã Â¥â¡ Ã Â¤â¦Ã Â¤Â¸Ã Â¥ÂÃ Â¤ÂªÃ Â¤Â¤Ã Â¤Â¾Ã Â¤Â² Ã Â¤â¦Ã Â¤Â¤Ã Â¥ÂÃ Â¤Â¯Ã Â¤Â¾Ã Â¤Â§Ã Â¥ÂÃ Â¤Â¨Ã Â¤Â¿Ã Â¤â¢ Ã Â¤â°Ã Â¤ÂªÃ Â¤â¢Ã Â¤Â°Ã Â¤Â£Ã Â¥â¹Ã Â¤â Ã Â¤âÃ Â¤Â° Ã Â¤ÂµÃ Â¤Â¿Ã Â¤Â¶Ã Â¥ÂÃ Â¤ÂµÃ Â¤Â¸Ã Â¥ÂÃ Â¤Â¤Ã Â¤Â°Ã Â¥â¬Ã Â¤Â¯ Ã Â¤Å¡Ã Â¤Â¿Ã Â¤â¢Ã Â¤Â¿Ã Â¤Â¤Ã Â¥ÂÃ Â¤Â¸Ã Â¤Â¾ Ã Â¤Â¸Ã Â¥ÂÃ Â¤ÂµÃ Â¤Â¿Ã Â¤Â§Ã Â¤Â¾Ã Â¤âÃ Â¤â Ã Â¤â¢Ã Â¥â¡ Ã Â¤Â¸Ã Â¤Â¾Ã Â¤Â¥ Ã Â¤Â¬Ã Â¤Â¨Ã Â¤Â¾ Ã Â¤Â°Ã Â¤Â¹Ã Â¤Â¾ Ã Â¤Â¹Ã Â¥ËÃ Â¥Â¤ Ã Â¤Â­Ã Â¤ÂµÃ Â¤Â¨ Ã Â¤â¢Ã Â¤Â¾ Ã Â¤ÂªÃ Â¥ÂÃ Â¤Â¨Ã Â¤Â°Ã Â¥ÂÃ Â¤Â¨Ã Â¤Â¿Ã Â¤Â°Ã Â¥ÂÃ Â¤Â®Ã Â¤Â¾Ã Â¤Â£ Ã Â¤â¢Ã Â¤Â¿Ã Â¤Â¯Ã Â¤Â¾ Ã Â¤âÃ Â¤Â¯Ã Â¤Â¾ Ã Â¤Â¹Ã Â¥Ë Ã Â¤âÃ Â¤Â° Ã Â¤ÂµÃ Â¤Â¹ Ã Â¤ÂµÃ Â¤Â¿Ã Â¤Â­Ã Â¤Â¿Ã Â¤Â¨Ã Â¥ÂÃ Â¤Â¨ Ã Â¤â°Ã Â¤ÂªÃ Â¤â¢Ã Â¤Â°Ã Â¤Â£Ã Â¥â¹Ã Â¤â Ã Â¤âÃ Â¤Â° Ã Â¤Â®Ã Â¤Â¶Ã Â¥â¬Ã Â¤Â¨Ã Â¥â¹Ã Â¤â Ã Â¤â¢Ã Â¥â¬ Ã Â¤âÃ Â¤Â°Ã Â¥â¬Ã Â¤Â¦ Ã Â¤â¢Ã Â¥â¬ Ã Â¤ÂªÃ Â¥ÂÃ Â¤Â°Ã Â¤â¢Ã Â¥ÂÃ Â¤Â°Ã Â¤Â¿Ã Â¤Â¯Ã Â¤Â¾ Ã Â¤Â¶Ã Â¥ÂÃ Â¤Â°Ã Â¥â Ã Â¤â¢Ã Â¤Â° Ã Â¤Â°Ã Â¤Â¹Ã Â¥â¬ Ã Â¤Â¹Ã Â¥ËÃ Â¤âÃ Â¥Â¤ Ã Â¤âÃ Â¤Â°Ã Â¥â¬Ã Â¤Â¦ Ã Â¤â¢Ã Â¥â¡ Ã Â¤Â²Ã Â¤Â¿Ã Â¤Â Ã Â¤ÅÃ Â¤Â¼Ã Â¤Â¿Ã Â¤Â®Ã Â¥ÂÃ Â¤Â®Ã Â¥â¡Ã Â¤Â¦Ã Â¤Â¾Ã Â¤Â° Ã Â¤Â¸Ã Â¤Â®Ã Â¤Â¿Ã Â¤Â¤Ã Â¤Â¿ Ã Â¤â¢Ã Â¥â¡ Ã Â¤ÂªÃ Â¥ÂÃ Â¤Â°Ã Â¤Â®Ã Â¥ÂÃ Â¤â Ã Â¤â¢Ã Â¥â¡ Ã Â¤Â°Ã Â¥âÃ Â¤Âª Ã Â¤Â®Ã Â¥â¡Ã Â¤â Ã Â¤â°Ã Â¤Â¨Ã Â¥ÂÃ Â¤Â¹Ã Â¥â¹Ã Â¤âÃ Â¤Â¨Ã Â¥â¡ Ã Â¤Å¡Ã Â¤Â¿Ã Â¤â¢Ã Â¤Â¿Ã Â¤Â¤Ã Â¥ÂÃ Â¤Â¸Ã Â¤Â¾ Ã Â¤â°Ã Â¤ÂªÃ Â¤â¢Ã Â¤Â°Ã Â¤Â£Ã Â¥â¹Ã Â¤â Ã Â¤â¢Ã Â¤Â¾ Ã Â¤â¢Ã Â¤Â¾Ã Â¤Â°Ã Â¥â¹Ã Â¤Â¬Ã Â¤Â¾Ã Â¤Â° Ã Â¤â¢Ã Â¤Â°Ã Â¤Â¨Ã Â¥â¡ Ã Â¤ÂµÃ Â¤Â¾Ã Â¤Â²Ã Â¥â¡ Ã Â¤Â¸Ã Â¤Â­Ã Â¥â¬ Ã Â¤ÂªÃ Â¥ÂÃ Â¤Â°Ã Â¤Â¤Ã Â¤Â¿Ã Â¤Â·Ã Â¥ÂÃ Â¤Â Ã Â¤Â¿Ã Â¤Â¤ Ã Â¤â¡Ã Â¤Å¡Ã Â¥ÂÃ Â¤âºÃ Â¥ÂÃ Â¤â¢ Ã Â¤ÂµÃ Â¤Â¿Ã Â¤â¢Ã Â¥ÂÃ Â¤Â°Ã Â¥â¡Ã Â¤Â¤Ã Â¤Â¾Ã Â¤âÃ Â¤â Ã Â¤Â¸Ã Â¥â¡ Ã Â¤Â¬Ã Â¥â¹Ã Â¤Â²Ã Â¤Â¿Ã Â¤Â¯Ã Â¤Â¾Ã Â¤Â Ã Â¤â Ã Â¤Â®Ã Â¤âÃ Â¤Â¤Ã Â¥ÂÃ Â¤Â°Ã Â¤Â¿Ã Â¤Â¤ Ã Â¤â¢Ã Â¥â¬ Ã Â¤Â¹Ã Â¥ËÃ Â¤âÃ Â¥Â¤ Ã Â¤â°Ã Â¤Â¨Ã Â¥ÂÃ Â¤Â¹Ã Â¥â¹Ã Â¤âÃ Â¤Â¨Ã Â¥â¡ Ã Â¤Â¦Ã Â¥â¡Ã Â¤âÃ Â¤Â¾ Ã Â¤â¢Ã Â¤Â¿ Ã Â¤â°Ã Â¤Â¨Ã Â¤â¢Ã Â¤Â¾ Ã Â¤Â­Ã Â¤Â¾Ã Â¤Ë, Ã Â¤ÅÃ Â¥â¹ Ã Â¤â¡Ã Â¤Â¸ Ã Â¤â¢Ã Â¥ÂÃ Â¤Â·Ã Â¥â¡Ã Â¤Â¤Ã Â¥ÂÃ Â¤Â° Ã Â¤Â®Ã Â¥â¡Ã Â¤â Ã Â¤ÂÃ Â¤â¢ Ã Â¤ÂªÃ Â¥ÂÃ Â¤Â°Ã Â¤Â¸Ã Â¤Â¿Ã Â¤Â¦Ã Â¥ÂÃ Â¤Â§ Ã Â¤â Ã Â¤ÂªÃ Â¥âÃ Â¤Â°Ã Â¥ÂÃ Â¤Â¤Ã Â¤Â¿Ã Â¤â¢Ã Â¤Â°Ã Â¥ÂÃ Â¤Â¤Ã Â¤Â¾ Ã Â¤Â¹Ã Â¥Ë, Ã Â¤Â¨Ã Â¥â¡ Ã Â¤Â­Ã Â¥â¬ Ã Â¤â¦Ã Â¤ÂªÃ Â¤Â¨Ã Â¥â¬ Ã Â¤Â°Ã Â¥ÂÃ Â¤Å¡Ã Â¤Â¿ Ã Â¤ÂµÃ Â¥ÂÃ Â¤Â¯Ã Â¤â¢Ã Â¥ÂÃ Â¤Â¤ Ã Â¤â¢Ã Â¥â¬ Ã Â¤Â¹Ã Â¥ËÃ Â¥Â¤ Ã Â¤Å¡Ã Â¥âÃ Â¤ÂÃ Â¤â¢Ã Â¤Â¿ Ã Â¤â¦Ã Â¤Â¸Ã Â¥ÂÃ Â¤ÂªÃ Â¤Â¤Ã Â¤Â¾Ã Â¤Â² Ã Â¤Â¨Ã Â¤Â¿Ã Â¤ÅÃ Â¥â¬ Ã Â¤Â¸Ã Â¥ÂÃ Â¤ÂµÃ Â¤Â¾Ã Â¤Â®Ã Â¤Â¿Ã Â¤Â¤Ã Â¥ÂÃ Â¤Âµ Ã Â¤Â®Ã Â¥â¡Ã Â¤â Ã Â¤Â¹Ã Â¥Ë, Ã Â¤â¡Ã Â¤Â¸Ã Â¤Â²Ã Â¤Â¿Ã Â¤Â Ã Â¤â°Ã Â¤Â¨Ã Â¤â¢Ã Â¥â¡ Ã Â¤Â²Ã Â¤Â¿Ã Â¤Â Ã Â¤â¢Ã Â¥â¡Ã Â¤ÂµÃ Â¤Â² Ã Â¤â¢Ã Â¤Â® Ã Â¤Â¬Ã Â¥â¹Ã Â¤Â²Ã Â¥â¬ Ã Â¤Â²Ã Â¤âÃ Â¤Â¾Ã Â¤Â¨Ã Â¥â¡ Ã Â¤ÂµÃ Â¤Â¾Ã Â¤Â²Ã Â¥â¡ Ã Â¤â¢Ã Â¥â¹ Ã Â¤Å¡Ã Â¥ÂÃ Â¤Â¨Ã Â¤Â¨Ã Â¤Â¾ Ã Â¤â¦Ã Â¤Â¨Ã Â¤Â¿Ã Â¤ÂµÃ Â¤Â¾Ã Â¤Â°Ã Â¥ÂÃ Â¤Â¯ Ã Â¤Â¨Ã Â¤Â¹Ã Â¥â¬Ã Â¤â Ã Â¤Â¹Ã Â¥ËÃ Â¥Â¤ Ã Â¤â¡Ã Â¤Â¸Ã Â¤â¢Ã Â¥â¡ Ã Â¤â¦Ã Â¤Â²Ã Â¤Â¾Ã Â¤ÂµÃ Â¤Â¾ Ã Â¤â°Ã Â¤Â¨Ã Â¥ÂÃ Â¤Â¹Ã Â¥â¡Ã Â¤â Ã Â¤ÅÃ Â¥ÂÃ Â¤Å¾Ã Â¤Â¾Ã Â¤Â¤ Ã Â¤Â¹Ã Â¥Ë Ã Â¤â¢Ã Â¤Â¿ Ã Â¤â°Ã Â¤Â¨Ã Â¤â¢Ã Â¥â¡ Ã Â¤Â­Ã Â¤Â¾Ã Â¤Ë Ã Â¤â¢Ã Â¥â¬ Ã Â¤â¢Ã Â¤âÃ Â¤ÂªÃ Â¤Â¨Ã Â¥â¬ Ã Â¤â¢Ã Â¥ÂÃ Â¤âº Ã Â¤ÂµÃ Â¤Â¿Ã Â¤Â¤Ã Â¥ÂÃ Â¤Â¤Ã Â¥â¬Ã Â¤Â¯ Ã Â¤â¢Ã Â¤Â Ã Â¤Â¿Ã Â¤Â¨Ã Â¤Â¾Ã Â¤â¡Ã Â¤Â¯Ã Â¥â¹Ã Â¤â Ã Â¤â¢Ã Â¤Â¾ Ã Â¤Â¸Ã Â¤Â¾Ã Â¤Â®Ã Â¤Â¨Ã Â¤Â¾ Ã Â¤â¢Ã Â¤Â° Ã Â¤Â°Ã Â¤Â¹Ã Â¥â¬ Ã Â¤Â¹Ã Â¥Ë Ã Â¤âÃ Â¤Â° Ã Â¤Â¬Ã Â¤Â¡Ã Â¤Â¼Ã Â¥â¬ Ã Â¤â Ã Â¤ÂªÃ Â¥âÃ Â¤Â°Ã Â¥ÂÃ Â¤Â¤Ã Â¤Â¿ Ã Â¤â¢Ã Â¤Â¾ Ã Â¤ÂÃ Â¤â¢ Ã Â¤â Ã Â¤Â¦Ã Â¥â¡Ã Â¤Â¶ Ã Â¤â°Ã Â¤Â¸Ã Â¥â¡ Ã Â¤â°Ã Â¤Â¬Ã Â¤Â¾Ã Â¤Â°Ã Â¤Â¨Ã Â¥â¡ Ã Â¤Â®Ã Â¥â¡Ã Â¤â Ã Â¤Â¸Ã Â¤Â¹Ã Â¤Â¾Ã Â¤Â¯Ã Â¤Â¤Ã Â¤Â¾ Ã Â¤â¢Ã Â¤Â°Ã Â¥â¡Ã Â¤âÃ Â¤Â¾Ã Â¥Â¤ Ã Â¤Â¸Ã Â¤Â¾Ã Â¤Â¥ Ã Â¤Â¹Ã Â¥â¬ Ã Â¤â°Ã Â¤Â¨Ã Â¤â¢Ã Â¥â¡ Ã Â¤Â­Ã Â¤Â¾Ã Â¤Ë Ã Â¤â¢Ã Â¥â¹ Ã Â¤â¦Ã Â¤Â¨Ã Â¥ÂÃ Â¤Â¬Ã Â¤âÃ Â¤Â§ Ã Â¤â Ã Â¤Â¬Ã Â¤âÃ Â¤Å¸Ã Â¤Â¿Ã Â¤Â¤ Ã Â¤â¢Ã Â¤Â°Ã Â¤Â¨Ã Â¤Â¾, Ã Â¤â°Ã Â¤Â¨Ã Â¤â¢Ã Â¥â¡ Ã Â¤âÃ Â¤Â¿Ã Â¤Â²Ã Â¤Â¾Ã Â¤Â« Ã Â¤ÂªÃ Â¤â¢Ã Â¥ÂÃ Â¤Â·Ã Â¤ÂªÃ Â¤Â¾Ã Â¤Â¤ Ã Â¤â¢Ã Â¤Â¾ Ã Â¤â Ã Â¤Â°Ã Â¥â¹Ã Â¤Âª Ã Â¤Â¹Ã Â¥â¹ Ã Â¤Â¸Ã Â¤â¢Ã Â¤Â¤Ã Â¤Â¾ Ã Â¤Â¹Ã Â¥Ë Ã Â¤âÃ Â¤Â° Ã Â¤â°Ã Â¤Â¨Ã Â¤â¢Ã Â¥â¬ Ã Â¤âºÃ Â¤ÂµÃ Â¤Â¿ Ã Â¤âÃ Â¤Â°Ã Â¤Â¾Ã Â¤Â¬ Ã Â¤â¢Ã Â¤Â° Ã Â¤Â¸Ã Â¤â¢Ã Â¤Â¤Ã Â¤Â¾ Ã Â¤Â¹Ã Â¥ËÃ Â¥Â¤ Ã Â¤â¦Ã Â¤Â¸Ã Â¥ÂÃ Â¤ÂªÃ Â¤Â¤Ã Â¤Â¾Ã Â¤Â² Ã Â¤ÂªÃ Â¥ÂÃ Â¤Â°Ã Â¤Â¬Ã Â¤âÃ Â¤Â§Ã Â¤Â¨ Ã Â¤â°Ã Â¤Â¨ Ã Â¤ÂªÃ Â¤Â° Ã Â¤ÂªÃ Â¥âÃ Â¤Â°Ã Â¤Â¾ Ã Â¤Â­Ã Â¤Â°Ã Â¥â¹Ã Â¤Â¸Ã Â¤Â¾ Ã Â¤â¢Ã Â¤Â°Ã Â¤Â¤Ã Â¤Â¾ Ã Â¤Â¹Ã Â¥Ë Ã Â¤âÃ Â¤Â° Ã Â¤â°Ã Â¤Â¨Ã Â¤â¢Ã Â¥â¡ Ã Â¤â¢Ã Â¤Â¿Ã Â¤Â¸Ã Â¥â¬ Ã Â¤Â­Ã Â¥â¬ Ã Â¤Â«Ã Â¥ËÃ Â¤Â¸Ã Â¤Â²Ã Â¥â¡ Ã Â¤â¢Ã Â¤Â¾ Ã Â¤Â¸Ã Â¤Â®Ã Â¤Â°Ã Â¥ÂÃ Â¤Â¥Ã Â¤Â¨ Ã Â¤â¢Ã Â¤Â°Ã Â¥â¡Ã Â¤âÃ Â¤Â¾Ã Â¥Â¤ (a) Ã Â¤Â¸Ã Â¥ÂÃ Â¤Â¨Ã Â¥â¡Ã Â¤Â¹Ã Â¤Â¾ Ã Â¤â¢Ã Â¥â¹ Ã Â¤â¢Ã Â¥ÂÃ Â¤Â¯Ã Â¤Â¾ Ã Â¤â¢Ã Â¤Â°Ã Â¤Â¨Ã Â¤Â¾ Ã Â¤Å¡Ã Â¤Â¾Ã Â¤Â¹Ã Â¤Â¿Ã Â¤Â? (b) Ã Â¤ÂµÃ Â¤Â¹ Ã Â¤ÅÃ Â¥â¹ Ã Â¤â¢Ã Â¤Â°Ã Â¤Â¨Ã Â¤Â¾ Ã Â¤Å¡Ã Â¤Â¾Ã Â¤Â¹Ã Â¤Â¤Ã Â¥â¬ Ã Â¤Â¹Ã Â¥ËÃ Â¤â Ã Â¤â°Ã Â¤Â¸Ã Â¥â¡ Ã Â¤â¢Ã Â¥ËÃ Â¤Â¸Ã Â¥â¡ Ã Â¤â°Ã Â¤Å¡Ã Â¤Â¿Ã Â¤Â¤ Ã Â¤Â¸Ã Â¤Â¿Ã Â¤Â¦Ã Â¥ÂÃ Â¤Â§ Ã Â¤â¢Ã Â¤Â°Ã Â¥â¡Ã Â¤âÃ Â¤âÃ Â¥â¬? (c) Ã Â¤â¡Ã Â¤Â¸ Ã Â¤Â®Ã Â¤Â¾Ã Â¤Â®Ã Â¤Â²Ã Â¥â¡ Ã Â¤Â®Ã Â¥â¡Ã Â¤â, Ã Â¤Å¡Ã Â¤Â¿Ã Â¤â¢Ã Â¤Â¿Ã Â¤Â¤Ã Â¥ÂÃ Â¤Â¸Ã Â¤Â¾ Ã Â¤Â¨Ã Â¥ËÃ Â¤Â¤Ã Â¤Â¿Ã Â¤â¢Ã Â¤Â¤Ã Â¤Â¾ Ã Â¤â¢Ã Â¥ËÃ Â¤Â¸Ã Â¥â¡ Ã Â¤Â¨Ã Â¤Â¿Ã Â¤Â¹Ã Â¤Â¿Ã Â¤Â¤ Ã Â¤ÂµÃ Â¥ÂÃ Â¤Â¯Ã Â¤â¢Ã Â¥ÂÃ Â¤Â¤Ã Â¤Â¿Ã Â¤âÃ Â¤Â¤ Ã Â¤Â¹Ã Â¤Â¿Ã Â¤Â¤ Ã Â¤Â¸Ã Â¥â¡ Ã Â¤Â¯Ã Â¥ÂÃ Â¤â¢Ã Â¥ÂÃ Â¤Â¤ Ã Â¤Â¹Ã Â¥Ë? (Ã Â¤â°Ã Â¤Â¤Ã Â¥ÂÃ Â¤Â¤Ã Â¤Â° 250 Ã Â¤Â¶Ã Â¤Â¬Ã Â¥ÂÃ Â¤Â¦Ã Â¥â¹Ã Â¤â Ã Â¤Â®Ã Â¥â¡Ã Â¤â) Sneha is a Senior Manager working for a big reputed hospital chain in a mid-sized city. She has been made in-charge of the new super speciality center that the hospital is building with state-of-the art equipment and world class medical facilities. The building has been reconstructed and she is starting the process of procurement for various equipment and machines. As the head of the committee responsible for procurement, she has invited bids from all the interested reputed vendors dealing in medical equipment. She notices that her brother, who is a well-known supplier in this domain, has also sent his expression of interest. Since the hospital is privately owned, it is not mandatory for her to select only the lower bidder. Also, she is aware that her brother's company has been facing some financial difficulties and a big supply order will help him recover. At the same time, allocating the contract to her brother might bring charges of favouritism against her and tarnish her image. The hospital management trusts her fully and would support any decision of hers. (a) What should be Sneha's course of action? (b) How would she justify what she chooses to do? (c) In this case, how is medical ethics compromised with vested personal interest? (Answer in 250 words)","Sneha is a Senior Manager working for a big reputed hospital chain in a mid-sized city. She has been made in-charge of the new super speciality center that the hospital is building with state-of-the art equipment and world class medical facilities. The building has been reconstructed and she is starting the process of procurement for various equipment and machines. As the head of the committee responsible for procurement, she has invited bids from all the interested reputed vendors dealing in medical equipment. She notices that her brother, who is a well-known supplier in this domain, has also sent his expression of interest. Since the hospital is privately owned, it is not mandatory for her to select only the lower bidder. Also, she is aware that her brother's company has been facing some financial difficulties and a big supply order will help him recover. At the same time, allocating the contract to her brother might bring charges of favouritism against her and tarnish her image. The hospital management trusts her fully and would support any decision of hers. (a) What should be Sneha's course of action? (b) How would she justify what she chooses to do? (c) In this case, how is medical ethics compromised with vested personal interest?",100.0,keep,true,aggregator,,,,,,,,,,,,,,,,,,
2024,GS4,dee30326-920a-40cf-bee0-a5b4c76760f7,78,GS4-Q11,18,GS4-A-Q12,"Ã Â¤â¡Ã Â¤Â¸ Ã Â¤ÂµÃ Â¤Â°Ã Â¥ÂÃ Â¤Â· Ã Â¤â¦Ã Â¤Â¸Ã Â¤Â¾Ã Â¤Â§Ã Â¤Â¾Ã Â¤Â°Ã Â¤Â£ Ã Â¤Â°Ã Â¥âÃ Â¤Âª Ã Â¤Â¸Ã Â¥â¡ Ã Â¤Â­Ã Â¥â¬Ã Â¤Â·Ã Â¤Â£ Ã Â¤âÃ Â¤Â°Ã Â¥ÂÃ Â¤Â®Ã Â¥â¬ Ã Â¤Â¹Ã Â¥â¹Ã Â¤Â¨Ã Â¥â¡ Ã Â¤â¢Ã Â¥â¡ Ã Â¤â¢Ã Â¤Â¾Ã Â¤Â°Ã Â¤Â£, Ã Â¤ÅÃ Â¤Â¿Ã Â¤Â²Ã Â¥â¡ Ã Â¤â¢Ã Â¥â¹ Ã Â¤ÂªÃ Â¤Â¾Ã Â¤Â¨Ã Â¥â¬ Ã Â¤â¢Ã Â¥â¬ Ã Â¤ËÃ Â¥â¹Ã Â¤Â° Ã Â¤â¢Ã Â¤Â®Ã Â¥â¬ Ã Â¤â¢Ã Â¤Â¾ Ã Â¤Â¸Ã Â¤Â¾Ã Â¤Â®Ã Â¤Â¨Ã Â¤Â¾ Ã Â¤â¢Ã Â¤Â°Ã Â¤Â¨Ã Â¤Â¾ Ã Â¤ÂªÃ Â¤Â¡Ã Â¤Â¼ Ã Â¤Â°Ã Â¤Â¹Ã Â¤Â¾ Ã Â¤Â¹Ã Â¥ËÃ Â¥Â¤ Ã Â¤ÅÃ Â¤Â¿Ã Â¤Â²Ã Â¤Â¾ Ã Â¤â¢Ã Â¤Â²Ã Â¥â¡Ã Â¤â¢Ã Â¥ÂÃ Â¤Å¸Ã Â¤Â° Ã Â¤ÅÃ Â¤Â¿Ã Â¤Â²Ã Â¥â¡ Ã Â¤â¢Ã Â¥â¹ Ã Â¤âÃ Â¤âÃ Â¤Â­Ã Â¥â¬Ã Â¤Â° Ã Â¤ÂªÃ Â¥â¡Ã Â¤Â¯Ã Â¤ÅÃ Â¤Â² Ã Â¤Â¸Ã Â¤âÃ Â¤â¢Ã Â¤Å¸ Ã Â¤Â¸Ã Â¥â¡ Ã Â¤â°Ã Â¤Â¬Ã Â¤Â¾Ã Â¤Â°Ã Â¤Â¨Ã Â¥â¡ Ã Â¤Â¹Ã Â¥â¡Ã Â¤Â¤Ã Â¥Â Ã Â¤Â¶Ã Â¥â¡Ã Â¤Â· Ã Â¤ÅÃ Â¤Â² Ã Â¤Â­Ã Â¤âÃ Â¤Â¡Ã Â¤Â¾Ã Â¤Â° Ã Â¤â¢Ã Â¥â¹ Ã Â¤Â¸Ã Â¤âÃ Â¤Â°Ã Â¤â¢Ã Â¥ÂÃ Â¤Â·Ã Â¤Â¿Ã Â¤Â¤ Ã Â¤â¢Ã Â¤Â°Ã Â¤Â¨Ã Â¥â¡ Ã Â¤â¢Ã Â¥â¡ Ã Â¤Â²Ã Â¤Â¿Ã Â¤Â Ã Â¤â¦Ã Â¤ÂªÃ Â¤Â¨Ã Â¥â¡ Ã Â¤â¦Ã Â¤Â§Ã Â¥â¬Ã Â¤Â¨Ã Â¤Â¸Ã Â¥ÂÃ Â¤Â¥ Ã Â¤â¦Ã Â¤Â§Ã Â¤Â¿Ã Â¤â¢Ã Â¤Â¾Ã Â¤Â°Ã Â¤Â¿Ã Â¤Â¯Ã Â¥â¹Ã Â¤â Ã Â¤â¢Ã Â¥â¹ Ã Â¤Â¸Ã Â¤â¢Ã Â¥ÂÃ Â¤Â°Ã Â¤Â¿Ã Â¤Â¯ Ã Â¤â¢Ã Â¤Â° Ã Â¤Â°Ã Â¤Â¹Ã Â¥â¡ Ã Â¤Â¹Ã Â¥ËÃ Â¤âÃ Â¥Â¤ Ã Â¤ÅÃ Â¤Â² Ã Â¤Â¸Ã Â¤âÃ Â¤Â°Ã Â¤â¢Ã Â¥ÂÃ Â¤Â·Ã Â¤Â£ Ã Â¤â¢Ã Â¥â¡ Ã Â¤Â²Ã Â¤Â¿Ã Â¤Â Ã Â¤ÅÃ Â¤Â¾Ã Â¤âÃ Â¤Â°Ã Â¥âÃ Â¤â¢Ã Â¤Â¤Ã Â¤Â¾ Ã Â¤â¦Ã Â¤Â­Ã Â¤Â¿Ã Â¤Â¯Ã Â¤Â¾Ã Â¤Â¨ Ã Â¤â¢Ã Â¥â¡ Ã Â¤Â¸Ã Â¤Â¾Ã Â¤Â¥-Ã Â¤Â¸Ã Â¤Â¾Ã Â¤Â¥ Ã Â¤Â­Ã Â¥â-Ã Â¤ÅÃ Â¤Â² Ã Â¤â¢Ã Â¥â¡ Ã Â¤â¦Ã Â¤Â¤Ã Â¥ÂÃ Â¤Â¯Ã Â¤Â§Ã Â¤Â¿Ã Â¤â¢ Ã Â¤Â¦Ã Â¥â¹Ã Â¤Â¹Ã Â¤Â¨ Ã Â¤â¢Ã Â¥â¹ Ã Â¤Â°Ã Â¥â¹Ã Â¤â¢Ã Â¤Â¨Ã Â¥â¡ Ã Â¤â¢Ã Â¥â¡ Ã Â¤Â²Ã Â¤Â¿Ã Â¤Â Ã Â¤Â¸Ã Â¤âÃ Â¥ÂÃ Â¤Â¤ Ã Â¤â¢Ã Â¤Â¦Ã Â¤Â® Ã Â¤â°Ã Â¤Â Ã Â¤Â¾Ã Â¤Â Ã Â¤âÃ Â¤Â Ã Â¤Â¹Ã Â¥ËÃ Â¤âÃ Â¥Â¤ Ã Â¤âÃ Â¤Â¾Ã Â¤ÂÃ Â¤ÂµÃ Â¥â¹Ã Â¤â Ã Â¤â¢Ã Â¤Â¾ Ã Â¤Â¦Ã Â¥ÅÃ Â¤Â°Ã Â¤Â¾ Ã Â¤â¢Ã Â¤Â°Ã Â¤Â¨Ã Â¥â¡ Ã Â¤Â¹Ã Â¥â¡Ã Â¤Â¤Ã Â¥Â Ã Â¤Â¸Ã Â¤Â¤Ã Â¤Â°Ã Â¥ÂÃ Â¤â¢Ã Â¤Â¤Ã Â¤Â¾ Ã Â¤Â¦Ã Â¤Â² Ã Â¤Â¤Ã Â¥ËÃ Â¤Â¨Ã Â¤Â¾Ã Â¤Â¤ Ã Â¤â¢Ã Â¤Â¿Ã Â¤Â Ã Â¤âÃ Â¤Â Ã Â¤Â¹Ã Â¥ËÃ Â¤âÃ Â¥Â¤ Ã Â¤Â¸Ã Â¤Â¿Ã Â¤âÃ Â¤Å¡Ã Â¤Â¾Ã Â¤Ë Ã Â¤â¢Ã Â¥â¡ Ã Â¤Â²Ã Â¤Â¿Ã Â¤Â Ã Â¤âÃ Â¤Â¹Ã Â¤Â°Ã Â¥â¡ Ã Â¤Â¬Ã Â¥â¹Ã Â¤Â°Ã Â¤ÂµÃ Â¥â¡Ã Â¤Â² Ã Â¤â¦Ã Â¤Â¥Ã Â¤ÂµÃ Â¤Â¾ Ã Â¤Â¨Ã Â¤Â¦Ã Â¥â¬ Ã Â¤ÅÃ Â¤Â²Ã Â¤Â¾Ã Â¤Â¶Ã Â¤Â¯ Ã Â¤Â¸Ã Â¥â¡ Ã Â¤ÂªÃ Â¤Â¾Ã Â¤Â¨Ã Â¥â¬ Ã Â¤âÃ Â¥â¬Ã Â¤âÃ Â¤Å¡Ã Â¤Â¨Ã Â¥â¡ Ã Â¤ÂµÃ Â¤Â¾Ã Â¤Â²Ã Â¥â¡ Ã Â¤â¢Ã Â¤Â¿Ã Â¤Â¸Ã Â¤Â¾Ã Â¤Â¨Ã Â¥â¹Ã Â¤â Ã Â¤â¢Ã Â¥â¬ Ã Â¤Â¶Ã Â¤Â¿Ã Â¤Â¨Ã Â¤Â¾Ã Â¤âÃ Â¥ÂÃ Â¤Â¤ Ã Â¤â¢Ã Â¥â¬ Ã Â¤ÅÃ Â¤Â¾ Ã Â¤Â°Ã Â¤Â¹Ã Â¥â¬ Ã Â¤Â¹Ã Â¥ËÃ Â¥Â¤ Ã Â¤ÂÃ Â¤Â¸Ã Â¥â¬ Ã Â¤â¢Ã Â¤Â¾Ã Â¤Â°Ã Â¥ÂÃ Â¤Â°Ã Â¤ÂµÃ Â¤Â¾Ã Â¤Ë Ã Â¤Â¸Ã Â¥â¡ Ã Â¤â¢Ã Â¤Â¿Ã Â¤Â¸Ã Â¤Â¾Ã Â¤Â¨ Ã Â¤â Ã Â¤â¢Ã Â¥ÂÃ Â¤Â°Ã Â¥â¹Ã Â¤Â¶ Ã Â¤Â®Ã Â¥â¡Ã Â¤â Ã Â¤â  Ã Â¤ÅÃ Â¤Â¾Ã Â¤Â¤Ã Â¥â¡ Ã Â¤Â¹Ã Â¥ËÃ Â¤âÃ Â¥Â¤ Ã Â¤â¢Ã Â¤Â¿Ã Â¤Â¸Ã Â¤Â¾Ã Â¤Â¨Ã Â¥â¹Ã Â¤â Ã Â¤â¢Ã Â¤Â¾ Ã Â¤ÂÃ Â¤â¢ Ã Â¤ÂªÃ Â¥ÂÃ Â¤Â°Ã Â¤Â¤Ã Â¤Â¿Ã Â¤Â¨Ã Â¤Â¿Ã Â¤Â§Ã Â¤Â¿Ã Â¤Â®Ã Â¤âÃ Â¤Â¡Ã Â¤Â² Ã Â¤â¦Ã Â¤ÂªÃ Â¤Â¨Ã Â¥â¡ Ã Â¤Â®Ã Â¥ÂÃ Â¤Â¦Ã Â¥ÂÃ Â¤Â¦Ã Â¥â¹Ã Â¤â Ã Â¤â¢Ã Â¥â¹ Ã Â¤Â²Ã Â¥â¡Ã Â¤â¢Ã Â¤Â° Ã Â¤ÅÃ Â¤Â¿Ã Â¤Â²Ã Â¤Â¾ Ã Â¤â¢Ã Â¤Â²Ã Â¥â¡Ã Â¤â¢Ã Â¥ÂÃ Â¤Å¸Ã Â¤Â° Ã Â¤Â¸Ã Â¥â¡ Ã Â¤Â®Ã Â¤Â¿Ã Â¤Â²Ã Â¤Â¤Ã Â¤Â¾ Ã Â¤Â¹Ã Â¥Ë Ã Â¤âÃ Â¤Â° Ã Â¤Â¶Ã Â¤Â¿Ã Â¤â¢Ã Â¤Â¾Ã Â¤Â¯Ã Â¤Â¤ Ã Â¤â¢Ã Â¤Â°Ã Â¤Â¤Ã Â¤Â¾ Ã Â¤Â¹Ã Â¥Ë Ã Â¤â¢Ã Â¤Â¿ Ã Â¤ÅÃ Â¤Â¹Ã Â¤Â¾Ã Â¤Â Ã Â¤â°Ã Â¤Â¨Ã Â¥ÂÃ Â¤Â¹Ã Â¥â¡Ã Â¤â Ã Â¤â¦Ã Â¤ÂªÃ Â¤Â¨Ã Â¥â¬ Ã Â¤Â«Ã Â¤Â¸Ã Â¤Â² Ã Â¤â¢Ã Â¥â¬ Ã Â¤Â¸Ã Â¤Â¿Ã Â¤âÃ Â¤Å¡Ã Â¤Â¾Ã Â¤Ë Ã Â¤â¢Ã Â¥â¬ Ã Â¤â¦Ã Â¤Â¨Ã Â¥ÂÃ Â¤Â®Ã Â¤Â¤Ã Â¤Â¿ Ã Â¤Â¨Ã Â¤Â¹Ã Â¥â¬Ã Â¤â Ã Â¤Â¦Ã Â¥â¬ Ã Â¤ÅÃ Â¤Â¾ Ã Â¤Â°Ã Â¤Â¹Ã Â¥â¬ Ã Â¤Â¹Ã Â¥Ë, Ã Â¤ÂµÃ Â¤Â¹Ã Â¥â¬Ã Â¤â Ã Â¤Â¨Ã Â¤Â¦Ã Â¥â¬ Ã Â¤â¢Ã Â¥â¡ Ã Â¤ÂªÃ Â¤Â¾Ã Â¤Â¸ Ã Â¤Â¸Ã Â¥ÂÃ Â¤Â¥Ã Â¤Â¿Ã Â¤Â¤ Ã Â¤Â¬Ã Â¤Â¡Ã Â¤Â¼Ã Â¥â¡ Ã Â¤â°Ã Â¤Â¦Ã Â¥ÂÃ Â¤Â¯Ã Â¥â¹Ã Â¤â Ã Â¤â¦Ã Â¤ÂªÃ Â¤Â¨Ã Â¥â¬ Ã Â¤âÃ Â¤Â¦Ã Â¥ÂÃ Â¤Â¯Ã Â¥â¹Ã Â¤âÃ Â¤Â¿Ã Â¤â¢ Ã Â¤ÂªÃ Â¥ÂÃ Â¤Â°Ã Â¤â¢Ã Â¥ÂÃ Â¤Â°Ã Â¤Â¿Ã Â¤Â¯Ã Â¤Â¾Ã Â¤âÃ Â¤â Ã Â¤â¢Ã Â¥â¡ Ã Â¤Â²Ã Â¤Â¿Ã Â¤Â Ã Â¤âÃ Â¤Â¹Ã Â¤Â°Ã Â¥â¡ Ã Â¤Â¬Ã Â¥â¹Ã Â¤Â°Ã Â¤ÂµÃ Â¥â¡Ã Â¤Â² Ã Â¤â¢Ã Â¥â¡ Ã Â¤Â®Ã Â¤Â¾Ã Â¤Â§Ã Â¥ÂÃ Â¤Â¯Ã Â¤Â® Ã Â¤Â¸Ã Â¥â¡ Ã Â¤Â­Ã Â¤Â¾Ã Â¤Â°Ã Â¥â¬ Ã Â¤Â®Ã Â¤Â¾Ã Â¤Â¤Ã Â¥ÂÃ Â¤Â°Ã Â¤Â¾ Ã Â¤Â®Ã Â¥â¡Ã Â¤â Ã Â¤ÂªÃ Â¤Â¾Ã Â¤Â¨Ã Â¥â¬ Ã Â¤âÃ Â¥â¬Ã Â¤âÃ Â¤Å¡ Ã Â¤Â°Ã Â¤Â¹Ã Â¥â¡ Ã Â¤Â¹Ã Â¥ËÃ Â¤âÃ Â¥Â¤ Ã Â¤â¢Ã Â¤Â¿Ã Â¤Â¸Ã Â¤Â¾Ã Â¤Â¨Ã Â¥â¹Ã Â¤â Ã Â¤â¢Ã Â¤Â¾ Ã Â¤â Ã Â¤Â°Ã Â¥â¹Ã Â¤Âª Ã Â¤Â¹Ã Â¥Ë Ã Â¤â¢Ã Â¤Â¿ Ã Â¤â°Ã Â¤Â¨Ã Â¤â¢Ã Â¤Â¾ Ã Â¤ÂªÃ Â¥ÂÃ Â¤Â°Ã Â¤Â¶Ã Â¤Â¾Ã Â¤Â¸Ã Â¤Â¨ Ã Â¤â¢Ã Â¤Â¿Ã Â¤Â¸Ã Â¤Â¾Ã Â¤Â¨ Ã Â¤ÂµÃ Â¤Â¿Ã Â¤Â°Ã Â¥â¹Ã Â¤Â§Ã Â¥â¬ Ã Â¤âÃ Â¤Â° Ã Â¤Â­Ã Â¥ÂÃ Â¤Â°Ã Â¤Â·Ã Â¥ÂÃ Â¤Å¸ Ã Â¤Â¹Ã Â¥Ë, Ã Â¤ÅÃ Â¤Â¿Ã Â¤Â¸Ã Â¥â¡ Ã Â¤â°Ã Â¤Â¦Ã Â¥ÂÃ Â¤Â¯Ã Â¥â¹Ã Â¤â Ã Â¤Â¦Ã Â¥ÂÃ Â¤ÂµÃ Â¤Â¾Ã Â¤Â°Ã Â¤Â¾ Ã Â¤Â°Ã Â¤Â¿Ã Â¤Â¶Ã Â¥ÂÃ Â¤ÂµÃ Â¤Â¤ Ã Â¤Â¦Ã Â¥â¬ Ã Â¤ÅÃ Â¤Â¾ Ã Â¤Â°Ã Â¤Â¹Ã Â¥â¬ Ã Â¤Â¹Ã Â¥ËÃ Â¥Â¤ Ã Â¤ÅÃ Â¤Â¿Ã Â¤Â²Ã Â¥â¹Ã Â¤â Ã Â¤â¢Ã Â¥â¹, Ã Â¤â¢Ã Â¤Â¿Ã Â¤Â¸Ã Â¤Â¾Ã Â¤Â¨Ã Â¥â¹Ã Â¤â Ã Â¤â¢Ã Â¥â¹ Ã Â¤Â¶Ã Â¤Â¾Ã Â¤âÃ Â¤Â¤ Ã Â¤â¢Ã Â¤Â°Ã Â¤Â¨Ã Â¥â¡ Ã Â¤â¢Ã Â¥â¬ Ã Â¤ÅÃ Â¤Â¼Ã Â¤Â°Ã Â¥âÃ Â¤Â°Ã Â¤Â¤ Ã Â¤Â¹Ã Â¥Ë Ã Â¤â¢Ã Â¥ÂÃ Â¤Â¯Ã Â¥â¹Ã Â¤âÃ Â¤â¢Ã Â¤Â¿ Ã Â¤ÂµÃ Â¥â¡ Ã Â¤Â²Ã Â¤âÃ Â¤Â¬Ã Â¥â¡ Ã Â¤Â¸Ã Â¤Â®Ã Â¤Â¯ Ã Â¤Â¤Ã Â¤â¢ Ã Â¤ÂµÃ Â¤Â¿Ã Â¤Â°Ã Â¥â¹Ã Â¤Â§ Ã Â¤ÂªÃ Â¥ÂÃ Â¤Â°Ã Â¤Â¦Ã Â¤Â°Ã Â¥ÂÃ Â¤Â¶Ã Â¤Â¨ Ã Â¤â¢Ã Â¤Â°Ã Â¤Â¨Ã Â¥â¡ Ã Â¤â¢Ã Â¥â¬ Ã Â¤Â§Ã Â¤Â®Ã Â¤â¢Ã Â¥â¬ Ã Â¤Â¦Ã Â¥â¡ Ã Â¤Â°Ã Â¤Â¹Ã Â¥â¡ Ã Â¤Â¹Ã Â¥ËÃ Â¤âÃ Â¥Â¤ Ã Â¤ÂµÃ Â¤Â¹Ã Â¥â¬Ã Â¤â Ã Â¤ÅÃ Â¤Â¿Ã Â¤Â²Ã Â¤Â¾ Ã Â¤â¢Ã Â¤Â²Ã Â¥â¡Ã Â¤â¢Ã Â¥ÂÃ Â¤Å¸Ã Â¤Â° Ã Â¤â¢Ã Â¥â¹ Ã Â¤ÅÃ Â¤Â² Ã Â¤Â¸Ã Â¤âÃ Â¤â¢Ã Â¤Å¸ Ã Â¤Â¸Ã Â¥â¡ Ã Â¤Â¨Ã Â¤Â¿Ã Â¤ÂªÃ Â¤Å¸Ã Â¤Â¨Ã Â¤Â¾ Ã Â¤Â­Ã Â¥â¬ Ã Â¤Â¹Ã Â¥â¹Ã Â¤âÃ Â¤Â¾Ã Â¥Â¤ Ã Â¤â°Ã Â¤Â¦Ã Â¥ÂÃ Â¤Â¯Ã Â¥â¹Ã Â¤â Ã Â¤â¢Ã Â¥â¹ Ã Â¤Â¬Ã Â¤âÃ Â¤Â¦ Ã Â¤Â¨Ã Â¤Â¹Ã Â¥â¬Ã Â¤â Ã Â¤â¢Ã Â¤Â¿Ã Â¤Â¯Ã Â¤Â¾ Ã Â¤ÅÃ Â¤Â¾ Ã Â¤Â¸Ã Â¤â¢Ã Â¤Â¤Ã Â¤Â¾ Ã Â¤â¢Ã Â¥ÂÃ Â¤Â¯Ã Â¥â¹Ã Â¤âÃ Â¤â¢Ã Â¤Â¿ Ã Â¤â¡Ã Â¤Â¸Ã Â¤Â¸Ã Â¥â¡ Ã Â¤Â¬Ã Â¤Â¡Ã Â¤Â¼Ã Â¥â¬ Ã Â¤Â¸Ã Â¤âÃ Â¤âÃ Â¥ÂÃ Â¤Â¯Ã Â¤Â¾ Ã Â¤Â®Ã Â¥â¡Ã Â¤â Ã Â¤Â¶Ã Â¥ÂÃ Â¤Â°Ã Â¤Â®Ã Â¤Â¿Ã Â¤â¢ Ã Â¤Â¬Ã Â¥â¡Ã Â¤Â°Ã Â¥â¹Ã Â¤ÅÃ Â¤âÃ Â¤Â¾Ã Â¤Â° Ã Â¤Â¹Ã Â¥â¹ Ã Â¤ÅÃ Â¤Â¾Ã Â¤ÂÃ Â¤ÂÃ Â¤âÃ Â¥â¡Ã Â¥Â¤ (a) Ã Â¤ÂÃ Â¤â¢ Ã Â¤ÅÃ Â¤Â¿Ã Â¤Â²Ã Â¤Â¾ Ã Â¤Â®Ã Â¤ÅÃ Â¤Â¿Ã Â¤Â¸Ã Â¥ÂÃ Â¤Å¸Ã Â¥ÂÃ Â¤Â°Ã Â¥â¡Ã Â¤Å¸ Ã Â¤â¢Ã Â¥â¡ Ã Â¤Â°Ã Â¥âÃ Â¤Âª Ã Â¤Â®Ã Â¥â¡Ã Â¤â Ã Â¤ÅÃ Â¤Â¿Ã Â¤Â²Ã Â¤Â¾ Ã Â¤â¢Ã Â¤Â²Ã Â¥â¡Ã Â¤â¢Ã Â¥ÂÃ Â¤Å¸Ã Â¤Â° Ã Â¤â¢Ã Â¥â¡ Ã Â¤Â²Ã Â¤Â¿Ã Â¤Â Ã Â¤â°Ã Â¤ÂªÃ Â¤Â²Ã Â¤Â¬Ã Â¥ÂÃ Â¤Â§ Ã Â¤Â¸Ã Â¤Â­Ã Â¥â¬ Ã Â¤ÂµÃ Â¤Â¿Ã Â¤â¢Ã Â¤Â²Ã Â¥ÂÃ Â¤ÂªÃ Â¥â¹Ã Â¤â Ã Â¤ÂªÃ Â¤Â° Ã Â¤Å¡Ã Â¤Â°Ã Â¥ÂÃ Â¤Å¡Ã Â¤Â¾ Ã Â¤â¢Ã Â¥â¬Ã Â¤ÅÃ Â¤Â¿Ã Â¤ÂÃ Â¥Â¤ (b) Ã Â¤Â¹Ã Â¤Â¿Ã Â¤Â¤Ã Â¤Â§Ã Â¤Â¾Ã Â¤Â°Ã Â¤â¢Ã Â¥â¹Ã Â¤â Ã Â¤â¢Ã Â¥â¡ Ã Â¤ÂªÃ Â¤Â°Ã Â¤Â¸Ã Â¥ÂÃ Â¤ÂªÃ Â¤Â° Ã Â¤â¦Ã Â¤Â¨Ã Â¥ÂÃ Â¤â¢Ã Â¥âÃ Â¤Â² Ã Â¤Â¹Ã Â¤Â¿Ã Â¤Â¤Ã Â¥â¹Ã Â¤â Ã Â¤â¢Ã Â¥â¹ Ã Â¤Â§Ã Â¥ÂÃ Â¤Â¯Ã Â¤Â¾Ã Â¤Â¨ Ã Â¤Â®Ã Â¥â¡Ã Â¤â Ã Â¤Â°Ã Â¤âÃ Â¤Â¤Ã Â¥â¡ Ã Â¤Â¹Ã Â¥ÂÃ Â¤Â Ã Â¤â¢Ã Â¥ÅÃ Â¤Â¨-Ã Â¤Â¸Ã Â¥â¬ Ã Â¤â°Ã Â¤Å¡Ã Â¤Â¿Ã Â¤Â¤ Ã Â¤â¢Ã Â¤Â¾Ã Â¤Â°Ã Â¥ÂÃ Â¤Â°Ã Â¤ÂµÃ Â¤Â¾Ã Â¤â¡Ã Â¤Â¯Ã Â¤Â¾Ã Â¤Â Ã Â¤â¢Ã Â¥â¬ Ã Â¤ÅÃ Â¤Â¾ Ã Â¤Â¸Ã Â¤â¢Ã Â¤Â¤Ã Â¥â¬ Ã Â¤Â¹Ã Â¥ËÃ Â¤â? (c) Ã Â¤ÅÃ Â¤Â¿Ã Â¤Â²Ã Â¤Â¾ Ã Â¤â¢Ã Â¤Â²Ã Â¥â¡Ã Â¤â¢Ã Â¥ÂÃ Â¤Å¸Ã Â¤Â° Ã Â¤â¢Ã Â¥â¡ Ã Â¤Â²Ã Â¤Â¿Ã Â¤Â Ã Â¤Â¸Ã Â¤âÃ Â¤Â­Ã Â¤Â¾Ã Â¤ÂµÃ Â¤Â¿Ã Â¤Â¤ Ã Â¤ÂªÃ Â¥ÂÃ Â¤Â°Ã Â¤Â¶Ã Â¤Â¾Ã Â¤Â¸Ã Â¤Â¨Ã Â¤Â¿Ã Â¤â¢ Ã Â¤âÃ Â¤Â° Ã Â¤Â¨Ã Â¥ËÃ Â¤Â¤Ã Â¤Â¿Ã Â¤â¢ Ã Â¤Â¦Ã Â¥ÂÃ Â¤ÂµÃ Â¤Â¿Ã Â¤Â§Ã Â¤Â¾Ã Â¤ÂÃ Â¤Â Ã Â¤â¢Ã Â¥ÂÃ Â¤Â¯Ã Â¤Â¾ Ã Â¤Â¹Ã Â¥ËÃ Â¤â? (Ã Â¤â°Ã Â¤Â¤Ã Â¥ÂÃ Â¤Â¤Ã Â¤Â° 250 Ã Â¤Â¶Ã Â¤Â¬Ã Â¥ÂÃ Â¤Â¦Ã Â¥â¹Ã Â¤â Ã Â¤Â®Ã Â¥â¡Ã Â¤â) With the summer heat being exceptionally severe this year, the district has been facing severe water shortage. The District Collector has been mobilizing his subordinate officials to conserve the remaining water reserves for preventing the district from plunging into acute drinking water crisis. Along with an awareness campaign for conserving water, strict measures have been taken for stopping the over-exploitation of ground-water. Vigilance teams have been deployed to tour the villages and find the farmers who are drawing water from deep borewells or from the river reservoir for irrigation. The farmers are agitated by such action. A delegation of farmers meets the District Collector with their issues and complains that while they are not being allowed to irrigate their crops, big industries located near the river are drawing huge amounts of water through deep borewells for their industrial processes. The farmers allege that their administration is anti-farmer and corrupt, being bribed by the industry. The district needs to placate the farmers as they are threatening to go on a prolonged protest. At the same time, the District Collector has to deal with the water crisis. The industry cannot be closed as this would result in a large number of workers being unemployed. (a) Discuss all options available to the District Collector as a District Magistrate. (b) What suitable actions can be taken in view of mutually compatible interests of the stakeholders? (c) What are the potential administrative and ethical dilemmas for the District Collector? (Answer in 250 words)","With the summer heat being exceptionally severe this year, the district has been facing severe water shortage. The District Collector has been mobilizing his subordinate officials to conserve the remaining water reserves for preventing the district from plunging into acute drinking water crisis. Along with an awareness campaign for conserving water, strict measures have been taken for stopping the over-exploitation of ground-water. Vigilance teams have been deployed to tour the villages and find the farmers who are drawing water from deep borewells or from the river reservoir for irrigation. The farmers are agitated by such action. A delegation of farmers meets the District Collector with their issues and complains that while they are not being allowed to irrigate their crops, big industries located near the river are drawing huge amounts of water through deep borewells for their industrial processes. The farmers allege that their administration is anti-farmer and corrupt, being bribed by the industry. The district needs to placate the farmers as they are threatening to go on a prolonged protest. At the same time, the District Collector has to deal with the water crisis. The industry cannot be closed as this would result in a large number of workers being unemployed. (a) Discuss all options available to the District Collector as a District Magistrate. (b) What suitable actions can be taken in view of mutually compatible interests of the stakeholders? (c) What are the potential administrative and ethical dilemmas for the District Collector?",100.0,keep,true,aggregator,,,,,,,,,,,,,,,,,,
2024,GS4,dee30326-920a-40cf-bee0-a5b4c76760f7,79,GS4-Q12,6,GS4-B-Q3,"Ã Â¤Â¡Ã Â¥â°. Ã Â¤Â¶Ã Â¥ÂÃ Â¤Â°Ã Â¥â¬Ã Â¤Â¨Ã Â¤Â¿Ã Â¤ÂµÃ Â¤Â¾Ã Â¤Â¸Ã Â¤Â¨ Ã Â¤ÂÃ Â¤â¢ Ã Â¤ÂªÃ Â¥ÂÃ Â¤Â°Ã Â¤Â¤Ã Â¤Â¿Ã Â¤Â·Ã Â¥ÂÃ Â¤Â Ã Â¤Â¿Ã Â¤Â¤ Ã Â¤ÅÃ Â¥ËÃ Â¤Âµ-Ã Â¤ÂªÃ Â¥ÂÃ Â¤Â°Ã Â¥ÅÃ Â¤Â¦Ã Â¥ÂÃ Â¤Â¯Ã Â¥â¹Ã Â¤âÃ Â¤Â¿Ã Â¤â¢Ã Â¥â¬ Ã Â¤â¢Ã Â¤âÃ Â¤ÂªÃ Â¤Â¨Ã Â¥â¬ Ã Â¤Â®Ã Â¥â¡Ã Â¤â Ã Â¤â¢Ã Â¤Â¾Ã Â¤Â°Ã Â¥ÂÃ Â¤Â¯Ã Â¤Â°Ã Â¤Â¤ Ã Â¤ÂÃ Â¤â¢ Ã Â¤ÂµÃ Â¤Â°Ã Â¤Â¿Ã Â¤Â·Ã Â¥ÂÃ Â¤Â  Ã Â¤ÂµÃ Â¥ËÃ Â¤ÅÃ Â¥ÂÃ Â¤Å¾Ã Â¤Â¾Ã Â¤Â¨Ã Â¤Â¿Ã Â¤â¢ Ã Â¤Â¹Ã Â¥ËÃ Â¤âÃ Â¥Â¤ Ã Â¤Â¯Ã Â¤Â¹ Ã Â¤â¢Ã Â¤âÃ Â¤ÂªÃ Â¤Â¨Ã Â¥â¬ Ã Â¤Â«Ã Â¤Â¾Ã Â¤Â°Ã Â¥ÂÃ Â¤Â®Ã Â¤Â¾Ã Â¤Â¸Ã Â¥ÂÃ Â¤Â¯Ã Â¥ÂÃ Â¤Å¸Ã Â¤Â¿Ã Â¤â¢Ã Â¤Â² Ã Â¤Â®Ã Â¥â¡Ã Â¤â Ã Â¤â¦Ã Â¤ÂªÃ Â¤Â¨Ã Â¥â¡ Ã Â¤â¦Ã Â¤Â¤Ã Â¥ÂÃ Â¤Â¯Ã Â¤Â¾Ã Â¤Â§Ã Â¥ÂÃ Â¤Â¨Ã Â¤Â¿Ã Â¤â¢ Ã Â¤Â¶Ã Â¥â¹Ã Â¤Â§ Ã Â¤â¢Ã Â¥â¡ Ã Â¤Â²Ã Â¤Â¿Ã Â¤Â Ã Â¤ÅÃ Â¤Â¾Ã Â¤Â¨Ã Â¥â¬ Ã Â¤ÅÃ Â¤Â¾Ã Â¤Â¤Ã Â¥â¬ Ã Â¤Â¹Ã Â¥ËÃ Â¥Â¤ Ã Â¤Â¡Ã Â¥â°. Ã Â¤Â¶Ã Â¥ÂÃ Â¤Â°Ã Â¥â¬Ã Â¤Â¨Ã Â¤Â¿Ã Â¤ÂµÃ Â¤Â¾Ã Â¤Â¸Ã Â¤Â¨ Ã Â¤â¢Ã Â¤Â¿Ã Â¤Â¸Ã Â¥â¬ Ã Â¤Â¨Ã Â¤Ë Ã Â¤Â¦Ã Â¤ÂµÃ Â¤Â¾ Ã Â¤ÂªÃ Â¤Â° Ã Â¤â¢Ã Â¤Â¾Ã Â¤Â® Ã Â¤â¢Ã Â¤Â°Ã Â¤Â¨Ã Â¥â¡ Ã Â¤ÂµÃ Â¤Â¾Ã Â¤Â²Ã Â¥â¬ Ã Â¤ÂÃ Â¤â¢ Ã Â¤Â¶Ã Â¥â¹Ã Â¤Â§ Ã Â¤Å¸Ã Â¥â¬Ã Â¤Â® Ã Â¤â¢Ã Â¤Â¾ Ã Â¤Â¨Ã Â¥â¡Ã Â¤Â¤Ã Â¥ÆÃ Â¤Â¤Ã Â¥ÂÃ Â¤Âµ Ã Â¤â¢Ã Â¤Â° Ã Â¤Â°Ã Â¤Â¹Ã Â¥â¡ Ã Â¤Â¹Ã Â¥ËÃ Â¤â, Ã Â¤ÅÃ Â¤Â¿Ã Â¤Â¸Ã Â¤â¢Ã Â¤Â¾ Ã Â¤â°Ã Â¤Â¦Ã Â¥ÂÃ Â¤Â¦Ã Â¥â¡Ã Â¤Â¶Ã Â¥ÂÃ Â¤Â¯ Ã Â¤ÂÃ Â¤â¢ Ã Â¤Â¨Ã Â¤Â Ã Â¤ÂµÃ Â¤Â¾Ã Â¤â¡Ã Â¤Â°Ã Â¤Â¸ (Ã Â¤ÂµÃ Â¤Â¿Ã Â¤Â·Ã Â¤Â¾Ã Â¤Â£Ã Â¥Â) Ã Â¤Â¸Ã Â¥â¡ Ã Â¤Â¤Ã Â¥â¡Ã Â¤ÅÃ Â¥â¬ Ã Â¤Â¸Ã Â¥â¡ Ã Â¤Â«Ã Â¥ËÃ Â¤Â²Ã Â¤Â¨Ã Â¥â¡ Ã Â¤ÂµÃ Â¤Â¾Ã Â¤Â²Ã Â¥â¡ Ã Â¤Â¸Ã Â¤âÃ Â¤â¢Ã Â¥ÂÃ Â¤Â°Ã Â¤Â®Ã Â¤Â¿Ã Â¤Â¤ Ã Â¤Â°Ã Â¥â¹Ã Â¤â Ã Â¤â¢Ã Â¤Â¾ Ã Â¤â¡Ã Â¤Â²Ã Â¤Â¾Ã Â¤Å Ã Â¤â¢Ã Â¤Â°Ã Â¤Â¨Ã Â¤Â¾ Ã Â¤Â¹Ã Â¥ËÃ Â¥Â¤ Ã Â¤Â¯Ã Â¤Â¹ Ã Â¤Â¬Ã Â¥â¬Ã Â¤Â®Ã Â¤Â¾Ã Â¤Â°Ã Â¥â¬ Ã Â¤Â¦Ã Â¥ÂÃ Â¤Â¨Ã Â¤Â¿Ã Â¤Â¯Ã Â¤Â¾ Ã Â¤Â­Ã Â¤Â° Ã Â¤Â®Ã Â¥â¡Ã Â¤â Ã Â¤Â¤Ã Â¥â¡Ã Â¤ÅÃ Â¥â¬ Ã Â¤Â¸Ã Â¥â¡ Ã Â¤Â«Ã Â¥ËÃ Â¤Â² Ã Â¤Â°Ã Â¤Â¹Ã Â¥â¬ Ã Â¤Â¹Ã Â¥Ë Ã Â¤âÃ Â¤Â° Ã Â¤Â¦Ã Â¥â¡Ã Â¤Â¶ Ã Â¤Â®Ã Â¥â¡Ã Â¤â Ã Â¤â¡Ã Â¤Â¸Ã Â¤â¢Ã Â¥â¡ Ã Â¤Â®Ã Â¤Â¾Ã Â¤Â®Ã Â¤Â²Ã Â¥â¹Ã Â¤â Ã Â¤â¢Ã Â¥â¬ Ã Â¤Â¸Ã Â¤âÃ Â¤âÃ Â¥ÂÃ Â¤Â¯Ã Â¤Â¾ Ã Â¤Â§Ã Â¥â¬Ã Â¤Â°Ã Â¥â¡-Ã Â¤Â§Ã Â¥â¬Ã Â¤Â°Ã Â¥â¡ Ã Â¤Â¬Ã Â¤Â¢Ã Â¤Â¼ Ã Â¤Â°Ã Â¤Â¹Ã Â¥â¬ Ã Â¤Â¹Ã Â¥ËÃ Â¥Â¤ Ã Â¤Â¡Ã Â¥â°. Ã Â¤Â¶Ã Â¥ÂÃ Â¤Â°Ã Â¥â¬Ã Â¤Â¨Ã Â¤Â¿Ã Â¤ÂµÃ Â¤Â¾Ã Â¤Â¸Ã Â¤Â¨ Ã Â¤â¢Ã Â¥â¬ Ã Â¤Å¸Ã Â¥â¬Ã Â¤Â® Ã Â¤ÂªÃ Â¤Â° Ã Â¤â¡Ã Â¤Â¸ Ã Â¤Â¦Ã Â¤ÂµÃ Â¤Â¾ Ã Â¤â¢Ã Â¥â¡ Ã Â¤Å¸Ã Â¥ÂÃ Â¤Â°Ã Â¤Â¾Ã Â¤Â¯Ã Â¤Â² Ã Â¤Â®Ã Â¥â¡Ã Â¤â Ã Â¤Â¤Ã Â¥â¡Ã Â¤ÅÃ Â¥â¬ Ã Â¤Â²Ã Â¤Â¾Ã Â¤Â¨Ã Â¥â¡ Ã Â¤â¢Ã Â¤Â¾ Ã Â¤Â¬Ã Â¤Â¹Ã Â¥ÂÃ Â¤Â¤ Ã Â¤Â¦Ã Â¤Â¬Ã Â¤Â¾Ã Â¤Âµ Ã Â¤Â¹Ã Â¥Ë Ã Â¤â¢Ã Â¥ÂÃ Â¤Â¯Ã Â¥â¹Ã Â¤âÃ Â¤â¢Ã Â¤Â¿ Ã Â¤â¡Ã Â¤Â¸Ã Â¤â¢Ã Â¥â¡ Ã Â¤Â²Ã Â¤Â¿Ã Â¤Â Ã Â¤Â¬Ã Â¤Â¾Ã Â¤ÅÃ Â¤Â¼Ã Â¤Â¾Ã Â¤Â° Ã Â¤Â®Ã Â¥â¡Ã Â¤â Ã Â¤â¢Ã Â¤Â¾Ã Â¤Â«Ã Â¥â¬ Ã Â¤Â®Ã Â¤Â¾Ã Â¤ÂÃ Â¤â Ã Â¤Â¹Ã Â¥Ë Ã Â¤âÃ Â¤Â° Ã Â¤â¢Ã Â¤âÃ Â¤ÂªÃ Â¤Â¨Ã Â¥â¬ Ã Â¤Â¬Ã Â¤Â¾Ã Â¤ÅÃ Â¤Â¼Ã Â¤Â¾Ã Â¤Â° Ã Â¤Â®Ã Â¥â¡Ã Â¤â Ã Â¤ÂªÃ Â¤Â¹Ã Â¤Â²Ã Â¤Â¾ Ã Â¤â¢Ã Â¤Â¦Ã Â¤Â® Ã Â¤Â°Ã Â¤âÃ Â¤Â¨Ã Â¥â¡ Ã Â¤â¢Ã Â¤Â¾ Ã Â¤Â«Ã Â¤Â¾Ã Â¤Â¯Ã Â¤Â¦Ã Â¤Â¾ Ã Â¤â°Ã Â¤Â Ã Â¤Â¾Ã Â¤Â¨Ã Â¤Â¾ Ã Â¤Å¡Ã Â¤Â¾Ã Â¤Â¹Ã Â¤Â¤Ã Â¥â¬ Ã Â¤Â¹Ã Â¥ËÃ Â¥Â¤ Ã Â¤Å¸Ã Â¥â¬Ã Â¤Â® Ã Â¤Â®Ã Â¥â¬Ã Â¤Å¸Ã Â¤Â¿Ã Â¤âÃ Â¤â Ã Â¤â¢Ã Â¥â¡ Ã Â¤Â¦Ã Â¥ÅÃ Â¤Â°Ã Â¤Â¾Ã Â¤Â¨, Ã Â¤Å¸Ã Â¥â¬Ã Â¤Â® Ã Â¤â¢Ã Â¥â¡ Ã Â¤â¢Ã Â¥ÂÃ Â¤âº Ã Â¤ÂµÃ Â¤Â°Ã Â¤Â¿Ã Â¤Â·Ã Â¥ÂÃ Â¤Â  Ã Â¤Â¸Ã Â¤Â¦Ã Â¤Â¸Ã Â¥ÂÃ Â¤Â¯Ã Â¥â¹Ã Â¤â Ã Â¤Â¨Ã Â¥â¡ Ã Â¤Â¦Ã Â¤ÂµÃ Â¤Â¾ Ã Â¤â¢Ã Â¥â¡ Ã Â¤â¢Ã Â¥ÂÃ Â¤Â²Ã Â¤Â¿Ã Â¤Â¨Ã Â¤Â¿Ã Â¤â¢Ã Â¤Â² (Ã Â¤Â¨Ã Â¥ËÃ Â¤Â¦Ã Â¤Â¾Ã Â¤Â¨Ã Â¤Â¿Ã Â¤â¢) Ã Â¤ÂªÃ Â¤Â°Ã Â¥â¬Ã Â¤â¢Ã Â¥ÂÃ Â¤Â·Ã Â¤Â£Ã Â¥â¹Ã Â¤â Ã Â¤Â®Ã Â¥â¡Ã Â¤â Ã Â¤Â¤Ã Â¥â¡Ã Â¤ÅÃ Â¥â¬ Ã Â¤Â²Ã Â¤Â¾Ã Â¤Â¨Ã Â¥â¡ Ã Â¤âÃ Â¤Â° Ã Â¤â¦Ã Â¤ÂªÃ Â¥â¡Ã Â¤â¢Ã Â¥ÂÃ Â¤Â·Ã Â¤Â¿Ã Â¤Â¤ Ã Â¤â¦Ã Â¤Â¨Ã Â¥ÂÃ Â¤Â®Ã Â¥â¹Ã Â¤Â¦Ã Â¤Â¨ Ã Â¤ÂªÃ Â¥ÂÃ Â¤Â°Ã Â¤Â¾Ã Â¤ÂªÃ Â¥ÂÃ Â¤Â¤ Ã Â¤â¢Ã Â¤Â°Ã Â¤Â¨Ã Â¥â¡ Ã Â¤â¢Ã Â¥â¡ Ã Â¤Â²Ã Â¤Â¿Ã Â¤Â Ã Â¤â¢Ã Â¥ÂÃ Â¤âº Ã Â¤Â¶Ã Â¥â°Ã Â¤Â°Ã Â¥ÂÃ Â¤Å¸Ã Â¤â¢Ã Â¤Å¸ Ã Â¤Â¸Ã Â¥ÂÃ Â¤ÂÃ Â¤Â¾Ã Â¤ÂÃ Â¥Â¤ Ã Â¤â¡Ã Â¤Â¨Ã Â¤Â®Ã Â¥â¡Ã Â¤â Ã Â¤â¢Ã Â¥ÂÃ Â¤âº Ã Â¤Â¨Ã Â¤â¢Ã Â¤Â¾Ã Â¤Â°Ã Â¤Â¾Ã Â¤Â¤Ã Â¥ÂÃ Â¤Â®Ã Â¤â¢ Ã Â¤ÂªÃ Â¤Â°Ã Â¤Â¿Ã Â¤Â£Ã Â¤Â¾Ã Â¤Â®Ã Â¥â¹Ã Â¤â Ã Â¤â¢Ã Â¥â¹ Ã Â¤Â¬Ã Â¤Â¾Ã Â¤Â¹Ã Â¤Â° Ã Â¤â¢Ã Â¤Â°Ã Â¤Â¨Ã Â¥â¡ Ã Â¤â¢Ã Â¥â¡ Ã Â¤Â²Ã Â¤Â¿Ã Â¤Â Ã Â¤Â¡Ã Â¥â¡Ã Â¤Å¸Ã Â¤Â¾ Ã Â¤Â®Ã Â¥â¡Ã Â¤â Ã Â¤Â¹Ã Â¥â¡Ã Â¤Â°Ã Â¤Â«Ã Â¥â¡Ã Â¤Â° Ã Â¤â¢Ã Â¤Â°Ã Â¤Â¨Ã Â¤Â¾ Ã Â¤âÃ Â¤Â° Ã Â¤Å¡Ã Â¥ÂÃ Â¤Â¨Ã Â¤Â¿Ã Â¤âÃ Â¤Â¦Ã Â¤Â¾ Ã Â¤Â°Ã Â¥âÃ Â¤Âª Ã Â¤Â¸Ã Â¥â¡ Ã Â¤Â¸Ã Â¤â¢Ã Â¤Â¾Ã Â¤Â°Ã Â¤Â¾Ã Â¤Â¤Ã Â¥ÂÃ Â¤Â®Ã Â¤â¢ Ã Â¤ÂªÃ Â¤Â°Ã Â¤Â¿Ã Â¤Â£Ã Â¤Â¾Ã Â¤Â®Ã Â¥â¹Ã Â¤â Ã Â¤â¢Ã Â¥â¬ Ã Â¤Â°Ã Â¤Â¿Ã Â¤ÂªÃ Â¥â¹Ã Â¤Â°Ã Â¥ÂÃ Â¤Å¸ Ã Â¤â¢Ã Â¤Â°Ã Â¤Â¨Ã Â¤Â¾, Ã Â¤Â¸Ã Â¥âÃ Â¤Å¡Ã Â¤Â¿Ã Â¤Â¤ Ã Â¤Â¸Ã Â¤Â¹Ã Â¤Â®Ã Â¤Â¤Ã Â¤Â¿ Ã Â¤â¢Ã Â¥â¬ Ã Â¤ÂªÃ Â¥ÂÃ Â¤Â°Ã Â¤â¢Ã Â¥ÂÃ Â¤Â°Ã Â¤Â¿Ã Â¤Â¯Ã Â¤Â¾ Ã Â¤â¢Ã Â¥â¹ Ã Â¤âºÃ Â¥â¹Ã Â¤Â¡Ã Â¤Â¼ Ã Â¤Â¦Ã Â¥â¡Ã Â¤Â¨Ã Â¤Â¾ Ã Â¤âÃ Â¤Â° Ã Â¤Â¸Ã Â¥ÂÃ Â¤ÂµÃ Â¤Â¯Ã Â¤â Ã Â¤â¢Ã Â¤Â¾ Ã Â¤ËÃ Â¤Å¸Ã Â¤â¢ Ã Â¤ÂµÃ Â¤Â¿Ã Â¤â¢Ã Â¤Â¸Ã Â¤Â¿Ã Â¤Â¤ Ã Â¤â¢Ã Â¤Â°Ã Â¤Â¨Ã Â¥â¡ Ã Â¤â¢Ã Â¥â¡ Ã Â¤Â¬Ã Â¤ÅÃ Â¤Â¾Ã Â¤Â¯, Ã Â¤ÂªÃ Â¥ÂÃ Â¤Â°Ã Â¤Â¤Ã Â¤Â¿Ã Â¤Â¦Ã Â¥ÂÃ Â¤ÂµÃ Â¤âÃ Â¤Â¦Ã Â¥ÂÃ Â¤ÂµÃ Â¥â¬ Ã Â¤â¢Ã Â¤âÃ Â¤ÂªÃ Â¤Â¨Ã Â¥â¬ Ã Â¤Â¦Ã Â¥ÂÃ Â¤ÂµÃ Â¤Â¾Ã Â¤Â°Ã Â¤Â¾ Ã Â¤ÂªÃ Â¤Â¹Ã Â¤Â²Ã Â¥â¡ Ã Â¤Â¸Ã Â¥â¡ Ã Â¤ÂªÃ Â¥â¡Ã Â¤Å¸Ã Â¥â¡Ã Â¤âÃ Â¤Å¸ Ã Â¤â¢Ã Â¤Â¿Ã Â¤Â Ã Â¤âÃ Â¤Â Ã Â¤Â¯Ã Â¥ÅÃ Â¤âÃ Â¤Â¿Ã Â¤â¢Ã Â¥â¹Ã Â¤â Ã Â¤â¢Ã Â¤Â¾ Ã Â¤â°Ã Â¤ÂªÃ Â¤Â¯Ã Â¥â¹Ã Â¤â Ã Â¤â¢Ã Â¤Â°Ã Â¤Â¨Ã Â¤Â¾ Ã Â¤Â¶Ã Â¤Â¾Ã Â¤Â®Ã Â¤Â¿Ã Â¤Â² Ã Â¤Â¹Ã Â¥ËÃ Â¤âÃ Â¥Â¤ Ã Â¤Â¡Ã Â¥â°. Ã Â¤Â¶Ã Â¥ÂÃ Â¤Â°Ã Â¥â¬Ã Â¤Â¨Ã Â¤Â¿Ã Â¤ÂµÃ Â¤Â¾Ã Â¤Â¸Ã Â¤Â¨ Ã Â¤ÂÃ Â¤Â¸Ã Â¥â¡ Ã Â¤Â¶Ã Â¥â°Ã Â¤Â°Ã Â¥ÂÃ Â¤Å¸Ã Â¤â¢Ã Â¤Å¸ Ã Â¤Â²Ã Â¥â¡Ã Â¤Â¨Ã Â¥â¡ Ã Â¤Â®Ã Â¥â¡Ã Â¤â Ã Â¤Â¸Ã Â¤Â¹Ã Â¤Å Ã Â¤Â¨Ã Â¤Â¹Ã Â¥â¬Ã Â¤â Ã Â¤Â¹Ã Â¥ËÃ Â¤â, Ã Â¤Â¸Ã Â¤Â¾Ã Â¤Â¥ Ã Â¤Â¹Ã Â¥â¬ Ã Â¤â°Ã Â¤Â¨Ã Â¥ÂÃ Â¤Â¹Ã Â¥â¡Ã Â¤â Ã Â¤Â¯Ã Â¤Â¹ Ã Â¤Â­Ã Â¥â¬ Ã Â¤ÂªÃ Â¤Â¤Ã Â¤Â¾ Ã Â¤Å¡Ã Â¤Â²Ã Â¤Â¾ Ã Â¤Â¹Ã Â¥Ë Ã Â¤â¢Ã Â¤Â¿ Ã Â¤â¡Ã Â¤Â¨ Ã Â¤Â¤Ã Â¤Â°Ã Â¥â¬Ã Â¤â¢Ã Â¥â¹Ã Â¤â Ã Â¤â¢Ã Â¤Â¾ Ã Â¤â°Ã Â¤ÂªÃ Â¤Â¯Ã Â¥â¹Ã Â¤â Ã Â¤â¢Ã Â¤Â¿Ã Â¤Â Ã Â¤Â¬Ã Â¤Â¿Ã Â¤Â¨Ã Â¤Â¾ Ã Â¤Â²Ã Â¤â¢Ã Â¥ÂÃ Â¤Â·Ã Â¥ÂÃ Â¤Â¯Ã Â¥â¹Ã Â¤â Ã Â¤â¢Ã Â¥â¹ Ã Â¤ÂªÃ Â¥âÃ Â¤Â°Ã Â¤Â¾ Ã Â¤â¢Ã Â¤Â°Ã Â¤Â¨Ã Â¤Â¾ Ã Â¤â¦Ã Â¤Â¸Ã Â¤âÃ Â¤Â­Ã Â¤Âµ Ã Â¤Â¹Ã Â¥ËÃ Â¥Â¤ (a) Ã Â¤ÂÃ Â¤Â¸Ã Â¥â¬ Ã Â¤Â¸Ã Â¥ÂÃ Â¤Â¥Ã Â¤Â¿Ã Â¤Â¤Ã Â¤Â¿ Ã Â¤Â®Ã Â¥â¡Ã Â¤â Ã Â¤â Ã Â¤Âª Ã Â¤â¢Ã Â¥ÂÃ Â¤Â¯Ã Â¤Â¾ Ã Â¤â¢Ã Â¤Â°Ã Â¥â¡Ã Â¤âÃ Â¤âÃ Â¥â¡? (b) Ã Â¤â¡Ã Â¤Â¸Ã Â¤Â®Ã Â¥â¡Ã Â¤â Ã Â¤Â¶Ã Â¤Â¾Ã Â¤Â®Ã Â¤Â¿Ã Â¤Â² Ã Â¤Â¨Ã Â¥ËÃ Â¤Â¤Ã Â¤Â¿Ã Â¤â¢ Ã Â¤ÂªÃ Â¥ÂÃ Â¤Â°Ã Â¤Â¶Ã Â¥ÂÃ Â¤Â¨Ã Â¥â¹Ã Â¤â Ã Â¤â¢Ã Â¥â¡ Ã Â¤ÂªÃ Â¥ÂÃ Â¤Â°Ã Â¤â¢Ã Â¤Â¾Ã Â¤Â¶ Ã Â¤Â®Ã Â¥â¡Ã Â¤â Ã Â¤â¦Ã Â¤ÂªÃ Â¤Â¨Ã Â¥â¡ Ã Â¤ÂµÃ Â¤Â¿Ã Â¤â¢Ã Â¤Â²Ã Â¥ÂÃ Â¤ÂªÃ Â¥â¹Ã Â¤â Ã Â¤âÃ Â¤Â° Ã Â¤ÂªÃ Â¤Â°Ã Â¤Â¿Ã Â¤Â£Ã Â¤Â¾Ã Â¤Â®Ã Â¥â¹Ã Â¤â Ã Â¤â¢Ã Â¤Â¾ Ã Â¤ÂªÃ Â¤Â°Ã Â¥â¬Ã Â¤â¢Ã Â¥ÂÃ Â¤Â·Ã Â¤Â£ Ã Â¤â¢Ã Â¥â¬Ã Â¤ÅÃ Â¤Â¿Ã Â¤ÂÃ Â¥Â¤ (c) Ã Â¤ÂÃ Â¤Â¸Ã Â¥â¡ Ã Â¤ÂªÃ Â¤Â°Ã Â¤Â¿Ã Â¤Â¦Ã Â¥ÆÃ Â¤Â¶Ã Â¥ÂÃ Â¤Â¯ Ã Â¤Â®Ã Â¥â¡Ã Â¤â, Ã Â¤Â¡Ã Â¥â¡Ã Â¤Å¸Ã Â¤Â¾ Ã Â¤Â¨Ã Â¥ËÃ Â¤Â¤Ã Â¤Â¿Ã Â¤â¢Ã Â¤Â¤Ã Â¤Â¾ Ã Â¤âÃ Â¤Â° Ã Â¤âÃ Â¤Â·Ã Â¤Â§ Ã Â¤Â¨Ã Â¥ËÃ Â¤Â¤Ã Â¤Â¿Ã Â¤â¢Ã Â¤Â¤Ã Â¤Â¾ Ã Â¤â¢Ã Â¤Â¿Ã Â¤Â¸ Ã Â¤ÂªÃ Â¥ÂÃ Â¤Â°Ã Â¤â¢Ã Â¤Â¾Ã Â¤Â° Ã Â¤Â¬Ã Â¤Â¡Ã Â¤Â¼Ã Â¥â¡ Ã Â¤ÂªÃ Â¥ËÃ Â¤Â®Ã Â¤Â¾Ã Â¤Â¨Ã Â¥â¡ Ã Â¤ÂªÃ Â¤Â° Ã Â¤Â®Ã Â¤Â¾Ã Â¤Â¨Ã Â¤ÂµÃ Â¤Â¤Ã Â¤Â¾ Ã Â¤â¢Ã Â¥â¹ Ã Â¤Â¬Ã Â¤Å¡Ã Â¤Â¾ Ã Â¤Â¸Ã Â¤â¢Ã Â¤Â¤Ã Â¥â¬ Ã Â¤Â¹Ã Â¥ËÃ Â¤â? (Ã Â¤â°Ã Â¤Â¤Ã Â¥ÂÃ Â¤Â¤Ã Â¤Â° 250 Ã Â¤Â¶Ã Â¤Â¬Ã Â¥ÂÃ Â¤Â¦Ã Â¥â¹Ã Â¤â Ã Â¤Â®Ã Â¥â¡Ã Â¤â) Dr. Srinivasan is a senior scientist working for a reputed biotechnology company known for its cutting-edge research in pharmaceuticals. Dr. Srinivasan is heading a research team working on a new drug aimed at treating a rapidly spreading variant of a new viral infectious disease. The disease has been rapidly spreading across the world and the cases reported in the country are increasing. There is huge pressure on Dr. Srinivasan's team to expedite the trials for the drug as there is significant market for it, and the company wants to get the first-mover advantage in the market. During a team meeting, some senior team members suggest some shortcut for expediting the clinical trials for the drug and for getting the requisite approvals. These include manipulating data to exclude some negative outcomes and selectively reporting positive results, foregoing the process of informed consent and using compounds already patented by a rival company, rather than developing one's own component. Dr. Srinivasan is not comfortable taking such shortcuts, at the same time he realises meeting the targets is impossible without using these means. (a) What would you do in such a situation? (b) Examine your options and consequences in the light of the ethical questions involved. (c) How can data ethics and drug ethics save humanity at large in such a scenario? (Answer in 250 words)","Dr. Srinivasan is a senior scientist working for a reputed biotechnology company known for its cutting-edge research in pharmaceuticals. Dr. Srinivasan is heading a research team working on a new drug aimed at treating a rapidly spreading variant of a new viral infectious disease. The disease has been rapidly spreading across the world and the cases reported in the country are increasing. There is huge pressure on Dr. Srinivasan's team to expedite the trials for the drug as there is significant market for it, and the company wants to get the first-mover advantage in the market. During a team meeting, some senior team members suggest some shortcut for expediting the clinical trials for the drug and for getting the requisite approvals. These include manipulating data to exclude some negative outcomes and selectively reporting positive results, foregoing the process of informed consent and using compounds already patented by a rival company, rather than developing one's own component. Dr. Srinivasan is not comfortable taking such shortcuts, at the same time he realises meeting the targets is impossible without using these means. (a) What would you do in such a situation? (b) Examine your options and consequences in the light of the ethical questions involved. (c) How can data ethics and drug ethics save humanity at large in such a scenario?",100.0,keep,true,aggregator,,,,,,,,,,,,,,,,,,
2025,GS1,daca2e9f-012e-46fc-8b10-b6df340b4200,1,,1,GS1-Q1,"Discuss the salient features of the Harappan architecture. (Answer in 150 words) 10 Marks

[Hindi] Ã Â¤Â¹Ã Â¤Â¡Ã Â¤Â¼Ã Â¤ÂªÃ Â¥ÂÃ Â¤ÂªÃ Â¤Â¾ Ã Â¤ÂµÃ Â¤Â¾Ã Â¤Â¸Ã Â¥ÂÃ Â¤Â¤Ã Â¥ÂÃ Â¤â¢Ã Â¤Â²Ã Â¤Â¾ Ã Â¤â¢Ã Â¥â¬ Ã Â¤ÂªÃ Â¥ÂÃ Â¤Â°Ã Â¤Â®Ã Â¥ÂÃ Â¤â Ã Â¤ÂµÃ Â¤Â¿Ã Â¤Â¶Ã Â¥â¡Ã Â¤Â·Ã Â¤Â¤Ã Â¤Â¾Ã Â¤âÃ Â¤â Ã Â¤ÂªÃ Â¤Â° Ã Â¤Å¡Ã Â¤Â°Ã Â¥ÂÃ Â¤Å¡Ã Â¤Â¾ Ã Â¤â¢Ã Â¥â¬Ã Â¤ÅÃ Â¤Â¿Ã Â¤ÂÃ Â¥Â¤ (Ã Â¤â°Ã Â¤Â¤Ã Â¥ÂÃ Â¤Â¤Ã Â¤Â° 150 Ã Â¤Â¶Ã Â¤Â¬Ã Â¥ÂÃ Â¤Â¦Ã Â¥â¹Ã Â¤â Ã Â¤Â®Ã Â¥â¡Ã Â¤â Ã Â¤Â¦Ã Â¥â¡Ã Â¤â) 10",Discuss the salient features of the Harappan architecture. (10 M)),96.7,keep,true,aggregator,,,,,,,,,,,,,,,,,,
2025,GS1,daca2e9f-012e-46fc-8b10-b6df340b4200,2,,2,GS1-Q2,"Examine the main aspects of Akbar's religious syncretism. (Answer in 150 words) 10 Marks

[Hindi] Ã Â¤â¦Ã Â¤â¢Ã Â¤Â¬Ã Â¤Â° Ã Â¤â¢Ã Â¥â¡ Ã Â¤Â§Ã Â¤Â¾Ã Â¤Â°Ã Â¥ÂÃ Â¤Â®Ã Â¤Â¿Ã Â¤â¢ Ã Â¤Â¸Ã Â¤Â®Ã Â¤Â¨Ã Â¥ÂÃ Â¤ÂµÃ Â¤Â¯Ã Â¤ÂµÃ Â¤Â¾Ã Â¤Â¦ Ã Â¤â¢Ã Â¥â¡ Ã Â¤Â®Ã Â¥ÂÃ Â¤âÃ Â¥ÂÃ Â¤Â¯ Ã Â¤ÂªÃ Â¤Â¹Ã Â¤Â²Ã Â¥ÂÃ Â¤âÃ Â¤â Ã Â¤â¢Ã Â¤Â¾ Ã Â¤ÂµÃ Â¤Â¿Ã Â¤Â¶Ã Â¥ÂÃ Â¤Â²Ã Â¥â¡Ã Â¤Â·Ã Â¤Â£ Ã Â¤â¢Ã Â¥â¬Ã Â¤ÅÃ Â¤Â¿Ã Â¤ÂÃ Â¥Â¤ (Ã Â¤â°Ã Â¤Â¤Ã Â¥ÂÃ Â¤Â¤Ã Â¤Â° 150 Ã Â¤Â¶Ã Â¤Â¬Ã Â¥ÂÃ Â¤Â¦Ã Â¥â¹Ã Â¤â Ã Â¤Â®Ã Â¥â¡Ã Â¤â Ã Â¤Â¦Ã Â¥â¡Ã Â¤â) 10",Examine the main aspects of Akbar’s religious syncretism.,98.2,keep,true,aggregator,,,,,,,,,,,,,,,,,,
2025,GS1,daca2e9f-012e-46fc-8b10-b6df340b4200,3,,3,GS1-Q3,"""The sculptors filled the Chandella art form with resilient vigour and breadth of life."" Elucidate. (Answer in 150 words) 10 Marks

[Hindi] 'Ã Â¤Â®Ã Â¥âÃ Â¤Â°Ã Â¥ÂÃ Â¤Â¤Ã Â¤Â¿Ã Â¤â¢Ã Â¤Â¾Ã Â¤Â°Ã Â¥â¹Ã Â¤â Ã Â¤Â¨Ã Â¥â¡ Ã Â¤Å¡Ã Â¤âÃ Â¤Â¦Ã Â¥â¡Ã Â¤Â² Ã Â¤â¢Ã Â¤Â²Ã Â¤Â¾ Ã Â¤Â¶Ã Â¥ËÃ Â¤Â²Ã Â¥â¬ Ã Â¤â¢Ã Â¥â¹ Ã Â¤â¦Ã Â¤Å¸Ã Â¥âÃ Â¤Å¸ Ã Â¤Å Ã Â¤Â°Ã Â¥ÂÃ Â¤ÅÃ Â¤Â¾ Ã Â¤âÃ Â¤Â° Ã Â¤ÅÃ Â¥â¬Ã Â¤ÂµÃ Â¤Â¨ Ã Â¤â¢Ã Â¥â¬ Ã Â¤ÂµÃ Â¥ÂÃ Â¤Â¯Ã Â¤Â¾Ã Â¤ÂªÃ Â¤â¢Ã Â¤Â¤Ã Â¤Â¾ Ã Â¤Â¸Ã Â¥â¡ Ã Â¤Â­Ã Â¤Â° Ã Â¤Â¦Ã Â¤Â¿Ã Â¤Â¯Ã Â¤Â¾Ã Â¥Â¤' Ã Â¤Â¸Ã Â¥ÂÃ Â¤ÂªÃ Â¤Â·Ã Â¥ÂÃ Â¤Å¸ Ã Â¤â¢Ã Â¥â¬Ã Â¤ÅÃ Â¤Â¿Ã Â¤ÂÃ Â¥Â¤ (Ã Â¤â°Ã Â¤Â¤Ã Â¥ÂÃ Â¤Â¤Ã Â¤Â° 150 Ã Â¤Â¶Ã Â¤Â¬Ã Â¥ÂÃ Â¤Â¦Ã Â¥â¹Ã Â¤â Ã Â¤Â®Ã Â¥â¡Ã Â¤â Ã Â¤Â¦Ã Â¥â¡Ã Â¤â) 10",‘The sculptors filled the Chandella artform with resilient vigor and breadth of life.’ Elucidate.,97.8,keep,true,aggregator,,,,,,,,,,,,,,,,,,
2025,GS1,daca2e9f-012e-46fc-8b10-b6df340b4200,4,,19,GS1-Q19,"How are climate change and sea level rise affecting the very existence of many island nations? Discuss with examples. (Answer in 150 words) 10 Marks

[Hindi] Ã Â¤ÅÃ Â¤Â²Ã Â¤ÂµÃ Â¤Â¾Ã Â¤Â¯Ã Â¥Â Ã Â¤ÂªÃ Â¤Â°Ã Â¤Â¿Ã Â¤ÂµÃ Â¤Â°Ã Â¥ÂÃ Â¤Â¤Ã Â¤Â¨ Ã Â¤âÃ Â¤Â° Ã Â¤Â¸Ã Â¤Â®Ã Â¥ÂÃ Â¤Â¦Ã Â¥ÂÃ Â¤Â° Ã Â¤Â¸Ã Â¥ÂÃ Â¤Â¤Ã Â¤Â° Ã Â¤Â®Ã Â¥â¡Ã Â¤â Ã Â¤ÂµÃ Â¥ÆÃ Â¤Â¦Ã Â¥ÂÃ Â¤Â§Ã Â¤Â¿ Ã Â¤â¢Ã Â¤Â¿Ã Â¤Â¸ Ã Â¤ÂªÃ Â¥ÂÃ Â¤Â°Ã Â¤â¢Ã Â¤Â¾Ã Â¤Â° Ã Â¤â¦Ã Â¤Â¨Ã Â¥â¡Ã Â¤â¢ Ã Â¤Â¦Ã Â¥ÂÃ Â¤ÂµÃ Â¥â¬Ã Â¤ÂªÃ Â¥â¬Ã Â¤Â¯ Ã Â¤Â°Ã Â¤Â¾Ã Â¤Â·Ã Â¥ÂÃ Â¤Å¸Ã Â¥ÂÃ Â¤Â°Ã Â¥â¹Ã Â¤â Ã Â¤â¢Ã Â¥â¡ Ã Â¤â¦Ã Â¤Â¸Ã Â¥ÂÃ Â¤Â¤Ã Â¤Â¿Ã Â¤Â¤Ã Â¥ÂÃ Â¤Âµ Ã Â¤â¢Ã Â¥â¹ Ã Â¤ÂªÃ Â¥ÂÃ Â¤Â°Ã Â¤Â­Ã Â¤Â¾Ã Â¤ÂµÃ Â¤Â¿Ã Â¤Â¤ Ã Â¤â¢Ã Â¤Â° Ã Â¤Â°Ã Â¤Â¹Ã Â¥â¡ Ã Â¤Â¹Ã Â¥ËÃ Â¤â? Ã Â¤â°Ã Â¤Â¦Ã Â¤Â¾Ã Â¤Â¹Ã Â¤Â°Ã Â¤Â£Ã Â¥â¹Ã Â¤â Ã Â¤Â¸Ã Â¤Â¹Ã Â¤Â¿Ã Â¤Â¤ Ã Â¤Å¡Ã Â¤Â°Ã Â¥ÂÃ Â¤Å¡Ã Â¤Â¾ Ã Â¤â¢Ã Â¥â¬Ã Â¤ÅÃ Â¤Â¿Ã Â¤ÂÃ Â¥Â¤ (Ã Â¤â°Ã Â¤Â¤Ã Â¥ÂÃ Â¤Â¤Ã Â¤Â° 150 Ã Â¤Â¶Ã Â¤Â¬Ã Â¥ÂÃ Â¤Â¦Ã Â¥â¹Ã Â¤â Ã Â¤Â®Ã Â¥â¡Ã Â¤â Ã Â¤Â¦Ã Â¥â¡Ã Â¤â) 10",How are climate change and the sea level rise affecting the very existence of many island nations? Discuss with examples.,98.3,keep,true,aggregator,,,,,,,,,,,,,,,,,,
2025,GS1,daca2e9f-012e-46fc-8b10-b6df340b4200,5,,15,GS1-Q15,"What are non-farm primary activities? How are these activities related to physiographic features in India? Discuss with suitable examples. (Answer in 150 words) 10 Marks

[Hindi] Ã Â¤âÃ Â¥ËÃ Â¤Â°-Ã Â¤â¢Ã Â¥ÆÃ Â¤Â·Ã Â¤Â¿ Ã Â¤ÂªÃ Â¥ÂÃ Â¤Â°Ã Â¤Â¾Ã Â¤Â¥Ã Â¤Â®Ã Â¤Â¿Ã Â¤â¢ Ã Â¤âÃ Â¤Â¤Ã Â¤Â¿Ã Â¤ÂµÃ Â¤Â¿Ã Â¤Â§Ã Â¤Â¿Ã Â¤Â¯Ã Â¤Â¾Ã Â¤Â Ã Â¤â¢Ã Â¥ÂÃ Â¤Â¯Ã Â¤Â¾ Ã Â¤Â¹Ã Â¥ËÃ Â¤â? Ã Â¤Â¯Ã Â¥â¡ Ã Â¤âÃ Â¤Â¤Ã Â¤Â¿Ã Â¤ÂµÃ Â¤Â¿Ã Â¤Â§Ã Â¤Â¿Ã Â¤Â¯Ã Â¤Â¾Ã Â¤Â Ã Â¤Â­Ã Â¤Â¾Ã Â¤Â°Ã Â¤Â¤ Ã Â¤â¢Ã Â¥â¬ Ã Â¤Â­Ã Â¥ÅÃ Â¤âÃ Â¥â¹Ã Â¤Â²Ã Â¤Â¿Ã Â¤â¢ Ã Â¤ÂµÃ Â¤Â¿Ã Â¤Â¶Ã Â¥â¡Ã Â¤Â·Ã Â¤Â¤Ã Â¤Â¾Ã Â¤âÃ Â¤â Ã Â¤Â¸Ã Â¥â¡ Ã Â¤â¢Ã Â¤Â¿Ã Â¤Â¸ Ã Â¤ÂªÃ Â¥ÂÃ Â¤Â°Ã Â¤â¢Ã Â¤Â¾Ã Â¤Â° Ã Â¤Â¸Ã Â¤âÃ Â¤Â¬Ã Â¤âÃ Â¤Â§Ã Â¤Â¿Ã Â¤Â¤ Ã Â¤Â¹Ã Â¥ËÃ Â¤â? Ã Â¤â°Ã Â¤ÂªÃ Â¤Â¯Ã Â¥ÂÃ Â¤â¢Ã Â¥ÂÃ Â¤Â¤ Ã Â¤â°Ã Â¤Â¦Ã Â¤Â¾Ã Â¤Â¹Ã Â¤Â°Ã Â¤Â£Ã Â¥â¹Ã Â¤â Ã Â¤Â¸Ã Â¤Â¹Ã Â¤Â¿Ã Â¤Â¤ Ã Â¤Å¡Ã Â¤Â°Ã Â¥ÂÃ Â¤Å¡Ã Â¤Â¾ Ã Â¤â¢Ã Â¥â¬Ã Â¤ÅÃ Â¤Â¿Ã Â¤ÂÃ Â¥Â¤ (Ã Â¤â°Ã Â¤Â¤Ã Â¥ÂÃ Â¤Â¤Ã Â¤Â° 150 Ã Â¤Â¶Ã Â¤Â¬Ã Â¥ÂÃ Â¤Â¦Ã Â¥â¹Ã Â¤â Ã Â¤Â®Ã Â¥â¡Ã Â¤â Ã Â¤Â¦Ã Â¥â¡Ã Â¤â) 10",What are non-farm primary activities? How are these activities related to physiographic features in India? Discuss with suitable examples.,100.0,keep,true,aggregator,,,,,,,,,,,,,,,,,,
2025,GS1,daca2e9f-012e-46fc-8b10-b6df340b4200,6,,17,GS1-Q17,"Explain briefly the ecological and economic benefits of solar energy generation in India with suitable examples. (Answer in 150 words) 10 Marks

[Hindi] Ã Â¤Â­Ã Â¤Â¾Ã Â¤Â°Ã Â¤Â¤ Ã Â¤Â®Ã Â¥â¡Ã Â¤â Ã Â¤Â¸Ã Â¥ÅÃ Â¤Â° Ã Â¤Å Ã Â¤Â°Ã Â¥ÂÃ Â¤ÅÃ Â¤Â¾ Ã Â¤â°Ã Â¤Â¤Ã Â¥ÂÃ Â¤ÂªÃ Â¤Â¾Ã Â¤Â¦Ã Â¤Â¨ Ã Â¤â¢Ã Â¥â¡ Ã Â¤ÂªÃ Â¤Â¾Ã Â¤Â°Ã Â¤Â¿Ã Â¤Â¸Ã Â¥ÂÃ Â¤Â¥Ã Â¤Â¿Ã Â¤Â¤Ã Â¤Â¿Ã Â¤â¢ Ã Â¤âÃ Â¤Â° Ã Â¤â Ã Â¤Â°Ã Â¥ÂÃ Â¤Â¥Ã Â¤Â¿Ã Â¤â¢ Ã Â¤Â²Ã Â¤Â¾Ã Â¤Â­Ã Â¥â¹Ã Â¤â Ã Â¤â¢Ã Â¥â¹ Ã Â¤â°Ã Â¤ÂªÃ Â¤Â¯Ã Â¥ÂÃ Â¤â¢Ã Â¥ÂÃ Â¤Â¤ Ã Â¤â°Ã Â¤Â¦Ã Â¤Â¾Ã Â¤Â¹Ã Â¤Â°Ã Â¤Â£Ã Â¥â¹Ã Â¤â Ã Â¤Â¸Ã Â¤Â¹Ã Â¤Â¿Ã Â¤Â¤ Ã Â¤Â¸Ã Â¤âÃ Â¤â¢Ã Â¥ÂÃ Â¤Â·Ã Â¥â¡Ã Â¤Âª Ã Â¤Â®Ã Â¥â¡Ã Â¤â Ã Â¤Â¸Ã Â¤Â®Ã Â¤ÂÃ Â¤Â¾Ã Â¤â¡Ã Â¤ÂÃ Â¥Â¤ (Ã Â¤â°Ã Â¤Â¤Ã Â¥ÂÃ Â¤Â¤Ã Â¤Â° 150 Ã Â¤Â¶Ã Â¤Â¬Ã Â¥ÂÃ Â¤Â¦Ã Â¥â¹Ã Â¤â Ã Â¤Â®Ã Â¥â¡Ã Â¤â Ã Â¤Â¦Ã Â¥â¡Ã Â¤â) 10",Explain briefly the ecological and economic benefits of solar energy generation in India with suitable examples.,100.0,keep,true,aggregator,,,,,,,,,,,,,,,,,,
2025,GS1,daca2e9f-012e-46fc-8b10-b6df340b4200,7,,13,GS1-Q13,"What are tsunamis? How and where are they formed? What are their consequences? Explain with examples. (Answer in 150 words) 10 Marks

[Hindi] Ã Â¤Â¸Ã Â¥ÂÃ Â¤Â¨Ã Â¤Â¾Ã Â¤Â®Ã Â¥â¬ Ã Â¤â¢Ã Â¥ÂÃ Â¤Â¯Ã Â¤Â¾ Ã Â¤Â¹Ã Â¥â¹Ã Â¤Â¤Ã Â¥â¬ Ã Â¤Â¹Ã Â¥Ë? Ã Â¤Â¯Ã Â¥â¡ Ã Â¤â¢Ã Â¥ËÃ Â¤Â¸Ã Â¥â¡ Ã Â¤âÃ Â¤Â° Ã Â¤â¢Ã Â¤Â¹Ã Â¤Â¾Ã Â¤Â Ã Â¤Â¬Ã Â¤Â¨Ã Â¤Â¤Ã Â¥â¬ Ã Â¤Â¹Ã Â¥ËÃ Â¤â? Ã Â¤â¡Ã Â¤Â¨Ã Â¤â¢Ã Â¥â¡ Ã Â¤â¢Ã Â¥ÂÃ Â¤Â¯Ã Â¤Â¾ Ã Â¤ÂªÃ Â¤Â°Ã Â¤Â¿Ã Â¤Â£Ã Â¤Â¾Ã Â¤Â® Ã Â¤Â¹Ã Â¥â¹Ã Â¤Â¤Ã Â¥â¡ Ã Â¤Â¹Ã Â¥ËÃ Â¤â? Ã Â¤â°Ã Â¤Â¦Ã Â¤Â¾Ã Â¤Â¹Ã Â¤Â°Ã Â¤Â£ Ã Â¤Â¸Ã Â¤Â¹Ã Â¤Â¿Ã Â¤Â¤ Ã Â¤Â¸Ã Â¤Â®Ã Â¤ÂÃ Â¤Â¾Ã Â¤â¡Ã Â¤ÂÃ Â¥Â¤ (Ã Â¤â°Ã Â¤Â¤Ã Â¥ÂÃ Â¤Â¤Ã Â¤Â° 150 Ã Â¤Â¶Ã Â¤Â¬Ã Â¥ÂÃ Â¤Â¦Ã Â¥â¹Ã Â¤â Ã Â¤Â®Ã Â¥â¡Ã Â¤â Ã Â¤Â¦Ã Â¥â¡Ã Â¤â) 10",What are Tsunamis? How and where are they formed? What are their consequences? Explain with examples.,100.0,keep,true,aggregator,,,,,,,,,,,,,,,,,,
2025,GS1,daca2e9f-012e-46fc-8b10-b6df340b4200,8,,8,GS1-Q8,"How does Smart City in India address the issues of urban poverty and distributive justice? (Answer in 150 words) 10 Marks

[Hindi] Ã Â¤Â­Ã Â¤Â¾Ã Â¤Â°Ã Â¤Â¤ Ã Â¤Â®Ã Â¥â¡Ã Â¤â Ã Â¤Â¸Ã Â¥ÂÃ Â¤Â®Ã Â¤Â¾Ã Â¤Â°Ã Â¥ÂÃ Â¤Å¸ Ã Â¤Â¸Ã Â¤Â¿Ã Â¤Å¸Ã Â¥â¬ Ã Â¤Â¶Ã Â¤Â¹Ã Â¤Â°Ã Â¥â¬ Ã Â¤âÃ Â¤Â°Ã Â¥â¬Ã Â¤Â¬Ã Â¥â¬ Ã Â¤âÃ Â¤Â° Ã Â¤ÂµÃ Â¤Â¿Ã Â¤Â¤Ã Â¤Â°Ã Â¤Â£Ã Â¤Â¾Ã Â¤Â¤Ã Â¥ÂÃ Â¤Â®Ã Â¤â¢ Ã Â¤Â¨Ã Â¥ÂÃ Â¤Â¯Ã Â¤Â¾Ã Â¤Â¯ Ã Â¤â¢Ã Â¥â¡ Ã Â¤Â®Ã Â¥ÂÃ Â¤Â¦Ã Â¥ÂÃ Â¤Â¦Ã Â¥â¹Ã Â¤â Ã Â¤â¢Ã Â¤Â¾ Ã Â¤Â¸Ã Â¤Â®Ã Â¤Â¾Ã Â¤Â§Ã Â¤Â¾Ã Â¤Â¨ Ã Â¤â¢Ã Â¥ËÃ Â¤Â¸Ã Â¥â¡ Ã Â¤â¢Ã Â¤Â°Ã Â¤Â¤Ã Â¥â¬ Ã Â¤Â¹Ã Â¥Ë? (Ã Â¤â°Ã Â¤Â¤Ã Â¥ÂÃ Â¤Â¤Ã Â¤Â° 150 Ã Â¤Â¶Ã Â¤Â¬Ã Â¥ÂÃ Â¤Â¦Ã Â¥â¹Ã Â¤â Ã Â¤Â®Ã Â¥â¡Ã Â¤â Ã Â¤Â¦Ã Â¥â¡Ã Â¤â) 10","How does smart city in India, address the issues of urban poverty and distributive justice?",100.0,keep,true,aggregator,,,,,,,,,,,,,,,,,,
2025,GS1,daca2e9f-012e-46fc-8b10-b6df340b4200,9,,7,GS1-Q7,"The ethos of civil service in India stands for the combination of professionalism with nationalistic consciousness. Elucidate. (Answer in 150 words) 10 Marks

[Hindi] Ã Â¤Â­Ã Â¤Â¾Ã Â¤Â°Ã Â¤Â¤ Ã Â¤Â®Ã Â¥â¡Ã Â¤â Ã Â¤Â¸Ã Â¤Â¿Ã Â¤ÂµÃ Â¤Â¿Ã Â¤Â² Ã Â¤Â¸Ã Â¥â¡Ã Â¤ÂµÃ Â¤Â¾ Ã Â¤â¢Ã Â¤Â¾ Ã Â¤Â²Ã Â¥â¹Ã Â¤â¢Ã Â¤Â¾Ã Â¤Å¡Ã Â¤Â¾Ã Â¤Â° Ã Â¤ÂµÃ Â¥ÂÃ Â¤Â¯Ã Â¤Â¾Ã Â¤ÂµÃ Â¤Â¸Ã Â¤Â¾Ã Â¤Â¯Ã Â¤Â¿Ã Â¤â¢Ã Â¤Â¤Ã Â¤Â¾ Ã Â¤âÃ Â¤Â° Ã Â¤Â°Ã Â¤Â¾Ã Â¤Â·Ã Â¥ÂÃ Â¤Å¸Ã Â¥ÂÃ Â¤Â°Ã Â¤ÂµÃ Â¤Â¾Ã Â¤Â¦Ã Â¥â¬ Ã Â¤Å¡Ã Â¥â¡Ã Â¤Â¤Ã Â¤Â¨Ã Â¤Â¾ Ã Â¤â¢Ã Â¥â¡ Ã Â¤Â¸Ã Â¤âÃ Â¤Â¯Ã Â¥â¹Ã Â¤ÅÃ Â¤Â¨ Ã Â¤â¢Ã Â¤Â¾ Ã Â¤ÂªÃ Â¥ÂÃ Â¤Â°Ã Â¤Â¤Ã Â¤Â¿Ã Â¤Â¨Ã Â¤Â¿Ã Â¤Â§Ã Â¤Â¿Ã Â¤Â¤Ã Â¥ÂÃ Â¤Âµ Ã Â¤â¢Ã Â¤Â°Ã Â¤Â¤Ã Â¤Â¾ Ã Â¤Â¹Ã Â¥ËÃ Â¥Â¤ Ã Â¤Â¸Ã Â¥ÂÃ Â¤ÂªÃ Â¤Â·Ã Â¥ÂÃ Â¤Å¸ Ã Â¤â¢Ã Â¥â¬Ã Â¤ÅÃ Â¤Â¿Ã Â¤ÂÃ Â¥Â¤ (Ã Â¤â°Ã Â¤Â¤Ã Â¥ÂÃ Â¤Â¤Ã Â¤Â° 150 Ã Â¤Â¶Ã Â¤Â¬Ã Â¥ÂÃ Â¤Â¦Ã Â¥â¹Ã Â¤â Ã Â¤Â®Ã Â¥â¡Ã Â¤â Ã Â¤Â¦Ã Â¥â¡Ã Â¤â) 10",The ethos of civil service in India stand for the combination of professionalism with nationalistic consciousness – Elucidate.,99.2,keep,true,aggregator,,,,,,,,,,,,,,,,,,
2025,GS1,daca2e9f-012e-46fc-8b10-b6df340b4200,10,,11,GS1-Q11,"Do you think that globalization results in only an aggressive consumer culture? Justify your answer. (Answer in 150 words) 10 Marks

[Hindi] Ã Â¤â¢Ã Â¥ÂÃ Â¤Â¯Ã Â¤Â¾ Ã Â¤â Ã Â¤ÂªÃ Â¤â¢Ã Â¥â¹ Ã Â¤Â²Ã Â¤âÃ Â¤Â¤Ã Â¤Â¾ Ã Â¤Â¹Ã Â¥Ë Ã Â¤â¢Ã Â¤Â¿ Ã Â¤ÂµÃ Â¥ËÃ Â¤Â¶Ã Â¥ÂÃ Â¤ÂµÃ Â¥â¬Ã Â¤â¢Ã Â¤Â°Ã Â¤Â£ Ã Â¤â¢Ã Â¤Â¾ Ã Â¤ÂªÃ Â¤Â°Ã Â¤Â¿Ã Â¤Â£Ã Â¤Â¾Ã Â¤Â® Ã Â¤â¢Ã Â¥â¡Ã Â¤ÂµÃ Â¤Â² Ã Â¤â Ã Â¤â¢Ã Â¥ÂÃ Â¤Â°Ã Â¤Â¾Ã Â¤Â®Ã Â¤â¢ Ã Â¤â°Ã Â¤ÂªÃ Â¤Â­Ã Â¥â¹Ã Â¤â¢Ã Â¥ÂÃ Â¤Â¤Ã Â¤Â¾ Ã Â¤Â¸Ã Â¤âÃ Â¤Â¸Ã Â¥ÂÃ Â¤â¢Ã Â¥ÆÃ Â¤Â¤Ã Â¤Â¿ Ã Â¤Â¹Ã Â¥â¬ Ã Â¤Â¹Ã Â¥Ë? Ã Â¤â¦Ã Â¤ÂªÃ Â¤Â¨Ã Â¥â¡ Ã Â¤â°Ã Â¤Â¤Ã Â¥ÂÃ Â¤Â¤Ã Â¤Â° Ã Â¤â¢Ã Â¤Â¾ Ã Â¤âÃ Â¤Å¡Ã Â¤Â¿Ã Â¤Â¤Ã Â¥ÂÃ Â¤Â¯ Ã Â¤Â¸Ã Â¤Â¿Ã Â¤Â¦Ã Â¥ÂÃ Â¤Â§ Ã Â¤â¢Ã Â¥â¬Ã Â¤ÅÃ Â¤Â¿Ã Â¤ÂÃ Â¥Â¤ (Ã Â¤â°Ã Â¤Â¤Ã Â¥ÂÃ Â¤Â¤Ã Â¤Â° 150 Ã Â¤Â¶Ã Â¤Â¬Ã Â¥ÂÃ Â¤Â¦Ã Â¥â¹Ã Â¤â Ã Â¤Â®Ã Â¥â¡Ã Â¤â Ã Â¤Â¦Ã Â¥â¡Ã Â¤â) 10",Do you think that globalization results in only an aggressive consumer culture? Justify your answer.,100.0,keep,true,aggregator,,,,,,,,,,,,,,,,,,
2025,GS1,daca2e9f-012e-46fc-8b10-b6df340b4200,11,,4,GS1-Q4,"Mahatma Jotirao Phule's writings and efforts of social reforms touched the issues of almost all subaltern classes. Discuss. (Answer in 250 words) 15 Marks

[Hindi] Ã Â¤Â®Ã Â¤Â¹Ã Â¤Â¾Ã Â¤Â¤Ã Â¥ÂÃ Â¤Â®Ã Â¤Â¾ Ã Â¤ÅÃ Â¥ÂÃ Â¤Â¯Ã Â¥â¹Ã Â¤Â¤Ã Â¤Â¿Ã Â¤Â°Ã Â¤Â¾Ã Â¤Âµ Ã Â¤Â«Ã Â¥ÂÃ Â¤Â²Ã Â¥â¡ Ã Â¤â¢Ã Â¥â¡ Ã Â¤Â²Ã Â¥â¡Ã Â¤âÃ Â¤Â¨ Ã Â¤âÃ Â¤Â° Ã Â¤Â¸Ã Â¤Â¾Ã Â¤Â®Ã Â¤Â¾Ã Â¤ÅÃ Â¤Â¿Ã Â¤â¢ Ã Â¤Â¸Ã Â¥ÂÃ Â¤Â§Ã Â¤Â¾Ã Â¤Â° Ã Â¤â¢Ã Â¥â¡ Ã Â¤ÂªÃ Â¥ÂÃ Â¤Â°Ã Â¤Â¯Ã Â¤Â¾Ã Â¤Â¸Ã Â¥â¹Ã Â¤â Ã Â¤Â¨Ã Â¥â¡ Ã Â¤Â²Ã Â¤âÃ Â¤Â­Ã Â¤â Ã Â¤Â¸Ã Â¤Â­Ã Â¥â¬ Ã Â¤Â¨Ã Â¤Â¿Ã Â¤Â®Ã Â¥ÂÃ Â¤Â¨ Ã Â¤ÂµÃ Â¤Â°Ã Â¥ÂÃ Â¤âÃ Â¥â¹Ã Â¤â Ã Â¤â¢Ã Â¥â¡ Ã Â¤Â®Ã Â¥ÂÃ Â¤Â¦Ã Â¥ÂÃ Â¤Â¦Ã Â¥â¹Ã Â¤â Ã Â¤â¢Ã Â¥â¹ Ã Â¤âºÃ Â¥ÂÃ Â¤â Ã Â¥Â¤ Ã Â¤Å¡Ã Â¤Â°Ã Â¥ÂÃ Â¤Å¡Ã Â¤Â¾ Ã Â¤â¢Ã Â¥â¬Ã Â¤ÅÃ Â¤Â¿Ã Â¤ÂÃ Â¥Â¤ (Ã Â¤â°Ã Â¤Â¤Ã Â¥ÂÃ Â¤Â¤Ã Â¤Â° 250 Ã Â¤Â¶Ã Â¤Â¬Ã Â¥ÂÃ Â¤Â¦Ã Â¥â¹Ã Â¤â Ã Â¤Â®Ã Â¥â¡Ã Â¤â Ã Â¤Â¦Ã Â¥â¡Ã Â¤â) 15",Mahatma Jotirao Phule’s writings and efforts of social reforms touched issues of almost all subaltern classes. Discuss.,95.7,keep,true,aggregator,,,,,,,,,,,,,,,,,,
2025,GS1,daca2e9f-012e-46fc-8b10-b6df340b4200,12,,5,GS1-Q5,"Trace India's consolidation process during the early phase of Independence in terms of polity, economy, education and international relations. (Answer in 250 words) 15 Marks

[Hindi] Ã Â¤Â¸Ã Â¥ÂÃ Â¤ÂµÃ Â¤Â¤Ã Â¤âÃ Â¤Â¤Ã Â¥ÂÃ Â¤Â°Ã Â¤Â¤Ã Â¤Â¾ Ã Â¤â¢Ã Â¥â¡ Ã Â¤ÂªÃ Â¥ÂÃ Â¤Â°Ã Â¤Â¾Ã Â¤Â°Ã Â¤âÃ Â¤Â­Ã Â¤Â¿Ã Â¤â¢ Ã Â¤Å¡Ã Â¤Â°Ã Â¤Â£ Ã Â¤Â®Ã Â¥â¡Ã Â¤â Ã Â¤Â­Ã Â¤Â¾Ã Â¤Â°Ã Â¤Â¤ Ã Â¤â¢Ã Â¥â¬ Ã Â¤Â°Ã Â¤Â¾Ã Â¤ÅÃ Â¤Â¨Ã Â¥â¬Ã Â¤Â¤Ã Â¤Â¿Ã Â¤â¢ Ã Â¤ÂµÃ Â¥ÂÃ Â¤Â¯Ã Â¤ÂµÃ Â¤Â¸Ã Â¥ÂÃ Â¤Â¥Ã Â¤Â¾, Ã Â¤â¦Ã Â¤Â°Ã Â¥ÂÃ Â¤Â¥Ã Â¤ÂµÃ Â¥ÂÃ Â¤Â¯Ã Â¤ÂµÃ Â¤Â¸Ã Â¥ÂÃ Â¤Â¥Ã Â¤Â¾, Ã Â¤Â¶Ã Â¤Â¿Ã Â¤â¢Ã Â¥ÂÃ Â¤Â·Ã Â¤Â¾ Ã Â¤âÃ Â¤Â° Ã Â¤â¦Ã Â¤âÃ Â¤Â¤Ã Â¤Â°Ã Â¥ÂÃ Â¤Â°Ã Â¤Â¾Ã Â¤Â·Ã Â¥ÂÃ Â¤Å¸Ã Â¥ÂÃ Â¤Â°Ã Â¥â¬Ã Â¤Â¯ Ã Â¤Â¸Ã Â¤âÃ Â¤Â¬Ã Â¤âÃ Â¤Â§Ã Â¥â¹Ã Â¤â Ã Â¤â¢Ã Â¥â¡ Ã Â¤Â¸Ã Â¤âÃ Â¤Â¦Ã Â¤Â°Ã Â¥ÂÃ Â¤Â­ Ã Â¤Â®Ã Â¥â¡Ã Â¤â Ã Â¤Â¹Ã Â¥ÂÃ Â¤Ë Ã Â¤ÂÃ Â¤â¢Ã Â¥â¬Ã Â¤â¢Ã Â¤Â°Ã Â¤Â£ Ã Â¤ÂªÃ Â¥ÂÃ Â¤Â°Ã Â¤â¢Ã Â¥ÂÃ Â¤Â°Ã Â¤Â¿Ã Â¤Â¯Ã Â¤Â¾ Ã Â¤â¢Ã Â¤Â¾ Ã Â¤ÂµÃ Â¤Â°Ã Â¥ÂÃ Â¤Â£Ã Â¤Â¨ Ã Â¤â¢Ã Â¥â¬Ã Â¤ÅÃ Â¤Â¿Ã Â¤ÂÃ Â¥Â¤ (Ã Â¤â°Ã Â¤Â¤Ã Â¥ÂÃ Â¤Â¤Ã Â¤Â° 250 Ã Â¤Â¶Ã Â¤Â¬Ã Â¥ÂÃ Â¤Â¦Ã Â¥â¹Ã Â¤â Ã Â¤Â®Ã Â¥â¡Ã Â¤â Ã Â¤Â¦Ã Â¥â¡Ã Â¤â) 15","Trace India’s consolidation process during early phase of independence in terms of polity, economy, education and international relations.",96.3,keep,true,aggregator,,,,,,,,,,,,,,,,,,
2025,GS1,daca2e9f-012e-46fc-8b10-b6df340b4200,13,,6,GS1-Q6,"The French Revolution has enduring relevance to the contemporary world. Explain. (Answer in 250 words) 15 Marks

[Hindi] Ã Â¤Â«Ã Â¥ÂÃ Â¤Â°Ã Â¤Â¾Ã Â¤âÃ Â¤Â¸Ã Â¥â¬Ã Â¤Â¸Ã Â¥â¬ Ã Â¤â¢Ã Â¥ÂÃ Â¤Â°Ã Â¤Â¾Ã Â¤âÃ Â¤Â¤Ã Â¤Â¿ Ã Â¤â¢Ã Â¤Â¾ Ã Â¤Â¸Ã Â¤Â®Ã Â¤â¢Ã Â¤Â¾Ã Â¤Â²Ã Â¥â¬Ã Â¤Â¨ Ã Â¤ÂµÃ Â¤Â¿Ã Â¤Â¶Ã Â¥ÂÃ Â¤Âµ Ã Â¤Â¸Ã Â¥â¡ Ã Â¤âÃ Â¤Â¹Ã Â¤Â°Ã Â¤Â¾ Ã Â¤Â¸Ã Â¤âÃ Â¤Â¬Ã Â¤âÃ Â¤Â§ Ã Â¤Â¹Ã Â¥ËÃ Â¥Â¤ Ã Â¤ÂµÃ Â¥ÂÃ Â¤Â¯Ã Â¤Â¾Ã Â¤âÃ Â¥ÂÃ Â¤Â¯Ã Â¤Â¾ Ã Â¤â¢Ã Â¥â¬Ã Â¤ÅÃ Â¤Â¿Ã Â¤ÂÃ Â¥Â¤ (Ã Â¤â°Ã Â¤Â¤Ã Â¥ÂÃ Â¤Â¤Ã Â¤Â° 250 Ã Â¤Â¶Ã Â¤Â¬Ã Â¥ÂÃ Â¤Â¦Ã Â¥â¹Ã Â¤â Ã Â¤Â®Ã Â¥â¡Ã Â¤â Ã Â¤Â¦Ã Â¥â¡Ã Â¤â) 15",The French Revolution has enduring relevance to the contemporary world. Explain.,100.0,keep,true,aggregator,,,,,,,,,,,,,,,,,,
2025,GS1,daca2e9f-012e-46fc-8b10-b6df340b4200,14,,18,GS1-Q18,"Give a geographical explanation of the distribution of off-shore oil reserves of the world. How are they different from the on-shore occurrences of oil reserves? (Answer in 250 words) 15 Marks

[Hindi] Ã Â¤ÂµÃ Â¤Â¿Ã Â¤Â¶Ã Â¥ÂÃ Â¤Âµ Ã Â¤â¢Ã Â¥â¡ Ã Â¤â¦Ã Â¤ÂªÃ Â¤Â¤Ã Â¤Å¸Ã Â¥â¬Ã Â¤Â¯ Ã Â¤Â¤Ã Â¥â¡Ã Â¤Â² Ã Â¤Â­Ã Â¤âÃ Â¤Â¡Ã Â¤Â¾Ã Â¤Â°Ã Â¥â¹Ã Â¤â Ã Â¤â¢Ã Â¥â¡ Ã Â¤ÂµÃ Â¤Â¿Ã Â¤Â¤Ã Â¤Â°Ã Â¤Â£ Ã Â¤â¢Ã Â¥â¬ Ã Â¤Â­Ã Â¥ÅÃ Â¤âÃ Â¥â¹Ã Â¤Â²Ã Â¤Â¿Ã Â¤â¢ Ã Â¤ÂµÃ Â¥ÂÃ Â¤Â¯Ã Â¤Â¾Ã Â¤âÃ Â¥ÂÃ Â¤Â¯Ã Â¤Â¾ Ã Â¤â¢Ã Â¥â¬Ã Â¤ÅÃ Â¤Â¿Ã Â¤ÂÃ Â¥Â¤ Ã Â¤Â¯Ã Â¥â¡ Ã Â¤Â¤Ã Â¤Å¸Ã Â¤ÂµÃ Â¤Â°Ã Â¥ÂÃ Â¤Â¤Ã Â¥â¬ Ã Â¤Â¤Ã Â¥â¡Ã Â¤Â² Ã Â¤Â­Ã Â¤âÃ Â¤Â¡Ã Â¤Â¾Ã Â¤Â°Ã Â¥â¹Ã Â¤â Ã Â¤Â¸Ã Â¥â¡ Ã Â¤â¢Ã Â¤Â¿Ã Â¤Â¸ Ã Â¤ÂªÃ Â¥ÂÃ Â¤Â°Ã Â¤â¢Ã Â¤Â¾Ã Â¤Â° Ã Â¤Â­Ã Â¤Â¿Ã Â¤Â¨Ã Â¥ÂÃ Â¤Â¨ Ã Â¤Â¹Ã Â¥ËÃ Â¤â? (Ã Â¤â°Ã Â¤Â¤Ã Â¥ÂÃ Â¤Â¤Ã Â¤Â° 250 Ã Â¤Â¶Ã Â¤Â¬Ã Â¥ÂÃ Â¤Â¦Ã Â¥â¹Ã Â¤â Ã Â¤Â®Ã Â¥â¡Ã Â¤â Ã Â¤Â¦Ã Â¥â¡Ã Â¤â) 15",Give a geographical explanation of the distribution of off-shore oil reserves of the world. How are they different from the on-shore occurrences of oil reserves?,100.0,keep,true,aggregator,,,,,,,,,,,,,,,,,,
2025,GS1,daca2e9f-012e-46fc-8b10-b6df340b4200,15,,20,GS1-Q20,"How can Artificial Intelligence (AI) and drones be effectively used along with GIS and RS techniques in locational and areal planning? (Answer in 250 words) 15 Marks

[Hindi] Ã Â¤Â¸Ã Â¥ÂÃ Â¤Â¥Ã Â¤Â¾Ã Â¤Â¨ Ã Â¤âÃ Â¤Â° Ã Â¤â¢Ã Â¥ÂÃ Â¤Â·Ã Â¥â¡Ã Â¤Â¤Ã Â¥ÂÃ Â¤Â° Ã Â¤Â¨Ã Â¤Â¿Ã Â¤Â¯Ã Â¥â¹Ã Â¤ÅÃ Â¤Â¨ Ã Â¤Â®Ã Â¥â¡Ã Â¤â Ã Â¤ÅÃ Â¥â¬Ã Â¤â Ã Â¤ËÃ Â¤ÂÃ Â¤Â¸ Ã Â¤âÃ Â¤Â° Ã Â¤â Ã Â¤Â°Ã Â¤ÂÃ Â¤Â¸ Ã Â¤Â¤Ã Â¤â¢Ã Â¤Â¨Ã Â¥â¬Ã Â¤â¢Ã Â¥â¹Ã Â¤â Ã Â¤â¢Ã Â¥â¡ Ã Â¤Â¸Ã Â¤Â¾Ã Â¤Â¥ Ã Â¤â¢Ã Â¥ÆÃ Â¤Â¤Ã Â¥ÂÃ Â¤Â°Ã Â¤Â¿Ã Â¤Â® Ã Â¤Â¬Ã Â¥ÂÃ Â¤Â¦Ã Â¥ÂÃ Â¤Â§Ã Â¤Â¿Ã Â¤Â®Ã Â¤Â¤Ã Â¥ÂÃ Â¤Â¤Ã Â¤Â¾ (Ã Â¤ÂÃ Â¤â Ã Â¤Ë) Ã Â¤âÃ Â¤Â° Ã Â¤Â¡Ã Â¥ÂÃ Â¤Â°Ã Â¥â¹Ã Â¤Â¨ Ã Â¤â¢Ã Â¤Â¾ Ã Â¤ÂªÃ Â¥ÂÃ Â¤Â°Ã Â¤Â­Ã Â¤Â¾Ã Â¤ÂµÃ Â¥â¬ Ã Â¤Â¢Ã Â¤âÃ Â¤â Ã Â¤Â¸Ã Â¥â¡ Ã Â¤â°Ã Â¤ÂªÃ Â¤Â¯Ã Â¥â¹Ã Â¤â Ã Â¤â¢Ã Â¥ËÃ Â¤Â¸Ã Â¥â¡ Ã Â¤â¢Ã Â¤Â¿Ã Â¤Â¯Ã Â¤Â¾ Ã Â¤ÅÃ Â¤Â¾ Ã Â¤Â¸Ã Â¤â¢Ã Â¤Â¤Ã Â¤Â¾ Ã Â¤Â¹Ã Â¥Ë? (Ã Â¤â°Ã Â¤Â¤Ã Â¥ÂÃ Â¤Â¤Ã Â¤Â° 250 Ã Â¤Â¶Ã Â¤Â¬Ã Â¥ÂÃ Â¤Â¦Ã Â¥â¹Ã Â¤â Ã Â¤Â®Ã Â¥â¡Ã Â¤â Ã Â¤Â¦Ã Â¥â¡Ã Â¤â) 15",How can Artificial Intelligence (AI) and drones be effectively used along with GIS and RS techniques in locational and areal planning?,100.0,keep,true,aggregator,,,,,,,,,,,,,,,,,,
2025,GS1,daca2e9f-012e-46fc-8b10-b6df340b4200,16,,14,GS1-Q14,"Discuss how the changes in the shape and size of continents and ocean basins of the planet take place due to tectonic movements of the crustal masses. (Answer in 250 words) 15 Marks

[Hindi] Ã Â¤ÂªÃ Â¥ÆÃ Â¤Â¥Ã Â¥ÂÃ Â¤ÂµÃ Â¥â¬ Ã Â¤â¢Ã Â¥â¡ Ã Â¤Â®Ã Â¤Â¹Ã Â¤Â¾Ã Â¤Â¦Ã Â¥ÂÃ Â¤ÂµÃ Â¥â¬Ã Â¤ÂªÃ Â¥â¹Ã Â¤â Ã Â¤âÃ Â¤Â° Ã Â¤Â®Ã Â¤Â¹Ã Â¤Â¾Ã Â¤Â¸Ã Â¤Â¾Ã Â¤âÃ Â¤Â°Ã Â¥â¬Ã Â¤Â¯ Ã Â¤Â¬Ã Â¥â¡Ã Â¤Â¸Ã Â¤Â¿Ã Â¤Â¨Ã Â¥â¹Ã Â¤â Ã Â¤â¢Ã Â¥â¡ Ã Â¤â Ã Â¤â¢Ã Â¤Â¾Ã Â¤Â° Ã Â¤âÃ Â¤Â° Ã Â¤â Ã Â¤â¢Ã Â¥ÆÃ Â¤Â¤Ã Â¤Â¿ Ã Â¤Â®Ã Â¥â¡Ã Â¤â Ã Â¤ÂªÃ Â¤Â°Ã Â¤Â¿Ã Â¤ÂµÃ Â¤Â°Ã Â¥ÂÃ Â¤Â¤Ã Â¤Â¨ Ã Â¤Â­Ã Â¥âÃ Â¤ÂªÃ Â¤Â°Ã Â¥ÂÃ Â¤ÂªÃ Â¤Å¸Ã Â¥â¬ Ã Â¤Â¦Ã Â¥ÂÃ Â¤Â°Ã Â¤ÂµÃ Â¥ÂÃ Â¤Â¯Ã Â¤Â®Ã Â¤Â¾Ã Â¤Â¨Ã Â¥â¹Ã Â¤â Ã Â¤â¢Ã Â¥â¬ Ã Â¤ÂµÃ Â¤Â¿Ã Â¤ÂµÃ Â¤Â°Ã Â¥ÂÃ Â¤Â¤Ã Â¤Â¨Ã Â¤Â¿Ã Â¤â¢ Ã Â¤âÃ Â¤Â¤Ã Â¤Â¿Ã Â¤Â¯Ã Â¥â¹Ã Â¤â Ã Â¤â¢Ã Â¥â¡ Ã Â¤â¢Ã Â¤Â¾Ã Â¤Â°Ã Â¤Â£ Ã Â¤â¢Ã Â¥ËÃ Â¤Â¸Ã Â¥â¡ Ã Â¤Â¹Ã Â¥â¹Ã Â¤Â¤Ã Â¥â¡ Ã Â¤Â¹Ã Â¥ËÃ Â¤â, Ã Â¤â¡Ã Â¤Â¸ Ã Â¤ÂªÃ Â¤Â° Ã Â¤Å¡Ã Â¤Â°Ã Â¥ÂÃ Â¤Å¡Ã Â¤Â¾ Ã Â¤â¢Ã Â¤Â°Ã Â¥â¡Ã Â¤âÃ Â¥Â¤ (Ã Â¤â°Ã Â¤Â¤Ã Â¥ÂÃ Â¤Â¤Ã Â¤Â° 250 Ã Â¤Â¶Ã Â¤Â¬Ã Â¥ÂÃ Â¤Â¦Ã Â¥â¹Ã Â¤â Ã Â¤Â®Ã Â¥â¡Ã Â¤â Ã Â¤Â¦Ã Â¥â¡Ã Â¤â) 15",Discuss how the changes in shape and sizes of continents and ocean basins of the planet take place due to tectonic movements of the crustal masses.,97.3,keep,true,aggregator,,,,,,,,,,,,,,,,,,
2025,GS1,daca2e9f-012e-46fc-8b10-b6df340b4200,17,,16,GS1-Q16,"Discuss the distribution and density of population in the Ganga River Basin with special reference to land, soil and water resources. (Answer in 250 words) 15 Marks

[Hindi] Ã Â¤âÃ Â¤âÃ Â¤âÃ Â¤Â¾ Ã Â¤Â¨Ã Â¤Â¦Ã Â¥â¬ Ã Â¤Â¬Ã Â¥â¡Ã Â¤Â¸Ã Â¤Â¿Ã Â¤Â¨ Ã Â¤Â®Ã Â¥â¡Ã Â¤â Ã Â¤ÅÃ Â¤Â¨Ã Â¤Â¸Ã Â¤âÃ Â¤âÃ Â¥ÂÃ Â¤Â¯Ã Â¤Â¾ Ã Â¤â¢Ã Â¥â¡ Ã Â¤ÂµÃ Â¤Â¿Ã Â¤Â¤Ã Â¤Â°Ã Â¤Â£ Ã Â¤âÃ Â¤Â° Ã Â¤ËÃ Â¤Â¨Ã Â¤Â¤Ã Â¥ÂÃ Â¤Âµ Ã Â¤ÂªÃ Â¤Â° Ã Â¤Â­Ã Â¥âÃ Â¤Â®Ã Â¤Â¿, Ã Â¤Â®Ã Â¤Â¿Ã Â¤Å¸Ã Â¥ÂÃ Â¤Å¸Ã Â¥â¬ Ã Â¤âÃ Â¤Â° Ã Â¤ÅÃ Â¤Â² Ã Â¤Â¸Ã Â¤âÃ Â¤Â¸Ã Â¤Â¾Ã Â¤Â§Ã Â¤Â¨Ã Â¥â¹Ã Â¤â Ã Â¤â¢Ã Â¥â¡ Ã Â¤ÂµÃ Â¤Â¿Ã Â¤Â¶Ã Â¥â¡Ã Â¤Â· Ã Â¤Â¸Ã Â¤âÃ Â¤Â¦Ã Â¤Â°Ã Â¥ÂÃ Â¤Â­ Ã Â¤Â®Ã Â¥â¡Ã Â¤â Ã Â¤Å¡Ã Â¤Â°Ã Â¥ÂÃ Â¤Å¡Ã Â¤Â¾ Ã Â¤â¢Ã Â¥â¬Ã Â¤ÅÃ Â¤Â¿Ã Â¤ÂÃ Â¥Â¤ (Ã Â¤â°Ã Â¤Â¤Ã Â¥ÂÃ Â¤Â¤Ã Â¤Â° 250 Ã Â¤Â¶Ã Â¤Â¬Ã Â¥ÂÃ Â¤Â¦Ã Â¥â¹Ã Â¤â Ã Â¤Â®Ã Â¥â¡Ã Â¤â Ã Â¤Â¦Ã Â¥â¡Ã Â¤â) 15","Discuss the distribution and density of population in the Ganga River Basin with special reference to land, soil and water resources.",100.0,keep,true,aggregator,,,,,,,,,,,,,,,,,,
2025,GS1,daca2e9f-012e-46fc-8b10-b6df340b4200,18,,12,GS1-Q12,"How do you account for the growing fast food industries despite increasing health concerns in modern society? Illustrate your answer with the Indian experience. (Answer in 250 words) 15 Marks

[Hindi] Ã Â¤â Ã Â¤Â§Ã Â¥ÂÃ Â¤Â¨Ã Â¤Â¿Ã Â¤â¢ Ã Â¤Â¸Ã Â¤Â®Ã Â¤Â¾Ã Â¤Å Ã Â¤Â®Ã Â¥â¡Ã Â¤â Ã Â¤Â¸Ã Â¥ÂÃ Â¤ÂµÃ Â¤Â¾Ã Â¤Â¸Ã Â¥ÂÃ Â¤Â¥Ã Â¥ÂÃ Â¤Â¯ Ã Â¤Â¸Ã Â¤âÃ Â¤Â¬Ã Â¤âÃ Â¤Â§Ã Â¥â¬ Ã Â¤Â¬Ã Â¤Â¢Ã Â¤Â¼Ã Â¤Â¤Ã Â¥â¬ Ã Â¤Å¡Ã Â¤Â¿Ã Â¤âÃ Â¤Â¤Ã Â¤Â¾Ã Â¤âÃ Â¤â Ã Â¤â¢Ã Â¥â¡ Ã Â¤Â¬Ã Â¤Â¾Ã Â¤ÂµÃ Â¤ÅÃ Â¥âÃ Â¤Â¦, Ã Â¤â Ã Â¤Âª Ã Â¤Â¬Ã Â¤Â¢Ã Â¤Â¼Ã Â¤Â¤Ã Â¥â¡ Ã Â¤Â«Ã Â¤Â¾Ã Â¤Â¸Ã Â¥ÂÃ Â¤Å¸ Ã Â¤Â«Ã Â¥âÃ Â¤Â¡ Ã Â¤â°Ã Â¤Â¦Ã Â¥ÂÃ Â¤Â¯Ã Â¥â¹Ã Â¤âÃ Â¥â¹Ã Â¤â Ã Â¤â¢Ã Â¥â¬ Ã Â¤ÂµÃ Â¥ÂÃ Â¤Â¯Ã Â¤Â¾Ã Â¤âÃ Â¥ÂÃ Â¤Â¯Ã Â¤Â¾ Ã Â¤â¢Ã Â¥ËÃ Â¤Â¸Ã Â¥â¡ Ã Â¤â¢Ã Â¤Â°Ã Â¤Â¤Ã Â¥â¡ Ã Â¤Â¹Ã Â¥ËÃ Â¤â? Ã Â¤â¦Ã Â¤ÂªÃ Â¤Â¨Ã Â¥â¡ Ã Â¤â°Ã Â¤Â¤Ã Â¥ÂÃ Â¤Â¤Ã Â¤Â° Ã Â¤â¢Ã Â¥â¹ Ã Â¤Â­Ã Â¤Â¾Ã Â¤Â°Ã Â¤Â¤Ã Â¥â¬Ã Â¤Â¯ Ã Â¤â¦Ã Â¤Â¨Ã Â¥ÂÃ Â¤Â­Ã Â¤Âµ Ã Â¤â¢Ã Â¥â¡ Ã Â¤â°Ã Â¤Â¦Ã Â¤Â¾Ã Â¤Â¹Ã Â¤Â°Ã Â¤Â£ Ã Â¤Â¸Ã Â¥â¡ Ã Â¤Â¸Ã Â¥ÂÃ Â¤ÂªÃ Â¤Â·Ã Â¥ÂÃ Â¤Å¸ Ã Â¤â¢Ã Â¥â¬Ã Â¤ÅÃ Â¤Â¿Ã Â¤ÂÃ Â¥Â¤ (Ã Â¤â°Ã Â¤Â¤Ã Â¥ÂÃ Â¤Â¤Ã Â¤Â° 250 Ã Â¤Â¶Ã Â¤Â¬Ã Â¥ÂÃ Â¤Â¦Ã Â¥â¹Ã Â¤â Ã Â¤Â®Ã Â¥â¡Ã Â¤â Ã Â¤Â¦Ã Â¥â¡Ã Â¤â) 15",How do you account for the growing fast food industries given that there are increased health concerns in modern society? Illustrate your answer with the Indian experience.,92.1,keep,true,aggregator,,,,,,,,,,,,,,,,,,
2025,GS1,daca2e9f-012e-46fc-8b10-b6df340b4200,19,,9,GS1-Q9,"Achieving sustainable growth with emphasis on environmental protection could come into conflict with the needs of poor people in a country like India. Comment. (Answer in 250 words) 15 Marks

[Hindi] Ã Â¤Â­Ã Â¤Â¾Ã Â¤Â°Ã Â¤Â¤ Ã Â¤ÅÃ Â¥ËÃ Â¤Â¸Ã Â¥â¡ Ã Â¤Â¦Ã Â¥â¡Ã Â¤Â¶ Ã Â¤Â®Ã Â¥â¡Ã Â¤â Ã Â¤ÂªÃ Â¤Â°Ã Â¥ÂÃ Â¤Â¯Ã Â¤Â¾Ã Â¤ÂµÃ Â¤Â°Ã Â¤Â£ Ã Â¤Â¸Ã Â¤âÃ Â¤Â°Ã Â¤â¢Ã Â¥ÂÃ Â¤Â·Ã Â¤Â£ Ã Â¤ÂªÃ Â¤Â° Ã Â¤ÅÃ Â¥â¹Ã Â¤Â° Ã Â¤Â¦Ã Â¥â¡Ã Â¤Â¤Ã Â¥â¡ Ã Â¤Â¹Ã Â¥ÂÃ Â¤Â Ã Â¤Â¸Ã Â¤Â¤Ã Â¤Â¤ Ã Â¤ÂµÃ Â¤Â¿Ã Â¤â¢Ã Â¤Â¾Ã Â¤Â¸ Ã Â¤Â¹Ã Â¤Â¾Ã Â¤Â¸Ã Â¤Â¿Ã Â¤Â² Ã Â¤â¢Ã Â¤Â°Ã Â¤Â¨Ã Â¤Â¾ Ã Â¤âÃ Â¤Â°Ã Â¥â¬Ã Â¤Â¬ Ã Â¤Â²Ã Â¥â¹Ã Â¤âÃ Â¥â¹Ã Â¤â Ã Â¤â¢Ã Â¥â¬ Ã Â¤ÅÃ Â¤Â°Ã Â¥âÃ Â¤Â°Ã Â¤Â¤Ã Â¥â¹Ã Â¤â Ã Â¤â¢Ã Â¥â¡ Ã Â¤Â¸Ã Â¤Â¾Ã Â¤Â¥ Ã Â¤Å¸Ã Â¤â¢Ã Â¤Â°Ã Â¤Â¾Ã Â¤Âµ Ã Â¤ÂªÃ Â¥ËÃ Â¤Â¦Ã Â¤Â¾ Ã Â¤â¢Ã Â¤Â° Ã Â¤Â¸Ã Â¤â¢Ã Â¤Â¤Ã Â¤Â¾ Ã Â¤Â¹Ã Â¥ËÃ Â¥Â¤ Ã Â¤Å¸Ã Â¤Â¿Ã Â¤ÂªÃ Â¥ÂÃ Â¤ÂªÃ Â¤Â£Ã Â¥â¬ Ã Â¤â¢Ã Â¤Â°Ã Â¥â¡Ã Â¤âÃ Â¥Â¤ (Ã Â¤â°Ã Â¤Â¤Ã Â¥ÂÃ Â¤Â¤Ã Â¤Â° 250 Ã Â¤Â¶Ã Â¤Â¬Ã Â¥ÂÃ Â¤Â¦Ã Â¥â¹Ã Â¤â Ã Â¤Â®Ã Â¥â¡Ã Â¤â Ã Â¤Â¦Ã Â¥â¡Ã Â¤â) 15",Achieving sustainable growth with emphasis on environmental protection could come into conflict with poor people’s needs in a country like India – Comment.,91.4,keep,true,aggregator,,,,,,,,,,,,,,,,,,
2025,GS1,daca2e9f-012e-46fc-8b10-b6df340b4200,20,,10,GS1-Q10,"Does tribal development in India centre around two axesÃ¢â¬âdisplacement and rehabilitation? Give your opinion. (Answer in 250 words) 15 Marks

[Hindi] Ã Â¤â¢Ã Â¥ÂÃ Â¤Â¯Ã Â¤Â¾ Ã Â¤Â­Ã Â¤Â¾Ã Â¤Â°Ã Â¤Â¤ Ã Â¤Â®Ã Â¥â¡Ã Â¤â Ã Â¤ÅÃ Â¤Â¨Ã Â¤ÅÃ Â¤Â¾Ã Â¤Â¤Ã Â¥â¬Ã Â¤Â¯ Ã Â¤ÂµÃ Â¤Â¿Ã Â¤â¢Ã Â¤Â¾Ã Â¤Â¸ Ã Â¤Â¦Ã Â¥â¹ Ã Â¤Â®Ã Â¥ÂÃ Â¤âÃ Â¥ÂÃ Â¤Â¯ Ã Â¤Â¬Ã Â¤Â¿Ã Â¤âÃ Â¤Â¦Ã Â¥ÂÃ Â¤âÃ Â¤â, Ã Â¤ÂµÃ Â¤Â¿Ã Â¤Â¸Ã Â¥ÂÃ Â¤Â¥Ã Â¤Â¾Ã Â¤ÂªÃ Â¤Â¨ Ã Â¤âÃ Â¤Â° Ã Â¤ÂªÃ Â¥ÂÃ Â¤Â¨Ã Â¤Â°Ã Â¥ÂÃ Â¤ÂµÃ Â¤Â¾Ã Â¤Â¸, Ã Â¤ÂªÃ Â¤Â° Ã Â¤â¢Ã Â¥â¡Ã Â¤âÃ Â¤Â¦Ã Â¥ÂÃ Â¤Â°Ã Â¤Â¿Ã Â¤Â¤ Ã Â¤Â¹Ã Â¥Ë? Ã Â¤â¦Ã Â¤ÂªÃ Â¤Â¨Ã Â¥â¬ Ã Â¤Â°Ã Â¤Â¾Ã Â¤Â¯ Ã Â¤Â¦Ã Â¥â¬Ã Â¤ÅÃ Â¤Â¿Ã Â¤ÂÃ Â¥Â¤ (Ã Â¤â°Ã Â¤Â¤Ã Â¥ÂÃ Â¤Â¤Ã Â¤Â° 250 Ã Â¤Â¶Ã Â¤Â¬Ã Â¥ÂÃ Â¤Â¦Ã Â¥â¹Ã Â¤â Ã Â¤Â®Ã Â¥â¡Ã Â¤â Ã Â¤Â¦Ã Â¥â¡Ã Â¤â) 15","Does tribal development in India centre around two axes, those of displacement and of rehabilitation? Give your opinion.",92.9,keep,true,aggregator,,,,,,,,,,,,,,,,,,
2025,GS2,d332fcad-6750-4542-af0a-3f203f819096,21,,8,GS2-Q8,"Discuss the Ã¢â¬Ëcorrupt practicesÃ¢â¬â¢ for the purpose of the Representation of the People Act, 1951. Analyze whether the increase in the assets of the legislators and/or their associates, disproportionate to their known sources of income, would constitute Ã¢â¬Ëundue influenceÃ¢â¬â¢ and consequently a corrupt practice. (Answer in 150 words) 10 Marks

[Hindi] Ã Â¤ÅÃ Â¤Â¨Ã Â¤ÂªÃ Â¥ÂÃ Â¤Â°Ã Â¤Â¤Ã Â¤Â¿Ã Â¤Â¨Ã Â¤Â¿Ã Â¤Â§Ã Â¤Â¿Ã Â¤Â¤Ã Â¥ÂÃ Â¤Âµ Ã Â¤â¦Ã Â¤Â§Ã Â¤Â¿Ã Â¤Â¨Ã Â¤Â¿Ã Â¤Â¯Ã Â¤Â®, 1951 Ã Â¤â¢Ã Â¥â¡ Ã Â¤Â¸Ã Â¤âÃ Â¤Â¦Ã Â¤Â°Ã Â¥ÂÃ Â¤Â­ Ã Â¤Â®Ã Â¥â¡Ã Â¤â 'Ã Â¤Â­Ã Â¥ÂÃ Â¤Â°Ã Â¤Â·Ã Â¥ÂÃ Â¤Å¸ Ã Â¤â Ã Â¤Å¡Ã Â¤Â°Ã Â¤Â£' (Corrupt Practices) Ã Â¤â¢Ã Â¥â¬ Ã Â¤ÂµÃ Â¤Â¿Ã Â¤ÂµÃ Â¥â¡Ã Â¤Å¡Ã Â¤Â¨Ã Â¤Â¾ Ã Â¤â¢Ã Â¥â¬Ã Â¤ÅÃ Â¤Â¿Ã Â¤ÂÃ Â¥Â¤ Ã Â¤ÂµÃ Â¤Â¿Ã Â¤Â¶Ã Â¥ÂÃ Â¤Â²Ã Â¥â¡Ã Â¤Â·Ã Â¤Â£ Ã Â¤â¢Ã Â¥â¬Ã Â¤ÅÃ Â¤Â¿Ã Â¤Â Ã Â¤â¢Ã Â¤Â¿ Ã Â¤ÂµÃ Â¤Â¿Ã Â¤Â§Ã Â¤Â¾Ã Â¤Â¯Ã Â¤â¢Ã Â¥â¹Ã Â¤â Ã Â¤Â¤Ã Â¤Â¥Ã Â¤Â¾/Ã Â¤â¦Ã Â¤Â¥Ã Â¤ÂµÃ Â¤Â¾ Ã Â¤â°Ã Â¤Â¨Ã Â¤â¢Ã Â¥â¡ Ã Â¤Â¸Ã Â¤Â¹Ã Â¤Â¯Ã Â¥â¹Ã Â¤âÃ Â¤Â¿Ã Â¤Â¯Ã Â¥â¹Ã Â¤â Ã Â¤â¢Ã Â¥â¬ Ã Â¤ÅÃ Â¥ÂÃ Â¤Å¾Ã Â¤Â¾Ã Â¤Â¤ Ã Â¤â Ã Â¤Â¯ Ã Â¤â¢Ã Â¥â¡ Ã Â¤Â¸Ã Â¥ÂÃ Â¤Â°Ã Â¥â¹Ã Â¤Â¤Ã Â¥â¹Ã Â¤â Ã Â¤â¢Ã Â¥â¬ Ã Â¤Â¤Ã Â¥ÂÃ Â¤Â²Ã Â¤Â¨Ã Â¤Â¾ Ã Â¤Â®Ã Â¥â¡Ã Â¤â Ã Â¤â¦Ã Â¤Â¸Ã Â¤âÃ Â¤âÃ Â¤Â¤ Ã Â¤Â°Ã Â¥âÃ Â¤Âª Ã Â¤Â¸Ã Â¥â¡ Ã Â¤Â¬Ã Â¤Â¢Ã Â¤Â¼Ã Â¥â¬ Ã Â¤Â¹Ã Â¥ÂÃ Â¤Ë Ã Â¤Â¸Ã Â¤âÃ Â¤ÂªÃ Â¤Â¤Ã Â¥ÂÃ Â¤Â¤Ã Â¤Â¿ Ã Â¤â¢Ã Â¥ÂÃ Â¤Â¯Ã Â¤Â¾ 'Ã Â¤â¦Ã Â¤Â¨Ã Â¥ÂÃ Â¤Å¡Ã Â¤Â¿Ã Â¤Â¤ Ã Â¤ÂªÃ Â¥ÂÃ Â¤Â°Ã Â¤Â­Ã Â¤Â¾Ã Â¤Âµ' (Undue Influence) Ã Â¤Â®Ã Â¤Â¾Ã Â¤Â¨Ã Â¥â¬ Ã Â¤ÅÃ Â¤Â¾Ã Â¤ÂÃ Â¤âÃ Â¥â¬ Ã Â¤âÃ Â¤Â° Ã Â¤ÂªÃ Â¤Â°Ã Â¤Â¿Ã Â¤Â£Ã Â¤Â¾Ã Â¤Â®Ã Â¤Â¸Ã Â¥ÂÃ Â¤ÂµÃ Â¤Â°Ã Â¥âÃ Â¤Âª Ã Â¤â¢Ã Â¥ÂÃ Â¤Â¯Ã Â¤Â¾ Ã Â¤ÂµÃ Â¤Â¹ Ã Â¤Â­Ã Â¥ÂÃ Â¤Â°Ã Â¤Â·Ã Â¥ÂÃ Â¤Å¸ Ã Â¤â Ã Â¤Å¡Ã Â¤Â°Ã Â¤Â£ Ã Â¤â¢Ã Â¤Â¾ Ã Â¤âÃ Â¤Â Ã Â¤Â¨ Ã Â¤â¢Ã Â¤Â°Ã Â¥â¡Ã Â¤âÃ Â¥â¬? (Ã Â¤â°Ã Â¤Â¤Ã Â¥ÂÃ Â¤Â¤Ã Â¤Â° 150 Ã Â¤Â¶Ã Â¤Â¬Ã Â¥ÂÃ Â¤Â¦Ã Â¥â¹Ã Â¤â Ã Â¤Â®Ã Â¥â¡Ã Â¤â Ã Â¤Â¦Ã Â¥â¡Ã Â¤â) 10","Discuss the ‘corrupt practices’ for the purpose of the Representation of the People Act, 1951. Analyze whether the increase in the assets of the legislators and/or their associates, disproportionate to their known sources of income, would constitute ‘undue influence’ and consequently a corrupt practice.",96.3,keep,true,aggregator,,,,,,,,,,,,,,,,,,
2025,GS2,d332fcad-6750-4542-af0a-3f203f819096,22,,9,GS2-Q9,"Comment on the need of administrative tribunals as compared to the court system. Assess the impact of the recent tribunal reforms through rationalization of tribunals made in 2021. (Answer in 150 words) 10 Marks

[Hindi] Ã Â¤Â¨Ã Â¥ÂÃ Â¤Â¯Ã Â¤Â¾Ã Â¤Â¯Ã Â¤Â¾Ã Â¤Â²Ã Â¤Â¯ Ã Â¤ÂªÃ Â¥ÂÃ Â¤Â°Ã Â¤Â£Ã Â¤Â¾Ã Â¤Â²Ã Â¥â¬ Ã Â¤â¢Ã Â¥â¬ Ã Â¤Â¤Ã Â¥ÂÃ Â¤Â²Ã Â¤Â¨Ã Â¤Â¾ Ã Â¤Â®Ã Â¥â¡Ã Â¤â Ã Â¤ÂªÃ Â¥ÂÃ Â¤Â°Ã Â¤Â¶Ã Â¤Â¾Ã Â¤Â¸Ã Â¤Â¨Ã Â¤Â¿Ã Â¤â¢ Ã Â¤â¦Ã Â¤Â§Ã Â¤Â¿Ã Â¤â¢Ã Â¤Â°Ã Â¤Â£Ã Â¥â¹Ã Â¤â (Administrative Tribunals) Ã Â¤â¢Ã Â¥â¬ Ã Â¤â Ã Â¤ÂµÃ Â¤Â¶Ã Â¥ÂÃ Â¤Â¯Ã Â¤â¢Ã Â¤Â¤Ã Â¤Â¾ Ã Â¤ÂªÃ Â¤Â° Ã Â¤Å¸Ã Â¤Â¿Ã Â¤ÂªÃ Â¥ÂÃ Â¤ÂªÃ Â¤Â£Ã Â¥â¬ Ã Â¤â¢Ã Â¥â¬Ã Â¤ÅÃ Â¤Â¿Ã Â¤ÂÃ Â¥Â¤ Ã Â¤ÂµÃ Â¤Â°Ã Â¥ÂÃ Â¤Â· 2021 Ã Â¤Â®Ã Â¥â¡Ã Â¤â Ã Â¤â¦Ã Â¤Â§Ã Â¤Â¿Ã Â¤â¢Ã Â¤Â°Ã Â¤Â£Ã Â¥â¹Ã Â¤â Ã Â¤â¢Ã Â¥â¡ Ã Â¤Â¯Ã Â¥ÂÃ Â¤â¢Ã Â¥ÂÃ Â¤Â¤Ã Â¤Â¿Ã Â¤â¢Ã Â¤Â°Ã Â¤Â£ (Rationalization of Tribunals) Ã Â¤â¢Ã Â¥â¡ Ã Â¤Â®Ã Â¤Â¾Ã Â¤Â§Ã Â¥ÂÃ Â¤Â¯Ã Â¤Â® Ã Â¤Â¸Ã Â¥â¡ Ã Â¤â¢Ã Â¤Â¿Ã Â¤Â Ã Â¤âÃ Â¤Â Ã Â¤Â¹Ã Â¤Â¾Ã Â¤Â²Ã Â¤Â¿Ã Â¤Â¯Ã Â¤Â¾ Ã Â¤â¦Ã Â¤Â§Ã Â¤Â¿Ã Â¤â¢Ã Â¤Â°Ã Â¤Â£ Ã Â¤Â¸Ã Â¥ÂÃ Â¤Â§Ã Â¤Â¾Ã Â¤Â°Ã Â¥â¹Ã Â¤â Ã Â¤â¢Ã Â¥â¡ Ã Â¤ÂªÃ Â¥ÂÃ Â¤Â°Ã Â¤Â­Ã Â¤Â¾Ã Â¤Âµ Ã Â¤â¢Ã Â¤Â¾ Ã Â¤â Ã Â¤â¢Ã Â¤Â²Ã Â¤Â¨ Ã Â¤â¢Ã Â¥â¬Ã Â¤ÅÃ Â¤Â¿Ã Â¤ÂÃ Â¥Â¤ (Ã Â¤â°Ã Â¤Â¤Ã Â¥ÂÃ Â¤Â¤Ã Â¤Â° 150 Ã Â¤Â¶Ã Â¤Â¬Ã Â¥ÂÃ Â¤Â¦Ã Â¥â¹Ã Â¤â Ã Â¤Â®Ã Â¥â¡Ã Â¤â Ã Â¤Â¦Ã Â¥â¡Ã Â¤â) 10",Comment on the need of administrative tribunals as compared to the court system. Assess the impact of the recent tribunal reforms through rationalization of tribunals made in 2021.,100.0,keep,true,aggregator,,,,,,,,,,,,,,,,,,
2025,GS2,d332fcad-6750-4542-af0a-3f203f819096,23,,5,GS2-Q5,"Compare and contrast the PresidentÃ¢â¬â¢s power to pardon in India and in the USA. Are there any limits to it in both the countries? What are Ã¢â¬Ëpreemptive pardonsÃ¢â¬â¢? (Answer in 150 words) 10 Marks

[Hindi] Ã Â¤Â­Ã Â¤Â¾Ã Â¤Â°Ã Â¤Â¤ Ã Â¤âÃ Â¤Â° Ã Â¤Â¸Ã Â¤âÃ Â¤Â¯Ã Â¥ÂÃ Â¤â¢Ã Â¥ÂÃ Â¤Â¤ Ã Â¤Â°Ã Â¤Â¾Ã Â¤ÅÃ Â¥ÂÃ Â¤Â¯ Ã Â¤â¦Ã Â¤Â®Ã Â¥â¡Ã Â¤Â°Ã Â¤Â¿Ã Â¤â¢Ã Â¤Â¾ (USA) Ã Â¤Â®Ã Â¥â¡Ã Â¤â Ã Â¤Â°Ã Â¤Â¾Ã Â¤Â·Ã Â¥ÂÃ Â¤Å¸Ã Â¥ÂÃ Â¤Â°Ã Â¤ÂªÃ Â¤Â¤Ã Â¤Â¿ Ã Â¤â¢Ã Â¥â¬ Ã Â¤â¢Ã Â¥ÂÃ Â¤Â·Ã Â¤Â®Ã Â¤Â¾Ã Â¤Â¦Ã Â¤Â¾Ã Â¤Â¨ Ã Â¤Â¶Ã Â¤â¢Ã Â¥ÂÃ Â¤Â¤Ã Â¤Â¿ Ã Â¤â¢Ã Â¥â¬ Ã Â¤Â¤Ã Â¥ÂÃ Â¤Â²Ã Â¤Â¨Ã Â¤Â¾ Ã Â¤â¢Ã Â¥â¬Ã Â¤ÅÃ Â¤Â¿Ã Â¤ÂÃ Â¥Â¤ Ã Â¤â¢Ã Â¥ÂÃ Â¤Â¯Ã Â¤Â¾ Ã Â¤Â¦Ã Â¥â¹Ã Â¤Â¨Ã Â¥â¹Ã Â¤â Ã Â¤Â¦Ã Â¥â¡Ã Â¤Â¶Ã Â¥â¹Ã Â¤â Ã Â¤Â®Ã Â¥â¡Ã Â¤â Ã Â¤â¡Ã Â¤Â¸ Ã Â¤Â¶Ã Â¤â¢Ã Â¥ÂÃ Â¤Â¤Ã Â¤Â¿ Ã Â¤â¢Ã Â¥â¬ Ã Â¤â¢Ã Â¥â¹Ã Â¤Ë Ã Â¤Â¸Ã Â¥â¬Ã Â¤Â®Ã Â¤Â¾Ã Â¤ÂÃ Â¤Â Ã Â¤Â¹Ã Â¥ËÃ Â¤â? 'Ã Â¤ÂªÃ Â¥âÃ Â¤Â°Ã Â¥ÂÃ Â¤Âµ-Ã Â¤Â¨Ã Â¤Â¿Ã Â¤ÂµÃ Â¤Â¾Ã Â¤Â°Ã Â¤â¢ Ã Â¤â¢Ã Â¥ÂÃ Â¤Â·Ã Â¤Â®Ã Â¤Â¾Ã Â¤Â¦Ã Â¤Â¾Ã Â¤Â¨ (Preemptive Pardons)' Ã Â¤â¢Ã Â¥ÂÃ Â¤Â¯Ã Â¤Â¾ Ã Â¤Â¹Ã Â¥â¹Ã Â¤Â¤Ã Â¥â¡ Ã Â¤Â¹Ã Â¥ËÃ Â¤â? (Ã Â¤â°Ã Â¤Â¤Ã Â¥ÂÃ Â¤Â¤Ã Â¤Â° 150 Ã Â¤Â¶Ã Â¤Â¬Ã Â¥ÂÃ Â¤Â¦Ã Â¥â¹Ã Â¤â Ã Â¤Â®Ã Â¥â¡Ã Â¤â Ã Â¤Â¦Ã Â¥â¡Ã Â¤â) 10",Compare and contrast the President’s power to pardon in India and in the USA. Are there any limits to it in both the countries? What are ‘preemptive pardons’?,96.1,keep,true,aggregator,,,,,,,,,,,,,,,,,,
2025,GS2,d332fcad-6750-4542-af0a-3f203f819096,24,,2,GS2-Q2,"Discuss the nature of Jammu and Kashmir Legislative Assembly after the Jammu and Kashmir Reorganization Act, 2019. Briefly describe the powers and functions of the Assembly of the Union Territory of Jammu and Kashmir. (Answer in 150 words) 10 Marks

[Hindi] Ã Â¤ÅÃ Â¤Â®Ã Â¥ÂÃ Â¤Â®Ã Â¥â Ã Â¤âÃ Â¤Â° Ã Â¤â¢Ã Â¤Â¶Ã Â¥ÂÃ Â¤Â®Ã Â¥â¬Ã Â¤Â° Ã Â¤ÂªÃ Â¥ÂÃ Â¤Â¨Ã Â¤Â°Ã Â¥ÂÃ Â¤âÃ Â¤Â Ã Â¤Â¨ Ã Â¤â¦Ã Â¤Â§Ã Â¤Â¿Ã Â¤Â¨Ã Â¤Â¿Ã Â¤Â¯Ã Â¤Â®, 2019 Ã Â¤â¢Ã Â¥â¡ Ã Â¤Â¬Ã Â¤Â¾Ã Â¤Â¦ Ã Â¤ÅÃ Â¤Â®Ã Â¥ÂÃ Â¤Â®Ã Â¥â Ã Â¤âÃ Â¤Â° Ã Â¤â¢Ã Â¤Â¶Ã Â¥ÂÃ Â¤Â®Ã Â¥â¬Ã Â¤Â° Ã Â¤â¢Ã Â¥â¬ Ã Â¤ÂµÃ Â¤Â¿Ã Â¤Â§Ã Â¤Â¾Ã Â¤Â¨Ã Â¤Â¸Ã Â¤Â­Ã Â¤Â¾ Ã Â¤â¢Ã Â¥â¬ Ã Â¤ÂªÃ Â¥ÂÃ Â¤Â°Ã Â¤â¢Ã Â¥ÆÃ Â¤Â¤Ã Â¤Â¿ Ã Â¤ÂªÃ Â¤Â° Ã Â¤Å¡Ã Â¤Â°Ã Â¥ÂÃ Â¤Å¡Ã Â¤Â¾ Ã Â¤â¢Ã Â¥â¬Ã Â¤ÅÃ Â¤Â¿Ã Â¤ÂÃ Â¥Â¤ Ã Â¤ÅÃ Â¤Â®Ã Â¥ÂÃ Â¤Â®Ã Â¥â Ã Â¤âÃ Â¤Â° Ã Â¤â¢Ã Â¤Â¶Ã Â¥ÂÃ Â¤Â®Ã Â¥â¬Ã Â¤Â° Ã Â¤Â¸Ã Â¤âÃ Â¤Ë Ã Â¤Â°Ã Â¤Â¾Ã Â¤ÅÃ Â¥ÂÃ Â¤Â¯ Ã Â¤â¢Ã Â¥ÂÃ Â¤Â·Ã Â¥â¡Ã Â¤Â¤Ã Â¥ÂÃ Â¤Â° Ã Â¤â¢Ã Â¥â¬ Ã Â¤ÂµÃ Â¤Â¿Ã Â¤Â§Ã Â¤Â¾Ã Â¤Â¨Ã Â¤Â¸Ã Â¤Â­Ã Â¤Â¾ Ã Â¤â¢Ã Â¥â¬ Ã Â¤Â¶Ã Â¤â¢Ã Â¥ÂÃ Â¤Â¤Ã Â¤Â¿Ã Â¤Â¯Ã Â¥â¹Ã Â¤â Ã Â¤ÂÃ Â¤ÂµÃ Â¤â Ã Â¤â¢Ã Â¤Â¾Ã Â¤Â°Ã Â¥ÂÃ Â¤Â¯Ã Â¥â¹Ã Â¤â Ã Â¤â¢Ã Â¤Â¾ Ã Â¤Â¸Ã Â¤âÃ Â¤â¢Ã Â¥ÂÃ Â¤Â·Ã Â¥â¡Ã Â¤Âª Ã Â¤Â®Ã Â¥â¡Ã Â¤â Ã Â¤ÂµÃ Â¤Â°Ã Â¥ÂÃ Â¤Â£Ã Â¤Â¨ Ã Â¤â¢Ã Â¥â¬Ã Â¤ÅÃ Â¤Â¿Ã Â¤ÂÃ Â¥Â¤ (Ã Â¤â°Ã Â¤Â¤Ã Â¥ÂÃ Â¤Â¤Ã Â¤Â° 150 Ã Â¤Â¶Ã Â¤Â¬Ã Â¥ÂÃ Â¤Â¦Ã Â¥â¹Ã Â¤â Ã Â¤Â®Ã Â¥â¡Ã Â¤â Ã Â¤Â¦Ã Â¥â¡Ã Â¤â) 10","Discuss the nature of Jammu and Kashmir Legislative Assembly after the Jammu and Kashmir Reorganization Act, 2019. Briefly describe the powers and functions of the Assembly of the Union Territory of Jammu and Kashmir.",100.0,keep,true,aggregator,,,,,,,,,,,,,,,,,,
2025,GS2,d332fcad-6750-4542-af0a-3f203f819096,25,,10,GS2-Q10,"Ã¢â¬ÅThe Attorney General of India plays a crucial role in guiding the legal framework of the Union Government and ensuring sound governance through legal counsel.Ã¢â¬Â Discuss his responsibilities, rights and limitations in this regard. (Answer in 150 words) 10 Marks

[Hindi] ""Ã Â¤Â­Ã Â¤Â¾Ã Â¤Â°Ã Â¤Â¤ Ã Â¤â¢Ã Â¥â¡ Ã Â¤Â®Ã Â¤Â¹Ã Â¤Â¾Ã Â¤Â¨Ã Â¥ÂÃ Â¤Â¯Ã Â¤Â¾Ã Â¤Â¯Ã Â¤ÂµÃ Â¤Â¾Ã Â¤Â¦Ã Â¥â¬ (Attorney General of India) Ã Â¤Â¸Ã Â¤âÃ Â¤Ë Ã Â¤Â¸Ã Â¤Â°Ã Â¤â¢Ã Â¤Â¾Ã Â¤Â° Ã Â¤â¢Ã Â¥â¡ Ã Â¤ÂµÃ Â¤Â¿Ã Â¤Â§Ã Â¤Â¿Ã Â¤â¢ Ã Â¤Â¢Ã Â¤Â¾Ã Â¤ÂÃ Â¤Å¡Ã Â¥â¡ Ã Â¤â¢Ã Â¤Â¾ Ã Â¤Â®Ã Â¤Â¾Ã Â¤Â°Ã Â¥ÂÃ Â¤âÃ Â¤Â¦Ã Â¤Â°Ã Â¥ÂÃ Â¤Â¶Ã Â¤Â¨ Ã Â¤â¢Ã Â¤Â°Ã Â¤Â¨Ã Â¥â¡ Ã Â¤Â¤Ã Â¤Â¥Ã Â¤Â¾ Ã Â¤ÂµÃ Â¤Â¿Ã Â¤Â§Ã Â¤Â¿Ã Â¤â¢ Ã Â¤ÂªÃ Â¤Â°Ã Â¤Â¾Ã Â¤Â®Ã Â¤Â°Ã Â¥ÂÃ Â¤Â¶ Ã Â¤â¢Ã Â¥â¡ Ã Â¤Â®Ã Â¤Â¾Ã Â¤Â§Ã Â¥ÂÃ Â¤Â¯Ã Â¤Â® Ã Â¤Â¸Ã Â¥â¡ Ã Â¤Â¸Ã Â¥ÂÃ Â¤Â¶Ã Â¤Â¾Ã Â¤Â¸Ã Â¤Â¨ Ã Â¤Â¸Ã Â¥ÂÃ Â¤Â¨Ã Â¤Â¿Ã Â¤Â¶Ã Â¥ÂÃ Â¤Å¡Ã Â¤Â¿Ã Â¤Â¤ Ã Â¤â¢Ã Â¤Â°Ã Â¤Â¨Ã Â¥â¡ Ã Â¤Â®Ã Â¥â¡Ã Â¤â Ã Â¤Â®Ã Â¤Â¹Ã Â¤Â¤Ã Â¥ÂÃ Â¤Â¤Ã Â¥ÂÃ Â¤ÂµÃ Â¤ÂªÃ Â¥âÃ Â¤Â°Ã Â¥ÂÃ Â¤Â£ Ã Â¤Â­Ã Â¥âÃ Â¤Â®Ã Â¤Â¿Ã Â¤â¢Ã Â¤Â¾ Ã Â¤Â¨Ã Â¤Â¿Ã Â¤Â­Ã Â¤Â¾Ã Â¤Â¤Ã Â¥â¡ Ã Â¤Â¹Ã Â¥ËÃ Â¤âÃ Â¥Â¤"" Ã Â¤â¡Ã Â¤Â¸ Ã Â¤Â¸Ã Â¤âÃ Â¤Â¦Ã Â¤Â°Ã Â¥ÂÃ Â¤Â­ Ã Â¤Â®Ã Â¥â¡Ã Â¤â Ã Â¤â°Ã Â¤Â¨Ã Â¤â¢Ã Â¥â¡ Ã Â¤Â¦Ã Â¤Â¾Ã Â¤Â¯Ã Â¤Â¿Ã Â¤Â¤Ã Â¥ÂÃ Â¤ÂµÃ Â¥â¹Ã Â¤â, Ã Â¤â¦Ã Â¤Â§Ã Â¤Â¿Ã Â¤â¢Ã Â¤Â¾Ã Â¤Â°Ã Â¥â¹Ã Â¤â Ã Â¤ÂÃ Â¤ÂµÃ Â¤â Ã Â¤Â¸Ã Â¥â¬Ã Â¤Â®Ã Â¤Â¾Ã Â¤âÃ Â¤â Ã Â¤â¢Ã Â¥â¬ Ã Â¤Å¡Ã Â¤Â°Ã Â¥ÂÃ Â¤Å¡Ã Â¤Â¾ Ã Â¤â¢Ã Â¥â¬Ã Â¤ÅÃ Â¤Â¿Ã Â¤ÂÃ Â¥Â¤ (Ã Â¤â°Ã Â¤Â¤Ã Â¥ÂÃ Â¤Â¤Ã Â¤Â° 150 Ã Â¤Â¶Ã Â¤Â¬Ã Â¥ÂÃ Â¤Â¦Ã Â¥â¹Ã Â¤â Ã Â¤Â®Ã Â¥â¡Ã Â¤â Ã Â¤Â¦Ã Â¥â¡Ã Â¤â) 10","The Attorney General of India plays a crucial role in guiding the legal framework of the Union Government and ensuring sound governance through legal counsel.” Discuss his responsibilities, rights and limitations in this regard.",98.2,keep,true,aggregator,,,,,,,,,,,,,,,,,,
2025,GS2,d332fcad-6750-4542-af0a-3f203f819096,26,,14,GS2-Q14,"WomenÃ¢â¬â¢s social capital complements in advancing empowerment and gender equity. Explain. (Answer in 150 words) 10 Marks

[Hindi] Ã Â¤Â®Ã Â¤Â¹Ã Â¤Â¿Ã Â¤Â²Ã Â¤Â¾Ã Â¤âÃ Â¤â Ã Â¤â¢Ã Â¥â¬ Ã Â¤Â¸Ã Â¤Â¾Ã Â¤Â®Ã Â¤Â¾Ã Â¤ÅÃ Â¤Â¿Ã Â¤â¢ Ã Â¤ÂªÃ Â¥âÃ Â¤âÃ Â¤ÅÃ Â¥â¬ (Social Capital), Ã Â¤Â®Ã Â¤Â¹Ã Â¤Â¿Ã Â¤Â²Ã Â¤Â¾ Ã Â¤Â¸Ã Â¤Â¶Ã Â¤â¢Ã Â¥ÂÃ Â¤Â¤Ã Â¤Â¿Ã Â¤â¢Ã Â¤Â°Ã Â¤Â£ Ã Â¤Â¤Ã Â¤Â¥Ã Â¤Â¾ Ã Â¤Â²Ã Â¥ËÃ Â¤âÃ Â¤âÃ Â¤Â¿Ã Â¤â¢ Ã Â¤Â¸Ã Â¤Â®Ã Â¤Â¾Ã Â¤Â¨Ã Â¤Â¤Ã Â¤Â¾ Ã Â¤â¢Ã Â¥â¹ Ã Â¤â Ã Â¤âÃ Â¥â¡ Ã Â¤Â¬Ã Â¤Â¢Ã Â¤Â¼Ã Â¤Â¾Ã Â¤Â¨Ã Â¥â¡ Ã Â¤Â®Ã Â¥â¡Ã Â¤â Ã Â¤ÂªÃ Â¥âÃ Â¤Â°Ã Â¤â¢ Ã Â¤Â­Ã Â¥âÃ Â¤Â®Ã Â¤Â¿Ã Â¤â¢Ã Â¤Â¾ Ã Â¤Â¨Ã Â¤Â¿Ã Â¤Â­Ã Â¤Â¾Ã Â¤Â¤Ã Â¥â¬ Ã Â¤Â¹Ã Â¥ËÃ Â¥Â¤ Ã Â¤Â¸Ã Â¥ÂÃ Â¤ÂªÃ Â¤Â·Ã Â¥ÂÃ Â¤Å¸ Ã Â¤â¢Ã Â¥â¬Ã Â¤ÅÃ Â¤Â¿Ã Â¤ÂÃ Â¥Â¤ (Ã Â¤â°Ã Â¤Â¤Ã Â¥ÂÃ Â¤Â¤Ã Â¤Â° 150 Ã Â¤Â¶Ã Â¤Â¬Ã Â¥ÂÃ Â¤Â¦Ã Â¥â¹Ã Â¤â Ã Â¤Â®Ã Â¥â¡Ã Â¤â Ã Â¤Â¦Ã Â¥â¡Ã Â¤â) 10",Women’s social capital complements in advancing empowerment and gender equity. Explain.,96.4,keep,true,aggregator,,,,,,,,,,,,,,,,,,
2025,GS2,d332fcad-6750-4542-af0a-3f203f819096,27,,16,GS2-Q16,"e-governance projects have a built-in bias towards technology and back-end integration than user-centric designs. Examine. (Answer in 150 words) 10 Marks

[Hindi] Ã Â¤Ë-Ã Â¤âÃ Â¤ÂµÃ Â¤Â°Ã Â¥ÂÃ Â¤Â¨Ã Â¥â¡Ã Â¤âÃ Â¤Â¸ Ã Â¤ÂªÃ Â¤Â°Ã Â¤Â¿Ã Â¤Â¯Ã Â¥â¹Ã Â¤ÅÃ Â¤Â¨Ã Â¤Â¾Ã Â¤âÃ Â¤â Ã Â¤Â®Ã Â¥â¡Ã Â¤â Ã Â¤ÂªÃ Â¥ÂÃ Â¤Â°Ã Â¤Â¾Ã Â¤Â¯Ã Â¤Æ Ã Â¤ÂªÃ Â¥ÂÃ Â¤Â°Ã Â¥ÅÃ Â¤Â¦Ã Â¥ÂÃ Â¤Â¯Ã Â¥â¹Ã Â¤âÃ Â¤Â¿Ã Â¤â¢Ã Â¥â¬ Ã Â¤ÂÃ Â¤ÂµÃ Â¤â Ã Â¤Â¬Ã Â¥ËÃ Â¤â¢-Ã Â¤ÂÃ Â¤âÃ Â¤Â¡ Ã Â¤ÂÃ Â¤â¢Ã Â¥â¬Ã Â¤â¢Ã Â¤Â°Ã Â¤Â£ Ã Â¤ÂªÃ Â¤Â° Ã Â¤â¦Ã Â¤Â§Ã Â¤Â¿Ã Â¤â¢ Ã Â¤Â¬Ã Â¤Â² Ã Â¤Â¦Ã Â¤Â¿Ã Â¤Â¯Ã Â¤Â¾ Ã Â¤ÅÃ Â¤Â¾Ã Â¤Â¤Ã Â¤Â¾ Ã Â¤Â¹Ã Â¥Ë, Ã Â¤ÅÃ Â¤Â¬Ã Â¤â¢Ã Â¤Â¿ Ã Â¤â°Ã Â¤ÂªÃ Â¤Â¯Ã Â¥â¹Ã Â¤âÃ Â¤â¢Ã Â¤Â°Ã Â¥ÂÃ Â¤Â¤Ã Â¤Â¾-Ã Â¤â¢Ã Â¥â¡Ã Â¤âÃ Â¤Â¦Ã Â¥ÂÃ Â¤Â°Ã Â¤Â¿Ã Â¤Â¤ Ã Â¤Â¡Ã Â¤Â¿Ã Â¤ÅÃ Â¤Â¼Ã Â¤Â¾Ã Â¤â¡Ã Â¤Â¨ Ã Â¤â¢Ã Â¥â¬ Ã Â¤â°Ã Â¤ÂªÃ Â¥â¡Ã Â¤â¢Ã Â¥ÂÃ Â¤Â·Ã Â¤Â¾ Ã Â¤Â¹Ã Â¥â¹Ã Â¤Â¤Ã Â¥â¬ Ã Â¤Â¹Ã Â¥ËÃ Â¥Â¤ Ã Â¤ÂªÃ Â¤Â°Ã Â¥â¬Ã Â¤â¢Ã Â¥ÂÃ Â¤Â·Ã Â¤Â£ Ã Â¤â¢Ã Â¥â¬Ã Â¤ÅÃ Â¤Â¿Ã Â¤ÂÃ Â¥Â¤ (Ã Â¤â°Ã Â¤Â¤Ã Â¥ÂÃ Â¤Â¤Ã Â¤Â° 150 Ã Â¤Â¶Ã Â¤Â¬Ã Â¥ÂÃ Â¤Â¦Ã Â¥â¹Ã Â¤â Ã Â¤Â®Ã Â¥â¡Ã Â¤â Ã Â¤Â¦Ã Â¥â¡Ã Â¤â) 10",e-governance projects have a built-in bias towards technology and back-end integration than user-centric designs. Examine.,100.0,keep,true,aggregator,,,,,,,,,,,,,,,,,,
2025,GS2,d332fcad-6750-4542-af0a-3f203f819096,28,,12,GS2-Q12,"Civil Society Organizations are often perceived as being anti-State actors than non-State actors. Do you agree? Justify. (Answer in 150 words) 10 Marks

[Hindi] Ã Â¤Â¸Ã Â¤Â¿Ã Â¤ÂµÃ Â¤Â¿Ã Â¤Â² Ã Â¤Â¸Ã Â¥â¹Ã Â¤Â¸Ã Â¤Â¾Ã Â¤â¡Ã Â¤Å¸Ã Â¥â¬ Ã Â¤Â¸Ã Â¤âÃ Â¤âÃ Â¤Â Ã Â¤Â¨ (Civil Society Organizations) Ã Â¤â¢Ã Â¥â¹ Ã Â¤ÂªÃ Â¥ÂÃ Â¤Â°Ã Â¤Â¾Ã Â¤Â¯Ã Â¤Æ Ã Â¤âÃ Â¥ËÃ Â¤Â°-Ã Â¤Â°Ã Â¤Â¾Ã Â¤ÅÃ Â¥ÂÃ Â¤Â¯ (Non-State) Ã Â¤â¦Ã Â¤Â­Ã Â¤Â¿Ã Â¤â¢Ã Â¤Â°Ã Â¥ÂÃ Â¤Â¤Ã Â¤Â¾Ã Â¤âÃ Â¤â Ã Â¤â¢Ã Â¥â¬ Ã Â¤â¦Ã Â¤ÂªÃ Â¥â¡Ã Â¤â¢Ã Â¥ÂÃ Â¤Â·Ã Â¤Â¾ Ã Â¤Â°Ã Â¤Â¾Ã Â¤ÅÃ Â¥ÂÃ Â¤Â¯-Ã Â¤ÂµÃ Â¤Â¿Ã Â¤Â°Ã Â¥â¹Ã Â¤Â§Ã Â¥â¬ (Anti-State) Ã Â¤â¦Ã Â¤Â­Ã Â¤Â¿Ã Â¤â¢Ã Â¤Â°Ã Â¥ÂÃ Â¤Â¤Ã Â¤Â¾Ã Â¤âÃ Â¤â Ã Â¤â¢Ã Â¥â¡ Ã Â¤Â°Ã Â¥âÃ Â¤Âª Ã Â¤Â®Ã Â¥â¡Ã Â¤â Ã Â¤Â¦Ã Â¥â¡Ã Â¤âÃ Â¤Â¾ Ã Â¤ÅÃ Â¤Â¾Ã Â¤Â¤Ã Â¤Â¾ Ã Â¤Â¹Ã Â¥ËÃ Â¥Â¤ Ã Â¤â¢Ã Â¥ÂÃ Â¤Â¯Ã Â¤Â¾ Ã Â¤â Ã Â¤Âª Ã Â¤Â¸Ã Â¤Â¹Ã Â¤Â®Ã Â¤Â¤ Ã Â¤Â¹Ã Â¥ËÃ Â¤â? Ã Â¤âÃ Â¤Å¡Ã Â¤Â¿Ã Â¤Â¤Ã Â¥ÂÃ Â¤Â¯ Ã Â¤Â¸Ã Â¤Â¹Ã Â¤Â¿Ã Â¤Â¤ Ã Â¤â°Ã Â¤Â¤Ã Â¥ÂÃ Â¤Â¤Ã Â¤Â° Ã Â¤Â¦Ã Â¥â¬Ã Â¤ÅÃ Â¤Â¿Ã Â¤ÂÃ Â¥Â¤ (Ã Â¤â°Ã Â¤Â¤Ã Â¥ÂÃ Â¤Â¤Ã Â¤Â° 150 Ã Â¤Â¶Ã Â¤Â¬Ã Â¥ÂÃ Â¤Â¦Ã Â¥â¹Ã Â¤â Ã Â¤Â®Ã Â¥â¡Ã Â¤â Ã Â¤Â¦Ã Â¥â¡Ã Â¤â) 10",Civil Society Organizations are often perceived as being anti-State actors than non-State actors. Do you agree? Justify.,100.0,keep,true,aggregator,,,,,,,,,,,,,,,,,,
2025,GS2,d332fcad-6750-4542-af0a-3f203f819096,29,,17,GS2-Q17,"IndiaÃ¢â¬âAfrica digital partnership is achieving mutual respect, co-development and long-term institutional partnerships. Elaborate. (Answer in 150 words) 10 Marks

[Hindi] Ã Â¤Â­Ã Â¤Â¾Ã Â¤Â°Ã Â¤Â¤-Ã Â¤â¦Ã Â¤Â«Ã Â¥ÂÃ Â¤Â°Ã Â¥â¬Ã Â¤â¢Ã Â¤Â¾ Ã Â¤Â¡Ã Â¤Â¿Ã Â¤ÅÃ Â¤Â¿Ã Â¤Å¸Ã Â¤Â² Ã Â¤Â¸Ã Â¤Â¾Ã Â¤ÂÃ Â¥â¡Ã Â¤Â¦Ã Â¤Â¾Ã Â¤Â°Ã Â¥â¬ Ã Â¤ÂªÃ Â¤Â¾Ã Â¤Â°Ã Â¤Â¸Ã Â¥ÂÃ Â¤ÂªÃ Â¤Â°Ã Â¤Â¿Ã Â¤â¢ Ã Â¤Â¸Ã Â¤Â®Ã Â¥ÂÃ Â¤Â®Ã Â¤Â¾Ã Â¤Â¨, Ã Â¤Â¸Ã Â¤Â¹-Ã Â¤ÂµÃ Â¤Â¿Ã Â¤â¢Ã Â¤Â¾Ã Â¤Â¸ Ã Â¤Â¤Ã Â¤Â¥Ã Â¤Â¾ Ã Â¤Â¦Ã Â¥â¬Ã Â¤Â°Ã Â¥ÂÃ Â¤ËÃ Â¤â¢Ã Â¤Â¾Ã Â¤Â²Ã Â¤Â¿Ã Â¤â¢ Ã Â¤Â¸Ã Â¤âÃ Â¤Â¸Ã Â¥ÂÃ Â¤Â¥Ã Â¤Â¾Ã Â¤âÃ Â¤Â¤ Ã Â¤Â¸Ã Â¤Â¾Ã Â¤ÂÃ Â¥â¡Ã Â¤Â¦Ã Â¤Â¾Ã Â¤Â°Ã Â¤Â¿Ã Â¤Â¯Ã Â¥â¹Ã Â¤â Ã Â¤â¢Ã Â¥â¹ Ã Â¤Â¸Ã Â¤Â¾Ã Â¤â¢Ã Â¤Â¾Ã Â¤Â° Ã Â¤â¢Ã Â¤Â° Ã Â¤Â°Ã Â¤Â¹Ã Â¥â¬ Ã Â¤Â¹Ã Â¥ËÃ Â¥Â¤ Ã Â¤Â¸Ã Â¥ÂÃ Â¤ÂªÃ Â¤Â·Ã Â¥ÂÃ Â¤Å¸ Ã Â¤â¢Ã Â¥â¬Ã Â¤ÅÃ Â¤Â¿Ã Â¤ÂÃ Â¥Â¤ (Ã Â¤â°Ã Â¤Â¤Ã Â¥ÂÃ Â¤Â¤Ã Â¤Â° 150 Ã Â¤Â¶Ã Â¤Â¬Ã Â¥ÂÃ Â¤Â¦Ã Â¥â¹Ã Â¤â Ã Â¤Â®Ã Â¥â¡Ã Â¤â Ã Â¤Â¦Ã Â¥â¡Ã Â¤â) 10","India-Africa digital partnership is achieving mutual respect, co-development and long-term institutional partnerships. Elaborate.",97.6,keep,true,aggregator,,,,,,,,,,,,,,,,,,
2025,GS2,d332fcad-6750-4542-af0a-3f203f819096,30,,18,GS2-Q18,"Ã¢â¬ÅWith the waning of globalization, post-Cold War world is becoming a site of sovereign nationalism.Ã¢â¬Â Elucidate. (Answer in 150 words) 10 Marks

[Hindi] ""Ã Â¤ÂµÃ Â¥ËÃ Â¤Â¶Ã Â¥ÂÃ Â¤ÂµÃ Â¥â¬Ã Â¤â¢Ã Â¤Â°Ã Â¤Â£ Ã Â¤â¢Ã Â¥â¡ Ã Â¤â¢Ã Â¥ÂÃ Â¤Â·Ã Â¥â¬Ã Â¤Â£ Ã Â¤Â¹Ã Â¥â¹Ã Â¤Â¨Ã Â¥â¡ Ã Â¤â¢Ã Â¥â¡ Ã Â¤Â¸Ã Â¤Â¾Ã Â¤Â¥ Ã Â¤Â¶Ã Â¥â¬Ã Â¤Â¤ Ã Â¤Â¯Ã Â¥ÂÃ Â¤Â¦Ã Â¥ÂÃ Â¤Â§Ã Â¥â¹Ã Â¤Â¤Ã Â¥ÂÃ Â¤Â¤Ã Â¤Â° Ã Â¤ÂµÃ Â¤Â¿Ã Â¤Â¶Ã Â¥ÂÃ Â¤Âµ Ã Â¤Â¸Ã Â¤âÃ Â¤ÂªÃ Â¥ÂÃ Â¤Â°Ã Â¤Â­Ã Â¥Â Ã Â¤Â°Ã Â¤Â¾Ã Â¤Â·Ã Â¥ÂÃ Â¤Å¸Ã Â¥ÂÃ Â¤Â°Ã Â¤ÂµÃ Â¤Â¾Ã Â¤Â¦ Ã Â¤â¢Ã Â¤Â¾ Ã Â¤Â®Ã Â¤âÃ Â¤Å¡ Ã Â¤Â¬Ã Â¤Â¨Ã Â¤Â¤Ã Â¤Â¾ Ã Â¤ÅÃ Â¤Â¾ Ã Â¤Â°Ã Â¤Â¹Ã Â¤Â¾ Ã Â¤Â¹Ã Â¥ËÃ Â¥Â¤"" Ã Â¤Â¸Ã Â¥ÂÃ Â¤ÂªÃ Â¤Â·Ã Â¥ÂÃ Â¤Å¸ Ã Â¤â¢Ã Â¥â¬Ã Â¤ÅÃ Â¤Â¿Ã Â¤ÂÃ Â¥Â¤ (Ã Â¤â°Ã Â¤Â¤Ã Â¥ÂÃ Â¤Â¤Ã Â¤Â° 150 Ã Â¤Â¶Ã Â¤Â¬Ã Â¥ÂÃ Â¤Â¦Ã Â¥â¹Ã Â¤â Ã Â¤Â®Ã Â¥â¡Ã Â¤â Ã Â¤Â¦Ã Â¥â¡Ã Â¤â) 10","With the waning of globalization, post-Cold War world is becoming a site of sovereign nationalism.” Elucidate.",96.2,keep,true,aggregator,,,,,,,,,,,,,,,,,,
2025,GS2,d332fcad-6750-4542-af0a-3f203f819096,31,,1,GS2-Q1,"Ã¢â¬ÅConstitutional morality is the fulcrum which acts as an essential check upon the high functionaries and citizens alikeÃ¢â¬Â¦Ã¢â¬Â In view of the above observation of the Supreme Court, explain the concept of constitutional morality and its application to ensure balance between judicial independence and judicial accountability in India. (Answer in 250 words) 15 Marks

[Hindi] ""Ã Â¤Â¸Ã Â¤âÃ Â¤ÂµÃ Â¥ËÃ Â¤Â§Ã Â¤Â¾Ã Â¤Â¨Ã Â¤Â¿Ã Â¤â¢ Ã Â¤Â¨Ã Â¥ËÃ Â¤Â¤Ã Â¤Â¿Ã Â¤â¢Ã Â¤Â¤Ã Â¤Â¾ Ã Â¤ÂµÃ Â¤Â¹ Ã Â¤Â§Ã Â¥ÂÃ Â¤Â°Ã Â¥â¬ Ã Â¤Â¹Ã Â¥Ë Ã Â¤ÅÃ Â¥â¹ Ã Â¤â°Ã Â¤Å¡Ã Â¥ÂÃ Â¤Å¡ Ã Â¤ÂªÃ Â¤Â¦Ã Â¤Â¾Ã Â¤Â§Ã Â¤Â¿Ã Â¤â¢Ã Â¤Â¾Ã Â¤Â°Ã Â¤Â¿Ã Â¤Â¯Ã Â¥â¹Ã Â¤â Ã Â¤Â¤Ã Â¤Â¥Ã Â¤Â¾ Ã Â¤Â¨Ã Â¤Â¾Ã Â¤âÃ Â¤Â°Ã Â¤Â¿Ã Â¤â¢Ã Â¥â¹Ã Â¤â Ã Â¤Â¦Ã Â¥â¹Ã Â¤Â¨Ã Â¥â¹Ã Â¤â Ã Â¤ÂªÃ Â¤Â° Ã Â¤Â¸Ã Â¤Â®Ã Â¤Â¾Ã Â¤Â¨ Ã Â¤Â°Ã Â¥âÃ Â¤Âª Ã Â¤Â¸Ã Â¥â¡ Ã Â¤â Ã Â¤ÂµÃ Â¤Â¶Ã Â¥ÂÃ Â¤Â¯Ã Â¤â¢ Ã Â¤Â¨Ã Â¤Â¿Ã Â¤Â¯Ã Â¤âÃ Â¤Â¤Ã Â¥ÂÃ Â¤Â°Ã Â¤Â£ Ã Â¤Â¸Ã Â¥ÂÃ Â¤Â¥Ã Â¤Â¾Ã Â¤ÂªÃ Â¤Â¿Ã Â¤Â¤ Ã Â¤â¢Ã Â¤Â°Ã Â¤Â¤Ã Â¥â¬ Ã Â¤Â¹Ã Â¥ËÃ Â¥Â¤"" Ã Â¤â°Ã Â¤ÂªÃ Â¤Â°Ã Â¥ÂÃ Â¤Â¯Ã Â¥ÂÃ Â¤â¢Ã Â¥ÂÃ Â¤Â¤ Ã Â¤Â¸Ã Â¤Â°Ã Â¥ÂÃ Â¤ÂµÃ Â¥â¹Ã Â¤Å¡Ã Â¥ÂÃ Â¤Å¡ Ã Â¤Â¨Ã Â¥ÂÃ Â¤Â¯Ã Â¤Â¾Ã Â¤Â¯Ã Â¤Â¾Ã Â¤Â²Ã Â¤Â¯ Ã Â¤â¢Ã Â¥â¬ Ã Â¤Å¸Ã Â¤Â¿Ã Â¤ÂªÃ Â¥ÂÃ Â¤ÂªÃ Â¤Â£Ã Â¥â¬ Ã Â¤â¢Ã Â¥â¡ Ã Â¤â Ã Â¤Â²Ã Â¥â¹Ã Â¤â¢ Ã Â¤Â®Ã Â¥â¡Ã Â¤â Ã Â¤Â¸Ã Â¤âÃ Â¤ÂµÃ Â¥ËÃ Â¤Â§Ã Â¤Â¾Ã Â¤Â¨Ã Â¤Â¿Ã Â¤â¢ Ã Â¤Â¨Ã Â¥ËÃ Â¤Â¤Ã Â¤Â¿Ã Â¤â¢Ã Â¤Â¤Ã Â¤Â¾ Ã Â¤â¢Ã Â¥â¬ Ã Â¤â¦Ã Â¤ÂµÃ Â¤Â§Ã Â¤Â¾Ã Â¤Â°Ã Â¤Â£Ã Â¤Â¾ Ã Â¤Â¤Ã Â¤Â¥Ã Â¤Â¾ Ã Â¤Â­Ã Â¤Â¾Ã Â¤Â°Ã Â¤Â¤ Ã Â¤Â®Ã Â¥â¡Ã Â¤â Ã Â¤Â¨Ã Â¥ÂÃ Â¤Â¯Ã Â¤Â¾Ã Â¤Â¯Ã Â¤ÂªÃ Â¤Â¾Ã Â¤Â²Ã Â¤Â¿Ã Â¤â¢Ã Â¤Â¾ Ã Â¤â¢Ã Â¥â¬ Ã Â¤Â¸Ã Â¥ÂÃ Â¤ÂµÃ Â¤Â¤Ã Â¤âÃ Â¤Â¤Ã Â¥ÂÃ Â¤Â°Ã Â¤Â¤Ã Â¤Â¾ Ã Â¤âÃ Â¤Â° Ã Â¤Â¨Ã Â¥ÂÃ Â¤Â¯Ã Â¤Â¾Ã Â¤Â¯Ã Â¤Â¿Ã Â¤â¢ Ã Â¤â°Ã Â¤Â¤Ã Â¥ÂÃ Â¤Â¤Ã Â¤Â°Ã Â¤Â¦Ã Â¤Â¾Ã Â¤Â¯Ã Â¤Â¿Ã Â¤Â¤Ã Â¥ÂÃ Â¤Âµ Ã Â¤â¢Ã Â¥â¡ Ã Â¤Â¬Ã Â¥â¬Ã Â¤Å¡ Ã Â¤Â¸Ã Â¤âÃ Â¤Â¤Ã Â¥ÂÃ Â¤Â²Ã Â¤Â¨ Ã Â¤Â¸Ã Â¥ÂÃ Â¤Â¨Ã Â¤Â¿Ã Â¤Â¶Ã Â¥ÂÃ Â¤Å¡Ã Â¤Â¿Ã Â¤Â¤ Ã Â¤â¢Ã Â¤Â°Ã Â¤Â¨Ã Â¥â¡ Ã Â¤Â®Ã Â¥â¡Ã Â¤â Ã Â¤â¡Ã Â¤Â¸Ã Â¤â¢Ã Â¥â¡ Ã Â¤â¦Ã Â¤Â¨Ã Â¥ÂÃ Â¤ÂªÃ Â¥ÂÃ Â¤Â°Ã Â¤Â¯Ã Â¥â¹Ã Â¤â Ã Â¤â¢Ã Â¥â¬ Ã Â¤ÂµÃ Â¥ÂÃ Â¤Â¯Ã Â¤Â¾Ã Â¤âÃ Â¥ÂÃ Â¤Â¯Ã Â¤Â¾ Ã Â¤â¢Ã Â¥â¬Ã Â¤ÅÃ Â¤Â¿Ã Â¤ÂÃ Â¥Â¤ (Ã Â¤â°Ã Â¤Â¤Ã Â¥ÂÃ Â¤Â¤Ã Â¤Â° 250 Ã Â¤Â¶Ã Â¤Â¬Ã Â¥ÂÃ Â¤Â¦Ã Â¥â¹Ã Â¤â Ã Â¤Â®Ã Â¥â¡Ã Â¤â Ã Â¤Â¦Ã Â¥â¡Ã Â¤â) 15","Constitutional morality is the fulcrum which acts as an essential check upon the high functionaries and citizens alike…”In view of the above observation of the Supreme Court, explain the concept of constitutional morality and its application to ensure balance between judicial independence and judicial accountability in India.",98.1,keep,true,aggregator,,,,,,,,,,,,,,,,,,
2025,GS2,d332fcad-6750-4542-af0a-3f203f819096,32,,6,GS2-Q6,"Indian Constitution has conferred the amending power on the ordinary legislative institutions with a few procedural hurdles. In view of this statement, examine the procedural and substantive limitations on the amending power of the Parliament to change the Constitution. (Answer in 250 words) 15 Marks

[Hindi] Ã Â¤Â­Ã Â¤Â¾Ã Â¤Â°Ã Â¤Â¤Ã Â¥â¬Ã Â¤Â¯ Ã Â¤Â¸Ã Â¤âÃ Â¤ÂµÃ Â¤Â¿Ã Â¤Â§Ã Â¤Â¾Ã Â¤Â¨ Ã Â¤Â¨Ã Â¥â¡ Ã Â¤â¢Ã Â¥ÂÃ Â¤âº Ã Â¤ÂªÃ Â¥ÂÃ Â¤Â°Ã Â¤â¢Ã Â¥ÂÃ Â¤Â°Ã Â¤Â¿Ã Â¤Â¯Ã Â¤Â¾Ã Â¤Â¤Ã Â¥ÂÃ Â¤Â®Ã Â¤â¢ Ã Â¤Â¬Ã Â¤Â¾Ã Â¤Â§Ã Â¤Â¾Ã Â¤âÃ Â¤â Ã Â¤â¢Ã Â¥â¡ Ã Â¤Â¸Ã Â¤Â¾Ã Â¤Â¥ Ã Â¤Â¸Ã Â¤âÃ Â¤ÂµÃ Â¤Â¿Ã Â¤Â§Ã Â¤Â¾Ã Â¤Â¨ Ã Â¤Â¸Ã Â¤âÃ Â¤Â¶Ã Â¥â¹Ã Â¤Â§Ã Â¤Â¨ Ã Â¤â¢Ã Â¥â¬ Ã Â¤Â¶Ã Â¤â¢Ã Â¥ÂÃ Â¤Â¤Ã Â¤Â¿ Ã Â¤Â¸Ã Â¤Â¾Ã Â¤Â®Ã Â¤Â¾Ã Â¤Â¨Ã Â¥ÂÃ Â¤Â¯ Ã Â¤ÂµÃ Â¤Â¿Ã Â¤Â§Ã Â¤Â¾Ã Â¤Â¯Ã Â¥â¬ Ã Â¤Â¸Ã Â¤âÃ Â¤Â¸Ã Â¥ÂÃ Â¤Â¥Ã Â¤Â¾Ã Â¤âÃ Â¤â Ã Â¤â¢Ã Â¥â¹ Ã Â¤ÂªÃ Â¥ÂÃ Â¤Â°Ã Â¤Â¦Ã Â¤Â¾Ã Â¤Â¨ Ã Â¤â¢Ã Â¥â¬ Ã Â¤Â¹Ã Â¥ËÃ Â¥Â¤ Ã Â¤â¡Ã Â¤Â¸ Ã Â¤â¢Ã Â¤Â¥Ã Â¤Â¨ Ã Â¤â¢Ã Â¥â¡ Ã Â¤â Ã Â¤Â²Ã Â¥â¹Ã Â¤â¢ Ã Â¤Â®Ã Â¥â¡Ã Â¤â Ã Â¤Â¸Ã Â¤âÃ Â¤ÂµÃ Â¤Â¿Ã Â¤Â§Ã Â¤Â¾Ã Â¤Â¨ Ã Â¤Â¸Ã Â¤âÃ Â¤Â¶Ã Â¥â¹Ã Â¤Â§Ã Â¤Â¨ Ã Â¤â¢Ã Â¥â¬ Ã Â¤Â¸Ã Â¤âÃ Â¤Â¸Ã Â¤Â¦ Ã Â¤â¢Ã Â¥â¬ Ã Â¤Â¶Ã Â¤â¢Ã Â¥ÂÃ Â¤Â¤Ã Â¤Â¿ Ã Â¤ÂªÃ Â¤Â° Ã Â¤ÂªÃ Â¥ÂÃ Â¤Â°Ã Â¤â¢Ã Â¥ÂÃ Â¤Â°Ã Â¤Â¿Ã Â¤Â¯Ã Â¤Â¾Ã Â¤Â¤Ã Â¥ÂÃ Â¤Â®Ã Â¤â¢ Ã Â¤ÂÃ Â¤ÂµÃ Â¤â Ã Â¤Â¸Ã Â¤Â¾Ã Â¤Â°Ã Â¤Â­Ã Â¥âÃ Â¤Â¤ (Substantive) Ã Â¤Â¸Ã Â¥â¬Ã Â¤Â®Ã Â¤Â¾Ã Â¤âÃ Â¤â Ã Â¤â¢Ã Â¤Â¾ Ã Â¤ÂªÃ Â¤Â°Ã Â¥â¬Ã Â¤â¢Ã Â¥ÂÃ Â¤Â·Ã Â¤Â£ Ã Â¤â¢Ã Â¥â¬Ã Â¤ÅÃ Â¤Â¿Ã Â¤ÂÃ Â¥Â¤ (Ã Â¤â°Ã Â¤Â¤Ã Â¥ÂÃ Â¤Â¤Ã Â¤Â° 250 Ã Â¤Â¶Ã Â¤Â¬Ã Â¥ÂÃ Â¤Â¦Ã Â¥â¹Ã Â¤â Ã Â¤Â®Ã Â¥â¡Ã Â¤â Ã Â¤Â¦Ã Â¥â¡Ã Â¤â) 15","Indian Constitution has conferred the amending power on the ordinary legislative institutions with a few procedural hurdles. In view of this statement, examine the procedural and substantive limitations on the amending power of the Parliament to change the Constitution.",100.0,keep,true,aggregator,,,,,,,,,,,,,,,,,,
2025,GS2,d332fcad-6750-4542-af0a-3f203f819096,33,,7,GS2-Q7,"Discuss the evolution of collegium system in India. Critically examine the advantages and disadvantages of the system of appointment of the Judges of the Supreme Court of India and that of the USA. (Answer in 250 words) 15 Marks

[Hindi] Ã Â¤Â­Ã Â¤Â¾Ã Â¤Â°Ã Â¤Â¤ Ã Â¤Â®Ã Â¥â¡Ã Â¤â Ã Â¤â¢Ã Â¥â¹Ã Â¤Â²Ã Â¥â¡Ã Â¤ÅÃ Â¤Â¿Ã Â¤Â¯Ã Â¤Â® Ã Â¤ÂªÃ Â¥ÂÃ Â¤Â°Ã Â¤Â£Ã Â¤Â¾Ã Â¤Â²Ã Â¥â¬ Ã Â¤â¢Ã Â¥â¡ Ã Â¤ÂµÃ Â¤Â¿Ã Â¤â¢Ã Â¤Â¾Ã Â¤Â¸ Ã Â¤â¢Ã Â¥â¬ Ã Â¤Å¡Ã Â¤Â°Ã Â¥ÂÃ Â¤Å¡Ã Â¤Â¾ Ã Â¤â¢Ã Â¥â¬Ã Â¤ÅÃ Â¤Â¿Ã Â¤ÂÃ Â¥Â¤ Ã Â¤Â­Ã Â¤Â¾Ã Â¤Â°Ã Â¤Â¤ Ã Â¤Â¤Ã Â¤Â¥Ã Â¤Â¾ Ã Â¤Â¸Ã Â¤âÃ Â¤Â¯Ã Â¥ÂÃ Â¤â¢Ã Â¥ÂÃ Â¤Â¤ Ã Â¤Â°Ã Â¤Â¾Ã Â¤ÅÃ Â¥ÂÃ Â¤Â¯ Ã Â¤â¦Ã Â¤Â®Ã Â¥â¡Ã Â¤Â°Ã Â¤Â¿Ã Â¤â¢Ã Â¤Â¾ Ã Â¤Â®Ã Â¥â¡Ã Â¤â Ã Â¤Â¸Ã Â¤Â°Ã Â¥ÂÃ Â¤ÂµÃ Â¥â¹Ã Â¤Å¡Ã Â¥ÂÃ Â¤Å¡ Ã Â¤Â¨Ã Â¥ÂÃ Â¤Â¯Ã Â¤Â¾Ã Â¤Â¯Ã Â¤Â¾Ã Â¤Â²Ã Â¤Â¯ Ã Â¤â¢Ã Â¥â¡ Ã Â¤Â¨Ã Â¥ÂÃ Â¤Â¯Ã Â¤Â¾Ã Â¤Â¯Ã Â¤Â¾Ã Â¤Â§Ã Â¥â¬Ã Â¤Â¶Ã Â¥â¹Ã Â¤â Ã Â¤â¢Ã Â¥â¬ Ã Â¤Â¨Ã Â¤Â¿Ã Â¤Â¯Ã Â¥ÂÃ Â¤â¢Ã Â¥ÂÃ Â¤Â¤Ã Â¤Â¿ Ã Â¤ÂªÃ Â¥ÂÃ Â¤Â°Ã Â¤Â£Ã Â¤Â¾Ã Â¤Â²Ã Â¥â¬ Ã Â¤â¢Ã Â¥â¡ Ã Â¤Â²Ã Â¤Â¾Ã Â¤Â­ Ã Â¤ÂÃ Â¤ÂµÃ Â¤â Ã Â¤Â¹Ã Â¤Â¾Ã Â¤Â¨Ã Â¤Â¿Ã Â¤Â¯Ã Â¥â¹Ã Â¤â Ã Â¤â¢Ã Â¤Â¾ Ã Â¤Â¸Ã Â¤Â®Ã Â¤Â¾Ã Â¤Â²Ã Â¥â¹Ã Â¤Å¡Ã Â¤Â¨Ã Â¤Â¾Ã Â¤Â¤Ã Â¥ÂÃ Â¤Â®Ã Â¤â¢ Ã Â¤ÂªÃ Â¤Â°Ã Â¥â¬Ã Â¤â¢Ã Â¥ÂÃ Â¤Â·Ã Â¤Â£ Ã Â¤â¢Ã Â¥â¬Ã Â¤ÅÃ Â¤Â¿Ã Â¤ÂÃ Â¥Â¤ (Ã Â¤â°Ã Â¤Â¤Ã Â¥ÂÃ Â¤Â¤Ã Â¤Â° 250 Ã Â¤Â¶Ã Â¤Â¬Ã Â¥ÂÃ Â¤Â¦Ã Â¥â¹Ã Â¤â Ã Â¤Â®Ã Â¥â¡Ã Â¤â Ã Â¤Â¦Ã Â¥â¡Ã Â¤â) 15",Discuss the evolution of collegium system in India. Critically examine the advantages and disadvantages of the system of appointment of the Judges of the Supreme Court of India and that of the USA.,100.0,keep,true,aggregator,,,,,,,,,,,,,,,,,,
2025,GS2,d332fcad-6750-4542-af0a-3f203f819096,34,,3,GS2-Q3,"Examine the evolving pattern of Centre-State financial relations in the context of planned development in India. How far have the recent reforms impacted the fiscal federalism in India? (Answer in 250 words) 15 Marks

[Hindi] Ã Â¤Â­Ã Â¤Â¾Ã Â¤Â°Ã Â¤Â¤ Ã Â¤Â®Ã Â¥â¡Ã Â¤â Ã Â¤Â¨Ã Â¤Â¿Ã Â¤Â¯Ã Â¥â¹Ã Â¤ÅÃ Â¤Â¿Ã Â¤Â¤ Ã Â¤ÂµÃ Â¤Â¿Ã Â¤â¢Ã Â¤Â¾Ã Â¤Â¸ Ã Â¤â¢Ã Â¥â¡ Ã Â¤Â¸Ã Â¤âÃ Â¤Â¦Ã Â¤Â°Ã Â¥ÂÃ Â¤Â­ Ã Â¤Â®Ã Â¥â¡Ã Â¤â Ã Â¤â¢Ã Â¥â¡Ã Â¤âÃ Â¤Â¦Ã Â¥ÂÃ Â¤Â°-Ã Â¤Â°Ã Â¤Â¾Ã Â¤ÅÃ Â¥ÂÃ Â¤Â¯ Ã Â¤ÂµÃ Â¤Â¿Ã Â¤Â¤Ã Â¥ÂÃ Â¤Â¤Ã Â¥â¬Ã Â¤Â¯ Ã Â¤Â¸Ã Â¤âÃ Â¤Â¬Ã Â¤âÃ Â¤Â§Ã Â¥â¹Ã Â¤â Ã Â¤â¢Ã Â¥â¡ Ã Â¤ÂµÃ Â¤Â¿Ã Â¤â¢Ã Â¤Â¸Ã Â¤Â¿Ã Â¤Â¤ Ã Â¤Â¹Ã Â¥â¹Ã Â¤Â¤Ã Â¥â¡ Ã Â¤Â¸Ã Â¥ÂÃ Â¤ÂµÃ Â¤Â°Ã Â¥âÃ Â¤Âª Ã Â¤â¢Ã Â¤Â¾ Ã Â¤ÂªÃ Â¤Â°Ã Â¥â¬Ã Â¤â¢Ã Â¥ÂÃ Â¤Â·Ã Â¤Â£ Ã Â¤â¢Ã Â¥â¬Ã Â¤ÅÃ Â¤Â¿Ã Â¤ÂÃ Â¥Â¤ Ã Â¤Â¹Ã Â¤Â¾Ã Â¤Â² Ã Â¤â¢Ã Â¥â¡ Ã Â¤Â¸Ã Â¥ÂÃ Â¤Â§Ã Â¤Â¾Ã Â¤Â°Ã Â¥â¹Ã Â¤â Ã Â¤Â¨Ã Â¥â¡ Ã Â¤Â­Ã Â¤Â¾Ã Â¤Â°Ã Â¤Â¤ Ã Â¤Â®Ã Â¥â¡Ã Â¤â Ã Â¤Â°Ã Â¤Â¾Ã Â¤ÅÃ Â¤â¢Ã Â¥â¹Ã Â¤Â·Ã Â¥â¬Ã Â¤Â¯ Ã Â¤Â¸Ã Â¤âÃ Â¤ËÃ Â¤ÂµÃ Â¤Â¾Ã Â¤Â¦ (Fiscal Federalism) Ã Â¤â¢Ã Â¥â¹ Ã Â¤â¢Ã Â¤Â¿Ã Â¤Â¸ Ã Â¤Â¸Ã Â¥â¬Ã Â¤Â®Ã Â¤Â¾ Ã Â¤Â¤Ã Â¤â¢ Ã Â¤ÂªÃ Â¥ÂÃ Â¤Â°Ã Â¤Â­Ã Â¤Â¾Ã Â¤ÂµÃ Â¤Â¿Ã Â¤Â¤ Ã Â¤â¢Ã Â¤Â¿Ã Â¤Â¯Ã Â¤Â¾ Ã Â¤Â¹Ã Â¥Ë? (Ã Â¤â°Ã Â¤Â¤Ã Â¥ÂÃ Â¤Â¤Ã Â¤Â° 250 Ã Â¤Â¶Ã Â¤Â¬Ã Â¥ÂÃ Â¤Â¦Ã Â¥â¹Ã Â¤â Ã Â¤Â®Ã Â¥â¡Ã Â¤â Ã Â¤Â¦Ã Â¥â¡Ã Â¤â) 15",Examine the evolving pattern of Centre-State financial relations in the context of planned development in India. How far have the recent reforms impacted the fiscal federalism in India?,100.0,keep,true,aggregator,,,,,,,,,,,,,,,,,,
2025,GS2,d332fcad-6750-4542-af0a-3f203f819096,35,,13,GS2-Q13,"What are environmental pressure groups? Discuss their role in raising awareness, influencing policies and advocating for environmental protection in India. (Answer in 250 words) 15 Marks

[Hindi] Ã Â¤ÂªÃ Â¤Â°Ã Â¥ÂÃ Â¤Â¯Ã Â¤Â¾Ã Â¤ÂµÃ Â¤Â°Ã Â¤Â£Ã Â¥â¬Ã Â¤Â¯ Ã Â¤Â¦Ã Â¤Â¬Ã Â¤Â¾Ã Â¤Âµ Ã Â¤Â¸Ã Â¤Â®Ã Â¥âÃ Â¤Â¹ (Environmental Pressure Groups) Ã Â¤â¢Ã Â¥ÂÃ Â¤Â¯Ã Â¤Â¾ Ã Â¤Â¹Ã Â¥ËÃ Â¤â? Ã Â¤Â­Ã Â¤Â¾Ã Â¤Â°Ã Â¤Â¤ Ã Â¤Â®Ã Â¥â¡Ã Â¤â Ã Â¤ÂªÃ Â¤Â°Ã Â¥ÂÃ Â¤Â¯Ã Â¤Â¾Ã Â¤ÂµÃ Â¤Â°Ã Â¤Â£ Ã Â¤Â¸Ã Â¤âÃ Â¤Â°Ã Â¤â¢Ã Â¥ÂÃ Â¤Â·Ã Â¤Â£ Ã Â¤â¢Ã Â¥â¡ Ã Â¤ÂªÃ Â¥ÂÃ Â¤Â°Ã Â¤Â¤Ã Â¤Â¿ Ã Â¤ÅÃ Â¤Â¾Ã Â¤âÃ Â¤Â°Ã Â¥âÃ Â¤â¢Ã Â¤Â¤Ã Â¤Â¾ Ã Â¤Â¬Ã Â¤Â¢Ã Â¤Â¼Ã Â¤Â¾Ã Â¤Â¨Ã Â¥â¡, Ã Â¤Â¨Ã Â¥â¬Ã Â¤Â¤Ã Â¤Â¿Ã Â¤Â¯Ã Â¥â¹Ã Â¤â Ã Â¤â¢Ã Â¥â¹ Ã Â¤ÂªÃ Â¥ÂÃ Â¤Â°Ã Â¤Â­Ã Â¤Â¾Ã Â¤ÂµÃ Â¤Â¿Ã Â¤Â¤ Ã Â¤â¢Ã Â¤Â°Ã Â¤Â¨Ã Â¥â¡ Ã Â¤Â¤Ã Â¤Â¥Ã Â¤Â¾ Ã Â¤ÂªÃ Â¤Â°Ã Â¥ÂÃ Â¤Â¯Ã Â¤Â¾Ã Â¤ÂµÃ Â¤Â°Ã Â¤Â£ Ã Â¤Â¸Ã Â¤âÃ Â¤Â°Ã Â¤â¢Ã Â¥ÂÃ Â¤Â·Ã Â¤Â£ Ã Â¤â¢Ã Â¥â¬ Ã Â¤ÂµÃ Â¤â¢Ã Â¤Â¾Ã Â¤Â²Ã Â¤Â¤ Ã Â¤â¢Ã Â¤Â°Ã Â¤Â¨Ã Â¥â¡ Ã Â¤Â®Ã Â¥â¡Ã Â¤â Ã Â¤â°Ã Â¤Â¨Ã Â¤â¢Ã Â¥â¬ Ã Â¤Â­Ã Â¥âÃ Â¤Â®Ã Â¤Â¿Ã Â¤â¢Ã Â¤Â¾ Ã Â¤â¢Ã Â¥â¬ Ã Â¤Å¡Ã Â¤Â°Ã Â¥ÂÃ Â¤Å¡Ã Â¤Â¾ Ã Â¤â¢Ã Â¥â¬Ã Â¤ÅÃ Â¤Â¿Ã Â¤ÂÃ Â¥Â¤ (Ã Â¤â°Ã Â¤Â¤Ã Â¥ÂÃ Â¤Â¤Ã Â¤Â° 250 Ã Â¤Â¶Ã Â¤Â¬Ã Â¥ÂÃ Â¤Â¦Ã Â¥â¹Ã Â¤â Ã Â¤Â®Ã Â¥â¡Ã Â¤â Ã Â¤Â¦Ã Â¥â¡Ã Â¤â) 15","What are environmental pressure groups? Discuss their role in raising awareness, influencing policies and advocating for environmental protection in India.",100.0,keep,true,aggregator,,,,,,,,,,,,,,,,,,
2025,GS2,d332fcad-6750-4542-af0a-3f203f819096,36,,15,GS2-Q15,"Inequality in the ownership pattern of resources is one of the major causes of poverty. Discuss in the context of Ã¢â¬Ëparadox of povertyÃ¢â¬â¢. (Answer in 250 words) 15 Marks

[Hindi] Ã Â¤Â¸Ã Â¤âÃ Â¤Â¸Ã Â¤Â¾Ã Â¤Â§Ã Â¤Â¨Ã Â¥â¹Ã Â¤â Ã Â¤â¢Ã Â¥â¡ Ã Â¤Â¸Ã Â¥ÂÃ Â¤ÂµÃ Â¤Â¾Ã Â¤Â®Ã Â¤Â¿Ã Â¤Â¤Ã Â¥ÂÃ Â¤Âµ Ã Â¤â¢Ã Â¥â¡ Ã Â¤ÂªÃ Â¥ÂÃ Â¤Â°Ã Â¤Â¤Ã Â¤Â¿Ã Â¤Â°Ã Â¥âÃ Â¤Âª Ã Â¤Â®Ã Â¥â¡Ã Â¤â Ã Â¤â¦Ã Â¤Â¸Ã Â¤Â®Ã Â¤Â¾Ã Â¤Â¨Ã Â¤Â¤Ã Â¤Â¾ Ã Â¤âÃ Â¤Â°Ã Â¥â¬Ã Â¤Â¬Ã Â¥â¬ Ã Â¤â¢Ã Â¥â¡ Ã Â¤ÂªÃ Â¥ÂÃ Â¤Â°Ã Â¤Â®Ã Â¥ÂÃ Â¤â Ã Â¤â¢Ã Â¤Â¾Ã Â¤Â°Ã Â¤Â£Ã Â¥â¹Ã Â¤â Ã Â¤Â®Ã Â¥â¡Ã Â¤â Ã Â¤Â¸Ã Â¥â¡ Ã Â¤ÂÃ Â¤â¢ Ã Â¤Â¹Ã Â¥ËÃ Â¥Â¤ 'Ã Â¤âÃ Â¤Â°Ã Â¥â¬Ã Â¤Â¬Ã Â¥â¬ Ã Â¤â¢Ã Â¥â¡ Ã Â¤ÂµÃ Â¤Â¿Ã Â¤Â°Ã Â¥â¹Ã Â¤Â§Ã Â¤Â¾Ã Â¤Â­Ã Â¤Â¾Ã Â¤Â¸ (Paradox of Poverty)' Ã Â¤â¢Ã Â¥â¡ Ã Â¤Â¸Ã Â¤âÃ Â¤Â¦Ã Â¤Â°Ã Â¥ÂÃ Â¤Â­ Ã Â¤Â®Ã Â¥â¡Ã Â¤â Ã Â¤Å¡Ã Â¤Â°Ã Â¥ÂÃ Â¤Å¡Ã Â¤Â¾ Ã Â¤â¢Ã Â¥â¬Ã Â¤ÅÃ Â¤Â¿Ã Â¤ÂÃ Â¥Â¤ (Ã Â¤â°Ã Â¤Â¤Ã Â¥ÂÃ Â¤Â¤Ã Â¤Â° 250 Ã Â¤Â¶Ã Â¤Â¬Ã Â¥ÂÃ Â¤Â¦Ã Â¥â¹Ã Â¤â Ã Â¤Â®Ã Â¥â¡Ã Â¤â Ã Â¤Â¦Ã Â¥â¡Ã Â¤â) 15",Inequality in the ownership pattern of resources is one of the major causes of poverty. Discuss in the context of ‘paradox of poverty’.,97.7,keep,true,aggregator,,,,,,,,,,,,,,,,,,
2025,GS2,d332fcad-6750-4542-af0a-3f203f819096,37,,4,GS2-Q4,"Ã¢â¬ÅIn contemporary development models, decision-making and problem-solving responsibilities are not located close to the source of information and execution, defeating the objectives of development.Ã¢â¬Â Critically evaluate. (Answer in 250 words) 15 Marks

[Hindi] ""Ã Â¤Â¸Ã Â¤Â®Ã Â¤â¢Ã Â¤Â¾Ã Â¤Â²Ã Â¥â¬Ã Â¤Â¨ Ã Â¤ÂµÃ Â¤Â¿Ã Â¤â¢Ã Â¤Â¾Ã Â¤Â¸ Ã Â¤Â®Ã Â¥â°Ã Â¤Â¡Ã Â¤Â² Ã Â¤Â®Ã Â¥â¡Ã Â¤â Ã Â¤Â¨Ã Â¤Â¿Ã Â¤Â°Ã Â¥ÂÃ Â¤Â£Ã Â¤Â¯-Ã Â¤Â¨Ã Â¤Â¿Ã Â¤Â°Ã Â¥ÂÃ Â¤Â®Ã Â¤Â¾Ã Â¤Â£ Ã Â¤âÃ Â¤Â° Ã Â¤Â¸Ã Â¤Â®Ã Â¤Â¸Ã Â¥ÂÃ Â¤Â¯Ã Â¤Â¾-Ã Â¤Â¸Ã Â¤Â®Ã Â¤Â¾Ã Â¤Â§Ã Â¤Â¾Ã Â¤Â¨ Ã Â¤â¢Ã Â¥â¬ Ã Â¤ÅÃ Â¤Â¿Ã Â¤Â®Ã Â¥ÂÃ Â¤Â®Ã Â¥â¡Ã Â¤Â¦Ã Â¤Â¾Ã Â¤Â°Ã Â¤Â¿Ã Â¤Â¯Ã Â¤Â¾Ã Â¤Â Ã Â¤Â¸Ã Â¥âÃ Â¤Å¡Ã Â¤Â¨Ã Â¤Â¾ Ã Â¤âÃ Â¤Â° Ã Â¤â¢Ã Â¥ÂÃ Â¤Â°Ã Â¤Â¿Ã Â¤Â¯Ã Â¤Â¾Ã Â¤Â¨Ã Â¥ÂÃ Â¤ÂµÃ Â¤Â¯Ã Â¤Â¨ Ã Â¤â¢Ã Â¥â¡ Ã Â¤Â¸Ã Â¥ÂÃ Â¤Â°Ã Â¥â¹Ã Â¤Â¤ Ã Â¤Â¸Ã Â¥â¡ Ã Â¤Â¦Ã Â¥âÃ Â¤Â° Ã Â¤Â¸Ã Â¥ÂÃ Â¤Â¥Ã Â¤Â¿Ã Â¤Â¤ Ã Â¤Â¹Ã Â¥ËÃ Â¤â, Ã Â¤ÅÃ Â¤Â¿Ã Â¤Â¸Ã Â¤Â¸Ã Â¥â¡ Ã Â¤ÂµÃ Â¤Â¿Ã Â¤â¢Ã Â¤Â¾Ã Â¤Â¸ Ã Â¤â¢Ã Â¥â¡ Ã Â¤â°Ã Â¤Â¦Ã Â¥ÂÃ Â¤Â¦Ã Â¥â¡Ã Â¤Â¶Ã Â¥ÂÃ Â¤Â¯Ã Â¥â¹Ã Â¤â Ã Â¤â¢Ã Â¥â¬ Ã Â¤ÂªÃ Â¥âÃ Â¤Â°Ã Â¥ÂÃ Â¤Â¤Ã Â¤Â¿ Ã Â¤Â¬Ã Â¤Â¾Ã Â¤Â§Ã Â¤Â¿Ã Â¤Â¤ Ã Â¤Â¹Ã Â¥â¹Ã Â¤Â¤Ã Â¥â¬ Ã Â¤Â¹Ã Â¥ËÃ Â¥Â¤"" Ã Â¤Â¸Ã Â¤Â®Ã Â¤Â¾Ã Â¤Â²Ã Â¥â¹Ã Â¤Å¡Ã Â¤Â¨Ã Â¤Â¾Ã Â¤Â¤Ã Â¥ÂÃ Â¤Â®Ã Â¤â¢ Ã Â¤Â®Ã Â¥âÃ Â¤Â²Ã Â¥ÂÃ Â¤Â¯Ã Â¤Â¾Ã Â¤âÃ Â¤â¢Ã Â¤Â¨ Ã Â¤â¢Ã Â¥â¬Ã Â¤ÅÃ Â¤Â¿Ã Â¤ÂÃ Â¥Â¤ (Ã Â¤â°Ã Â¤Â¤Ã Â¥ÂÃ Â¤Â¤Ã Â¤Â° 250 Ã Â¤Â¶Ã Â¤Â¬Ã Â¥ÂÃ Â¤Â¦Ã Â¥â¹Ã Â¤â Ã Â¤Â®Ã Â¥â¡Ã Â¤â Ã Â¤Â¦Ã Â¥â¡Ã Â¤â) 15","“In contemporary development models, decision-making and problem-solving responsibilities are not located close to the source of information and execution defeating the objectives of development.” Critically evaluate.",98.1,keep,true,aggregator,,,,,,,,,,,,,,,,,,
2025,GS2,d332fcad-6750-4542-af0a-3f203f819096,38,,11,GS2-Q11,"The National Commission for Protection of Child Rights has to address the challenges faced by children in the digital era. Examine the existing policies and suggest measures the Commission can initiate to tackle the issue. (Answer in 250 words) 15 Marks

[Hindi] Ã Â¤Â°Ã Â¤Â¾Ã Â¤Â·Ã Â¥ÂÃ Â¤Å¸Ã Â¥ÂÃ Â¤Â°Ã Â¥â¬Ã Â¤Â¯ Ã Â¤Â¬Ã Â¤Â¾Ã Â¤Â² Ã Â¤â¦Ã Â¤Â§Ã Â¤Â¿Ã Â¤â¢Ã Â¤Â¾Ã Â¤Â° Ã Â¤Â¸Ã Â¤âÃ Â¤Â°Ã Â¤â¢Ã Â¥ÂÃ Â¤Â·Ã Â¤Â£ Ã Â¤â Ã Â¤Â¯Ã Â¥â¹Ã Â¤â (NCPCR) Ã Â¤â¢Ã Â¥â¹ Ã Â¤Â¡Ã Â¤Â¿Ã Â¤ÅÃ Â¤Â¿Ã Â¤Å¸Ã Â¤Â² Ã Â¤Â¯Ã Â¥ÂÃ Â¤â Ã Â¤Â®Ã Â¥â¡Ã Â¤â Ã Â¤Â¬Ã Â¤Å¡Ã Â¥ÂÃ Â¤Å¡Ã Â¥â¹Ã Â¤â Ã Â¤â¢Ã Â¥â¡ Ã Â¤Â¸Ã Â¤Â®Ã Â¤â¢Ã Â¥ÂÃ Â¤Â· Ã Â¤â°Ã Â¤ÂªÃ Â¤Â¸Ã Â¥ÂÃ Â¤Â¥Ã Â¤Â¿Ã Â¤Â¤ Ã Â¤Å¡Ã Â¥ÂÃ Â¤Â¨Ã Â¥ÅÃ Â¤Â¤Ã Â¤Â¿Ã Â¤Â¯Ã Â¥â¹Ã Â¤â Ã Â¤â¢Ã Â¤Â¾ Ã Â¤Â¸Ã Â¤Â®Ã Â¤Â¾Ã Â¤Â§Ã Â¤Â¾Ã Â¤Â¨ Ã Â¤â¢Ã Â¤Â°Ã Â¤Â¨Ã Â¤Â¾ Ã Â¤Â¹Ã Â¥ËÃ Â¥Â¤ Ã Â¤ÂµÃ Â¤Â°Ã Â¥ÂÃ Â¤Â¤Ã Â¤Â®Ã Â¤Â¾Ã Â¤Â¨ Ã Â¤Â¨Ã Â¥â¬Ã Â¤Â¤Ã Â¤Â¿Ã Â¤Â¯Ã Â¥â¹Ã Â¤â Ã Â¤â¢Ã Â¤Â¾ Ã Â¤ÂªÃ Â¤Â°Ã Â¥â¬Ã Â¤â¢Ã Â¥ÂÃ Â¤Â·Ã Â¤Â£ Ã Â¤â¢Ã Â¥â¬Ã Â¤ÅÃ Â¤Â¿Ã Â¤Â Ã Â¤Â¤Ã Â¤Â¥Ã Â¤Â¾ Ã Â¤â°Ã Â¤Â¨ Ã Â¤â°Ã Â¤ÂªÃ Â¤Â¾Ã Â¤Â¯Ã Â¥â¹Ã Â¤â Ã Â¤â¢Ã Â¤Â¾ Ã Â¤Â¸Ã Â¥ÂÃ Â¤ÂÃ Â¤Â¾Ã Â¤Âµ Ã Â¤Â¦Ã Â¥â¬Ã Â¤ÅÃ Â¤Â¿Ã Â¤Â Ã Â¤ÅÃ Â¤Â¿Ã Â¤Â¨Ã Â¥ÂÃ Â¤Â¹Ã Â¥â¡Ã Â¤â Ã Â¤â Ã Â¤Â¯Ã Â¥â¹Ã Â¤â Ã Â¤â¡Ã Â¤Â¸ Ã Â¤Â¸Ã Â¤Â®Ã Â¤Â¸Ã Â¥ÂÃ Â¤Â¯Ã Â¤Â¾ Ã Â¤â¢Ã Â¥â¡ Ã Â¤Â¸Ã Â¤Â®Ã Â¤Â¾Ã Â¤Â§Ã Â¤Â¾Ã Â¤Â¨ Ã Â¤Â¹Ã Â¥â¡Ã Â¤Â¤Ã Â¥Â Ã Â¤â Ã Â¤Â°Ã Â¤âÃ Â¤Â­ Ã Â¤â¢Ã Â¤Â° Ã Â¤Â¸Ã Â¤â¢Ã Â¤Â¤Ã Â¤Â¾ Ã Â¤Â¹Ã Â¥ËÃ Â¥Â¤ (Ã Â¤â°Ã Â¤Â¤Ã Â¥ÂÃ Â¤Â¤Ã Â¤Â° 250 Ã Â¤Â¶Ã Â¤Â¬Ã Â¥ÂÃ Â¤Â¦Ã Â¥â¹Ã Â¤â Ã Â¤Â®Ã Â¥â¡Ã Â¤â Ã Â¤Â¦Ã Â¥â¡Ã Â¤â) 15",The National Commission for Protection of Child Rights has to address the challenges faced by children in the digital era. Examine the existing policies and suggest measures the Commission can initiate to tackle the issue.,100.0,keep,true,aggregator,,,,,,,,,,,,,,,,,,
2025,GS2,d332fcad-6750-4542-af0a-3f203f819096,39,,19,GS2-Q19,"Ã¢â¬ÅEnergy security constitutes the dominant kingpin of IndiaÃ¢â¬â¢s foreign policy, and is linked with IndiaÃ¢â¬â¢s overarching influence in Middle Eastern countries.Ã¢â¬Â How would you integrate energy security with IndiaÃ¢â¬â¢s foreign policy trajectories in the coming years? (Answer in 250 words) 15 Marks

[Hindi] ""Ã Â¤Å Ã Â¤Â°Ã Â¥ÂÃ Â¤ÅÃ Â¤Â¾ Ã Â¤Â¸Ã Â¥ÂÃ Â¤Â°Ã Â¤â¢Ã Â¥ÂÃ Â¤Â·Ã Â¤Â¾ Ã Â¤Â­Ã Â¤Â¾Ã Â¤Â°Ã Â¤Â¤ Ã Â¤â¢Ã Â¥â¬ Ã Â¤ÂµÃ Â¤Â¿Ã Â¤Â¦Ã Â¥â¡Ã Â¤Â¶ Ã Â¤Â¨Ã Â¥â¬Ã Â¤Â¤Ã Â¤Â¿ Ã Â¤â¢Ã Â¤Â¾ Ã Â¤ÂªÃ Â¥ÂÃ Â¤Â°Ã Â¤Â®Ã Â¥ÂÃ Â¤â Ã Â¤â Ã Â¤Â§Ã Â¤Â¾Ã Â¤Â° Ã Â¤Â¹Ã Â¥Ë Ã Â¤Â¤Ã Â¤Â¥Ã Â¤Â¾ Ã Â¤â¡Ã Â¤Â¸Ã Â¤â¢Ã Â¤Â¾ Ã Â¤Â®Ã Â¤Â§Ã Â¥ÂÃ Â¤Â¯-Ã Â¤ÂªÃ Â¥âÃ Â¤Â°Ã Â¥ÂÃ Â¤ÂµÃ Â¥â¬ Ã Â¤Â¦Ã Â¥â¡Ã Â¤Â¶Ã Â¥â¹Ã Â¤â Ã Â¤Â®Ã Â¥â¡Ã Â¤â Ã Â¤Â­Ã Â¤Â¾Ã Â¤Â°Ã Â¤Â¤ Ã Â¤â¢Ã Â¥â¡ Ã Â¤ÂµÃ Â¥ÂÃ Â¤Â¯Ã Â¤Â¾Ã Â¤ÂªÃ Â¤â¢ Ã Â¤ÂªÃ Â¥ÂÃ Â¤Â°Ã Â¤Â­Ã Â¤Â¾Ã Â¤Âµ Ã Â¤Â¸Ã Â¥â¡ Ã Â¤ËÃ Â¤Â¨Ã Â¤Â¿Ã Â¤Â·Ã Â¥ÂÃ Â¤Â  Ã Â¤Â¸Ã Â¤âÃ Â¤Â¬Ã Â¤âÃ Â¤Â§ Ã Â¤Â¹Ã Â¥ËÃ Â¥Â¤"" Ã Â¤â Ã Â¤Â¨Ã Â¥â¡ Ã Â¤ÂµÃ Â¤Â¾Ã Â¤Â²Ã Â¥â¡ Ã Â¤ÂµÃ Â¤Â°Ã Â¥ÂÃ Â¤Â·Ã Â¥â¹Ã Â¤â Ã Â¤Â®Ã Â¥â¡Ã Â¤â Ã Â¤Å Ã Â¤Â°Ã Â¥ÂÃ Â¤ÅÃ Â¤Â¾ Ã Â¤Â¸Ã Â¥ÂÃ Â¤Â°Ã Â¤â¢Ã Â¥ÂÃ Â¤Â·Ã Â¤Â¾ Ã Â¤â¢Ã Â¥â¹ Ã Â¤Â­Ã Â¤Â¾Ã Â¤Â°Ã Â¤Â¤ Ã Â¤â¢Ã Â¥â¬ Ã Â¤ÂµÃ Â¤Â¿Ã Â¤Â¦Ã Â¥â¡Ã Â¤Â¶ Ã Â¤Â¨Ã Â¥â¬Ã Â¤Â¤Ã Â¤Â¿ Ã Â¤â¢Ã Â¥â¬ Ã Â¤Â¦Ã Â¤Â¿Ã Â¤Â¶Ã Â¤Â¾ Ã Â¤â¢Ã Â¥â¡ Ã Â¤Â¸Ã Â¤Â¾Ã Â¤Â¥ Ã Â¤â¢Ã Â¤Â¿Ã Â¤Â¸ Ã Â¤ÂªÃ Â¥ÂÃ Â¤Â°Ã Â¤â¢Ã Â¤Â¾Ã Â¤Â° Ã Â¤ÂÃ Â¤â¢Ã Â¥â¬Ã Â¤â¢Ã Â¥ÆÃ Â¤Â¤ Ã Â¤â¢Ã Â¤Â¿Ã Â¤Â¯Ã Â¤Â¾ Ã Â¤ÅÃ Â¤Â¾ Ã Â¤Â¸Ã Â¤â¢Ã Â¤Â¤Ã Â¤Â¾ Ã Â¤Â¹Ã Â¥Ë? (Ã Â¤â°Ã Â¤Â¤Ã Â¥ÂÃ Â¤Â¤Ã Â¤Â° 250 Ã Â¤Â¶Ã Â¤Â¬Ã Â¥ÂÃ Â¤Â¦Ã Â¥â¹Ã Â¤â Ã Â¤Â®Ã Â¥â¡Ã Â¤â Ã Â¤Â¦Ã Â¥â¡Ã Â¤â) 15","Energy security constitutes the dominant kingpin of India’s foreign policy, and is linked with India’s overarching influence in Middle Eastern countries.” How would you integrate energy security with India’s foreign policy trajectories in the coming years?",94.8,keep,true,aggregator,,,,,,,,,,,,,,,,,,
2025,GS2,d332fcad-6750-4542-af0a-3f203f819096,40,,20,GS2-Q20,"Ã¢â¬ÅThe reform process in the United Nations remains unresolved, because of the delicate imbalance of East and West and entanglement of the USA vs. Russo-Chinese alliance.Ã¢â¬Â Examine and critically evaluate the East-West policy confrontations in this regard. (Answer in 250 words) 15 Marks

[Hindi] ""Ã Â¤Â¸Ã Â¤âÃ Â¤Â¯Ã Â¥ÂÃ Â¤â¢Ã Â¥ÂÃ Â¤Â¤ Ã Â¤Â°Ã Â¤Â¾Ã Â¤Â·Ã Â¥ÂÃ Â¤Å¸Ã Â¥ÂÃ Â¤Â° Ã Â¤Â®Ã Â¥â¡Ã Â¤â Ã Â¤Â¸Ã Â¥ÂÃ Â¤Â§Ã Â¤Â¾Ã Â¤Â° Ã Â¤â¢Ã Â¥â¬ Ã Â¤ÂªÃ Â¥ÂÃ Â¤Â°Ã Â¤â¢Ã Â¥ÂÃ Â¤Â°Ã Â¤Â¿Ã Â¤Â¯Ã Â¤Â¾ Ã Â¤ÂªÃ Â¥âÃ Â¤Â°Ã Â¥ÂÃ Â¤Âµ Ã Â¤âÃ Â¤Â° Ã Â¤ÂªÃ Â¤Â¶Ã Â¥ÂÃ Â¤Å¡Ã Â¤Â¿Ã Â¤Â® Ã Â¤â¢Ã Â¥â¡ Ã Â¤Â¬Ã Â¥â¬Ã Â¤Å¡ Ã Â¤Â¨Ã Â¤Â¾Ã Â¤ÅÃ Â¥ÂÃ Â¤â¢ Ã Â¤â¦Ã Â¤Â¸Ã Â¤âÃ Â¤Â¤Ã Â¥ÂÃ Â¤Â²Ã Â¤Â¨ Ã Â¤Â¤Ã Â¤Â¥Ã Â¤Â¾ Ã Â¤â¦Ã Â¤Â®Ã Â¥â¡Ã Â¤Â°Ã Â¤Â¿Ã Â¤â¢Ã Â¤Â¾ Ã Â¤Â¬Ã Â¤Â¨Ã Â¤Â¾Ã Â¤Â® Ã Â¤Â°Ã Â¥âÃ Â¤Â¸-Ã Â¤Å¡Ã Â¥â¬Ã Â¤Â¨ Ã Â¤âÃ Â¤Â Ã Â¤Â¬Ã Â¤âÃ Â¤Â§Ã Â¤Â¨ Ã Â¤â¢Ã Â¥â¡ Ã Â¤â°Ã Â¤Â²Ã Â¤ÂÃ Â¤Â¾Ã Â¤Âµ Ã Â¤â¢Ã Â¥â¡ Ã Â¤â¢Ã Â¤Â¾Ã Â¤Â°Ã Â¤Â£ Ã Â¤â¦Ã Â¤Â¬ Ã Â¤Â­Ã Â¥â¬ Ã Â¤â¦Ã Â¤Â¨Ã Â¤Â¿Ã Â¤Â°Ã Â¥ÂÃ Â¤Â£Ã Â¥â¬Ã Â¤Â¤ Ã Â¤Â¬Ã Â¤Â¨Ã Â¥â¬ Ã Â¤Â¹Ã Â¥ÂÃ Â¤Ë Ã Â¤Â¹Ã Â¥ËÃ Â¥Â¤"" Ã Â¤â¡Ã Â¤Â¸ Ã Â¤Â¸Ã Â¤âÃ Â¤Â¦Ã Â¤Â°Ã Â¥ÂÃ Â¤Â­ Ã Â¤Â®Ã Â¥â¡Ã Â¤â Ã Â¤ÂªÃ Â¥âÃ Â¤Â°Ã Â¥ÂÃ Â¤Âµ-Ã Â¤ÂªÃ Â¤Â¶Ã Â¥ÂÃ Â¤Å¡Ã Â¤Â¿Ã Â¤Â® Ã Â¤Â¨Ã Â¥â¬Ã Â¤Â¤Ã Â¤Â¿-Ã Â¤Â¸Ã Â¤âÃ Â¤ËÃ Â¤Â°Ã Â¥ÂÃ Â¤Â·Ã Â¥â¹Ã Â¤â Ã Â¤â¢Ã Â¤Â¾ Ã Â¤ÂªÃ Â¤Â°Ã Â¥â¬Ã Â¤â¢Ã Â¥ÂÃ Â¤Â·Ã Â¤Â£ Ã Â¤ÂÃ Â¤ÂµÃ Â¤â Ã Â¤Â¸Ã Â¤Â®Ã Â¤Â¾Ã Â¤Â²Ã Â¥â¹Ã Â¤Å¡Ã Â¤Â¨Ã Â¤Â¾Ã Â¤Â¤Ã Â¥ÂÃ Â¤Â®Ã Â¤â¢ Ã Â¤Â®Ã Â¥âÃ Â¤Â²Ã Â¥ÂÃ Â¤Â¯Ã Â¤Â¾Ã Â¤âÃ Â¤â¢Ã Â¤Â¨ Ã Â¤â¢Ã Â¥â¬Ã Â¤ÅÃ Â¤Â¿Ã Â¤ÂÃ Â¥Â¤ (Ã Â¤â°Ã Â¤Â¤Ã Â¥ÂÃ Â¤Â¤Ã Â¤Â° 250 Ã Â¤Â¶Ã Â¤Â¬Ã Â¥ÂÃ Â¤Â¦Ã Â¥â¹Ã Â¤â Ã Â¤Â®Ã Â¥â¡Ã Â¤â Ã Â¤Â¦Ã Â¥â¡Ã Â¤â) 15","“The reform process in the United Nations remains unresolved, because of the delicate imbalance of East and West and entanglement of the USA vs. Russo-Chinese alliance.” Examine and critically evaluate the East-West policy confrontations in this regard.",98.4,keep,true,aggregator,,,,,,,,,,,,,,,,,,
2025,GS3,b5cbb735-b687-4de5-90cb-3978f48a71a1,41,,4,GS3-Q4,"Distinguish between the Human Development Index (HDI) and the Inequality-adjusted Human Development Index (IHDI) with special reference to India. Why is the IHDI considered a better indicator of inclusive growth? (Answer in 150 words) 10

[Hindi] Ã Â¤Â®Ã Â¤Â¾Ã Â¤Â¨Ã Â¤Âµ Ã Â¤ÂµÃ Â¤Â¿Ã Â¤â¢Ã Â¤Â¾Ã Â¤Â¸ Ã Â¤Â¸Ã Â¥âÃ Â¤Å¡Ã Â¤â¢Ã Â¤Â¾Ã Â¤âÃ Â¤â¢ (HDI) Ã Â¤Â¤Ã Â¤Â¥Ã Â¤Â¾ Ã Â¤â¦Ã Â¤Â¸Ã Â¤Â®Ã Â¤Â¾Ã Â¤Â¨Ã Â¤Â¤Ã Â¤Â¾-Ã Â¤Â¸Ã Â¤Â®Ã Â¤Â¾Ã Â¤Â¯Ã Â¥â¹Ã Â¤ÅÃ Â¤Â¿Ã Â¤Â¤ Ã Â¤Â®Ã Â¤Â¾Ã Â¤Â¨Ã Â¤Âµ Ã Â¤ÂµÃ Â¤Â¿Ã Â¤â¢Ã Â¤Â¾Ã Â¤Â¸ Ã Â¤Â¸Ã Â¥âÃ Â¤Å¡Ã Â¤â¢Ã Â¤Â¾Ã Â¤âÃ Â¤â¢ (IHDI) Ã Â¤Â®Ã Â¥â¡Ã Â¤â Ã Â¤Â­Ã Â¤Â¾Ã Â¤Â°Ã Â¤Â¤ Ã Â¤â¢Ã Â¥â¡ Ã Â¤ÂµÃ Â¤Â¿Ã Â¤Â¶Ã Â¥â¡Ã Â¤Â· Ã Â¤Â¸Ã Â¤âÃ Â¤Â¦Ã Â¤Â°Ã Â¥ÂÃ Â¤Â­ Ã Â¤Â®Ã Â¥â¡Ã Â¤â Ã Â¤â¦Ã Â¤âÃ Â¤Â¤Ã Â¤Â° Ã Â¤Â¸Ã Â¥ÂÃ Â¤ÂªÃ Â¤Â·Ã Â¥ÂÃ Â¤Å¸ Ã Â¤â¢Ã Â¥â¬Ã Â¤ÅÃ Â¤Â¿Ã Â¤ÂÃ Â¥Â¤ Ã Â¤Â¸Ã Â¤Â®Ã Â¤Â¾Ã Â¤ÂµÃ Â¥â¡Ã Â¤Â¶Ã Â¥â¬ Ã Â¤ÂµÃ Â¤Â¿Ã Â¤â¢Ã Â¤Â¾Ã Â¤Â¸ Ã Â¤â¢Ã Â¥â¡ Ã Â¤Â¬Ã Â¥â¡Ã Â¤Â¹Ã Â¤Â¤Ã Â¤Â° Ã Â¤Â¸Ã Â¤âÃ Â¤â¢Ã Â¥â¡Ã Â¤Â¤Ã Â¤â¢ Ã Â¤â¢Ã Â¥â¡ Ã Â¤Â°Ã Â¥âÃ Â¤Âª Ã Â¤Â®Ã Â¥â¡Ã Â¤â IHDI Ã Â¤â¢Ã Â¥â¹ Ã Â¤â¢Ã Â¥ÂÃ Â¤Â¯Ã Â¥â¹Ã Â¤â Ã Â¤Â®Ã Â¤Â¾Ã Â¤Â¨Ã Â¤Â¾ Ã Â¤ÅÃ Â¤Â¾Ã Â¤Â¤Ã Â¤Â¾ Ã Â¤Â¹Ã Â¥Ë? (Ã Â¤â°Ã Â¤Â¤Ã Â¥ÂÃ Â¤Â¤Ã Â¤Â° 150 Ã Â¤Â¶Ã Â¤Â¬Ã Â¥ÂÃ Â¤Â¦Ã Â¥â¹Ã Â¤â Ã Â¤Â®Ã Â¥â¡Ã Â¤â Ã Â¤Â¦Ã Â¥â¬Ã Â¤ÅÃ Â¤Â¿Ã Â¤ÂÃ Â¥Â¤)",Distinguish between the Human Development Index (HDI) and the Inequality-adjusted Human Development Index (IHDI) with special reference to India. Why is the IHDI considered a better indicator of inclusive growth?,100.0,keep,true,aggregator,,,,,,,,,,,,,,,,,,
2025,GS3,b5cbb735-b687-4de5-90cb-3978f48a71a1,42,,1,GS3-Q1,"What are the challenges before the Indian economy when the world is moving away from free trade and multilateralism to protectionism and bilateralism? How can these challenges be met? (Answer in 150 words) 10

[Hindi] Ã Â¤ÅÃ Â¤Â¬ Ã Â¤ÂµÃ Â¤Â¿Ã Â¤Â¶Ã Â¥ÂÃ Â¤Âµ Ã Â¤Â®Ã Â¥ÂÃ Â¤â¢Ã Â¥ÂÃ Â¤Â¤ Ã Â¤ÂµÃ Â¥ÂÃ Â¤Â¯Ã Â¤Â¾Ã Â¤ÂªÃ Â¤Â¾Ã Â¤Â° Ã Â¤ÂÃ Â¤ÂµÃ Â¤â Ã Â¤Â¬Ã Â¤Â¹Ã Â¥ÂÃ Â¤ÂªÃ Â¤â¢Ã Â¥ÂÃ Â¤Â·Ã Â¤ÂµÃ Â¤Â¾Ã Â¤Â¦ Ã Â¤Â¸Ã Â¥â¡ Ã Â¤Â¹Ã Â¤Å¸Ã Â¤â¢Ã Â¤Â° Ã Â¤Â¸Ã Â¤âÃ Â¤Â°Ã Â¤â¢Ã Â¥ÂÃ Â¤Â·Ã Â¤Â£Ã Â¤ÂµÃ Â¤Â¾Ã Â¤Â¦ Ã Â¤Â¤Ã Â¤Â¥Ã Â¤Â¾ Ã Â¤Â¦Ã Â¥ÂÃ Â¤ÂµÃ Â¤Â¿Ã Â¤ÂªÃ Â¤â¢Ã Â¥ÂÃ Â¤Â·Ã Â¤ÂµÃ Â¤Â¾Ã Â¤Â¦ Ã Â¤â¢Ã Â¥â¬ Ã Â¤âÃ Â¤Â° Ã Â¤Â¬Ã Â¤Â¢Ã Â¤Â¼ Ã Â¤Â°Ã Â¤Â¹Ã Â¤Â¾ Ã Â¤Â¹Ã Â¥Ë, Ã Â¤Â¤Ã Â¤Â¬ Ã Â¤Â­Ã Â¤Â¾Ã Â¤Â°Ã Â¤Â¤Ã Â¥â¬Ã Â¤Â¯ Ã Â¤â¦Ã Â¤Â°Ã Â¥ÂÃ Â¤Â¥Ã Â¤ÂµÃ Â¥ÂÃ Â¤Â¯Ã Â¤ÂµÃ Â¤Â¸Ã Â¥ÂÃ Â¤Â¥Ã Â¤Â¾ Ã Â¤â¢Ã Â¥â¡ Ã Â¤Â¸Ã Â¤Â®Ã Â¤â¢Ã Â¥ÂÃ Â¤Â· Ã Â¤â¢Ã Â¥ÅÃ Â¤Â¨-Ã Â¤â¢Ã Â¥ÅÃ Â¤Â¨ Ã Â¤Â¸Ã Â¥â¬ Ã Â¤Å¡Ã Â¥ÂÃ Â¤Â¨Ã Â¥ÅÃ Â¤Â¤Ã Â¤Â¿Ã Â¤Â¯Ã Â¤Â¾Ã Â¤Â Ã Â¤Â¹Ã Â¥ËÃ Â¤â? Ã Â¤â¡Ã Â¤Â¨ Ã Â¤Å¡Ã Â¥ÂÃ Â¤Â¨Ã Â¥ÅÃ Â¤Â¤Ã Â¤Â¿Ã Â¤Â¯Ã Â¥â¹Ã Â¤â Ã Â¤â¢Ã Â¤Â¾ Ã Â¤Â¸Ã Â¤Â¾Ã Â¤Â®Ã Â¤Â¨Ã Â¤Â¾ Ã Â¤â¢Ã Â¥ËÃ Â¤Â¸Ã Â¥â¡ Ã Â¤â¢Ã Â¤Â¿Ã Â¤Â¯Ã Â¤Â¾ Ã Â¤ÅÃ Â¤Â¾ Ã Â¤Â¸Ã Â¤â¢Ã Â¤Â¤Ã Â¤Â¾ Ã Â¤Â¹Ã Â¥Ë? (Ã Â¤â°Ã Â¤Â¤Ã Â¥ÂÃ Â¤Â¤Ã Â¤Â° 150 Ã Â¤Â¶Ã Â¤Â¬Ã Â¥ÂÃ Â¤Â¦Ã Â¥â¹Ã Â¤â Ã Â¤Â®Ã Â¥â¡Ã Â¤â Ã Â¤Â¦Ã Â¥â¬Ã Â¤ÅÃ Â¤Â¿Ã Â¤ÂÃ Â¥Â¤)",What are the challenges before the Indian economy when the world is moving away from free trade and multilateralism to protectionism and bilateralism? How can these challenges be met?,100.0,keep,true,aggregator,,,,,,,,,,,,,,,,,,
2025,GS3,b5cbb735-b687-4de5-90cb-3978f48a71a1,43,,5,GS3-Q5,"Explain the factors influencing the decision of the farmers on the selection of high value crops in India. (Answer in 150 words) 10

[Hindi] Ã Â¤â¢Ã Â¤Â¿Ã Â¤Â¸Ã Â¤Â¾Ã Â¤Â¨Ã Â¥â¹Ã Â¤â Ã Â¤Â¦Ã Â¥ÂÃ Â¤ÂµÃ Â¤Â¾Ã Â¤Â°Ã Â¤Â¾ Ã Â¤Â«Ã Â¤Â¸Ã Â¤Â²Ã Â¥â¹Ã Â¤â Ã Â¤â¢Ã Â¥â¡ Ã Â¤Å¡Ã Â¤Â¯Ã Â¤Â¨ Ã Â¤â¢Ã Â¥â¡ Ã Â¤Â¨Ã Â¤Â¿Ã Â¤Â°Ã Â¥ÂÃ Â¤Â£Ã Â¤Â¯ Ã Â¤â¢Ã Â¥â¹ Ã Â¤ÂªÃ Â¥ÂÃ Â¤Â°Ã Â¤Â­Ã Â¤Â¾Ã Â¤ÂµÃ Â¤Â¿Ã Â¤Â¤ Ã Â¤â¢Ã Â¤Â°Ã Â¤Â¨Ã Â¥â¡ Ã Â¤ÂµÃ Â¤Â¾Ã Â¤Â²Ã Â¥â¡ Ã Â¤â¢Ã Â¤Â¾Ã Â¤Â°Ã Â¤â¢Ã Â¥â¹Ã Â¤â Ã Â¤â¢Ã Â¥â¬ Ã Â¤ÂµÃ Â¥ÂÃ Â¤Â¯Ã Â¤Â¾Ã Â¤âÃ Â¥ÂÃ Â¤Â¯Ã Â¤Â¾ Ã Â¤â¢Ã Â¥â¬Ã Â¤ÅÃ Â¤Â¿Ã Â¤ÂÃ Â¥Â¤ Ã Â¤Â­Ã Â¤Â¾Ã Â¤Â°Ã Â¤Â¤ Ã Â¤Â®Ã Â¥â¡Ã Â¤â Ã Â¤Â«Ã Â¤Â¸Ã Â¤Â² Ã Â¤ÂµÃ Â¤Â¿Ã Â¤ÂµÃ Â¤Â¿Ã Â¤Â§Ã Â¥â¬Ã Â¤â¢Ã Â¤Â°Ã Â¤Â£ Ã Â¤â¢Ã Â¥â¹ Ã Â¤Â¬Ã Â¤Â¢Ã Â¤Â¼Ã Â¤Â¾Ã Â¤ÂµÃ Â¤Â¾ Ã Â¤Â¦Ã Â¥â¡Ã Â¤Â¨Ã Â¥â¡ Ã Â¤â¢Ã Â¥â¡ Ã Â¤Â²Ã Â¤Â¿Ã Â¤Â Ã Â¤â¢Ã Â¤Â¿Ã Â¤Â¨ Ã Â¤â°Ã Â¤ÂªÃ Â¤Â¾Ã Â¤Â¯Ã Â¥â¹Ã Â¤â Ã Â¤â¢Ã Â¥â¬ Ã Â¤â Ã Â¤ÂµÃ Â¤Â¶Ã Â¥ÂÃ Â¤Â¯Ã Â¤â¢Ã Â¤Â¤Ã Â¤Â¾ Ã Â¤Â¹Ã Â¥Ë? (Ã Â¤â°Ã Â¤Â¤Ã Â¥ÂÃ Â¤Â¤Ã Â¤Â° 150 Ã Â¤Â¶Ã Â¤Â¬Ã Â¥ÂÃ Â¤Â¦Ã Â¥â¹Ã Â¤â Ã Â¤Â®Ã Â¥â¡Ã Â¤â Ã Â¤Â¦Ã Â¥â¬Ã Â¤ÅÃ Â¤Â¿Ã Â¤ÂÃ Â¥Â¤)",Explain the factors influencing the decision of the farmers on the selection of high value crops in India.,100.0,keep,true,aggregator,,,,,,,,,,,,,,,,,,
2025,GS3,b5cbb735-b687-4de5-90cb-3978f48a71a1,44,,6,GS3-Q6,"Elaborate the scope and significance of supply chain management of agricultural commodities in India. (Answer in 150 words) 10

[Hindi] Ã Â¤Â­Ã Â¤Â¾Ã Â¤Â°Ã Â¤Â¤ Ã Â¤ÂµÃ Â¤Â°Ã Â¥ÂÃ Â¤Â· 2047 Ã Â¤Â¤Ã Â¤â¢ Ã Â¤Â¸Ã Â¥ÂÃ Â¤ÂµÃ Â¤Å¡Ã Â¥ÂÃ Â¤âº Ã Â¤ÂªÃ Â¥ÂÃ Â¤Â°Ã Â¥ÅÃ Â¤Â¦Ã Â¥ÂÃ Â¤Â¯Ã Â¥â¹Ã Â¤âÃ Â¤Â¿Ã Â¤â¢Ã Â¥â¬ Ã Â¤â¢Ã Â¥â¡ Ã Â¤Â®Ã Â¤Â¾Ã Â¤Â§Ã Â¥ÂÃ Â¤Â¯Ã Â¤Â® Ã Â¤Â¸Ã Â¥â¡ Ã Â¤Å Ã Â¤Â°Ã Â¥ÂÃ Â¤ÅÃ Â¤Â¾ Ã Â¤â Ã Â¤Â¤Ã Â¥ÂÃ Â¤Â®Ã Â¤Â¨Ã Â¤Â¿Ã Â¤Â°Ã Â¥ÂÃ Â¤Â­Ã Â¤Â°Ã Â¤Â¤Ã Â¤Â¾ Ã Â¤â¢Ã Â¥ËÃ Â¤Â¸Ã Â¥â¡ Ã Â¤ÂªÃ Â¥ÂÃ Â¤Â°Ã Â¤Â¾Ã Â¤ÂªÃ Â¥ÂÃ Â¤Â¤ Ã Â¤â¢Ã Â¤Â° Ã Â¤Â¸Ã Â¤â¢Ã Â¤Â¤Ã Â¤Â¾ Ã Â¤Â¹Ã Â¥Ë? Ã Â¤â¡Ã Â¤Â¸ Ã Â¤ÂªÃ Â¥ÂÃ Â¤Â°Ã Â¤Â¯Ã Â¤Â¾Ã Â¤Â¸ Ã Â¤Â®Ã Â¥â¡Ã Â¤â Ã Â¤ÅÃ Â¥ËÃ Â¤Âµ-Ã Â¤ÂªÃ Â¥ÂÃ Â¤Â°Ã Â¥ÅÃ Â¤Â¦Ã Â¥ÂÃ Â¤Â¯Ã Â¥â¹Ã Â¤âÃ Â¤Â¿Ã Â¤â¢Ã Â¥â¬ Ã Â¤â¢Ã Â¤Â¿Ã Â¤Â¸ Ã Â¤ÂªÃ Â¥ÂÃ Â¤Â°Ã Â¤â¢Ã Â¤Â¾Ã Â¤Â° Ã Â¤Â®Ã Â¤Â¹Ã Â¤Â¤Ã Â¥ÂÃ Â¤ÂµÃ Â¤ÂªÃ Â¥âÃ Â¤Â°Ã Â¥ÂÃ Â¤Â£ Ã Â¤Â­Ã Â¥âÃ Â¤Â®Ã Â¤Â¿Ã Â¤â¢Ã Â¤Â¾ Ã Â¤Â¨Ã Â¤Â¿Ã Â¤Â­Ã Â¤Â¾ Ã Â¤Â¸Ã Â¤â¢Ã Â¤Â¤Ã Â¥â¬ Ã Â¤Â¹Ã Â¥Ë? (Ã Â¤â°Ã Â¤Â¤Ã Â¥ÂÃ Â¤Â¤Ã Â¤Â° 150 Ã Â¤Â¶Ã Â¤Â¬Ã Â¥ÂÃ Â¤Â¦Ã Â¥â¹Ã Â¤â Ã Â¤Â®Ã Â¥â¡Ã Â¤â Ã Â¤Â¦Ã Â¥â¬Ã Â¤ÅÃ Â¤Â¿Ã Â¤ÂÃ Â¥Â¤)",Elaborate the scope and significance of supply chain management of agricultural commodities in India.,100.0,keep,true,aggregator,,,,,,,,,,,,,,,,,,
2025,GS3,b5cbb735-b687-4de5-90cb-3978f48a71a1,45,,9,GS3-Q9,"The fusion energy programme in India has steadily evolved over the past few decades. Mention IndiaÃ¢â¬â¢s contributions to the international fusion energy project Ã¢â¬â International Thermonuclear Experimental Reactor (ITER). What will be the implications of the success of this project for the future of global energy? (Answer in 150 words) 10

[Hindi] Ã Â¤â¢Ã Â¤Â¾Ã Â¤Â°Ã Â¥ÂÃ Â¤Â¬Ã Â¤Â¨ Ã Â¤â¢Ã Â¥ËÃ Â¤ÂªÃ Â¥ÂÃ Â¤Å¡Ã Â¤Â°, Ã Â¤â°Ã Â¤ÂªÃ Â¤Â¯Ã Â¥â¹Ã Â¤â Ã Â¤ÂÃ Â¤ÂµÃ Â¤â Ã Â¤Â­Ã Â¤âÃ Â¤Â¡Ã Â¤Â¾Ã Â¤Â°Ã Â¤Â£ (Carbon Capture, Utilization and StorageÃ¢â¬âCCUS) Ã Â¤â¢Ã Â¥ÂÃ Â¤Â¯Ã Â¤Â¾ Ã Â¤Â¹Ã Â¥Ë? Ã Â¤ÅÃ Â¤Â²Ã Â¤ÂµÃ Â¤Â¾Ã Â¤Â¯Ã Â¥Â Ã Â¤ÂªÃ Â¤Â°Ã Â¤Â¿Ã Â¤ÂµÃ Â¤Â°Ã Â¥ÂÃ Â¤Â¤Ã Â¤Â¨ Ã Â¤Â¸Ã Â¥â¡ Ã Â¤Â¨Ã Â¤Â¿Ã Â¤ÂªÃ Â¤Å¸Ã Â¤Â¨Ã Â¥â¡ Ã Â¤Â®Ã Â¥â¡Ã Â¤â CCUS Ã Â¤â¢Ã Â¥â¬ Ã Â¤Â¸Ã Â¤âÃ Â¤Â­Ã Â¤Â¾Ã Â¤ÂµÃ Â¤Â¿Ã Â¤Â¤ Ã Â¤Â­Ã Â¥âÃ Â¤Â®Ã Â¤Â¿Ã Â¤â¢Ã Â¤Â¾ Ã Â¤â¢Ã Â¥ÂÃ Â¤Â¯Ã Â¤Â¾ Ã Â¤Â¹Ã Â¥Ë? (Ã Â¤â°Ã Â¤Â¤Ã Â¥ÂÃ Â¤Â¤Ã Â¤Â° 150 Ã Â¤Â¶Ã Â¤Â¬Ã Â¥ÂÃ Â¤Â¦Ã Â¥â¹Ã Â¤â Ã Â¤Â®Ã Â¥â¡Ã Â¤â Ã Â¤Â¦Ã Â¥â¬Ã Â¤ÅÃ Â¤Â¿Ã Â¤ÂÃ Â¥Â¤)",The fusion energy programme in India has steadily evolved over the past few decades. Mention India’s contributions to the international fusion energy project – International Thermonuclear Experimental Reactor (ITER). What will be the implications of the success of this project for the future of global energy?,97.7,keep,true,aggregator,,,,,,,,,,,,,,,,,,
2025,GS3,b5cbb735-b687-4de5-90cb-3978f48a71a1,46,,10,GS3-Q10,"How can India achieve energy independence through clean technology by 2047? How can biotechnology play a crucial role in this endeavour? (Answer in 150 words) 10

[Hindi] Ã Â¤Â­Ã Â¤Â¾Ã Â¤Â°Ã Â¤Â¤ Ã Â¤Â®Ã Â¥â¡Ã Â¤â Ã Â¤Â¤Ã Â¤Å¸Ã Â¥â¬Ã Â¤Â¯ Ã Â¤ÅÃ Â¤Â²Ã Â¤Â­Ã Â¥ÆÃ Â¤Â¤Ã Â¥â¹Ã Â¤â (Coastal Aquifers) Ã Â¤Â®Ã Â¥â¡Ã Â¤â Ã Â¤Â¸Ã Â¤Â®Ã Â¥ÂÃ Â¤Â¦Ã Â¥ÂÃ Â¤Â°Ã Â¥â¬ Ã Â¤ÅÃ Â¤Â² Ã Â¤â¢Ã Â¤Â¾ Ã Â¤â¦Ã Â¤âÃ Â¤Â¤Ã Â¤ÆÃ Â¤ÂªÃ Â¥ÂÃ Â¤Â°Ã Â¤ÂµÃ Â¥â¡Ã Â¤Â¶ (Seawater Intrusion) Ã Â¤ÂÃ Â¤â¢ Ã Â¤ÂªÃ Â¥ÂÃ Â¤Â°Ã Â¤Â®Ã Â¥ÂÃ Â¤â Ã Â¤Å¡Ã Â¤Â¿Ã Â¤âÃ Â¤Â¤Ã Â¤Â¾ Ã Â¤â¢Ã Â¤Â¾ Ã Â¤ÂµÃ Â¤Â¿Ã Â¤Â·Ã Â¤Â¯ Ã Â¤Â¹Ã Â¥ËÃ Â¥Â¤ Ã Â¤Â¸Ã Â¤Â®Ã Â¥ÂÃ Â¤Â¦Ã Â¥ÂÃ Â¤Â°Ã Â¥â¬ Ã Â¤ÅÃ Â¤Â² Ã Â¤â¢Ã Â¥â¡ Ã Â¤â¦Ã Â¤âÃ Â¤Â¤Ã Â¤ÆÃ Â¤ÂªÃ Â¥ÂÃ Â¤Â°Ã Â¤ÂµÃ Â¥â¡Ã Â¤Â¶ Ã Â¤â¢Ã Â¥â¡ Ã Â¤â¢Ã Â¤Â¾Ã Â¤Â°Ã Â¤Â£ Ã Â¤â¢Ã Â¥ÂÃ Â¤Â¯Ã Â¤Â¾ Ã Â¤Â¹Ã Â¥ËÃ Â¤â Ã Â¤Â¤Ã Â¤Â¥Ã Â¤Â¾ Ã Â¤â¡Ã Â¤Â¸ Ã Â¤Â¸Ã Â¤Â®Ã Â¤Â¸Ã Â¥ÂÃ Â¤Â¯Ã Â¤Â¾ Ã Â¤Â¸Ã Â¥â¡ Ã Â¤Â¨Ã Â¤Â¿Ã Â¤ÂªÃ Â¤Å¸Ã Â¤Â¨Ã Â¥â¡ Ã Â¤â¢Ã Â¥â¡ Ã Â¤Â²Ã Â¤Â¿Ã Â¤Â Ã Â¤â¢Ã Â¥ÅÃ Â¤Â¨-Ã Â¤â¢Ã Â¥ÅÃ Â¤Â¨ Ã Â¤Â¸Ã Â¥â¡ Ã Â¤â°Ã Â¤ÂªÃ Â¤Å¡Ã Â¤Â¾Ã Â¤Â°Ã Â¤Â¾Ã Â¤Â¤Ã Â¥ÂÃ Â¤Â®Ã Â¤â¢ Ã Â¤â°Ã Â¤ÂªÃ Â¤Â¾Ã Â¤Â¯ Ã Â¤Â¹Ã Â¥ËÃ Â¤â? (Ã Â¤â°Ã Â¤Â¤Ã Â¥ÂÃ Â¤Â¤Ã Â¤Â° 150 Ã Â¤Â¶Ã Â¤Â¬Ã Â¥ÂÃ Â¤Â¦Ã Â¥â¹Ã Â¤â Ã Â¤Â®Ã Â¥â¡Ã Â¤â Ã Â¤Â¦Ã Â¥â¬Ã Â¤ÅÃ Â¤Â¿Ã Â¤ÂÃ Â¥Â¤)",How can India achieve energy independence through clean technology by 2047? How can biotechnology can play a crucial role in this endeavour?,98.5,keep,true,aggregator,,,,,,,,,,,,,,,,,,
2025,GS3,b5cbb735-b687-4de5-90cb-3978f48a71a1,47,,12,GS3-Q12,"What is Carbon Capture, Utilization and Storage (CCUS)? What is the potential role of CCUS in tackling climate change? (Answer in 150 words) 10

[Hindi] Ã Â¤Â°Ã Â¤Â¾Ã Â¤ÅÃ Â¤â¢Ã Â¥â¹Ã Â¤Â·Ã Â¥â¬Ã Â¤Â¯ Ã Â¤Â¸Ã Â¥ÂÃ Â¤ÂµÃ Â¤Â¾Ã Â¤Â¸Ã Â¥ÂÃ Â¤Â¥Ã Â¥ÂÃ Â¤Â¯ Ã Â¤Â¸Ã Â¥âÃ Â¤Å¡Ã Â¤â¢Ã Â¤Â¾Ã Â¤âÃ Â¤â¢ (Fiscal Health IndexÃ¢â¬âFHI) Ã Â¤â¢Ã Â¤Â¾ Ã Â¤â°Ã Â¤ÂªÃ Â¤Â¯Ã Â¥â¹Ã Â¤â Ã Â¤Â­Ã Â¤Â¾Ã Â¤Â°Ã Â¤Â¤ Ã Â¤Â®Ã Â¥â¡Ã Â¤â Ã Â¤Â°Ã Â¤Â¾Ã Â¤ÅÃ Â¥ÂÃ Â¤Â¯Ã Â¥â¹Ã Â¤â Ã Â¤â¢Ã Â¥â¡ Ã Â¤Â°Ã Â¤Â¾Ã Â¤ÅÃ Â¤â¢Ã Â¥â¹Ã Â¤Â·Ã Â¥â¬Ã Â¤Â¯ Ã Â¤ÂªÃ Â¥ÂÃ Â¤Â°Ã Â¤Â¦Ã Â¤Â°Ã Â¥ÂÃ Â¤Â¶Ã Â¤Â¨ Ã Â¤â¢Ã Â¥â¡ Ã Â¤â Ã Â¤â¢Ã Â¤Â²Ã Â¤Â¨ Ã Â¤â¢Ã Â¥â¡ Ã Â¤â°Ã Â¤ÂªÃ Â¤â¢Ã Â¤Â°Ã Â¤Â£ Ã Â¤â¢Ã Â¥â¡ Ã Â¤Â°Ã Â¥âÃ Â¤Âª Ã Â¤Â®Ã Â¥â¡Ã Â¤â Ã Â¤â¢Ã Â¤Â¿Ã Â¤Â¸ Ã Â¤ÂªÃ Â¥ÂÃ Â¤Â°Ã Â¤â¢Ã Â¤Â¾Ã Â¤Â° Ã Â¤â¢Ã Â¤Â¿Ã Â¤Â¯Ã Â¤Â¾ Ã Â¤ÅÃ Â¤Â¾ Ã Â¤Â¸Ã Â¤â¢Ã Â¤Â¤Ã Â¤Â¾ Ã Â¤Â¹Ã Â¥Ë? Ã Â¤Â¯Ã Â¤Â¹ Ã Â¤Â°Ã Â¤Â¾Ã Â¤ÅÃ Â¥ÂÃ Â¤Â¯Ã Â¥â¹Ã Â¤â Ã Â¤â¢Ã Â¥â¹ Ã Â¤ÂµÃ Â¤Â¿Ã Â¤ÂµÃ Â¥â¡Ã Â¤â¢Ã Â¤ÂªÃ Â¥âÃ Â¤Â°Ã Â¥ÂÃ Â¤Â£ Ã Â¤ÂÃ Â¤ÂµÃ Â¤â Ã Â¤Â¸Ã Â¤Â¤Ã Â¤Â¤Ã Â¥Â Ã Â¤Â°Ã Â¤Â¾Ã Â¤ÅÃ Â¤â¢Ã Â¥â¹Ã Â¤Â·Ã Â¥â¬Ã Â¤Â¯ Ã Â¤Â¨Ã Â¥â¬Ã Â¤Â¤Ã Â¤Â¿Ã Â¤Â¯Ã Â¤Â¾Ã Â¤Â Ã Â¤â¦Ã Â¤ÂªÃ Â¤Â¨Ã Â¤Â¾Ã Â¤Â¨Ã Â¥â¡ Ã Â¤â¢Ã Â¥â¡ Ã Â¤Â²Ã Â¤Â¿Ã Â¤Â Ã Â¤â¢Ã Â¤Â¿Ã Â¤Â¸ Ã Â¤ÂªÃ Â¥ÂÃ Â¤Â°Ã Â¤â¢Ã Â¤Â¾Ã Â¤Â° Ã Â¤ÂªÃ Â¥ÂÃ Â¤Â°Ã Â¥â¹Ã Â¤Â¤Ã Â¥ÂÃ Â¤Â¸Ã Â¤Â¾Ã Â¤Â¹Ã Â¤Â¿Ã Â¤Â¤ Ã Â¤â¢Ã Â¤Â°Ã Â¥â¡Ã Â¤âÃ Â¤Â¾? (Ã Â¤â°Ã Â¤Â¤Ã Â¥ÂÃ Â¤Â¤Ã Â¤Â° 250 Ã Â¤Â¶Ã Â¤Â¬Ã Â¥ÂÃ Â¤Â¦Ã Â¥â¹Ã Â¤â Ã Â¤Â®Ã Â¥â¡Ã Â¤â Ã Â¤Â¦Ã Â¥â¬Ã Â¤ÅÃ Â¤Â¿Ã Â¤ÂÃ Â¥Â¤)","What is Carbon Capture, Utilization and Storage (CCUS)? What is the potential role of CCUS in tackling climate change?",100.0,keep,true,aggregator,,,,,,,,,,,,,,,,,,
2025,GS3,b5cbb735-b687-4de5-90cb-3978f48a71a1,48,,13,GS3-Q13,"Seawater intrusion in the coastal aquifers is a major concern in India. What are the causes of seawater intrusion and the remedial measures to combat this hazard? (Answer in 150 words) 10

[Hindi] Ã Â¤â°Ã Â¤Â¤Ã Â¥ÂÃ Â¤ÂªÃ Â¤Â¾Ã Â¤Â¦Ã Â¤Â¨-Ã Â¤â Ã Â¤Â§Ã Â¤Â¾Ã Â¤Â°Ã Â¤Â¿Ã Â¤Â¤ Ã Â¤ÂªÃ Â¥ÂÃ Â¤Â°Ã Â¥â¹Ã Â¤Â¤Ã Â¥ÂÃ Â¤Â¸Ã Â¤Â¾Ã Â¤Â¹Ã Â¤Â¨ (Production Linked IncentiveÃ¢â¬âPLI) Ã Â¤Â¯Ã Â¥â¹Ã Â¤ÅÃ Â¤Â¨Ã Â¤Â¾ Ã Â¤â¢Ã Â¥â¡ Ã Â¤âÃ Â¤Å¡Ã Â¤Â¿Ã Â¤Â¤Ã Â¥ÂÃ Â¤Â¯ Ã Â¤â¢Ã Â¥â¬ Ã Â¤ÂµÃ Â¤Â¿Ã Â¤ÂµÃ Â¥â¡Ã Â¤Å¡Ã Â¤Â¨Ã Â¤Â¾ Ã Â¤â¢Ã Â¥â¬Ã Â¤ÅÃ Â¤Â¿Ã Â¤ÂÃ Â¥Â¤ Ã Â¤â¡Ã Â¤Â¸Ã Â¤â¢Ã Â¥â¬ Ã Â¤â°Ã Â¤ÂªÃ Â¤Â²Ã Â¤Â¬Ã Â¥ÂÃ Â¤Â§Ã Â¤Â¿Ã Â¤Â¯Ã Â¤Â¾Ã Â¤Â Ã Â¤â¢Ã Â¥ÂÃ Â¤Â¯Ã Â¤Â¾ Ã Â¤Â°Ã Â¤Â¹Ã Â¥â¬ Ã Â¤Â¹Ã Â¥ËÃ Â¤â? Ã Â¤â¡Ã Â¤Â¸ Ã Â¤Â¯Ã Â¥â¹Ã Â¤ÅÃ Â¤Â¨Ã Â¤Â¾ Ã Â¤â¢Ã Â¥â¡ Ã Â¤â¢Ã Â¥ÂÃ Â¤Â°Ã Â¤Â¿Ã Â¤Â¯Ã Â¤Â¾Ã Â¤Â¨Ã Â¥ÂÃ Â¤ÂµÃ Â¤Â¯Ã Â¤Â¨ Ã Â¤ÂÃ Â¤ÂµÃ Â¤â Ã Â¤ÂªÃ Â¤Â°Ã Â¤Â¿Ã Â¤Â£Ã Â¤Â¾Ã Â¤Â®Ã Â¥â¹Ã Â¤â Ã Â¤Â®Ã Â¥â¡Ã Â¤â Ã Â¤â¢Ã Â¤Â¿Ã Â¤Â¸ Ã Â¤ÂªÃ Â¥ÂÃ Â¤Â°Ã Â¤â¢Ã Â¤Â¾Ã Â¤Â° Ã Â¤Â¸Ã Â¥ÂÃ Â¤Â§Ã Â¤Â¾Ã Â¤Â° Ã Â¤â¢Ã Â¤Â¿Ã Â¤Â¯Ã Â¤Â¾ Ã Â¤ÅÃ Â¤Â¾ Ã Â¤Â¸Ã Â¤â¢Ã Â¤Â¤Ã Â¤Â¾ Ã Â¤Â¹Ã Â¥Ë? (Ã Â¤â°Ã Â¤Â¤Ã Â¥ÂÃ Â¤Â¤Ã Â¤Â° 250 Ã Â¤Â¶Ã Â¤Â¬Ã Â¥ÂÃ Â¤Â¦Ã Â¥â¹Ã Â¤â Ã Â¤Â®Ã Â¥â¡Ã Â¤â Ã Â¤Â¦Ã Â¥â¬Ã Â¤ÅÃ Â¤Â¿Ã Â¤ÂÃ Â¥Â¤)",Seawater intrusion in the coastal aquifers is a major concern in India. What are the causes of seawater intrusion and the remedial measures to combat this hazard?,100.0,keep,true,aggregator,,,,,,,,,,,,,,,,,,
2025,GS3,b5cbb735-b687-4de5-90cb-3978f48a71a1,49,,17,GS3-Q17,"Terrorism is a global scourge. How has it manifested in India? Elaborate with contemporary examples. What are the counter measures adopted by the State? Explain. (Answer in 150 words)10

[Hindi] Ã Â¤Â­Ã Â¤Â¾Ã Â¤Â°Ã Â¤Â¤ Ã Â¤Â®Ã Â¥â¡Ã Â¤â Ã Â¤Â­Ã Â¥âÃ Â¤ÅÃ Â¤Â² Ã Â¤â¢Ã Â¥â¡ Ã Â¤â¢Ã Â¥ÂÃ Â¤Â·Ã Â¤Â¯ (Groundwater Depletion) Ã Â¤â¢Ã Â¥â¡ Ã Â¤Â²Ã Â¤Â¿Ã Â¤Â Ã Â¤â°Ã Â¤Â¤Ã Â¥ÂÃ Â¤Â¤Ã Â¤Â°Ã Â¤Â¦Ã Â¤Â¾Ã Â¤Â¯Ã Â¥â¬ Ã Â¤â¢Ã Â¤Â¾Ã Â¤Â°Ã Â¤â¢Ã Â¥â¹Ã Â¤â Ã Â¤â¢Ã Â¤Â¾ Ã Â¤ÂªÃ Â¤Â°Ã Â¥â¬Ã Â¤â¢Ã Â¥ÂÃ Â¤Â·Ã Â¤Â£ Ã Â¤â¢Ã Â¥â¬Ã Â¤ÅÃ Â¤Â¿Ã Â¤ÂÃ Â¥Â¤ Ã Â¤Â­Ã Â¥âÃ Â¤ÅÃ Â¤Â² Ã Â¤â¢Ã Â¥â¡ Ã Â¤Â¸Ã Â¤Â¤Ã Â¤Â¤Ã Â¥Â Ã Â¤ÂªÃ Â¥ÂÃ Â¤Â°Ã Â¤Â¬Ã Â¤âÃ Â¤Â§Ã Â¤Â¨ Ã Â¤â¢Ã Â¥â¡ Ã Â¤Â²Ã Â¤Â¿Ã Â¤Â Ã Â¤â¢Ã Â¥ÂÃ Â¤Â¯Ã Â¤Â¾ Ã Â¤â°Ã Â¤ÂªÃ Â¤Â¾Ã Â¤Â¯ Ã Â¤â¢Ã Â¤Â¿Ã Â¤Â Ã Â¤ÅÃ Â¤Â¾Ã Â¤Â¨Ã Â¥â¡ Ã Â¤Å¡Ã Â¤Â¾Ã Â¤Â¹Ã Â¤Â¿Ã Â¤Â? (Ã Â¤â°Ã Â¤Â¤Ã Â¥ÂÃ Â¤Â¤Ã Â¤Â° 250 Ã Â¤Â¶Ã Â¤Â¬Ã Â¥ÂÃ Â¤Â¦Ã Â¥â¹Ã Â¤â Ã Â¤Â®Ã Â¥â¡Ã Â¤â Ã Â¤Â¦Ã Â¥â¬Ã Â¤ÅÃ Â¤Â¿Ã Â¤ÂÃ Â¥Â¤)",Terrorism is a global scourge. How has it manifested in India? Elaborate with contemporary examples. What are the counter measures adopted by the State? Explain.,100.0,keep,true,aggregator,,,,,,,,,,,,,,,,,,
2025,GS3,b5cbb735-b687-4de5-90cb-3978f48a71a1,50,,18,GS3-Q18,"The Government of India recently stated that Left Wing Extremism (LWE) will be eliminated by 2026. What do you understand by LWE and how are the people affected by it? What measures have been taken by the government to eliminate LWE? (Answer in 150 words) 10

[Hindi] Ã Â¤Â°Ã Â¤Â¾Ã Â¤Â·Ã Â¥ÂÃ Â¤Å¸Ã Â¥ÂÃ Â¤Â°Ã Â¥â¬Ã Â¤Â¯ Ã Â¤â Ã Â¤ÂªÃ Â¤Â¦Ã Â¤Â¾ Ã Â¤ÂªÃ Â¥ÂÃ Â¤Â°Ã Â¤Â¬Ã Â¤âÃ Â¤Â§Ã Â¤Â¨ Ã Â¤Â¯Ã Â¥â¹Ã Â¤ÅÃ Â¤Â¨Ã Â¤Â¾ (National Disaster Management Plan) Ã Â¤Â®Ã Â¥â¡Ã Â¤â Ã Â¤ÂªÃ Â¥ÂÃ Â¤Â°Ã Â¤Â®Ã Â¥ÂÃ Â¤â Ã Â¤ÂªÃ Â¥ÂÃ Â¤Â°Ã Â¤Â¾Ã Â¤â¢Ã Â¥ÆÃ Â¤Â¤Ã Â¤Â¿Ã Â¤â¢ Ã Â¤ÂÃ Â¤ÂµÃ Â¤â Ã Â¤Â®Ã Â¤Â¾Ã Â¤Â¨Ã Â¤ÂµÃ Â¤ÅÃ Â¤Â¨Ã Â¤Â¿Ã Â¤Â¤ Ã Â¤â Ã Â¤ÂªÃ Â¤Â¦Ã Â¤Â¾Ã Â¤âÃ Â¤â Ã Â¤â¢Ã Â¥â¡ Ã Â¤Â²Ã Â¤Â¿Ã Â¤Â Ã Â¤ÂµÃ Â¤Â¿Ã Â¤Â­Ã Â¤Â¿Ã Â¤Â¨Ã Â¥ÂÃ Â¤Â¨ Ã Â¤Â°Ã Â¤Â£Ã Â¤Â¨Ã Â¥â¬Ã Â¤Â¤Ã Â¤Â¿Ã Â¤Â¯Ã Â¤Â¾Ã Â¤Â Ã Â¤â¦Ã Â¤ÂªÃ Â¤Â¨Ã Â¤Â¾Ã Â¤Ë Ã Â¤âÃ Â¤Ë Ã Â¤Â¹Ã Â¥ËÃ Â¤âÃ Â¥Â¤ Ã Â¤ÅÃ Â¤Â²Ã Â¤ÂµÃ Â¤Â¾Ã Â¤Â¯Ã Â¥Â Ã Â¤ÂªÃ Â¤Â°Ã Â¤Â¿Ã Â¤ÂµÃ Â¤Â°Ã Â¥ÂÃ Â¤Â¤Ã Â¤Â¨ Ã Â¤â¢Ã Â¥â¬ Ã Â¤Å¡Ã Â¥ÂÃ Â¤Â¨Ã Â¥ÅÃ Â¤Â¤Ã Â¤Â¿Ã Â¤Â¯Ã Â¥â¹Ã Â¤â Ã Â¤â¢Ã Â¥â¡ Ã Â¤Â¸Ã Â¤âÃ Â¤Â¦Ã Â¤Â°Ã Â¥ÂÃ Â¤Â­ Ã Â¤Â®Ã Â¥â¡Ã Â¤â Ã Â¤â¡Ã Â¤Â¸ Ã Â¤Â¯Ã Â¥â¹Ã Â¤ÅÃ Â¤Â¨Ã Â¤Â¾ Ã Â¤â¢Ã Â¥â¬ Ã Â¤ÂªÃ Â¥ÂÃ Â¤Â°Ã Â¤Â­Ã Â¤Â¾Ã Â¤ÂµÃ Â¤Â¶Ã Â¥â¬Ã Â¤Â²Ã Â¤Â¤Ã Â¤Â¾ Ã Â¤â¢Ã Â¤Â¾ Ã Â¤Â®Ã Â¥âÃ Â¤Â²Ã Â¥ÂÃ Â¤Â¯Ã Â¤Â¾Ã Â¤âÃ Â¤â¢Ã Â¤Â¨ Ã Â¤â¢Ã Â¥â¬Ã Â¤ÅÃ Â¤Â¿Ã Â¤ÂÃ Â¥Â¤ (Ã Â¤â°Ã Â¤Â¤Ã Â¥ÂÃ Â¤Â¤Ã Â¤Â° 250 Ã Â¤Â¶Ã Â¤Â¬Ã Â¥ÂÃ Â¤Â¦Ã Â¥â¹Ã Â¤â Ã Â¤Â®Ã Â¥â¡Ã Â¤â Ã Â¤Â¦Ã Â¥â¬Ã Â¤ÅÃ Â¤Â¿Ã Â¤ÂÃ Â¥Â¤)",The Government of India recently stated that Left Wing Extremism (LWE) will be eliminated by 2026. What do you understand by LWE and how are the people affected by it? What measures have been taken by the government to eliminate LWE?,100.0,keep,true,aggregator,,,,,,,,,,,,,,,,,,
2025,GS3,b5cbb735-b687-4de5-90cb-3978f48a71a1,51,,2,GS3-Q2,"Explain how the Fiscal Health Index (FHI) can be used as a tool for assessing the fiscal performance of states in India. In what way would it encourage the states to adopt prudent and sustainable fiscal policies? (Answer in 250 words) 15

[Hindi] Ã Â¤Â­Ã Â¤Â¾Ã Â¤Â°Ã Â¤Â¤ Ã Â¤Â®Ã Â¥â¡Ã Â¤â Ã Â¤Â°Ã Â¤Â¾Ã Â¤ÅÃ Â¤Â®Ã Â¤Â¾Ã Â¤Â°Ã Â¥ÂÃ Â¤âÃ Â¥â¹Ã Â¤â Ã Â¤â¢Ã Â¥â¡ Ã Â¤Â¨Ã Â¤Â¿Ã Â¤Â°Ã Â¥ÂÃ Â¤Â®Ã Â¤Â¾Ã Â¤Â£ Ã Â¤ÂÃ Â¤ÂµÃ Â¤â Ã Â¤ÂµÃ Â¤Â¿Ã Â¤Â¸Ã Â¥ÂÃ Â¤Â¤Ã Â¤Â¾Ã Â¤Â° Ã Â¤â¢Ã Â¥â¡ Ã Â¤ÂªÃ Â¤Â°Ã Â¥ÂÃ Â¤Â¯Ã Â¤Â¾Ã Â¤ÂµÃ Â¤Â°Ã Â¤Â£Ã Â¥â¬Ã Â¤Â¯ Ã Â¤ÂªÃ Â¥ÂÃ Â¤Â°Ã Â¤Â­Ã Â¤Â¾Ã Â¤ÂµÃ Â¥â¹Ã Â¤â Ã Â¤â¢Ã Â¥â¬ Ã Â¤Å¡Ã Â¤Â°Ã Â¥ÂÃ Â¤Å¡Ã Â¤Â¾ Ã Â¤â¢Ã Â¥â¬Ã Â¤ÅÃ Â¤Â¿Ã Â¤ÂÃ Â¥Â¤ Ã Â¤â¡Ã Â¤Â¨ Ã Â¤ÂªÃ Â¥ÂÃ Â¤Â°Ã Â¤Â­Ã Â¤Â¾Ã Â¤ÂµÃ Â¥â¹Ã Â¤â Ã Â¤â¢Ã Â¥â¹ Ã Â¤â¢Ã Â¤Â® Ã Â¤â¢Ã Â¤Â°Ã Â¤Â¨Ã Â¥â¡ Ã Â¤â¢Ã Â¥â¡ Ã Â¤Â²Ã Â¤Â¿Ã Â¤Â Ã Â¤â¢Ã Â¥ÅÃ Â¤Â¨-Ã Â¤â¢Ã Â¥ÅÃ Â¤Â¨ Ã Â¤Â¸Ã Â¥â¡ Ã Â¤â°Ã Â¤ÂªÃ Â¤Â¾Ã Â¤Â¯ Ã Â¤â¦Ã Â¤ÂªÃ Â¤Â¨Ã Â¤Â¾Ã Â¤Â Ã Â¤ÅÃ Â¤Â¾ Ã Â¤Â¸Ã Â¤â¢Ã Â¤Â¤Ã Â¥â¡ Ã Â¤Â¹Ã Â¥ËÃ Â¤â? (Ã Â¤â°Ã Â¤Â¤Ã Â¥ÂÃ Â¤Â¤Ã Â¤Â° 250 Ã Â¤Â¶Ã Â¤Â¬Ã Â¥ÂÃ Â¤Â¦Ã Â¥â¹Ã Â¤â Ã Â¤Â®Ã Â¥â¡Ã Â¤â Ã Â¤Â¦Ã Â¥â¬Ã Â¤ÅÃ Â¤Â¿Ã Â¤ÂÃ Â¥Â¤)",Explain how the Fiscal Health Index (FHI) can be used as a tool for assessing the fiscal performance of states in India. In what way would it encourage the states to adopt prudent and sustainable fiscal policies?,100.0,keep,true,aggregator,,,,,,,,,,,,,,,,,,
2025,GS3,b5cbb735-b687-4de5-90cb-3978f48a71a1,52,,3,GS3-Q3,"Discuss the rationale of the Production Linked Incentive (PLI) scheme. What are its achievements? In what way can the functioning and outcomes of the scheme be improved? (Answer in 250 words) 15

[Hindi] Ã Â¤Â­Ã Â¤Â¾Ã Â¤Â°Ã Â¤Â¤ Ã Â¤Â¸Ã Â¥â¡Ã Â¤Â®Ã Â¥â¬Ã Â¤â¢Ã Â¤âÃ Â¤Â¡Ã Â¤â¢Ã Â¥ÂÃ Â¤Å¸Ã Â¤Â° Ã Â¤ÂµÃ Â¤Â¿Ã Â¤Â¨Ã Â¤Â¿Ã Â¤Â°Ã Â¥ÂÃ Â¤Â®Ã Â¤Â¾Ã Â¤Â£ Ã Â¤â¢Ã Â¤Â¾ Ã Â¤ÂªÃ Â¥ÂÃ Â¤Â°Ã Â¤Â®Ã Â¥ÂÃ Â¤â Ã Â¤â¢Ã Â¥â¡Ã Â¤âÃ Â¤Â¦Ã Â¥ÂÃ Â¤Â° Ã Â¤Â¬Ã Â¤Â¨Ã Â¤Â¨Ã Â¥â¡ Ã Â¤â¢Ã Â¤Â¾ Ã Â¤Â²Ã Â¤â¢Ã Â¥ÂÃ Â¤Â·Ã Â¥ÂÃ Â¤Â¯ Ã Â¤Â°Ã Â¤âÃ Â¤Â¤Ã Â¤Â¾ Ã Â¤Â¹Ã Â¥ËÃ Â¥Â¤ Ã Â¤Â­Ã Â¤Â¾Ã Â¤Â°Ã Â¤Â¤ Ã Â¤Â®Ã Â¥â¡Ã Â¤â Ã Â¤Â¸Ã Â¥â¡Ã Â¤Â®Ã Â¥â¬Ã Â¤â¢Ã Â¤âÃ Â¤Â¡Ã Â¤â¢Ã Â¥ÂÃ Â¤Å¸Ã Â¤Â° Ã Â¤â°Ã Â¤Â¦Ã Â¥ÂÃ Â¤Â¯Ã Â¥â¹Ã Â¤â Ã Â¤â¢Ã Â¥â¡ Ã Â¤Â¸Ã Â¤Â®Ã Â¤â¢Ã Â¥ÂÃ Â¤Â· Ã Â¤â¢Ã Â¥ÅÃ Â¤Â¨-Ã Â¤â¢Ã Â¥ÅÃ Â¤Â¨ Ã Â¤Â¸Ã Â¥â¬ Ã Â¤Å¡Ã Â¥ÂÃ Â¤Â¨Ã Â¥ÅÃ Â¤Â¤Ã Â¤Â¿Ã Â¤Â¯Ã Â¤Â¾Ã Â¤Â Ã Â¤Â¹Ã Â¥ËÃ Â¤â? Ã Â¤â¡Ã Â¤âÃ Â¤Â¡Ã Â¤Â¿Ã Â¤Â¯Ã Â¤Â¾ Ã Â¤Â¸Ã Â¥â¡Ã Â¤Â®Ã Â¥â¬Ã Â¤â¢Ã Â¤âÃ Â¤Â¡Ã Â¤â¢Ã Â¥ÂÃ Â¤Å¸Ã Â¤Â° Ã Â¤Â®Ã Â¤Â¿Ã Â¤Â¶Ã Â¤Â¨ (India Semiconductor Mission) Ã Â¤â¢Ã Â¥â¬ Ã Â¤ÂªÃ Â¥ÂÃ Â¤Â°Ã Â¤Â®Ã Â¥ÂÃ Â¤â Ã Â¤ÂµÃ Â¤Â¿Ã Â¤Â¶Ã Â¥â¡Ã Â¤Â·Ã Â¤Â¤Ã Â¤Â¾Ã Â¤âÃ Â¤â Ã Â¤â¢Ã Â¤Â¾ Ã Â¤â°Ã Â¤Â²Ã Â¥ÂÃ Â¤Â²Ã Â¥â¡Ã Â¤â Ã Â¤â¢Ã Â¥â¬Ã Â¤ÅÃ Â¤Â¿Ã Â¤ÂÃ Â¥Â¤ (Ã Â¤â°Ã Â¤Â¤Ã Â¥ÂÃ Â¤Â¤Ã Â¤Â° 250 Ã Â¤Â¶Ã Â¤Â¬Ã Â¥ÂÃ Â¤Â¦Ã Â¥â¹Ã Â¤â Ã Â¤Â®Ã Â¥â¡Ã Â¤â Ã Â¤Â¦Ã Â¥â¬Ã Â¤ÅÃ Â¤Â¿Ã Â¤ÂÃ Â¥Â¤)",Discuss the rationale of the Production Linked Incentive (PLI) scheme. What are its achievements? In what way can the functioning and outcomes of the scheme be improved?,100.0,keep,true,aggregator,,,,,,,,,,,,,,,,,,
2025,GS3,b5cbb735-b687-4de5-90cb-3978f48a71a1,53,,14,GS3-Q14,"Examine the factors responsible for depleting groundwater in India. What are the steps taken by the government to mitigate such depletion of groundwater? (Answer in 250 words) 15

[Hindi] Ã Â¤âÃ Â¤Â¨Ã Â¤Â¿Ã Â¤Å Ã Â¤Â¸Ã Â¤âÃ Â¤Â¸Ã Â¤Â¾Ã Â¤Â§Ã Â¤Â¨ Ã Â¤Â¦Ã Â¥â¡Ã Â¤Â¶ Ã Â¤â¢Ã Â¥â¬ Ã Â¤â¦Ã Â¤Â°Ã Â¥ÂÃ Â¤Â¥Ã Â¤ÂµÃ Â¥ÂÃ Â¤Â¯Ã Â¤ÂµÃ Â¤Â¸Ã Â¥ÂÃ Â¤Â¥Ã Â¤Â¾ Ã Â¤â¢Ã Â¥â¡ Ã Â¤Â²Ã Â¤Â¿Ã Â¤Â Ã Â¤â Ã Â¤Â§Ã Â¤Â¾Ã Â¤Â°Ã Â¤Â­Ã Â¥âÃ Â¤Â¤ Ã Â¤Â¹Ã Â¥ËÃ Â¤â Ã Â¤âÃ Â¤Â° Ã Â¤â°Ã Â¤Â¨Ã Â¤â¢Ã Â¤Â¾ Ã Â¤Â¦Ã Â¥â¹Ã Â¤Â¹Ã Â¤Â¨ Ã Â¤âÃ Â¤Â¨Ã Â¤Â¨ Ã Â¤Â¦Ã Â¥ÂÃ Â¤ÂµÃ Â¤Â¾Ã Â¤Â°Ã Â¤Â¾ Ã Â¤â¢Ã Â¤Â¿Ã Â¤Â¯Ã Â¤Â¾ Ã Â¤ÅÃ Â¤Â¾Ã Â¤Â¤Ã Â¤Â¾ Ã Â¤Â¹Ã Â¥ËÃ Â¥Â¤ Ã Â¤âÃ Â¤Â¨Ã Â¤Â¨ Ã Â¤â¢Ã Â¥â¹ Ã Â¤ÂªÃ Â¤Â°Ã Â¥ÂÃ Â¤Â¯Ã Â¤Â¾Ã Â¤ÂµÃ Â¤Â°Ã Â¤Â£Ã Â¥â¬Ã Â¤Â¯ Ã Â¤Â¦Ã Â¥ÆÃ Â¤Â·Ã Â¥ÂÃ Â¤Å¸Ã Â¤Â¿ Ã Â¤Â¸Ã Â¥â¡ Ã Â¤Â¸Ã Â¤âÃ Â¤â¢Ã Â¤Å¸Ã Â¤ÂªÃ Â¥âÃ Â¤Â°Ã Â¥ÂÃ Â¤Â£ Ã Â¤â¢Ã Â¥ÂÃ Â¤Â¯Ã Â¥â¹Ã Â¤â Ã Â¤Â®Ã Â¤Â¾Ã Â¤Â¨Ã Â¤Â¾ Ã Â¤ÅÃ Â¤Â¾Ã Â¤Â¤Ã Â¤Â¾ Ã Â¤Â¹Ã Â¥Ë? Ã Â¤âÃ Â¤Â¨Ã Â¤Â¨ Ã Â¤Â¸Ã Â¥â¡ Ã Â¤â°Ã Â¤Â¤Ã Â¥ÂÃ Â¤ÂªÃ Â¤Â¨Ã Â¥ÂÃ Â¤Â¨ Ã Â¤ÂªÃ Â¤Â°Ã Â¥ÂÃ Â¤Â¯Ã Â¤Â¾Ã Â¤ÂµÃ Â¤Â°Ã Â¤Â£Ã Â¥â¬Ã Â¤Â¯ Ã Â¤Â¦Ã Â¥ÂÃ Â¤Â·Ã Â¥ÂÃ Â¤ÂªÃ Â¥ÂÃ Â¤Â°Ã Â¤Â­Ã Â¤Â¾Ã Â¤ÂµÃ Â¥â¹Ã Â¤â Ã Â¤â¢Ã Â¥â¹ Ã Â¤â¢Ã Â¤Â® Ã Â¤â¢Ã Â¤Â°Ã Â¤Â¨Ã Â¥â¡ Ã Â¤Â¹Ã Â¥â¡Ã Â¤Â¤Ã Â¥Â Ã Â¤â Ã Â¤ÂµÃ Â¤Â¶Ã Â¥ÂÃ Â¤Â¯Ã Â¤â¢ Ã Â¤â°Ã Â¤ÂªÃ Â¤Å¡Ã Â¤Â¾Ã Â¤Â°Ã Â¤Â¾Ã Â¤Â¤Ã Â¥ÂÃ Â¤Â®Ã Â¤â¢ Ã Â¤â°Ã Â¤ÂªÃ Â¤Â¾Ã Â¤Â¯Ã Â¥â¹Ã Â¤â Ã Â¤â¢Ã Â¥â¬ Ã Â¤ÂµÃ Â¥ÂÃ Â¤Â¯Ã Â¤Â¾Ã Â¤âÃ Â¥ÂÃ Â¤Â¯Ã Â¤Â¾ Ã Â¤â¢Ã Â¥â¬Ã Â¤ÅÃ Â¤Â¿Ã Â¤ÂÃ Â¥Â¤ (Ã Â¤â°Ã Â¤Â¤Ã Â¥ÂÃ Â¤Â¤Ã Â¤Â° 250 Ã Â¤Â¶Ã Â¤Â¬Ã Â¥ÂÃ Â¤Â¦Ã Â¥â¹Ã Â¤â Ã Â¤Â®Ã Â¥â¡Ã Â¤â Ã Â¤Â¦Ã Â¥â¬Ã Â¤ÅÃ Â¤Â¿Ã Â¤ÂÃ Â¥Â¤)",Examine the factors responsible for depleting groundwater in India. What are the steps taken by the government to mitigate such depletion of groundwater?,100.0,keep,true,aggregator,,,,,,,,,,,,,,,,,,
2025,GS3,b5cbb735-b687-4de5-90cb-3978f48a71a1,54,,7,GS3-Q7,"Examine the scope of the food processing industries in India. Elaborate the measures taken by the government in the food processing industries for generating employment opportunities. (Answer in 250 words) 15

[Hindi] Ã Â¤Â°Ã Â¤Â¾Ã Â¤Â·Ã Â¥ÂÃ Â¤Å¸Ã Â¥ÂÃ Â¤Â°Ã Â¥â¬Ã Â¤Â¯ Ã Â¤Â¹Ã Â¤Â°Ã Â¤Â¿Ã Â¤Â¤ Ã Â¤â¦Ã Â¤Â§Ã Â¤Â¿Ã Â¤â¢Ã Â¤Â°Ã Â¤Â£ (2015) Ã Â¤Â¤Ã Â¤Â¥Ã Â¤Â¾ Ã Â¤â°Ã Â¤Å¡Ã Â¥ÂÃ Â¤Å¡Ã Â¤Â¤Ã Â¤Â® Ã Â¤Â¨Ã Â¥ÂÃ Â¤Â¯Ã Â¤Â¾Ã Â¤Â¯Ã Â¤Â¾Ã Â¤Â²Ã Â¤Â¯ (2021) Ã Â¤â¢Ã Â¥â¡ Ã Â¤Â¨Ã Â¤Â¿Ã Â¤Â°Ã Â¥ÂÃ Â¤Â£Ã Â¤Â¯Ã Â¥â¹Ã Â¤â Ã Â¤â¢Ã Â¥â¡ Ã Â¤â Ã Â¤Â²Ã Â¥â¹Ã Â¤â¢ Ã Â¤Â®Ã Â¥â¡Ã Â¤â Ã Â¤ÂªÃ Â¤Â¶Ã Â¥ÂÃ Â¤Å¡Ã Â¤Â¿Ã Â¤Â®Ã Â¥â¬ Ã Â¤ËÃ Â¤Â¾Ã Â¤Å¸Ã Â¥â¹Ã Â¤â Ã Â¤â¢Ã Â¥â¡ Ã Â¤ÂªÃ Â¤Â¾Ã Â¤Â°Ã Â¤Â¿Ã Â¤Â¸Ã Â¥ÂÃ Â¤Â¥Ã Â¤Â¿Ã Â¤Â¤Ã Â¤Â¿Ã Â¤â¢ Ã Â¤Â¸Ã Â¤âÃ Â¤Â°Ã Â¤â¢Ã Â¥ÂÃ Â¤Â·Ã Â¤Â£ Ã Â¤â¢Ã Â¥â¡ Ã Â¤Â²Ã Â¤Â¿Ã Â¤Â Ã Â¤â¢Ã Â¥ÂÃ Â¤Â¯Ã Â¤Â¾ Ã Â¤â°Ã Â¤ÂªÃ Â¤Â¾Ã Â¤Â¯ Ã Â¤â¢Ã Â¤Â¿Ã Â¤Â Ã Â¤âÃ Â¤Â Ã Â¤Â¹Ã Â¥ËÃ Â¤â? Ã Â¤â¡Ã Â¤Â¨ Ã Â¤â°Ã Â¤ÂªÃ Â¤Â¾Ã Â¤Â¯Ã Â¥â¹Ã Â¤â Ã Â¤â¢Ã Â¥â¬ Ã Â¤ÂªÃ Â¥ÂÃ Â¤Â°Ã Â¤Â­Ã Â¤Â¾Ã Â¤ÂµÃ Â¤Â¶Ã Â¥â¬Ã Â¤Â²Ã Â¤Â¤Ã Â¤Â¾ Ã Â¤â¢Ã Â¤Â¾ Ã Â¤ÂªÃ Â¤Â°Ã Â¥â¬Ã Â¤â¢Ã Â¥ÂÃ Â¤Â·Ã Â¤Â£ Ã Â¤â¢Ã Â¥â¬Ã Â¤ÅÃ Â¤Â¿Ã Â¤ÂÃ Â¥Â¤ (Ã Â¤â°Ã Â¤Â¤Ã Â¥ÂÃ Â¤Â¤Ã Â¤Â° 250 Ã Â¤Â¶Ã Â¤Â¬Ã Â¥ÂÃ Â¤Â¦Ã Â¥â¹Ã Â¤â Ã Â¤Â®Ã Â¥â¡Ã Â¤â Ã Â¤Â¦Ã Â¥â¬Ã Â¤ÅÃ Â¤Â¿Ã Â¤ÂÃ Â¥Â¤)",Examine the scope of the food processing industries in India. Elaborate the measures taken by the government in the food processing industries for generating employment opportunities.,100.0,keep,true,aggregator,,,,,,,,,,,,,,,,,,
2025,GS3,b5cbb735-b687-4de5-90cb-3978f48a71a1,55,,11,GS3-Q11,"How does nanotechnology offer significant advancements in the field of agriculture? How can this technology help to uplift the socio-economic status of farmers? (Answer in 250 words) 15

[Hindi] Ã Â¤Â­Ã Â¤Â¾Ã Â¤Â°Ã Â¤Â¤ Ã Â¤â¢Ã Â¥â¡ Ã Â¤Â¸Ã Â¤Â®Ã Â¥ÂÃ Â¤Â¦Ã Â¥ÂÃ Â¤Â°Ã Â¥â¬ Ã Â¤ÂµÃ Â¥ÂÃ Â¤Â¯Ã Â¤Â¾Ã Â¤ÂªÃ Â¤Â¾Ã Â¤Â° Ã Â¤â¢Ã Â¥â¬ Ã Â¤Â¸Ã Â¥ÂÃ Â¤Â°Ã Â¤â¢Ã Â¥ÂÃ Â¤Â·Ã Â¤Â¾ Ã Â¤â¢Ã Â¥â¡ Ã Â¤Â²Ã Â¤Â¿Ã Â¤Â Ã Â¤Â¸Ã Â¤Â®Ã Â¥ÂÃ Â¤Â¦Ã Â¥ÂÃ Â¤Â°Ã Â¥â¬ Ã Â¤Â¸Ã Â¥ÂÃ Â¤Â°Ã Â¤â¢Ã Â¥ÂÃ Â¤Â·Ã Â¤Â¾ Ã Â¤â¢Ã Â¥ÂÃ Â¤Â¯Ã Â¥â¹Ã Â¤â Ã Â¤â¦Ã Â¤Â¤Ã Â¥ÂÃ Â¤Â¯Ã Â¤âÃ Â¤Â¤ Ã Â¤Â®Ã Â¤Â¹Ã Â¤Â¤Ã Â¥ÂÃ Â¤ÂµÃ Â¤ÂªÃ Â¥âÃ Â¤Â°Ã Â¥ÂÃ Â¤Â£ Ã Â¤Â¹Ã Â¥Ë? Ã Â¤Â¸Ã Â¤Â®Ã Â¥ÂÃ Â¤Â¦Ã Â¥ÂÃ Â¤Â°Ã Â¥â¬ Ã Â¤ÂÃ Â¤ÂµÃ Â¤â Ã Â¤Â¤Ã Â¤Å¸Ã Â¥â¬Ã Â¤Â¯ Ã Â¤Â¸Ã Â¥ÂÃ Â¤Â°Ã Â¤â¢Ã Â¥ÂÃ Â¤Â·Ã Â¤Â¾ Ã Â¤â¢Ã Â¥â¬ Ã Â¤Å¡Ã Â¥ÂÃ Â¤Â¨Ã Â¥ÅÃ Â¤Â¤Ã Â¤Â¿Ã Â¤Â¯Ã Â¥â¹Ã Â¤â Ã Â¤Â¤Ã Â¤Â¥Ã Â¤Â¾ Ã Â¤â Ã Â¤âÃ Â¥â¡ Ã Â¤â¢Ã Â¥â¬ Ã Â¤Â°Ã Â¤Â¾Ã Â¤Â¹ Ã Â¤ÂªÃ Â¤Â° Ã Â¤Å¡Ã Â¤Â°Ã Â¥ÂÃ Â¤Å¡Ã Â¤Â¾ Ã Â¤â¢Ã Â¥â¬Ã Â¤ÅÃ Â¤Â¿Ã Â¤ÂÃ Â¥Â¤ (Ã Â¤â°Ã Â¤Â¤Ã Â¥ÂÃ Â¤Â¤Ã Â¤Â° 250 Ã Â¤Â¶Ã Â¤Â¬Ã Â¥ÂÃ Â¤Â¦Ã Â¥â¹Ã Â¤â Ã Â¤Â®Ã Â¥â¡Ã Â¤â Ã Â¤Â¦Ã Â¥â¬Ã Â¤ÅÃ Â¤Â¿Ã Â¤ÂÃ Â¥Â¤)",How does nanotechnology offer significant advancements in the field of agriculture? How can this technology help to uplift the socio-economic status of farmers?,100.0,keep,true,aggregator,,,,,,,,,,,,,,,,,,
2025,GS3,b5cbb735-b687-4de5-90cb-3978f48a71a1,56,,8,GS3-Q8,"India aims to become a semiconductor manufacturing hub. What are the challenges faced by the semiconductor industry in India? Mention the salient features of the India Semiconductor Mission. (Answer in 250 words) 15

[Hindi] Ã Â¤Â­Ã Â¤Â¾Ã Â¤Â°Ã Â¤Â¤ Ã Â¤Â¸Ã Â¥â¡ Ã Â¤ÂÃ Â¤â¢ Ã Â¤Â¸Ã Â¥â¡Ã Â¤Â®Ã Â¥â¬Ã Â¤â¢Ã Â¤âÃ Â¤Â¡Ã Â¤â¢Ã Â¥ÂÃ Â¤Å¸Ã Â¤Â° Ã Â¤ÂµÃ Â¤Â¿Ã Â¤Â¨Ã Â¤Â¿Ã Â¤Â°Ã Â¥ÂÃ Â¤Â®Ã Â¤Â¾Ã Â¤Â£ Ã Â¤â¢Ã Â¥â¡Ã Â¤Â¨Ã Â¥ÂÃ Â¤Â¦Ã Â¥ÂÃ Â¤Â° Ã Â¤Â¬Ã Â¤Â¨Ã Â¤Â¨Ã Â¥â¡ Ã Â¤â¢Ã Â¤Â¾ Ã Â¤Â²Ã Â¤â¢Ã Â¥ÂÃ Â¤Â·Ã Â¥ÂÃ Â¤Â¯ Ã Â¤Â°Ã Â¤âÃ Â¤Â¾ Ã Â¤Â¹Ã Â¥ËÃ Â¥Â¤ Ã Â¤Â­Ã Â¤Â¾Ã Â¤Â°Ã Â¤Â¤ Ã Â¤Â®Ã Â¥â¡Ã Â¤â Ã Â¤Â¸Ã Â¥â¡Ã Â¤Â®Ã Â¥â¬Ã Â¤â¢Ã Â¤âÃ Â¤Â¡Ã Â¤â¢Ã Â¥ÂÃ Â¤Å¸Ã Â¤Â° Ã Â¤â°Ã Â¤Â¦Ã Â¥ÂÃ Â¤Â¯Ã Â¥â¹Ã Â¤â Ã Â¤â¢Ã Â¥â¡ Ã Â¤Â¸Ã Â¤Â¾Ã Â¤Â®Ã Â¤Â¨Ã Â¥â¡ Ã Â¤â¢Ã Â¥ÂÃ Â¤Â¯Ã Â¤Â¾ Ã Â¤Å¡Ã Â¥ÂÃ Â¤Â¨Ã Â¥ÅÃ Â¤Â¤Ã Â¤Â¿Ã Â¤Â¯Ã Â¤Â¾Ã Â¤Â Ã Â¤Â¹Ã Â¥ËÃ Â¤â? Ã Â¤Â­Ã Â¤Â¾Ã Â¤Â°Ã Â¤Â¤ Ã Â¤Â¸Ã Â¥â¡Ã Â¤Â®Ã Â¥â¬Ã Â¤â¢Ã Â¤âÃ Â¤Â¡Ã Â¤â¢Ã Â¥ÂÃ Â¤Å¸Ã Â¤Â° Ã Â¤Â®Ã Â¤Â¿Ã Â¤Â¶Ã Â¤Â¨ Ã Â¤â¢Ã Â¥â¬ Ã Â¤ÂªÃ Â¥ÂÃ Â¤Â°Ã Â¤Â®Ã Â¥ÂÃ Â¤â Ã Â¤ÂµÃ Â¤Â¿Ã Â¤Â¶Ã Â¥â¡Ã Â¤Â·Ã Â¤Â¤Ã Â¤Â¾Ã Â¤âÃ Â¤â Ã Â¤â¢Ã Â¤Â¾ Ã Â¤â°Ã Â¤Â²Ã Â¥ÂÃ Â¤Â²Ã Â¥â¡Ã Â¤â Ã Â¤â¢Ã Â¥â¬Ã Â¤ÅÃ Â¤Â¿Ã Â¤ÂÃ Â¥Â¤ (Ã Â¤â°Ã Â¤Â¤Ã Â¥ÂÃ Â¤Â¤Ã Â¤Â° 250 Ã Â¤Â¶Ã Â¤Â¬Ã Â¥ÂÃ Â¤Â¦Ã Â¥â¹Ã Â¤â Ã Â¤Â®Ã Â¥â¡Ã Â¤â Ã Â¤Â¦Ã Â¥â¬Ã Â¤ÅÃ Â¤Â¿Ã Â¤Â)",India aims to become a semiconductor manufacturing hub. What are the challenges faced by the semiconductor industry in India? Mention the salient features of the India Semiconductor Mission.,100.0,keep,true,aggregator,,,,,,,,,,,,,,,,,,
2025,GS3,b5cbb735-b687-4de5-90cb-3978f48a71a1,57,,16,GS3-Q16,"Mineral resources are fundamental to the countryÃ¢â¬â¢s economy and these are exploited by mining. Why is mining considered an environmental hazard? Explain the remedial measures required to reduce the environmental hazard due to mining. (Answer in 250 words) 15

[Hindi] Ã Â¤âÃ Â¤Â¨Ã Â¤Â¿Ã Â¤Å Ã Â¤Â¸Ã Â¤âÃ Â¤Â¸Ã Â¤Â¾Ã Â¤Â§Ã Â¤Â¨ Ã Â¤Â¦Ã Â¥â¡Ã Â¤Â¶ Ã Â¤â¢Ã Â¥â¬ Ã Â¤â¦Ã Â¤Â°Ã Â¥ÂÃ Â¤Â¥Ã Â¤ÂµÃ Â¥ÂÃ Â¤Â¯Ã Â¤ÂµÃ Â¤Â¸Ã Â¥ÂÃ Â¤Â¥Ã Â¤Â¾ Ã Â¤â¢Ã Â¥â¡ Ã Â¤Â²Ã Â¤Â¿Ã Â¤Â Ã Â¤â Ã Â¤Â§Ã Â¤Â¾Ã Â¤Â°Ã Â¤Â­Ã Â¥âÃ Â¤Â¤ Ã Â¤Â¹Ã Â¥ËÃ Â¤â Ã Â¤Â¤Ã Â¤Â¥Ã Â¤Â¾ Ã Â¤â¡Ã Â¤Â¨Ã Â¤â¢Ã Â¤Â¾ Ã Â¤âÃ Â¤Â¨Ã Â¤Â¨ Ã Â¤Â¦Ã Â¥ÂÃ Â¤ÂµÃ Â¤Â¾Ã Â¤Â°Ã Â¤Â¾ Ã Â¤Â¶Ã Â¥â¹Ã Â¤Â·Ã Â¤Â£ Ã Â¤Â¹Ã Â¥â¹Ã Â¤Â¤Ã Â¤Â¾ Ã Â¤Â¹Ã Â¥ËÃ Â¥Â¤ Ã Â¤âÃ Â¤Â¨Ã Â¤Â¨ Ã Â¤â¢Ã Â¥â¹ Ã Â¤ÂªÃ Â¤Â°Ã Â¥ÂÃ Â¤Â¯Ã Â¤Â¾Ã Â¤ÂµÃ Â¤Â°Ã Â¤Â£Ã Â¥â¬Ã Â¤Â¯ Ã Â¤â Ã Â¤ÂªÃ Â¤Â¦Ã Â¤Â¾ Ã Â¤â¢Ã Â¥ÂÃ Â¤Â¯Ã Â¥â¹Ã Â¤â Ã Â¤Â®Ã Â¤Â¾Ã Â¤Â¨Ã Â¤Â¾ Ã Â¤ÅÃ Â¤Â¾Ã Â¤Â¤Ã Â¤Â¾ Ã Â¤Â¹Ã Â¥Ë? Ã Â¤âÃ Â¤Â¨Ã Â¤Â¨ Ã Â¤Â¦Ã Â¥ÂÃ Â¤ÂµÃ Â¤Â¾Ã Â¤Â°Ã Â¤Â¾ Ã Â¤Â¹Ã Â¥â¹Ã Â¤Â¨Ã Â¥â¡ Ã Â¤ÂµÃ Â¤Â¾Ã Â¤Â²Ã Â¥â¡ Ã Â¤ÂªÃ Â¤Â°Ã Â¥ÂÃ Â¤Â¯Ã Â¤Â¾Ã Â¤ÂµÃ Â¤Â°Ã Â¤Â£Ã Â¥â¬Ã Â¤Â¯ Ã Â¤ÂªÃ Â¥ÂÃ Â¤Â°Ã Â¤Â­Ã Â¤Â¾Ã Â¤ÂµÃ Â¥â¹Ã Â¤â Ã Â¤â¢Ã Â¥â¹ Ã Â¤â¢Ã Â¤Â® Ã Â¤â¢Ã Â¤Â°Ã Â¤Â¨Ã Â¥â¡ Ã Â¤Â¹Ã Â¥â¡Ã Â¤Â¤Ã Â¥Â Ã Â¤â Ã Â¤ÂµÃ Â¤Â¶Ã Â¥ÂÃ Â¤Â¯Ã Â¤â¢ Ã Â¤â°Ã Â¤ÂªÃ Â¤Å¡Ã Â¤Â¾Ã Â¤Â°Ã Â¤Â¾Ã Â¤Â¤Ã Â¥ÂÃ Â¤Â®Ã Â¤â¢ Ã Â¤â°Ã Â¤ÂªÃ Â¤Â¾Ã Â¤Â¯Ã Â¥â¹Ã Â¤â Ã Â¤â¢Ã Â¥â¬ Ã Â¤ÂµÃ Â¥ÂÃ Â¤Â¯Ã Â¤Â¾Ã Â¤âÃ Â¥ÂÃ Â¤Â¯Ã Â¤Â¾ Ã Â¤â¢Ã Â¥â¬Ã Â¤ÅÃ Â¤Â¿Ã Â¤ÂÃ Â¥Â¤ (Ã Â¤â°Ã Â¤Â¤Ã Â¥ÂÃ Â¤Â¤Ã Â¤Â° 250 Ã Â¤Â¶Ã Â¤Â¬Ã Â¥ÂÃ Â¤Â¦Ã Â¥â¹Ã Â¤â Ã Â¤Â®Ã Â¥â¡Ã Â¤â Ã Â¤Â¦Ã Â¥â¬Ã Â¤ÅÃ Â¤Â¿Ã Â¤Â)",Mineral resources are fundamental to the country’s economy and these are exploited by mining. Why is mining considered an environmental hazard? Explain the remedial measures required to reduce the environmental hazard due to mining.,98.7,keep,true,aggregator,,,,,,,,,,,,,,,,,,
2025,GS3,b5cbb735-b687-4de5-90cb-3978f48a71a1,58,,15,GS3-Q15,"Write a review on IndiaÃ¢â¬â¢s climate commitments under the Paris Agreement (2015) and mention how these have been further strengthened in COP26 (2021). In this direction, how has the first Nationally Determined Contribution intended by India been updated in 2022? (Answer in 250 words) 15

[Hindi] Ã Â¤ÂªÃ Â¥â¡Ã Â¤Â°Ã Â¤Â¿Ã Â¤Â¸ Ã Â¤Â¸Ã Â¤Â®Ã Â¤ÂÃ Â¥ÅÃ Â¤Â¤Ã Â¤Â¾ (2015) Ã Â¤â¢Ã Â¥â¡ Ã Â¤â¦Ã Â¤âÃ Â¤Â¤Ã Â¤Â°Ã Â¥ÂÃ Â¤âÃ Â¤Â¤, Ã Â¤Â­Ã Â¤Â¾Ã Â¤Â°Ã Â¤Â¤ Ã Â¤â¢Ã Â¥â¬ Ã Â¤ÅÃ Â¤Â²Ã Â¤ÂµÃ Â¤Â¾Ã Â¤Â¯Ã Â¥Â Ã Â¤ÂµÃ Â¤Å¡Ã Â¤Â¨Ã Â¤Â¬Ã Â¤Â¦Ã Â¥ÂÃ Â¤Â§Ã Â¤Â¤Ã Â¤Â¾Ã Â¤âÃ Â¤â Ã Â¤ÂªÃ Â¤Â° Ã Â¤Â¸Ã Â¤Â®Ã Â¥â¬Ã Â¤â¢Ã Â¥ÂÃ Â¤Â·Ã Â¤Â¾ Ã Â¤Â²Ã Â¤Â¿Ã Â¤âÃ Â¤Â¿Ã Â¤Â Ã Â¤Â¤Ã Â¤Â¥Ã Â¤Â¾ Ã Â¤Â¬Ã Â¤Â¤Ã Â¤Â¾Ã Â¤â¡Ã Â¤Â Ã Â¤â¢Ã Â¤Â¿ Ã Â¤â°Ã Â¤Â¨Ã Â¥ÂÃ Â¤Â¹Ã Â¥â¡Ã Â¤â Ã Â¤â¢Ã Â¤Â¿Ã Â¤Â¸ Ã Â¤ÂªÃ Â¥ÂÃ Â¤Â°Ã Â¤â¢Ã Â¤Â¾Ã Â¤Â° Ã Â¤â¢Ã Â¥â¹Ã Â¤Âª26 (2021) Ã Â¤Â®Ã Â¥â¡Ã Â¤â Ã Â¤âÃ Â¤Â° Ã Â¤â¦Ã Â¤Â§Ã Â¤Â¿Ã Â¤â¢ Ã Â¤Â¦Ã Â¥ÆÃ Â¤Â¢Ã Â¤Â¼ Ã Â¤Â¬Ã Â¤Â¨Ã Â¤Â¾Ã Â¤Â¯Ã Â¤Â¾ Ã Â¤âÃ Â¤Â¯Ã Â¤Â¾ Ã Â¤Â¹Ã Â¥ËÃ Â¥Â¤ Ã Â¤â¡Ã Â¤Â¸ Ã Â¤Â¦Ã Â¤Â¿Ã Â¤Â¶Ã Â¤Â¾ Ã Â¤Â®Ã Â¥â¡Ã Â¤â, Ã Â¤â¢Ã Â¤Â¿Ã Â¤Â¸ Ã Â¤ÂªÃ Â¥ÂÃ Â¤Â°Ã Â¤â¢Ã Â¤Â¾Ã Â¤Â° Ã Â¤ÂªÃ Â¤Â¹Ã Â¤Â²Ã Â¥â¬ Ã Â¤Â¬Ã Â¤Â¾Ã Â¤Â° Ã Â¤Â­Ã Â¤Â¾Ã Â¤Â°Ã Â¤Â¤ Ã Â¤Â¦Ã Â¥ÂÃ Â¤ÂµÃ Â¤Â¾Ã Â¤Â°Ã Â¤Â¾ Ã Â¤â¦Ã Â¤Â¦Ã Â¥ÂÃ Â¤Â¯Ã Â¤Â¤Ã Â¤Â¨ Ã Â¤Â°Ã Â¤Â¾Ã Â¤Â·Ã Â¥ÂÃ Â¤Å¸Ã Â¥ÂÃ Â¤Â°Ã Â¥â¬Ã Â¤Â¯ Ã Â¤Â¸Ã Â¥ÂÃ Â¤Â¤Ã Â¤Â° Ã Â¤ÂªÃ Â¤Â° Ã Â¤Â¨Ã Â¤Â¿Ã Â¤Â°Ã Â¥ÂÃ Â¤Â§Ã Â¤Â¾Ã Â¤Â°Ã Â¤Â¿Ã Â¤Â¤ Ã Â¤Â¯Ã Â¥â¹Ã Â¤âÃ Â¤Â¦Ã Â¤Â¾Ã Â¤Â¨Ã Â¥â¹Ã Â¤â Ã Â¤â¢Ã Â¤Â¾ 2022 Ã Â¤Â®Ã Â¥â¡Ã Â¤â Ã Â¤â¦Ã Â¤Â¦Ã Â¥ÂÃ Â¤Â¯Ã Â¤Â¤Ã Â¤Â¨ Ã Â¤â¢Ã Â¤Â¿Ã Â¤Â¯Ã Â¤Â¾ Ã Â¤âÃ Â¤Â¯Ã Â¤Â¾ Ã Â¤Â¹Ã Â¥Ë? (Ã Â¤â°Ã Â¤Â¤Ã Â¥ÂÃ Â¤Â¤Ã Â¤Â° 250 Ã Â¤Â¶Ã Â¤Â¬Ã Â¥ÂÃ Â¤Â¦Ã Â¥â¹Ã Â¤â Ã Â¤Â®Ã Â¥â¡Ã Â¤â Ã Â¤Â¦Ã Â¥â¬Ã Â¤ÅÃ Â¤Â¿Ã Â¤Â)","Write a review on India’s climate commitments under the Paris Agreement (2015) and mention how these have been further strengthened in COP26 (2021). In this direction, how has the first Nationally Determined Contribution intended by India been updated in 2022?",98.8,keep,true,aggregator,,,,,,,,,,,,,,,,,,
2025,GS3,b5cbb735-b687-4de5-90cb-3978f48a71a1,59,,19,GS3-Q19,"What are the major challenges to internal security and peace process in the North-Eastern States? Map the various peace accords and agreements initiated by the government in the past decade. (Answer in 250 words) 15

[Hindi] Ã Â¤â¦Ã Â¤ÂªÃ Â¤Â¨Ã Â¥â¬ Ã Â¤Â¨Ã Â¤Ë Ã Â¤Â¸Ã Â¤Â®Ã Â¥ÂÃ Â¤Â¦Ã Â¥ÂÃ Â¤Â°Ã Â¥â¬ Ã Â¤Â¸Ã Â¥ÂÃ Â¤Â°Ã Â¤â¢Ã Â¥ÂÃ Â¤Â·Ã Â¤Â¾ Ã Â¤Â°Ã Â¤Â£Ã Â¤Â¨Ã Â¥â¬Ã Â¤Â¤Ã Â¤Â¿ Ã Â¤Â¦Ã Â¥ÂÃ Â¤ÂµÃ Â¤Â¾Ã Â¤Â°Ã Â¤Â¾ Ã Â¤Â­Ã Â¤Â¾Ã Â¤Â°Ã Â¤Â¤ Ã Â¤â¢Ã Â¥â¡ Ã Â¤ÂªÃ Â¥ÂÃ Â¤Â°Ã Â¤Â¤Ã Â¤Â¿ Ã Â¤Å¡Ã Â¥â¬Ã Â¤Â¨ Ã Â¤â¢Ã Â¥â¬ Ã Â¤Â¸Ã Â¤Â®Ã Â¥ÂÃ Â¤Â¦Ã Â¥ÂÃ Â¤Â°Ã Â¥â¬ Ã Â¤Å¡Ã Â¥ÂÃ Â¤Â¨Ã Â¥ÅÃ Â¤Â¤Ã Â¥â¬ Ã Â¤â¢Ã Â¥â¡ Ã Â¤Â¸Ã Â¤âÃ Â¤Â¦Ã Â¤Â°Ã Â¥ÂÃ Â¤Â­ Ã Â¤Â®Ã Â¥â¡Ã Â¤â, Ã Â¤Â­Ã Â¤Â¾Ã Â¤Â°Ã Â¤Â¤ Ã Â¤Â¸Ã Â¤Â°Ã Â¤â¢Ã Â¤Â¾Ã Â¤Â° Ã Â¤Â¦Ã Â¥ÂÃ Â¤ÂµÃ Â¤Â¾Ã Â¤Â°Ã Â¤Â¾ Ã Â¤â¢Ã Â¤Â¿Ã Â¤Â Ã Â¤âÃ Â¤Â Ã Â¤ÂµÃ Â¤Â¿Ã Â¤Â­Ã Â¤Â¿Ã Â¤Â¨Ã Â¥ÂÃ Â¤Â¨ Ã Â¤ÂµÃ Â¤Â¿Ã Â¤â¢Ã Â¤Â¾Ã Â¤Â¸-Ã Â¤â¢Ã Â¤Â¾Ã Â¤Â°Ã Â¥ÂÃ Â¤Â¯Ã Â¥â¹Ã Â¤â Ã Â¤Â¤Ã Â¤Â¥Ã Â¤Â¾ Ã Â¤Â¸Ã Â¥â¬Ã Â¤Â®Ã Â¤Â¾ Ã Â¤Â¸Ã Â¤Â®Ã Â¤ÂÃ Â¥ÅÃ Â¤Â¤Ã Â¥â¹Ã Â¤â Ã Â¤â¢Ã Â¥â¡ Ã Â¤Â¬Ã Â¤Â¾Ã Â¤Â°Ã Â¥â¡ Ã Â¤Â®Ã Â¥â¡Ã Â¤â Ã Â¤Â¹Ã Â¥â¬ Ã Â¤Â¨Ã Â¤Â¹Ã Â¥â¬Ã Â¤â Ã Â¤ÂªÃ Â¤Â¹Ã Â¤Â²Ã Â¥â¡ Ã Â¤Â¸Ã Â¥â¡ Ã Â¤ÅÃ Â¥ÂÃ Â¤Â¯Ã Â¤Â¾Ã Â¤Â¦Ã Â¤Â¾ Ã Â¤Â¸Ã Â¤Â¤Ã Â¤Â°Ã Â¥ÂÃ Â¤â¢Ã Â¤Â¤Ã Â¤Â¾ Ã Â¤Â­Ã Â¥â¬ Ã Â¤Â¦Ã Â¤Â¿Ã Â¤âÃ Â¤Â¾Ã Â¤ËÃ Â¥Â¤ (Ã Â¤â°Ã Â¤Â¤Ã Â¥ÂÃ Â¤Â¤Ã Â¤Â° 250 Ã Â¤Â¶Ã Â¤Â¬Ã Â¥ÂÃ Â¤Â¦Ã Â¥â¹Ã Â¤â Ã Â¤Â®Ã Â¥â¡Ã Â¤â Ã Â¤Â¦Ã Â¥â¬Ã Â¤ÅÃ Â¤Â¿Ã Â¤Â)",What are the major challenges to internal security and peace process in the North-Eastern States? Map the various peace accords and agreements initiated by the government in the past decade.,100.0,keep,true,aggregator,,,,,,,,,,,,,,,,,,
2025,GS3,b5cbb735-b687-4de5-90cb-3978f48a71a1,60,,20,GS3-Q20,"Why is maritime security vital to protect IndiaÃ¢â¬â¢s sea trade? Discuss maritime and coastal security challenges and the way forward. (Answer in 250 words) 15

[Hindi] Ã Â¤Â­Ã Â¤Â¾Ã Â¤Â°Ã Â¤Â¤ Ã Â¤â¢Ã Â¥â¡ Ã Â¤Â¸Ã Â¤Â®Ã Â¥ÂÃ Â¤Â¦Ã Â¥ÂÃ Â¤Â°Ã Â¥â¬ Ã Â¤ÂµÃ Â¥ÂÃ Â¤Â¯Ã Â¤Â¾Ã Â¤ÂªÃ Â¤Â¾Ã Â¤Â° Ã Â¤â¢Ã Â¥â¡ Ã Â¤Â¸Ã Â¤âÃ Â¤Â°Ã Â¤â¢Ã Â¥ÂÃ Â¤Â·Ã Â¤Â£ Ã Â¤â¢Ã Â¥â¡ Ã Â¤Â²Ã Â¤Â¿Ã Â¤Â Ã Â¤Â¸Ã Â¤Â®Ã Â¥ÂÃ Â¤Â¦Ã Â¥ÂÃ Â¤Â°Ã Â¥â¬ Ã Â¤Â¸Ã Â¥ÂÃ Â¤Â°Ã Â¤â¢Ã Â¥ÂÃ Â¤Â·Ã Â¤Â¾ Ã Â¤â¢Ã Â¥ÂÃ Â¤Â¯Ã Â¥â¹Ã Â¤â Ã Â¤â Ã Â¤ÂµÃ Â¤Â¶Ã Â¥ÂÃ Â¤Â¯Ã Â¤â¢ Ã Â¤Â¹Ã Â¥Ë? Ã Â¤Â¸Ã Â¤Â®Ã Â¥ÂÃ Â¤Â¦Ã Â¥ÂÃ Â¤Â°Ã Â¥â¬ Ã Â¤Â¤Ã Â¤Â¥Ã Â¤Â¾ Ã Â¤Â¤Ã Â¤Å¸Ã Â¥â¬Ã Â¤Â¯ Ã Â¤Â¸Ã Â¥ÂÃ Â¤Â°Ã Â¤â¢Ã Â¥ÂÃ Â¤Â·Ã Â¤Â¾ Ã Â¤â¢Ã Â¥â¬ Ã Â¤Å¡Ã Â¥ÂÃ Â¤Â¨Ã Â¥ÅÃ Â¤Â¤Ã Â¤Â¿Ã Â¤Â¯Ã Â¥â¹Ã Â¤â Ã Â¤Â¤Ã Â¤Â¥Ã Â¤Â¾ Ã Â¤â Ã Â¤âÃ Â¥â¡ Ã Â¤Â¬Ã Â¤Â¢Ã Â¤Â¼Ã Â¤Â¨Ã Â¥â¡ Ã Â¤â¢Ã Â¥â¡ Ã Â¤Â®Ã Â¤Â¾Ã Â¤Â°Ã Â¥ÂÃ Â¤â Ã Â¤ÂªÃ Â¤Â° Ã Â¤Å¡Ã Â¤Â°Ã Â¥ÂÃ Â¤Å¡Ã Â¤Â¾ Ã Â¤â¢Ã Â¥â¬Ã Â¤ÅÃ Â¤Â¿Ã Â¤ÂÃ Â¥Â¤ (Ã Â¤â°Ã Â¤Â¤Ã Â¥ÂÃ Â¤Â¤Ã Â¤Â° 250 Ã Â¤Â¶Ã Â¤Â¬Ã Â¥ÂÃ Â¤Â¦Ã Â¥â¹Ã Â¤â Ã Â¤Â®Ã Â¥â¡Ã Â¤â Ã Â¤Â¦Ã Â¥â¬Ã Â¤ÅÃ Â¤Â¿Ã Â¤Â)",Why is maritime security vital to protect India’s sea trade? Discuss maritime and coastal security challenges and the way forward.,97.6,keep,true,aggregator,,,,,,,,,,,,,,,,,,
2025,GS4,dee30326-920a-40cf-bee0-a5b4c76760f7,61,,1,GS4-A-Q1,"Ã Â¤Â®Ã Â¥ÅÃ Â¤ÅÃ Â¥âÃ Â¤Â¦Ã Â¤Â¾ Ã Â¤Â¡Ã Â¤Â¿Ã Â¤ÅÃ Â¤Â¿Ã Â¤Å¸Ã Â¤Â² Ã Â¤Â¯Ã Â¥ÂÃ Â¤â Ã Â¤Â®Ã Â¥â¡Ã Â¤â Ã Â¤Â¸Ã Â¥â¹Ã Â¤Â¶Ã Â¤Â² Ã Â¤Â®Ã Â¥â¬Ã Â¤Â¡Ã Â¤Â¿Ã Â¤Â¯Ã Â¤Â¾ Ã Â¤Â¨Ã Â¥â¡ Ã Â¤Â¸Ã Â¤âÃ Â¤Å¡Ã Â¤Â¾Ã Â¤Â° Ã Â¤âÃ Â¤Â° Ã Â¤Â¬Ã Â¤Â¾Ã Â¤Â¤Ã Â¤Å¡Ã Â¥â¬Ã Â¤Â¤ Ã Â¤â¢Ã Â¥â¡ Ã Â¤Â¤Ã Â¤Â°Ã Â¥â¬Ã Â¤â¢Ã Â¥â¡ Ã Â¤Â®Ã Â¥â¡Ã Â¤â Ã Â¤â¢Ã Â¥ÂÃ Â¤Â°Ã Â¤Â¾Ã Â¤âÃ Â¤Â¤Ã Â¤Â¿ Ã Â¤Â²Ã Â¤Â¾ Ã Â¤Â¦Ã Â¥â¬ Ã Â¤Â¹Ã Â¥ËÃ Â¥Â¤ Ã Â¤Â¹Ã Â¤Â¾Ã Â¤Â²Ã Â¤Â¾Ã Â¤ÂÃ Â¤â¢Ã Â¤Â¿ Ã Â¤â¡Ã Â¤Â¸Ã Â¤Â¨Ã Â¥â¡ Ã Â¤â¢Ã Â¤Ë Ã Â¤Â¨Ã Â¥ËÃ Â¤Â¤Ã Â¤Â¿Ã Â¤â¢ Ã Â¤Â®Ã Â¥ÂÃ Â¤Â¦Ã Â¥ÂÃ Â¤Â¦Ã Â¥â¡ Ã Â¤âÃ Â¤Â° Ã Â¤Å¡Ã Â¥ÂÃ Â¤Â¨Ã Â¥ÅÃ Â¤Â¤Ã Â¤Â¿Ã Â¤Â¯Ã Â¤Â¾Ã Â¤Â Ã Â¤âÃ Â¤Â¡Ã Â¤Â¼Ã Â¥â¬ Ã Â¤â¢Ã Â¤Â° Ã Â¤Â¦Ã Â¥â¬ Ã Â¤Â¹Ã Â¥ËÃ Â¥Â¤ Ã Â¤â¡Ã Â¤Â¸ Ã Â¤Â¸Ã Â¤âÃ Â¤Â¬Ã Â¤âÃ Â¤Â§ Ã Â¤Â®Ã Â¥â¡Ã Â¤â Ã Â¤Â®Ã Â¥âÃ Â¤Â² Ã Â¤Â¨Ã Â¥ËÃ Â¤Â¤Ã Â¤Â¿Ã Â¤â¢ Ã Â¤Â¦Ã Â¥ÂÃ Â¤ÂµÃ Â¤Â¿Ã Â¤Â§Ã Â¤Â¾Ã Â¤âÃ Â¤â Ã Â¤â¢Ã Â¤Â¾ Ã Â¤ÂµÃ Â¤Â°Ã Â¥ÂÃ Â¤Â£Ã Â¤Â¨ Ã Â¤â¢Ã Â¥â¬Ã Â¤ÅÃ Â¤Â¿Ã Â¤ÂÃ Â¥Â¤ (Ã Â¤â°Ã Â¤Â¤Ã Â¥ÂÃ Â¤Â¤Ã Â¤Â° 150 Ã Â¤Â¶Ã Â¤Â¬Ã Â¥ÂÃ Â¤Â¦Ã Â¥â¹Ã Â¤â Ã Â¤Â®Ã Â¥â¡Ã Â¤â Ã Â¤Â¦Ã Â¥â¬Ã Â¤ÅÃ Â¤Â¿Ã Â¤Â) Ã¢â¬â 10 In the present digital age, social media has revolutionised our way of communication and interaction. However, it has raised several ethical issues and challenges. Describe the key ethical dilemmas in this regard. (Answer in 150 words) Ã¢â¬â 10","In the present digital age, social media has revolutionised our way of communication and interaction. However, it has raised several ethical issues and challenges. Describe the key ethical dilemmas in this regard. (Answer in 150 words) 10",99.1,keep,true,aggregator,,,,,,,,,,,,,,,,,,
2025,GS4,dee30326-920a-40cf-bee0-a5b4c76760f7,62,,9,GS4-A-Q5,"""Ã Â¤Â¸Ã Â¤âÃ Â¤ÂµÃ Â¥ËÃ Â¤Â§Ã Â¤Â¾Ã Â¤Â¨Ã Â¤Â¿Ã Â¤â¢ Ã Â¤Â¨Ã Â¥ËÃ Â¤Â¤Ã Â¤Â¿Ã Â¤â¢Ã Â¤Â¤Ã Â¤Â¾ Ã Â¤â¢Ã Â¥â¹Ã Â¤Ë Ã Â¤Â¸Ã Â¥ÂÃ Â¤ÂµÃ Â¤Â¾Ã Â¤Â­Ã Â¤Â¾Ã Â¤ÂµÃ Â¤Â¿Ã Â¤â¢ Ã Â¤Â®Ã Â¤Â¨Ã Â¥â¹Ã Â¤Â­Ã Â¤Â¾Ã Â¤Âµ Ã Â¤Â¨Ã Â¤Â¹Ã Â¥â¬Ã Â¤â Ã Â¤Â¹Ã Â¥Ë, Ã Â¤Â¬Ã Â¤Â²Ã Â¥ÂÃ Â¤â¢Ã Â¤Â¿ Ã Â¤Â¨Ã Â¤Â¾Ã Â¤âÃ Â¤Â°Ã Â¤Â¿Ã Â¤â¢ Ã Â¤Â¶Ã Â¤Â¿Ã Â¤â¢Ã Â¥ÂÃ Â¤Â·Ã Â¤Â¾ Ã Â¤âÃ Â¤Â° Ã Â¤â¢Ã Â¤Â¾Ã Â¤Â¨Ã Â¥âÃ Â¤Â¨ Ã Â¤â¢Ã Â¥â¡ Ã Â¤Â¶Ã Â¤Â¾Ã Â¤Â¸Ã Â¤Â¨ Ã Â¤â¢Ã Â¥â¡ Ã Â¤ÂªÃ Â¤Â¾Ã Â¤Â²Ã Â¤Â¨ Ã Â¤â¢Ã Â¤Â¾ Ã Â¤ÂªÃ Â¤Â°Ã Â¤Â¿Ã Â¤Â£Ã Â¤Â¾Ã Â¤Â® Ã Â¤Â¹Ã Â¥ËÃ Â¥Â¤"" Ã Â¤Â¸Ã Â¤Â¿Ã Â¤ÂµÃ Â¤Â¿Ã Â¤Â² Ã Â¤Â¸Ã Â¥â¡Ã Â¤ÂµÃ Â¤â¢ Ã Â¤â¢Ã Â¥â¡ Ã Â¤Â²Ã Â¤Â¿Ã Â¤Â Ã Â¤Â¸Ã Â¤âÃ Â¤ÂµÃ Â¥ËÃ Â¤Â§Ã Â¤Â¾Ã Â¤Â¨Ã Â¤Â¿Ã Â¤â¢ Ã Â¤Â¨Ã Â¥ËÃ Â¤Â¤Ã Â¤Â¿Ã Â¤â¢Ã Â¤Â¤Ã Â¤Â¾ Ã Â¤â¢Ã Â¤Â¾ Ã Â¤ÂªÃ Â¤Â°Ã Â¥â¬Ã Â¤â¢Ã Â¥ÂÃ Â¤Â·Ã Â¤Â£ Ã Â¤â¢Ã Â¤Â°Ã Â¤Â¤Ã Â¥â¡ Ã Â¤Â¹Ã Â¥ÂÃ Â¤Â Ã Â¤Â²Ã Â¥â¹Ã Â¤â¢ Ã Â¤ÂªÃ Â¥ÂÃ Â¤Â°Ã Â¤Â¶Ã Â¤Â¾Ã Â¤Â¸Ã Â¤Â¨ Ã Â¤Â®Ã Â¥â¡Ã Â¤â Ã Â¤Â¸Ã Â¥ÂÃ Â¤Â¶Ã Â¤Â¾Ã Â¤Â¸Ã Â¤Â¨ Ã Â¤â¢Ã Â¥â¹ Ã Â¤Â¬Ã Â¤Â¢Ã Â¤Â¼Ã Â¤Â¾Ã Â¤ÂµÃ Â¤Â¾ Ã Â¤Â¦Ã Â¥â¡Ã Â¤Â¨Ã Â¥â¡ Ã Â¤âÃ Â¤Â° Ã Â¤ÅÃ Â¤ÂµÃ Â¤Â¾Ã Â¤Â¬Ã Â¤Â¦Ã Â¥â¡Ã Â¤Â¹Ã Â¥â¬ Ã Â¤Â¸Ã Â¥ÂÃ Â¤Â¨Ã Â¤Â¿Ã Â¤Â¶Ã Â¥ÂÃ Â¤Å¡Ã Â¤Â¿Ã Â¤Â¤ Ã Â¤â¢Ã Â¤Â°Ã Â¤Â¨Ã Â¥â¡ Ã Â¤Â®Ã Â¥â¡Ã Â¤â Ã Â¤â¡Ã Â¤Â¸Ã Â¤â¢Ã Â¥â¬ Ã Â¤Â­Ã Â¥âÃ Â¤Â®Ã Â¤Â¿Ã Â¤â¢Ã Â¤Â¾ Ã Â¤ÂªÃ Â¤Â° Ã Â¤ÂªÃ Â¥ÂÃ Â¤Â°Ã Â¤â¢Ã Â¤Â¾Ã Â¤Â¶ Ã Â¤Â¡Ã Â¤Â¾Ã Â¤Â²Ã Â¤Â¿Ã Â¤ÂÃ Â¥Â¤ (150 Ã Â¤Â¶Ã Â¤Â¬Ã Â¥ÂÃ Â¤Â¦) Ã¢â¬â 10 ""Constitutional morality is not a natural sentiment but a product of civil education and adherance of the rule of law."" Examine the significance of constitutional morality for public servant highlighting the role in promoting good governance and ensuring accountability in public administration. (150 words) Ã¢â¬â 10",“Constitutional morality is not a natural sentiment but a product of civil education and adherance of the rule of law.” Examine the significance of constitutional morality for public servant highlighting the role in promoting good governance and ensuring accountability in public administration.,100.0,keep,true,aggregator,,,,,,,,,,,,,,,,,,
2025,GS4,dee30326-920a-40cf-bee0-a5b4c76760f7,63,,14,GS4-A-Q8,"Ã Â¤â¢Ã Â¤Â¾Ã Â¤Â°Ã Â¥ÂÃ Â¤Â² Ã Â¤ÂµÃ Â¥â°Ã Â¤Â¨ Ã Â¤â¢Ã Â¥ÂÃ Â¤Â²Ã Â¥â°Ã Â¤ÅÃ Â¤ÂµÃ Â¤Â¿Ã Â¤Å¸Ã Â¥ÂÃ Â¤ÅÃ Â¤Â¼ Ã Â¤Â¨Ã Â¥â¡ Ã Â¤ÂÃ Â¤â¢ Ã Â¤Â¬Ã Â¤Â¾Ã Â¤Â° Ã Â¤â¢Ã Â¤Â¹Ã Â¤Â¾ Ã Â¤Â¥Ã Â¤Â¾, ""Ã Â¤Â¯Ã Â¥ÂÃ Â¤Â¦Ã Â¥ÂÃ Â¤Â§ Ã Â¤Â¦Ã Â¥âÃ Â¤Â¸Ã Â¤Â°Ã Â¥â¡ Ã Â¤Â®Ã Â¤Â¾Ã Â¤Â§Ã Â¥ÂÃ Â¤Â¯Ã Â¤Â®Ã Â¥â¹Ã Â¤â Ã Â¤Â¸Ã Â¥â¡ Ã Â¤â¢Ã Â¥â¬ Ã Â¤ÅÃ Â¤Â¾Ã Â¤Â¨Ã Â¥â¡ Ã Â¤ÂµÃ Â¤Â¾Ã Â¤Â²Ã Â¥â¬ Ã Â¤ÂÃ Â¤â¢ Ã Â¤â¢Ã Â¥âÃ Â¤Å¸Ã Â¤Â¨Ã Â¥â¬Ã Â¤Â¤Ã Â¤Â¿ Ã Â¤Â¹Ã Â¥ËÃ Â¥Â¤"" Ã Â¤Â¸Ã Â¤Â®Ã Â¤â¢Ã Â¤Â¾Ã Â¤Â²Ã Â¥â¬Ã Â¤Â¨ Ã Â¤Â­Ã Â¥â-Ã Â¤Â°Ã Â¤Â¾Ã Â¤ÅÃ Â¤Â¨Ã Â¥â¬Ã Â¤Â¤Ã Â¤Â¿Ã Â¤â¢ Ã Â¤Â¸Ã Â¤âÃ Â¤ËÃ Â¤Â°Ã Â¥ÂÃ Â¤Â· Ã Â¤â¢Ã Â¥â¡ Ã Â¤ÂµÃ Â¤Â°Ã Â¥ÂÃ Â¤Â¤Ã Â¤Â®Ã Â¤Â¾Ã Â¤Â¨ Ã Â¤Â¸Ã Â¤âÃ Â¤Â¦Ã Â¤Â°Ã Â¥ÂÃ Â¤Â­ Ã Â¤Â®Ã Â¥â¡Ã Â¤â Ã Â¤â°Ã Â¤ÂªÃ Â¤Â°Ã Â¥ÂÃ Â¤Â¯Ã Â¥ÂÃ Â¤â¢Ã Â¥ÂÃ Â¤Â¤ Ã Â¤â¢Ã Â¤Â¥Ã Â¤Â¨ Ã Â¤â¢Ã Â¤Â¾ Ã Â¤â Ã Â¤Â²Ã Â¥â¹Ã Â¤Å¡Ã Â¤Â¨Ã Â¤Â¾Ã Â¤Â¤Ã Â¥ÂÃ Â¤Â®Ã Â¤â¢ Ã Â¤ÂµÃ Â¤Â¿Ã Â¤Â¶Ã Â¥ÂÃ Â¤Â²Ã Â¥â¡Ã Â¤Â·Ã Â¤Â£ Ã Â¤â¢Ã Â¥â¬Ã Â¤ÅÃ Â¤Â¿Ã Â¤ÂÃ Â¥Â¤ (150 Ã Â¤Â¶Ã Â¤Â¬Ã Â¥ÂÃ Â¤Â¦) Ã¢â¬â 10 Carl von Clausewitz once said, ""War is a diplomacy by other means."" Critically analyse the above statement in the present context of contemporary geo-political conflict. (150 words) Ã¢â¬â 10","Carl von Clausewitz once said, ""War is a diplomacy by other means."" Critically analyse the above statement in the present context of contemporary geo-political conflict. (Answer in 150 words) 10",96.2,keep,true,aggregator,,,,,,,,,,,,,,,,,,
2025,GS4,dee30326-920a-40cf-bee0-a5b4c76760f7,64,,15,GS4-A-Q9,"Ã Â¤Â°Ã Â¤Â¾Ã Â¤Â·Ã Â¥ÂÃ Â¤Å¸Ã Â¥ÂÃ Â¤Â°Ã Â¤Â¿Ã Â¤Â¯ Ã Â¤Â¸Ã Â¥ÂÃ Â¤Â°Ã Â¤â¢Ã Â¥ÂÃ Â¤Â·Ã Â¤Â¾ Ã Â¤â¢Ã Â¥â¹ Ã Â¤Â§Ã Â¥ÂÃ Â¤Â¯Ã Â¤Â¾Ã Â¤Â¨ Ã Â¤Â®Ã Â¥â¡Ã Â¤â Ã Â¤Â°Ã Â¤âÃ Â¤Â¤Ã Â¥â¡ Ã Â¤Â¹Ã Â¥ÂÃ Â¤Â Ã Â¤Â¦Ã Â¥â¡Ã Â¤Â¶ Ã Â¤Â®Ã Â¥â¡Ã Â¤â Ã Â¤ÂªÃ Â¤Â¾Ã Â¤Â°Ã Â¤Â¿Ã Â¤Â¸Ã Â¥ÂÃ Â¤Â¥Ã Â¤Â¿Ã Â¤Â¤Ã Â¤Â¿Ã Â¤â¢ Ã Â¤Â°Ã Â¥âÃ Â¤Âª Ã Â¤Â¸Ã Â¥â¡ Ã Â¤Â¸Ã Â¤âÃ Â¤ÂµÃ Â¥â¡Ã Â¤Â¦Ã Â¤Â¨Ã Â¤Â¶Ã Â¥â¬Ã Â¤Â² Ã Â¤Â¸Ã Â¥â¬Ã Â¤Â®Ã Â¤Â¾Ã Â¤ÂµÃ Â¤Â°Ã Â¥ÂÃ Â¤Â¤Ã Â¥â¬ Ã Â¤â¢Ã Â¥ÂÃ Â¤Â·Ã Â¥â¡Ã Â¤Â¤Ã Â¥ÂÃ Â¤Â°Ã Â¥â¹Ã Â¤â Ã Â¤Â®Ã Â¥â¡Ã Â¤â Ã Â¤ÂµÃ Â¤Â¿Ã Â¤â¢Ã Â¤Â¾Ã Â¤Â¸ Ã Â¤ÂªÃ Â¤Â°Ã Â¤Â¿Ã Â¤Â¯Ã Â¥â¹Ã Â¤ÅÃ Â¤Â¨Ã Â¤Â¾Ã Â¤âÃ Â¤â Ã Â¤â¢Ã Â¥â¬ Ã Â¤ÂªÃ Â¤Â°Ã Â¥ÂÃ Â¤Â¯Ã Â¤Â¾Ã Â¤ÂµÃ Â¤Â°Ã Â¤Â£Ã Â¥â¬Ã Â¤Â¯ Ã Â¤Â®Ã Â¤âÃ Â¤ÅÃ Â¥âÃ Â¤Â°Ã Â¥â¬ Ã Â¤ÂªÃ Â¤Â° Ã Â¤ÂµÃ Â¤Â¿Ã Â¤ÂµÃ Â¤Â¾Ã Â¤Â¦Ã Â¥â¹Ã Â¤â Ã Â¤Â¸Ã Â¥â¡ Ã Â¤Â¸Ã Â¤âÃ Â¤Â¬Ã Â¤âÃ Â¤Â§Ã Â¤Â¿Ã Â¤Â¤ Ã Â¤Â¨Ã Â¥ËÃ Â¤Â¤Ã Â¤Â¿Ã Â¤â¢ Ã Â¤Â¦Ã Â¥ÂÃ Â¤ÂµÃ Â¤Â¿Ã Â¤Â§Ã Â¤Â¾Ã Â¤âÃ Â¤â Ã Â¤â¢Ã Â¤Â¾ Ã Â¤ÂªÃ Â¤Â°Ã Â¥â¬Ã Â¤â¢Ã Â¥ÂÃ Â¤Â·Ã Â¤Â£ Ã Â¤â¢Ã Â¥â¬Ã Â¤ÅÃ Â¤Â¿Ã Â¤ÂÃ Â¥Â¤ (150 Ã Â¤Â¶Ã Â¤Â¬Ã Â¥ÂÃ Â¤Â¦) Ã¢â¬â 10 Keeping the national security in mind, examine the ethical dilemmas related to controversies over environmental clearance of development projects in ecologically sensitive border areas in the country. (150 words) Ã¢â¬â 10","Keeping the national security in mind, examine the ethical dilemmas related to controversies over environmental clearance of development projects in ecologically sensitive border areas in the country. (Answer in 150 words) 10",96.8,keep,true,aggregator,,,,,,,,,,,,,,,,,,
2025,GS4,dee30326-920a-40cf-bee0-a5b4c76760f7,65,,5,GS4-A-Q3,"Ã Â¤Â®Ã Â¤Â¹Ã Â¤Â¾Ã Â¤Â¨ Ã Â¤ÂµÃ Â¤Â¿Ã Â¤Å¡Ã Â¤Â¾Ã Â¤Â°Ã Â¤â¢Ã Â¥â¹Ã Â¤â Ã Â¤â¢Ã Â¥â¡ Ã Â¤Â¤Ã Â¥â¬Ã Â¤Â¨ Ã Â¤â°Ã Â¤Â¦Ã Â¥ÂÃ Â¤Â§Ã Â¤Â°Ã Â¤Â£ Ã Â¤Â¨Ã Â¥â¬Ã Â¤Å¡Ã Â¥â¡ Ã Â¤Â¦Ã Â¤Â¿Ã Â¤Â Ã Â¤âÃ Â¤Â Ã Â¤Â¹Ã Â¥ËÃ Â¤âÃ Â¥Â¤ Ã Â¤ÂµÃ Â¤Â°Ã Â¥ÂÃ Â¤Â¤Ã Â¤Â®Ã Â¤Â¾Ã Â¤Â¨ Ã Â¤Â¸Ã Â¤âÃ Â¤Â¦Ã Â¤Â°Ã Â¥ÂÃ Â¤Â­ Ã Â¤Â®Ã Â¥â¡Ã Â¤â, Ã Â¤ÂªÃ Â¥ÂÃ Â¤Â°Ã Â¤Â¤Ã Â¥ÂÃ Â¤Â¯Ã Â¥â¡Ã Â¤â¢ Ã Â¤â°Ã Â¤Â¦Ã Â¥ÂÃ Â¤Â§Ã Â¤Â°Ã Â¤Â£ Ã Â¤â Ã Â¤ÂªÃ Â¤â¢Ã Â¥â¹ Ã Â¤â¢Ã Â¥ÂÃ Â¤Â¯Ã Â¤Â¾ Ã Â¤Â¸Ã Â¤âÃ Â¤ÂªÃ Â¥ÂÃ Â¤Â°Ã Â¥â¡Ã Â¤Â·Ã Â¤Â¿Ã Â¤Â¤ Ã Â¤â¢Ã Â¤Â°Ã Â¤Â¤Ã Â¤Â¾ Ã Â¤Â¹Ã Â¥Ë? Given below are three quotations of great thinkers. What do each of these quotations convey to you in the present context? ""Ã Â¤ÅÃ Â¥â¹ Ã Â¤Â²Ã Â¥â¹Ã Â¤â Ã Â¤Â®Ã Â¥ÂÃ Â¤Â¸Ã Â¥â¬Ã Â¤Â¬Ã Â¤Â¤ Ã Â¤Â®Ã Â¥â¡Ã Â¤â Ã Â¤Â­Ã Â¥â¬ Ã Â¤Â¶Ã Â¤Â¾Ã Â¤âÃ Â¤Â¤ Ã Â¤Â°Ã Â¤Â¹Ã Â¤Â¤Ã Â¥â¡ Ã Â¤Â¹Ã Â¥ËÃ Â¤â, Ã Â¤Â®Ã Â¥ÂÃ Â¤Â¸Ã Â¥â¬Ã Â¤Â¬Ã Â¤Â¤ Ã Â¤Â¹Ã Â¥â¬ Ã Â¤Â¸Ã Â¥ÂÃ Â¤ÂµÃ Â¤Â¯Ã Â¤â Ã Â¤ÂªÃ Â¤Â°Ã Â¥â¡Ã Â¤Â¶Ã Â¤Â¾Ã Â¤Â¨ Ã Â¤Â¹Ã Â¥â¹Ã Â¤âÃ Â¥â¬Ã Â¥Â¤"" Ã¢â¬â Ã Â¤Â¤Ã Â¤Â¿Ã Â¤Â°Ã Â¥ÂÃ Â¤ÂµÃ Â¤Â²Ã Â¥ÂÃ Â¤Â²Ã Â¥ÂÃ Â¤ÂµÃ Â¤Â° (150 Ã Â¤Â¶Ã Â¤Â¬Ã Â¥ÂÃ Â¤Â¦) Ã¢â¬â 10 ""Those who in trouble untroubled are, Will trouble trouble itself."" Ã¢â¬â Thiruvalluvar (150 words) Ã¢â¬â 10","“Those who in trouble untroubled are, will trouble trouble itself.” – Thiruvalluvar",94.8,keep,true,aggregator,,,,,,,,,,,,,,,,,,
2025,GS4,dee30326-920a-40cf-bee0-a5b4c76760f7,66,,7,GS4-A-Q4,"Ã Â¤Â®Ã Â¤Â¹Ã Â¤Â¾Ã Â¤Â¨ Ã Â¤ÂµÃ Â¤Â¿Ã Â¤Å¡Ã Â¤Â¾Ã Â¤Â°Ã Â¤â¢Ã Â¥â¹Ã Â¤â Ã Â¤â¢Ã Â¥â¡ Ã Â¤Â¤Ã Â¥â¬Ã Â¤Â¨ Ã Â¤â°Ã Â¤Â¦Ã Â¥ÂÃ Â¤Â§Ã Â¤Â°Ã Â¤Â£ Ã Â¤Â¨Ã Â¥â¬Ã Â¤Å¡Ã Â¥â¡ Ã Â¤Â¦Ã Â¤Â¿Ã Â¤Â Ã Â¤âÃ Â¤Â Ã Â¤Â¹Ã Â¥ËÃ Â¤âÃ Â¥Â¤ Ã Â¤ÂµÃ Â¤Â°Ã Â¥ÂÃ Â¤Â¤Ã Â¤Â®Ã Â¤Â¾Ã Â¤Â¨ Ã Â¤Â¸Ã Â¤âÃ Â¤Â¦Ã Â¤Â°Ã Â¥ÂÃ Â¤Â­ Ã Â¤Â®Ã Â¥â¡Ã Â¤â, Ã Â¤ÂªÃ Â¥ÂÃ Â¤Â°Ã Â¤Â¤Ã Â¥ÂÃ Â¤Â¯Ã Â¥â¡Ã Â¤â¢ Ã Â¤â°Ã Â¤Â¦Ã Â¥ÂÃ Â¤Â§Ã Â¤Â°Ã Â¤Â£ Ã Â¤â Ã Â¤ÂªÃ Â¤â¢Ã Â¥â¹ Ã Â¤â¢Ã Â¥ÂÃ Â¤Â¯Ã Â¤Â¾ Ã Â¤Â¸Ã Â¤âÃ Â¤ÂªÃ Â¥ÂÃ Â¤Â°Ã Â¥â¡Ã Â¤Â·Ã Â¤Â¿Ã Â¤Â¤ Ã Â¤â¢Ã Â¤Â°Ã Â¤Â¤Ã Â¤Â¾ Ã Â¤Â¹Ã Â¥Ë? Given below are three quotations of great thinkers. What do each of these quotations convey to you in the present context? ""Ã Â¤Â®Ã Â¥â¡Ã Â¤Â°Ã Â¥â¬ Ã Â¤ÂªÃ Â¥â¬Ã Â¤Â¢Ã Â¤Â¼Ã Â¥â¬ Ã Â¤â¢Ã Â¥â¬ Ã Â¤Â¸Ã Â¤Â¬Ã Â¤Â¸Ã Â¥â¡ Ã Â¤Â¬Ã Â¤Â¡Ã Â¤Â¼Ã Â¥â¬ Ã Â¤âÃ Â¥â¹Ã Â¤Å Ã Â¤Â¯Ã Â¤Â¹ Ã Â¤Â¹Ã Â¥Ë Ã Â¤â¢Ã Â¤Â¿ Ã Â¤Â®Ã Â¤Â¨Ã Â¥ÂÃ Â¤Â·Ã Â¥ÂÃ Â¤Â¯ Ã Â¤â¦Ã Â¤ÂªÃ Â¤Â¨Ã Â¤Â¾ Ã Â¤Â¦Ã Â¥ÆÃ Â¤Â·Ã Â¥ÂÃ Â¤Å¸Ã Â¤Â¿Ã Â¤â¢Ã Â¥â¹Ã Â¤Â£ Ã Â¤Â¬Ã Â¤Â¦Ã Â¤Â²Ã Â¤â¢Ã Â¤Â° Ã Â¤â¦Ã Â¤ÂªÃ Â¤Â¨Ã Â¤Â¾ Ã Â¤ÅÃ Â¥â¬Ã Â¤ÂµÃ Â¤Â¨ Ã Â¤Â¬Ã Â¤Â¦Ã Â¤Â² Ã Â¤Â¸Ã Â¤â¢Ã Â¤Â¤Ã Â¤Â¾ Ã Â¤Â¹Ã Â¥ËÃ Â¥Â¤"" Ã¢â¬â Ã Â¤ÂµÃ Â¤Â¿Ã Â¤Â²Ã Â¤Â¿Ã Â¤Â¯Ã Â¤Â® Ã Â¤ÅÃ Â¥â¹Ã Â¤Â¨Ã Â¥ÂÃ Â¤Â¸ (150 Ã Â¤Â¶Ã Â¤Â¬Ã Â¥ÂÃ Â¤Â¦) Ã¢â¬â 10 ""The greatest discovery of my generation is that a human being can alter his life by altering his attitudes."" Ã¢â¬â William James (150 words) Ã¢â¬â 10",“The greatest discovery of my generation is that a human being can alter his life by altering his attitudes.” – William James,96.7,keep,true,aggregator,,,,,,,,,,,,,,,,,,
2025,GS4,dee30326-920a-40cf-bee0-a5b4c76760f7,67,,3,GS4-A-Q2,"Ã Â¤Â®Ã Â¤Â¹Ã Â¤Â¾Ã Â¤Â¨ Ã Â¤ÂµÃ Â¤Â¿Ã Â¤Å¡Ã Â¤Â¾Ã Â¤Â°Ã Â¤â¢Ã Â¥â¹Ã Â¤â Ã Â¤â¢Ã Â¥â¡ Ã Â¤Â¤Ã Â¥â¬Ã Â¤Â¨ Ã Â¤â°Ã Â¤Â¦Ã Â¥ÂÃ Â¤Â§Ã Â¤Â°Ã Â¤Â£ Ã Â¤Â¨Ã Â¥â¬Ã Â¤Å¡Ã Â¥â¡ Ã Â¤Â¦Ã Â¤Â¿Ã Â¤Â Ã Â¤âÃ Â¤Â Ã Â¤Â¹Ã Â¥ËÃ Â¤âÃ Â¥Â¤ Ã Â¤ÂµÃ Â¤Â°Ã Â¥ÂÃ Â¤Â¤Ã Â¤Â®Ã Â¤Â¾Ã Â¤Â¨ Ã Â¤Â¸Ã Â¤âÃ Â¤Â¦Ã Â¤Â°Ã Â¥ÂÃ Â¤Â­ Ã Â¤Â®Ã Â¥â¡Ã Â¤â, Ã Â¤ÂªÃ Â¥ÂÃ Â¤Â°Ã Â¤Â¤Ã Â¥ÂÃ Â¤Â¯Ã Â¥â¡Ã Â¤â¢ Ã Â¤â°Ã Â¤Â¦Ã Â¥ÂÃ Â¤Â§Ã Â¤Â°Ã Â¤Â£ Ã Â¤â Ã Â¤ÂªÃ Â¤â¢Ã Â¥â¹ Ã Â¤â¢Ã Â¥ÂÃ Â¤Â¯Ã Â¤Â¾ Ã Â¤Â¸Ã Â¤âÃ Â¤ÂªÃ Â¥ÂÃ Â¤Â°Ã Â¥â¡Ã Â¤Â·Ã Â¤Â¿Ã Â¤Â¤ Ã Â¤â¢Ã Â¤Â°Ã Â¤Â¤Ã Â¤Â¾ Ã Â¤Â¹Ã Â¥Ë? Given below are three quotations of great thinkers. What do each of these quotations convey to you in the present context? ""Ã Â¤â¢Ã Â¤Â¿Ã Â¤Â¸Ã Â¥â¬ Ã Â¤Â¸Ã Â¤Â®Ã Â¤Â¾Ã Â¤Å Ã Â¤â¢Ã Â¥â¬ Ã Â¤Â¶Ã Â¤â¢Ã Â¥ÂÃ Â¤Â¤Ã Â¤Â¿ Ã Â¤â°Ã Â¤Â¸Ã Â¤â¢Ã Â¥â¡ Ã Â¤â¢Ã Â¤Â¾Ã Â¤Â¨Ã Â¥âÃ Â¤Â¨Ã Â¥â¹Ã Â¤â Ã Â¤Â®Ã Â¥â¡Ã Â¤â Ã Â¤Â¨Ã Â¤Â¹Ã Â¥â¬Ã Â¤â, Ã Â¤Â¬Ã Â¤Â²Ã Â¥ÂÃ Â¤â¢Ã Â¤Â¿ Ã Â¤â°Ã Â¤Â¸Ã Â¤â¢Ã Â¥â¡ Ã Â¤Â²Ã Â¥â¹Ã Â¤âÃ Â¥â¹Ã Â¤â Ã Â¤â¢Ã Â¥â¬ Ã Â¤Â¨Ã Â¥ËÃ Â¤Â¤Ã Â¤Â¿Ã Â¤â¢Ã Â¤Â¤Ã Â¤Â¾ Ã Â¤Â®Ã Â¥â¡Ã Â¤â Ã Â¤Â¹Ã Â¥â¹Ã Â¤Â¤Ã Â¥â¬ Ã Â¤Â¹Ã Â¥ËÃ Â¥Â¤"" Ã¢â¬â Ã Â¤Â¸Ã Â¥ÂÃ Â¤ÂµÃ Â¤Â¾Ã Â¤Â®Ã Â¥â¬ Ã Â¤ÂµÃ Â¤Â¿Ã Â¤ÂµÃ Â¥â¡Ã Â¤â¢Ã Â¤Â¾Ã Â¤Â¨Ã Â¤âÃ Â¤Â¦ (150 Ã Â¤Â¶Ã Â¤Â¬Ã Â¥ÂÃ Â¤Â¦) Ã¢â¬â 10 ""The strength of a society is not in its laws, but in the morality of its people."" Ã¢â¬â Swami Vivekananda (150 words) Ã¢â¬â 10","“The strength of a society is not in its laws, but in the morality of its people.” – Swami Vivekananda",95.8,keep,true,aggregator,,,,,,,,,,,,,,,,,,
2025,GS4,dee30326-920a-40cf-bee0-a5b4c76760f7,68,,11,GS4-A-Q6,"Ã Â¤â¢Ã Â¤Â¿Ã Â¤Â¸Ã Â¥â¬ Ã Â¤Â­Ã Â¥â¬ Ã Â¤ÂªÃ Â¥ÂÃ Â¤Â°Ã Â¤â¢Ã Â¤Â¾Ã Â¤Â° Ã Â¤â¢Ã Â¥â¬ Ã Â¤Â¸Ã Â¤Â¾Ã Â¤Â®Ã Â¤Â¾Ã Â¤ÅÃ Â¤Â¿Ã Â¤â¢ Ã Â¤ÂªÃ Â¥ÂÃ Â¤Â¨Ã Â¤Â°Ã Â¥ÂÃ Â¤Â°Ã Â¤Å¡Ã Â¤Â¨Ã Â¤Â¾ Ã Â¤â¢Ã Â¥â¡ Ã Â¤Â²Ã Â¤Â¿Ã Â¤Â Ã Â¤â¢Ã Â¤Â²Ã Â¥ÂÃ Â¤Â¯Ã Â¤Â¾Ã Â¤Â£Ã Â¤â¢Ã Â¤Â¾Ã Â¤Â°Ã Â¥â¬ Ã Â¤Â¯Ã Â¥â¹Ã Â¤ÅÃ Â¤Â¨Ã Â¤Â¾Ã Â¤âÃ Â¤â Ã Â¤â¢Ã Â¥â¹ Ã Â¤Â¸Ã Â¤Â«Ã Â¤Â²Ã Â¤Â¤Ã Â¤Â¾Ã Â¤ÂªÃ Â¥âÃ Â¤Â°Ã Â¥ÂÃ Â¤ÂµÃ Â¤â¢ Ã Â¤â¢Ã Â¥ÂÃ Â¤Â°Ã Â¤Â¿Ã Â¤Â¯Ã Â¤Â¾Ã Â¤Â¨Ã Â¥ÂÃ Â¤ÂµÃ Â¤Â¿Ã Â¤Â¤ Ã Â¤â¢Ã Â¤Â°Ã Â¤Â¨Ã Â¥â¡ Ã Â¤Â¹Ã Â¥â¡Ã Â¤Â¤Ã Â¥Â Ã Â¤ÂÃ Â¤â¢ Ã Â¤Â¸Ã Â¤Â¿Ã Â¤ÂµÃ Â¤Â¿Ã Â¤Â² Ã Â¤Â¸Ã Â¥â¡Ã Â¤ÂµÃ Â¤â¢ Ã Â¤â¢Ã Â¥â¹ Ã Â¤Â¨Ã Â¥ËÃ Â¤Â¤Ã Â¤Â¿Ã Â¤â¢ Ã Â¤Â¢Ã Â¤Â¾Ã Â¤ÂÃ Â¤Å¡Ã Â¥â¡ Ã Â¤Â®Ã Â¥â¡Ã Â¤â Ã Â¤Â¤Ã Â¤Â°Ã Â¥ÂÃ Â¤â¢ Ã Â¤âÃ Â¤Â° Ã Â¤â Ã Â¤Â²Ã Â¥â¹Ã Â¤Å¡Ã Â¤Â¨Ã Â¤Â¾Ã Â¤Â¤Ã Â¥ÂÃ Â¤Â®Ã Â¤â¢ Ã Â¤Â¸Ã Â¥â¹Ã Â¤Å¡ Ã Â¤â¢Ã Â¤Â¾ Ã Â¤â°Ã Â¤ÂªÃ Â¤Â¯Ã Â¥â¹Ã Â¤â Ã Â¤â¢Ã Â¤Â°Ã Â¤Â¨Ã Â¤Â¾ Ã Â¤Å¡Ã Â¤Â¾Ã Â¤Â¹Ã Â¤Â¿Ã Â¤ÂÃ Â¥Â¤ Ã Â¤â°Ã Â¤ÂªÃ Â¤Â¯Ã Â¥ÂÃ Â¤â¢Ã Â¥ÂÃ Â¤Â¤ Ã Â¤â°Ã Â¤Â¦Ã Â¤Â¾Ã Â¤Â¹Ã Â¤Â°Ã Â¤Â£Ã Â¥â¹Ã Â¤â Ã Â¤â¢Ã Â¥â¡ Ã Â¤Â¸Ã Â¤Â¾Ã Â¤Â¥ Ã Â¤â¡Ã Â¤Â¸ Ã Â¤â¢Ã Â¤Â¥Ã Â¤Â¨ Ã Â¤â¢Ã Â¥â¬ Ã Â¤ÂªÃ Â¥ÂÃ Â¤Â·Ã Â¥ÂÃ Â¤Å¸Ã Â¤Â¿ Ã Â¤â¢Ã Â¥â¬Ã Â¤ÅÃ Â¤Â¿Ã Â¤ÂÃ Â¥Â¤ (150 Ã Â¤Â¶Ã Â¤Â¬Ã Â¥ÂÃ Â¤Â¦) Ã¢â¬â 10 ""For any kind of social re-engineering by successfully implementing welfare schemes, a civil servant must use reason and critical thinking in an ethical framework."" Justify this statement with suitable examples. (150 words) Ã¢â¬â 10","“For any kind of social re-engineering by successfully implementing welfare schemes, a civil servant must use reason and critical thinking in an ethical framework.” Justify this statement with suitable examples. (Answer in 150 words) 10",96.9,keep,true,aggregator,,,,,,,,,,,,,,,,,,
2025,GS4,dee30326-920a-40cf-bee0-a5b4c76760f7,69,,13,GS4-A-Q7,Ã Â¤Â®Ã Â¤Â¹Ã Â¤Â¾Ã Â¤ÂµÃ Â¥â¬Ã Â¤Â° Ã Â¤â¢Ã Â¥â¬ Ã Â¤ÂªÃ Â¥ÂÃ Â¤Â°Ã Â¤Â®Ã Â¥ÂÃ Â¤â Ã Â¤Â¶Ã Â¤Â¿Ã Â¤â¢Ã Â¥ÂÃ Â¤Â·Ã Â¤Â¾Ã Â¤ÂÃ Â¤Â Ã Â¤â¢Ã Â¥ÂÃ Â¤Â¯Ã Â¤Â¾ Ã Â¤Â¹Ã Â¥ËÃ Â¤â? Ã Â¤Â¸Ã Â¤Â®Ã Â¤â¢Ã Â¤Â¾Ã Â¤Â²Ã Â¥â¬Ã Â¤Â¨ Ã Â¤ÂµÃ Â¤Â¿Ã Â¤Â¶Ã Â¥ÂÃ Â¤Âµ Ã Â¤Â®Ã Â¥â¡Ã Â¤â Ã Â¤â°Ã Â¤Â¨Ã Â¤â¢Ã Â¥â¬ Ã Â¤ÂªÃ Â¥ÂÃ Â¤Â°Ã Â¤Â¾Ã Â¤Â¸Ã Â¤âÃ Â¤âÃ Â¤Â¿Ã Â¤â¢Ã Â¤Â¤Ã Â¤Â¾ Ã Â¤Â¸Ã Â¥ÂÃ Â¤ÂªÃ Â¤Â·Ã Â¥ÂÃ Â¤Å¸ Ã Â¤â¢Ã Â¥â¬Ã Â¤ÅÃ Â¤Â¿Ã Â¤ÂÃ Â¥Â¤ (150 Ã Â¤Â¶Ã Â¤Â¬Ã Â¥ÂÃ Â¤Â¦) Ã¢â¬â 10 What are the major teachings of Mahavir? Explain their relevance in the contemporary world. (150 words) Ã¢â¬â 10,What are the major teachings of Mahavir? Explain their relevance in the contemporary world.,100.0,keep,true,aggregator,,,,,,,,,,,,,,,,,,
2025,GS4,dee30326-920a-40cf-bee0-a5b4c76760f7,70,,16,GS4-A-Q10,"""Ã Â¤ÅÃ Â¥â¹ Ã Â¤ÂµÃ Â¥ÂÃ Â¤Â¯Ã Â¤â¢Ã Â¥ÂÃ Â¤Â¤Ã Â¤Â¿ Ã Â¤â¦Ã Â¤ÂªÃ Â¤Â¨Ã Â¥â¡ Ã Â¤â¢Ã Â¤Â°Ã Â¥ÂÃ Â¤Â¤Ã Â¤ÂµÃ Â¥ÂÃ Â¤Â¯ Ã Â¤â¢Ã Â¥â¡ Ã Â¤ÂªÃ Â¥ÂÃ Â¤Â°Ã Â¤Â¤Ã Â¤Â¿ Ã Â¤Â¸Ã Â¤Â®Ã Â¤Â°Ã Â¥ÂÃ Â¤ÂªÃ Â¤Â¿Ã Â¤Â¤ Ã Â¤Â¹Ã Â¥â¹Ã Â¤Â¤Ã Â¤Â¾ Ã Â¤Â¹Ã Â¥Ë, Ã Â¤ÂµÃ Â¤Â¹ Ã Â¤ÅÃ Â¥â¬Ã Â¤ÂµÃ Â¤Â¨ Ã Â¤Â®Ã Â¥â¡Ã Â¤â Ã Â¤Â¸Ã Â¤Â°Ã Â¥ÂÃ Â¤ÂµÃ Â¥â¹Ã Â¤Å¡Ã Â¥ÂÃ Â¤Å¡ Ã Â¤ÂªÃ Â¥âÃ Â¤Â°Ã Â¥ÂÃ Â¤Â£Ã Â¤Â¤Ã Â¤Â¾ Ã Â¤â¢Ã Â¥â¹ Ã Â¤ÂªÃ Â¥ÂÃ Â¤Â°Ã Â¤Â¾Ã Â¤ÂªÃ Â¥ÂÃ Â¤Â¤ Ã Â¤â¢Ã Â¤Â°Ã Â¤Â¤Ã Â¤Â¾ Ã Â¤Â¹Ã Â¥ËÃ Â¥Â¤"" Ã Â¤ÂÃ Â¤â¢ Ã Â¤Â¸Ã Â¤Â¿Ã Â¤ÂµÃ Â¤Â¿Ã Â¤Â² Ã Â¤Â¸Ã Â¥â¡Ã Â¤ÂµÃ Â¤â¢ Ã Â¤â¢Ã Â¥â¡ Ã Â¤Â°Ã Â¥âÃ Â¤Âª Ã Â¤Â®Ã Â¥â¡Ã Â¤â Ã Â¤ÅÃ Â¤Â¿Ã Â¤Â®Ã Â¥ÂÃ Â¤Â®Ã Â¥â¡Ã Â¤Â¦Ã Â¤Â¾Ã Â¤Â°Ã Â¥â¬ Ã Â¤â¢Ã Â¥â¬ Ã Â¤Â­Ã Â¤Â¾Ã Â¤ÂµÃ Â¤Â¨Ã Â¤Â¾ Ã Â¤âÃ Â¤Â° Ã Â¤ÂµÃ Â¥ÂÃ Â¤Â¯Ã Â¤â¢Ã Â¥ÂÃ Â¤Â¤Ã Â¤Â¿Ã Â¤âÃ Â¤Â¤ Ã Â¤Â¸Ã Â¤âÃ Â¤Â¤Ã Â¥ÂÃ Â¤Â·Ã Â¥ÂÃ Â¤Å¸Ã Â¤Â¿ Ã Â¤â¢Ã Â¥â¡ Ã Â¤Â¸Ã Â¤âÃ Â¤Â¦Ã Â¤Â°Ã Â¥ÂÃ Â¤Â­ Ã Â¤Â®Ã Â¥â¡Ã Â¤â Ã Â¤â¡Ã Â¤Â¸ Ã Â¤â¢Ã Â¤Â¥Ã Â¤Â¨ Ã Â¤â¢Ã Â¤Â¾ Ã Â¤ÂµÃ Â¤Â¿Ã Â¤Â¶Ã Â¥ÂÃ Â¤Â²Ã Â¥â¡Ã Â¤Â·Ã Â¤Â£ Ã Â¤â¢Ã Â¥â¬Ã Â¤ÅÃ Â¤Â¿Ã Â¤ÂÃ Â¥Â¤ (150 Ã Â¤Â¶Ã Â¤Â¬Ã Â¥ÂÃ Â¤Â¦) Ã¢â¬â 10 ""One who is devoted to one's duty attains highest perfection in life."" Analyse this statement with reference to sense of responsibility and personal fulfilment as a civil servant. (150 words) Ã¢â¬â 10","""One who is devoted to one’s duty attains highest perfection in life."" Analyse this statement with reference to sense of responsibility and personal fulfilment in a civil servant. (Answer in 150 words) 10",95.1,keep,true,aggregator,,,,,,,,,,,,,,,,,,
2025,GS4,dee30326-920a-40cf-bee0-a5b4c76760f7,71,,17,GS4-A-Q11,"Ã Â¤Â¸Ã Â¤Â®Ã Â¤âÃ Â¥ÂÃ Â¤Â° Ã Â¤ÂµÃ Â¤Â¿Ã Â¤â¢Ã Â¤Â¾Ã Â¤Â¸ Ã Â¤Â²Ã Â¤â¢Ã Â¥ÂÃ Â¤Â·Ã Â¥ÂÃ Â¤Â¯ Ã Â¤â¢Ã Â¥â¹ Ã Â¤ÂªÃ Â¥ÂÃ Â¤Â°Ã Â¤Â¾Ã Â¤ÂªÃ Â¥ÂÃ Â¤Â¤ Ã Â¤â¢Ã Â¤Â°Ã Â¤Â¨Ã Â¥â¡ Ã Â¤â¢Ã Â¥â¡ Ã Â¤Â²Ã Â¤Â¿Ã Â¤Â, Ã Â¤ÂÃ Â¤â¢ Ã Â¤Â¸Ã Â¤Â¿Ã Â¤ÂµÃ Â¤Â¿Ã Â¤Â² Ã Â¤Â¸Ã Â¥â¡Ã Â¤ÂµÃ Â¤â¢ Ã Â¤ÂµÃ Â¤Â¿Ã Â¤â¢Ã Â¤Â¾Ã Â¤Â¸ Ã Â¤â¢Ã Â¥â¡ Ã Â¤Â¨Ã Â¤Â¿Ã Â¤Â¯Ã Â¤Â¾Ã Â¤Â®Ã Â¤â¢ Ã Â¤â¢Ã Â¥â¡ Ã Â¤Â¬Ã Â¤ÅÃ Â¤Â¾Ã Â¤Â Ã Â¤ÂÃ Â¤â¢ Ã Â¤Â¸Ã Â¤â¢Ã Â¥ÂÃ Â¤Â·Ã Â¤Â®Ã Â¤â¢Ã Â¤Â°Ã Â¥ÂÃ Â¤Â¤Ã Â¤Â¾ Ã Â¤âÃ Â¤Â° Ã Â¤Â¸Ã Â¥ÂÃ Â¤ÂµÃ Â¤Â¿Ã Â¤Â§Ã Â¤Â¾Ã Â¤ÂªÃ Â¥ÂÃ Â¤Â°Ã Â¤Â¦Ã Â¤Â¾Ã Â¤Â¤Ã Â¤Â¾ Ã Â¤â¢Ã Â¥â¡ Ã Â¤Â°Ã Â¥âÃ Â¤Âª Ã Â¤Â®Ã Â¥â¡Ã Â¤â Ã Â¤â¢Ã Â¤Â¾Ã Â¤Â°Ã Â¥ÂÃ Â¤Â¯ Ã Â¤â¢Ã Â¤Â°Ã Â¤Â¤Ã Â¤Â¾ Ã Â¤Â¹Ã Â¥ËÃ Â¥Â¤ Ã Â¤â¡Ã Â¤Â¸ Ã Â¤Â²Ã Â¤â¢Ã Â¥ÂÃ Â¤Â·Ã Â¥ÂÃ Â¤Â¯ Ã Â¤â¢Ã Â¥â¹ Ã Â¤ÂªÃ Â¥ÂÃ Â¤Â°Ã Â¤Â¾Ã Â¤ÂªÃ Â¥ÂÃ Â¤Â¤ Ã Â¤â¢Ã Â¤Â°Ã Â¤Â¨Ã Â¥â¡ Ã Â¤â¢Ã Â¥â¡ Ã Â¤Â²Ã Â¤Â¿Ã Â¤Â Ã Â¤â Ã Â¤Âª Ã Â¤â¢Ã Â¥ÂÃ Â¤Â¯Ã Â¤Â¾ Ã Â¤ÂµÃ Â¤Â¿Ã Â¤Â¶Ã Â¤Â¿Ã Â¤Â·Ã Â¥ÂÃ Â¤Å¸ Ã Â¤â°Ã Â¤ÂªÃ Â¤Â¾Ã Â¤Â¯ Ã Â¤Â¸Ã Â¥ÂÃ Â¤ÂÃ Â¤Â¾Ã Â¤Â¯Ã Â¥â¡Ã Â¤âÃ Â¤âÃ Â¥â¡? (150 Ã Â¤Â¶Ã Â¤Â¬Ã Â¥ÂÃ Â¤Â¦) Ã¢â¬â 10 To achieve holistic development goal, a civil servant acts as an enabler and active facilitator of growth rather than a regulator. What specific measures will you suggest to achieve this goal? (150 words) Ã¢â¬â 10","To achieve holistic development goal, a civil servant acts as an enabler and active facilitator of growth rather than a regulator. What specific measures will you suggest to achieve this goal?",100.0,keep,true,aggregator,,,,,,,,,,,,,,,,,,
2025,GS4,dee30326-920a-40cf-bee0-a5b4c76760f7,72,,18,GS4-A-Q12,"Ã Â¤ÂÃ Â¤Â¸Ã Â¤Â¾ Ã Â¤â¢Ã Â¤Â¹Ã Â¤Â¾ Ã Â¤ÅÃ Â¤Â¾Ã Â¤Â¤Ã Â¤Â¾ Ã Â¤Â¹Ã Â¥Ë Ã Â¤â¢Ã Â¤Â¿ Ã Â¤Â¨Ã Â¥ËÃ Â¤Â¤Ã Â¤Â¿Ã Â¤â¢ Ã Â¤â¢Ã Â¤Â¾Ã Â¤Â°Ã Â¥ÂÃ Â¤Â¯ Ã Â¤Â¸Ã Â¤âÃ Â¤Â¸Ã Â¥ÂÃ Â¤â¢Ã Â¥ÆÃ Â¤Â¤Ã Â¤Â¿ Ã Â¤â¢Ã Â¥â¡ Ã Â¤Â²Ã Â¤Â¿Ã Â¤Â Ã Â¤ÂªÃ Â¥ÂÃ Â¤Â°Ã Â¤Â¤Ã Â¥ÂÃ Â¤Â¯Ã Â¥â¡Ã Â¤â¢ Ã Â¤Â¸Ã Â¤âÃ Â¤âÃ Â¤Â Ã Â¤Â¨ Ã Â¤Â®Ã Â¥â¡Ã Â¤â Ã Â¤â Ã Â¤Å¡Ã Â¤Â¾Ã Â¤Â° Ã Â¤Â¸Ã Â¤âÃ Â¤Â¹Ã Â¤Â¿Ã Â¤Â¤Ã Â¤Â¾ Ã Â¤Â¹Ã Â¥â¹Ã Â¤Â¨Ã Â¥â¬ Ã Â¤Å¡Ã Â¤Â¾Ã Â¤Â¹Ã Â¤Â¿Ã Â¤ÂÃ Â¥Â¤ Ã Â¤Â®Ã Â¥âÃ Â¤Â²Ã Â¥ÂÃ Â¤Â¯-Ã Â¤â Ã Â¤Â§Ã Â¤Â¾Ã Â¤Â°Ã Â¤Â¿Ã Â¤Â¤ Ã Â¤âÃ Â¤Â° Ã Â¤â¦Ã Â¤Â¨Ã Â¥ÂÃ Â¤ÂªÃ Â¤Â¾Ã Â¤Â²Ã Â¤Â¨-Ã Â¤â Ã Â¤Â§Ã Â¤Â¾Ã Â¤Â°Ã Â¤Â¿Ã Â¤Â¤ Ã Â¤â¢Ã Â¤Â¾Ã Â¤Â°Ã Â¥ÂÃ Â¤Â¯ Ã Â¤Â¸Ã Â¤âÃ Â¤Â¸Ã Â¥ÂÃ Â¤â¢Ã Â¥ÆÃ Â¤Â¤Ã Â¤Â¿ Ã Â¤Â¸Ã Â¥ÂÃ Â¤Â¨Ã Â¤Â¿Ã Â¤Â¶Ã Â¥ÂÃ Â¤Å¡Ã Â¤Â¿Ã Â¤Â¤ Ã Â¤â¢Ã Â¤Â°Ã Â¤Â¨Ã Â¥â¡ Ã Â¤â¢Ã Â¥â¡ Ã Â¤Â²Ã Â¤Â¿Ã Â¤Â, Ã Â¤â Ã Â¤Âª Ã Â¤â¦Ã Â¤ÂªÃ Â¤Â¨Ã Â¥â¡ Ã Â¤â¢Ã Â¤Â¾Ã Â¤Â°Ã Â¥ÂÃ Â¤Â¯Ã Â¤Â¸Ã Â¥ÂÃ Â¤Â¥Ã Â¤Â² Ã Â¤Â®Ã Â¥â¡Ã Â¤â Ã Â¤â¢Ã Â¥ÅÃ Â¤Â¨ Ã Â¤Â¸Ã Â¥â¡ Ã Â¤â°Ã Â¤ÂªÃ Â¤Â¯Ã Â¥ÂÃ Â¤â¢Ã Â¥ÂÃ Â¤Â¤ Ã Â¤â°Ã Â¤ÂªÃ Â¤Â¾Ã Â¤Â¯ Ã Â¤â¦Ã Â¤ÂªÃ Â¤Â¨Ã Â¤Â¾Ã Â¤Â¯Ã Â¥â¡Ã Â¤âÃ Â¤âÃ Â¥â¡? (150 Ã Â¤Â¶Ã Â¤Â¬Ã Â¥ÂÃ Â¤Â¦) Ã¢â¬â 10 It is said that for an ethical work culture, there must be code of ethics in place in every organisation. To ensure value-based and compliance-based work culture, what suitable measures would you adopt in your work place? (150 words) Ã¢â¬â 10","It is said that for an ethical work culture, there must be code of ethics in place in every organisation. To ensure value-based and compliance-based work culture, what suitable measures would you adopt in your work place? (Answer in 150 words) 10",97.0,keep,true,aggregator,,,,,,,,,,,,,,,,,,
2025,GS4,dee30326-920a-40cf-bee0-a5b4c76760f7,73,,2,GS4-B-Q1,"Ã Â¤Â­Ã Â¤Â¾Ã Â¤Â°Ã Â¤Â¤ Ã Â¤ÂµÃ Â¤Â¿Ã Â¤Â¶Ã Â¥ÂÃ Â¤Âµ Ã Â¤â¢Ã Â¥â¬ Ã Â¤â°Ã Â¤Â­Ã Â¤Â°Ã Â¤Â¤Ã Â¥â¬ Ã Â¤Â¹Ã Â¥ÂÃ Â¤Ë Ã Â¤â Ã Â¤Â°Ã Â¥ÂÃ Â¤Â¥Ã Â¤Â¿Ã Â¤â¢ Ã Â¤Â¶Ã Â¤â¢Ã Â¥ÂÃ Â¤Â¤Ã Â¤Â¿ Ã Â¤Â¹Ã Â¥Ë Ã Â¤â¢Ã Â¥ÂÃ Â¤Â¯Ã Â¥â¹Ã Â¤âÃ Â¤â¢Ã Â¤Â¿ Ã Â¤â Ã Â¤â¡.Ã Â¤ÂÃ Â¤Â®.Ã Â¤ÂÃ Â¤Â«. Ã Â¤â¢Ã Â¥â¡ Ã Â¤â¦Ã Â¤Â¨Ã Â¥ÂÃ Â¤Â®Ã Â¤Â¾Ã Â¤Â¨Ã Â¤Â¾Ã Â¤Â¨Ã Â¥ÂÃ Â¤Â¸Ã Â¤Â¾Ã Â¤Â° Ã Â¤Â¹Ã Â¤Â¾Ã Â¤Â² Ã Â¤Â¹Ã Â¥â¬ Ã Â¤Â®Ã Â¥â¡Ã Â¤â Ã Â¤â¡Ã Â¤Â¸Ã Â¤Â¨Ã Â¥â¡ Ã Â¤ÂµÃ Â¤Â¿Ã Â¤Â¶Ã Â¥ÂÃ Â¤Âµ Ã Â¤â¢Ã Â¥â¬ Ã Â¤Å¡Ã Â¥ÅÃ Â¤Â¥Ã Â¥â¬ Ã Â¤Â¸Ã Â¤Â¬Ã Â¤Â¸Ã Â¥â¡ Ã Â¤Â¬Ã Â¤Â¡Ã Â¤Â¼Ã Â¥â¬ Ã Â¤â¦Ã Â¤Â°Ã Â¥ÂÃ Â¤Â¥Ã Â¤ÂµÃ Â¥ÂÃ Â¤Â¯Ã Â¤ÂµÃ Â¤Â¸Ã Â¥ÂÃ Â¤Â¥Ã Â¤Â¾ Ã Â¤â¢Ã Â¤Â¾ Ã Â¤Â¦Ã Â¤Â°Ã Â¥ÂÃ Â¤ÅÃ Â¤Â¾ Ã Â¤Â¹Ã Â¤Â¾Ã Â¤Â¸Ã Â¤Â¿Ã Â¤Â² Ã Â¤â¢Ã Â¤Â¿Ã Â¤Â¯Ã Â¤Â¾ Ã Â¤Â¹Ã Â¥ËÃ Â¥Â¤ Ã Â¤Â¤Ã Â¤Â¥Ã Â¤Â¾Ã Â¤ÂªÃ Â¤Â¿ Ã Â¤Â¯Ã Â¤Â¹ Ã Â¤Â¦Ã Â¥â¡Ã Â¤âÃ Â¤Â¾ Ã Â¤âÃ Â¤Â¯Ã Â¤Â¾ Ã Â¤Â¹Ã Â¥Ë Ã Â¤â¢Ã Â¤Â¿ Ã Â¤â¢Ã Â¥ÂÃ Â¤âº Ã Â¤â¢Ã Â¥ÂÃ Â¤Â·Ã Â¥â¡Ã Â¤Â¤Ã Â¥ÂÃ Â¤Â°Ã Â¥â¹Ã Â¤â Ã Â¤Â®Ã Â¥â¡Ã Â¤â Ã Â¤â Ã Â¤Â¬Ã Â¤âÃ Â¤Å¸Ã Â¤Â¿Ã Â¤Â¤ Ã Â¤Â§Ã Â¤Â¨Ã Â¤Â°Ã Â¤Â¾Ã Â¤Â¶Ã Â¤Â¿ Ã Â¤â¢Ã Â¤Â¾ Ã Â¤Â¯Ã Â¤Â¾ Ã Â¤Â¤Ã Â¥â¹ Ã Â¤â¢Ã Â¤Â® Ã Â¤â°Ã Â¤ÂªÃ Â¤Â¯Ã Â¥â¹Ã Â¤â Ã Â¤â¢Ã Â¤Â¿Ã Â¤Â¯Ã Â¤Â¾ Ã Â¤ÅÃ Â¤Â¾Ã Â¤Â¤Ã Â¤Â¾ Ã Â¤Â¹Ã Â¥Ë Ã Â¤â¦Ã Â¤Â¥Ã Â¤ÂµÃ Â¤Â¾ Ã Â¤â°Ã Â¤Â¸Ã Â¤â¢Ã Â¤Â¾ Ã Â¤âÃ Â¤Â²Ã Â¤Â¤ Ã Â¤â°Ã Â¤ÂªÃ Â¤Â¯Ã Â¥â¹Ã Â¤â Ã Â¤Â¹Ã Â¥â¹Ã Â¤Â¤Ã Â¤Â¾ Ã Â¤Â¹Ã Â¥ËÃ Â¥Â¤ Ã Â¤â¡Ã Â¤Â¸ Ã Â¤Â¸Ã Â¤âÃ Â¤Â¬Ã Â¤âÃ Â¤Â§ Ã Â¤Â®Ã Â¥â¡Ã Â¤â Ã Â¤ÅÃ Â¤ÂµÃ Â¤Â¾Ã Â¤Â¬Ã Â¤Â¦Ã Â¥â¡Ã Â¤Â¹Ã Â¥â¬ Ã Â¤Â¸Ã Â¥ÂÃ Â¤Â¨Ã Â¤Â¿Ã Â¤Â¶Ã Â¥ÂÃ Â¤Å¡Ã Â¤Â¿Ã Â¤Â¤ Ã Â¤â¢Ã Â¤Â°Ã Â¤Â¨Ã Â¥â¡, Ã Â¤Â²Ã Â¥â¬Ã Â¤â¢Ã Â¥â¡Ã Â¤Å Ã Â¤Â°Ã Â¥â¹Ã Â¤â¢Ã Â¤Â¨Ã Â¥â¡ Ã Â¤Â¤Ã Â¤Â¥Ã Â¤Â¾ Ã Â¤Â¨Ã Â¤Â¿Ã Â¤â¢Ã Â¤Å¸ Ã Â¤Â­Ã Â¤ÂµÃ Â¤Â¿Ã Â¤Â·Ã Â¥ÂÃ Â¤Â¯ Ã Â¤Â®Ã Â¥â¡Ã Â¤â Ã Â¤ÂµÃ Â¤Â¿Ã Â¤Â¶Ã Â¥ÂÃ Â¤Âµ Ã Â¤â¢Ã Â¥â¬ Ã Â¤Â¤Ã Â¥â¬Ã Â¤Â¸Ã Â¤Â°Ã Â¥â¬ Ã Â¤Â¸Ã Â¤Â¬Ã Â¤Â¸Ã Â¥â¡ Ã Â¤Â¬Ã Â¤Â¡Ã Â¤Â¼Ã Â¥â¬ Ã Â¤â¦Ã Â¤Â°Ã Â¥ÂÃ Â¤Â¥Ã Â¤ÂµÃ Â¥ÂÃ Â¤Â¯Ã Â¤ÂµÃ Â¤Â¸Ã Â¥ÂÃ Â¤Â¥Ã Â¤Â¾ Ã Â¤â¢Ã Â¤Â¾ Ã Â¤Â¦Ã Â¤Â°Ã Â¥ÂÃ Â¤ÅÃ Â¤Â¾ Ã Â¤ÂªÃ Â¥ÂÃ Â¤Â°Ã Â¤Â¾Ã Â¤ÂªÃ Â¥ÂÃ Â¤Â¤ Ã Â¤â¢Ã Â¤Â°Ã Â¤Â¨Ã Â¥â¡ Ã Â¤â¢Ã Â¥â¡ Ã Â¤Â²Ã Â¤Â¿Ã Â¤Â Ã Â¤â Ã Â¤Âª Ã Â¤â¢Ã Â¥ÂÃ Â¤Â¯Ã Â¤Â¾ Ã Â¤ÂµÃ Â¤Â¿Ã Â¤Â¶Ã Â¤Â¿Ã Â¤Â·Ã Â¥ÂÃ Â¤Å¸ Ã Â¤â°Ã Â¤ÂªÃ Â¤Â¾Ã Â¤Â¯ Ã Â¤Â¸Ã Â¥ÂÃ Â¤ÂÃ Â¤Â¾Ã Â¤Â¯Ã Â¥â¡Ã Â¤âÃ Â¤âÃ Â¥â¡? (150 Ã Â¤Â¶Ã Â¤Â¬Ã Â¥ÂÃ Â¤Â¦) Ã¢â¬â 10 India is an emerging economic power of the world as it has recently secured the status of fourth largest economy of the world as per IMF projection. However, it has been observed that in some sectors, allocated funds remain either under-utilised or misutilised. What specific measures would you recommend for ensuring accountability in this regard to stop leakages and gaining the status of third largest economy of the world in near future? (150 words) Ã¢â¬â 10 Section B","India is an emerging economic power of the world as it has recently secured the status of fourth largest economy of the world as per IMF projection. However, it has been observed that in some sectors, allocated funds remain either under-utilised or misutilised. What specific measures would you recommend for ensuring accountability in this regard to stop leakages and gaining the status of third largest economy of the world in near future?",100.0,keep,true,aggregator,,,,,,,,,,,,,,,,,,
2025,GS4,dee30326-920a-40cf-bee0-a5b4c76760f7,74,,6,GS4-B-Q3,"Ã Â¤ÂµÃ Â¤Â¿Ã Â¤ÅÃ Â¤Â¯ Ã Â¤ÂªÃ Â¤Â¿Ã Â¤âºÃ Â¤Â²Ã Â¥â¡ Ã Â¤Â¦Ã Â¥â¹ Ã Â¤ÂµÃ Â¤Â°Ã Â¥ÂÃ Â¤Â·Ã Â¥â¹Ã Â¤â Ã Â¤Â¸Ã Â¥â¡ Ã Â¤Â¦Ã Â¥â¡Ã Â¤Â¶ Ã Â¤â¢Ã Â¥â¡ Ã Â¤ÂªÃ Â¤Â¹Ã Â¤Â¾Ã Â¤Â¡Ã Â¤Â¼Ã Â¥â¬ Ã Â¤â°Ã Â¤Â¤Ã Â¥ÂÃ Â¤Â¤Ã Â¤Â°Ã Â¥â¬ Ã Â¤Â°Ã Â¤Â¾Ã Â¤ÅÃ Â¥ÂÃ Â¤Â¯ Ã Â¤â¢Ã Â¥â¡ Ã Â¤Â¸Ã Â¥ÂÃ Â¤Â¦Ã Â¥âÃ Â¤Â° Ã Â¤ÅÃ Â¤Â¿Ã Â¤Â²Ã Â¥â¡ Ã Â¤â¢Ã Â¥â¡ Ã Â¤Â¡Ã Â¤Â¿Ã Â¤ÂªÃ Â¥ÂÃ Â¤Å¸Ã Â¥â¬ Ã Â¤â¢Ã Â¤Â®Ã Â¤Â¿Ã Â¤Â¶Ã Â¤Â¨Ã Â¤Â° Ã Â¤Â¥Ã Â¥â¡Ã Â¥Â¤ Ã Â¤â¦Ã Â¤âÃ Â¤Â¸Ã Â¥ÂÃ Â¤Â¤ Ã Â¤Â®Ã Â¤Â¹Ã Â¥â¬Ã Â¤Â¨Ã Â¥â¡ Ã Â¤Â®Ã Â¥â¡Ã Â¤â Ã Â¤ÂªÃ Â¥âÃ Â¤Â°Ã Â¥â¡ Ã Â¤Â°Ã Â¤Â¾Ã Â¤ÅÃ Â¥ÂÃ Â¤Â¯ Ã Â¤Â®Ã Â¥â¡Ã Â¤â Ã Â¤Â­Ã Â¤Â¾Ã Â¤Â°Ã Â¥â¬ Ã Â¤Â¬Ã Â¤Â¾Ã Â¤Â°Ã Â¤Â¿Ã Â¤Â¶ Ã Â¤Â¹Ã Â¥ÂÃ Â¤Ë Ã Â¤âÃ Â¤Â° Ã Â¤â¡Ã Â¤Â¸Ã Â¤â¢Ã Â¥â¡ Ã Â¤Â¬Ã Â¤Â¾Ã Â¤Â¦ Ã Â¤â°Ã Â¤â¢Ã Â¥ÂÃ Â¤Â¤ Ã Â¤ÅÃ Â¤Â¿Ã Â¤Â²Ã Â¥â¡ Ã Â¤â¢Ã Â¥â¡ Ã Â¤Å Ã Â¤ÂªÃ Â¤Â°Ã Â¥â¬ Ã Â¤â¡Ã Â¤Â²Ã Â¤Â¾Ã Â¤â¢Ã Â¥â¹Ã Â¤â Ã Â¤Â®Ã Â¥â¡Ã Â¤â Ã Â¤Â¬Ã Â¤Â¾Ã Â¤Â¦Ã Â¤Â² Ã Â¤Â«Ã Â¤Å¸ Ã Â¤âÃ Â¤ÂÃ Â¥Â¤ Ã Â¤ÂªÃ Â¥âÃ Â¤Â°Ã Â¥â¡ Ã Â¤Â°Ã Â¤Â¾Ã Â¤ÅÃ Â¥ÂÃ Â¤Â¯ Ã Â¤Â®Ã Â¥â¡Ã Â¤â Ã Â¤ÂµÃ Â¤Â¿Ã Â¤Â¶Ã Â¥â¡Ã Â¤Â· Ã Â¤â¢Ã Â¤Â° Ã Â¤ÂªÃ Â¥ÂÃ Â¤Â°Ã Â¤Â­Ã Â¤Â¾Ã Â¤ÂµÃ Â¤Â¿Ã Â¤Â¤ Ã Â¤ÅÃ Â¤Â¿Ã Â¤Â²Ã Â¥â¡ Ã Â¤Â®Ã Â¥â¡Ã Â¤â Ã Â¤Â¬Ã Â¤Â¹Ã Â¥ÂÃ Â¤Â¤ Ã Â¤Â­Ã Â¤Â¾Ã Â¤Â°Ã Â¥â¬ Ã Â¤â¢Ã Â¥ÂÃ Â¤Â·Ã Â¤Â¤Ã Â¤Â¿ Ã Â¤Â¹Ã Â¥ÂÃ Â¤ËÃ Â¥Â¤ Ã Â¤ÂªÃ Â¥âÃ Â¤Â°Ã Â¤Â¾ Ã Â¤Â¸Ã Â¤Â¡Ã Â¤Â¼Ã Â¤â¢ Ã Â¤Â¨Ã Â¥â¡Ã Â¤Å¸Ã Â¤ÂµÃ Â¤Â°Ã Â¥ÂÃ Â¤â¢ Ã Â¤âÃ Â¤Â° Ã Â¤Â¦Ã Â¥âÃ Â¤Â°Ã Â¤Â¸Ã Â¤âÃ Â¤Å¡Ã Â¤Â¾Ã Â¤Â° Ã Â¤Â¬Ã Â¤Â¾Ã Â¤Â§Ã Â¤Â¿Ã Â¤Â¤ Ã Â¤Â¹Ã Â¥â¹ Ã Â¤âÃ Â¤Â¯Ã Â¤Â¾Ã Â¥Â¤ Ã Â¤â¡Ã Â¤Â®Ã Â¤Â¾Ã Â¤Â°Ã Â¤Â¤Ã Â¥â¡Ã Â¤â Ã Â¤Â¬Ã Â¤Â¡Ã Â¤Â¼Ã Â¥â¡ Ã Â¤ÂªÃ Â¥ËÃ Â¤Â®Ã Â¤Â¾Ã Â¤Â¨Ã Â¥â¡ Ã Â¤ÂªÃ Â¤Â° Ã Â¤â¢Ã Â¥ÂÃ Â¤Â·Ã Â¤Â¤Ã Â¤Â¿Ã Â¤âÃ Â¥ÂÃ Â¤Â°Ã Â¤Â¸Ã Â¥ÂÃ Â¤Â¤ Ã Â¤Â¹Ã Â¥â¹ Ã Â¤âÃ Â¤ËÃ Â¤âÃ Â¥Â¤ Ã Â¤Â²Ã Â¥â¹Ã Â¤âÃ Â¥â¹Ã Â¤â Ã Â¤â¢Ã Â¥â¡ Ã Â¤ËÃ Â¤Â° Ã Â¤Â¨Ã Â¤Â·Ã Â¥ÂÃ Â¤Å¸ Ã Â¤Â¹Ã Â¥â¹ Ã Â¤âÃ Â¤Â Ã Â¤âÃ Â¤Â° Ã Â¤ÂµÃ Â¥â¡ Ã Â¤âÃ Â¥ÂÃ Â¤Â²Ã Â¥â¡ Ã Â¤Â®Ã Â¥â¡Ã Â¤â Ã Â¤Â°Ã Â¤Â¹Ã Â¤Â¨Ã Â¥â¡ Ã Â¤â¢Ã Â¥â¹ Ã Â¤Â®Ã Â¤ÅÃ Â¤Â¬Ã Â¥âÃ Â¤Â° Ã Â¤Â¹Ã Â¥ÂÃ Â¤ÂÃ Â¥Â¤ 200 Ã Â¤Â¸Ã Â¥â¡ Ã Â¤â¦Ã Â¤Â§Ã Â¤Â¿Ã Â¤â¢ Ã Â¤Â²Ã Â¥â¹Ã Â¤â Ã Â¤Â®Ã Â¤Â¾Ã Â¤Â°Ã Â¥â¡ Ã Â¤âÃ Â¤Â¯Ã Â¥â¡ Ã Â¤âÃ Â¤Â° Ã Â¤Â²Ã Â¤âÃ Â¤Â­Ã Â¤â 5000 Ã Â¤Â²Ã Â¥â¹Ã Â¤â Ã Â¤Â¬Ã Â¥ÂÃ Â¤Â°Ã Â¥â¬ Ã Â¤Â¤Ã Â¤Â°Ã Â¤Â¹ Ã Â¤ËÃ Â¤Â¾Ã Â¤Â¯Ã Â¤Â² Ã Â¤Â¹Ã Â¥â¹ Ã Â¤âÃ Â¤Â¯Ã Â¥â¡Ã Â¥Â¤ Ã Â¤ÂµÃ Â¤Â¿Ã Â¤ÅÃ Â¤Â¯ Ã Â¤â¢Ã Â¥â¡ Ã Â¤Â¨Ã Â¥â¡Ã Â¤Â¤Ã Â¥ÆÃ Â¤Â¤Ã Â¥ÂÃ Â¤Âµ Ã Â¤Â®Ã Â¥â¡Ã Â¤â Ã Â¤Â¨Ã Â¤Â¾Ã Â¤âÃ Â¤Â°Ã Â¤Â¿Ã Â¤â¢ Ã Â¤ÂªÃ Â¥ÂÃ Â¤Â°Ã Â¤Â¶Ã Â¤Â¾Ã Â¤Â¸Ã Â¤Â¨ Ã Â¤Â¸Ã Â¤â¢Ã Â¥ÂÃ Â¤Â°Ã Â¤Â¿Ã Â¤Â¯ Ã Â¤Â¹Ã Â¥â¹ Ã Â¤âÃ Â¤Â¯Ã Â¤Â¾ Ã Â¤âÃ Â¤Â° Ã Â¤Â¬Ã Â¤Å¡Ã Â¤Â¾Ã Â¤Âµ Ã Â¤Â¤Ã Â¤Â¥Ã Â¤Â¾ Ã Â¤Â°Ã Â¤Â¾Ã Â¤Â¹Ã Â¤Â¤ Ã Â¤â¦Ã Â¤Â­Ã Â¤Â¿Ã Â¤Â¯Ã Â¤Â¾Ã Â¤Â¨ Ã Â¤Â¶Ã Â¥ÂÃ Â¤Â°Ã Â¥â Ã Â¤Â¹Ã Â¥â¹ Ã Â¤âÃ Â¤Â¯Ã Â¤Â¾Ã Â¥Â¤ Ã Â¤Â¬Ã Â¥â¡Ã Â¤ËÃ Â¤Â° Ã Â¤âÃ Â¤Â° Ã Â¤ËÃ Â¤Â¾Ã Â¤Â¯Ã Â¤Â² Ã Â¤Â²Ã Â¥â¹Ã Â¤âÃ Â¥â¹Ã Â¤â Ã Â¤â¢Ã Â¥â¹ Ã Â¤â Ã Â¤Â¶Ã Â¥ÂÃ Â¤Â°Ã Â¤Â¯ Ã Â¤ÂÃ Â¤ÂµÃ Â¤â Ã Â¤Å¡Ã Â¤Â¿Ã Â¤â¢Ã Â¤Â¿Ã Â¤Â¤Ã Â¥ÂÃ Â¤Â¸Ã Â¤Â¾ Ã Â¤Â¸Ã Â¥ÂÃ Â¤ÂµÃ Â¤Â¿Ã Â¤Â§Ã Â¤Â¾Ã Â¤ÂÃ Â¤Â Ã Â¤ÂªÃ Â¥ÂÃ Â¤Â°Ã Â¤Â¦Ã Â¤Â¾Ã Â¤Â¨ Ã Â¤â¢Ã Â¤Â°Ã Â¤Â¨Ã Â¥â¡ Ã Â¤â¢Ã Â¥â¡ Ã Â¤Â²Ã Â¤Â¿Ã Â¤Â Ã Â¤â¦Ã Â¤Â¸Ã Â¥ÂÃ Â¤Â¥Ã Â¤Â¾Ã Â¤Â¯Ã Â¥â¬ Ã Â¤â Ã Â¤Â¶Ã Â¥ÂÃ Â¤Â°Ã Â¤Â¯ Ã Â¤Â¶Ã Â¤Â¿Ã Â¤ÂµÃ Â¤Â¿Ã Â¤Â° Ã Â¤Â¤Ã Â¤Â¥Ã Â¤Â¾ Ã Â¤â¦Ã Â¤Â¸Ã Â¥ÂÃ Â¤ÂªÃ Â¤Â¤Ã Â¤Â¾Ã Â¤Â² Ã Â¤Â¸Ã Â¥ÂÃ Â¤Â¥Ã Â¤Â¾Ã Â¤ÂªÃ Â¤Â¿Ã Â¤Â¤ Ã Â¤â¢Ã Â¤Â¿Ã Â¤Â Ã Â¤âÃ Â¤ÂÃ Â¥Â¤ Ã Â¤Â¦Ã Â¥âÃ Â¤Â°Ã Â¤Â¦Ã Â¤Â°Ã Â¤Â¾Ã Â¤Å Ã Â¤â¢Ã Â¥â¡ Ã Â¤â¡Ã Â¤Â²Ã Â¤Â¾Ã Â¤â¢Ã Â¥â¹Ã Â¤â Ã Â¤Â¸Ã Â¥â¡ Ã Â¤Â¬Ã Â¥â¬Ã Â¤Â®Ã Â¤Â¾Ã Â¤Â° Ã Â¤âÃ Â¤Â° Ã Â¤Â¬Ã Â¥âÃ Â¤Â¢Ã Â¤Â¼Ã Â¥â¡ Ã Â¤Â²Ã Â¥â¹Ã Â¤âÃ Â¥â¹Ã Â¤â Ã Â¤â¢Ã Â¥â¹ Ã Â¤Â¨Ã Â¤Â¿Ã Â¤â¢Ã Â¤Â¾Ã Â¤Â²Ã Â¤Â¨Ã Â¥â¡ Ã Â¤â¢Ã Â¥â¡ Ã Â¤Â²Ã Â¤Â¿Ã Â¤Â Ã Â¤Â¹Ã Â¥â¡Ã Â¤Â²Ã Â¥â¬Ã Â¤â¢Ã Â¥â°Ã Â¤ÂªÃ Â¥ÂÃ Â¤Å¸Ã Â¤Â° Ã Â¤Â¸Ã Â¥â¡Ã Â¤ÂµÃ Â¤Â¾Ã Â¤ÂÃ Â¤Â Ã Â¤Â¶Ã Â¥ÂÃ Â¤Â°Ã Â¥â Ã Â¤â¢Ã Â¥â¬ Ã Â¤âÃ Â¤ËÃ Â¤âÃ Â¥Â¤ Ã Â¤ÂµÃ Â¤Â¿Ã Â¤ÅÃ Â¤Â¯ Ã Â¤â¢Ã Â¥â¹ Ã Â¤â¦Ã Â¤ÂªÃ Â¤Â¨Ã Â¥â¡ Ã Â¤âÃ Â¥ÆÃ Â¤Â¹Ã Â¤Â¨Ã Â¤âÃ Â¤Â° Ã Â¤â¢Ã Â¥â¡Ã Â¤Â°Ã Â¤Â² Ã Â¤Â¸Ã Â¥â¡ Ã Â¤Â¸Ã Â¤âÃ Â¤Â¦Ã Â¥â¡Ã Â¤Â¶ Ã Â¤Â®Ã Â¤Â¿Ã Â¤Â²Ã Â¤Â¾ Ã Â¤â¢Ã Â¤Â¿ Ã Â¤â°Ã Â¤Â¨Ã Â¤â¢Ã Â¥â¬ Ã Â¤Â®Ã Â¤Â¾Ã Â¤Â Ã Â¤âÃ Â¤âÃ Â¤Â­Ã Â¥â¬Ã Â¤Â° Ã Â¤Â°Ã Â¥âÃ Â¤Âª Ã Â¤Â¸Ã Â¥â¡ Ã Â¤Â¬Ã Â¥â¬Ã Â¤Â®Ã Â¤Â¾Ã Â¤Â° Ã Â¤Â¹Ã Â¥ËÃ Â¤âÃ Â¥Â¤ Ã Â¤Â¦Ã Â¥â¹ Ã Â¤Â¦Ã Â¤Â¿Ã Â¤Â¨ Ã Â¤Â¬Ã Â¤Â¾Ã Â¤Â¦ Ã Â¤ÂµÃ Â¤Â¿Ã Â¤ÅÃ Â¤Â¯ Ã Â¤â¢Ã Â¥â¹ Ã Â¤Â¦Ã Â¥ÂÃ Â¤Â°Ã Â¥ÂÃ Â¤Â­Ã Â¤Â¾Ã Â¤âÃ Â¥ÂÃ Â¤Â¯Ã Â¤ÂªÃ Â¥âÃ Â¤Â°Ã Â¥ÂÃ Â¤Â£ Ã Â¤Â¸Ã Â¤âÃ Â¤Â¦Ã Â¥â¡Ã Â¤Â¶ Ã Â¤Â®Ã Â¤Â¿Ã Â¤Â²Ã Â¤Â¾ Ã Â¤â¢Ã Â¤Â¿ Ã Â¤â°Ã Â¤Â¨Ã Â¤â¢Ã Â¥â¬ Ã Â¤Â®Ã Â¤Â¾Ã Â¤Â Ã Â¤â¢Ã Â¥â¬ Ã Â¤Â®Ã Â¥ÆÃ Â¤Â¤Ã Â¥ÂÃ Â¤Â¯Ã Â¥Â Ã Â¤Â¹Ã Â¥â¹ Ã Â¤âÃ Â¤Ë Ã Â¤Â¹Ã Â¥ËÃ Â¥Â¤ Ã Â¤ÂµÃ Â¤Â¿Ã Â¤ÅÃ Â¤Â¯ Ã Â¤â¢Ã Â¤Â¾ Ã Â¤ÂÃ Â¤â¢ Ã Â¤Â¬Ã Â¤Â¡Ã Â¤Â¼Ã Â¥â¬ Ã Â¤Â¬Ã Â¤Â¹Ã Â¤Â¨ Ã Â¤â¢Ã Â¥â¡ Ã Â¤â¦Ã Â¤Â²Ã Â¤Â¾Ã Â¤ÂµÃ Â¤Â¾ Ã Â¤â¢Ã Â¥â¹Ã Â¤Ë Ã Â¤â¢Ã Â¤Â°Ã Â¥â¬Ã Â¤Â¬Ã Â¥â¬ Ã Â¤Â°Ã Â¤Â¿Ã Â¤Â¶Ã Â¥ÂÃ Â¤Â¤Ã Â¥â¡Ã Â¤Â¦Ã Â¤Â¾Ã Â¤Â° Ã Â¤Â¨ Ã Â¤Â¥Ã Â¤Â¾Ã Â¥Â¤ Ã Â¤â°Ã Â¤Â¨Ã Â¤â¢Ã Â¥â¬ Ã Â¤Â¬Ã Â¤Â¡Ã Â¤Â¼Ã Â¥â¬ Ã Â¤Â¬Ã Â¤Â¹Ã Â¤Â¨ Ã Â¤â¦Ã Â¤Â®Ã Â¥â¡Ã Â¤Â°Ã Â¤Â¿Ã Â¤â¢Ã Â¥â¬ Ã Â¤Â¨Ã Â¤Â¾Ã Â¤âÃ Â¤Â°Ã Â¤Â¿Ã Â¤â¢ Ã Â¤Â¥Ã Â¥â¬Ã Â¤â Ã Â¤âÃ Â¤Â° Ã Â¤ÂªÃ Â¤Â¿Ã Â¤âºÃ Â¤Â²Ã Â¥â¡ Ã Â¤â¢Ã Â¤Ë Ã Â¤Â¬Ã Â¤Â°Ã Â¥ÂÃ Â¤Â·Ã Â¥â¹Ã Â¤â Ã Â¤Â¸Ã Â¥â¡ Ã Â¤ÂµÃ Â¤Â¹Ã Â¥â¬Ã Â¤â Ã Â¤Â°Ã Â¤Â¹ Ã Â¤Â°Ã Â¤Â¹Ã Â¥â¬ Ã Â¤Â¥Ã Â¥â¬Ã Â¤âÃ Â¥Â¤ Ã Â¤â¡Ã Â¤Â¸ Ã Â¤Â¬Ã Â¥â¬Ã Â¤Å¡ Ã Â¤ÂªÃ Â¤Â¾Ã Â¤ÂÃ Â¤Å¡ Ã Â¤Â¦Ã Â¤Â¿Ã Â¤Â¨Ã Â¥â¹Ã Â¤â Ã Â¤â¢Ã Â¥â¡ Ã Â¤â¦Ã Â¤âÃ Â¤Â¤Ã Â¤Â°Ã Â¤Â¾Ã Â¤Â² Ã Â¤â¢Ã Â¥â¡ Ã Â¤Â¬Ã Â¤Â¾Ã Â¤Â¦ Ã Â¤Â«Ã Â¤Â¿Ã Â¤Â° Ã Â¤Â¸Ã Â¥â¡ Ã Â¤Â¶Ã Â¥ÂÃ Â¤Â°Ã Â¥â Ã Â¤Â¹Ã Â¥ÂÃ Â¤Ë Ã Â¤Â­Ã Â¤Â¾Ã Â¤Â°Ã Â¥â¬ Ã Â¤Â¬Ã Â¤Â¾Ã Â¤Â°Ã Â¤Â¿Ã Â¤Â¶ Ã Â¤â¢Ã Â¥â¡ Ã Â¤â¢Ã Â¤Â¾Ã Â¤Â°Ã Â¤Â£ Ã Â¤ÂªÃ Â¥ÂÃ Â¤Â°Ã Â¤Â­Ã Â¤Â¾Ã Â¤ÂµÃ Â¤Â¿Ã Â¤Â¤ Ã Â¤ÅÃ Â¤Â¿Ã Â¤Â²Ã Â¥â¡ Ã Â¤Â®Ã Â¥â¡Ã Â¤â Ã Â¤Â¸Ã Â¥ÂÃ Â¤Â¥Ã Â¤Â¿Ã Â¤Â¤Ã Â¤Â¿ Ã Â¤âÃ Â¤Â° Ã Â¤âÃ Â¤Â°Ã Â¤Â¾Ã Â¤Â¬ Ã Â¤Â¹Ã Â¥â¹ Ã Â¤âÃ Â¤ËÃ Â¥Â¤ Ã Â¤ÂµÃ Â¤Â¹Ã Â¥â¬Ã Â¤â, Ã Â¤â°Ã Â¤Â¨Ã Â¤â¢Ã Â¥â¡ Ã Â¤Â®Ã Â¥â¹Ã Â¤Â¬Ã Â¤Â¾Ã Â¤â¡Ã Â¤Â² Ã Â¤ÂªÃ Â¤Â° Ã Â¤â¦Ã Â¤ÂªÃ Â¤Â¨Ã Â¥â¡ Ã Â¤âÃ Â¥ÆÃ Â¤Â¹Ã Â¤Â¨Ã Â¤âÃ Â¤Â° Ã Â¤Â¸Ã Â¥â¡ Ã Â¤Â®Ã Â¤Â¾Ã Â¤Â Ã Â¤â¢Ã Â¤Â¾ Ã Â¤â¦Ã Â¤âÃ Â¤Â¤Ã Â¤Â¿Ã Â¤Â® Ã Â¤Â¸Ã Â¤âÃ Â¤Â¸Ã Â¥ÂÃ Â¤â¢Ã Â¤Â¾Ã Â¤Â° Ã Â¤â¢Ã Â¤Â°Ã Â¤Â¨Ã Â¥â¡ Ã Â¤â¢Ã Â¥â¡ Ã Â¤Â²Ã Â¤Â¿Ã Â¤Â Ã Â¤ÅÃ Â¤Â²Ã Â¥ÂÃ Â¤Â¦ Ã Â¤Â¸Ã Â¥â¡ Ã Â¤ÅÃ Â¤Â²Ã Â¥ÂÃ Â¤Â¦ Ã Â¤ÂªÃ Â¤Â¹Ã Â¥ÂÃ Â¤ÂÃ Â¤Å¡Ã Â¤Â¨Ã Â¥â¡ Ã Â¤â¢Ã Â¥â¡ Ã Â¤Â²Ã Â¤âÃ Â¤Â¾Ã Â¤Â¤Ã Â¤Â¾Ã Â¤Â° Ã Â¤Â¸Ã Â¤âÃ Â¤Â¦Ã Â¥â¡Ã Â¤Â¶ Ã Â¤â  Ã Â¤Â°Ã Â¤Â¹Ã Â¥â¡ Ã Â¤Â¥Ã Â¥â¡Ã Â¥Â¤ (a) Ã Â¤ÂµÃ Â¤Â¿Ã Â¤ÅÃ Â¤Â¯ Ã Â¤â¢Ã Â¥â¡ Ã Â¤ÂªÃ Â¤Â¾Ã Â¤Â¸ Ã Â¤â¢Ã Â¥ÅÃ Â¤Â¨ Ã Â¤Â¸Ã Â¥â¡ Ã Â¤ÂµÃ Â¤Â¿Ã Â¤â¢Ã Â¤Â²Ã Â¥ÂÃ Â¤Âª Ã Â¤â°Ã Â¤ÂªÃ Â¤Â²Ã Â¤Â¬Ã Â¥ÂÃ Â¤Â§ Ã Â¤Â¹Ã Â¥ËÃ Â¤â? (b) Ã Â¤ÂµÃ Â¤Â¿Ã Â¤ÅÃ Â¤Â¯ Ã Â¤â¢Ã Â¥â¹ Ã Â¤â¢Ã Â¤Â¿Ã Â¤Â¨ Ã Â¤Â¨Ã Â¥ËÃ Â¤Â¤Ã Â¤Â¿Ã Â¤â¢ Ã Â¤Â¦Ã Â¥ÂÃ Â¤ÂµÃ Â¤Â¿Ã Â¤Â§Ã Â¤Â¾Ã Â¤âÃ Â¤â Ã Â¤â¢Ã Â¤Â¾ Ã Â¤Â¸Ã Â¤Â¾Ã Â¤Â®Ã Â¤Â¨Ã Â¤Â¾ Ã Â¤â¢Ã Â¤Â°Ã Â¤Â¨Ã Â¤Â¾ Ã Â¤ÂªÃ Â¤Â¡Ã Â¤Â¼ Ã Â¤Â°Ã Â¤Â¹Ã Â¤Â¾ Ã Â¤Â¹Ã Â¥Ë? (c) Ã Â¤ÂµÃ Â¤Â¿Ã Â¤ÅÃ Â¤Â¯ Ã Â¤Â¦Ã Â¥ÂÃ Â¤ÂµÃ Â¤Â¾Ã Â¤Â°Ã Â¤Â¾ Ã Â¤ÂªÃ Â¤Â¹Ã Â¤Å¡Ã Â¤Â¾Ã Â¤Â¨Ã Â¥â¡ Ã Â¤âÃ Â¤Â Ã Â¤ÂªÃ Â¥ÂÃ Â¤Â°Ã Â¤Â¤Ã Â¥ÂÃ Â¤Â¯Ã Â¥â¡Ã Â¤â¢ Ã Â¤ÂµÃ Â¤Â¿Ã Â¤â¢Ã Â¤Â²Ã Â¥ÂÃ Â¤Âª Ã Â¤â¢Ã Â¤Â¾ Ã Â¤â Ã Â¤Â²Ã Â¥â¹Ã Â¤Å¡Ã Â¤Â¨Ã Â¤Â¾Ã Â¤Â¤Ã Â¥ÂÃ Â¤Â®Ã Â¤â¢ Ã Â¤Â®Ã Â¥âÃ Â¤Â²Ã Â¥ÂÃ Â¤Â¯Ã Â¤Â¾Ã Â¤âÃ Â¤â¢Ã Â¤Â¨ Ã Â¤âÃ Â¤Â° Ã Â¤ÂªÃ Â¤Â°Ã Â¥â¬Ã Â¤â¢Ã Â¥ÂÃ Â¤Â·Ã Â¤Â£ Ã Â¤â¢Ã Â¥â¬Ã Â¤ÅÃ Â¤Â¿Ã Â¤ÂÃ Â¥Â¤ (d) Ã Â¤â Ã Â¤ÂªÃ Â¤â¢Ã Â¥â¡ Ã Â¤â¦Ã Â¤Â¨Ã Â¥ÂÃ Â¤Â¸Ã Â¤Â¾Ã Â¤Â° Ã Â¤ÂµÃ Â¤Â¿Ã Â¤ÅÃ Â¤Â¯ Ã Â¤â¢Ã Â¥â¡ Ã Â¤Â²Ã Â¤Â¿Ã Â¤Â Ã Â¤â¢Ã Â¥ÅÃ Â¤Â¨ Ã Â¤Â¸Ã Â¤Â¾ Ã Â¤ÂµÃ Â¤Â¿Ã Â¤â¢Ã Â¤Â²Ã Â¥ÂÃ Â¤Âª Ã Â¤â¦Ã Â¤ÂªÃ Â¤Â¨Ã Â¤Â¾Ã Â¤Â¨Ã Â¤Â¾ Ã Â¤Â¸Ã Â¤Â¬Ã Â¤Â¸Ã Â¥â¡ Ã Â¤â°Ã Â¤ÂªÃ Â¤Â¯Ã Â¥ÂÃ Â¤â¢Ã Â¥ÂÃ Â¤Â¤ Ã Â¤Â¹Ã Â¥â¹Ã Â¤âÃ Â¤Â¾ Ã Â¤âÃ Â¤Â° Ã Â¤â¢Ã Â¥ÂÃ Â¤Â¯Ã Â¥â¹Ã Â¤â? (Ã Â¤â°Ã Â¤Â¤Ã Â¥ÂÃ Â¤Â¤Ã Â¤Â° 250 Ã Â¤Â¶Ã Â¤Â¬Ã Â¥ÂÃ Â¤Â¦Ã Â¥â¹Ã Â¤â Ã Â¤Â®Ã Â¥â¡Ã Â¤â Ã Â¤Â¦Ã Â¥â¬Ã Â¤ÅÃ Â¤Â¿Ã Â¤Â) Ã¢â¬â 20 Vijay was Deputy Commissioner of remote district of Hilly Northern State of the country for the last two years. In the month of August heavy rains lashed the complete state followed by cloud burst in the upper reaches of the said district. The damage was very heavy in the complete state especially in the affected district. The complete road network and telecommunication were disrupted and the buildings were damaged extensively. People's houses have been destroyed and they were forced to stay in open. More than 200 people have been killed and about 5000 were badly injured. The Civil Administration under Vijay got activated and started conducting rescue and relief operations. Temporary shelter camps and hospitals were established to provide shelter and medical facilities to the homeless and injured people. Helicopter services were pressed in, for evacuating sick and old people from remote areas. Vijay got a message from his hometown in Kerala that his mother was seriously sick. After two days Vijay received the unfortunate message that his mother has expired. Vijay has no close relative except one elder sister who was US citizen and staying there for last several years. In the meantime, the situation in the affected district deteriorated further due to resumption of heavy rains after a gap of five days. At the same time, continuous messages were coming on his mobile from his hometown to reach at the earliest for performing last rites of his mother. (a) What are the options available with Vijay? (b) What are the ethical dilemma being faced by Vijay? (c) Critically evaluate and examine each of these options identified by Vijay. (d) Which of the options, do you think, would be most appropriate for Vijay to adopt and why? (Answer in 250 words) Ã¢â¬â 20","Vijay was Deputy Commissioner of remote district of Hilly Northern State of the country for the last two years. In the month of August heavy rains lashed the complete state followed by cloud burst in the upper reaches of the said district. The damage was very heavy in the complete state especially in the affected district. The complete road network and telecommunication were disrupted and the buildings were damaged extensively. People's houses have been destroyed and they were forced to stay in open. More than 200 people have been killed and about 5000 were badly injured. The Civil Administration under Vijay got activated and started conducting rescue and relief operations. Temporary shelter camps and hospitals were established to provide shelter and medical facilities to the homeless and injured people. Helicopter services were pressed in, for evacuating sick and old people from remote areas. Vijay got a message from his hometown in Kerala that his mother was seriously sick. After two days Vijay received the unfortunate message that his mother has expired. Vijay has no close relative except one elder sister who was US citizen and staying there for last several years. In the meantime, the situation in the affected district deteriorated further due to resumption of heavy rains after a gap of five days. At the same time, continuous messages were coming on his mobile from his hometown to reach at the earliest for performing last rites of his mother. (a) What are the options available with Vijay ? (b) What are the ethical dilemma being faced by Vijay ? (c) Critically evaluate and examine each of these options identified by Vijay. (d) Which of the options, do you think, would be most appropriate for Vijay to adopt and why ?",100.0,keep,true,aggregator,,,,,,,,,,,,,,,,,,
2025,GS4,dee30326-920a-40cf-bee0-a5b4c76760f7,75,,8,GS4-B-Q4,"Ã Â¤Â­Ã Â¤Â¾Ã Â¤Â°Ã Â¤Â¤Ã Â¥â¬Ã Â¤Â¯ Ã Â¤Â¸Ã Â¤âÃ Â¤ÂµÃ Â¤Â¿Ã Â¤Â§Ã Â¤Â¾Ã Â¤Â¨ Ã Â¤Â®Ã Â¥â¡Ã Â¤â Ã Â¤Â¨Ã Â¤Â¿Ã Â¤Â¹Ã Â¤Â¿Ã Â¤Â¤ Ã Â¤Â°Ã Â¤Â¾Ã Â¤ÅÃ Â¥ÂÃ Â¤Â¯ Ã Â¤â¢Ã Â¥â¡ Ã Â¤Â¨Ã Â¥â¬Ã Â¤Â¤Ã Â¤Â¿ Ã Â¤Â¨Ã Â¤Â¿Ã Â¤Â°Ã Â¥ÂÃ Â¤Â¦Ã Â¥â¡Ã Â¤Â¶Ã Â¤â¢ Ã Â¤Â¸Ã Â¤Â¿Ã Â¤Â¦Ã Â¥ÂÃ Â¤Â§Ã Â¤Â¾Ã Â¤âÃ Â¤Â¤Ã Â¥â¹Ã Â¤â Ã Â¤â¢Ã Â¥â¡ Ã Â¤â¦Ã Â¤Â¨Ã Â¥ÂÃ Â¤Â°Ã Â¥âÃ Â¤Âª Ã Â¤Â°Ã Â¥â¹Ã Â¤Å¸Ã Â¥â¬, Ã Â¤â¢Ã Â¤ÂªÃ Â¤Â¡Ã Â¤Â¼Ã Â¤Â¾ Ã Â¤âÃ Â¤Â° Ã Â¤Â®Ã Â¤â¢Ã Â¤Â¾Ã Â¤Â¨ Ã Â¤â¢Ã Â¥â¬ Ã Â¤Â¬Ã Â¥ÂÃ Â¤Â¨Ã Â¤Â¿Ã Â¤Â¯Ã Â¤Â¾Ã Â¤Â¦Ã Â¥â¬ Ã Â¤ÅÃ Â¤Â°Ã Â¥âÃ Â¤Â°Ã Â¤Â¤Ã Â¥â¹Ã Â¤â Ã Â¤â¢Ã Â¥â¹ Ã Â¤Â¸Ã Â¥ÂÃ Â¤Â¨Ã Â¤Â¿Ã Â¤Â¶Ã Â¥ÂÃ Â¤Å¡Ã Â¤Â¿Ã Â¤Â¤ Ã Â¤â¢Ã Â¤Â°Ã Â¤Â¨Ã Â¤Â¾ Ã Â¤Â¸Ã Â¤Â°Ã Â¤â¢Ã Â¤Â¾Ã Â¤Â° Ã Â¤â¢Ã Â¤Â¾ Ã Â¤Â¸Ã Â¤âÃ Â¤ÂµÃ Â¥ËÃ Â¤Â§Ã Â¤Â¾Ã Â¤Â¨Ã Â¤Â¿Ã Â¤â¢ Ã Â¤Â¦Ã Â¤Â¾Ã Â¤Â¯Ã Â¤Â¿Ã Â¤Â¤Ã Â¥ÂÃ Â¤Âµ Ã Â¤Â¹Ã Â¥ËÃ Â¥Â¤ Ã Â¤â¡Ã Â¤Â¸ Ã Â¤â Ã Â¤Â¦Ã Â¥â¡Ã Â¤Â¶ Ã Â¤â¢Ã Â¤Â¾ Ã Â¤ÂªÃ Â¤Â¾Ã Â¤Â²Ã Â¤Â¨ Ã Â¤â¢Ã Â¤Â°Ã Â¤Â¤Ã Â¥â¡ Ã Â¤Â¹Ã Â¥ÂÃ Â¤Â, Ã Â¤ÅÃ Â¤Â¿Ã Â¤Â²Ã Â¤Â¾ Ã Â¤ÂªÃ Â¥ÂÃ Â¤Â°Ã Â¤Â¶Ã Â¤Â¾Ã Â¤Â¸Ã Â¤Â¨ Ã Â¤Â¨Ã Â¥â¡ Ã Â¤Â¸Ã Â¤Â®Ã Â¤Â¾Ã Â¤Å Ã Â¤â¢Ã Â¥â¡ Ã Â¤Â¬Ã Â¥â¡Ã Â¤ËÃ Â¤Â° Ã Â¤âÃ Â¤Â° Ã Â¤â Ã Â¤Â°Ã Â¥ÂÃ Â¤Â¥Ã Â¤Â¿Ã Â¤â¢ Ã Â¤Â°Ã Â¥âÃ Â¤Âª Ã Â¤Â¸Ã Â¥â¡ Ã Â¤â¢Ã Â¤Â®Ã Â¤ÅÃ Â¥â¹Ã Â¤Â° Ã Â¤ÂµÃ Â¤Â°Ã Â¥ÂÃ Â¤â Ã Â¤â¢Ã Â¥â¡ Ã Â¤Â²Ã Â¤Â¿Ã Â¤Â Ã Â¤â Ã Â¤ÂµÃ Â¤Â¾Ã Â¤Â¸ Ã Â¤ÂµÃ Â¤Â¿Ã Â¤â¢Ã Â¤Â¸Ã Â¤Â¿Ã Â¤Â¤ Ã Â¤â¢Ã Â¤Â°Ã Â¤Â¨Ã Â¥â¡ Ã Â¤Â¹Ã Â¥â¡Ã Â¤Â¤Ã Â¥Â Ã Â¤ÂµÃ Â¤Â¨Ã Â¤Â­Ã Â¥âÃ Â¤Â®Ã Â¤Â¿ Ã Â¤â¢Ã Â¥â¡ Ã Â¤ÂÃ Â¤â¢ Ã Â¤Â¹Ã Â¤Â¿Ã Â¤Â¸Ã Â¥ÂÃ Â¤Â¸Ã Â¥â¡ Ã Â¤â¢Ã Â¥â¬ Ã Â¤Â¸Ã Â¤Â«Ã Â¤Â¾Ã Â¤Ë Ã Â¤â¢Ã Â¤Â¾ Ã Â¤ÂªÃ Â¥ÂÃ Â¤Â°Ã Â¤Â¸Ã Â¥ÂÃ Â¤Â¤Ã Â¤Â¾Ã Â¤Âµ Ã Â¤Â°Ã Â¤âÃ Â¤Â¾Ã Â¥Â¤ Ã Â¤Â¹Ã Â¤Â¾Ã Â¤Â²Ã Â¤Â¾Ã Â¤ÂÃ Â¤â¢Ã Â¤Â¿, Ã Â¤ÂªÃ Â¥ÂÃ Â¤Â°Ã Â¤Â¸Ã Â¥ÂÃ Â¤Â¤Ã Â¤Â¾Ã Â¤ÂµÃ Â¤Â¿Ã Â¤Â¤ Ã Â¤Â­Ã Â¥âÃ Â¤Â®Ã Â¤Â¿ Ã Â¤ÂªÃ Â¤Â¾Ã Â¤Â°Ã Â¤Â¿Ã Â¤Â¸Ã Â¥ÂÃ Â¤Â¥Ã Â¤Â¿Ã Â¤Â¤Ã Â¤Â¿Ã Â¤â¢ Ã Â¤Â°Ã Â¥âÃ Â¤Âª Ã Â¤Â¸Ã Â¥â¡ Ã Â¤ÂÃ Â¤â¢ Ã Â¤Â¸Ã Â¤âÃ Â¤ÂµÃ Â¥â¡Ã Â¤Â¦Ã Â¤Â¨Ã Â¤Â¶Ã Â¥â¬Ã Â¤Â² Ã Â¤â¢Ã Â¥ÂÃ Â¤Â·Ã Â¥â¡Ã Â¤Â¤Ã Â¥ÂÃ Â¤Â° Ã Â¤Â¹Ã Â¥Ë Ã Â¤ÅÃ Â¥â¹ Ã Â¤Â¸Ã Â¤Â¦Ã Â¤Â¿Ã Â¤Â¯Ã Â¥â¹Ã Â¤â Ã Â¤ÂªÃ Â¥ÂÃ Â¤Â°Ã Â¤Â¾Ã Â¤Â¨Ã Â¥â¡ Ã Â¤ÂªÃ Â¥â¡Ã Â¤Â¡Ã Â¤Â¼Ã Â¥â¹Ã Â¤â, Ã Â¤âÃ Â¤Â·Ã Â¤Â§Ã Â¥â¬Ã Â¤Â¯ Ã Â¤ÂªÃ Â¥ÅÃ Â¤Â§Ã Â¥â¹Ã Â¤â Ã Â¤âÃ Â¤Â° Ã Â¤Â®Ã Â¤Â¹Ã Â¤Â¤Ã Â¥ÂÃ Â¤ÂµÃ Â¤ÂªÃ Â¥âÃ Â¤Â°Ã Â¥ÂÃ Â¤Â£ Ã Â¤ÅÃ Â¥ËÃ Â¤ÂµÃ Â¤ÂµÃ Â¥ËÃ Â¤ÂµÃ Â¤Â¿Ã Â¤Â§Ã Â¥ÂÃ Â¤Â¯ Ã Â¤Â¸Ã Â¥â¡ Ã Â¤ÂªÃ Â¤Â°Ã Â¤Â¿Ã Â¤ÂªÃ Â¥âÃ Â¤Â°Ã Â¥ÂÃ Â¤Â£ Ã Â¤Â¹Ã Â¥ËÃ Â¥Â¤ Ã Â¤â¡Ã Â¤Â¸Ã Â¤â¢Ã Â¥â¡ Ã Â¤â¦Ã Â¤Â²Ã Â¤Â¾Ã Â¤ÂµÃ Â¤Â¾, Ã Â¤Â¯Ã Â¥â¡ Ã Â¤ÂµÃ Â¤Â¨ Ã Â¤Â¸Ã Â¥âÃ Â¤â¢Ã Â¥ÂÃ Â¤Â·Ã Â¥ÂÃ Â¤Â® Ã Â¤ÅÃ Â¤Â²Ã Â¤ÂµÃ Â¤Â¾Ã Â¤Â¯Ã Â¥Â Ã Â¤âÃ Â¤Â° Ã Â¤ÂµÃ Â¤Â°Ã Â¥ÂÃ Â¤Â·Ã Â¤Â¾ Ã Â¤â¢Ã Â¥â¹ Ã Â¤ÂµÃ Â¤Â¿Ã Â¤Â¨Ã Â¤Â¿Ã Â¤Â¯Ã Â¤Â®Ã Â¤Â¿Ã Â¤Â¤ Ã Â¤â¢Ã Â¤Â°Ã Â¤Â¨Ã Â¥â¡, Ã Â¤ÂµÃ Â¤Â¨Ã Â¥ÂÃ Â¤Â¯Ã Â¤ÅÃ Â¥â¬Ã Â¤ÂµÃ Â¥â¹Ã Â¤â Ã Â¤â¢Ã Â¥â¡ Ã Â¤Â²Ã Â¤Â¿Ã Â¤Â Ã Â¤â Ã Â¤Â¶Ã Â¥ÂÃ Â¤Â°Ã Â¤Â¯ Ã Â¤ÂªÃ Â¥ÂÃ Â¤Â°Ã Â¤Â¦Ã Â¤Â¾Ã Â¤Â¨ Ã Â¤â¢Ã Â¤Â°Ã Â¤Â¨Ã Â¥â¡, Ã Â¤Â®Ã Â¥ÆÃ Â¤Â¤Ã Â¥ÂÃ Â¤Â¤Ã Â¤Â¿Ã Â¤â¢Ã Â¤Â¾ Ã Â¤â¢Ã Â¥â¬ Ã Â¤â°Ã Â¤Â°Ã Â¥ÂÃ Â¤ÂµÃ Â¤Â°Ã Â¤Â¤Ã Â¤Â¾ Ã Â¤Â¬Ã Â¤Â¢Ã Â¤Â¼Ã Â¤Â¾Ã Â¤Â¨Ã Â¥â¡, Ã Â¤Â­Ã Â¥âÃ Â¤Â®Ã Â¤Â¿/Ã Â¤Â®Ã Â¥ÆÃ Â¤Â¦Ã Â¤Â¾ Ã Â¤â¦Ã Â¤ÂªÃ Â¤Â°Ã Â¤Â¦Ã Â¤Â¨ Ã Â¤Â°Ã Â¥â¹Ã Â¤â¢Ã Â¤Â¨Ã Â¥â¡ Ã Â¤ÂÃ Â¤ÂµÃ Â¤â Ã Â¤â Ã Â¤Â¦Ã Â¤Â¿Ã Â¤ÂµÃ Â¤Â¾Ã Â¤Â¸Ã Â¥â¬ Ã Â¤Â¤Ã Â¤Â¥Ã Â¤Â¾ Ã Â¤âÃ Â¤Â¾Ã Â¤Â¨Ã Â¤Â¾Ã Â¤Â¬Ã Â¤Â¦Ã Â¥â¹Ã Â¤Â¶ Ã Â¤Â¸Ã Â¤Â®Ã Â¥ÂÃ Â¤Â¦Ã Â¤Â¾Ã Â¤Â¯Ã Â¥â¹Ã Â¤â Ã Â¤â¢Ã Â¥â¬ Ã Â¤â Ã Â¤ÅÃ Â¥â¬Ã Â¤ÂµÃ Â¤Â¿Ã Â¤â¢Ã Â¤Â¾ Ã Â¤â¢Ã Â¥â¹ Ã Â¤Â¬Ã Â¤Â¨Ã Â¤Â¾Ã Â¤Â Ã Â¤Â°Ã Â¤âÃ Â¤Â¨Ã Â¥â¡ Ã Â¤Â®Ã Â¥â¡Ã Â¤â Ã Â¤Â®Ã Â¤Â¦Ã Â¤Â¦ Ã Â¤â¢Ã Â¤Â°Ã Â¤Â¤Ã Â¥â¡ Ã Â¤Â¹Ã Â¥ËÃ Â¤âÃ Â¥Â¤ Ã Â¤ÂªÃ Â¤Â¾Ã Â¤Â°Ã Â¤Â¿Ã Â¤Â¸Ã Â¥ÂÃ Â¤Â¥Ã Â¤Â¿Ã Â¤Â¤Ã Â¤Â¿Ã Â¤â¢ Ã Â¤âÃ Â¤Â° Ã Â¤Â¸Ã Â¤Â¾Ã Â¤Â®Ã Â¤Â¾Ã Â¤ÅÃ Â¤Â¿Ã Â¤â¢ Ã Â¤Â²Ã Â¤Â¾Ã Â¤âÃ Â¤Â¤Ã Â¥â¹Ã Â¤â Ã Â¤â¢Ã Â¥â¡ Ã Â¤Â¬Ã Â¤Â¾Ã Â¤ÂµÃ Â¤ÅÃ Â¥âÃ Â¤Â¦, Ã Â¤ÂªÃ Â¥ÂÃ Â¤Â°Ã Â¤Â¶Ã Â¤Â¾Ã Â¤Â¸Ã Â¤Â¨ Ã Â¤â°Ã Â¤â¢Ã Â¥ÂÃ Â¤Â¤ Ã Â¤ÂªÃ Â¥ÂÃ Â¤Â°Ã Â¤Â¸Ã Â¥ÂÃ Â¤Â¤Ã Â¤Â¾Ã Â¤Âµ Ã Â¤â¢Ã Â¥â¡ Ã Â¤ÂªÃ Â¤â¢Ã Â¥ÂÃ Â¤Â· Ã Â¤Â®Ã Â¥â¡Ã Â¤â Ã Â¤Â¤Ã Â¤Â°Ã Â¥ÂÃ Â¤â¢ Ã Â¤Â¦Ã Â¥â¡Ã Â¤Â¤Ã Â¤Â¾ Ã Â¤Â¹Ã Â¥Ë Ã Â¤â¢Ã Â¤Â¿ Ã Â¤Â¯Ã Â¤Â¹ Ã Â¤ÂªÃ Â¤Â¹Ã Â¤Â² Ã Â¤Â®Ã Â¥ÅÃ Â¤Â²Ã Â¤Â¿Ã Â¤â¢ Ã Â¤Â®Ã Â¤Â¾Ã Â¤Â¨Ã Â¤ÂµÃ Â¤Â¾Ã Â¤Â§Ã Â¤Â¿Ã Â¤â¢Ã Â¤Â¾Ã Â¤Â°Ã Â¥â¹Ã Â¤â Ã Â¤â¢Ã Â¥â¹ Ã Â¤ÂÃ Â¤â¢ Ã Â¤Â®Ã Â¤Â¹Ã Â¤Â¤Ã Â¥ÂÃ Â¤ÂµÃ Â¤ÂªÃ Â¥âÃ Â¤Â°Ã Â¥ÂÃ Â¤Â£ Ã Â¤â¢Ã Â¤Â²Ã Â¥ÂÃ Â¤Â¯Ã Â¤Â¾Ã Â¤Â£Ã Â¤ÂªÃ Â¤Â°Ã Â¤â¢ Ã Â¤ÂªÃ Â¥ÂÃ Â¤Â°Ã Â¤Â¾Ã Â¤Â¥Ã Â¤Â®Ã Â¤Â¿Ã Â¤â¢Ã Â¤Â¤Ã Â¤Â¾ Ã Â¤â¢Ã Â¥â¡ Ã Â¤Â°Ã Â¥âÃ Â¤Âª Ã Â¤Â®Ã Â¥â¡Ã Â¤â Ã Â¤Â¸Ã Â¤âÃ Â¤Â¬Ã Â¥â¹Ã Â¤Â§Ã Â¤Â¿Ã Â¤Â¤ Ã Â¤â¢Ã Â¤Â°Ã Â¤Â¤Ã Â¥â¬ Ã Â¤Â¹Ã Â¥ËÃ Â¥Â¤ Ã Â¤â¡Ã Â¤Â¸Ã Â¤â¢Ã Â¥â¡ Ã Â¤â¦Ã Â¤Â²Ã Â¤Â¾Ã Â¤ÂµÃ Â¤Â¾, Ã Â¤â¡Ã Â¤Â¸ Ã Â¤Â¸Ã Â¤Â®Ã Â¤Â¾Ã Â¤ÂµÃ Â¥â¡Ã Â¤Â¶Ã Â¥â¬ Ã Â¤â Ã Â¤ÂµÃ Â¤Â¾Ã Â¤Â¸ Ã Â¤ÂµÃ Â¤Â¿Ã Â¤â¢Ã Â¤Â¾Ã Â¤Â¸ Ã Â¤â¢Ã Â¥â¡ Ã Â¤Â®Ã Â¤Â¾Ã Â¤Â§Ã Â¥ÂÃ Â¤Â¯Ã Â¤Â® Ã Â¤Â¸Ã Â¥â¡ Ã Â¤âÃ Â¤Â°Ã Â¥â¬Ã Â¤Â¬Ã Â¥â¹Ã Â¤â Ã Â¤â¢Ã Â¥â¡ Ã Â¤â°Ã Â¤Â¤Ã Â¥ÂÃ Â¤Â¥Ã Â¤Â¾Ã Â¤Â¨ Ã Â¤âÃ Â¤Â° Ã Â¤Â¸Ã Â¤Â¶Ã Â¤â¢Ã Â¥ÂÃ Â¤Â¤Ã Â¤Â¿Ã Â¤â¢Ã Â¤Â°Ã Â¤Â£ Ã Â¤Â¸Ã Â¥â¡ Ã Â¤Â¸Ã Â¤Â°Ã Â¤â¢Ã Â¤Â¾Ã Â¤Â° Ã Â¤â¢Ã Â¤Â¾ Ã Â¤â¢Ã Â¤Â°Ã Â¥ÂÃ Â¤Â¤Ã Â¤ÂµÃ Â¥ÂÃ Â¤Â¯ Ã Â¤ÂªÃ Â¥âÃ Â¤Â°Ã Â¤Â¾ Ã Â¤Â¹Ã Â¥â¹Ã Â¤âÃ Â¤Â¾Ã Â¥Â¤ Ã Â¤ÂªÃ Â¥ÂÃ Â¤Â¨Ã Â¤Æ Ã Â¤ÅÃ Â¤âÃ Â¤âÃ Â¤Â²Ã Â¥â¬ Ã Â¤ÅÃ Â¤Â¾Ã Â¤Â¨Ã Â¤ÂµÃ Â¤Â°Ã Â¥â¹Ã Â¤â Ã Â¤â¢Ã Â¥â¡ Ã Â¤âÃ Â¤Â¤Ã Â¤Â°Ã Â¥â¡ Ã Â¤âÃ Â¤Â° Ã Â¤Â¬Ã Â¤Â¾Ã Â¤Â°-Ã Â¤Â¬Ã Â¤Â¾Ã Â¤Â° Ã Â¤Â¹Ã Â¥â¹Ã Â¤Â¨Ã Â¥â¡Ã Â¤ÂµÃ Â¤Â¾Ã Â¤Â²Ã Â¥â¡ Ã Â¤Â®Ã Â¤Â¾Ã Â¤Â¨Ã Â¤Âµ-Ã Â¤ÂµÃ Â¤Â¨Ã Â¥ÂÃ Â¤Â¯Ã Â¤ÅÃ Â¥â¬Ã Â¤Âµ Ã Â¤Â¸Ã Â¤âÃ Â¤ËÃ Â¤Â°Ã Â¥ÂÃ Â¤Â· Ã Â¤â¢Ã Â¥â¡ Ã Â¤â¢Ã Â¤Â¾Ã Â¤Â°Ã Â¤Â£ Ã Â¤Â¯Ã Â¥â¡ Ã Â¤ÂµÃ Â¤Â¨Ã Â¤â¢Ã Â¥ÂÃ Â¤Â·Ã Â¥â¡Ã Â¤Â¤Ã Â¥ÂÃ Â¤Â° Ã Â¤â¦Ã Â¤Â¸Ã Â¥ÂÃ Â¤Â°Ã Â¤â¢Ã Â¥ÂÃ Â¤Â·Ã Â¤Â¿Ã Â¤Â¤ Ã Â¤Â¹Ã Â¥â¹ Ã Â¤âÃ Â¤Â Ã Â¤Â¹Ã Â¥ËÃ Â¤âÃ Â¥Â¤ Ã Â¤â¦Ã Â¤âÃ Â¤Â¤ Ã Â¤Â®Ã Â¥â¡Ã Â¤â, Ã Â¤ÂµÃ Â¤Â¨Ã Â¤â¢Ã Â¥ÂÃ Â¤Â·Ã Â¥â¡Ã Â¤Â¤Ã Â¥ÂÃ Â¤Â°Ã Â¥â¹Ã Â¤â Ã Â¤â¢Ã Â¥â¹ Ã Â¤Â¸Ã Â¤Â¾Ã Â¤Â« Ã Â¤â¢Ã Â¤Â°Ã Â¤Â¨Ã Â¥â¡ Ã Â¤Â¸Ã Â¥â¡ Ã Â¤â¡Ã Â¤Â¨ Ã Â¤â¡Ã Â¤Â²Ã Â¤Â¾Ã Â¤â¢Ã Â¥â¹Ã Â¤â Ã Â¤â¢Ã Â¥â¹ Ã Â¤â¢Ã Â¤Â¥Ã Â¤Â¿Ã Â¤Â¤ Ã Â¤Â¤Ã Â¥ÅÃ Â¤Â° Ã Â¤ÂªÃ Â¤Â° Ã Â¤âºÃ Â¤Â¿Ã Â¤ÂªÃ Â¤Â¨Ã Â¥â¡ Ã Â¤â¢Ã Â¥â¡ Ã Â¤Â¸Ã Â¥ÂÃ Â¤Â¥Ã Â¤Â¾Ã Â¤Â¨Ã Â¥â¹Ã Â¤â Ã Â¤â¢Ã Â¥â¡ Ã Â¤Â°Ã Â¥âÃ Â¤Âª Ã Â¤Â®Ã Â¥â¡Ã Â¤â Ã Â¤â°Ã Â¤ÂªÃ Â¤Â¯Ã Â¥â¹Ã Â¤â Ã Â¤â¢Ã Â¤Â°Ã Â¤Â¨Ã Â¥â¡ Ã Â¤ÂµÃ Â¤Â¾Ã Â¤Â²Ã Â¥â¡ Ã Â¤â¦Ã Â¤Â¸Ã Â¤Â¾Ã Â¤Â®Ã Â¤Â¾Ã Â¤ÅÃ Â¤Â¿Ã Â¤â¢ Ã Â¤Â¤Ã Â¤Â¤Ã Â¥ÂÃ Â¤ÂµÃ Â¥â¹Ã Â¤â Ã Â¤ÂªÃ Â¤Â° Ã Â¤â¦Ã Â¤âÃ Â¤â¢Ã Â¥ÂÃ Â¤Â¶ Ã Â¤Â²Ã Â¤âÃ Â¤Â¾Ã Â¤Â¨Ã Â¥â¡ Ã Â¤Â®Ã Â¥â¡Ã Â¤â Ã Â¤Â®Ã Â¤Â¦Ã Â¤Â¦ Ã Â¤Â®Ã Â¤Â¿Ã Â¤Â² Ã Â¤Â¸Ã Â¤â¢Ã Â¤Â¤Ã Â¥â¬ Ã Â¤Â¹Ã Â¥Ë, Ã Â¤ÅÃ Â¤Â¿Ã Â¤Â¸Ã Â¤Â¸Ã Â¥â¡ Ã Â¤â¢Ã Â¤Â¾Ã Â¤Â¨Ã Â¥âÃ Â¤Â¨ Ã Â¤âÃ Â¤Â° Ã Â¤ÂµÃ Â¥ÂÃ Â¤Â¯Ã Â¤ÂµÃ Â¤Â¸Ã Â¥ÂÃ Â¤Â¥Ã Â¤Â¾ Ã Â¤Â®Ã Â¥â¡Ã Â¤â Ã Â¤Â¸Ã Â¥ÂÃ Â¤Â§Ã Â¤Â¾Ã Â¤Â° Ã Â¤Â¹Ã Â¥â¹Ã Â¤âÃ Â¤Â¾Ã Â¥Â¤ (a) Ã Â¤â¢Ã Â¥ÂÃ Â¤Â¯Ã Â¤Â¾ Ã Â¤Â¬Ã Â¥â¡Ã Â¤ËÃ Â¤Â°Ã Â¥â¹Ã Â¤â Ã Â¤â¢Ã Â¥â¡ Ã Â¤Â²Ã Â¤Â¿Ã Â¤Â Ã Â¤Â¸Ã Â¤Â¾Ã Â¤Â®Ã Â¤Â¾Ã Â¤ÅÃ Â¤Â¿Ã Â¤â¢ Ã Â¤â¢Ã Â¤Â²Ã Â¥ÂÃ Â¤Â¯Ã Â¤Â¾Ã Â¤Â£Ã Â¤ÂªÃ Â¤Â°Ã Â¤â¢ Ã Â¤â°Ã Â¤Â¦Ã Â¥ÂÃ Â¤Â¦Ã Â¥â¡Ã Â¤Â¶Ã Â¥ÂÃ Â¤Â¯Ã Â¥â¹Ã Â¤â Ã Â¤â¢Ã Â¥â¬ Ã Â¤ÂªÃ Â¥âÃ Â¤Â°Ã Â¥ÂÃ Â¤Â¤Ã Â¤Â¿ Ã Â¤Â¹Ã Â¥â¡Ã Â¤Â¤Ã Â¥Â Ã Â¤ÂµÃ Â¤Â¨Ã Â¥â¹Ã Â¤â Ã Â¤â¢Ã Â¥â¬ Ã Â¤â¢Ã Â¤Å¸Ã Â¤Â¾Ã Â¤Ë Ã Â¤â¢Ã Â¥â¹ Ã Â¤Â¨Ã Â¥ËÃ Â¤Â¤Ã Â¤Â¿Ã Â¤â¢ Ã Â¤Â°Ã Â¥âÃ Â¤Âª Ã Â¤Â¸Ã Â¥â¡ Ã Â¤â°Ã Â¤Å¡Ã Â¤Â¿Ã Â¤Â¤ Ã Â¤Â Ã Â¤Â¹Ã Â¤Â°Ã Â¤Â¾Ã Â¤Â¯Ã Â¤Â¾ Ã Â¤ÅÃ Â¤Â¾ Ã Â¤Â¸Ã Â¤â¢Ã Â¤Â¤Ã Â¤Â¾ Ã Â¤Â¹Ã Â¥Ë? (b) Ã Â¤Â®Ã Â¤Â¾Ã Â¤Â¨Ã Â¤Âµ Ã Â¤ÂµÃ Â¤Â¿Ã Â¤â¢Ã Â¤Â¾Ã Â¤Â¸ Ã Â¤â¢Ã Â¥â¡ Ã Â¤Â¸Ã Â¤Â¾Ã Â¤Â¥ Ã Â¤ÂªÃ Â¤Â°Ã Â¥ÂÃ Â¤Â¯Ã Â¤Â¾Ã Â¤ÂµÃ Â¤Â°Ã Â¤Â£ Ã Â¤Â¸Ã Â¤âÃ Â¤Â°Ã Â¤â¢Ã Â¥ÂÃ Â¤Â·Ã Â¤Â£ Ã Â¤â¢Ã Â¥â¹ Ã Â¤Â¸Ã Â¤âÃ Â¤Â¤Ã Â¥ÂÃ Â¤Â²Ã Â¤Â¿Ã Â¤Â¤ Ã Â¤â¢Ã Â¤Â°Ã Â¤Â¨Ã Â¥â¡ Ã Â¤Â®Ã Â¥â¡Ã Â¤â Ã Â¤Â¸Ã Â¤Â®Ã Â¤Â¾Ã Â¤ÅÃ Â¤Â¾Ã Â¤Â°Ã Â¥ÂÃ Â¤Â¥Ã Â¤Â¿Ã Â¤â¢, Ã Â¤ÂªÃ Â¥ÂÃ Â¤Â°Ã Â¤Â¶Ã Â¤Â¾Ã Â¤Â¸Ã Â¤Â¨Ã Â¤Â¿Ã Â¤â¢ Ã Â¤âÃ Â¤Â° Ã Â¤Â¨Ã Â¥ËÃ Â¤Â¤Ã Â¤Â¿Ã Â¤â¢ Ã Â¤Å¡Ã Â¥ÂÃ Â¤Â¨Ã Â¥ÅÃ Â¤Â¤Ã Â¤Â¿Ã Â¤Â¯Ã Â¤Â¾Ã Â¤Â Ã Â¤â¢Ã Â¥ÂÃ Â¤Â¯Ã Â¤Â¾ Ã Â¤Â¹Ã Â¥ËÃ Â¤â? (c) Ã Â¤ÂªÃ Â¤Â°Ã Â¥ÂÃ Â¤Â¯Ã Â¤Â¾Ã Â¤ÂµÃ Â¤Â°Ã Â¤Â£Ã Â¥â¬Ã Â¤Â¯ Ã Â¤â¦Ã Â¤âÃ Â¤âÃ Â¤Â¡Ã Â¤Â¤Ã Â¤Â¾ Ã Â¤âÃ Â¤Â° Ã Â¤Â®Ã Â¤Â¾Ã Â¤Â¨Ã Â¤ÂµÃ Â¥â¬Ã Â¤Â¯ Ã Â¤âÃ Â¤Â°Ã Â¤Â¿Ã Â¤Â®Ã Â¤Â¾ Ã¢â¬â Ã Â¤Â¦Ã Â¥â¹Ã Â¤Â¨Ã Â¥â¹Ã Â¤â Ã Â¤â¢Ã Â¥â¬ Ã Â¤Â¸Ã Â¥ÂÃ Â¤Â°Ã Â¤â¢Ã Â¥ÂÃ Â¤Â·Ã Â¤Â¾ Ã Â¤â¢Ã Â¥â¹ Ã Â¤Â¸Ã Â¥ÂÃ Â¤Â¨Ã Â¤Â¿Ã Â¤Â¶Ã Â¥ÂÃ Â¤Å¡Ã Â¤Â¿Ã Â¤Â¤ Ã Â¤â¢Ã Â¤Â°Ã Â¤Â¨Ã Â¥â¡ Ã Â¤â¢Ã Â¥â¡ Ã Â¤Â²Ã Â¤Â¿Ã Â¤Â Ã Â¤â¢Ã Â¥ÅÃ Â¤Â¨ Ã Â¤Â¸Ã Â¥â¡ Ã Â¤Â Ã Â¥â¹Ã Â¤Â¸ Ã Â¤ÂµÃ Â¤Â¿Ã Â¤â¢Ã Â¤Â²Ã Â¥ÂÃ Â¤Âª Ã Â¤Â¯Ã Â¤Â¾ Ã Â¤Â¨Ã Â¥â¬Ã Â¤Â¤Ã Â¤Â¿Ã Â¤âÃ Â¤Â¤ Ã Â¤Â¹Ã Â¤Â¸Ã Â¥ÂÃ Â¤Â¤Ã Â¤â¢Ã Â¥ÂÃ Â¤Â·Ã Â¥â¡Ã Â¤Âª Ã Â¤ÂªÃ Â¥ÂÃ Â¤Â°Ã Â¤Â¸Ã Â¥ÂÃ Â¤Â¤Ã Â¤Â¾Ã Â¤ÂµÃ Â¤Â¿Ã Â¤Â¤ Ã Â¤â¢Ã Â¤Â¿Ã Â¤Â Ã Â¤ÅÃ Â¤Â¾ Ã Â¤Â¸Ã Â¤â¢Ã Â¤Â¤Ã Â¥â¡ Ã Â¤Â¹Ã Â¥ËÃ Â¤â? (Ã Â¤â°Ã Â¤Â¤Ã Â¥ÂÃ Â¤Â¤Ã Â¤Â° 250 Ã Â¤Â¶Ã Â¤Â¬Ã Â¥ÂÃ Â¤Â¦Ã Â¥â¹Ã Â¤â Ã Â¤Â®Ã Â¥â¡Ã Â¤â Ã Â¤Â¦Ã Â¥â¬Ã Â¤ÅÃ Â¤Â¿Ã Â¤Â) Ã¢â¬â 20 In line with the Directive Principles of State Policy enshrined in the Indian Constitution, the government has a constitutional obligation to ensure basic needs Ã¢â¬â ""Roti, Kapda aur Makan (Food, Clothes and Shelter)"" Ã¢â¬â for the under-privileged. Pursuing this mandate, the district administration proposed clearing a portion of forest land to develop housing for the homeless and economically weaker sections of the society. The proposed land, however, is an ecologically sensitive zone densely populated with age-old trees, medicinal plants and vital biodiversity. Besides, these forests help to regulate micro-climate and rainfalls; provide habitat for wildlife, support soil fertility and prevent land/soil erosion and sustain livelihoods of tribal and nomadic communities. Inspite of the ecological and social costs, the administration argues in favour of the said proposal by highlighting that this very initiative addresses fundamental human rights as a critical welfare priority. Besides, it fulfils the government's duty to uplift and empower the poor through inclusive housing development. Further, these forest areas have become unsafe due to wild-animal threats and recurring human-wild life conflicts. Lastly, clearing forest-zones may help to curb anti-social elements allegedly using these areas as hideouts, thereby enhancing law and order. (a) Can deforestation be ethically justified in the pursuit of social welfare objectives like, housing for the homeless? (b) What are the socio-economic, administrative and ethical challenges in balancing environmental conservation with human development? (c) What substantial alternatives or policy interventions can be proposed to ensure that both environmental integrity and human dignity are protected? (Answer in 250 words) Ã¢â¬â 20","In line with the Directive Principles of State Policy enshrined in the Indian Constitution, the government has a constitutional obligation to ensure basic needs – ""Roti, Kapda aur Makan (Food, Clothes and Shelter)"" – for the under-privileged. Pursuing this mandate, the district administration proposed clearing a portion of forest land to develop housing for the homeless and economically weaker sections of the society. The proposed land, however, is an ecologically sensitive zone densely populated with age-old trees, medicinal plants and vital biodiversity. Besides, these forests help to regulate micro-climate and rainfalls; provide habitat for wildlife, support soil fertility and prevent land/soil erosion and sustain livelihoods of tribal and nomadic communities. Inspite of the ecological and social costs, the administration argues in favour of the said proposal by highlighting that this very initiative addresses fundamental human rights as a critical welfare priority. Besides, it fulfils the government's duty to uplift and empower the poor through inclusive housing development. Further, these forest areas have become unsafe due to wild-animal threats and recurring human-wild life conflicts. Lastly, clearing forest-zones may help to curb anti-social elements allegedly using these areas as hideouts, thereby enhancing law and order. (a) Can deforestation be ethically justified in the pursuit of social welfare objectives like, housing for the homeless ? (b) What are the socio-economic, administrative and ethical challenges in balancing environmental conservation with human development ? (c) What substantial alternatives or policy interventions can be proposed to ensure that both environmental integrity and human dignity are protected ?",99.5,keep,true,aggregator,,,,,,,,,,,,,,,,,,
2025,GS4,dee30326-920a-40cf-bee0-a5b4c76760f7,76,,4,GS4-B-Q2,"Ã Â¤Â¸Ã Â¥ÂÃ Â¤Â­Ã Â¤Â¾Ã Â¤Â· Ã Â¤Â°Ã Â¤Â¾Ã Â¤ÅÃ Â¥ÂÃ Â¤Â¯ Ã Â¤Â¸Ã Â¤Â°Ã Â¤â¢Ã Â¤Â¾Ã Â¤Â° Ã Â¤Â®Ã Â¥â¡Ã Â¤â Ã Â¤Â²Ã Â¥â¹Ã Â¤â¢Ã Â¤Â¨Ã Â¤Â¿Ã Â¤Â°Ã Â¥ÂÃ Â¤Â®Ã Â¤Â¾Ã Â¤Â£ Ã Â¤ÂµÃ Â¤Â¿Ã Â¤Â­Ã Â¤Â¾Ã Â¤â Ã Â¤â¢Ã Â¥â¡ Ã Â¤Â¸Ã Â¤Å¡Ã Â¤Â¿Ã Â¤Âµ Ã Â¤Â¹Ã Â¥ËÃ Â¤âÃ Â¥Â¤ Ã Â¤ÂµÃ Â¤Â¹ Ã Â¤ÂÃ Â¤â¢ Ã Â¤ÂµÃ Â¤Â°Ã Â¤Â¿Ã Â¤Â·Ã Â¥ÂÃ Â¤Â  Ã Â¤â¦Ã Â¤Â§Ã Â¤Â¿Ã Â¤â¢Ã Â¤Â¾Ã Â¤Â°Ã Â¥â¬ Ã Â¤Â¹Ã Â¥ËÃ Â¤â, Ã Â¤ÅÃ Â¥â¹ Ã Â¤â¦Ã Â¤ÂªÃ Â¤Â¨Ã Â¥â¬ Ã Â¤Â¯Ã Â¥â¹Ã Â¤âÃ Â¥ÂÃ Â¤Â¯Ã Â¤Â¤Ã Â¤Â¾, Ã Â¤Â¨Ã Â¤Â¿Ã Â¤Â·Ã Â¥ÂÃ Â¤Â Ã Â¤Â¾ Ã Â¤âÃ Â¤Â° Ã Â¤â¢Ã Â¤Â¾Ã Â¤Â® Ã Â¤â¢Ã Â¥â¡ Ã Â¤ÂªÃ Â¥ÂÃ Â¤Â°Ã Â¤Â¤Ã Â¤Â¿ Ã Â¤Â¸Ã Â¤Â®Ã Â¤Â°Ã Â¥ÂÃ Â¤ÂªÃ Â¤Â£ Ã Â¤â¢Ã Â¥â¡ Ã Â¤Â²Ã Â¤Â¿Ã Â¤Â Ã Â¤ÅÃ Â¤Â¾Ã Â¤Â¨Ã Â¥â¡ Ã Â¤ÅÃ Â¤Â¾Ã Â¤Â¤Ã Â¥â¡ Ã Â¤Â¹Ã Â¥ËÃ Â¤âÃ Â¥Â¤ Ã Â¤â°Ã Â¤Â¨Ã Â¥ÂÃ Â¤Â¹Ã Â¥â¡Ã Â¤â Ã Â¤Â²Ã Â¥â¹Ã Â¤â¢Ã Â¤Â¨Ã Â¤Â¿Ã Â¤Â°Ã Â¥ÂÃ Â¤Â®Ã Â¤Â¾Ã Â¤Â£ Ã Â¤ÂµÃ Â¤Â¿Ã Â¤Â­Ã Â¤Â¾Ã Â¤â Ã Â¤âÃ Â¤Â° Ã Â¤â¢Ã Â¤Â¾Ã Â¤Â°Ã Â¥ÂÃ Â¤Â¯Ã Â¤â¢Ã Â¥ÂÃ Â¤Â°Ã Â¤Â® Ã Â¤â¢Ã Â¤Â¾Ã Â¤Â°Ã Â¥ÂÃ Â¤Â¯Ã Â¤Â¾Ã Â¤Â¨Ã Â¥ÂÃ Â¤ÂµÃ Â¤Â¯Ã Â¤Â¨ Ã Â¤â¢Ã Â¥â¡ Ã Â¤ÂªÃ Â¥ÂÃ Â¤Â°Ã Â¤Â­Ã Â¤Â¾Ã Â¤Â°Ã Â¥â¬ Ã Â¤Â®Ã Â¤âÃ Â¤Â¤Ã Â¥ÂÃ Â¤Â°Ã Â¥â¬ Ã Â¤â¢Ã Â¤Â¾ Ã Â¤Â­Ã Â¤Â°Ã Â¥â¹Ã Â¤Â¸Ã Â¤Â¾ Ã Â¤âÃ Â¤Â° Ã Â¤ÂµÃ Â¤Â¿Ã Â¤Â¶Ã Â¥ÂÃ Â¤ÂµÃ Â¤Â¾Ã Â¤Â¸ Ã Â¤ÂªÃ Â¥ÂÃ Â¤Â°Ã Â¤Â¾Ã Â¤ÂªÃ Â¥ÂÃ Â¤Â¤ Ã Â¤Â¹Ã Â¥ËÃ Â¥Â¤ Ã Â¤â¦Ã Â¤ÂªÃ Â¤Â¨Ã Â¥â¬ Ã Â¤ÅÃ Â¥â°Ã Â¤Â¬ Ã Â¤ÂªÃ Â¥ÂÃ Â¤Â°Ã Â¥â¹Ã Â¤Â«Ã Â¤Â¾Ã Â¤â¡Ã Â¤Â² Ã Â¤â¢Ã Â¥â¡ Ã Â¤â¦Ã Â¤Â²Ã Â¤Â¾Ã Â¤ÂµÃ Â¤Â¾ Ã Â¤ÂµÃ Â¤Â¹ Ã Â¤Â°Ã Â¤Â¾Ã Â¤ÅÃ Â¥ÂÃ Â¤Â¯ Ã Â¤Â®Ã Â¥â¡Ã Â¤â Ã Â¤Â¨Ã Â¥â¬Ã Â¤Â¤Ã Â¤Â¿ Ã Â¤Â¨Ã Â¤Â¿Ã Â¤Â°Ã Â¥ÂÃ Â¤Â®Ã Â¤Â¾Ã Â¤Â£ Ã Â¤â¢Ã Â¥â¡ Ã Â¤Â²Ã Â¤Â¿Ã Â¤Â Ã Â¤Â­Ã Â¥â¬ Ã Â¤ÅÃ Â¤Â¿Ã Â¤Â®Ã Â¥ÂÃ Â¤Â®Ã Â¥â¡Ã Â¤Â¦Ã Â¤Â¾Ã Â¤Â° Ã Â¤Â¹Ã Â¥ËÃ Â¤âÃ Â¥Â¤ Ã Â¤â¡Ã Â¤Â¸Ã Â¤â¢Ã Â¥â¡ Ã Â¤â¦Ã Â¤Â²Ã Â¤Â¾Ã Â¤ÂµÃ Â¤Â¾, Ã Â¤ÂµÃ Â¤Â¹ Ã Â¤Â¯Ã Â¥â¹Ã Â¤ÅÃ Â¤Â¨Ã Â¤Â¾, Ã Â¤Â¡Ã Â¤Â¿Ã Â¤ÅÃ Â¤Â¾Ã Â¤â¡Ã Â¤Â¨Ã Â¤Â¿Ã Â¤âÃ Â¤â Ã Â¤âÃ Â¤Â° Ã Â¤Â¨Ã Â¤Â¿Ã Â¤Â°Ã Â¥ÂÃ Â¤Â®Ã Â¤Â¾Ã Â¤Â£ Ã Â¤â Ã Â¤Â¦Ã Â¤Â¿ Ã Â¤Â¸Ã Â¥â¡ Ã Â¤Â¸Ã Â¤âÃ Â¤Â¬Ã Â¤âÃ Â¤Â§Ã Â¤Â¿Ã Â¤Â¤ Ã Â¤Â¤Ã Â¤â¢Ã Â¤Â¨Ã Â¥â¬Ã Â¤â¢Ã Â¥â¬ Ã Â¤âÃ Â¤Â° Ã Â¤ÂªÃ Â¥ÂÃ Â¤Â°Ã Â¤Â¶Ã Â¤Â¾Ã Â¤Â¸Ã Â¤Â¨Ã Â¤Â¿Ã Â¤â¢ Ã Â¤ÂªÃ Â¤Â¹Ã Â¤Â²Ã Â¥ÂÃ Â¤âÃ Â¤â Ã Â¤â¢Ã Â¥â¬ Ã Â¤Â¦Ã Â¥â¡Ã Â¤âÃ Â¤Â°Ã Â¥â¡Ã Â¤â Ã Â¤â¢Ã Â¤Â°Ã Â¤Â¤Ã Â¥â¡ Ã Â¤Â¹Ã Â¥ËÃ Â¤âÃ Â¥Â¤ Ã Â¤Â¸Ã Â¥ÂÃ Â¤Â­Ã Â¤Â¾Ã Â¤Â· Ã Â¤â¢Ã Â¥â¡ Ã Â¤Â®Ã Â¤âÃ Â¤Â¤Ã Â¥ÂÃ Â¤Â°Ã Â¥â¬ Ã Â¤Â°Ã Â¤Â¾Ã Â¤ÅÃ Â¥ÂÃ Â¤Â¯ Ã Â¤â¢Ã Â¥â¡ Ã Â¤ÂÃ Â¤â¢ Ã Â¤Â®Ã Â¤Â¹Ã Â¤Â¤Ã Â¥ÂÃ Â¤ÂµÃ Â¤ÂªÃ Â¥âÃ Â¤Â°Ã Â¥ÂÃ Â¤Â£ Ã Â¤Â®Ã Â¤âÃ Â¤Â¤Ã Â¥ÂÃ Â¤Â°Ã Â¥â¬ Ã Â¤Â¹Ã Â¥ËÃ Â¤â Ã Â¤âÃ Â¤Â° Ã Â¤â°Ã Â¤Â¨Ã Â¤â¢Ã Â¥â¡ Ã Â¤â¢Ã Â¤Â¾Ã Â¤Â°Ã Â¥ÂÃ Â¤Â¯Ã Â¤â¢Ã Â¤Â¾Ã Â¤Â² Ã Â¤â¢Ã Â¥â¡ Ã Â¤Â¦Ã Â¥ÅÃ Â¤Â°Ã Â¤Â¾Ã Â¤Â¨ Ã Â¤Â¶Ã Â¤Â¹Ã Â¤Â°Ã Â¥â¬ Ã Â¤Â¬Ã Â¥ÂÃ Â¤Â¨Ã Â¤Â¿Ã Â¤Â¯Ã Â¤Â¾Ã Â¤Â¦Ã Â¥â¬ Ã Â¤Â¢Ã Â¤Â¾Ã Â¤ÂÃ Â¤Å¡Ã Â¥â¡ Ã Â¤â¢Ã Â¥â¡ Ã Â¤ÂµÃ Â¤Â¿Ã Â¤â¢Ã Â¤Â¾Ã Â¤Â¸ Ã Â¤âÃ Â¤Â° Ã Â¤Â¸Ã Â¤Â¡Ã Â¤Â¼Ã Â¤â¢ Ã Â¤Â¨Ã Â¥â¡Ã Â¤Å¸Ã Â¤ÂµÃ Â¤Â°Ã Â¥ÂÃ Â¤â¢ Ã Â¤Â®Ã Â¥â¡Ã Â¤â Ã Â¤Â®Ã Â¤Â¹Ã Â¤Â¤Ã Â¥ÂÃ Â¤ÂµÃ Â¤ÂªÃ Â¥âÃ Â¤Â°Ã Â¥ÂÃ Â¤Â£ Ã Â¤ÂµÃ Â¥ÆÃ Â¤Â¦Ã Â¥ÂÃ Â¤Â§Ã Â¤Â¿ Ã Â¤Â¦Ã Â¤Â°Ã Â¥ÂÃ Â¤Å Ã Â¤â¢Ã Â¥â¬ Ã Â¤âÃ Â¤Ë Ã Â¤Â¹Ã Â¥ËÃ Â¥Â¤ Ã Â¤ÂµÃ Â¤Â¹ Ã Â¤Â¨Ã Â¤Â¿Ã Â¤â¢Ã Â¤Å¸ Ã Â¤Â­Ã Â¤ÂµÃ Â¤Â¿Ã Â¤Â·Ã Â¥ÂÃ Â¤Â¯ Ã Â¤Â®Ã Â¥â¡Ã Â¤â Ã Â¤Â®Ã Â¤Â¹Ã Â¤Â¤Ã Â¥ÂÃ Â¤ÂµÃ Â¤Â¾Ã Â¤â¢Ã Â¤Â¾Ã Â¤âÃ Â¤â¢Ã Â¥ÂÃ Â¤Â·Ã Â¥â¬ Ã Â¤Â¸Ã Â¤Â¡Ã Â¤Â¼Ã Â¤â¢ Ã Â¤Â¨Ã Â¤Â¿Ã Â¤Â°Ã Â¥ÂÃ Â¤Â®Ã Â¤Â¾Ã Â¤Â£ Ã Â¤ÂªÃ Â¤Â°Ã Â¤Â¿Ã Â¤Â¯Ã Â¥â¹Ã Â¤ÅÃ Â¤Â¨Ã Â¤Â¾ Ã Â¤Â¶Ã Â¥ÂÃ Â¤Â°Ã Â¥â Ã Â¤â¢Ã Â¤Â°Ã Â¤Â¨Ã Â¥â¡ Ã Â¤â¢Ã Â¥â¡ Ã Â¤Â²Ã Â¤Â¿Ã Â¤Â Ã Â¤â°Ã Â¤Â¤Ã Â¥ÂÃ Â¤Â¸Ã Â¥ÂÃ Â¤â¢ Ã Â¤Â¹Ã Â¥ËÃ Â¤âÃ Â¥Â¤ Ã Â¤Â¸Ã Â¥ÂÃ Â¤Â­Ã Â¤Â¾Ã Â¤Â· Ã Â¤Â®Ã Â¤âÃ Â¤Â¤Ã Â¥ÂÃ Â¤Â°Ã Â¥â¬ Ã Â¤â¢Ã Â¥â¡ Ã Â¤Â¸Ã Â¤Â¾Ã Â¤Â¥ Ã Â¤Â¨Ã Â¤Â¿Ã Â¤Â¯Ã Â¤Â®Ã Â¤Â¿Ã Â¤Â¤ Ã Â¤Â¸Ã Â¤âÃ Â¤ÂªÃ Â¤Â°Ã Â¥ÂÃ Â¤â¢ Ã Â¤Â®Ã Â¥â¡Ã Â¤â Ã Â¤Â¹Ã Â¥ËÃ Â¤â Ã Â¤âÃ Â¤Â° Ã Â¤Â¸Ã Â¤Â¡Ã Â¤Â¼Ã Â¤â¢ Ã Â¤Â¨Ã Â¤Â¿Ã Â¤Â°Ã Â¥ÂÃ Â¤Â®Ã Â¤Â¾Ã Â¤Â£ Ã Â¤ÂªÃ Â¤Â°Ã Â¤Â¿Ã Â¤Â¯Ã Â¥â¹Ã Â¤ÅÃ Â¤Â¨Ã Â¤Â¾ Ã Â¤â¢Ã Â¥â¡ Ã Â¤ÂµÃ Â¤Â¿Ã Â¤Â­Ã Â¤Â¿Ã Â¤Â¨Ã Â¥ÂÃ Â¤Â¨ Ã Â¤Â¤Ã Â¥ÅÃ Â¤Â°-Ã Â¤Â¤Ã Â¤Â°Ã Â¥â¬Ã Â¤â¢Ã Â¥â¹Ã Â¤â Ã Â¤ÂªÃ Â¤Â° Ã Â¤â¢Ã Â¤Â¾Ã Â¤Â® Ã Â¤â¢Ã Â¤Â° Ã Â¤Â°Ã Â¤Â¹Ã Â¥â¡ Ã Â¤Â¹Ã Â¥ËÃ Â¤âÃ Â¥Â¤ Ã Â¤Â®Ã Â¤âÃ Â¤Â¤Ã Â¥ÂÃ Â¤Â°Ã Â¥â¬ Ã Â¤Â¦Ã Â¥ÂÃ Â¤ÂµÃ Â¤Â¾Ã Â¤Â°Ã Â¤Â¾ Ã Â¤ÂªÃ Â¤Â°Ã Â¤Â¿Ã Â¤Â¯Ã Â¥â¹Ã Â¤ÅÃ Â¤Â¨Ã Â¤Â¾ Ã Â¤â¢Ã Â¥â¬ Ã Â¤âÃ Â¤ÂªÃ Â¤Å¡Ã Â¤Â¾Ã Â¤Â°Ã Â¤Â¿Ã Â¤â¢ Ã Â¤Â¸Ã Â¤Â¾Ã Â¤Â°Ã Â¥ÂÃ Â¤ÂµÃ Â¤ÅÃ Â¤Â¨Ã Â¤Â¿Ã Â¤â¢ Ã Â¤ËÃ Â¥â¹Ã Â¤Â·Ã Â¤Â£Ã Â¤Â¾ Ã Â¤â¢Ã Â¤Â°Ã Â¤Â¨Ã Â¥â¡ Ã Â¤Â¸Ã Â¥â¡ Ã Â¤ÂªÃ Â¤Â¹Ã Â¤Â²Ã Â¥â¡ Ã Â¤â°Ã Â¤Â¨Ã Â¤â¢Ã Â¥â¡ Ã Â¤Â¦Ã Â¥ÂÃ Â¤ÂµÃ Â¤Â¾Ã Â¤Â°Ã Â¤Â¾ Ã Â¤Â®Ã Â¤âÃ Â¤Â¤Ã Â¥ÂÃ Â¤Â°Ã Â¥â¬ Ã Â¤â¢Ã Â¥â¡ Ã Â¤Â¸Ã Â¤Â®Ã Â¤â¢Ã Â¥ÂÃ Â¤Â· Ã Â¤Â¨Ã Â¤Â¿Ã Â¤Â¯Ã Â¤Â®Ã Â¤Â¿Ã Â¤Â¤ Ã Â¤Â¬Ã Â¥ËÃ Â¤Â Ã Â¤â¢Ã Â¥â¡Ã Â¤â, Ã Â¤Å¡Ã Â¤Â°Ã Â¥ÂÃ Â¤Å¡Ã Â¤Â¾Ã Â¤ÂÃ Â¤Â Ã Â¤âÃ Â¤Â° Ã Â¤ÂªÃ Â¥ÂÃ Â¤Â°Ã Â¤Â¸Ã Â¥ÂÃ Â¤Â¤Ã Â¥ÂÃ Â¤Â¤Ã Â¤Â¿Ã Â¤Â¯Ã Â¤Â¾Ã Â¤Â Ã Â¤â¢Ã Â¥â¬ Ã Â¤ÅÃ Â¤Â¾Ã Â¤Â¤Ã Â¥â¬ Ã Â¤Â¹Ã Â¥ËÃ Â¤âÃ Â¥Â¤ Ã Â¤Â¸Ã Â¥ÂÃ Â¤Â­Ã Â¤Â¾Ã Â¤Â· Ã Â¤â¢Ã Â¤Â¾ Ã Â¤â¡Ã Â¤â¢Ã Â¤Â²Ã Â¥ÅÃ Â¤Â¤Ã Â¤Â¾ Ã Â¤Â¬Ã Â¥â¡Ã Â¤Å¸Ã Â¤Â¾ Ã Â¤ÂµÃ Â¤Â¿Ã Â¤â¢Ã Â¤Â¾Ã Â¤Â¸ Ã Â¤Â°Ã Â¤Â¿Ã Â¤Â¯Ã Â¤Â² Ã Â¤ÂÃ Â¤Â¸Ã Â¥ÂÃ Â¤Å¸Ã Â¥â¡Ã Â¤Å¸ Ã Â¤Â¬Ã Â¤Â¿Ã Â¤ÅÃ Â¤Â¨Ã Â¥â¡Ã Â¤Â¸ Ã Â¤Â®Ã Â¥â¡Ã Â¤â Ã Â¤Â¹Ã Â¥ËÃ Â¥Â¤ Ã Â¤â°Ã Â¤Â¨Ã Â¤â¢Ã Â¥â¡ Ã Â¤Â¬Ã Â¥â¡Ã Â¤Å¸Ã Â¥â¡ Ã Â¤â¢Ã Â¥â¹ Ã Â¤â¦Ã Â¤ÂªÃ Â¤Â¨Ã Â¥â¡ Ã Â¤Â¸Ã Â¥âÃ Â¤Â¤Ã Â¥ÂÃ Â¤Â°Ã Â¥â¹Ã Â¤â Ã Â¤Â¸Ã Â¥â¡ Ã Â¤ÂªÃ Â¤Â¤Ã Â¤Â¾ Ã Â¤Å¡Ã Â¤Â²Ã Â¤Â¤Ã Â¤Â¾ Ã Â¤Â¹Ã Â¥Ë Ã Â¤â¢Ã Â¤Â¿ Ã Â¤ÂÃ Â¤â¢ Ã Â¤Â®Ã Â¥â¡Ã Â¤âÃ Â¤Â¾ Ã Â¤Â°Ã Â¥â¹Ã Â¤Â¡ Ã Â¤ÂªÃ Â¤Â°Ã Â¤Â¿Ã Â¤Â¯Ã Â¥â¹Ã Â¤ÅÃ Â¤Â¨Ã Â¤Â¾ Ã Â¤â¦Ã Â¤âÃ Â¤Â¤Ã Â¤Â¿Ã Â¤Â® Ã Â¤Å¡Ã Â¤Â°Ã Â¤Â£ Ã Â¤ÂªÃ Â¤Â° Ã Â¤Â¹Ã Â¥Ë Ã Â¤âÃ Â¤Â° Ã Â¤â¡Ã Â¤Â¸ Ã Â¤Â¸Ã Â¤âÃ Â¤Â¬Ã Â¤âÃ Â¤Â§ Ã Â¤Â®Ã Â¥â¡Ã Â¤â Ã Â¤â¢Ã Â¤Â¿Ã Â¤Â¸Ã Â¥â¬ Ã Â¤Â­Ã Â¥â¬ Ã Â¤Â¸Ã Â¤Â®Ã Â¤Â¯ Ã Â¤ËÃ Â¥â¹Ã Â¤Â·Ã Â¤Â£Ã Â¤Â¾ Ã Â¤Â¹Ã Â¥â¹Ã Â¤Â¨Ã Â¥â¡ Ã Â¤â¢Ã Â¥â¬ Ã Â¤â°Ã Â¤Â®Ã Â¥ÂÃ Â¤Â®Ã Â¥â¬Ã Â¤Â¦ Ã Â¤Â¹Ã Â¥ËÃ Â¥Â¤ Ã Â¤ÂµÃ Â¤Â¹ Ã Â¤â¦Ã Â¤ÂªÃ Â¤Â¨Ã Â¥â¡ Ã Â¤ÂªÃ Â¤Â¿Ã Â¤Â¤Ã Â¤Â¾ Ã Â¤Â¸Ã Â¥â¡ Ã Â¤â Ã Â¤âÃ Â¤Â¾Ã Â¤Â®Ã Â¥â¬ Ã Â¤ÂªÃ Â¥ÂÃ Â¤Â°Ã Â¥â¹Ã Â¤ÅÃ Â¥â¡Ã Â¤â¢Ã Â¥ÂÃ Â¤Å¸ Ã Â¤â¢Ã Â¤Â¾ Ã Â¤Â¸Ã Â¤Å¸Ã Â¥â¬Ã Â¤â¢ Ã Â¤Â¸Ã Â¥ÂÃ Â¤Â¥Ã Â¤Â¾Ã Â¤Â¨ Ã Â¤ÅÃ Â¤Â¾Ã Â¤Â¨Ã Â¤Â¨Ã Â¥â¡ Ã Â¤â¢Ã Â¥â¡ Ã Â¤Â²Ã Â¤Â¿Ã Â¤Â Ã Â¤Â¬Ã Â¤Â¹Ã Â¥ÂÃ Â¤Â¤ Ã Â¤â°Ã Â¤Â¤Ã Â¥ÂÃ Â¤Â¸Ã Â¥ÂÃ Â¤â¢ Ã Â¤Â¹Ã Â¥ËÃ Â¤âÃ Â¥Â¤ Ã Â¤â°Ã Â¤Â¸Ã Â¥â¡ Ã Â¤ÂªÃ Â¤Â¤Ã Â¤Â¾ Ã Â¤Â¹Ã Â¥Ë Ã Â¤â¢Ã Â¤Â¿ Ã Â¤â Ã Â¤Â¸Ã Â¤ÂªÃ Â¤Â¾Ã Â¤Â¸ Ã Â¤â¢Ã Â¥â¬ Ã Â¤ÅÃ Â¤Â®Ã Â¥â¬Ã Â¤Â¨ Ã Â¤â¢Ã Â¥â¬ Ã Â¤â¢Ã Â¥â¬Ã Â¤Â®Ã Â¤Â¤Ã Â¥â¹Ã Â¤â Ã Â¤Â®Ã Â¥â¡Ã Â¤â Ã Â¤Â­Ã Â¤Â¾Ã Â¤Â°Ã Â¥â¬ Ã Â¤â°Ã Â¤âºÃ Â¤Â¾Ã Â¤Â² Ã Â¤â Ã Â¤ÂÃ Â¤âÃ Â¤Â¾Ã Â¥Â¤ Ã Â¤â¡Ã Â¤Â¸ Ã Â¤Â¸Ã Â¥ÂÃ Â¤Â¤Ã Â¤Â° Ã Â¤ÂªÃ Â¤Â° Ã Â¤Â¸Ã Â¤Â¸Ã Â¥ÂÃ Â¤Â¤Ã Â¥â¬ Ã Â¤â¢Ã Â¥â¬Ã Â¤Â®Ã Â¤Â¤Ã Â¥â¹Ã Â¤â Ã Â¤ÂªÃ Â¤Â° Ã Â¤ÅÃ Â¤Â®Ã Â¥â¬Ã Â¤Â¨ Ã Â¤âÃ Â¤Â°Ã Â¥â¬Ã Â¤Â¦Ã Â¤Â¨Ã Â¥â¡ Ã Â¤Â¸Ã Â¥â¡ Ã Â¤â°Ã Â¤Â¸Ã Â¥â¡ Ã Â¤Â­Ã Â¤Â°Ã Â¤ÂªÃ Â¥âÃ Â¤Â° Ã Â¤Â²Ã Â¤Â¾Ã Â¤Â­ Ã Â¤Â®Ã Â¤Â¿Ã Â¤Â²Ã Â¥â¡Ã Â¤âÃ Â¤Â¾Ã Â¥Â¤ Ã Â¤ÂµÃ Â¤Â¹ Ã Â¤ÂªÃ Â¥ÂÃ Â¤Â°Ã Â¤Â¸Ã Â¥ÂÃ Â¤Â¤Ã Â¤Â¾Ã Â¤ÂµÃ Â¤Â¿Ã Â¤Â¤ Ã Â¤ÂªÃ Â¤Â°Ã Â¤Â¿Ã Â¤Â¯Ã Â¥â¹Ã Â¤ÅÃ Â¤Â¨Ã Â¤Â¾ Ã Â¤â¢Ã Â¤Â¾ Ã Â¤Â¸Ã Â¥ÂÃ Â¤Â¥Ã Â¤Â¾Ã Â¤Â¨ Ã Â¤Â¦Ã Â¤Â¿Ã Â¤âÃ Â¤Â¾Ã Â¤Â¨Ã Â¥â¡ Ã Â¤â¢Ã Â¥â¡ Ã Â¤Â²Ã Â¤Â¿Ã Â¤Â Ã Â¤Â¦Ã Â¤Â¿Ã Â¤Â¨-Ã Â¤Â°Ã Â¤Â¾Ã Â¤Â¤ Ã Â¤â¦Ã Â¤ÂªÃ Â¤Â¨Ã Â¥â¡ Ã Â¤ÂªÃ Â¤Â¿Ã Â¤Â¤Ã Â¤Â¾ Ã Â¤Â¸Ã Â¥â¡ Ã Â¤ÂµÃ Â¤Â¿Ã Â¤Â¨Ã Â¤Â¤Ã Â¥â¬ Ã Â¤â¢Ã Â¤Â° Ã Â¤Â°Ã Â¤Â¹Ã Â¤Â¾ Ã Â¤Â¹Ã Â¥ËÃ Â¥Â¤ Ã Â¤â°Ã Â¤Â¸Ã Â¤Â¨Ã Â¥â¡ Ã Â¤â°Ã Â¤Â¨Ã Â¥ÂÃ Â¤Â¹Ã Â¥â¡Ã Â¤â Ã Â¤â Ã Â¤Â¶Ã Â¥ÂÃ Â¤ÂµÃ Â¤Â¸Ã Â¥ÂÃ Â¤Â¤ Ã Â¤â¢Ã Â¤Â¿Ã Â¤Â¯Ã Â¤Â¾ Ã Â¤â¢Ã Â¤Â¿ Ã Â¤ÂµÃ Â¤Â¹ Ã Â¤â¡Ã Â¤Â¸ Ã Â¤Â®Ã Â¤Â¾Ã Â¤Â®Ã Â¤Â²Ã Â¥â¡ Ã Â¤â¢Ã Â¥â¹ Ã Â¤Â¸Ã Â¥â¬Ã Â¤Â§Ã Â¥â¡ Ã Â¤Â¸Ã Â¤âÃ Â¤Â­Ã Â¤Â¾Ã Â¤Â²Ã Â¥â¡Ã Â¤âÃ Â¤Â¾ Ã Â¤â¢Ã Â¥ÂÃ Â¤Â¯Ã Â¥â¹Ã Â¤âÃ Â¤â¢Ã Â¤Â¿ Ã Â¤â¡Ã Â¤Â¸Ã Â¤Â¸Ã Â¥â¡ Ã Â¤â¢Ã Â¥â¹Ã Â¤Ë Ã Â¤ÂªÃ Â¥ÂÃ Â¤Â°Ã Â¤Â¤Ã Â¤Â¿Ã Â¤â¢Ã Â¥âÃ Â¤Â² Ã Â¤â¦Ã Â¤Â¸Ã Â¤Â° Ã Â¤Â¨Ã Â¤Â¹Ã Â¥â¬Ã Â¤â Ã Â¤ÂªÃ Â¤Â¡Ã Â¤Â¼Ã Â¥â¡Ã Â¤âÃ Â¤Â¾Ã Â¥Â¤ Ã Â¤Â¯Ã Â¤Â¹ Ã Â¤â¡Ã Â¤Â¸Ã Â¤Â²Ã Â¤Â¿Ã Â¤Â Ã Â¤â¢Ã Â¤Â¿ Ã Â¤ÂµÃ Â¤Â¹ Ã Â¤Â¸Ã Â¥ÂÃ Â¤ÂµÃ Â¤Â¾Ã Â¤Â­Ã Â¤Â¾Ã Â¤ÂµÃ Â¤Â¿Ã Â¤â¢ Ã Â¤Â°Ã Â¥âÃ Â¤Âª Ã Â¤Â¸Ã Â¥â¡ Ã Â¤â¦Ã Â¤ÂªÃ Â¤Â¨Ã Â¥â¡ Ã Â¤ÂµÃ Â¥ÂÃ Â¤Â¯Ã Â¤ÂµÃ Â¤Â¸Ã Â¤Â¾Ã Â¤Â¯ Ã Â¤â¢Ã Â¥â¡ Ã Â¤Â¹Ã Â¤Â¿Ã Â¤Â¸Ã Â¥ÂÃ Â¤Â¸Ã Â¥â¡ Ã Â¤â¢Ã Â¥â¡ Ã Â¤Â°Ã Â¥âÃ Â¤Âª Ã Â¤Â®Ã Â¥â¡Ã Â¤â Ã Â¤ÅÃ Â¤Â®Ã Â¥â¬Ã Â¤Â¨ Ã Â¤âÃ Â¤Â°Ã Â¥â¬Ã Â¤Â¦Ã Â¤Â¤Ã Â¤Â¾ Ã Â¤Â°Ã Â¤Â¹Ã Â¤Â¤Ã Â¤Â¾ Ã Â¤Â¹Ã Â¥ËÃ Â¥Â¤ Ã Â¤â¦Ã Â¤ÂªÃ Â¤Â¨Ã Â¥â¡ Ã Â¤Â¬Ã Â¥â¡Ã Â¤Å¸Ã Â¥â¡ Ã Â¤â¢Ã Â¥â¬ Ã Â¤Â²Ã Â¤âÃ Â¤Â¾Ã Â¤Â¤Ã Â¤Â¾Ã Â¤Â° Ã Â¤Â®Ã Â¤Â¿Ã Â¤Â¨Ã Â¥ÂÃ Â¤Â¨Ã Â¤Â¤Ã Â¥â¹Ã Â¤â Ã Â¤â¢Ã Â¥â¡ Ã Â¤â¢Ã Â¤Â¾Ã Â¤Â°Ã Â¤Â£ Ã Â¤ÂµÃ Â¤Â¹ Ã Â¤Â¦Ã Â¤Â¬Ã Â¤Â¾Ã Â¤Âµ Ã Â¤Â®Ã Â¤Â¹Ã Â¤Â¸Ã Â¥âÃ Â¤Â¸ Ã Â¤â¢Ã Â¤Â°Ã Â¤Â¤Ã Â¥â¡ Ã Â¤Â¹Ã Â¥ËÃ Â¤âÃ Â¥Â¤ Ã Â¤â¡Ã Â¤Â¸ Ã Â¤Â®Ã Â¤Â¾Ã Â¤Â®Ã Â¤Â²Ã Â¥â¡ Ã Â¤â¢Ã Â¤Â¾ Ã Â¤ÂÃ Â¤â¢ Ã Â¤â¦Ã Â¤Â¨Ã Â¥ÂÃ Â¤Â¯ Ã Â¤Â®Ã Â¤Â¹Ã Â¤Â¤Ã Â¥ÂÃ Â¤ÂµÃ Â¤ÂªÃ Â¥âÃ Â¤Â°Ã Â¥ÂÃ Â¤Â£ Ã Â¤ÂªÃ Â¤Â¹Ã Â¤Â²Ã Â¥â Ã Â¤Â²Ã Â¥â¹Ã Â¤â¢ Ã Â¤Â¨Ã Â¤Â¿Ã Â¤Â°Ã Â¥ÂÃ Â¤Â®Ã Â¤Â¾Ã Â¤Â£ Ã Â¤ÂµÃ Â¤Â¿Ã Â¤Â­Ã Â¤Â¾Ã Â¤â Ã Â¤â¢Ã Â¥â¡ Ã Â¤Â®Ã Â¤âÃ Â¤Â¤Ã Â¥ÂÃ Â¤Â°Ã Â¥â¬ Ã Â¤Â¦Ã Â¥ÂÃ Â¤ÂµÃ Â¤Â¾Ã Â¤Â°Ã Â¤Â¾ Ã Â¤â°Ã Â¤ÂªÃ Â¤Â°Ã Â¥ÂÃ Â¤Â¯Ã Â¥ÂÃ Â¤â¢Ã Â¥ÂÃ Â¤Â¤ Ã Â¤ÂªÃ Â¤Â°Ã Â¤Â¿Ã Â¤Â¯Ã Â¥â¹Ã Â¤ÅÃ Â¤Â¨Ã Â¤Â¾ Ã Â¤Â®Ã Â¥â¡Ã Â¤â Ã Â¤â¦Ã Â¤Â¤Ã Â¤Â¿Ã Â¤Â°Ã Â¤Â¿Ã Â¤â¢Ã Â¥ÂÃ Â¤Â¤/Ã Â¤â¦Ã Â¤Â¨Ã Â¥ÂÃ Â¤Å¡Ã Â¤Â¿Ã Â¤Â¤ Ã Â¤Â°Ã Â¥ÂÃ Â¤Å¡Ã Â¤Â¿ Ã Â¤Â¸Ã Â¥â¡ Ã Â¤Â¸Ã Â¤âÃ Â¤Â¬Ã Â¤âÃ Â¤Â§Ã Â¤Â¿Ã Â¤Â¤ Ã Â¤Â¹Ã Â¥ËÃ Â¥Â¤ Ã Â¤â°Ã Â¤Â¨Ã Â¤â¢Ã Â¥â¡ Ã Â¤Â­Ã Â¤Â¤Ã Â¥â¬Ã Â¤ÅÃ Â¥â¡ Ã Â¤â¢Ã Â¥â¬ Ã Â¤Â­Ã Â¥â¬ Ã Â¤Â¬Ã Â¤Â¡Ã Â¤Â¼Ã Â¥â¬ Ã Â¤â Ã Â¤Â§Ã Â¤Â¾Ã Â¤Â°Ã Â¤Â­Ã Â¥âÃ Â¤Â¤ Ã Â¤Â¸Ã Â¤âÃ Â¤Â°Ã Â¤Å¡Ã Â¤Â¨Ã Â¤Â¾Ã Â¤ÂµÃ Â¤Â¾Ã Â¤Â²Ã Â¥â¬ Ã Â¤ÂªÃ Â¤Â°Ã Â¤Â¿Ã Â¤Â¯Ã Â¥â¹Ã Â¤ÅÃ Â¤Â¨Ã Â¤Â¾ Ã Â¤â¢Ã Â¤âÃ Â¤ÂªÃ Â¤Â¨Ã Â¥â¬ Ã Â¤Â¥Ã Â¥â¬Ã Â¥Â¤ Ã Â¤Â¦Ã Â¤Â°Ã Â¤â¦Ã Â¤Â¸Ã Â¤Â², Ã Â¤Â®Ã Â¤âÃ Â¤Â¤Ã Â¥ÂÃ Â¤Â°Ã Â¥â¬ Ã Â¤Â¨Ã Â¥â¡ Ã Â¤â¦Ã Â¤ÂªÃ Â¤Â¨Ã Â¥â¡ Ã Â¤Â­Ã Â¤Â¤Ã Â¥â¬Ã Â¤ÅÃ Â¥â¡ Ã Â¤â¢Ã Â¤Â¾ Ã Â¤Â­Ã Â¥â¬ Ã Â¤â°Ã Â¤Â¨Ã Â¤Â¸Ã Â¥â¡ Ã Â¤ÂªÃ Â¤Â°Ã Â¤Â¿Ã Â¤Å¡Ã Â¤Â¯ Ã Â¤â¢Ã Â¤Â°Ã Â¤Â¾Ã Â¤Â¯Ã Â¤Â¾ Ã Â¤Â¹Ã Â¥Ë Ã Â¤âÃ Â¤Â° Ã Â¤â°Ã Â¤Â¨Ã Â¥ÂÃ Â¤Â¹Ã Â¥â¡Ã Â¤â Ã Â¤â Ã Â¤âÃ Â¤Â¾Ã Â¤Â®Ã Â¥â¬ Ã Â¤ÂªÃ Â¥ÂÃ Â¤Â°Ã Â¥â¹Ã Â¤ÅÃ Â¥â¡Ã Â¤â¢Ã Â¥ÂÃ Â¤Å¸ Ã Â¤Â®Ã Â¥â¡Ã Â¤â Ã Â¤Â­Ã Â¤Â¤Ã Â¥â¬Ã Â¤ÅÃ Â¥â¡ Ã Â¤â¢Ã Â¥â¡ Ã Â¤ÂµÃ Â¥ÂÃ Â¤Â¯Ã Â¤Â¾Ã Â¤ÂµÃ Â¤Â¸Ã Â¤Â¾Ã Â¤Â¯Ã Â¤Â¿Ã Â¤â¢ Ã Â¤Â¹Ã Â¤Â¿Ã Â¤Â¤Ã Â¥â¹Ã Â¤â Ã Â¤â¢Ã Â¤Â¾ Ã Â¤Â§Ã Â¥ÂÃ Â¤Â¯Ã Â¤Â¾Ã Â¤Â¨ Ã Â¤Â°Ã Â¤âÃ Â¤Â¨Ã Â¥â¡ Ã Â¤â¢Ã Â¤Â¾ Ã Â¤Â¸Ã Â¤âÃ Â¤â¢Ã Â¥â¡Ã Â¤Â¤ Ã Â¤Â­Ã Â¥â¬ Ã Â¤Â¦Ã Â¤Â¿Ã Â¤Â¯Ã Â¤Â¾ Ã Â¤Â¹Ã Â¥ËÃ Â¥Â¤ Ã Â¤Â®Ã Â¤âÃ Â¤Â¤Ã Â¥ÂÃ Â¤Â°Ã Â¥â¬ Ã Â¤Â¨Ã Â¥â¡ Ã Â¤â°Ã Â¤Â¨Ã Â¥ÂÃ Â¤Â¹Ã Â¥â¡Ã Â¤â Ã Â¤â¡Ã Â¤Â¸ Ã Â¤Â®Ã Â¤Â¾Ã Â¤Â®Ã Â¤Â²Ã Â¥â¡ Ã Â¤Â®Ã Â¥â¡Ã Â¤â Ã Â¤Â¤Ã Â¥â¡Ã Â¤ÅÃ Â¥â¬ Ã Â¤Â¸Ã Â¥â¡ Ã Â¤â¢Ã Â¤Â¾Ã Â¤Â® Ã Â¤â¢Ã Â¤Â°Ã Â¤Â¨Ã Â¥â¡ Ã Â¤â¢Ã Â¥â¡ Ã Â¤Â²Ã Â¤Â¿Ã Â¤Â Ã Â¤ÂªÃ Â¥ÂÃ Â¤Â°Ã Â¥â¹Ã Â¤Â¤Ã Â¥ÂÃ Â¤Â¸Ã Â¤Â¾Ã Â¤Â¹Ã Â¤Â¿Ã Â¤Â¤ Ã Â¤â¢Ã Â¤Â¿Ã Â¤Â¯Ã Â¤Â¾ Ã Â¤â¢Ã Â¥ÂÃ Â¤Â¯Ã Â¥â¹Ã Â¤âÃ Â¤â¢Ã Â¤Â¿ Ã Â¤Â®Ã Â¥â¡Ã Â¤âÃ Â¤Â¾ Ã Â¤Â°Ã Â¥â¹Ã Â¤Â¡ Ã Â¤ÂªÃ Â¤Â°Ã Â¤Â¿Ã Â¤Â¯Ã Â¥â¹Ã Â¤ÅÃ Â¤Â¨Ã Â¤Â¾ Ã Â¤â¢Ã Â¥â¬ Ã Â¤Â¶Ã Â¥â¬Ã Â¤ËÃ Â¥ÂÃ Â¤Â° Ã Â¤ËÃ Â¥â¹Ã Â¤Â·Ã Â¤Â£Ã Â¤Â¾ Ã Â¤âÃ Â¤Â° Ã Â¤â¢Ã Â¤Â¾Ã Â¤Â°Ã Â¥ÂÃ Â¤Â¯Ã Â¤Â¾Ã Â¤Â¨Ã Â¥ÂÃ Â¤ÂµÃ Â¤Â¯Ã Â¤Â¨ Ã Â¤Â¸Ã Â¥â¡ Ã Â¤â¦Ã Â¤ÂªÃ Â¤Â¨Ã Â¥â¬ Ã Â¤ÂªÃ Â¤Â¾Ã Â¤Â°Ã Â¥ÂÃ Â¤Å¸Ã Â¥â¬ Ã Â¤âÃ Â¤Â° Ã Â¤Â¸Ã Â¤Â¾Ã Â¤Â°Ã Â¥ÂÃ Â¤ÂµÃ Â¤ÅÃ Â¤Â¨Ã Â¤Â¿Ã Â¤â¢ Ã Â¤ÅÃ Â¥â¬Ã Â¤ÂµÃ Â¤Â¨ Ã Â¤Â®Ã Â¥â¡Ã Â¤â Ã Â¤â°Ã Â¤Â¨Ã Â¤â¢Ã Â¥â¬ Ã Â¤Â¸Ã Â¥ÂÃ Â¤Â¥Ã Â¤Â¿Ã Â¤Â¤Ã Â¤Â¿ Ã Â¤Â®Ã Â¤ÅÃ Â¤Â¬Ã Â¥âÃ Â¤Â¤ Ã Â¤Â¹Ã Â¥â¹Ã Â¤âÃ Â¥â¬Ã Â¥Â¤ Ã Â¤â°Ã Â¤ÂªÃ Â¤Â°Ã Â¥ÂÃ Â¤Â¯Ã Â¥ÂÃ Â¤â¢Ã Â¥ÂÃ Â¤Â¤ Ã Â¤ÂªÃ Â¥ÆÃ Â¤Â·Ã Â¥ÂÃ Â¤Â Ã Â¤Â­Ã Â¥âÃ Â¤Â®Ã Â¤Â¿ Ã Â¤Â®Ã Â¥â¡Ã Â¤â Ã Â¤Â¸Ã Â¥ÂÃ Â¤Â­Ã Â¤Â¾Ã Â¤Â· Ã Â¤Â­Ã Â¤Â¾Ã Â¤ÂµÃ Â¥â¬ Ã Â¤â¢Ã Â¤Â¾Ã Â¤Â°Ã Â¥ÂÃ Â¤Â°Ã Â¤ÂµÃ Â¤Â¾Ã Â¤Ë Ã Â¤â¢Ã Â¥â¹ Ã Â¤Â²Ã Â¥â¡Ã Â¤â¢Ã Â¤Â° Ã Â¤â¦Ã Â¤Â¸Ã Â¤Â®Ã Â¤âÃ Â¤ÅÃ Â¤Â¸ Ã Â¤Â®Ã Â¥â¡Ã Â¤â Ã Â¤Â¹Ã Â¥ËÃ Â¤âÃ Â¥Â¤ (a) Ã Â¤â°Ã Â¤â¢Ã Â¥ÂÃ Â¤Â¤ Ã Â¤Â®Ã Â¤Â¾Ã Â¤Â®Ã Â¤Â²Ã Â¥â¡ Ã Â¤Â®Ã Â¥â¡Ã Â¤â Ã Â¤Â¶Ã Â¤Â¾Ã Â¤Â®Ã Â¤Â¿Ã Â¤Â² Ã Â¤Â¨Ã Â¥ËÃ Â¤Â¤Ã Â¤Â¿Ã Â¤â¢ Ã Â¤Â®Ã Â¥ÂÃ Â¤Â¦Ã Â¥ÂÃ Â¤Â¦Ã Â¥â¹Ã Â¤â Ã Â¤ÂªÃ Â¤Â° Ã Â¤Å¡Ã Â¤Â°Ã Â¥ÂÃ Â¤Å¡Ã Â¤Â¾ Ã Â¤â¢Ã Â¥â¬Ã Â¤ÅÃ Â¤Â¿Ã Â¤ÂÃ Â¥Â¤ (b) Ã Â¤â°Ã Â¤ÂªÃ Â¤Â°Ã Â¥ÂÃ Â¤Â¯Ã Â¥ÂÃ Â¤â¢Ã Â¥ÂÃ Â¤Â¤ Ã Â¤Â¸Ã Â¥ÂÃ Â¤Â¥Ã Â¤Â¿Ã Â¤Â¤Ã Â¤Â¿ Ã Â¤Â®Ã Â¥â¡Ã Â¤â Ã Â¤Â¸Ã Â¥ÂÃ Â¤Â­Ã Â¤Â¾Ã Â¤Â· Ã Â¤â¢Ã Â¥â¡ Ã Â¤ÂªÃ Â¤Â¾Ã Â¤Â¸ Ã Â¤â°Ã Â¤ÂªÃ Â¤Â²Ã Â¤Â¬Ã Â¥ÂÃ Â¤Â§ Ã Â¤ÂµÃ Â¤Â¿Ã Â¤â¢Ã Â¤Â²Ã Â¥ÂÃ Â¤ÂªÃ Â¥â¹Ã Â¤â Ã Â¤â¢Ã Â¤Â¾ Ã Â¤â Ã Â¤Â²Ã Â¥â¹Ã Â¤Å¡Ã Â¤Â¨Ã Â¤Â¾Ã Â¤Â¤Ã Â¥ÂÃ Â¤Â®Ã Â¤â¢ Ã Â¤ÂªÃ Â¤Â°Ã Â¥â¬Ã Â¤â¢Ã Â¥ÂÃ Â¤Â·Ã Â¤Â£ Ã Â¤â¢Ã Â¥â¬Ã Â¤ÅÃ Â¤Â¿Ã Â¤ÂÃ Â¥Â¤ (c) Ã Â¤â°Ã Â¤ÂªÃ Â¤Â°Ã Â¥ÂÃ Â¤Â¯Ã Â¥ÂÃ Â¤â¢Ã Â¥ÂÃ Â¤Â¤ Ã Â¤Â®Ã Â¥â¡Ã Â¤â Ã Â¤Â¸Ã Â¥â¡ Ã Â¤â¢Ã Â¥ÅÃ Â¤Â¨ Ã Â¤Â¸Ã Â¤Â¾ Ã Â¤Â¸Ã Â¤Â°Ã Â¥ÂÃ Â¤ÂµÃ Â¤Â¾Ã Â¤Â§Ã Â¤Â¿Ã Â¤â¢ Ã Â¤â°Ã Â¤ÂªÃ Â¤Â¯Ã Â¥ÂÃ Â¤â¢Ã Â¥ÂÃ Â¤Â¤ Ã Â¤Â¹Ã Â¥â¹Ã Â¤âÃ Â¤Â¾ Ã Â¤âÃ Â¤Â° Ã Â¤â¢Ã Â¥ÂÃ Â¤Â¯Ã Â¥â¹Ã Â¤â? (Ã Â¤â°Ã Â¤Â¤Ã Â¥ÂÃ Â¤Â¤Ã Â¤Â° 250 Ã Â¤Â¶Ã Â¤Â¬Ã Â¥ÂÃ Â¤Â¦Ã Â¥â¹Ã Â¤â Ã Â¤Â®Ã Â¥â¡Ã Â¤â Ã Â¤Â¦Ã Â¥â¬Ã Â¤ÅÃ Â¤Â¿Ã Â¤Â) Ã¢â¬â 20 Subash is Secretary, PWD in the State Government. He is a senior officer, known for his competence, integrity and dedication to work. He enjoys the trust and confidence of Minister Incharge of PWD and Programme Implementation. As a part of his job profile, he is responsible for policy formulation, execution of projects relating to infrastructure initiatives in the State. Besides, he oversees the technical and administrative aspects relating to planning, designing and construction etc. Subash's Minister is an important Minister in the state and significant growth in urban infrastructure development and road network has been registered during his tenure. He is very keen for launching of ambitious road construction project in the near future. Subash is in regular touch with the Minister and is working various modalities of road construction project. Regular meetings, interactions and presentations are made by him to the Minister before a formal public announcement of the project is made by the Minister. Subash's only son Vikas is in real estate business. His son from his own sources is aware that a mega road project is on the anvil and announcement in this regard is expected anytime. He is very keen to know from his father the exact location of the upcoming project. He knows that there would be quantum jump in the prices of land in the vicinity. Buying land at this stage at cheaper prices would pay him rich dividends. He is pleading with him (his father) day in and day out to share him location of the proposed project. He assured him that he would handle the matter discretely as it would not attract any adverse notice as he in the normal course, keeps on buying land as a part of his business. He feels pressurised because of constant pleadings by his son. Another significant aspect of the matter pertained to the extra/undue interest in the above project by the Minister PWD. His nephew was also having big infrastructure project company. In fact, the Minister has also introduced his nephew to him and indicated to him to take care of his nephew's business interest in the forthcoming project. The Minister encouraged him to act fast in the matter as early announcement and execution of mega road project would enhance his status in the party and public life. In the above backdrop, Subash is in a fix as to the future course of action. (a) Discuss the ethical issues involved in the case. (b) Critically examine the options available to Subash in the above situation. (c) Which of the above would be most appropriate and why? (Answer in 250 words) Ã¢â¬â 20","Subash is Secretary, PWD in the State Government. He is a senior officer, known for his competence, integrity and dedication to work. He enjoys the trust and confidence of Minister Incharge of PWD and Programme Implementation. As a part of his job profile, he is responsible for policy formulation, execution of projects relating to infrastructure initiatives in the State. Besides, he oversees the technical and administrative aspects relating to planning, designing and construction etc. Subash's Minister is an important Minister in the state and significant growth in urban infrastructure development and road network has been registered during his tenure. He is very keen for launching of ambitious road construction project in the near future. Subash is in regular touch with the Minister and is working various modalities of road construction project. Regular meetings, interactions and presentations are made by him to the Minister before a formal public announcement of the project is made by the Minister. Subash's only son Vikas is in real estate business. His son from his own sources is aware that a mega road project is on the anvil and announcement in this regard is expected anytime. He is very keen to know from his father the exact location of the upcoming project. He knows that there would be quantum jump in the prices of land in the vicinity. Buying land at this stage at cheaper prices would pay him rich dividends. He is pleading with him (his father) day in and day out to share him location of the proposed project. He assured him that he would handle the matter discretely as it would not attract any adverse notice as he in the normal course, keeps on buying land as a part of his business. He feels pressurised because of constant pleadings by his son. Another significant aspect of the matter pertained to the extra/undue interest in the above project by the Minister PWD. His nephew was also having big infrastructure project company. In fact, the Minister has also introduced his nephew to him and indicated to him to take care of his nephew's business interest in the forthcoming project. The Minister encouraged him to act fast in the matter as early announcement and execution of mega road project would enhance his status in the party and public life. In the above backdrop, Subash is in a fix as to the future course of action. (a) Discuss the ethical issues involved in the case. (b) Critically examine the options available to Subash in the above situation. (c) Which of the above would be most appropriate and why ?",100.0,keep,true,aggregator,,,,,,,,,,,,,,,,,,
2025,GS4,dee30326-920a-40cf-bee0-a5b4c76760f7,77,,,,"Ã Â¤Â°Ã Â¤Â¾Ã Â¤ÅÃ Â¥â¡Ã Â¤Â¶ Ã Â¤â¦Ã Â¤ÂªÃ Â¤Â¨Ã Â¥â¬ Ã Â¤Â¨Ã Â¥Å Ã Â¤Â¸Ã Â¤Â¾Ã Â¤Â² Ã Â¤â¢Ã Â¥â¬ Ã Â¤Â¸Ã Â¥â¡Ã Â¤ÂµÃ Â¤Â¾ Ã Â¤â¢Ã Â¥â¡ Ã Â¤Â¸Ã Â¤Â¾Ã Â¤Â¥ Ã Â¤âÃ Â¥ÂÃ Â¤Â°Ã Â¥ÂÃ Â¤Âª Ã Â¤Â Ã Â¤â¦Ã Â¤Â§Ã Â¤Â¿Ã Â¤â¢Ã Â¤Â¾Ã Â¤Â°Ã Â¥â¬ Ã Â¤Â¹Ã Â¥ËÃ Â¤âÃ Â¥Â¤ Ã Â¤ÂµÃ Â¤Â¹ Ã Â¤ÂÃ Â¤â¢ Ã Â¤Â¸Ã Â¤Â¾Ã Â¤Â°Ã Â¥ÂÃ Â¤ÂµÃ Â¤ÅÃ Â¤Â¨Ã Â¤Â¿Ã Â¤â¢ Ã Â¤â¢Ã Â¥ÂÃ Â¤Â·Ã Â¥â¡Ã Â¤Â¤Ã Â¥ÂÃ Â¤Â° Ã Â¤â¢Ã Â¥â¡ Ã Â¤Â¤Ã Â¥â¡Ã Â¤Â² Ã Â¤â°Ã Â¤ÂªÃ Â¤â¢Ã Â¥ÂÃ Â¤Â°Ã Â¤Â® Ã Â¤Â®Ã Â¥â¡Ã Â¤â Ã Â¤ÂªÃ Â¥ÂÃ Â¤Â°Ã Â¤Â¶Ã Â¤Â¾Ã Â¤Â¸Ã Â¤Â¨Ã Â¤Â¿Ã Â¤â¢ Ã Â¤â¦Ã Â¤Â§Ã Â¤Â¿Ã Â¤â¢Ã Â¤Â¾Ã Â¤Â°Ã Â¥â¬ Ã Â¤â¢Ã Â¥â¡ Ã Â¤Â°Ã Â¥âÃ Â¤Âª Ã Â¤Â®Ã Â¥â¡Ã Â¤â Ã Â¤Â¤Ã Â¥ËÃ Â¤Â¨Ã Â¤Â¾Ã Â¤Â¤ Ã Â¤Â¹Ã Â¥ËÃ Â¤âÃ Â¥Â¤ Ã Â¤ÂÃ Â¤â¢ Ã Â¤ÂªÃ Â¥ÂÃ Â¤Â°Ã Â¤Â¶Ã Â¤Â¾Ã Â¤Â¸Ã Â¤Â¨Ã Â¤Â¿Ã Â¤â¢ Ã Â¤â¦Ã Â¤Â§Ã Â¤Â¿Ã Â¤â¢Ã Â¤Â¾Ã Â¤Â°Ã Â¥â¬ Ã Â¤â¢Ã Â¥â¡ Ã Â¤Â°Ã Â¥âÃ Â¤Âª Ã Â¤Â®Ã Â¥â¡Ã Â¤â, Ã Â¤ÂµÃ Â¤Â¹ Ã Â¤â¢Ã Â¤Â¾Ã Â¤Â°Ã Â¥ÂÃ Â¤Â¯Ã Â¤Â¾Ã Â¤Â²Ã Â¤Â¯ Ã Â¤â¢Ã Â¥â¡ Ã Â¤Â¸Ã Â¥ÂÃ Â¤Å¡Ã Â¤Â¾Ã Â¤Â°Ã Â¥Â Ã Â¤Â¸Ã Â¤âÃ Â¤Å¡Ã Â¤Â¾Ã Â¤Â²Ã Â¤Â¨ Ã Â¤â¢Ã Â¥â¹ Ã Â¤Â¸Ã Â¥ÂÃ Â¤Â¨Ã Â¤Â¿Ã Â¤Â¶Ã Â¥ÂÃ Â¤Å¡Ã Â¤Â¿Ã Â¤Â¤ Ã Â¤â¢Ã Â¤Â°Ã Â¤Â¨Ã Â¥â¡ Ã Â¤â¢Ã Â¥â¡ Ã Â¤Â²Ã Â¤Â¿Ã Â¤Â Ã Â¤ÂµÃ Â¤Â¿Ã Â¤Â­Ã Â¤Â¿Ã Â¤Â¨Ã Â¥ÂÃ Â¤Â¨ Ã Â¤ÂªÃ Â¥ÂÃ Â¤Â°Ã Â¤Â¶Ã Â¤Â¾Ã Â¤Â¸Ã Â¤Â¨Ã Â¤Â¿Ã Â¤â¢ Ã Â¤â¢Ã Â¤Â¾Ã Â¤Â°Ã Â¥ÂÃ Â¤Â¯Ã Â¥â¹Ã Â¤â Ã Â¤â¢Ã Â¥â¡ Ã Â¤ÂªÃ Â¥ÂÃ Â¤Â°Ã Â¤Â¬Ã Â¤âÃ Â¤Â§Ã Â¤Â¨ Ã Â¤âÃ Â¤Â° Ã Â¤Â¸Ã Â¤Â®Ã Â¤Â¨Ã Â¥ÂÃ Â¤ÂµÃ Â¤Â¯ Ã Â¤Â¹Ã Â¥â¡Ã Â¤Â¤Ã Â¥Â Ã Â¤ÅÃ Â¤Â¿Ã Â¤Â®Ã Â¥ÂÃ Â¤Â®Ã Â¥â¡Ã Â¤Â¦Ã Â¤Â¾Ã Â¤Â° Ã Â¤Â¹Ã Â¥ËÃ Â¤âÃ Â¥Â¤ Ã Â¤ÂµÃ Â¤Â¹ Ã Â¤â¢Ã Â¤Â¾Ã Â¤Â°Ã Â¥ÂÃ Â¤Â¯Ã Â¤Â¾Ã Â¤Â²Ã Â¤Â¯ Ã Â¤â¢Ã Â¥â¬ Ã Â¤â Ã Â¤ÂªÃ Â¥âÃ Â¤Â°Ã Â¥ÂÃ Â¤Â¤Ã Â¤Â¿, Ã Â¤â°Ã Â¤ÂªÃ Â¤â¢Ã Â¤Â°Ã Â¤Â£ Ã Â¤â Ã Â¤Â¦Ã Â¤Â¿ Ã Â¤â¢Ã Â¤Â¾ Ã Â¤ÂªÃ Â¥ÂÃ Â¤Â°Ã Â¤Â¬Ã Â¤âÃ Â¤Â§Ã Â¤Â¨ Ã Â¤Â­Ã Â¥â¬ Ã Â¤â¢Ã Â¤Â°Ã Â¤Â¤Ã Â¥â¡ Ã Â¤Â¹Ã Â¥ËÃ Â¤âÃ Â¥Â¤ Ã Â¤Â°Ã Â¤Â¾Ã Â¤ÅÃ Â¥â¡Ã Â¤Â¶ Ã Â¤â¦Ã Â¤Â¬ Ã Â¤â¢Ã Â¤Â¾Ã Â¤Â«Ã Â¥â¬ Ã Â¤ÂµÃ Â¤Â°Ã Â¤Â¿Ã Â¤Â·Ã Â¥ÂÃ Â¤Â  Ã Â¤Â¹Ã Â¥â¹ Ã Â¤âÃ Â¤Â Ã Â¤Â¹Ã Â¥ËÃ Â¤â Ã Â¤âÃ Â¤Â° Ã Â¤â¦Ã Â¤âÃ Â¤Â²Ã Â¥â¡ Ã Â¤ÂÃ Â¤â¢ Ã Â¤Â¯Ã Â¤Â¾ Ã Â¤Â¦Ã Â¥â¹ Ã Â¤ÂµÃ Â¤Â°Ã Â¥ÂÃ Â¤Â·Ã Â¥â¹Ã Â¤â Ã Â¤Â®Ã Â¥â¡Ã Â¤â Ã Â¤ÅÃ Â¥â¡Ã Â¤ÂÃ Â¤ÅÃ Â¥â¬ (Ã Â¤ÅÃ Â¥âÃ Â¤Â¨Ã Â¤Â¿Ã Â¤Â¯Ã Â¤Â° Ã Â¤ÂÃ Â¤Â¡Ã Â¤Â®Ã Â¤Â¿Ã Â¤Â¨Ã Â¤Â¿Ã Â¤Â¸Ã Â¥ÂÃ Â¤Å¸Ã Â¥ÂÃ Â¤Â°Ã Â¥â¡Ã Â¤Å¸Ã Â¤Â¿Ã Â¤Âµ Ã Â¤âÃ Â¥ÂÃ Â¤Â°Ã Â¥â¡Ã Â¤Â¡) Ã Â¤Â®Ã Â¥â¡Ã Â¤â Ã Â¤â°Ã Â¤Â¨Ã Â¤â¢Ã Â¥â¬ Ã Â¤ÂªÃ Â¤Â¦Ã Â¥â¹Ã Â¤Â¨Ã Â¥ÂÃ Â¤Â¨Ã Â¤Â¤Ã Â¤Â¿ Ã Â¤â¢Ã Â¥â¬ Ã Â¤â°Ã Â¤Â®Ã Â¥ÂÃ Â¤Â®Ã Â¥â¬Ã Â¤Â¦ Ã Â¤Â¹Ã Â¥ËÃ Â¥Â¤ Ã Â¤ÂµÃ Â¤Â¹ Ã Â¤ÅÃ Â¤Â¾Ã Â¤Â¨Ã Â¤Â¤Ã Â¥â¡ Ã Â¤Â¹Ã Â¥ËÃ Â¤â Ã Â¤â¢Ã Â¤Â¿ Ã Â¤ÂªÃ Â¤Â¦Ã Â¥â¹Ã Â¤Â¨Ã Â¥ÂÃ Â¤Â¨Ã Â¤Â¤Ã Â¤Â¿, Ã Â¤Â¡Ã Â¥â¬Ã Â¤ÂªÃ Â¥â¬Ã Â¤Â¸Ã Â¥â¬ (Ã Â¤ÂµÃ Â¤Â¿Ã Â¤Â­Ã Â¤Â¾Ã Â¤âÃ Â¥â¬Ã Â¤Â¯ Ã Â¤ÂªÃ Â¤Â¦Ã Â¥â¹Ã Â¤Â¨Ã Â¥ÂÃ Â¤Â¨Ã Â¤Â¤Ã Â¤Â¿ Ã Â¤Â¸Ã Â¤Â®Ã Â¤Â¿Ã Â¤Â¤Ã Â¤Â¿) Ã Â¤Â¦Ã Â¥ÂÃ Â¤ÂµÃ Â¤Â¾Ã Â¤Â°Ã Â¤Â¾ Ã Â¤â¦Ã Â¤Â§Ã Â¤Â¿Ã Â¤â¢Ã Â¤Â¾Ã Â¤Â°Ã Â¥â¬ Ã Â¤â¢Ã Â¥â¬ Ã Â¤ÂªÃ Â¤Â¿Ã Â¤âºÃ Â¤Â²Ã Â¥â¡ Ã Â¤â¢Ã Â¥ÂÃ Â¤âº Ã Â¤ÂµÃ Â¤Â°Ã Â¥ÂÃ Â¤Â·Ã Â¥â¹Ã Â¤â (Ã Â¤Â²Ã Â¤âÃ Â¤Â­Ã Â¤â 5 Ã Â¤ÂµÃ Â¤Â°Ã Â¥ÂÃ Â¤Â·) Ã Â¤â¢Ã Â¥â¬ Ã Â¤ÂÃ Â¤Â¸Ã Â¥â¬Ã Â¤â Ã Â¤Â°/Ã Â¤Â¨Ã Â¤Â¿Ã Â¤Â·Ã Â¥ÂÃ Â¤ÂªÃ Â¤Â¾Ã Â¤Â¦Ã Â¤Â¨ Ã Â¤Â®Ã Â¥âÃ Â¤Â²Ã Â¥ÂÃ Â¤Â¯Ã Â¤Â¾Ã Â¤âÃ Â¤â¢Ã Â¤Â¨ Ã Â¤â¢Ã Â¥â¬ Ã Â¤ÅÃ Â¤Â¾Ã Â¤âÃ Â¤Å¡ Ã Â¤â¢Ã Â¥â¡ Ã Â¤â Ã Â¤Â§Ã Â¤Â¾Ã Â¤Â° Ã Â¤ÂªÃ Â¤Â° Ã Â¤Â¹Ã Â¥â¹Ã Â¤Â¤Ã Â¥â¬ Ã Â¤Â¹Ã Â¥Ë Ã Â¤Â¤Ã Â¤Â¥Ã Â¤Â¾ Ã Â¤ÂÃ Â¤Â¸Ã Â¥â¬Ã Â¤â Ã Â¤Â° Ã Â¤Â®Ã Â¥â¡Ã Â¤â Ã Â¤â¦Ã Â¤ÂªÃ Â¥â¡Ã Â¤â¢Ã Â¥ÂÃ Â¤Â·Ã Â¤Â¿Ã Â¤Â¤ Ã Â¤âÃ Â¥ÂÃ Â¤Â°Ã Â¥â¡Ã Â¤Â¡Ã Â¤Â¿Ã Â¤âÃ Â¤â Ã Â¤â¢Ã Â¥â¡ Ã Â¤â¦Ã Â¤Â­Ã Â¤Â¾Ã Â¤Âµ Ã Â¤ÂµÃ Â¤Â¾Ã Â¤Â²Ã Â¥â¡ Ã Â¤â¦Ã Â¤Â§Ã Â¤Â¿Ã Â¤â¢Ã Â¤Â¾Ã Â¤Â°Ã Â¥â¬ Ã Â¤â¢Ã Â¥â¹ Ã Â¤ÂªÃ Â¤Â¦Ã Â¥â¹Ã Â¤Â¨Ã Â¥ÂÃ Â¤Â¨Ã Â¤Â¤Ã Â¤Â¿ Ã Â¤â¢Ã Â¥â¡ Ã Â¤Â²Ã Â¤Â¿Ã Â¤Â Ã Â¤â°Ã Â¤ÂªÃ Â¤Â¯Ã Â¥ÂÃ Â¤â¢Ã Â¥ÂÃ Â¤Â¤ Ã Â¤Â¨Ã Â¤Â¹Ã Â¥â¬Ã Â¤â Ã Â¤ÂªÃ Â¤Â¾Ã Â¤Â¯Ã Â¤Â¾ Ã Â¤ÅÃ Â¤Â¾ Ã Â¤Â¸Ã Â¤â¢Ã Â¤Â¤Ã Â¤Â¾Ã Â¥Â¤ Ã Â¤ÂªÃ Â¤Â¦Ã Â¥â¹Ã Â¤Â¨Ã Â¥ÂÃ Â¤Â¨Ã Â¤Â¤Ã Â¤Â¿ Ã Â¤âÃ Â¥â¹Ã Â¤Â¨Ã Â¥â¡ Ã Â¤â¢Ã Â¥â¡ Ã Â¤ÂªÃ Â¤Â°Ã Â¤Â¿Ã Â¤Â£Ã Â¤Â¾Ã Â¤Â®Ã Â¤Â¸Ã Â¥ÂÃ Â¤ÂµÃ Â¤Â°Ã Â¥âÃ Â¤Âª Ã Â¤ÂµÃ Â¤Â¿Ã Â¤Â¤Ã Â¥ÂÃ Â¤Â¤Ã Â¥â¬Ã Â¤Â¯ Ã Â¤âÃ Â¤Â° Ã Â¤ÂªÃ Â¥ÂÃ Â¤Â°Ã Â¤Â¤Ã Â¤Â¿Ã Â¤Â·Ã Â¥ÂÃ Â¤Â Ã Â¤Â¾ Ã Â¤Â¸Ã Â¤âÃ Â¤Â¬Ã Â¤âÃ Â¤Â§Ã Â¥â¬ Ã Â¤Â¹Ã Â¤Â¾Ã Â¤Â¨Ã Â¤Â¿ Ã Â¤Â¹Ã Â¥â¹ Ã Â¤Â¸Ã Â¤â¢Ã Â¤Â¤Ã Â¥â¬ Ã Â¤Â¹Ã Â¥Ë Ã Â¤Â¤Ã Â¤Â¥Ã Â¤Â¾ Ã Â¤â¢Ã Â¥ËÃ Â¤Â°Ã Â¤Â¿Ã Â¤Â¯Ã Â¤Â° Ã Â¤â¢Ã Â¥â¬ Ã Â¤ÂªÃ Â¥ÂÃ Â¤Â°Ã Â¤âÃ Â¤Â¤Ã Â¤Â¿ Ã Â¤Â®Ã Â¥â¡Ã Â¤â Ã Â¤Â¬Ã Â¤Â¾Ã Â¤Â§Ã Â¤Â¾ Ã Â¤â  Ã Â¤Â¸Ã Â¤â¢Ã Â¤Â¤Ã Â¥â¬ Ã Â¤Â¹Ã Â¥ËÃ Â¥Â¤ Ã Â¤Â¯Ã Â¤Â¦Ã Â¥ÂÃ Â¤Â¯Ã Â¤ÂªÃ Â¤Â¿ Ã Â¤ÂµÃ Â¤Â¹ Ã Â¤â¦Ã Â¤ÂªÃ Â¤Â¨Ã Â¥â¡ Ã Â¤â¢Ã Â¤Â°Ã Â¥ÂÃ Â¤Â¤Ã Â¤ÂµÃ Â¥ÂÃ Â¤Â¯Ã Â¥â¹Ã Â¤â Ã Â¤â¢Ã Â¥â¡ Ã Â¤Â¨Ã Â¤Â¿Ã Â¤Â°Ã Â¥ÂÃ Â¤ÂµÃ Â¤Â¹Ã Â¤Â¨ Ã Â¤Â®Ã Â¥â¡Ã Â¤â Ã Â¤â¦Ã Â¤ÂªÃ Â¤Â¨Ã Â¤Â¾ Ã Â¤Â¸Ã Â¤Â°Ã Â¥ÂÃ Â¤ÂµÃ Â¤Â¶Ã Â¥ÂÃ Â¤Â°Ã Â¥â¡Ã Â¤Â·Ã Â¥ÂÃ Â¤Â  Ã Â¤ÂªÃ Â¥ÂÃ Â¤Â°Ã Â¤Â¯Ã Â¤Â¾Ã Â¤Â¸ Ã Â¤â¢Ã Â¤Â°Ã Â¤Â¤Ã Â¥â¡ Ã Â¤Â¹Ã Â¥ËÃ Â¤â, Ã Â¤Â«Ã Â¤Â¿Ã Â¤Â° Ã Â¤Â­Ã Â¥â¬, Ã Â¤ÂµÃ Â¤Â¹ Ã Â¤â¦Ã Â¤ÂªÃ Â¤Â¨Ã Â¥â¡ Ã Â¤ÂµÃ Â¤Â°Ã Â¤Â¿Ã Â¤Â·Ã Â¥ÂÃ Â¤Â  Ã Â¤â¦Ã Â¤Â§Ã Â¤Â¿Ã Â¤â¢Ã Â¤Â¾Ã Â¤Â°Ã Â¥â¬ Ã Â¤Â¦Ã Â¥ÂÃ Â¤ÂµÃ Â¤Â¾Ã Â¤Â°Ã Â¤Â¾ Ã Â¤â¢Ã Â¤Â¿Ã Â¤Â¯Ã Â¥â¡ Ã Â¤ÅÃ Â¤Â¾Ã Â¤Â¨Ã Â¥â¡ Ã Â¤ÂµÃ Â¤Â¾Ã Â¤Â²Ã Â¥â¡ Ã Â¤Â®Ã Â¥âÃ Â¤Â²Ã Â¥ÂÃ Â¤Â¯Ã Â¤Â¾Ã Â¤âÃ Â¤â¢Ã Â¤Â¨ Ã Â¤â¢Ã Â¥â¡ Ã Â¤Â¬Ã Â¤Â¾Ã Â¤Â°Ã Â¥â¡ Ã Â¤Â®Ã Â¥â¡Ã Â¤â Ã Â¤â¦Ã Â¤Â¨Ã Â¤Â¿Ã Â¤Â¶Ã Â¥ÂÃ Â¤Å¡Ã Â¤Â¿Ã Â¤Â¤ Ã Â¤Â¹Ã Â¥ËÃ Â¤âÃ Â¥Â¤ Ã Â¤â¦Ã Â¤Â¬ Ã Â¤ÂµÃ Â¤Â¹ Ã Â¤â¦Ã Â¤Â¤Ã Â¤Â¿Ã Â¤Â°Ã Â¤Â¿Ã Â¤â¢Ã Â¥ÂÃ Â¤Â¤ Ã Â¤ÂªÃ Â¥ÂÃ Â¤Â°Ã Â¤Â¯Ã Â¤Â¾Ã Â¤Â¸ Ã Â¤â¢Ã Â¤Â° Ã Â¤Â°Ã Â¤Â¹Ã Â¥â¡ Ã Â¤Â¹Ã Â¥ËÃ Â¤â, Ã Â¤Â¤Ã Â¤Â¾Ã Â¤â¢Ã Â¤Â¿ Ã Â¤ÂµÃ Â¤Â¿Ã Â¤Â¤Ã Â¥ÂÃ Â¤Â¤Ã Â¥â¬Ã Â¤Â¯ Ã Â¤ÂµÃ Â¤Â°Ã Â¥ÂÃ Â¤Â· Ã Â¤â¢Ã Â¥â¡ Ã Â¤â¦Ã Â¤âÃ Â¤Â¤ Ã Â¤Â®Ã Â¥â¡Ã Â¤â Ã Â¤â°Ã Â¤Â¨Ã Â¥ÂÃ Â¤Â¹Ã Â¥â¡Ã Â¤â Ã Â¤Â¶Ã Â¤Â¾Ã Â¤Â¨Ã Â¤Â¦Ã Â¤Â¾Ã Â¤Â° Ã Â¤Â°Ã Â¤Â¿Ã Â¤ÂªÃ Â¥â¹Ã Â¤Â°Ã Â¥ÂÃ Â¤Å¸ Ã Â¤Â®Ã Â¤Â¿Ã Â¤Â²Ã Â¥â¡Ã Â¥Â¤ Ã Â¤ÂªÃ Â¥ÂÃ Â¤Â°Ã Â¤Â¶Ã Â¤Â¾Ã Â¤Â¸Ã Â¤Â¨Ã Â¤Â¿Ã Â¤â¢ Ã Â¤â¦Ã Â¤Â§Ã Â¤Â¿Ã Â¤â¢Ã Â¤Â¾Ã Â¤Â°Ã Â¥â¬ Ã Â¤â¢Ã Â¥â¡ Ã Â¤Â°Ã Â¥âÃ Â¤Âª Ã Â¤Â®Ã Â¥â¡Ã Â¤â Ã Â¤Â°Ã Â¤Â¾Ã Â¤ÅÃ Â¥â¡Ã Â¤Â¶ Ã Â¤Â¨Ã Â¤Â¿Ã Â¤Â¯Ã Â¤Â®Ã Â¤Â¿Ã Â¤Â¤ Ã Â¤Â°Ã Â¥âÃ Â¤Âª Ã Â¤Â¸Ã Â¥â¡ Ã Â¤â¦Ã Â¤ÂªÃ Â¤Â¨Ã Â¥â¡ Ã Â¤Â¤Ã Â¤Â¾Ã Â¤Â¤Ã Â¥ÂÃ Â¤â¢Ã Â¤Â¾Ã Â¤Â²Ã Â¤Â¿Ã Â¤â¢ Ã Â¤Â¬Ã Â¥â°Ã Â¤Â¸ Ã Â¤â¢Ã Â¥â¡ Ã Â¤Â¸Ã Â¤Â¾Ã Â¤Â¥ Ã Â¤Â¬Ã Â¤Â¾Ã Â¤Â¤Ã Â¤Å¡Ã Â¥â¬Ã Â¤Â¤ Ã Â¤â¢Ã Â¤Â°Ã Â¤Â¤Ã Â¥â¡ Ã Â¤Â°Ã Â¤Â¹Ã Â¤Â¤Ã Â¥â¡ Ã Â¤Â¹Ã Â¥ËÃ Â¤â, Ã Â¤ÅÃ Â¥â¹ Ã Â¤â°Ã Â¤Â¨Ã Â¤â¢Ã Â¥â¬ Ã Â¤ÂÃ Â¤Â¸Ã Â¥â¬Ã Â¤â Ã Â¤Â° Ã Â¤Â²Ã Â¤Â¿Ã Â¤âÃ Â¤Â¨Ã Â¥â¡ Ã Â¤ÂµÃ Â¤Â¾Ã Â¤Â²Ã Â¥â¡ Ã Â¤Â°Ã Â¤Â¿Ã Â¤ÂªÃ Â¥â¹Ã Â¤Â°Ã Â¥ÂÃ Â¤Å¸Ã Â¤Â¿Ã Â¤âÃ Â¤â Ã Â¤â¦Ã Â¤Â§Ã Â¤Â¿Ã Â¤â¢Ã Â¤Â¾Ã Â¤Â°Ã Â¥â¬ Ã Â¤Â¹Ã Â¥ËÃ Â¤âÃ Â¥Â¤ Ã Â¤ÂÃ Â¤â¢ Ã Â¤Â¦Ã Â¤Â¿Ã Â¤Â¨ Ã Â¤â°Ã Â¤Â¨Ã Â¥ÂÃ Â¤Â¹Ã Â¥â¹Ã Â¤âÃ Â¤Â¨Ã Â¥â¡ Ã Â¤Â°Ã Â¤Â¾Ã Â¤ÅÃ Â¥â¡Ã Â¤Â¶ Ã Â¤â¢Ã Â¥â¹ Ã Â¤Â¬Ã Â¥ÂÃ Â¤Â²Ã Â¤Â¾Ã Â¤Â¯Ã Â¤Â¾ Ã Â¤âÃ Â¤Â° Ã Â¤â¢Ã Â¤Â¹Ã Â¤Â¾ Ã Â¤â¢Ã Â¤Â¿ Ã Â¤ÂÃ Â¤â¢ Ã Â¤ÂµÃ Â¤Â¿Ã Â¤Â¶Ã Â¥â¡Ã Â¤Â· Ã Â¤ÂµÃ Â¤Â¿Ã Â¤â¢Ã Â¥ÂÃ Â¤Â°Ã Â¥â¡Ã Â¤Â¤Ã Â¤Â¾ Ã Â¤Â¸Ã Â¥â¡ Ã Â¤ÂªÃ Â¥ÂÃ Â¤Â°Ã Â¤Â¾Ã Â¤Â¥Ã Â¤Â®Ã Â¤Â¿Ã Â¤â¢Ã Â¤Â¤Ã Â¤Â¾ Ã Â¤â¢Ã Â¥â¡ Ã Â¤â Ã Â¤Â§Ã Â¤Â¾Ã Â¤Â° Ã Â¤ÂªÃ Â¤Â° Ã Â¤â¢Ã Â¤âÃ Â¤ÂªÃ Â¥ÂÃ Â¤Â¯Ã Â¥âÃ Â¤Å¸Ã Â¤Â° Ã Â¤Â¸Ã Â¥â¡ Ã Â¤Â¸Ã Â¤âÃ Â¤Â¬Ã Â¤âÃ Â¤Â§Ã Â¤Â¿Ã Â¤Â¤ Ã Â¤Â¸Ã Â¥ÂÃ Â¤Å¸Ã Â¥â¡Ã Â¤Â¶Ã Â¤Â¨Ã Â¤Â°Ã Â¥â¬ Ã Â¤âÃ Â¤Â°Ã Â¥â¬Ã Â¤Â¦Ã Â¥â¡Ã Â¤âÃ Â¥Â¤ Ã Â¤Â°Ã Â¤Â¾Ã Â¤ÅÃ Â¥â¡Ã Â¤Â¶ Ã Â¤â¦Ã Â¤ÂªÃ Â¤Â¨Ã Â¥â¡ Ã Â¤â¢Ã Â¤Â¾Ã Â¤Â°Ã Â¥ÂÃ Â¤Â¯Ã Â¤Â¾Ã Â¤Â²Ã Â¤Â¯ Ã Â¤â¢Ã Â¥â¹ Ã Â¤â¡Ã Â¤Â¨ Ã Â¤ÂµÃ Â¤Â¸Ã Â¥ÂÃ Â¤Â¤Ã Â¥ÂÃ Â¤âÃ Â¤â Ã Â¤â¢Ã Â¥â¬ Ã Â¤âÃ Â¤Â°Ã Â¥â¬Ã Â¤Â¦ Ã Â¤â¢Ã Â¥â¡ Ã Â¤Â²Ã Â¤Â¿Ã Â¤Â Ã Â¤â¢Ã Â¤Â¾Ã Â¤Â°Ã Â¤ÂµÃ Â¤Â¾Ã Â¤Ë Ã Â¤Â¶Ã Â¥ÂÃ Â¤Â°Ã Â¥â Ã Â¤â¢Ã Â¤Â°Ã Â¤Â¨Ã Â¥â¡ Ã Â¤â¢Ã Â¤Â¾ Ã Â¤Â¨Ã Â¤Â¿Ã Â¤Â°Ã Â¥ÂÃ Â¤Â¦Ã Â¥â¡Ã Â¤Â¶ Ã Â¤Â¦Ã Â¥â¡Ã Â¤Â¤Ã Â¥â¡ Ã Â¤Â¹Ã Â¥ËÃ Â¤âÃ Â¥Â¤ Ã Â¤â°Ã Â¤Â¸Ã Â¥â¬ Ã Â¤Â¦Ã Â¤Â¿Ã Â¤Â¨ Ã Â¤Â¸Ã Â¤âÃ Â¤Â¬Ã Â¤âÃ Â¤Â§Ã Â¤Â¿Ã Â¤Â¤ Ã Â¤Â¸Ã Â¤Â¹Ã Â¤Â¾Ã Â¤Â¯Ã Â¤â¢ Ã Â¤â°Ã Â¤Â¸Ã Â¥â¬ Ã Â¤ÂµÃ Â¤Â¿Ã Â¤â¢Ã Â¥ÂÃ Â¤Â°Ã Â¥â¡Ã Â¤Â¤Ã Â¤Â¾ Ã Â¤â¢Ã Â¥â¬ Ã Â¤Â¸Ã Â¤Â­Ã Â¥â¬ Ã Â¤Â¸Ã Â¥ÂÃ Â¤Å¸Ã Â¥â¡Ã Â¤Â¶Ã Â¤Â¨Ã Â¤Â°Ã Â¥â¬ Ã Â¤Â¸Ã Â¤Â¾Ã Â¤Â®Ã Â¤âÃ Â¥ÂÃ Â¤Â°Ã Â¥â¬ Ã Â¤Â¸Ã Â¤Â®Ã Â¥ÂÃ Â¤Â®Ã Â¤Â¿Ã Â¤Â²Ã Â¤Â¿Ã Â¤Â¤ Ã Â¤â¢Ã Â¤Â°Ã Â¤Â¤Ã Â¥â¡ Ã Â¤Â¹Ã Â¥ÂÃ Â¤Â Ã Â¤ÂªÃ Â¥ËÃ Â¤âÃ Â¤Â¤Ã Â¥â¬Ã Â¤Â¸ Ã Â¤Â²Ã Â¤Â¾Ã Â¤â Ã Â¤Â°Ã Â¥ÂÃ Â¤ÂªÃ Â¤Â¯Ã Â¥â¡ Ã Â¤â¢Ã Â¤Â¾ Ã Â¤â¦Ã Â¤Â¨Ã Â¥ÂÃ Â¤Â®Ã Â¤Â¾Ã Â¤Â¨ Ã Â¤ÂªÃ Â¤Â¤Ã Â¥ÂÃ Â¤Â° Ã Â¤Â²Ã Â¤Â¾Ã Â¤Â¤Ã Â¤Â¾ Ã Â¤Â¹Ã Â¥ËÃ Â¥Â¤ Ã Â¤Â¯Ã Â¤Â¹ Ã Â¤Â¦Ã Â¥â¡Ã Â¤âÃ Â¤Â¾ Ã Â¤âÃ Â¤Â¯Ã Â¤Â¾ Ã Â¤â¢Ã Â¤Â¿ Ã Â¤â°Ã Â¤Â¸ Ã Â¤Â¸Ã Â¤âÃ Â¤âÃ Â¤Â Ã Â¤Â¨ Ã Â¤Â®Ã Â¥â¡Ã Â¤â Ã Â¤Â²Ã Â¤Â¾Ã Â¤âÃ Â¥â Ã Â¤ÅÃ Â¥â¬Ã Â¤ÂÃ Â¤Â«Ã Â¤â Ã Â¤Â° (Ã Â¤Â¸Ã Â¤Â¾Ã Â¤Â®Ã Â¤Â¾Ã Â¤Â¨Ã Â¥ÂÃ Â¤Â¯ Ã Â¤ÂµÃ Â¤Â¿Ã Â¤Â¤Ã Â¥ÂÃ Â¤Â¤Ã Â¥â¬Ã Â¤Â¯ Ã Â¤Â¨Ã Â¤Â¿Ã Â¤Â¯Ã Â¤Â®Ã Â¥â¹Ã Â¤â) Ã Â¤â¢Ã Â¥â¡ Ã Â¤â¦Ã Â¤Â¨Ã Â¥ÂÃ Â¤Â¸Ã Â¤Â¾Ã Â¤Â°, Ã Â¤â¢Ã Â¤Â¾Ã Â¤Â°Ã Â¥ÂÃ Â¤Â¯Ã Â¤Â¾Ã Â¤Â²Ã Â¤Â¯ Ã Â¤Â®Ã Â¤Â¦Ã Â¥â¹Ã Â¤â Ã Â¤â¢Ã Â¥â¡ Ã Â¤Â²Ã Â¤Â¿Ã Â¤Â Ã Â¤Â¤Ã Â¥â¬Ã Â¤Â¸ Ã Â¤Â²Ã Â¤Â¾Ã Â¤â Ã Â¤Â°Ã Â¥ÂÃ Â¤ÂªÃ Â¤Â¯Ã Â¥â¡ Ã Â¤Â¸Ã Â¥â¡ Ã Â¤â¦Ã Â¤Â§Ã Â¤Â¿Ã Â¤â¢ Ã Â¤â¢Ã Â¥â¡ Ã Â¤ÂµÃ Â¥ÂÃ Â¤Â¯Ã Â¤Â¯ Ã Â¤â¢Ã Â¥â¡ Ã Â¤Â²Ã Â¤Â¿Ã Â¤Â Ã Â¤â¦Ã Â¤âÃ Â¤Â²Ã Â¥â¡ Ã Â¤â°Ã Â¤Å¡Ã Â¥ÂÃ Â¤Å¡ Ã Â¤ÂªÃ Â¥ÂÃ Â¤Â°Ã Â¤Â¾Ã Â¤Â§Ã Â¤Â¿Ã Â¤â¢Ã Â¤Â¾Ã Â¤Â°Ã Â¥â¬ (Ã Â¤ÂµÃ Â¤Â°Ã Â¥ÂÃ Â¤Â¤Ã Â¤Â®Ã Â¤Â¾Ã Â¤Â¨ Ã Â¤Â®Ã Â¤Â¾Ã Â¤Â®Ã Â¤Â²Ã Â¥â¡ Ã Â¤Â®Ã Â¥â¡Ã Â¤â Ã Â¤Â¬Ã Â¥â°Ã Â¤Â¸) Ã Â¤â¢Ã Â¥â¬ Ã Â¤Â®Ã Â¤âÃ Â¤ÅÃ Â¥âÃ Â¤Â°Ã Â¥â¬ Ã Â¤â¢Ã Â¥â¬ Ã Â¤â Ã Â¤ÂµÃ Â¤Â¶Ã Â¥ÂÃ Â¤Â¯Ã Â¤â¢Ã Â¤Â¤Ã Â¤Â¾ Ã Â¤Â¹Ã Â¥â¹Ã Â¤Â¤Ã Â¥â¬ Ã Â¤Â¹Ã Â¥ËÃ Â¥Â¤ Ã Â¤Â°Ã Â¤Â¾Ã Â¤ÅÃ Â¥â¡Ã Â¤Â¶ Ã Â¤â¢Ã Â¥â¹ Ã Â¤ÂªÃ Â¤Â¤Ã Â¤Â¾ Ã Â¤Â¹Ã Â¥Ë Ã Â¤â¢Ã Â¤Â¿ Ã Â¤â°Ã Â¤Â¨Ã Â¤â¢Ã Â¥â¡ Ã Â¤ÂµÃ Â¤Â°Ã Â¤Â¿Ã Â¤Â·Ã Â¥ÂÃ Â¤Â  Ã Â¤â¦Ã Â¤Â§Ã Â¤Â¿Ã Â¤â¢Ã Â¤Â¾Ã Â¤Â°Ã Â¥â¬ Ã Â¤Â¯Ã Â¤Â¹ Ã Â¤â°Ã Â¤Â®Ã Â¥ÂÃ Â¤Â®Ã Â¥â¬Ã Â¤Â¦ Ã Â¤â¢Ã Â¤Â°Ã Â¥â¡Ã Â¤âÃ Â¤âÃ Â¥â¡ Ã Â¤â¢Ã Â¤Â¿ Ã Â¤Â¯Ã Â¥â¡ Ã Â¤Â¸Ã Â¤Â¾Ã Â¤Â°Ã Â¥â¬ Ã Â¤âÃ Â¤Â°Ã Â¥â¬Ã Â¤Â¦Ã Â¤Â¾Ã Â¤Â°Ã Â¥â¬ Ã Â¤â°Ã Â¤Â¨Ã Â¤â¢Ã Â¥â¡ Ã Â¤Â¸Ã Â¥ÂÃ Â¤Â¤Ã Â¤Â° Ã Â¤ÂªÃ Â¤Â° Ã Â¤Â¹Ã Â¥â¹ Ã Â¤âÃ Â¤Â° Ã Â¤ÂµÃ Â¥â¡ Ã Â¤â°Ã Â¤Â¨Ã Â¤â¢Ã Â¥â¬ Ã Â¤âÃ Â¤Â° Ã Â¤Â¸Ã Â¥â¡ Ã Â¤â¡Ã Â¤Â¸ Ã Â¤Â¤Ã Â¤Â°Ã Â¤Â¹ Ã Â¤â¢Ã Â¥â¬ Ã Â¤ÂªÃ Â¤Â¹Ã Â¤Â² Ã Â¤â¢Ã Â¥â¬ Ã Â¤â¢Ã Â¤Â®Ã Â¥â¬ Ã Â¤â¢Ã Â¥â¹ Ã Â¤ÂªÃ Â¤Â¸Ã Â¤âÃ Â¤Â¦ Ã Â¤Â¨Ã Â¤Â¹Ã Â¥â¬Ã Â¤â Ã Â¤â¢Ã Â¤Â°Ã Â¥â¡Ã Â¤âÃ Â¤âÃ Â¥â¡Ã Â¥Â¤ Ã Â¤â¢Ã Â¤Â¾Ã Â¤Â°Ã Â¥ÂÃ Â¤Â¯Ã Â¤Â¾Ã Â¤Â²Ã Â¤Â¯ Ã Â¤â¢Ã Â¥â¡ Ã Â¤Â¸Ã Â¤Â¾Ã Â¤Â¥ Ã Â¤ÂµÃ Â¤Â¿Ã Â¤Å¡Ã Â¤Â¾Ã Â¤Â°-Ã Â¤ÂµÃ Â¤Â¿Ã Â¤Â®Ã Â¤Â°Ã Â¥ÂÃ Â¤Â¶ Ã Â¤â¢Ã Â¥â¡ Ã Â¤Â¦Ã Â¥ÅÃ Â¤Â°Ã Â¤Â¾Ã Â¤Â¨ Ã Â¤â°Ã Â¤Â¨Ã Â¥ÂÃ Â¤Â¹Ã Â¥â¡Ã Â¤â Ã Â¤ÂªÃ Â¤Â¤Ã Â¤Â¾ Ã Â¤Å¡Ã Â¤Â²Ã Â¤Â¾ Ã Â¤â¢Ã Â¤Â¿ Ã Â¤â°Ã Â¤Å¡Ã Â¥ÂÃ Â¤Å¡ Ã Â¤ÂªÃ Â¥ÂÃ Â¤Â°Ã Â¤Â¾Ã Â¤Â§Ã Â¤Â¿Ã Â¤â¢Ã Â¤Â¾Ã Â¤Â°Ã Â¥â¬ Ã Â¤Â¸Ã Â¥â¡ Ã Â¤Â®Ã Â¤âÃ Â¤ÅÃ Â¥âÃ Â¤Â°Ã Â¥â¬ Ã Â¤ÂªÃ Â¥ÂÃ Â¤Â°Ã Â¤Â¾Ã Â¤ÂªÃ Â¥ÂÃ Â¤Â¤ Ã Â¤â¢Ã Â¤Â°Ã Â¤Â¨Ã Â¥â¡ Ã Â¤Â¸Ã Â¥â¡ Ã Â¤Â¬Ã Â¤Å¡Ã Â¤Â¨Ã Â¥â¡ Ã Â¤â¢Ã Â¥â¡ Ã Â¤Â²Ã Â¤Â¿Ã Â¤Â Ã Â¤ÂµÃ Â¥ÂÃ Â¤Â¯Ã Â¤Â¯ Ã Â¤â¢Ã Â¥â¹ Ã Â¤ÂµÃ Â¤Â¿Ã Â¤Â­Ã Â¤Â¾Ã Â¤ÅÃ Â¤Â¿Ã Â¤Â¤ Ã Â¤â¢Ã Â¤Â°Ã Â¤Â¨Ã Â¥â¡ Ã Â¤â¢Ã Â¥â¬ Ã Â¤Â¸Ã Â¤Â¾Ã Â¤Â®Ã Â¤Â¾Ã Â¤Â¨Ã Â¥ÂÃ Â¤Â¯ Ã Â¤ÂªÃ Â¥ÂÃ Â¤Â°Ã Â¤Â¥Ã Â¤Â¾ (Ã Â¤ÅÃ Â¤Â¹Ã Â¤Â¾Ã Â¤Â Ã Â¤Â¬Ã Â¤Â¡Ã Â¤Â¼Ã Â¥â¡ Ã Â¤âÃ Â¤Â°Ã Â¥ÂÃ Â¤Â¡Ã Â¤Â° Ã Â¤â¢Ã Â¥â¹ Ã Â¤âºÃ Â¥â¹Ã Â¤Å¸Ã Â¥â¡ Ã Â¤âÃ Â¤Â°Ã Â¥ÂÃ Â¤Â¡Ã Â¤Â° Ã Â¤â¢Ã Â¥â¬ Ã Â¤ÂÃ Â¤â¢ Ã Â¤Â¶Ã Â¥ÂÃ Â¤Â°Ã Â¥ÆÃ Â¤âÃ Â¤âÃ Â¤Â²Ã Â¤Â¾ Ã Â¤Â®Ã Â¥â¡Ã Â¤â Ã Â¤ÂµÃ Â¤Â¿Ã Â¤Â­Ã Â¤Â¾Ã Â¤ÅÃ Â¤Â¿Ã Â¤Â¤ Ã Â¤â¢Ã Â¤Â¿Ã Â¤Â¯Ã Â¤Â¾ Ã Â¤ÅÃ Â¤Â¾Ã Â¤Â¤Ã Â¤Â¾ Ã Â¤Â¹Ã Â¥Ë) Ã Â¤â¢Ã Â¤Â¾ Ã Â¤ÂªÃ Â¥ÂÃ Â¤Â°Ã Â¤Å¡Ã Â¤Â²Ã Â¤Â¨ Ã Â¤Â¹Ã Â¥ËÃ Â¥Â¤ Ã Â¤Â¯Ã Â¤Â¹ Ã Â¤ÂªÃ Â¥ÂÃ Â¤Â°Ã Â¤Â¥Ã Â¤Â¾ Ã Â¤Â¨Ã Â¤Â¿Ã Â¤Â¯Ã Â¤Â®Ã Â¥â¹Ã Â¤â Ã Â¤â¢Ã Â¥â¡ Ã Â¤ÂµÃ Â¤Â¿Ã Â¤Â°Ã Â¥ÂÃ Â¤Â¦Ã Â¥ÂÃ Â¤Â§ Ã Â¤Â¹Ã Â¥Ë Ã Â¤âÃ Â¤Â° Ã Â¤Â²Ã Â¥â¡Ã Â¤âÃ Â¤Â¾Ã Â¤ÂªÃ Â¤Â°Ã Â¥â¬Ã Â¤â¢Ã Â¥ÂÃ Â¤Â·Ã Â¤Â¾ Ã Â¤â¢Ã Â¥â¡ Ã Â¤ÂªÃ Â¥ÂÃ Â¤Â°Ã Â¤Â¤Ã Â¤Â¿Ã Â¤â¢Ã Â¥âÃ Â¤Â² Ã Â¤Â¸Ã Â¤âÃ Â¤ÅÃ Â¥ÂÃ Â¤Å¾Ã Â¤Â¾Ã Â¤Â¨ Ã Â¤Â®Ã Â¥â¡Ã Â¤â Ã Â¤â  Ã Â¤Â¸Ã Â¤â¢Ã Â¤Â¤Ã Â¥â¬ Ã Â¤Â¹Ã Â¥ËÃ Â¥Â¤ Ã Â¤Â°Ã Â¤Â¾Ã Â¤ÅÃ Â¥â¡Ã Â¤Â¶ Ã Â¤ÂªÃ Â¤Â°Ã Â¥â¡Ã Â¤Â¶Ã Â¤Â¾Ã Â¤Â¨ Ã Â¤Â¹Ã Â¥ËÃ Â¤âÃ Â¥Â¤ Ã Â¤ÂµÃ Â¤Â¹ Ã Â¤â¡Ã Â¤Â¸ Ã Â¤Â®Ã Â¤Â¾Ã Â¤Â®Ã Â¤Â²Ã Â¥â¡ Ã Â¤Â®Ã Â¥â¡Ã Â¤â Ã Â¤â¢Ã Â¥â¹Ã Â¤Ë Ã Â¤Â¨Ã Â¤Â¿Ã Â¤Â°Ã Â¥ÂÃ Â¤Â£Ã Â¤Â¯ Ã Â¤Â²Ã Â¥â¡Ã Â¤Â¨Ã Â¥â¡ Ã Â¤Â®Ã Â¥â¡Ã Â¤â Ã Â¤â¦Ã Â¤Â¨Ã Â¤Â¿Ã Â¤Â¶Ã Â¥ÂÃ Â¤Å¡Ã Â¤Â¿Ã Â¤Â¤ Ã Â¤Â¹Ã Â¥ËÃ Â¤âÃ Â¥Â¤ (a) Ã Â¤â°Ã Â¤ÂªÃ Â¤Â°Ã Â¥â¹Ã Â¤â¢Ã Â¥ÂÃ Â¤Â¤ Ã Â¤Â¸Ã Â¥ÂÃ Â¤Â¥Ã Â¤Â¿Ã Â¤Â¤Ã Â¤Â¿ Ã Â¤Â®Ã Â¥â¡Ã Â¤â Ã Â¤Â°Ã Â¤Â¾Ã Â¤ÅÃ Â¥â¡Ã Â¤Â¶ Ã Â¤â¢Ã Â¥â¡ Ã Â¤Â²Ã Â¤Â¿Ã Â¤Â Ã Â¤â¢Ã Â¥ÂÃ Â¤Â¯Ã Â¤Â¾ Ã Â¤ÂµÃ Â¤Â¿Ã Â¤â¢Ã Â¤Â²Ã Â¥ÂÃ Â¤Âª Ã Â¤â°Ã Â¤ÂªÃ Â¤Â²Ã Â¤Â¬Ã Â¥ÂÃ Â¤Â§ Ã Â¤Â¹Ã Â¥ËÃ Â¤â? (b) Ã Â¤â¡Ã Â¤Â¸ Ã Â¤Â®Ã Â¤Â¾Ã Â¤Â®Ã Â¤Â²Ã Â¥â¡ Ã Â¤Â®Ã Â¥â¡Ã Â¤â Ã Â¤Â¨Ã Â¥ËÃ Â¤Â¤Ã Â¤Â¿Ã Â¤â¢ Ã Â¤Â®Ã Â¥ÂÃ Â¤Â¦Ã Â¥ÂÃ Â¤Â¦Ã Â¥â¡ Ã Â¤â¢Ã Â¥ÂÃ Â¤Â¯Ã Â¤Â¾ Ã Â¤Â¹Ã Â¥ËÃ Â¤â? (c) Ã Â¤Â°Ã Â¤Â¾Ã Â¤ÅÃ Â¥â¡Ã Â¤Â¶ Ã Â¤â¢Ã Â¥â¡ Ã Â¤Â²Ã Â¤Â¿Ã Â¤Â Ã Â¤â¢Ã Â¥ÅÃ Â¤Â¨ Ã Â¤Â¸Ã Â¤Â¾ Ã Â¤ÂµÃ Â¤Â¿Ã Â¤â¢Ã Â¤Â²Ã Â¥ÂÃ Â¤Âª Ã Â¤Â¸Ã Â¤Â¬Ã Â¤Â¸Ã Â¥â¡ Ã Â¤â°Ã Â¤ÂªÃ Â¤Â¯Ã Â¥ÂÃ Â¤â¢Ã Â¥ÂÃ Â¤Â¤ Ã Â¤Â¹Ã Â¥â¹Ã Â¤âÃ Â¤Â¾ Ã Â¤âÃ Â¤Â° Ã Â¤â¢Ã Â¥ÂÃ Â¤Â¯Ã Â¥â¹Ã Â¤â? (Ã Â¤â°Ã Â¤Â¤Ã Â¥ÂÃ Â¤Â¤Ã Â¤Â° 250 Ã Â¤Â¶Ã Â¤Â¬Ã Â¥ÂÃ Â¤Â¦Ã Â¥â¹Ã Â¤â Ã Â¤Â®Ã Â¥â¡Ã Â¤â Ã Â¤Â¦Ã Â¥â¬Ã Â¤ÅÃ Â¤Â¿Ã Â¤Â) Ã¢â¬â 20 Rajesh is a Group A officer with nine years of service. He is posted as Administrative Officer in an Oil Public Sector undertaking. As an Administrative Officer he is responsible for managing and coordinating various administrative tasks to ensure smooth functioning of office. He also manages office supplies, equipment etc. Rajesh is now sufficient senior and is expecting his next promotion in JAG (Junior Administrative Grade) in the next one or two years. He knows that promotion is based on examination of ACRs/Performance Appraisal of last few years (5 years or so) of an officer by a DPC (Departmental Promotion Committee) and an officer lacking requisite grading of ACRs may not be found fit for promotion. Consequences of losing promotion may entail financial and reputational loss and set-back for career progression. Though he also puts his best efforts in official discharge of his duties, yet he is unsure of assessment by his superior officer. He is now putting extra efforts so that he gets thumping report at the end of financial year. As Administrative Officer, Rajesh is regularly interacting with his immediate boss, who is his reporting officer for writing his ACR. One day he calls Rajesh and wants him to buy computer-related stationery on priority from a particular vendor. Rajesh instructs his office to initiate action for procuring these items. During the day, the dealing Assistant brings an estimate of Rupees Thirty Five Lakhs covering all stationery items from the same vendor. It is noticed that as per delegated financial powers, as provided in the GFR (General Financial Rules) as applicable in that Organisation, expenditure for office items exceeding Rupees Thirty Lakhs requires sanction of the next higher authority (boss in the present case). Rajesh knows that immediate superior would expect all these purchases should be done at his level and may not appreciate such lack of initiative on his part. During discussions with office, he learns that common practice of splitting of expenditure (where large order is divided into a series of smaller ones) is followed to avoid obtaining sanction from higher authority. This practice is against the rules and may come to the adverse notice of Audit. Rajesh is perturbed. He is unsure of taking decision in the matter. (a) What are the options available with Rajesh in the above situation? (b) What are the ethical issues involved in this case? (c) Which would be the most appropriate option for Rajesh and why? (Answer in 250 words) Ã¢â¬â 20",,51.9,delete,true,aggregator,,,,,,,,,,,,,,,,,,
2025,GS4,dee30326-920a-40cf-bee0-a5b4c76760f7,78,,12,GS4-B-Q6,"Ã Â¤Â®Ã Â¤Â¹Ã Â¤Â¾Ã Â¤Â¤Ã Â¥ÂÃ Â¤Â®Ã Â¤Â¾ Ã Â¤âÃ Â¤Â¾Ã Â¤âÃ Â¤Â§Ã Â¥â¬ Ã Â¤Â°Ã Â¤Â¾Ã Â¤Â·Ã Â¥ÂÃ Â¤Å¸Ã Â¥ÂÃ Â¤Â°Ã Â¥â¬Ã Â¤Â¯ Ã Â¤âÃ Â¥ÂÃ Â¤Â°Ã Â¤Â¾Ã Â¤Â®Ã Â¥â¬Ã Â¤Â£ Ã Â¤Â°Ã Â¥â¹Ã Â¤ÅÃ Â¤âÃ Â¤Â¾Ã Â¤Â° Ã Â¤âÃ Â¤Â¾Ã Â¤Â°Ã Â¤âÃ Â¤Å¸Ã Â¥â¬ Ã Â¤â¢Ã Â¤Â¾Ã Â¤Â°Ã Â¥ÂÃ Â¤Â¯Ã Â¤â¢Ã Â¥ÂÃ Â¤Â°Ã Â¤Â®, Ã Â¤ÂÃ Â¤Â® Ã Â¤ÅÃ Â¥â¬ Ã Â¤ÂÃ Â¤Â¨ Ã Â¤â Ã Â¤Â° Ã Â¤Ë Ã Â¤ÅÃ Â¥â¬ Ã Â¤Â Ã Â¤â¢Ã Â¥â¹ Ã Â¤ÂªÃ Â¤Â¹Ã Â¤Â²Ã Â¥â¡ Ã Â¤Â°Ã Â¤Â¾Ã Â¤Â·Ã Â¥ÂÃ Â¤Å¸Ã Â¥ÂÃ Â¤Â°Ã Â¥â¬Ã Â¤Â¯ Ã Â¤âÃ Â¥ÂÃ Â¤Â°Ã Â¤Â¾Ã Â¤Â®Ã Â¥â¬Ã Â¤Â£ Ã Â¤Â°Ã Â¥â¹Ã Â¤ÅÃ Â¤âÃ Â¤Â¾Ã Â¤Â° Ã Â¤Â¯Ã Â¥â¹Ã Â¤ÅÃ Â¤Â¨Ã Â¤Â¾, Ã Â¤ÂÃ Â¤Â¨ Ã Â¤â Ã Â¤Â° Ã Â¤Ë Ã Â¤ÅÃ Â¥â¬ Ã Â¤Â Ã Â¤â¢Ã Â¥â¡ Ã Â¤Â°Ã Â¥âÃ Â¤Âª Ã Â¤Â®Ã Â¥â¡Ã Â¤â Ã Â¤ÅÃ Â¤Â¾Ã Â¤Â¨Ã Â¤Â¾ Ã Â¤ÅÃ Â¤Â¾Ã Â¤Â¤Ã Â¤Â¾ Ã Â¤Â¥Ã Â¤Â¾Ã Â¥Â¤ Ã Â¤Â¯Ã Â¤Â¹ Ã Â¤ÂÃ Â¤â¢ Ã Â¤Â­Ã Â¤Â¾Ã Â¤Â°Ã Â¤Â¤Ã Â¥â¬Ã Â¤Â¯ Ã Â¤Â¸Ã Â¤Â®Ã Â¤Â¾Ã Â¤Å Ã Â¤â¢Ã Â¤Â²Ã Â¥ÂÃ Â¤Â¯Ã Â¤Â¾Ã Â¤Â£ Ã Â¤â¢Ã Â¤Â¾Ã Â¤Â°Ã Â¥ÂÃ Â¤Â¯Ã Â¤â¢Ã Â¥ÂÃ Â¤Â°Ã Â¤Â® Ã Â¤Â¹Ã Â¥Ë Ã Â¤ÅÃ Â¤Â¿Ã Â¤Â¸Ã Â¤â¢Ã Â¤Â¾ Ã Â¤â°Ã Â¤Â¦Ã Â¥ÂÃ Â¤Â¦Ã Â¥â¡Ã Â¤Â¶Ã Â¥ÂÃ Â¤Â¯ Ã Â¤Â¸Ã Â¤âÃ Â¤ÂµÃ Â¤Â¿Ã Â¤Â§Ã Â¤Â¾Ã Â¤Â¨ Ã Â¤Â®Ã Â¥â¡Ã Â¤â Ã Â¤Â¦Ã Â¤Â¿Ã Â¤Â Ã Â¤âÃ Â¤Â 'Ã Â¤â¢Ã Â¤Â¾Ã Â¤Â® Ã Â¤â¢Ã Â¤Â°Ã Â¤Â¨Ã Â¥â¡ Ã Â¤â¢Ã Â¥â¡ Ã Â¤â¦Ã Â¤Â§Ã Â¤Â¿Ã Â¤â¢Ã Â¤Â¾Ã Â¤Â°' Ã Â¤â¢Ã Â¥â¡ Ã Â¤ÂªÃ Â¥ÂÃ Â¤Â°Ã Â¤Â¾Ã Â¤ÂµÃ Â¤Â§Ã Â¤Â¾Ã Â¤Â¨Ã Â¥â¹Ã Â¤â Ã Â¤â¢Ã Â¥â¹ Ã Â¤ÂªÃ Â¥âÃ Â¤Â°Ã Â¤Â¾ Ã Â¤â¢Ã Â¤Â°Ã Â¤Â¨Ã Â¤Â¾ Ã Â¤Â¹Ã Â¥ËÃ Â¥Â¤ Ã Â¤âÃ Â¥ÂÃ Â¤Â°Ã Â¤Â¾Ã Â¤Â®Ã Â¥â¬Ã Â¤Â£ Ã Â¤ÂµÃ Â¤Â¿Ã Â¤â¢Ã Â¤Â¾Ã Â¤Â¸ Ã Â¤Â®Ã Â¤âÃ Â¤Â¤Ã Â¥ÂÃ Â¤Â°Ã Â¤Â¾Ã Â¤Â²Ã Â¤Â¯ Ã Â¤Â¦Ã Â¥ÂÃ Â¤ÂµÃ Â¤Â¾Ã Â¤Â°Ã Â¤Â¾ Ã Â¤âÃ Â¥ÂÃ Â¤Â°Ã Â¤Â¾Ã Â¤Â®Ã Â¥â¬Ã Â¤Â£ Ã Â¤Â°Ã Â¥â¹Ã Â¤ÅÃ Â¤âÃ Â¤Â¾Ã Â¤Â° Ã Â¤â¢Ã Â¥ÂÃ Â¤Â·Ã Â¥â¡Ã Â¤Â¤Ã Â¥ÂÃ Â¤Â° Ã Â¤â¢Ã Â¥â¡ Ã Â¤â¦Ã Â¤âÃ Â¤Â¤Ã Â¤Â°Ã Â¥ÂÃ Â¤âÃ Â¤Â¤ 2006 Ã Â¤Â®Ã Â¥â¡Ã Â¤â Ã Â¤Â®Ã Â¤Â¨Ã Â¤Â°Ã Â¥â¡Ã Â¤âÃ Â¤Â¾ Ã Â¤Â¶Ã Â¥ÂÃ Â¤Â°Ã Â¥â Ã Â¤â¢Ã Â¤Â¿Ã Â¤Â¯Ã Â¤Â¾ Ã Â¤âÃ Â¤Â¯Ã Â¤Â¾Ã Â¥Â¤ Ã Â¤â¢Ã Â¤Â¾Ã Â¤Â°Ã Â¥ÂÃ Â¤Â¯Ã Â¤â¢Ã Â¥ÂÃ Â¤Â°Ã Â¤Â® Ã Â¤â¢Ã Â¤Â¾ Ã Â¤Â®Ã Â¥ÂÃ Â¤âÃ Â¥ÂÃ Â¤Â¯ Ã Â¤â°Ã Â¤Â¦Ã Â¥ÂÃ Â¤Â¦Ã Â¥â¡Ã Â¤Â¶Ã Â¥ÂÃ Â¤Â¯ Ã Â¤âÃ Â¥ÂÃ Â¤Â°Ã Â¤Â¾Ã Â¤Â®Ã Â¥â¬Ã Â¤Â£ Ã Â¤ÂªÃ Â¤Â°Ã Â¤Â¿Ã Â¤ÂµÃ Â¤Â¾Ã Â¤Â° Ã Â¤â¢Ã Â¥â¡ Ã Â¤ÂµÃ Â¤Â¯Ã Â¤Â¸Ã Â¥ÂÃ Â¤â¢ Ã Â¤Â¸Ã Â¤Â¦Ã Â¤Â¸Ã Â¥ÂÃ Â¤Â¯Ã Â¥â¹Ã Â¤â Ã Â¤â¢Ã Â¥â¹ Ã Â¤Â®Ã Â¤ÅÃ Â¤Â¦Ã Â¥âÃ Â¤Â°Ã Â¥â¬ Ã Â¤Â°Ã Â¥â¹Ã Â¤ÅÃ Â¤âÃ Â¤Â¾Ã Â¤Â° Ã Â¤â¢Ã Â¥â¬ Ã Â¤â¢Ã Â¤Â¾Ã Â¤Â¨Ã Â¥âÃ Â¤Â¨Ã Â¥â¬ Ã Â¤âÃ Â¤Â¾Ã Â¤Â°Ã Â¤âÃ Â¤Å¸Ã Â¥â¬ Ã Â¤Â¦Ã Â¥â¡Ã Â¤Â¨Ã Â¤Â¾ Ã Â¤Â¹Ã Â¥Ë Ã Â¤ÅÃ Â¥â¹ Ã Â¤ÂªÃ Â¥ÂÃ Â¤Â°Ã Â¤Â¤Ã Â¤Â¿ Ã Â¤ÂªÃ Â¤Â°Ã Â¤Â¿Ã Â¤ÂµÃ Â¤Â¾Ã Â¤Â° Ã Â¤â¦Ã Â¤Â§Ã Â¤Â¿Ã Â¤â¢Ã Â¤Â¤Ã Â¤Â® Ã Â¤ÂªÃ Â¥ÂÃ Â¤Â°Ã Â¤Â¤Ã Â¤Â¿Ã Â¤ÂµÃ Â¤Â°Ã Â¥ÂÃ Â¤Â· 100 Ã Â¤Â¦Ã Â¤Â¿Ã Â¤Â¨Ã Â¥â¹Ã Â¤â Ã Â¤â¢Ã Â¥â¬ Ã Â¤Â¸Ã Â¥â¬Ã Â¤Â®Ã Â¤Â¾ Ã Â¤â¢Ã Â¥â¡ Ã Â¤â¦Ã Â¤Â§Ã Â¥â¬Ã Â¤Â¨ Ã Â¤â¦Ã Â¤â¢Ã Â¥ÂÃ Â¤Â¶Ã Â¤Â² Ã Â¤Â¶Ã Â¤Â¾Ã Â¤Â°Ã Â¥â¬Ã Â¤Â°Ã Â¤Â¿Ã Â¤â¢ Ã Â¤Â¶Ã Â¥ÂÃ Â¤Â°Ã Â¤Â® Ã Â¤â¢Ã Â¤Â¾Ã Â¤Â°Ã Â¥ÂÃ Â¤Â¯ Ã Â¤â¢Ã Â¥â¡ Ã Â¤Â²Ã Â¤Â¿Ã Â¤Â Ã Â¤Â¤Ã Â¥ËÃ Â¤Â¯Ã Â¤Â¾Ã Â¤Â° Ã Â¤Â¹Ã Â¥ËÃ Â¤â; Ã Â¤ÂªÃ Â¥ÂÃ Â¤Â°Ã Â¤Â¤Ã Â¥ÂÃ Â¤Â¯Ã Â¥â¡Ã Â¤â¢ Ã Â¤âÃ Â¥ÂÃ Â¤Â°Ã Â¤Â¾Ã Â¤Â®Ã Â¥â¬Ã Â¤Â£ Ã Â¤ÂªÃ Â¤Â°Ã Â¤Â¿Ã Â¤ÂµÃ Â¤Â¾Ã Â¤Â° Ã Â¤â¢Ã Â¥â¹ Ã Â¤â¡Ã Â¤Â¸ Ã Â¤Â¯Ã Â¥â¹Ã Â¤ÅÃ Â¤Â¨Ã Â¤Â¾ Ã Â¤â¢Ã Â¥â¡ Ã Â¤â¦Ã Â¤âÃ Â¤Â¤Ã Â¤Â°Ã Â¥ÂÃ Â¤âÃ Â¤Â¤ Ã Â¤ÂªÃ Â¤âÃ Â¤ÅÃ Â¥â¬Ã Â¤â¢Ã Â¤Â°Ã Â¤Â£ Ã Â¤â¢Ã Â¤Â°Ã Â¤Â¾Ã Â¤Â¨Ã Â¥â¡ Ã Â¤â¢Ã Â¤Â¾ Ã Â¤â¦Ã Â¤Â§Ã Â¤Â¿Ã Â¤â¢Ã Â¤Â¾Ã Â¤Â° Ã Â¤Â¹Ã Â¥Ë; Ã Â¤ÅÃ Â¥â°Ã Â¤Â¬ Ã Â¤â¢Ã Â¤Â¾Ã Â¤Â°Ã Â¥ÂÃ Â¤Â¡ Ã Â¤ÂªÃ Â¤âÃ Â¤ÅÃ Â¥â¬Ã Â¤â¢Ã Â¥ÆÃ Â¤Â¤ Ã Â¤â¢Ã Â¥â¹ Ã Â¤ÅÃ Â¤Â¾Ã Â¤Â°Ã Â¥â¬ Ã Â¤â¢Ã Â¤Â¿Ã Â¤Â¯Ã Â¤Â¾ Ã Â¤ÅÃ Â¤Â¾Ã Â¤Â¤Ã Â¤Â¾ Ã Â¤Â¹Ã Â¥Ë; Ã Â¤ÅÃ Â¥â°Ã Â¤Â¬ Ã Â¤â¢Ã Â¤Â¾Ã Â¤Â°Ã Â¥ÂÃ Â¤Â¡ Ã Â¤Â§Ã Â¤Â¾Ã Â¤Â°Ã Â¤â¢ Ã Â¤Â°Ã Â¥â¹Ã Â¤ÅÃ Â¤âÃ Â¤Â¾Ã Â¤Â° Ã Â¤â¢Ã Â¥â¬ Ã Â¤Â¤Ã Â¤Â²Ã Â¤Â¾Ã Â¤Â¶ Ã Â¤â¢Ã Â¤Â° Ã Â¤Â¸Ã Â¤â¢Ã Â¤Â¤Ã Â¤Â¾ Ã Â¤Â¹Ã Â¥Ë; Ã Â¤Â°Ã Â¤Â¾Ã Â¤ÅÃ Â¥ÂÃ Â¤Â¯ Ã Â¤Â¸Ã Â¤Â°Ã Â¤â¢Ã Â¤Â¾Ã Â¤Â° Ã Â¤ÂªÃ Â¤Â°Ã Â¤Â¿Ã Â¤ÂµÃ Â¤Â¾Ã Â¤Â°Ã Â¥â¹Ã Â¤â Ã Â¤â¢Ã Â¥â¹ Ã Â¤ÂªÃ Â¥ÂÃ Â¤Â°Ã Â¤Â¤Ã Â¤Â¿Ã Â¤ÂªÃ Â¥âÃ Â¤Â°Ã Â¤â¢ Ã Â¤Â¦Ã Â¥ËÃ Â¤Â¨Ã Â¤Â¿Ã Â¤â¢ Ã Â¤Â¬Ã Â¥â¡Ã Â¤Â°Ã Â¥â¹Ã Â¤ÅÃ Â¤âÃ Â¤Â¾Ã Â¤Â°Ã Â¥â¬ Ã Â¤Â­Ã Â¤Â¤Ã Â¥ÂÃ Â¤Â¤Ã Â¥â¡ Ã Â¤â¢Ã Â¥â¡ Ã Â¤Â°Ã Â¥âÃ Â¤Âª Ã Â¤Â®Ã Â¥â¡Ã Â¤â Ã Â¤ÂªÃ Â¤Â¹Ã Â¤Â²Ã Â¥â¡ 30 Ã Â¤Â¦Ã Â¤Â¿Ã Â¤Â¨Ã Â¥â¹Ã Â¤â Ã Â¤â¢Ã Â¥â¡ Ã Â¤Â²Ã Â¤Â¿Ã Â¤Â Ã Â¤Â¨Ã Â¥ÂÃ Â¤Â¯Ã Â¥âÃ Â¤Â¨Ã Â¤Â¤Ã Â¤Â® Ã Â¤Â®Ã Â¤ÅÃ Â¤Â¦Ã Â¥âÃ Â¤Â°Ã Â¥â¬ Ã Â¤â¢Ã Â¤Â¾ 25% Ã Â¤âÃ Â¤Â° Ã Â¤ÂµÃ Â¤Â°Ã Â¥ÂÃ Â¤Â· Ã Â¤â¢Ã Â¥â¬ Ã Â¤Â¶Ã Â¥â¡Ã Â¤Â· Ã Â¤â¦Ã Â¤ÂµÃ Â¤Â§Ã Â¤Â¿ Ã Â¤â¢Ã Â¥â¡ Ã Â¤Â²Ã Â¤Â¿Ã Â¤Â Ã Â¤Â®Ã Â¤ÅÃ Â¤Â¦Ã Â¥âÃ Â¤Â°Ã Â¥â¬ Ã Â¤â¢Ã Â¤Â¾ Ã Â¤Â­Ã Â¥ÂÃ Â¤âÃ Â¤Â¤Ã Â¤Â¾Ã Â¤Â¨ Ã Â¤â¢Ã Â¤Â°Ã Â¥â¡Ã Â¤âÃ Â¥â¬Ã Â¥Â¤ Ã Â¤ÂµÃ Â¤Â¿Ã Â¤Â­Ã Â¤Â¿Ã Â¤Â¨Ã Â¥ÂÃ Â¤Â¨ Ã Â¤âÃ Â¥ÂÃ Â¤Â°Ã Â¤Â¾Ã Â¤Â® Ã Â¤ÂªÃ Â¤âÃ Â¤Å¡Ã Â¤Â¾Ã Â¤Â¯Ã Â¤Â¤Ã Â¥â¹Ã Â¤â Ã Â¤Â¦Ã Â¥ÂÃ Â¤ÂµÃ Â¤Â¾Ã Â¤Â°Ã Â¤Â¾ Ã Â¤Â®Ã Â¤Â¨Ã Â¤Â°Ã Â¥â¡Ã Â¤âÃ Â¤Â¾ Ã Â¤â¢Ã Â¤Â¾Ã Â¤Â°Ã Â¥ÂÃ Â¤Â¯ Ã Â¤â¢Ã Â¤Â°Ã Â¤Â¾Ã Â¤Â¯Ã Â¤Â¾ Ã Â¤âÃ Â¤Â¯Ã Â¤Â¾Ã Â¥Â¤ Ã Â¤â Ã Â¤ÂªÃ Â¤â¢Ã Â¥â¹ Ã Â¤ÂÃ Â¤â¢ Ã Â¤ÅÃ Â¤Â¿Ã Â¤Â²Ã Â¥â¡ Ã Â¤â¢Ã Â¤Â¾ Ã Â¤ÂªÃ Â¥ÂÃ Â¤Â°Ã Â¤Â­Ã Â¤Â¾Ã Â¤Â°Ã Â¥â¬ Ã Â¤ÂªÃ Â¥ÂÃ Â¤Â°Ã Â¤Â¶Ã Â¤Â¾Ã Â¤Â¸Ã Â¤â¢ Ã Â¤Â¨Ã Â¤Â¿Ã Â¤Â¯Ã Â¥ÂÃ Â¤â¢Ã Â¥ÂÃ Â¤Â¤ Ã Â¤â¢Ã Â¤Â¿Ã Â¤Â¯Ã Â¤Â¾ Ã Â¤âÃ Â¤Â¯Ã Â¤Â¾ Ã Â¤Â¹Ã Â¥ËÃ Â¥Â¤ Ã Â¤â Ã Â¤ÂªÃ Â¤â¢Ã Â¥â¹ Ã Â¤ÂµÃ Â¤Â¿Ã Â¤Â­Ã Â¤Â¿Ã Â¤Â¨Ã Â¥ÂÃ Â¤Â¨ Ã Â¤âÃ Â¥ÂÃ Â¤Â°Ã Â¤Â¾Ã Â¤Â® Ã Â¤ÂªÃ Â¤âÃ Â¤Å¡Ã Â¤Â¾Ã Â¤Â¯Ã Â¤Â¤Ã Â¥â¹Ã Â¤â Ã Â¤Â¦Ã Â¥ÂÃ Â¤ÂµÃ Â¤Â¾Ã Â¤Â°Ã Â¤Â¾ Ã Â¤â¢Ã Â¤Â¿Ã Â¤Â Ã Â¤ÅÃ Â¤Â¾ Ã Â¤Â°Ã Â¤Â¹Ã Â¥â¡ Ã Â¤Â®Ã Â¤Â¨Ã Â¤Â°Ã Â¥â¡Ã Â¤âÃ Â¤Â¾ Ã Â¤â¢Ã Â¤Â¾Ã Â¤Â°Ã Â¥ÂÃ Â¤Â¯Ã Â¥â¹Ã Â¤â Ã Â¤â¢Ã Â¥â¬ Ã Â¤Â¨Ã Â¤Â¿Ã Â¤âÃ Â¤Â°Ã Â¤Â¾Ã Â¤Â¨Ã Â¥â¬ Ã Â¤â¢Ã Â¥â¬ Ã Â¤ÅÃ Â¤Â¿Ã Â¤Â®Ã Â¥ÂÃ Â¤Â®Ã Â¥â¡Ã Â¤Â¦Ã Â¤Â¾Ã Â¤Â°Ã Â¥â¬ Ã Â¤Â¦Ã Â¥â¬ Ã Â¤âÃ Â¤Ë Ã Â¤Â¹Ã Â¥ËÃ Â¥Â¤ Ã Â¤â Ã Â¤ÂªÃ Â¤â¢Ã Â¥â¹ Ã Â¤Â¸Ã Â¤Â­Ã Â¥â¬ Ã Â¤Â®Ã Â¤Â¨Ã Â¤Â°Ã Â¥â¡Ã Â¤âÃ Â¤Â¾ Ã Â¤â¢Ã Â¤Â¾Ã Â¤Â°Ã Â¥ÂÃ Â¤Â¯Ã Â¥â¹Ã Â¤â Ã Â¤â¢Ã Â¥â¬ Ã Â¤Â¤Ã Â¤â¢Ã Â¤Â¨Ã Â¥â¬Ã Â¤â¢Ã Â¥â¬ Ã Â¤Â®Ã Â¤âÃ Â¤ÅÃ Â¥âÃ Â¤Â°Ã Â¥â¬ Ã Â¤Â¦Ã Â¥â¡Ã Â¤Â¨Ã Â¥â¡ Ã Â¤â¢Ã Â¤Â¾ Ã Â¤â¦Ã Â¤Â§Ã Â¤Â¿Ã Â¤â¢Ã Â¤Â¾Ã Â¤Â° Ã Â¤Â­Ã Â¥â¬ Ã Â¤Â¦Ã Â¤Â¿Ã Â¤Â¯Ã Â¤Â¾ Ã Â¤âÃ Â¤Â¯Ã Â¤Â¾ Ã Â¤Â¹Ã Â¥ËÃ Â¥Â¤ Ã Â¤â Ã Â¤ÂªÃ Â¤â¢Ã Â¥â¡ Ã Â¤â¦Ã Â¤Â§Ã Â¤Â¿Ã Â¤â¢Ã Â¤Â¾Ã Â¤Â° Ã Â¤â¢Ã Â¥ÂÃ Â¤Â·Ã Â¥â¡Ã Â¤Â¤Ã Â¥ÂÃ Â¤Â° Ã Â¤Â®Ã Â¥â¡Ã Â¤â Ã Â¤ÂÃ Â¤â¢ Ã Â¤ÂªÃ Â¤âÃ Â¤Å¡Ã Â¤Â¾Ã Â¤Â¯Ã Â¤Â¤ Ã Â¤Â®Ã Â¥â¡Ã Â¤â Ã Â¤â Ã Â¤ÂªÃ Â¤Â¨Ã Â¥â¡ Ã Â¤Â¦Ã Â¥â¡Ã Â¤âÃ Â¤Â¾ Ã Â¤â¢Ã Â¤Â¿ Ã Â¤â Ã Â¤ÂªÃ Â¤â¢Ã Â¥â¡ Ã Â¤ÂªÃ Â¥âÃ Â¤Â°Ã Â¥ÂÃ Â¤ÂµÃ Â¤ÂµÃ Â¤Â°Ã Â¥ÂÃ Â¤Â¤Ã Â¥â¬ Ã Â¤Â¨Ã Â¥â¡ Ã Â¤â¢Ã Â¤Â¾Ã Â¤Â°Ã Â¥ÂÃ Â¤Â¯Ã Â¤â¢Ã Â¥ÂÃ Â¤Â°Ã Â¤Â® Ã Â¤â¢Ã Â¤Â¾ Ã Â¤Â¨Ã Â¤Â¿Ã Â¤Â®Ã Â¥ÂÃ Â¤Â¨ Ã Â¤ÂªÃ Â¥ÂÃ Â¤Â°Ã Â¤â¢Ã Â¤Â¾Ã Â¤Â° Ã Â¤Â¸Ã Â¥â¡ Ã Â¤â¢Ã Â¥ÂÃ Â¤ÂªÃ Â¥ÂÃ Â¤Â°Ã Â¤Â¬Ã Â¤âÃ Â¤Â§Ã Â¤Â¨ Ã Â¤â¢Ã Â¤Â¿Ã Â¤Â¯Ã Â¤Â¾ Ã Â¤Â¹Ã Â¥Ë: (i) Ã Â¤ÂµÃ Â¤Â¾Ã Â¤Â¸Ã Â¥ÂÃ Â¤Â¤Ã Â¤ÂµÃ Â¤Â¿Ã Â¤â¢ Ã Â¤Â¨Ã Â¥ÅÃ Â¤â¢Ã Â¤Â°Ã Â¥â¬ Ã Â¤Å¡Ã Â¤Â¾Ã Â¤Â¹Ã Â¤Â¨Ã Â¥â¡ Ã Â¤ÂµÃ Â¤Â¾Ã Â¤Â²Ã Â¥â¹Ã Â¤â Ã Â¤â¢Ã Â¥â¹ Ã Â¤Â§Ã Â¤Â¨ Ã Â¤ÂµÃ Â¤Â¿Ã Â¤Â¤Ã Â¤Â°Ã Â¤Â¿Ã Â¤Â¤ Ã Â¤Â¨Ã Â¤Â¹Ã Â¥â¬Ã Â¤â Ã Â¤â¢Ã Â¤Â¿Ã Â¤Â¯Ã Â¤Â¾ Ã Â¤âÃ Â¤Â¯Ã Â¤Â¾ Ã Â¤Â¹Ã Â¥ËÃ Â¥Â¤ (ii) Ã Â¤Â®Ã Â¤ÅÃ Â¤Â¦Ã Â¥âÃ Â¤Â°Ã Â¥â¹Ã Â¤â Ã Â¤â¢Ã Â¥â¬ Ã Â¤Â®Ã Â¤Â¸Ã Â¥ÂÃ Â¤Å¸Ã Â¤Â° Ã Â¤Â°Ã Â¥â¹Ã Â¤Â² Ã Â¤â¢Ã Â¤Â¾ Ã Â¤Â Ã Â¥â¬Ã Â¤â¢ Ã Â¤Â¸Ã Â¥â¡ Ã Â¤Â°Ã Â¤âÃ Â¤Â°Ã Â¤âÃ Â¤Â¾Ã Â¤Âµ Ã Â¤Â¨Ã Â¤Â¹Ã Â¥â¬Ã Â¤â Ã Â¤â¢Ã Â¤Â¿Ã Â¤Â¯Ã Â¤Â¾ Ã Â¤âÃ Â¤Â¯Ã Â¤Â¾ Ã Â¤Â¹Ã Â¥ËÃ Â¥Â¤ (iii) Ã Â¤â¢Ã Â¤Â¿Ã Â¤Â Ã Â¤âÃ Â¤Â Ã Â¤â¢Ã Â¤Â¾Ã Â¤Â°Ã Â¥ÂÃ Â¤Â¯ Ã Â¤âÃ Â¤Â° Ã Â¤â¢Ã Â¤Â¿Ã Â¤Â Ã Â¤âÃ Â¤Â Ã Â¤Â­Ã Â¥ÂÃ Â¤âÃ Â¤Â¤Ã Â¤Â¾Ã Â¤Â¨ Ã Â¤â¢Ã Â¥â¡ Ã Â¤Â¬Ã Â¥â¬Ã Â¤Å¡ Ã Â¤Â¬Ã Â¥â¡Ã Â¤Â®Ã Â¥â¡Ã Â¤Â² Ã Â¤Â¹Ã Â¥ËÃ Â¥Â¤ (iv) Ã Â¤Â«Ã Â¤Â°Ã Â¥ÂÃ Â¤ÅÃ Â¥â¬ Ã Â¤ÂµÃ Â¥ÂÃ Â¤Â¯Ã Â¤â¢Ã Â¥ÂÃ Â¤Â¤Ã Â¤Â¿Ã Â¤Â¯Ã Â¥â¹Ã Â¤â Ã Â¤â¢Ã Â¥â¹ Ã Â¤Â­Ã Â¥ÂÃ Â¤âÃ Â¤Â¤Ã Â¤Â¾Ã Â¤Â¨ Ã Â¤â¢Ã Â¤Â¿Ã Â¤Â¯Ã Â¤Â¾ Ã Â¤âÃ Â¤Â¯Ã Â¤Â¾ Ã Â¤Â¹Ã Â¥ËÃ Â¥Â¤ (v) Ã Â¤ÂµÃ Â¥ÂÃ Â¤Â¯Ã Â¤â¢Ã Â¥ÂÃ Â¤Â¤Ã Â¤Â¿ Ã Â¤â¢Ã Â¥â¬ Ã Â¤â Ã Â¤ÂµÃ Â¤Â¶Ã Â¥ÂÃ Â¤Â¯Ã Â¤â¢Ã Â¤Â¤Ã Â¤Â¾ Ã Â¤â¢Ã Â¥â¹ Ã Â¤Â¦Ã Â¥â¡Ã Â¤âÃ Â¥â¡ Ã Â¤Â¬Ã Â¤Â¿Ã Â¤Â¨Ã Â¤Â¾ Ã Â¤ÅÃ Â¥â°Ã Â¤Â¬ Ã Â¤â¢Ã Â¤Â¾Ã Â¤Â°Ã Â¥ÂÃ Â¤Â¡ Ã Â¤Â¦Ã Â¤Â¿Ã Â¤Â Ã Â¤âÃ Â¤Â Ã Â¤Â¹Ã Â¥ËÃ Â¤âÃ Â¥Â¤ (vi) Ã Â¤Â¨Ã Â¤Â¿Ã Â¤Â§Ã Â¤Â¿Ã Â¤Â¯Ã Â¥â¹Ã Â¤â Ã Â¤â¢Ã Â¤Â¾ Ã Â¤â¢Ã Â¥ÂÃ Â¤ÂªÃ Â¥ÂÃ Â¤Â°Ã Â¤Â¬Ã Â¤âÃ Â¤Â§Ã Â¤Â¨ Ã Â¤Â¤Ã Â¤Â¥Ã Â¤Â¾ Ã Â¤Â¨Ã Â¤Â¿Ã Â¤Â§Ã Â¤Â¿Ã Â¤Â¯Ã Â¥â¹Ã Â¤â Ã Â¤â¢Ã Â¥â¬ Ã Â¤â¢Ã Â¥ÂÃ Â¤âº Ã Â¤Â¹Ã Â¤Â¦ Ã Â¤Â¤Ã Â¤â¢ Ã Â¤Â¹Ã Â¥â¡Ã Â¤Â°Ã Â¤Â¾Ã Â¤Â«Ã Â¥â¡Ã Â¤Â°Ã Â¥â¬ Ã Â¤Â¹Ã Â¥ÂÃ Â¤Ë Ã Â¤Â¹Ã Â¥ËÃ Â¥Â¤ (vii) Ã Â¤ÂÃ Â¤Â¸Ã Â¥â¡ Ã Â¤Â¸Ã Â¥ÂÃ Â¤ÂµÃ Â¥â¬Ã Â¤â¢Ã Â¥ÆÃ Â¤Â¤ Ã Â¤â¢Ã Â¤Â¾Ã Â¤Â°Ã Â¥ÂÃ Â¤Â¯ Ã Â¤ÅÃ Â¥â¹ Ã Â¤â¢Ã Â¤Â­Ã Â¥â¬ Ã Â¤â¦Ã Â¤Â¸Ã Â¥ÂÃ Â¤Â¤Ã Â¤Â¿Ã Â¤Â¤Ã Â¥ÂÃ Â¤Âµ Ã Â¤Â®Ã Â¥â¡Ã Â¤â Ã Â¤Â¹Ã Â¥â¬ Ã Â¤Â¨Ã Â¤Â¹Ã Â¥â¬Ã Â¤â Ã Â¤Â¥Ã Â¥â¡Ã Â¥Â¤ (a) Ã Â¤â°Ã Â¤ÂªÃ Â¤Â°Ã Â¥â¹Ã Â¤â¢Ã Â¥ÂÃ Â¤Â¤ Ã Â¤Â¸Ã Â¥ÂÃ Â¤Â¥Ã Â¤Â¿Ã Â¤Â¤Ã Â¤Â¿ Ã Â¤ÂªÃ Â¤Â° Ã Â¤â Ã Â¤ÂªÃ Â¤â¢Ã Â¥â¬ Ã Â¤â¢Ã Â¥ÂÃ Â¤Â¯Ã Â¤Â¾ Ã Â¤ÂªÃ Â¥ÂÃ Â¤Â°Ã Â¤Â¤Ã Â¤Â¿Ã Â¤â¢Ã Â¥ÂÃ Â¤Â°Ã Â¤Â¿Ã Â¤Â¯Ã Â¤Â¾ Ã Â¤Â¹Ã Â¥Ë Ã Â¤Â¤Ã Â¤Â¥Ã Â¤Â¾ Ã Â¤â Ã Â¤Âª Ã Â¤â¡Ã Â¤Â¸ Ã Â¤â¢Ã Â¥ÂÃ Â¤Â·Ã Â¥â¡Ã Â¤Â¤Ã Â¥ÂÃ Â¤Â° Ã Â¤Â®Ã Â¥â¡Ã Â¤â Ã Â¤Â®Ã Â¤Â¨Ã Â¤Â°Ã Â¥â¡Ã Â¤âÃ Â¤Â¾ Ã Â¤â¢Ã Â¤Â¾Ã Â¤Â°Ã Â¥ÂÃ Â¤Â¯Ã Â¤â¢Ã Â¥ÂÃ Â¤Â°Ã Â¤Â® Ã Â¤â¢Ã Â¥â¡ Ã Â¤Â¸Ã Â¤Â®Ã Â¥ÂÃ Â¤Å¡Ã Â¤Â¿Ã Â¤Â¤ Ã Â¤Â¸Ã Â¤âÃ Â¤Å¡Ã Â¤Â¾Ã Â¤Â²Ã Â¤Â¨ Ã Â¤â¢Ã Â¥â¹ Ã Â¤â¢Ã Â¥ËÃ Â¤Â¸Ã Â¥â¡ Ã Â¤Â¬Ã Â¤Â¹Ã Â¤Â¾Ã Â¤Â² Ã Â¤â¢Ã Â¤Â°Ã Â¥â¡Ã Â¤âÃ Â¤âÃ Â¥â¡? (b) Ã Â¤Å Ã Â¤ÂªÃ Â¤Â° Ã Â¤Â¸Ã Â¥âÃ Â¤Å¡Ã Â¥â¬Ã Â¤Â¬Ã Â¤Â¦Ã Â¥ÂÃ Â¤Â§ Ã Â¤ÂµÃ Â¤Â¿Ã Â¤Â­Ã Â¤Â¿Ã Â¤Â¨Ã Â¥ÂÃ Â¤Â¨ Ã Â¤Â®Ã Â¥ÂÃ Â¤Â¦Ã Â¥ÂÃ Â¤Â¦Ã Â¥â¹Ã Â¤â Ã Â¤â¢Ã Â¥â¹ Ã Â¤Â¹Ã Â¤Â² Ã Â¤â¢Ã Â¤Â°Ã Â¤Â¨Ã Â¥â¡ Ã Â¤â¢Ã Â¥â¡ Ã Â¤Â²Ã Â¤Â¿Ã Â¤Â Ã Â¤â Ã Â¤Âª Ã Â¤â¢Ã Â¥ÂÃ Â¤Â¯Ã Â¤Â¾ Ã Â¤â¢Ã Â¤Â¾Ã Â¤Â°Ã Â¥ÂÃ Â¤Â°Ã Â¤ÂµÃ Â¤Â¾Ã Â¤Ë Ã Â¤Â¶Ã Â¥ÂÃ Â¤Â°Ã Â¥â Ã Â¤â¢Ã Â¤Â°Ã Â¥â¡Ã Â¤âÃ Â¤âÃ Â¥â¡? (c) Ã Â¤â Ã Â¤Âª Ã Â¤â°Ã Â¤ÂªÃ Â¤Â°Ã Â¥â¹Ã Â¤â¢Ã Â¥ÂÃ Â¤Â¤ Ã Â¤Â¸Ã Â¥ÂÃ Â¤Â¥Ã Â¤Â¿Ã Â¤Â¤Ã Â¤Â¿ Ã Â¤Â¸Ã Â¥â¡ Ã Â¤â¢Ã Â¥ËÃ Â¤Â¸Ã Â¥â¡ Ã Â¤Â¨Ã Â¤Â¿Ã Â¤ÂªÃ Â¤Å¸Ã Â¥â¡Ã Â¤âÃ Â¤âÃ Â¥â¡? (Ã Â¤â°Ã Â¤Â¤Ã Â¥ÂÃ Â¤Â¤Ã Â¤Â° 250 Ã Â¤Â¶Ã Â¤Â¬Ã Â¥ÂÃ Â¤Â¦Ã Â¥â¹Ã Â¤â Ã Â¤Â®Ã Â¥â¡Ã Â¤â Ã Â¤Â¦Ã Â¥â¬Ã Â¤ÅÃ Â¤Â¿Ã Â¤Â) Ã¢â¬â 20 Mahatma Gandhi National Rural Employment Guarantee Program, MGNREGA was earlier known as National Rural Employment Scheme, NREGA. It is an Indian Social Welfare Program that aimed at fulfilling the 'Right to Work' provisions made in the Constitution. MGNREGA was launched in 2006 under Rural Employment Sector by the Ministry of Rural Development. Main objective of the program is to give legal guarantee of wage employment to the adult members of rural households who are willing to do unskilled manual labour work subject to a maximum of 100 days per year for every household. Every rural household has the right to register under the scheme, job card is issued to the registered, Job Card holder can seek employment; State Government shall pay 25% of minimum wage for the first 30 days as compensatory daily unemployment allowance to the families and of wage for remaining period of the year. MGNREGA work was undertaken by various Gram Panchayats. You have been appointed as an Administrator Incharge of the District. You have been given the responsibility of monitoring MGNREGA work undertaken by various Gram Panchayats. You are also given the authority to give technical sanctions to all MGNREGA works. In one of the Panchayats in your jurisdiction, you notice that your predecessor has mismanaged the Program in terms of: (i) Money not disbursed to actual job-seekers. (ii) Muster Rolls of the Labourers not properly maintained. (iii) Mismatch between the work done and payments made. (iv) Payments made to fictitious persons. (v) Job Cards were given without looking into the need of person. (vi) Mismanagement of funds and to the extent of siphoning of funds. (vii) Approved works that never existed. (a) What is your reaction to the above situation and how do you restore the proper functioning of MGNREGA Program in this regard? (b) What actions would you initiate to solve the various issues listed above? (c) How would you deal with the above situation? (Answer in 250 words) Ã¢â¬â 20","Mahatma Gandhi National Rural Employment Guarantee Program, MGNREGA was earlier known as National Rural Employment Scheme, NREGA. It is an Indian Social Welfare Program that aimed at fulfilling the 'Right to Work' provisions made in the Constitution. MGNREGA was launched in 2006 under Rural Employment Sector by the Ministry of Rural Development. Main objective of the program is to give legal guarantee of wage employment to the adult members of rural households who are willing to do unskilled manual labour work subject to a maximum of 100 days per year for every household. Every rural household has the right to register under the scheme, job card is issued to the registered, Job Card holder can seek employment; State Government shall pay 25% of minimum wage for the first 30 days as compensatory daily unemployment allowance to the families and of wage for remaining period of the year. MGNREGA work was undertaken by various Gram Panchayats. You have been appointed as an Administrator Incharge of the District. You have been given the responsibility of monitoring MGNREGA work undertaken by various Gram Panchayats. You are also given the authority to give technical sanctions to all MGNREGA works. In one of the Panchayats in your jurisdiction, you notice that your predecessor has mismanaged the Program in terms of : (i) Money not disbursed to actual job-seekers. (ii) Muster Rolls of the Labourers not properly maintained. (iii) Mismatch between the work done and payments made. (iv) Payments made to fictitious persons. (v) Job Cards were given without looking into the need of person. (vi) Mismanagement of funds and to the extent of siphoning of funds. (vii) Approved works that never existed. (a) What is your reaction to the above situation and how do you restore the proper functioning of MGNREGA Program in this regard ? (b) What actions would you initiate to solve the various issues listed above ? (c) How would you deal with the above situation ?",100.0,keep,true,aggregator,,,,,,,,,,,,,,,,,,
2025,GS4,dee30326-920a-40cf-bee0-a5b4c76760f7,79,,10,GS4-B-Q5,"Ã Â¤â¦Ã Â¤Â¶Ã Â¥â¹Ã Â¤â¢ Ã Â¤ÂªÃ Â¥âÃ Â¤Â°Ã Â¥ÂÃ Â¤ÂµÃ Â¥â¹Ã Â¤Â¤Ã Â¥ÂÃ Â¤Â¤Ã Â¤Â° Ã Â¤Â°Ã Â¤Â¾Ã Â¤ÅÃ Â¥ÂÃ Â¤Â¯ Ã Â¤â¢Ã Â¥â¡ Ã Â¤ÂÃ Â¤â¢ Ã Â¤Â¸Ã Â¥â¬Ã Â¤Â®Ã Â¤Â¾Ã Â¤ÂµÃ Â¤Â°Ã Â¥ÂÃ Â¤Â¤Ã Â¥â¬ Ã Â¤ÅÃ Â¤Â¿Ã Â¤Â²Ã Â¥â¡ Ã Â¤â¢Ã Â¥â¡ Ã Â¤Â®Ã Â¤âÃ Â¤Â¡Ã Â¤Â² Ã Â¤â Ã Â¤Â¯Ã Â¥ÂÃ Â¤â¢Ã Â¥ÂÃ Â¤Â¤ Ã Â¤Â¹Ã Â¥ËÃ Â¤âÃ Â¥Â¤ Ã Â¤â¢Ã Â¥ÂÃ Â¤âº Ã Â¤ÂµÃ Â¤Â°Ã Â¥ÂÃ Â¤Â· Ã Â¤ÂªÃ Â¤Â¹Ã Â¤Â²Ã Â¥â¡, Ã Â¤Â¸Ã Â¥â¡Ã Â¤Â¨Ã Â¤Â¾ Ã Â¤Â¨Ã Â¥â¡ Ã Â¤Â¨Ã Â¤Â¿Ã Â¤Â°Ã Â¥ÂÃ Â¤ÂµÃ Â¤Â¾Ã Â¤Å¡Ã Â¤Â¿Ã Â¤Â¤ Ã Â¤Â¨Ã Â¤Â¾Ã Â¤âÃ Â¤Â°Ã Â¤Â¿Ã Â¤â¢ Ã Â¤Â¸Ã Â¤Â°Ã Â¤â¢Ã Â¤Â¾Ã Â¤Â° Ã Â¤â¢Ã Â¥â¹ Ã Â¤â°Ã Â¤âÃ Â¤Â¾Ã Â¤Â¡Ã Â¤Â¼ Ã Â¤Â«Ã Â¥â¡Ã Â¤âÃ Â¤â¢Ã Â¤Â¨Ã Â¥â¡ Ã Â¤â¢Ã Â¥â¡ Ã Â¤Â¬Ã Â¤Â¾Ã Â¤Â¦ Ã Â¤ÂªÃ Â¤Â¡Ã Â¤Â¼Ã Â¥â¹Ã Â¤Â¸Ã Â¥â¬ Ã Â¤Â¦Ã Â¥â¡Ã Â¤Â¶ Ã Â¤ÂªÃ Â¤Â° Ã Â¤â¢Ã Â¤Â¬Ã Â¥ÂÃ Â¤ÅÃ Â¤Â¾ Ã Â¤â¢Ã Â¤Â° Ã Â¤Â²Ã Â¤Â¿Ã Â¤Â¯Ã Â¤Â¾ Ã Â¤Â¥Ã Â¤Â¾Ã Â¥Â¤ Ã Â¤Â¦Ã Â¥â¡Ã Â¤Â¶ Ã Â¤Â®Ã Â¥â¡Ã Â¤â Ã Â¤ÂµÃ Â¤Â¿Ã Â¤Â¶Ã Â¥â¡Ã Â¤Â· Ã Â¤Â°Ã Â¥âÃ Â¤Âª Ã Â¤Â¸Ã Â¥â¡ Ã Â¤ÂªÃ Â¤Â¿Ã Â¤âºÃ Â¤Â²Ã Â¥â¡ Ã Â¤Â¦Ã Â¥â¹ Ã Â¤ÂµÃ Â¤Â°Ã Â¥ÂÃ Â¤Â·Ã Â¥â¹Ã Â¤â Ã Â¤Â¸Ã Â¥â¡ Ã Â¤âÃ Â¥ÆÃ Â¤Â¹Ã Â¤Â¯Ã Â¥ÂÃ Â¤Â¦Ã Â¥ÂÃ Â¤Â§ Ã Â¤â¢Ã Â¥â¬ Ã Â¤Â¸Ã Â¥ÂÃ Â¤Â¥Ã Â¤Â¿Ã Â¤Â¤Ã Â¤Â¿ Ã Â¤Â¬Ã Â¤Â¨Ã Â¥â¬ Ã Â¤Â¹Ã Â¥ÂÃ Â¤Ë Ã Â¤Â¹Ã Â¥ËÃ Â¥Â¤ Ã Â¤Â¹Ã Â¤Â¾Ã Â¤Â²Ã Â¤Â¾Ã Â¤ÂÃ Â¤â¢Ã Â¤Â¿, Ã Â¤ÂµÃ Â¤Â¿Ã Â¤Â¦Ã Â¥ÂÃ Â¤Â°Ã Â¥â¹Ã Â¤Â¹Ã Â¥â¬ Ã Â¤Â¸Ã Â¤Â®Ã Â¥âÃ Â¤Â¹Ã Â¥â¹Ã Â¤â Ã Â¤Â¦Ã Â¥ÂÃ Â¤ÂµÃ Â¤Â¾Ã Â¤Â°Ã Â¤Â¾ Ã Â¤â¦Ã Â¤ÂªÃ Â¤Â¨Ã Â¥â¬ Ã Â¤Â¸Ã Â¥â¬Ã Â¤Â®Ã Â¤Â¾ Ã Â¤â¢Ã Â¥â¡ Ã Â¤ÂªÃ Â¤Â¾Ã Â¤Â¸ Ã Â¤â¢Ã Â¥ÂÃ Â¤âº Ã Â¤â Ã Â¤Â¬Ã Â¤Â¾Ã Â¤Â¦Ã Â¥â¬ Ã Â¤ÂµÃ Â¤Â¾Ã Â¤Â²Ã Â¥â¡ Ã Â¤â¢Ã Â¥ÂÃ Â¤Â·Ã Â¥â¡Ã Â¤Â¤Ã Â¥ÂÃ Â¤Â°Ã Â¥â¹Ã Â¤â Ã Â¤ÂªÃ Â¤Â° Ã Â¤Â¨Ã Â¤Â¿Ã Â¤Â¯Ã Â¤âÃ Â¤Â¤Ã Â¥ÂÃ Â¤Â°Ã Â¤Â£ Ã Â¤â¢Ã Â¤Â°Ã Â¤Â¨Ã Â¥â¡ Ã Â¤â¢Ã Â¥â¡ Ã Â¤â¢Ã Â¤Â¾Ã Â¤Â°Ã Â¤Â£ Ã Â¤â Ã Â¤âÃ Â¤Â¤Ã Â¤Â°Ã Â¤Â¿Ã Â¤â¢ Ã Â¤Â¸Ã Â¥ÂÃ Â¤Â¥Ã Â¤Â¿Ã Â¤Â¤Ã Â¤Â¿ Ã Â¤âÃ Â¤Â° Ã Â¤Â¬Ã Â¤Â¿Ã Â¤âÃ Â¤Â¡Ã Â¤Â¼ Ã Â¤âÃ Â¤ËÃ Â¥Â¤ Ã Â¤Â¸Ã Â¥ËÃ Â¤Â¨Ã Â¥ÂÃ Â¤Â¯ Ã Â¤âÃ Â¤Â° Ã Â¤ÂµÃ Â¤Â¿Ã Â¤Â¦Ã Â¥ÂÃ Â¤Â°Ã Â¥â¹Ã Â¤Â¹Ã Â¥â¬ Ã Â¤Â¸Ã Â¤Â®Ã Â¥âÃ Â¤Â¹Ã Â¥â¹Ã Â¤â Ã Â¤â¢Ã Â¥â¡ Ã Â¤Â¬Ã Â¥â¬Ã Â¤Å¡ Ã Â¤Â¤Ã Â¥â¬Ã Â¤ÂµÃ Â¥ÂÃ Â¤Â° Ã Â¤Â¸Ã Â¤âÃ Â¤ËÃ Â¤Â°Ã Â¥ÂÃ Â¤Â· Ã Â¤â¢Ã Â¥â¡ Ã Â¤â¢Ã Â¤Â¾Ã Â¤Â°Ã Â¤Â£ Ã Â¤Â¹Ã Â¤Â¾Ã Â¤Â² Ã Â¤â¢Ã Â¥â¡ Ã Â¤Â¦Ã Â¤Â¿Ã Â¤Â¨Ã Â¥â¹Ã Â¤â Ã Â¤Â®Ã Â¥â¡Ã Â¤â Ã Â¤Â¨Ã Â¤Â¾Ã Â¤âÃ Â¤Â°Ã Â¤Â¿Ã Â¤â¢ Ã Â¤Â¹Ã Â¤Â¤Ã Â¤Â¾Ã Â¤Â¹Ã Â¤Â¤Ã Â¥â¹Ã Â¤â Ã Â¤â¢Ã Â¥â¬ Ã Â¤Â¸Ã Â¤âÃ Â¤âÃ Â¥ÂÃ Â¤Â¯Ã Â¤Â¾ Ã Â¤Â®Ã Â¥â¡Ã Â¤â Ã Â¤â¢Ã Â¤Ë Ã Â¤âÃ Â¥ÂÃ Â¤Â¨Ã Â¤Â¾ Ã Â¤ÂµÃ Â¥ÆÃ Â¤Â¦Ã Â¥ÂÃ Â¤Â§Ã Â¤Â¿ Ã Â¤Â¹Ã Â¥ÂÃ Â¤Ë Ã Â¤Â¹Ã Â¥ËÃ Â¥Â¤ Ã Â¤â¡Ã Â¤Â¸Ã Â¥â¬ Ã Â¤Â¬Ã Â¥â¬Ã Â¤Å¡ Ã Â¤â¦Ã Â¤Â¶Ã Â¥â¹Ã Â¤â¢ Ã Â¤â¢Ã Â¥â¹ Ã Â¤ÂÃ Â¤â¢ Ã Â¤Â°Ã Â¤Â¾Ã Â¤Â¤ Ã Â¤Â®Ã Â¥â¡Ã Â¤â Ã Â¤Â¸Ã Â¥â¬Ã Â¤Â®Ã Â¤Â¾ Ã Â¤Å¡Ã Â¥ÅÃ Â¤â¢Ã Â¥â¬ Ã Â¤ÂªÃ Â¤Â° Ã Â¤Â¤Ã Â¥ËÃ Â¤Â¨Ã Â¤Â¾Ã Â¤Â¤ Ã Â¤ÂªÃ Â¥ÂÃ Â¤Â²Ã Â¤Â¿Ã Â¤Â¸ Ã Â¤Â¸Ã Â¥â¡ Ã Â¤Â¸Ã Â¥âÃ Â¤Å¡Ã Â¤Â¨Ã Â¤Â¾ Ã Â¤Â®Ã Â¤Â¿Ã Â¤Â²Ã Â¥â¬ Ã Â¤â¢Ã Â¤Â¿ Ã Â¤Â²Ã Â¤âÃ Â¤Â­Ã Â¤â 200-250 Ã Â¤Â²Ã Â¥â¹Ã Â¤â, Ã Â¤ÅÃ Â¤Â¿Ã Â¤Â¨Ã Â¤Â®Ã Â¥â¡Ã Â¤â Ã Â¤Â®Ã Â¥ÂÃ Â¤âÃ Â¥ÂÃ Â¤Â¯ Ã Â¤Â°Ã Â¥âÃ Â¤Âª Ã Â¤Â¸Ã Â¥â¡ Ã Â¤Â®Ã Â¤Â¹Ã Â¤Â¿Ã Â¤Â²Ã Â¤Â¾Ã Â¤ÂÃ Â¤Â Ã Â¤âÃ Â¤Â° Ã Â¤Â¬Ã Â¤Å¡Ã Â¥ÂÃ Â¤Å¡Ã Â¥â¡ Ã Â¤Â¹Ã Â¥ËÃ Â¤â, Ã Â¤Â¸Ã Â¥â¬Ã Â¤Â®Ã Â¤Â¾ Ã Â¤ÂªÃ Â¤Â¾Ã Â¤Â° Ã Â¤â¢Ã Â¤Â°Ã Â¤â¢Ã Â¥â¡ Ã Â¤Â¹Ã Â¤Â®Ã Â¤Â¾Ã Â¤Â°Ã Â¥â¬ Ã Â¤Â¸Ã Â¥â¬Ã Â¤Â®Ã Â¤Â¾ Ã Â¤â¢Ã Â¥â¬ Ã Â¤âÃ Â¤Â° Ã Â¤â Ã Â¤Â¨Ã Â¥â¡ Ã Â¤â¢Ã Â¥â¬ Ã Â¤â¢Ã Â¥â¹Ã Â¤Â¶Ã Â¤Â¿Ã Â¤Â¶ Ã Â¤â¢Ã Â¤Â° Ã Â¤Â°Ã Â¤Â¹Ã Â¥â¡ Ã Â¤Â¥Ã Â¥â¡Ã Â¥Â¤ Ã Â¤â¡Ã Â¤Â¸ Ã Â¤Â¸Ã Â¤Â®Ã Â¥âÃ Â¤Â¹ Ã Â¤Â®Ã Â¥â¡Ã Â¤â Ã Â¤Â¸Ã Â¥ËÃ Â¤Â¨Ã Â¥ÂÃ Â¤Â¯ Ã Â¤ÂµÃ Â¤Â°Ã Â¥ÂÃ Â¤Â¦Ã Â¥â¬Ã Â¤Â§Ã Â¤Â¾Ã Â¤Â°Ã Â¥â¬ Ã Â¤Â¹Ã Â¤Â¥Ã Â¤Â¿Ã Â¤Â¯Ã Â¤Â¾Ã Â¤Â°Ã Â¥â¹Ã Â¤â Ã Â¤â¢Ã Â¥â¡ Ã Â¤Â¸Ã Â¤Â¾Ã Â¤Â¥ Ã Â¤Â²Ã Â¤âÃ Â¤Â­Ã Â¤â 10 Ã Â¤Â¸Ã Â¥ËÃ Â¤Â¨Ã Â¤Â¿Ã Â¤â¢ Ã Â¤Â¶Ã Â¤Â¾Ã Â¤Â®Ã Â¤Â¿Ã Â¤Â² Ã Â¤Â¹Ã Â¥ËÃ Â¤â Ã Â¤ÅÃ Â¥â¹ Ã Â¤Â¸Ã Â¥â¬Ã Â¤Â®Ã Â¤Â¾ Ã Â¤ÂªÃ Â¤Â¾Ã Â¤Â° Ã Â¤â¢Ã Â¤Â°Ã Â¤Â¨Ã Â¤Â¾ Ã Â¤Å¡Ã Â¤Â¾Ã Â¤Â¹Ã Â¤Â¤Ã Â¥â¡ Ã Â¤Â¹Ã Â¥ËÃ Â¤âÃ Â¥Â¤ Ã Â¤Â®Ã Â¤Â¹Ã Â¤Â¿Ã Â¤Â²Ã Â¤Â¾Ã Â¤ÂÃ Â¤Â Ã Â¤âÃ Â¤Â° Ã Â¤Â¬Ã Â¤Å¡Ã Â¥ÂÃ Â¤Å¡Ã Â¥â¡ Ã Â¤Â°Ã Â¥â¹ Ã Â¤Â°Ã Â¤Â¹Ã Â¥â¡ Ã Â¤Â¹Ã Â¥ËÃ Â¤â Ã Â¤âÃ Â¤Â° Ã Â¤Â®Ã Â¤Â¦Ã Â¤Â¦ Ã Â¤â¢Ã Â¥â¬ Ã Â¤Â­Ã Â¥â¬Ã Â¤â Ã Â¤Â®Ã Â¤Â¾Ã Â¤âÃ Â¤â Ã Â¤Â°Ã Â¤Â¹Ã Â¥â¡ Ã Â¤Â¹Ã Â¥ËÃ Â¤âÃ Â¥Â¤ Ã Â¤â°Ã Â¤Â¨Ã Â¤Â®Ã Â¥â¡Ã Â¤â Ã Â¤â¢Ã Â¥ÂÃ Â¤âº Ã Â¤ËÃ Â¤Â¾Ã Â¤Â¯Ã Â¤Â² Ã Â¤Â¹Ã Â¥ËÃ Â¤â Ã Â¤âÃ Â¤Â° Ã Â¤Â¬Ã Â¤Â¹Ã Â¥ÂÃ Â¤Â¤ Ã Â¤ÅÃ Â¥ÂÃ Â¤Â¯Ã Â¤Â¾Ã Â¤Â¦Ã Â¤Â¾ Ã Â¤âÃ Â¥âÃ Â¤Â¨ Ã Â¤Â¬Ã Â¤Â¹ Ã Â¤Â°Ã Â¤Â¹Ã Â¤Â¾ Ã Â¤Â¹Ã Â¥Ë, Ã Â¤â°Ã Â¤Â¨Ã Â¥ÂÃ Â¤Â¹Ã Â¥â¡Ã Â¤â Ã Â¤Â¤Ã Â¥ÂÃ Â¤Â°Ã Â¤âÃ Â¤Â¤ Ã Â¤Å¡Ã Â¤Â¿Ã Â¤â¢Ã Â¤Â¿Ã Â¤Â¤Ã Â¥ÂÃ Â¤Â¸Ã Â¤Â¾ Ã Â¤â¢Ã Â¥â¬ Ã Â¤ÅÃ Â¤Â°Ã Â¥âÃ Â¤Â°Ã Â¤Â¤ Ã Â¤Â¹Ã Â¥ËÃ Â¥Â¤ Ã Â¤â¦Ã Â¤Â¶Ã Â¥â¹Ã Â¤â¢ Ã Â¤Â¨Ã Â¥â¡ Ã Â¤Â°Ã Â¤Â¾Ã Â¤ÅÃ Â¥ÂÃ Â¤Â¯ Ã Â¤â¢Ã Â¥â¡ Ã Â¤âÃ Â¥ÆÃ Â¤Â¹ Ã Â¤Â¸Ã Â¤Å¡Ã Â¤Â¿Ã Â¤Âµ Ã Â¤Â¸Ã Â¥â¡ Ã Â¤Â¸Ã Â¤âÃ Â¤ÂªÃ Â¤Â°Ã Â¥ÂÃ Â¤â¢ Ã Â¤â¢Ã Â¤Â°Ã Â¤Â¨Ã Â¥â¡ Ã Â¤â¢Ã Â¤Â¾ Ã Â¤ÂªÃ Â¥ÂÃ Â¤Â°Ã Â¤Â¯Ã Â¤Â¾Ã Â¤Â¸ Ã Â¤â¢Ã Â¤Â¿Ã Â¤Â¯Ã Â¤Â¾, Ã Â¤Â²Ã Â¥â¡Ã Â¤â¢Ã Â¤Â¿Ã Â¤Â¨ Ã Â¤âÃ Â¤Â°Ã Â¤Â¾Ã Â¤Â¬ Ã Â¤Â®Ã Â¥ÅÃ Â¤Â¸Ã Â¤Â® Ã Â¤â¢Ã Â¥â¡ Ã Â¤â¢Ã Â¤Â¾Ã Â¤Â°Ã Â¤Â£ Ã Â¤âÃ Â¤Â°Ã Â¤Â¾Ã Â¤Â¬ Ã Â¤â¢Ã Â¤Â¨Ã Â¥â¡Ã Â¤â¢Ã Â¥ÂÃ Â¤Å¸Ã Â¤Â¿Ã Â¤ÂµÃ Â¤Â¿Ã Â¤Å¸Ã Â¥â¬ Ã Â¤â¢Ã Â¥â¡ Ã Â¤â¢Ã Â¤Â¾Ã Â¤Â°Ã Â¤Â£ Ã Â¤ÂÃ Â¤Â¸Ã Â¤Â¾ Ã Â¤â¢Ã Â¤Â°Ã Â¤Â¨Ã Â¥â¡ Ã Â¤Â®Ã Â¥â¡Ã Â¤â Ã Â¤â¦Ã Â¤Â¸Ã Â¤Â«Ã Â¤Â² Ã Â¤Â°Ã Â¤Â¹Ã Â¥â¡Ã Â¥Â¤ (a) Ã Â¤â¡Ã Â¤Â¸ Ã Â¤Â¸Ã Â¥ÂÃ Â¤Â¥Ã Â¤Â¿Ã Â¤Â¤Ã Â¤Â¿ Ã Â¤Â¸Ã Â¥â¡ Ã Â¤Â¨Ã Â¤Â¿Ã Â¤ÂªÃ Â¤Å¸Ã Â¤Â¨Ã Â¥â¡ Ã Â¤â¢Ã Â¥â¡ Ã Â¤Â²Ã Â¤Â¿Ã Â¤Â Ã Â¤â¦Ã Â¤Â¶Ã Â¥â¹Ã Â¤â¢ Ã Â¤â¢Ã Â¥â¡ Ã Â¤ÂªÃ Â¤Â¾Ã Â¤Â¸ Ã Â¤â¢Ã Â¥ÂÃ Â¤Â¯Ã Â¤Â¾ Ã Â¤ÂµÃ Â¤Â¿Ã Â¤â¢Ã Â¤Â²Ã Â¥ÂÃ Â¤Âª Ã Â¤â°Ã Â¤ÂªÃ Â¤Â²Ã Â¤Â¬Ã Â¥ÂÃ Â¤Â§ Ã Â¤Â¹Ã Â¥ËÃ Â¤â? (b) Ã Â¤â¦Ã Â¤Â¶Ã Â¥â¹Ã Â¤â¢ Ã Â¤â¢Ã Â¥â¹ Ã Â¤â¢Ã Â¤Â¿Ã Â¤Â¨ Ã Â¤Â¨Ã Â¥ËÃ Â¤Â¤Ã Â¤Â¿Ã Â¤â¢ Ã Â¤âÃ Â¤Â° Ã Â¤â¢Ã Â¤Â¾Ã Â¤Â¨Ã Â¥âÃ Â¤Â¨Ã Â¥â¬ Ã Â¤Â¦Ã Â¥ÂÃ Â¤ÂµÃ Â¤Â¿Ã Â¤Â§Ã Â¤Â¾Ã Â¤âÃ Â¤â Ã Â¤â¢Ã Â¤Â¾ Ã Â¤Â¸Ã Â¤Â¾Ã Â¤Â®Ã Â¤Â¨Ã Â¤Â¾ Ã Â¤â¢Ã Â¤Â°Ã Â¤Â¨Ã Â¤Â¾ Ã Â¤ÂªÃ Â¤Â¡Ã Â¤Â¼ Ã Â¤Â°Ã Â¤Â¹Ã Â¤Â¾ Ã Â¤Â¹Ã Â¥Ë? (c) Ã Â¤â Ã Â¤ÂªÃ Â¤â¢Ã Â¥â¡ Ã Â¤ÂµÃ Â¤Â¿Ã Â¤Å¡Ã Â¤Â¾Ã Â¤Â° Ã Â¤Â¸Ã Â¥â¡ Ã Â¤â¦Ã Â¤Â¶Ã Â¥â¹Ã Â¤â¢ Ã Â¤â¢Ã Â¥â¡ Ã Â¤Â²Ã Â¤Â¿Ã Â¤Â Ã Â¤â¢Ã Â¥ÅÃ Â¤Â¨ Ã Â¤Â¸Ã Â¤Â¾ Ã Â¤ÂµÃ Â¤Â¿Ã Â¤â¢Ã Â¤Â²Ã Â¥ÂÃ Â¤Âª Ã Â¤â¦Ã Â¤ÂªÃ Â¤Â¨Ã Â¤Â¾Ã Â¤Â¨Ã Â¤Â¾ Ã Â¤â¦Ã Â¤Â§Ã Â¤Â¿Ã Â¤â¢ Ã Â¤â°Ã Â¤ÂªÃ Â¤Â¯Ã Â¥ÂÃ Â¤â¢Ã Â¥ÂÃ Â¤Â¤ Ã Â¤Â¹Ã Â¥â¹Ã Â¤âÃ Â¤Â¾ Ã Â¤âÃ Â¤Â° Ã Â¤â¢Ã Â¥ÂÃ Â¤Â¯Ã Â¥â¹Ã Â¤â? (d) Ã Â¤ÂµÃ Â¤Â°Ã Â¥ÂÃ Â¤Â¤Ã Â¤Â®Ã Â¤Â¾Ã Â¤Â¨ Ã Â¤Â¸Ã Â¥ÂÃ Â¤Â¥Ã Â¤Â¿Ã Â¤Â¤Ã Â¤Â¿ Ã Â¤Â®Ã Â¥â¡Ã Â¤â Ã Â¤ÂµÃ Â¤Â°Ã Â¥ÂÃ Â¤Â¦Ã Â¥â¬Ã Â¤Â§Ã Â¤Â¾Ã Â¤Â°Ã Â¥â¬ Ã Â¤Â¸Ã Â¥ËÃ Â¤Â¨Ã Â¤Â¿Ã Â¤â¢Ã Â¥â¹Ã Â¤â Ã Â¤â¢Ã Â¥â¡ Ã Â¤Â¸Ã Â¤Â¾Ã Â¤Â¥ Ã Â¤ÂµÃ Â¥ÂÃ Â¤Â¯Ã Â¤ÂµÃ Â¤Â¹Ã Â¤Â¾Ã Â¤Â° Ã Â¤â¢Ã Â¤Â°Ã Â¤Â¤Ã Â¥â¡ Ã Â¤Â¸Ã Â¤Â®Ã Â¤Â¯ Ã Â¤Â¸Ã Â¥â¬Ã Â¤Â®Ã Â¤Â¾ Ã Â¤Â¸Ã Â¥ÂÃ Â¤Â°Ã Â¤â¢Ã Â¥ÂÃ Â¤Â·Ã Â¤Â¾ Ã Â¤ÂªÃ Â¥ÂÃ Â¤Â²Ã Â¤Â¿Ã Â¤Â¸ Ã Â¤Â¦Ã Â¥ÂÃ Â¤ÂµÃ Â¤Â¾Ã Â¤Â°Ã Â¤Â¾ Ã Â¤â¢Ã Â¥ÂÃ Â¤Â¯Ã Â¤Â¾ Ã Â¤â¦Ã Â¤Â¤Ã Â¤Â¿Ã Â¤Â°Ã Â¤Â¿Ã Â¤â¢Ã Â¥ÂÃ Â¤Â¤ Ã Â¤ÂÃ Â¤Â¹Ã Â¤Â¤Ã Â¤Â¿Ã Â¤Â¯Ã Â¤Â¾Ã Â¤Â¤Ã Â¥â¬ Ã Â¤â°Ã Â¤ÂªÃ Â¤Â¾Ã Â¤Â¯ Ã Â¤â¢Ã Â¤Â¿Ã Â¤Â Ã Â¤ÅÃ Â¤Â¾Ã Â¤Â¨Ã Â¥â¡ Ã Â¤Å¡Ã Â¤Â¾Ã Â¤Â¹Ã Â¤Â¿Ã Â¤Â? (Ã Â¤â°Ã Â¤Â¤Ã Â¥ÂÃ Â¤Â¤Ã Â¤Â° 250 Ã Â¤Â¶Ã Â¤Â¬Ã Â¥ÂÃ Â¤Â¦Ã Â¥â¹Ã Â¤â Ã Â¤Â®Ã Â¥â¡Ã Â¤â Ã Â¤Â¦Ã Â¥â¬Ã Â¤ÅÃ Â¤Â¿Ã Â¤Â) Ã¢â¬â 20 Ashok is Divisional Commissioner of one of the border districts of the North East State. A few years back, Military has taken over the neighbouring country after overthrowing the elected civil government. Civil war situation is prevailing in the country especially in last two years. However, internal situation further deteriorated due to rebel groups taking over control of certain populated areas near own border. Due to intense fight between military and rebel groups, civilian casualties has increased manifold in recent past. In the meantime, in one night Ashok got information from the local police guarding the border check post that there are about 200-250 people mainly women and children trying to cross over to our side of the border. There are also about 10 soldiers with their weapons in military uniform part of this group who wants to cross over. Women and Children are also crying and begging for help. A few of them are injured and bleeding profusely need immediate medical care. Ashok tried to contact Home Secretary of the State but failed to do so due to poor connectivity mainly due to inclement weather. (a) What are the options available with Ashok to cope with the situation? (b) What are the ethical and legal dilemmas being faced by Ashok? (c) Which of the options, do you think would be more appropriate for Ashok to adopt and why? (d) In the present situation, what are the extra precautionary measures to be taken by the Border Guarding Police in dealing with soldiers in uniform? (Answer in 250 words) Ã¢â¬â 20","Ashok is Divisional Commissioner of one of the border districts of the North East State. A few years back, Military has taken over the neighbouring country after overthrowing the elected civil government. Civil war situation is prevailing in the country especially in last two years. However, internal situation further deteriorated due to rebel groups taking over control of certain populated areas near own border. Due to intense fight between military and rebel groups, civilian casualties has increased manifold in recent past. In the meantime, in one night Ashok got information from the local police guarding the border check post that there are about 200-250 people mainly women and children trying to cross over to our side of the border. There are also about 10 soldiers with their weapons in military uniform part of this group who wants to cross over. Women and Children are also crying and begging for help. A few of them are injured and bleeding profusely need immediate medical care. Ashok tried to contact Home Secretary of the State but failed to do so due to poor connectivity mainly due to inclement weather. (a) What are the options available with Ashok to cope with the situation ? (b) What are the ethical and legal dilemmas being faced by Ashok ? (c) Which of the options, do you think would be more appropriate for Ashok to adopt and why ? (d) In the present situation, what are the extra precautionary measures to be taken by the Border Guarding Police in dealing with soldiers in uniform ?",100.0,keep,true,aggregator,,,,,,,,,,,,,,,,,,
2026,GS1,daca2e9f-012e-46fc-8b10-b6df340b4200,,,1,GS1-Q1,,Analyze the importance of Ashokan inscriptions for reconstructing Mauryan history.,,insert,,aggregator,,,,,,,exact,100.0,true,,,,,,,,,
2026,GS1,daca2e9f-012e-46fc-8b10-b6df340b4200,,,2,GS1-Q2,,Discuss the impact of Macaulay's Minute on colonial administration and education in India.,,insert,,aggregator,,,,,,,exact,100.0,true,,,,,,,,,
2026,GS1,daca2e9f-012e-46fc-8b10-b6df340b4200,,,3,GS1-Q3,,“The significance of the Gandhian movements lay in the masses they mobilized.” Elucidate.,,insert,,aggregator,,,,,,,exact,100.0,true,,,,,,,,,
2026,GS1,daca2e9f-012e-46fc-8b10-b6df340b4200,,,4,GS1-Q4,,What is the Fujiwhara effect? Explain its impact on the movement and intensity of tropical cyclones.,,insert,,aggregator,,,,,,,exact,100.0,true,,,,,,,,,
2026,GS1,daca2e9f-012e-46fc-8b10-b6df340b4200,,,5,GS1-Q5,,“Tundra regions are ecologically fragile but economically important.” Examine this statement critically.,,insert,,aggregator,,,,,,,exact,100.0,true,,,,,,,,,
2026,GS1,daca2e9f-012e-46fc-8b10-b6df340b4200,,,6,GS1-Q6,,Discuss the role of aeolian processes in desertification and land degradation.,,insert,,aggregator,,,,,,,exact,100.0,true,,,,,,,,,
2026,GS1,daca2e9f-012e-46fc-8b10-b6df340b4200,,,7,GS1-Q7,,“Water resources are both an asset and a source of conflict in South Asia.” Examine this statement giving examples.,,insert,,aggregator,,,,,,,exact,100.0,true,,,,,,,,,
2026,GS1,daca2e9f-012e-46fc-8b10-b6df340b4200,,,8,GS1-Q8,,Unity in diversity remains the defining feature of Indian society despite the challenges from communalism and regionalism. Comment.,,insert,,aggregator,,,,,,,exact,100.0,true,,,,,,,,,
2026,GS1,daca2e9f-012e-46fc-8b10-b6df340b4200,,,9,GS1-Q9,,How do you understand disability? Substantiate the need for inclusive policy framework in India in this regard.,,insert,,aggregator,,,,,,,exact,100.0,true,,,,,,,,,
2026,GS1,daca2e9f-012e-46fc-8b10-b6df340b4200,,,10,GS1-Q10,,Do you think digital technology promotes social empowerment? Explain with examples.,,insert,,aggregator,,,,,,,exact,100.0,true,,,,,,,,,
2026,GS1,daca2e9f-012e-46fc-8b10-b6df340b4200,,,11,GS1-Q11,,Vijayanagara architecture exemplifies the amalgamation of past traditions with contemporary practices. Elucidate with examples.,,insert,,aggregator,,,,,,,exact,100.0,true,,,,,,,,,
2026,GS1,daca2e9f-012e-46fc-8b10-b6df340b4200,,,12,GS1-Q12,,Linguistic reorganization of Indian States was driven by popular pressure from below. Comment.,,insert,,aggregator,,,,,,,exact,100.0,true,,,,,,,,,
2026,GS1,daca2e9f-012e-46fc-8b10-b6df340b4200,,,13,GS1-Q13,,The model of planned economy was adopted in India to address the regional imbalances left behind by colonial rule. Comment.,,insert,,aggregator,,,,,,,exact,100.0,true,,,,,,,,,
2026,GS1,daca2e9f-012e-46fc-8b10-b6df340b4200,,,14,GS1-Q14,,"Compare the Loo, Chinook and Foehn winds with respect to their regions of prevalence, their nature and climatic impacts.",,insert,,aggregator,,,,,,,exact,100.0,true,,,,,,,,,
2026,GS1,daca2e9f-012e-46fc-8b10-b6df340b4200,,,15,GS1-Q15,,Analyze the role of satellite-based technologies in achieving climate-smart agriculture and food security in India.,,insert,,aggregator,,,,,,,exact,100.0,true,,,,,,,,,
2026,GS1,daca2e9f-012e-46fc-8b10-b6df340b4200,,,16,GS1-Q16,,“The centre of global trade is gradually shifting from the Atlantic region to the Indo-Pacific region.” Examine this statement.,,insert,,aggregator,,,,,,,exact,100.0,true,,,,,,,,,
2026,GS1,daca2e9f-012e-46fc-8b10-b6df340b4200,,,17,GS1-Q17,,Analyze the major drivers of human-induced land-use changes in India and their geographical consequences.,,insert,,aggregator,,,,,,,exact,100.0,true,,,,,,,,,
2026,GS1,daca2e9f-012e-46fc-8b10-b6df340b4200,,,18,GS1-Q18,,Is caste disappearing in urban India? Illustrate your answer with examples.,,insert,,aggregator,,,,,,,exact,100.0,true,,,,,,,,,
2026,GS1,daca2e9f-012e-46fc-8b10-b6df340b4200,,,19,GS1-Q19,,Critically examine the challenges of demographic transition in contemporary India.,,insert,,aggregator,,,,,,,exact,100.0,true,,,,,,,,,
2026,GS1,daca2e9f-012e-46fc-8b10-b6df340b4200,,,20,GS1-Q20,,"Evaluate the impact of globalization on Indian youths with reference to social, political, economic and cultural spheres.",,insert,,aggregator,,,,,,,exact,100.0,true,,,,,,,,,
2026,GS2,d332fcad-6750-4542-af0a-3f203f819096,,,1,GS2-Q1,,"Right to privacy relating to self-identity is very dear to every human being and well protected under Article 21 of the Constitution. In this context, examine the effect of the amendment in 2026, to the Transgender Persons (Protection of Rights) Act, 2019.",,insert,,aggregator,,,,,,,,,,,,,,,,,,
2026,GS2,d332fcad-6750-4542-af0a-3f203f819096,,,2,GS2-Q2,,"“Women as a class neither belong to a minority group nor are they regarded as forming a backward class.” In the light of this statement, discuss the evolution of women's reservation from local bodies to Parliament.",,insert,,aggregator,,,,,,,,,,,,,,,,,,
2026,GS2,d332fcad-6750-4542-af0a-3f203f819096,,,3,GS2-Q3,,Examine whether the constitutional office of the Lok Sabha Speaker has become vulnerable to partisan politics under the current anti-defection regime. What institutional changes are required to ensure the neutrality of the Lok Sabha Speaker in managing a polarised House?,,insert,,aggregator,,,,,,,,,,,,,,,,,,
2026,GS2,d332fcad-6750-4542-af0a-3f203f819096,,,4,GS2-Q4,,Is the right to vote a fundamental right? Discuss the position of the Election Commission of India while undertaking the revision of electoral rolls. Can it also examine the question of citizenship of voters?,,insert,,aggregator,,,,,,,,,,,,,,,,,,
2026,GS2,d332fcad-6750-4542-af0a-3f203f819096,,,5,GS2-Q5,,Do constitutional bodies like the National Commission for Scheduled Castes (NCSC) and the National Commission for Scheduled Tribes (NCST) possess adequate enforcement powers to secure substantive social equality? Suggest measures to enhance their institutional effectiveness.,,insert,,aggregator,,,,,,,,,,,,,,,,,,
2026,GS2,d332fcad-6750-4542-af0a-3f203f819096,,,6,GS2-Q6,,Does India's tribal development policy reflect the aspirations for a socially grounded and equity-based governance? Justify your answer.,,insert,,aggregator,,,,,,,,,,,,,,,,,,
2026,GS2,d332fcad-6750-4542-af0a-3f203f819096,,,7,GS2-Q7,,"Malnutrition in India is not merely a public health concern; it is also a challenge of social equity, human development and effective welfare governance. Discuss.",,insert,,aggregator,,,,,,,,,,,,,,,,,,
2026,GS2,d332fcad-6750-4542-af0a-3f203f819096,,,8,GS2-Q8,,Analyse the advantages and limitations of the generalist structure of the Indian Civil Services in contemporary governance.,,insert,,aggregator,,,,,,,,,,,,,,,,,,
2026,GS2,d332fcad-6750-4542-af0a-3f203f819096,,,9,GS2-Q9,,“IPMDA (Indo-Pacific Partnership for Maritime Domain Awareness) bridges the gap between India's SAGAR (Security and Growth for All in the Region) vision and the Quad's collective Indo-Pacific strategy.” Make a critical assessment of the statement focusing on IPMDA.,,insert,,aggregator,,,,,,,,,,,,,,,,,,
2026,GS2,d332fcad-6750-4542-af0a-3f203f819096,,,10,GS2-Q10,,"“BRICS acts as a powerful counterweight in global governance, actively amplifying the voice and influence of the Global South.” Explain the role of BRICS in projecting itself as an alternative to other groupings.",,insert,,aggregator,,,,,,,,,,,,,,,,,,
2026,GS2,d332fcad-6750-4542-af0a-3f203f819096,,,11,GS2-Q11,,Discuss the position of the Governor in the federal polity of India. What is the nature of his power while giving assent to a bill passed by the State Legislature? Is he bound by the aid and advice of his Council of Ministers in all his functions?,,insert,,aggregator,,,,,,,,,,,,,,,,,,
2026,GS2,d332fcad-6750-4542-af0a-3f203f819096,,,12,GS2-Q12,,"What is meant by judicial legislation? In this context, discuss the verdicts of the apex court allowing “passive euthanasia” and a “living will”.",,insert,,aggregator,,,,,,,,,,,,,,,,,,
2026,GS2,d332fcad-6750-4542-af0a-3f203f819096,,,13,GS2-Q13,,How far has the Indian federal framework been successful in accommodating regional and cultural diversities? Highlight the role of asymmetric federalism and suggest measures to make dispute resolution mechanisms more effective.,,insert,,aggregator,,,,,,,,,,,,,,,,,,
2026,GS2,d332fcad-6750-4542-af0a-3f203f819096,,,14,GS2-Q14,,"Examine how the separation of powers is practised in India compared to the rigid presidential model of the United States of America. In this context, compare the actual authority of the Indian Prime Minister with that of the President of the USA.",,insert,,aggregator,,,,,,,,,,,,,,,,,,
2026,GS2,d332fcad-6750-4542-af0a-3f203f819096,,,15,GS2-Q15,,"To what extent do pressure groups, social movements and corporate lobbies deepen pluralistic democracy in India by representing excluded interests? Analyse whether the growing convergence of corporate wealth and political power poses a threat to the autonomy of formal democratic institutions.",,insert,,aggregator,,,,,,,,,,,,,,,,,,
2026,GS2,d332fcad-6750-4542-af0a-3f203f819096,,,16,GS2-Q16,,“Transparency and accountability in governance are not about controlling corruption but about creating the trust of stakeholders in the policy process by following the Rule of Law and Participatory Governance.” Comment.,,insert,,aggregator,,,,,,,,,,,,,,,,,,
2026,GS2,d332fcad-6750-4542-af0a-3f203f819096,,,17,GS2-Q17,,Can the constitutional mandate of rights-based welfare be effectively realised in the context of non-integrated governance and minimal public investment? Examine.,,insert,,aggregator,,,,,,,,,,,,,,,,,,
2026,GS2,d332fcad-6750-4542-af0a-3f203f819096,,,18,GS2-Q18,,"Should education be treated primarily as a welfare obligation of the state or as a strategic investment for building a globally competitive, knowledge-driven nation? Critically evaluate.",,insert,,aggregator,,,,,,,,,,,,,,,,,,
2026,GS2,d332fcad-6750-4542-af0a-3f203f819096,,,19,GS2-Q19,,"“India's global diaspora acts as a living bridge, as a critical economic factor and knowledge network in transforming cultural heritage into geopolitical influence and strategic leverage worldwide.” Critically examine this statement.",,insert,,aggregator,,,,,,,,,,,,,,,,,,
2026,GS2,d332fcad-6750-4542-af0a-3f203f819096,,,20,GS2-Q20,,“China's Belt and Road Initiative (BRI) has transformed South Asia from a regional space into a theatre of great power competition.” Analyse the strategic implications of the BRI for India's security and regional influence in South Asia.,,insert,,aggregator,,,,,,,,,,,,,,,,,,
2026,GS3,b5cbb735-b687-4de5-90cb-3978f48a71a1,,,1,GS3-Q1,,"What do you mean by Digital Rupee? In this context, explain the working and progress of India's Central Bank Digital Currency (CBDC).",,insert,,aggregator,,,,,,,,,,,,,,,,,,
2026,GS3,b5cbb735-b687-4de5-90cb-3978f48a71a1,,,2,GS3-Q2,,Examine the view that financial inclusion is an integral part of social and economic inclusion in a country like India. Also throw light on the usefulness of the R.B.I.'s Financial Inclusion Index.,,insert,,aggregator,,,,,,,,,,,,,,,,,,
2026,GS3,b5cbb735-b687-4de5-90cb-3978f48a71a1,,,3,GS3-Q3,,Describe the various Technology Missions initiated in Indian agriculture and examine their role in food security.,,insert,,aggregator,,,,,,,,,,,,,,,,,,
2026,GS3,b5cbb735-b687-4de5-90cb-3978f48a71a1,,,4,GS3-Q4,,Explain the factors responsible for inefficiency of agri-produce marketing. How e- commerce helps to reduce inefficiency of agri-produce marketing? Explain.,,insert,,aggregator,,,,,,,,,,,,,,,,,,
2026,GS3,b5cbb735-b687-4de5-90cb-3978f48a71a1,,,5,GS3-Q5,,"Explain by giving two examples, how biotechnology has helped the Indian farmers in processing their perishable crops.",,insert,,aggregator,,,,,,,,,,,,,,,,,,
2026,GS3,b5cbb735-b687-4de5-90cb-3978f48a71a1,,,6,GS3-Q6,,"Distinguish between a Fast Breeder Reactor (FBR) and a thermal nuclear reactor. In the context of first indigenously developed prototype FBR at Kalpakkam, explain the term 'criticality'. What are its implications for clean energy future of our country?",,insert,,aggregator,,,,,,,,,,,,,,,,,,
2026,GS3,b5cbb735-b687-4de5-90cb-3978f48a71a1,,,7,GS3-Q7,,"Discuss how the contradiction between 'rapid infrastructure development' and 'disaster- risk reduction' in ecologically-sensitive areas of India can be managed, with suitable examples.",,insert,,aggregator,,,,,,,,,,,,,,,,,,
2026,GS3,b5cbb735-b687-4de5-90cb-3978f48a71a1,,,8,GS3-Q8,,Discuss the aim and goals of Kunming-Montreal global biodiversity framework. Mention India's commitments and initiatives to achieve the goals and targets of this framework giving suitable examples.,,insert,,aggregator,,,,,,,,,,,,,,,,,,
2026,GS3,b5cbb735-b687-4de5-90cb-3978f48a71a1,,,9,GS3-Q9,,"Explain how fake news and disinformation pose threat to Internal Security and Public Order in Indian context? In this regard, discuss salient features of amendments in respect of Information Technology (Intermediary Guidelines and Digital Media Ethics Code) Rules 2021.",,insert,,aggregator,,,,,,,,,,,,,,,,,,
2026,GS3,b5cbb735-b687-4de5-90cb-3978f48a71a1,,,10,GS3-Q10,,"Ladakh is strategically located between China and Pakistan. As a measure to win hearts and minds of locals, discuss the Border Area Development Programmes (BADP) by the Central Government and civic actions by the Army. Also discuss demand of promulgation of provision of the Sixth Schedule of constitution for Ladakh.",,insert,,aggregator,,,,,,,,,,,,,,,,,,
2026,GS3,b5cbb735-b687-4de5-90cb-3978f48a71a1,,,11,GS3-Q11,,Explain the key challenges for India's energy security. What measures do you suggest for ensuring energy security along with economic growth and sustainability?,,insert,,aggregator,,,,,,,,,,,,,,,,,,
2026,GS3,b5cbb735-b687-4de5-90cb-3978f48a71a1,,,12,GS3-Q12,,"How are startups in India promoting entrepreneurship, innovation and employment? Discuss the global and domestic challenges in their working and suggest suitable measures to overcome these challenges.",,insert,,aggregator,,,,,,,,,,,,,,,,,,
2026,GS3,b5cbb735-b687-4de5-90cb-3978f48a71a1,,,13,GS3-Q13,,How Indian agriculture has been transformed from food scarcity to food surplus level? Explain the various government policies implemented for diversification of Indian agriculture.,,insert,,aggregator,,,,,,,,,,,,,,,,,,
2026,GS3,b5cbb735-b687-4de5-90cb-3978f48a71a1,,,14,GS3-Q14,,Discuss the different types of subsidies and supports provided by the Government of India to agricultural sector. Examine the related issues pertaining to Agreement on Agriculture of World Trade Organisation (WTO).,,insert,,aggregator,,,,,,,,,,,,,,,,,,
2026,GS3,b5cbb735-b687-4de5-90cb-3978f48a71a1,,,15,GS3-Q15,,Mention salient features of 'Mission Drishti'. Discuss the imaging techniques used in the satellite launched on 3rd May 2026. Why it is being considered world's first satellite of its kind?,,insert,,aggregator,,,,,,,,,,,,,,,,,,
2026,GS3,b5cbb735-b687-4de5-90cb-3978f48a71a1,,,16,GS3-Q16,,"What is agentic Artificial Intelligence (AI)? Explain its working. Describe its applications with suitable examples. Discuss the advantages, risks and challenges associated with agentic AI systems.",,insert,,aggregator,,,,,,,,,,,,,,,,,,
2026,GS3,b5cbb735-b687-4de5-90cb-3978f48a71a1,,,17,GS3-Q17,,What are the challenges to solid waste management in India? Discuss the governmental policy framework on solid waste management. Discuss the success/failure cases of Delhi and Indore cities highlighting the salient feature of their solid waste management initiatives.,,insert,,aggregator,,,,,,,,,,,,,,,,,,
2026,GS3,b5cbb735-b687-4de5-90cb-3978f48a71a1,,,18,GS3-Q18,,“Community participation is the cornerstone of effective disaster management”. Analyse this statement with suitable examples from India. Also discuss the challenges to community participation and measures to strengthen it.,,insert,,aggregator,,,,,,,,,,,,,,,,,,
2026,GS3,b5cbb735-b687-4de5-90cb-3978f48a71a1,,,19,GS3-Q19,,Separatist movements have been one of the major factors contributing to militancy and instability in Jammu & Kashmir (J & K). Bring out actions taken by the Government to bring J & K into national mainstream. Discuss pre and post abrogation status of Articles 370 and 35A. Also bring out positive impacts of abrogation of both articles in mainstreaming the state.,,insert,,aggregator,,,,,,,,,,,,,,,,,,
2026,GS3,b5cbb735-b687-4de5-90cb-3978f48a71a1,,,20,GS3-Q20,,Discuss counterfeit currency and money laundering as major sources of terror funding in India. State the actions being taken at International level to check these menaces. Highlight the role of Financial Action Task Force (FATF) and methods of compliance by its member states in preventing terror funding.,,insert,,aggregator,,,,,,,,,,,,,,,,,,
2026,GS4,dee30326-920a-40cf-bee0-a5b4c76760f7,,,1,GS4-A-Q1,,"Owing to paucity of time, a university professor generates a Ph.D. evaluation report using Artificial Intelligence and submits it with some modifications. Discuss this from the perspective of accountability and integrity.",,insert,,aggregator,,,,,,,,,,,,,,,,,,
2026,GS4,dee30326-920a-40cf-bee0-a5b4c76760f7,,,2,GS4-B-Q1,,"Lata, a mother of two, was admitted for acute abdominal pain. During a laparoscopy under general anesthesia, Dr. Mansi's team found a possibly malignant tumor in her uterus. Instead of a biopsy, Dr. Mansi removed the uterus with the written consent of Lata's sister-in-law Sujatha. Lata, informed the next day, felt betrayed and went to court. (a) Discuss the ethical issues involved. (b) Discuss the moral conduct of the doctor.",,insert,,aggregator,,,,,,,,,,,,,,,,,,
2026,GS4,dee30326-920a-40cf-bee0-a5b4c76760f7,,,3,GS4-A-Q2,,"A business house is working on a project that could displace a forest community from their habitat. As the administrative officer of that district, what ethical challenges are you likely to face?",,insert,,aggregator,,,,,,,,,,,,,,,,,,
2026,GS4,dee30326-920a-40cf-bee0-a5b4c76760f7,,,4,GS4-B-Q2,,"Ravi, an SP, installed AI-enabled predictive policing that captures biometric data from crowds. It flagged an immigrant, low-income neighbourhood; policing improved, but community leaders allege the system is biased, built on faulty historical data, and that surveillance without residents' knowledge has bred tension. (a) What are the ethical issues, including biases, in AI and data-driven policing? (b) In Ravi's role, discuss the alternatives and justify the action that best combines ethics and compliance.",,insert,,aggregator,,,,,,,,,,,,,,,,,,
2026,GS4,dee30326-920a-40cf-bee0-a5b4c76760f7,,,5,GS4-A-Q3,,"An endangered tribe has developed a severe skeletal deformity. A university research has identified a mineral supplement as a possible remedy, though clinical trials are yet to be conducted. Should the District Magistrate (DM) use this research on the tribe? Discuss from the perspective of medical and administrative ethics.",,insert,,aggregator,,,,,,,,,,,,,,,,,,
2026,GS4,dee30326-920a-40cf-bee0-a5b4c76760f7,,,6,GS4-B-Q3,,"Seema, an honest senior bureaucrat, is DC of Surinder Nagar, where a tout network working through subordinate officials is selectively clearing land-use applications for bribes. Employees are scared, the backlog grows, the public suffers. She must break the network without halting daily administration. (a) What are the ethical issues? (b) Discuss her options, identify the recommended option and justify it.",,insert,,aggregator,,,,,,,,,,,,,,,,,,
2026,GS4,dee30326-920a-40cf-bee0-a5b4c76760f7,,,7,GS4-A-Q4,,Discuss how national security can be balanced with concerns of human rights.,,insert,,aggregator,,,,,,,,,,,,,,,,,,
2026,GS4,dee30326-920a-40cf-bee0-a5b4c76760f7,,,8,GS4-B-Q4,,"Vikas, DC of remote Nainipura, runs the PDS for the poorest. Biometric checks meant to stop leakages keep failing for growing children, manual labourers and senior citizens, worse when WiFi is slow; distributors then decide by personal discretion. Strict rules ensure fiscal probity but hurt the poorest and may touch their Article 21 rights. (a) What options does Vikas have, and how should he balance fiscal probity with empathy? (b) Discuss the ethics of using technology as a gatekeeper for welfare schemes.",,insert,,aggregator,,,,,,,,,,,,,,,,,,
2026,GS4,dee30326-920a-40cf-bee0-a5b4c76760f7,,,9,GS4-A-Q5,,Dr. B. R. Ambedkar had cautioned that employing civil disobedience within a constitutional democracy equates to endorsing 'anarchy'. How should modern democracies navigate the ethical dilemmas posed by civil disobedience movements that aim to promote social justice against policies that may raise genuine concerns?,,insert,,aggregator,,,,,,,,,,,,,,,,,,
2026,GS4,dee30326-920a-40cf-bee0-a5b4c76760f7,,,10,GS4-B-Q5,,"Rajan is the new DM of Rajapuram, a border district where ethnic conflict between the Jhara and Biru communities has killed many. The rivalry has seeped into the local administration and police; both communities distrust the government. A neighbouring country could exploit the unrest. Rajan favours a controlled approach: reopen the highway for food and medicines, consider CRPF support. (a) Discuss the ethical issues. (b) What are his options, and which protects his non-partisan image without compromising ethics?",,insert,,aggregator,,,,,,,,,,,,,,,,,,
2026,GS4,dee30326-920a-40cf-bee0-a5b4c76760f7,,,11,GS4-A-Q6,,In what ways can an Indian Administrative Officer apply Gandhi's notion of 'trusteeship' to ensure fairness in governance?,,insert,,aggregator,,,,,,,,,,,,,,,,,,
2026,GS4,dee30326-920a-40cf-bee0-a5b4c76760f7,,,12,GS4-B-Q6,,"Ajit heads Weapon Sales in the Ministry of Defence Production. Production limits mean he can sell to only one of two developing countries: A, outside all alliances, needing arms against a troublesome neighbour, seeking a long-term loan; or B, alliance-backed, military-first at its people's cost, not an NPT signatory, supporter of guerrilla forces abroad, ready with advance payment. (a) Discuss his options and which he should choose and why. (b) How can he balance the nation's economic and strategic interests with ethical considerations?",,insert,,aggregator,,,,,,,,,,,,,,,,,,
2026,GS4,dee30326-920a-40cf-bee0-a5b4c76760f7,,,13,GS4-A-Q7,,"Shakespeare in Henry IV says, ""The arms are fair when the intent of bearing them is just"". What ethical implications does this have in governance?",,insert,,aggregator,,,,,,,,,,,,,,,,,,
2026,GS4,dee30326-920a-40cf-bee0-a5b4c76760f7,,,14,GS4-A-Q8,,"Citing the serious adverse effects of long-term medication, a doctor convinces the family of a female patient for surgery. This led the patient to reluctantly consent for the surgery, though her original choice was to opt for medication. Explain the concepts of paternalism and beneficence by analysing the doctor's action.",,insert,,aggregator,,,,,,,,,,,,,,,,,,
2026,GS4,dee30326-920a-40cf-bee0-a5b4c76760f7,,,15,GS4-A-Q9,,"Efficiency is doing things right, while effectiveness is doing the right thing. How do you strike a balance between the two to enhance productivity?",,insert,,aggregator,,,,,,,,,,,,,,,,,,
2026,GS4,dee30326-920a-40cf-bee0-a5b4c76760f7,,,16,GS4-A-Q10,,"Usually schools, working in remote areas, do not fully comply with government regulations. However, if the rules are enforced strictly, it would lead to most schools closing down. How should an administrator strike a balance between enforcement of rules and educational rights of children?",,insert,,aggregator,,,,,,,,,,,,,,,,,,
2026,GS4,dee30326-920a-40cf-bee0-a5b4c76760f7,,,17,GS4-A-Q11,,"In international relations, ethical considerations are often subjugated to the strategic interests of nation-states. Discuss this from an ethical perspective.",,insert,,aggregator,,,,,,,,,,,,,,,,,,
2026,GS4,dee30326-920a-40cf-bee0-a5b4c76760f7,,,18,GS4-A-Q12,,"On the request of his Personal Assistant (PA), the District Magistrate (DM) stops the transfer of a schoolteacher who takes private tuition for his daughter diagnosed with learning disability. In this context, discuss the aspects of empathy versus compliance with rules.",,insert,,aggregator,,,,,,,,,,,,,,,,,,
2026,GS4,dee30326-920a-40cf-bee0-a5b4c76760f7,,,19,GS4-A-Q13,,"Some moral philosophers argue that spending some of your resources, without significantly affecting your financial stability, to help other people who badly suffer is our moral duty and not merely a matter of charity. Justify this claim by explaining the distinction between duty and charity.",,insert,,aggregator,,,,,,,,,,,,,,,,,,
