year,question_number,option_label,option_id,question_id,option_text
2018,1,a,f42ce7a4-1b9e-4e4f-86eb-4c5f835267f6,b9a45a63-cef7-4af4-8341-3a8108f87bf1,4-1-2-3
2018,1,b,d0c8e087-d9fb-49ca-9e93-d55f7a728777,b9a45a63-cef7-4af4-8341-3a8108f87bf1,3-2-1-4
2018,1,c,c100fa45-0ed9-42bc-a297-c6c002a70dbe,b9a45a63-cef7-4af4-8341-3a8108f87bf1,4-2-1-3
2018,1,d,29b2ab53-70d3-4c20-bc68-2355cd538b73,b9a45a63-cef7-4af4-8341-3a8108f87bf1,3-1-2-4
2018,2,a,6846619b-ddca-4cc3-b91e-b29ac6582050,2b29bf87-3519-4ffd-b46d-5444e0e82b34,Article 14 and the provisions under the 42nd Amendment to the Constitution
2018,2,b,886179c3-b2d6-4150-bf25-2aa9049e8d4d,2b29bf87-3519-4ffd-b46d-5444e0e82b34,Article 17 and the Directive Principles of State Policy in part IV
2018,2,c,631a00a3-cd7f-40b5-b3d7-5c96c3d67c19,2b29bf87-3519-4ffd-b46d-5444e0e82b34,Article 21 and the freedoms guaranteed in Part III
2018,2,d,48e337e6-97d3-434b-b2c1-ae8d58e5faf3,2b29bf87-3519-4ffd-b46d-5444e0e82b34,Article 24 and the provisions under the 44th Amendment to the Constitution
2018,3,a,d12ba21c-46f8-4182-a43c-6ee36f4cb0fe,d3a91fe7-3b41-4ee0-b370-74c1586fb5ad,"1, 2, 3 and 7 only"
2018,3,b,6ccdebe9-e3a4-43ec-b4f0-2c233bcc3d9b,d3a91fe7-3b41-4ee0-b370-74c1586fb5ad,"2, 4, 5 and 6 only"
2018,3,c,441f9ea5-136f-4066-bda3-4aecadcc9c9e,d3a91fe7-3b41-4ee0-b370-74c1586fb5ad,"1, 3, 4, 5 and 6 only"
2018,3,d,17f16ec8-2ded-432f-bedb-5a546150437b,d3a91fe7-3b41-4ee0-b370-74c1586fb5ad,"1, 2, 3, 4, 5, 6 and 7"
2018,4,a,96bd24d1-2bba-47d5-b295-1a10bd3289e2,4da89ac1-c939-4938-bc31-bbc399b25efa,Arunachal Pradesh
2018,4,b,a7b6cf4d-cce3-4056-9a63-81be67981180,4da89ac1-c939-4938-bc31-bbc399b25efa,Manipur
2018,4,c,bfb9de91-891c-4f81-8c20-2eaaa317be24,4da89ac1-c939-4938-bc31-bbc399b25efa,Meghalaya
2018,4,d,b1c255c2-aff0-4d73-bfee-42feda748a6e,4da89ac1-c939-4938-bc31-bbc399b25efa,Nagaland
2018,5,a,49d2c17a-f50f-4c95-93f8-312107234f81,94adec43-606d-46be-ab2f-40148a792df2,1 only
2018,5,b,3cfd164b-b445-450d-ac8e-e868b596a90f,94adec43-606d-46be-ab2f-40148a792df2,2 and 3 only
2018,5,c,0039f02f-e532-4697-b3f6-65d4a8b7183d,94adec43-606d-46be-ab2f-40148a792df2,1 and 2 only
2018,5,d,f8884dcd-4f6f-48bd-aaf6-91af4cbbd8b6,94adec43-606d-46be-ab2f-40148a792df2,3 only
2018,6,a,9a2b6df1-2542-475c-8769-6572436481f9,84d3ce2d-74fd-44c9-8692-d69d5df83c60,1 only
2018,6,b,5568288c-464a-444a-b40b-f9d713a33427,84d3ce2d-74fd-44c9-8692-d69d5df83c60,2 only
2018,6,c,3dfa944c-cf3c-4ab4-8a23-a3490ffbaca8,84d3ce2d-74fd-44c9-8692-d69d5df83c60,Both 1 and 2
2018,6,d,9f2da622-c6c4-4339-8839-43f719c121ed,84d3ce2d-74fd-44c9-8692-d69d5df83c60,Neither 1 nor 2
2018,7,a,0288cd8a-2272-43e8-b522-876770d24060,3356a60c-48cf-4fea-af52-a112adb4b160,1 only
2018,7,b,3cb9b097-22ab-478b-ba1d-3b3225f917cc,3356a60c-48cf-4fea-af52-a112adb4b160,2 and 3 only
2018,7,c,8fea9e8a-037c-4a1e-8bcf-5403fba12e2e,3356a60c-48cf-4fea-af52-a112adb4b160,"1, 2 and 4 only"
2018,7,d,5899da0b-1141-4126-89e1-6d5dbc0c695d,3356a60c-48cf-4fea-af52-a112adb4b160,"1, 2, 3 and 4"
2018,8,a,d2cc0c84-a554-4a19-99a2-e1a3e85ab28b,0926a8f6-70b6-4c64-8e7f-bf016365007a,1 and 2 only
2018,8,b,a11e1e0d-c22e-456a-b69a-439e51800c12,0926a8f6-70b6-4c64-8e7f-bf016365007a,2 and 3 only
2018,8,c,a5b722b2-a034-49c3-8cc9-5c2c4defc695,0926a8f6-70b6-4c64-8e7f-bf016365007a,3 only
2018,8,d,23ca4ba3-b1bc-48f1-85db-2f6beebe75a5,0926a8f6-70b6-4c64-8e7f-bf016365007a,"1, 2 and 3"
2018,9,a,4adccd4c-cb81-4b24-b2ab-627e2110ddf1,bcd328e7-9352-498b-af0a-7d9597a454eb,1 and 3 only
2018,9,b,57e92593-e17b-4687-a4ea-e725807b2551,bcd328e7-9352-498b-af0a-7d9597a454eb,3 and 4 only
2018,9,c,c58ce4bd-150a-4274-956b-814427a4b785,bcd328e7-9352-498b-af0a-7d9597a454eb,"1, 2 and 4 only"
2018,9,d,0c1aee2f-2466-4f2e-830c-25c57aba8496,bcd328e7-9352-498b-af0a-7d9597a454eb,"1, 2, 3 and 4"
2018,10,a,0ed4911a-b43c-4bc1-b91f-fd6ac87658f3,32f574a9-61c6-463b-a483-6238eab1164e,1 and 2 only
2018,10,b,979d46d1-cf3d-48af-b455-2f858608e0cf,32f574a9-61c6-463b-a483-6238eab1164e,2 and 3only
2018,10,c,62aad8c8-b83f-4cda-ac7f-4d07bd79177f,32f574a9-61c6-463b-a483-6238eab1164e,3 only
2018,10,d,2d86885e-4664-4422-905a-bbdd7d752837,32f574a9-61c6-463b-a483-6238eab1164e,"1, 2 and 3"
2018,11,a,2af95bd9-971b-4621-901b-14a05f27f521,d3a6919a-8d3b-4345-b14c-2c94d679b7c3,"A bill shall be deemed to be a Money Bill if it contains only provisions relating to imposition, abolition, remission, alternation or regulation of any tax."
2018,11,b,debd1ac4-e276-488d-956a-ded742a9bbc9,d3a6919a-8d3b-4345-b14c-2c94d679b7c3,A Money Bill has provisions for the custody of the Consolidated Fund of India or the Contingency Fund of India.
2018,11,c,de82af27-f4b3-41f9-97e2-0ddd8474e30c,d3a6919a-8d3b-4345-b14c-2c94d679b7c3,A Money Bill is concerned with the appropriation of moneys out of the contingency Fund of India.
2018,11,d,b2a9b906-2bfa-4123-a513-08a82f2a5ee4,d3a6919a-8d3b-4345-b14c-2c94d679b7c3,A Money Bill deals with the regulation of borrowing of money or giving of any guarantee by the Government of India.
2018,12,a,6ae8886a-0492-44e4-a03e-1dc31655065d,41f887ce-08fd-4b29-81ae-dba54dfe739a,1 only
2018,12,b,7660a907-2a85-41a4-b506-5f70f69fb14e,41f887ce-08fd-4b29-81ae-dba54dfe739a,2 only
2018,12,c,dfb1705d-ef33-44e8-a242-c90eacaacae9,41f887ce-08fd-4b29-81ae-dba54dfe739a,Both 1 and 2
2018,12,d,7f508f15-13c6-4200-9012-a82500ea18b5,41f887ce-08fd-4b29-81ae-dba54dfe739a,Neither 1 nor 2
2018,13,a,34801b32-7d9c-40fb-9bca-1fd057071cd8,18185578-a9b7-42dc-bf17-bef1d18bdb49,The civilian nuclear reactors come under IAEA safeguards.
2018,13,b,228b1262-6549-4bec-8d75-1bad05b110bd,18185578-a9b7-42dc-bf17-bef1d18bdb49,The military nuclear installations come under the inspection of IAEA.
2018,13,c,c079126b-3367-440a-ae36-ac56433814f3,18185578-a9b7-42dc-bf17-bef1d18bdb49,The country will have the privilege to buy uranium from the Nuclear Suppliers Group (NSG)
2018,13,d,a410f3d9-ac7e-4d0d-972e-8de1f0f0a96f,18185578-a9b7-42dc-bf17-bef1d18bdb49,The country automatically becomes a member of the NSG.
2018,14,a,72815ee9-fb2f-4adb-a9b4-6664f3dcd03a,eec1ab75-ca9e-4da8-acf1-a9f6f6f8c468,"1, 2, 4 and 5"
2018,14,b,ba363dd4-cc68-421b-9262-932b6645e4ec,eec1ab75-ca9e-4da8-acf1-a9f6f6f8c468,"3, 4, 5 and 6"
2018,14,c,afde005f-5c2e-449a-bdd0-ec9a235f5482,eec1ab75-ca9e-4da8-acf1-a9f6f6f8c468,"1, 3, 4 and 5"
2018,14,d,8b865bb7-461a-49da-a379-78daf664997d,eec1ab75-ca9e-4da8-acf1-a9f6f6f8c468,"2, 3, 4 and 6"
2018,15,a,0e32bdbb-a938-41d5-9948-42fb78e8e217,30644ff6-685f-4d00-a6b7-46db666bd97e,1 and 3 only
2018,15,b,9caffdb5-0582-4869-a9fe-86784cb9ab28,30644ff6-685f-4d00-a6b7-46db666bd97e,2 only
2018,15,c,29e6881a-e355-49b7-bf9c-7ca324679f42,30644ff6-685f-4d00-a6b7-46db666bd97e,2 and 3 only
2018,15,d,929149d2-7a81-42e2-a550-251e0c37d303,30644ff6-685f-4d00-a6b7-46db666bd97e,"1, 2 and 3"
2018,16,a,5263c1b2-aec2-4d1c-b14a-806992c6071a,04faa51f-cd32-47cb-be0b-e333a14e84bb,1 and 2 only
2018,16,b,c1fc0579-1dfa-44d2-8d1f-772c41a7fc36,04faa51f-cd32-47cb-be0b-e333a14e84bb,3 only
2018,16,c,f5392fed-174a-4fac-924a-5c1d9943a770,04faa51f-cd32-47cb-be0b-e333a14e84bb,2 and 3 only
2018,16,d,440538db-b032-478c-8d03-1b09e43fbb17,04faa51f-cd32-47cb-be0b-e333a14e84bb,"1, 2 and 3"
2018,17,a,41ecb06a-c479-4175-a8aa-4e99fc1197c1,b4d1fe95-6c37-4ae1-a264-1149a06c56c7,1 and 2
2018,17,b,7661fe92-7284-4e22-8200-33264e6dca26,b4d1fe95-6c37-4ae1-a264-1149a06c56c7,1 and 4
2018,17,c,a7ab0e3d-5f8b-42e2-af92-522c54e67dd7,b4d1fe95-6c37-4ae1-a264-1149a06c56c7,2 and 3
2018,17,d,7c0d12ce-9da4-49ad-bedb-c04c1900d8af,b4d1fe95-6c37-4ae1-a264-1149a06c56c7,3 and 4
2018,18,a,09b25213-f2b3-4311-b86e-200cf39c77ed,f6871be8-4bb1-40e2-b0af-599ac1a6785f,Federal Legislature
2018,18,b,33f7d333-e500-4174-856e-fd7bf2905113,f6871be8-4bb1-40e2-b0af-599ac1a6785f,Governor General
2018,18,c,0cf9cbfa-7804-41b3-987c-bd9af4408f2c,f6871be8-4bb1-40e2-b0af-599ac1a6785f,Provincial Legislature
2018,18,d,c7d139cb-ce38-4501-b821-1407a2291e3e,f6871be8-4bb1-40e2-b0af-599ac1a6785f,Provincial Governors
2018,19,a,3f8ca586-2f42-4f84-9183-245c828a3181,45297975-47a3-41bf-a28a-af04d03fd64f,1 only
2018,19,b,17435267-24d5-49a3-9cfa-a0b661e9e617,45297975-47a3-41bf-a28a-af04d03fd64f,2 only
2018,19,c,1e141c24-7157-497e-b2e9-776ac17dd6de,45297975-47a3-41bf-a28a-af04d03fd64f,Both 1 and 2
2018,19,d,27f90732-7c15-4618-8223-5c9fc65a8eda,45297975-47a3-41bf-a28a-af04d03fd64f,Neither 1 nor 2
2018,20,a,b5a7d49e-af8d-44ab-83c1-e63700b34000,ad6a0d70-2d32-43fe-8304-22bb1c324814,"If there are more laws, there is less liberty."
2018,20,b,2e9dad71-c7a2-4ccb-af72-90975896fda5,ad6a0d70-2d32-43fe-8304-22bb1c324814,"If there are no laws, there is no liberty"
2018,20,c,a00868d5-dd95-4188-9e2e-85b95a96be08,ad6a0d70-2d32-43fe-8304-22bb1c324814,"If there is liberty, laws have to be made by the people."
2018,20,d,bd27b804-daed-4955-8b26-da8c623f0ec9,ad6a0d70-2d32-43fe-8304-22bb1c324814,"If laws are changed too often, liberty is in danger"
2018,21,a,00e48fea-c1d4-47eb-84fb-524df831b535,efaa132f-56b4-4000-b46e-b6eae7f41307,1 only
2018,21,b,711af248-246e-407d-ae78-f76f451b6233,efaa132f-56b4-4000-b46e-b6eae7f41307,2 only
2018,21,c,6e15eacd-c91c-45d9-8faa-a078facefaa2,efaa132f-56b4-4000-b46e-b6eae7f41307,Both 1 and 2
2018,21,d,47397be5-0cdf-4612-a7b0-fd1bd595dd4e,efaa132f-56b4-4000-b46e-b6eae7f41307,Neither 1 nor 2
2018,22,a,4852018c-bcaf-4a3a-bf79-05baf9ed2fc4,31e425d2-12d3-4168-a418-647301745498,Bundi School
2018,22,b,f4492ca8-164b-4fa6-9279-722daa373eee,31e425d2-12d3-4168-a418-647301745498,Jaipur School
2018,22,c,95b590f9-9e60-4458-b05f-944a4e7d09fe,31e425d2-12d3-4168-a418-647301745498,Kangra School
2018,22,d,3d2ee9bd-9c99-452e-9249-1e49a006d7d8,31e425d2-12d3-4168-a418-647301745498,Kishangarh School
2018,23,a,694b2f53-c1b0-4244-b97b-93c2912cde3b,cac091b3-e861-4cf8-9193-baf271644dcb,An Israeli radar system
2018,23,b,782fb14b-5f55-49a6-b430-57b0cffc536d,cac091b3-e861-4cf8-9193-baf271644dcb,India’s indigenous anti-missile Programme
2018,23,c,8f6d461a-1a4c-4eed-be35-78527584a5fe,cac091b3-e861-4cf8-9193-baf271644dcb,An American anti-missile system
2018,23,d,ae6feee1-9e2a-4a6a-ab56-1a728cc563ac,cac091b3-e861-4cf8-9193-baf271644dcb,A defence collaboration between Japan and South Korea
2018,24,a,fe95cc59-4772-4fc6-a1ae-ce9b60882d9c,084da0ad-343c-415c-83cd-c8fd43dd82d2,1 and 3 only
2018,24,b,4af79c21-b091-4685-b39e-7b5b0e9d83bd,084da0ad-343c-415c-83cd-c8fd43dd82d2,2 and 4 only
2018,24,c,d56bc102-f8bb-4425-a5b4-b5dce4624e08,084da0ad-343c-415c-83cd-c8fd43dd82d2,"1, 2 and 3"
2018,24,d,6274079b-0de1-4d37-b60d-5d90d958b7bf,084da0ad-343c-415c-83cd-c8fd43dd82d2,"2, 3 and 4"
2018,25,a,d6783504-1a89-4b2e-a5cd-cf19ba10dad5,cbc67479-6ce8-44bd-8b43-7391ec9bbd16,1 and 3 only
2018,25,b,3867270d-2006-4b76-a82d-03d881b82a6b,cbc67479-6ce8-44bd-8b43-7391ec9bbd16,2 and 4 only
2018,25,c,b46de762-6826-4d97-8cd8-9a169fcffd16,cbc67479-6ce8-44bd-8b43-7391ec9bbd16,"1, 2 and 4 only"
2018,25,d,0d2396c3-1c0d-4a20-a132-c76528937e48,cbc67479-6ce8-44bd-8b43-7391ec9bbd16,"1, 2, 3 and 4"
2018,26,a,1ec13cc9-b1bc-4148-bf6e-a96250e52925,19e53cb1-6872-4599-bab4-46019f0be60b,1 and 2 only
2018,26,b,69229e56-c06a-450e-ac03-84323126789a,19e53cb1-6872-4599-bab4-46019f0be60b,2 only
2018,26,c,fb18d72e-8a22-4c99-8690-b3899879307a,19e53cb1-6872-4599-bab4-46019f0be60b,1 and 3 only
2018,26,d,a5c26000-5f53-466f-98c4-45460998ee78,19e53cb1-6872-4599-bab4-46019f0be60b,"1, 2 and 3"
2018,27,a,2ccfa40c-4c24-4261-95c2-be098a1b7458,9b880fd4-5214-4943-9a08-5046cb899ebf,Kodiakanal (Tamil Nadu)
2018,27,b,7507b54e-79e2-497f-9bb2-e1fb9e4476c5,9b880fd4-5214-4943-9a08-5046cb899ebf,Kolleru (Andhra Pradesh)
2018,27,c,c0a3b06d-4144-400b-bac5-de476df0cb98,9b880fd4-5214-4943-9a08-5046cb899ebf,Nainital (Uttarakhand)
2018,27,d,147f9830-deb1-49ff-9d40-c887c95e93b9,9b880fd4-5214-4943-9a08-5046cb899ebf,Renuka (Himachal Pradesh)
2018,28,a,aa99d6da-13cb-4e01-83c5-ed2e044b10b7,4572107d-4d05-46b3-a4fc-ed57dbfbcf4d,1 and 3 only
2018,28,b,7ee20d2b-eb06-4722-89fd-cd232ae1a010,4572107d-4d05-46b3-a4fc-ed57dbfbcf4d,2 only
2018,28,c,aa03b31a-63ac-4709-bc2f-ae4215635b58,4572107d-4d05-46b3-a4fc-ed57dbfbcf4d,2 and 3 only
2018,28,d,533f4947-b575-4661-8f76-f1224d1faaf4,4572107d-4d05-46b3-a4fc-ed57dbfbcf4d,"1, 2 and 3"
2018,29,a,e7a3f2c7-5027-4e28-b139-36b9341f4360,5c394da9-aa9e-4481-adc3-77a47f172052,All India Home Rule League
2018,29,b,34cfbf05-57da-4a77-ba0e-7813a3e3974a,5c394da9-aa9e-4481-adc3-77a47f172052,Hindu Mahasabha
2018,29,c,af776945-0e68-40cc-ba63-5a18795677a3,5c394da9-aa9e-4481-adc3-77a47f172052,South Indian Liberal Federation
2018,29,d,760d1d8e-b159-4fb6-ad52-9146f1f0df7d,5c394da9-aa9e-4481-adc3-77a47f172052,The Servants of Indian Society
2018,30,a,46c6667f-d01d-4e66-8bbb-eb3df8c69587,46f00f60-ced9-45fb-bb05-e00dd32bee1f,Swami Dayanand established Arya Samaj
2018,30,b,1a23249a-91da-4236-add9-fa0aa5f1c420,46f00f60-ced9-45fb-bb05-e00dd32bee1f,Dinabandhu Mitra wrote Neeldarpan
2018,30,c,70cf8b72-77f8-4d6a-be3d-e796a54c281e,46f00f60-ced9-45fb-bb05-e00dd32bee1f,Bankim Chandra Chattopadhyay wrote
2018,30,d,48f9f205-639d-45ff-a95b-56ffd445ae00,46f00f60-ced9-45fb-bb05-e00dd32bee1f,Satyendranath Tagore became the first Indian to succeed in the Indian Civil Services Examination.
2018,31,a,e0e6a5f4-30ce-4505-aa19-42ab26ccc94e,4147ea07-eae9-41c2-8b89-ea5b3e274606,1 only
2018,31,b,61810a00-1f58-4d0f-a7f2-4e3ea9684561,4147ea07-eae9-41c2-8b89-ea5b3e274606,2 and 3 only
2018,31,c,22bf054c-f66f-4eae-950c-db83b07eab86,4147ea07-eae9-41c2-8b89-ea5b3e274606,1 and 3 only
2018,31,d,5d98c5e2-0bf6-41ef-b88a-70fe8e3c8560,4147ea07-eae9-41c2-8b89-ea5b3e274606,"1, 2 and 3 only"
2018,32,a,f9a05b55-fb43-4d54-b125-58035c3c0c4f,96d3e248-2ba6-4d86-8672-ae1e0300c708,1 and 2 only
2018,32,b,73006a9d-4e1c-47aa-86ac-100a4cdf2ce2,96d3e248-2ba6-4d86-8672-ae1e0300c708,3 only
2018,32,c,5beb03e6-873b-4e37-bc7c-463daaf71325,96d3e248-2ba6-4d86-8672-ae1e0300c708,1 and 3 only
2018,32,d,8e00ee59-4c51-44c3-bab9-a7512f999e0c,96d3e248-2ba6-4d86-8672-ae1e0300c708,"1, 2 and 3"
2018,33,a,2ff1adc2-652d-4e06-8d81-02c5b852a80d,03d621bb-1dfa-4df1-9bef-efbb0d1d89f7,"The Earth summit on sustainable Development 2002, Johannesburg"
2018,33,b,916ce0bb-a0e6-4990-a439-3026dc61827d,03d621bb-1dfa-4df1-9bef-efbb0d1d89f7,"The United Nation conference on sustainable Development 2012, Rio de Janeiro"
2018,33,c,2bff58e6-4fab-45c4-bf86-751d13d6e23e,03d621bb-1dfa-4df1-9bef-efbb0d1d89f7,"The United Nations Framework Convention on Climate Change 2015, Paris"
2018,33,d,4284f3a0-7a3b-4e18-8c98-79c1f236cc1a,03d621bb-1dfa-4df1-9bef-efbb0d1d89f7,"The World sustainable Development Summit 2016, New Delhi"
2018,34,a,dd747cac-0e88-4296-a25d-082110cf73d3,069eb778-cce2-4fcc-a844-15d4ccebe295,"1, 3 and 4 only"
2018,34,b,e43d5de6-0c74-4caf-86a4-31299b2e676a,069eb778-cce2-4fcc-a844-15d4ccebe295,"2, 3and 5 only"
2018,34,c,264d303a-8bdd-4d73-962d-d412d6f74a09,069eb778-cce2-4fcc-a844-15d4ccebe295,1 and 4 only
2018,34,d,47c5913f-84a7-4acc-adf7-9192d1bb3a7c,069eb778-cce2-4fcc-a844-15d4ccebe295,"1, 2, 3, 4 and 5"
2018,35,a,a2f404d4-6b12-4881-9d48-7323c6708bdf,f3313d3a-67db-4b93-a23c-ef60b60bc069,1 only
2018,35,b,58eb5fbf-69c2-4210-98bd-265304195783,f3313d3a-67db-4b93-a23c-ef60b60bc069,2 and 3
2018,35,c,69711c6c-a831-4bb5-a226-dea72ec2ac36,f3313d3a-67db-4b93-a23c-ef60b60bc069,3 only
2018,35,d,dc5a7dcc-f91f-4266-8149-ff46d4362340,f3313d3a-67db-4b93-a23c-ef60b60bc069,1 and 3
2018,36,a,c37aa536-3e3c-4882-9598-060b2685d4c4,704fabdc-306e-45e4-940a-5492f4bc88a3,Its extract is widely used in cosmetics
2018,36,b,b565c22c-6694-47f5-a5e3-c3fa6e7914a5,704fabdc-306e-45e4-940a-5492f4bc88a3,It tends to reduce the biodiversity in the area in which it grows.
2018,36,c,5433c0e1-9506-42df-8ead-eae253227d91,704fabdc-306e-45e4-940a-5492f4bc88a3,Its extract is used in the synthesis of pesticides.
2018,36,d,536209d9-97e7-4320-b0aa-c147f251c845,704fabdc-306e-45e4-940a-5492f4bc88a3,None of the above.
2018,37,a,4008fca7-0211-4e73-9682-1aa678662e5e,3b83d983-7376-4657-a180-64feda1fe6e7,1 and 2 only
2018,37,b,1d780521-c2d6-4973-8b6e-cde04e20644e,3b83d983-7376-4657-a180-64feda1fe6e7,3 only
2018,37,c,d5fa4a12-4c39-4e86-bb44-b582cade141b,3b83d983-7376-4657-a180-64feda1fe6e7,1 and 3 only
2018,37,d,7172a39a-a10d-47a4-bb21-54ac5d0cb634,3b83d983-7376-4657-a180-64feda1fe6e7,"1, 2 and 3"
2018,38,a,ed205955-6bc5-4e2f-b26e-61eee9f03dcf,40a6beba-8952-4af6-bf51-5014c1bfd6e6,The Intergovernmental Panel on Climate Change
2018,38,b,747c5d83-2962-4518-83ee-decafc0dae66,40a6beba-8952-4af6-bf51-5014c1bfd6e6,The UNEP Secretariat
2018,38,c,03f5e9a1-1765-407c-a2c3-3996eff7d7be,40a6beba-8952-4af6-bf51-5014c1bfd6e6,The UNFCCC Secretariat
2018,38,d,c502d1aa-c52e-4763-b897-f690285f387b,40a6beba-8952-4af6-bf51-5014c1bfd6e6,The World Meteorological Organization
2018,39,a,ef288772-950b-454d-abb5-499b1a8955d3,8f5095a3-c52d-4abb-a600-225f19ad7de1,1 and 2
2018,39,b,dcfd51af-f866-493e-9333-ea421d5db700,8f5095a3-c52d-4abb-a600-225f19ad7de1,2 only
2018,39,c,32103554-c451-482f-a02c-b973afa4d330,8f5095a3-c52d-4abb-a600-225f19ad7de1,1 and 3
2018,39,d,af305189-5a9f-4134-9ac9-13154c1e4ce5,8f5095a3-c52d-4abb-a600-225f19ad7de1,3 only
2018,40,a,85622b97-77af-4d4d-b7ac-06f97c66c3b6,509bdcbd-cdd8-4562-90fd-3b6866bb7610,"1, 2 and 3 only"
2018,40,b,774bac27-f5bc-469d-b8a0-caf116e59696,509bdcbd-cdd8-4562-90fd-3b6866bb7610,3 and 4 only
2018,40,c,b887f325-3974-42c7-9d8b-40387b66b173,509bdcbd-cdd8-4562-90fd-3b6866bb7610,1 and 3 only
2018,40,d,e8dd1ae8-74a6-41ee-9e56-fe63adc3ea59,509bdcbd-cdd8-4562-90fd-3b6866bb7610,2 and 4 only
2018,41,a,f9787b2e-fe09-4f32-84e8-ad942096a621,b9492435-9be2-4fcc-a0c5-cf80fd68de26,1 only
2018,41,b,7418dbad-fcfa-4290-b52f-00d66729a4cc,b9492435-9be2-4fcc-a0c5-cf80fd68de26,1 and 2 only
2018,41,c,ee29709f-e581-4e29-bcb8-f867f7776e25,b9492435-9be2-4fcc-a0c5-cf80fd68de26,2 and 3 only
2018,41,d,bb8470a6-f626-4a5a-ba2c-e262e8ed83af,b9492435-9be2-4fcc-a0c5-cf80fd68de26,None
2018,42,a,27a1a0ac-dc81-4b6d-8f17-4aeb796102e0,557d54c1-b365-4b3c-9a98-3077a9b61995,1 and 2 only
2018,42,b,fdc7f914-aa5d-4ecb-a122-739dae7dea90,557d54c1-b365-4b3c-9a98-3077a9b61995,3 only
2018,42,c,ac9d8b85-218d-4388-be3c-2a0d5d705ab7,557d54c1-b365-4b3c-9a98-3077a9b61995,1 and 3 only
2018,42,d,a703b99b-36eb-4c9e-bd52-1aba03992722,557d54c1-b365-4b3c-9a98-3077a9b61995,"1, 2 and 3"
2018,43,a,79996432-73ac-4f5f-a7e9-be24f88ad5b2,cd3d04b5-b704-4a13-8ffa-44064ee5db0f,1 and 3 only
2018,43,b,5f4fc8cb-38d7-4944-8732-313f31c367a8,cd3d04b5-b704-4a13-8ffa-44064ee5db0f,2 only
2018,43,c,3e58a134-751e-4a25-8ed5-0d1fa2564051,cd3d04b5-b704-4a13-8ffa-44064ee5db0f,2 and 3 only
2018,43,d,ffe9c54b-7d03-4f4a-a41c-816c41765c96,cd3d04b5-b704-4a13-8ffa-44064ee5db0f,"1, 2 and 3"
2018,44,a,d7bb6a53-a88a-4793-8403-9915db4784cd,e9990a3c-3466-4c11-97fd-e5bfd78d8418,1 and 2 only
2018,44,b,70323bc9-1ed5-445c-a723-2d6f9d3dbe23,e9990a3c-3466-4c11-97fd-e5bfd78d8418,2 only
2018,44,c,b62a27bc-5617-497c-bf1b-67489ad23fd5,e9990a3c-3466-4c11-97fd-e5bfd78d8418,2 and 3 only
2018,44,d,6e9004d4-f0b1-4042-82af-debc3d756a95,e9990a3c-3466-4c11-97fd-e5bfd78d8418,"1, 2 and 3"
2018,45,a,ea8c3b65-9e2c-4a66-ba39-62555658f989,839d7d10-14b8-4529-94e2-4bd085026826,Increased plant growth due to increased concentration of carbon dioxide in the atmosphere
2018,45,b,c99f26f6-6a9f-4a19-aaa3-90bca98e7fcb,839d7d10-14b8-4529-94e2-4bd085026826,Increased temperature of Earth due to increased concentration of carbon dioxide in the atmosphere
2018,45,c,91430cc2-034e-45ce-b4a7-e804d61c6740,839d7d10-14b8-4529-94e2-4bd085026826,Increased acidity of oceans as a result of increased concentration of carbon dioxide in the atmosphere
2018,45,d,e8d9ae7c-4ee7-4b84-b34f-6042b051da0e,839d7d10-14b8-4529-94e2-4bd085026826,Adaptation of all living beings on Earth to the climate change brought about by the increased concentration of carbon dioxide in the atmosphere.
2018,46,a,e011d727-a3c8-4315-b843-1aaa473ebd9a,58837182-5380-48f1-9e2f-c35dd307d1d7,Border Gateway Protocol
2018,46,b,95d2e268-d9be-47b2-bb03-a6241de0deba,58837182-5380-48f1-9e2f-c35dd307d1d7,Internet of things
2018,46,c,ba081bac-dcc5-4fc7-87d5-a774d896f5ea,58837182-5380-48f1-9e2f-c35dd307d1d7,Internet protocol
2018,46,d,a157f9fa-a8d1-4ab0-93ae-d814eab8927d,58837182-5380-48f1-9e2f-c35dd307d1d7,Virtual private network
2018,47,a,208a6b2e-84af-4d46-84e1-5b5565d0a770,6c8df45e-ff13-402e-bf2b-27aefa1c3b45,1 only
2018,47,b,defa9a1c-6483-4886-a3f0-7a8dd038d1ca,6c8df45e-ff13-402e-bf2b-27aefa1c3b45,2 only
2018,47,c,3a99cf5d-8f9b-4f39-9d44-d859b51a9b3f,6c8df45e-ff13-402e-bf2b-27aefa1c3b45,Both 1 and 2
2018,47,d,f66cf3ee-fb5c-49bb-8ad4-7abbb4ce4089,6c8df45e-ff13-402e-bf2b-27aefa1c3b45,Neither 1 nor 2
2018,48,a,53a354b8-e9f7-4e10-a514-59b1d10ef6fa,37c58a94-69bd-4d85-b23f-2267c4b30307,"Raw cotton, oil seeds and opium"
2018,48,b,f4803951-19cc-43c6-b73d-375100ab3426,37c58a94-69bd-4d85-b23f-2267c4b30307,"Sugar, salt, Zinc and lead"
2018,48,c,b4cb9526-430e-4804-9fb6-b8c0db987286,37c58a94-69bd-4d85-b23f-2267c4b30307,"Copper, Silver, gold, spices and tea"
2018,48,d,8e18e3a8-44c6-4cab-a3f9-14b865df2ccf,37c58a94-69bd-4d85-b23f-2267c4b30307,"Cotton, Silk, saltpetre and Opium"
2018,49,a,073188a5-cf1a-47cb-ae31-3b3665dc172a,5b89190c-b7b9-4f6c-b0c9-726e1a451789,"Active all- India participation of lawyers, students and women in the National Movement."
2018,49,b,39b7b407-0c8b-4f05-b314-b46732a45abe,5b89190c-b7b9-4f6c-b0c9-726e1a451789,Active involvement of Dalit and Tribal Communities of India in the National Movement.
2018,49,c,824e279b-e0a9-462a-8084-43d07e7c0f0e,5b89190c-b7b9-4f6c-b0c9-726e1a451789,Joining of peasant unrest to India’s National Movement.
2018,49,d,55e17a20-8f73-4544-8545-2fead53d1be6,5b89190c-b7b9-4f6c-b0c9-726e1a451789,Drastic decrease in the cultivation of plantation crops and commercial crops.
2018,50,a,c4a63273-1b2a-42f1-828e-2feb258bc0a5,8c5baebf-419b-4569-86d6-18af5cc91b48,"B Krishna Pillai, E.M.S Namboodiripad and K C George"
2018,50,b,4893fe99-451f-4a82-a533-c16ee5ba880a,8c5baebf-419b-4569-86d6-18af5cc91b48,"Jayaprakash Narayan, Deen Dayal Upadhyay and M.N Roy"
2018,50,c,5e594f4c-5835-4d3b-8067-dbcf0fe7c26f,8c5baebf-419b-4569-86d6-18af5cc91b48,"C.P Ramaswamy Iyer, K Kamraj and Veerasalingam Pantulu"
2018,50,d,deda8c33-fbde-42b7-b857-e724ee251225,8c5baebf-419b-4569-86d6-18af5cc91b48,"Ashok Mehta, T.S Ramanujan and G.G Mehta"
2018,51,a,89ed65dc-b2ca-4658-91dc-0041f365e458,527f0181-c7f6-402d-bf5e-3d69c817ae15,Buddhism
2018,51,b,7fbe465a-8745-4b66-b3c9-252174a53e71,527f0181-c7f6-402d-bf5e-3d69c817ae15,Jainism
2018,51,c,58622239-a923-470e-96af-a61588d54b14,527f0181-c7f6-402d-bf5e-3d69c817ae15,Vaishnavism
2018,51,d,6f9d9a6d-5df9-4831-9163-65138c0f90cf,527f0181-c7f6-402d-bf5e-3d69c817ae15,Shaivism
2018,52,a,c8bdf5a1-c770-4f4c-94b8-f92eb7aad7d6,92af788a-1c52-447d-a2df-2c743cddfcd0,1 only
2018,52,b,4f7e7f78-c074-40ed-b1a9-1e78e99358f7,92af788a-1c52-447d-a2df-2c743cddfcd0,2 only
2018,52,c,a6d9edc0-a9d7-42cc-b7f3-028ecd9a3493,92af788a-1c52-447d-a2df-2c743cddfcd0,Both 1and 2
2018,52,d,249ddb07-b6a4-4e18-93c5-e9dd0d20127c,92af788a-1c52-447d-a2df-2c743cddfcd0,Neither 1 nor 2
2018,53,a,d5f49aa6-dca6-4d5b-9d77-42f8fd993eaf,430bc09e-a15f-4e66-befa-1b68c2643c9a,Francois Bernier
2018,53,b,a85dcab1-f5f8-400d-9adc-6fa2cc19601d,430bc09e-a15f-4e66-befa-1b68c2643c9a,Jean-Baptiste Tavernier
2018,53,c,385b261d-2587-49a0-a631-3d6b7bae911a,430bc09e-a15f-4e66-befa-1b68c2643c9a,Jean de Thevenot
2018,53,d,f113bc38-2944-427b-bd85-5920f0337c85,430bc09e-a15f-4e66-befa-1b68c2643c9a,Abbe Barthelemy Carre
2018,54,a,ea3b0e67-23b3-4158-8726-3824c5c99542,e2046242-7e8e-4c96-b9c2-d9c1552717a3,Avalokiteshvara
2018,54,b,16d24302-9ebf-4023-8493-9a472524af20,e2046242-7e8e-4c96-b9c2-d9c1552717a3,Lokesvara
2018,54,c,f9186667-3251-406d-9545-5c9ae9cae879,e2046242-7e8e-4c96-b9c2-d9c1552717a3,Maitreya
2018,54,d,eb21b78c-7d10-45e3-bd8c-7cb98f2a94b4,e2046242-7e8e-4c96-b9c2-d9c1552717a3,Padmapain
2018,55,a,31e9b902-6f7b-4d5c-959e-e9df1317fc44,869b5cb2-27f6-4ed7-a9be-a7791552e366,To maintain a large standing army at other’s expense
2018,55,b,408ca9b4-95c2-4e0a-b1c5-218bad0c76dc,869b5cb2-27f6-4ed7-a9be-a7791552e366,to keep India safe form Napoleonic danger
2018,55,c,6bdc658c-55f6-4a07-80a2-0ab33b71251f,869b5cb2-27f6-4ed7-a9be-a7791552e366,To secure a fixed income for the Company
2018,55,d,42fb7f46-675c-4bec-bfe9-2a63e065d76d,869b5cb2-27f6-4ed7-a9be-a7791552e366,To establish British paramountcy over the India States Q.56) Which one of the following statements correctly describes the meaning of legal tender money?
2018,56,a,91085a32-72aa-484a-986e-e96dc0c1e536,48264a5e-be2b-4555-99ad-e0f494e47c39,The money which is tendered in courts of law to defray the fee of legal cases
2018,56,b,d9261a3f-3077-46ae-bf6f-e9d74c79f71c,48264a5e-be2b-4555-99ad-e0f494e47c39,The money which a creditor is under compulsion to accept in settlement of his claims
2018,56,c,a75247ed-0ade-4d6f-8f5c-68dfbdd3fc65,48264a5e-be2b-4555-99ad-e0f494e47c39,"The bank money in the form of cheques, drafts, bills of exchange, etc."
2018,56,d,94e3252f-d6eb-47da-86bf-8f3e18b9b5e6,48264a5e-be2b-4555-99ad-e0f494e47c39,The metallic money in circulation in a country
2018,57,a,72ee9525-eb45-4050-932e-0db3bbe69da9,57ef3bd0-e9bb-46fd-8380-a54f423f346b,the opportunity cost is zero.
2018,57,b,ada6eac2-2727-4e0a-9881-550608436386,57ef3bd0-e9bb-46fd-8380-a54f423f346b,the opportunity cost is ignored.
2018,57,c,dfcb895e-5fff-4cac-8cc7-4d996a993802,57ef3bd0-e9bb-46fd-8380-a54f423f346b,the opportunity cost is transferred from the consumers of the product to the taxpaying public.
2018,57,d,2aaccb0c-0773-479d-93a3-469d9818ee80,57ef3bd0-e9bb-46fd-8380-a54f423f346b,the opportunity cost is transferred from the consumers of the product to the Government.
2018,58,a,1c8512b5-8b8b-4dbc-aec4-78a938e386b6,aed32e0e-1fb6-463e-a301-439f956000ee,industrial output fails to keep pace with agricultural.
2018,58,b,73a361a2-3501-40fa-bdc2-dc4cb47c8fc9,aed32e0e-1fb6-463e-a301-439f956000ee,agricultural output fails to keep pace with industrial output.
2018,58,c,8ad864b6-c46f-4e76-8a48-8f50765b6bfa,aed32e0e-1fb6-463e-a301-439f956000ee,poverty and unemployment increase.
2018,58,d,761cdb2e-57b2-49ce-b1b7-469efc3d90ed,aed32e0e-1fb6-463e-a301-439f956000ee,imports grow faster than exports.
2018,59,a,7f48c40a-aa3a-4471-8dd6-241a6286398d,2ca4033e-1a8a-4252-b02f-9f33a48cbd84,1 and 2
2018,59,b,cf229da3-53ae-4d57-9889-e6b03c1494f2,2ca4033e-1a8a-4252-b02f-9f33a48cbd84,2 only
2018,59,c,df4caf10-69be-4b38-aa3d-c0c5b6c9526d,2ca4033e-1a8a-4252-b02f-9f33a48cbd84,2 and 4
2018,59,d,cd8c39c8-de5c-4826-a31b-837953d8097d,2ca4033e-1a8a-4252-b02f-9f33a48cbd84,"1, 3 and 4"
2018,60,a,c36526b5-0c91-46ef-953f-d18da9efeed8,b174a994-9c12-476d-becc-7652535d668a,weak administrative machinery
2018,60,b,42a42484-4d4b-4216-8a6f-8dc319e9a6b2,b174a994-9c12-476d-becc-7652535d668a,illiteracy
2018,60,c,851c5ed3-0724-4969-bc52-7e64b17e3d94,b174a994-9c12-476d-becc-7652535d668a,high population density
2018,60,d,0e2e8dd7-1e22-4cdd-bf89-c80490452187,b174a994-9c12-476d-becc-7652535d668a,high capital-output ratio
2018,61,a,668c0425-b9c4-4293-a678-dd66ab2ecadd,862c20b0-a940-43a6-8d4c-172884d42fff,1 only
2018,61,b,3420f75b-7c6a-4b08-acbe-babc2899afd4,862c20b0-a940-43a6-8d4c-172884d42fff,2 only
2018,61,c,a3b2b0b3-01f7-4dd0-8c23-e3af556615d5,862c20b0-a940-43a6-8d4c-172884d42fff,Both 1 and 2
2018,61,d,8fcc852f-8416-4b48-9714-a45ebe0d0374,862c20b0-a940-43a6-8d4c-172884d42fff,Neither 1 nor 2
2018,62,a,965f2ada-4253-4cf1-88ce-006785a6ac2f,e7012143-f82a-4be6-ad3f-84042ae1d2d9,increase in the export of Indian handicrafts
2018,62,b,62ba0fac-37d7-49ef-9f3e-511ec73ab5cb,e7012143-f82a-4be6-ad3f-84042ae1d2d9,growth in the number of India owned factories.
2018,62,c,16f683cf-fee8-43fd-80c6-a3105f870d0e,e7012143-f82a-4be6-ad3f-84042ae1d2d9,commercialization of Indian agriculture
2018,62,d,d31dd6bd-a864-40dc-a5bb-c8648a68fb81,e7012143-f82a-4be6-ad3f-84042ae1d2d9,rapid increase in the urban population
2018,63,a,12789ffc-e2fe-42c9-8058-3f9a2ca7e8d5,10cc984f-f2d5-4bcb-9779-dd7ef741909c,the Assembly of the India state is automatically dissolved.
2018,63,b,b3b0ca60-c302-4091-a801-dbeb7ec1ab2e,10cc984f-f2d5-4bcb-9779-dd7ef741909c,the powers of the Legislature of that State shall be exercisable by or under the authority of the Parliament
2018,63,c,e7b72ee1-a1cd-4333-868c-f644ced1ab19,10cc984f-f2d5-4bcb-9779-dd7ef741909c,Article 19 is suspended in that State
2018,63,d,e3abbbf9-bd4f-4ac0-ac10-c8e7f5ecdb89,10cc984f-f2d5-4bcb-9779-dd7ef741909c,the president can make laws relating to that State.
2018,64,a,3b4d9b94-4763-48f7-80c4-b37f121c86b1,8840de50-6731-4308-942f-d70c26961566,1 only
2018,64,b,043025b5-d3aa-4de2-8b8c-9882027d7857,8840de50-6731-4308-942f-d70c26961566,1 and 2 only
2018,64,c,3f278b41-1360-4db3-b70e-a3a48d6d4010,8840de50-6731-4308-942f-d70c26961566,3 only
2018,64,d,a36a526b-db80-4e16-bb40-244e65290e42,8840de50-6731-4308-942f-d70c26961566,2 and 3 only Q.65) In which of the following areas can GPS technology be used? 1. Mobile phone operations 2. Banking operations 3. Controlling Select the correct answer using the given below:
2018,65,a,17589fde-7cb5-407d-a04a-ba7b8791cac7,2ed06a45-98ef-45a0-a899-29452f6de31e,1 only
2018,65,b,1ca4f777-5891-4c07-a4a9-51bc34a3df72,2ed06a45-98ef-45a0-a899-29452f6de31e,2 and 3 only
2018,65,c,5e237b73-f194-44d9-b1c8-a1dd9c8b5a7a,2ed06a45-98ef-45a0-a899-29452f6de31e,1 and 3 only
2018,65,d,ebb2e5b2-da48-49fc-85a6-0e65ede87976,2ed06a45-98ef-45a0-a899-29452f6de31e,"1, 2 and 3"
2018,66,a,2003639f-fcaa-48dc-a537-9173741e549a,4132d76b-06b5-4b67-a068-7bc2a2508d3d,1 And 2 only
2018,66,b,a0ba2bd1-0195-4f23-91d0-3664b9de1ae2,4132d76b-06b5-4b67-a068-7bc2a2508d3d,3 only
2018,66,c,f781f281-29c4-417a-bdaa-6d892b47306f,4132d76b-06b5-4b67-a068-7bc2a2508d3d,2 and 3 only
2018,66,d,21dde681-a999-4b12-9e41-289f81c623f5,4132d76b-06b5-4b67-a068-7bc2a2508d3d,"1, 2 and 3"
2018,67,a,629bda1d-e4a5-4829-a709-76d4a18b0316,53a313b4-4f3a-4c13-bb88-0bda55fa91af,1 only
2018,67,b,c3e1aa65-8504-4c6c-91c9-656de3b1cbfd,53a313b4-4f3a-4c13-bb88-0bda55fa91af,2 and 3 only
2018,67,c,64f44a80-ed6e-4b37-89df-e780f9302de1,53a313b4-4f3a-4c13-bb88-0bda55fa91af,1 and 3 only
2018,67,d,6f686c7c-747e-4767-81f2-7398c4b7265b,53a313b4-4f3a-4c13-bb88-0bda55fa91af,"1, 2 and 3"
2018,68,a,c42abdad-b304-48ac-8b86-56d4fe23e219,abbe934d-2249-4436-8dec-79b86b164907,Exoplanets
2018,68,b,0fefde9d-7398-4d41-88b5-af035bc9b752,abbe934d-2249-4436-8dec-79b86b164907,Cryptocurrency
2018,68,c,8d7eaa97-42ff-47fc-ae26-c97fe694b7b2,abbe934d-2249-4436-8dec-79b86b164907,Cyber-attack
2018,68,d,4fb9f09b-8c2a-42a7-9bb8-857d0fe26690,abbe934d-2249-4436-8dec-79b86b164907,Mini satellites
2018,69,a,b18a52f1-4e5e-44c9-a281-7ec0ed7c36e6,ed7732ca-3588-4c8d-957a-6cd108858d1b,"1, 3 and 4 only"
2018,69,b,6b462647-9239-4771-85c9-a2e20b378df6,ed7732ca-3588-4c8d-957a-6cd108858d1b,"2, 3, 4 and 5 only"
2018,69,c,f9d30490-3bc8-44f0-8216-58456579679b,ed7732ca-3588-4c8d-957a-6cd108858d1b,"2, 4 and 5 only"
2018,69,d,2e1c7d22-95db-4581-9d1a-63fe8f5e2078,ed7732ca-3588-4c8d-957a-6cd108858d1b,"1, 2, 3 and 5 only"
2018,70,a,3af7fca0-33df-4f41-9c0f-dac103867c82,a2fd42fc-3eb6-4401-b0bd-8a9644e394f8,Widespread monoculture practices agriculture and large-scale commercial farming with indiscriminate use of chemicals in many parts of the world that may result in the loss of good native ecosystems
2018,70,b,5b68073e-84dd-411e-899e-cfa53cef1c32,a2fd42fc-3eb6-4401-b0bd-8a9644e394f8,Fears of a possible collision of a meteorite with the Earth in the near future in the manner it happened 65 million years ago that caused the mass extinction of many species including those of dinosaurs.
2018,70,c,284c4f2f-7521-4ac2-b5c4-85f8d6dafb53,a2fd42fc-3eb6-4401-b0bd-8a9644e394f8,Large scale cultivation of genetically modified crops in many parts of the world and promoting their cultivation in other parts of the world which may cause the disappearance of good native crop plants and the loss of food biodiversity.
2018,70,d,1478cab0-e4d2-49ce-bf98-7262ce79af8d,a2fd42fc-3eb6-4401-b0bd-8a9644e394f8,"Mankind s’s over-exploitation /misuse of natural resources, fragmentation/loss of natural habitats, destruction of ecosystems,. Pollution and global climate change."
2018,71,a,7a6a89d7-4a55-46b6-8a17-fa542bca4a14,90a6c51c-cb95-49b5-b942-24597fa8bd37,1 only
2018,71,b,a7ccdce9-4496-4c67-b146-9db445ebddd5,90a6c51c-cb95-49b5-b942-24597fa8bd37,2 only
2018,71,c,0ada7817-7ee8-4e29-aea7-3ef2cedc4eab,90a6c51c-cb95-49b5-b942-24597fa8bd37,Both 1 and 2
2018,71,d,6872d7f0-b2ec-4281-8279-705568996c9b,90a6c51c-cb95-49b5-b942-24597fa8bd37,Neither 1 nor
2018,72,a,bc353cc0-1745-4c97-9e87-c792c2c6998e,1a125778-58ce-454e-af51-463787a7c7da,1 only
2018,72,b,75b80a64-cc29-4e80-ae94-af39bb40b1de,1a125778-58ce-454e-af51-463787a7c7da,2 only
2018,72,c,63de2323-1229-4330-9550-034b5c9b4062,1a125778-58ce-454e-af51-463787a7c7da,Both 1 and 2
2018,72,d,fc39d78a-3eae-4839-98c8-71856573f850,1a125778-58ce-454e-af51-463787a7c7da,Neither 1 nor 2
2018,73,a,9a51ce80-2c5d-4f2b-8d1b-e505e8905d5d,e0866542-ff61-4e0d-9668-04173961c28f,Angola and Zambia
2018,73,b,37dfdb15-11ec-4c91-a2e4-e2fca19cd7f7,e0866542-ff61-4e0d-9668-04173961c28f,Morocco and Tunisia
2018,73,c,654a2bb2-a43e-432a-979b-de2aac3f8b35,e0866542-ff61-4e0d-9668-04173961c28f,Venezuela and Colombia
2018,73,d,e48d449c-4f61-4f77-b129-942c9085b1e6,e0866542-ff61-4e0d-9668-04173961c28f,Yemen and South Sudan
2018,74,a,73bcff77-4e8d-4363-ad48-3b3e83ebfc7f,24f84c9a-6cf1-4b8e-97af-5b1eaceab40e,1 and 2 only
2018,74,b,7cf38d90-0dc4-4021-b737-d468c8115e5e,24f84c9a-6cf1-4b8e-97af-5b1eaceab40e,2 and 3 only
2018,74,c,04c68aef-0610-4c3d-b582-3a7be39e3464,24f84c9a-6cf1-4b8e-97af-5b1eaceab40e,1 and 3 only
2018,74,d,5a099916-eed0-4ffd-b10e-2e689ea10bac,24f84c9a-6cf1-4b8e-97af-5b1eaceab40e,"1, 2 and 3"
2018,75,a,18b04db2-47cb-49e5-99c6-a6fed40fc33c,2b9a0fc9-cff9-4061-8a43-18bacfffda64,Committee on Government Assurances
2018,75,b,c58b5b93-850d-4daa-827c-4a2689155a50,2b9a0fc9-cff9-4061-8a43-18bacfffda64,Committee on Subordinate Legislations
2018,75,c,699ef32e-de15-4cf7-bd9a-5479a7cf5f30,2b9a0fc9-cff9-4061-8a43-18bacfffda64,Rules Committee
2018,75,d,c3c59923-6719-409a-9845-e2da71dffbb8,2b9a0fc9-cff9-4061-8a43-18bacfffda64,Business Advisory Committee.
2018,76,a,ade41278-9775-4af8-964d-1bc09f5b2bbb,5c255d11-18e7-42d8-a390-b8497b069b32,1 and 2 only
2018,76,b,a2868f21-a960-4def-854c-c92e46d09ea1,5c255d11-18e7-42d8-a390-b8497b069b32,2 only
2018,76,c,c8a5628b-a10e-4a78-a3ea-5f9c83d8595a,5c255d11-18e7-42d8-a390-b8497b069b32,1 and 3 only
2018,76,d,12bedd79-03a4-4cc3-b8b2-9f8b509f2f24,5c255d11-18e7-42d8-a390-b8497b069b32,3 only
2018,77,a,b6dc0446-db58-42e7-a0d4-e5cfd7619ccf,3fb3d30e-d3bb-4d78-8a56-afef6fd7d5c6,1 only
2018,77,b,91741284-a056-4e5b-8bc1-6db7bfedc003,3fb3d30e-d3bb-4d78-8a56-afef6fd7d5c6,1 and 2 only
2018,77,c,59700a5d-a10b-4f90-895a-0e778e6f88cf,3fb3d30e-d3bb-4d78-8a56-afef6fd7d5c6,3 only
2018,77,d,c2a043a7-2547-4f19-9373-dd139436aa92,3fb3d30e-d3bb-4d78-8a56-afef6fd7d5c6,2 and 3 only
2018,78,a,644edd4f-3033-42e5-b318-0eb4d09c8447,f8af8968-4589-412d-8100-9a870a8363c3,1 only
2018,78,b,5c72c21e-86e3-4b8e-ad1a-07e1b508b609,f8af8968-4589-412d-8100-9a870a8363c3,2 only
2018,78,c,44eff683-0b6c-4fac-90fb-be1cb65f91dd,f8af8968-4589-412d-8100-9a870a8363c3,Both 1 and 2
2018,78,d,186a98c4-eb47-4de1-8ec9-9a261a94a864,f8af8968-4589-412d-8100-9a870a8363c3,Neither 1 nor 2
2018,79,a,44753619-4033-42d3-a249-c09f988da451,710ebb1b-178a-4de1-8d56-4ff8cbff0b26,China
2018,79,b,7b83d1e8-d0c5-4849-9c61-848e3bb2517b,710ebb1b-178a-4de1-8d56-4ff8cbff0b26,Israel
2018,79,c,7167fd83-d73c-4c04-9cbc-4188c02afb06,710ebb1b-178a-4de1-8d56-4ff8cbff0b26,Iraq
2018,79,d,eeff8e95-2805-4ebd-9a7f-64e1a962e221,710ebb1b-178a-4de1-8d56-4ff8cbff0b26,Yemen
2018,80,a,7b655d10-5464-41cf-a4bb-b7a710de2b88,62ebc0cb-2613-4514-a653-ae849fc63636,1 and 2 only
2018,80,b,ab9617d3-0eec-406f-84ff-cc1155a58b87,62ebc0cb-2613-4514-a653-ae849fc63636,2 only
2018,80,c,86acd09e-03fa-4c0e-bb48-9177e0e67443,62ebc0cb-2613-4514-a653-ae849fc63636,1 and 3 only
2018,80,d,45d7ede8-52cc-4fcd-9aa6-151c33afdc7a,62ebc0cb-2613-4514-a653-ae849fc63636,3 only
2018,81,a,a0a90097-0411-49cf-a33b-fc1e8e1cb19a,2fb61c90-b029-442b-b9df-6ec9b593015e,ILO
2018,81,b,196188ad-aa2e-4f79-a9d3-70fb0a52c12d,2fb61c90-b029-442b-b9df-6ec9b593015e,IMF
2018,81,c,a9e6d3e4-28b0-4e0a-afbc-2c85ba7de147,2fb61c90-b029-442b-b9df-6ec9b593015e,UNCTAD
2018,81,d,298fb254-0b9c-4d3b-b8ad-852224ac591d,2fb61c90-b029-442b-b9df-6ec9b593015e,WTO
2018,82,a,569197d6-f7ef-4d57-aadc-5b4e5f2db6e3,b56ea5d0-99f2-49eb-a110-3bb54daa378d,1 and 2 only
2018,82,b,07d303d0-e98c-4b72-9447-c1ccdfdb46f8,b56ea5d0-99f2-49eb-a110-3bb54daa378d,2 only
2018,82,c,628c3659-fcaa-4f5d-96d9-1a4d3bb85565,b56ea5d0-99f2-49eb-a110-3bb54daa378d,1 and 3 only
2018,82,d,36698cf0-fb10-4e23-9ba1-8030e01baa65,b56ea5d0-99f2-49eb-a110-3bb54daa378d,3 only
2018,83,a,09cab55a-d9fd-4a8f-84d0-94a4d38f7332,60b47773-7a6e-4614-961d-10a46210ebda,1 only
2018,83,b,c8887b35-10a2-4f31-8cd7-02973fbe620b,60b47773-7a6e-4614-961d-10a46210ebda,2 only
2018,83,c,c82defb5-2ecb-4f45-8551-deb935f04f12,60b47773-7a6e-4614-961d-10a46210ebda,Both 1 and 2
2018,83,d,a52f0500-65fc-4278-924d-37b036a2e053,60b47773-7a6e-4614-961d-10a46210ebda,Neither 1 nor 2
2018,84,a,666a76f6-1233-4b4e-8c72-2f133d2f9a4f,d52cb984-000e-4ade-ae8a-8f6d5302ddca,Bengaluru
2018,84,b,56dd53a6-7a64-496d-a031-4316297903cb,d52cb984-000e-4ade-ae8a-8f6d5302ddca,Hyderabad
2018,84,c,6710f8f5-b3fd-49dc-b16e-c8bd4247a9e1,d52cb984-000e-4ade-ae8a-8f6d5302ddca,Nagpur
2018,84,d,6c7ae739-a7fb-4283-81a6-4f95384daf70,d52cb984-000e-4ade-ae8a-8f6d5302ddca,Pune
2018,85,a,dc92b05b-1c4d-4527-97c7-7c808d8fa1a1,d0e94e52-90b4-4e68-9119-8744a4777437,Child Labour
2018,85,b,e1dbc980-1cde-4682-9c1a-59bfffa9f06c,d0e94e52-90b4-4e68-9119-8744a4777437,Adaptation of agriculture practices to global climate change
2018,85,c,7b603829-2c70-4d35-9896-d36f7830b55c,d0e94e52-90b4-4e68-9119-8744a4777437,Regulation of food prices and food security
2018,85,d,d297df6f-b7fd-4443-8b68-4986a3ebd724,d0e94e52-90b4-4e68-9119-8744a4777437,Gender parity at the workplace.
2018,86,a,64c3ee1b-55ca-40ad-bc60-cfa2d2dbb212,727ab355-f99c-4916-8cd5-863989eb3157,1 and 3 only
2018,86,b,423c0733-5c52-4e36-862f-d76a3e23b6d3,727ab355-f99c-4916-8cd5-863989eb3157,2 only
2018,86,c,0050b9d2-14fc-4a4c-ac48-6b7ceb1d63cc,727ab355-f99c-4916-8cd5-863989eb3157,2 and 3 only
2018,86,d,8d7fad73-e2ff-4b8c-b6df-3d0894287dcb,727ab355-f99c-4916-8cd5-863989eb3157,"1, 2 and 3."
2018,87,a,10100a5f-d960-43a0-bd4f-d20274e549f2,9c81961d-5dc9-4eb8-b654-edbc01bd762a,2 and 3 only
2018,87,b,74d55904-fc2f-4d7e-bae4-72e7b87520d9,9c81961d-5dc9-4eb8-b654-edbc01bd762a,2 only
2018,87,c,8dd0f5fd-94e1-41e4-a052-349f2665cc21,9c81961d-5dc9-4eb8-b654-edbc01bd762a,3 only
2018,87,d,89fb4894-98dc-45b6-add1-6114bc087ec1,9c81961d-5dc9-4eb8-b654-edbc01bd762a,"1, 2 and 3."
2018,88,a,d47d9364-4329-4ebe-bee6-c6cd773ebf80,0be2ee78-bbef-4635-9bf4-b6d3e37f2ab6,2 and 3 only
2018,88,b,efe16d90-8e57-4949-829b-918e6dd48e24,0be2ee78-bbef-4635-9bf4-b6d3e37f2ab6,2 only
2018,88,c,d6fbbbb2-a8a9-4c87-8acc-32ebae63d372,0be2ee78-bbef-4635-9bf4-b6d3e37f2ab6,1 and 3 only
2018,88,d,d033f6a2-94a7-4107-b76f-bea1479a9e4b,0be2ee78-bbef-4635-9bf4-b6d3e37f2ab6,"1, 2 and 3."
2018,89,a,0a6cbb31-e7cd-406d-bc28-a73856b3876b,2f2be397-3e44-49d8-ae88-17354f22b4d1,1 only
2018,89,b,4bafdd45-98a9-40df-bb6f-2696d79360fa,2f2be397-3e44-49d8-ae88-17354f22b4d1,2 only
2018,89,c,abf95bab-9311-4bc4-a27c-c2c513a718a4,2f2be397-3e44-49d8-ae88-17354f22b4d1,Both 1 and 2
2018,89,d,814c9faf-30d5-4c4d-9c21-aafef35aa21e,2f2be397-3e44-49d8-ae88-17354f22b4d1,Neither 1 nor 2
2018,90,a,53550d42-2a31-4383-aa36-4f664382d116,cd388c2a-aca8-4926-b785-d188674cd113,1 only
2018,90,b,31328140-fd0b-49db-8503-e8be1d5a5043,cd388c2a-aca8-4926-b785-d188674cd113,2 only
2018,90,c,6285d6b9-5259-4f61-b382-20f0cdcdb71f,cd388c2a-aca8-4926-b785-d188674cd113,Both 1 and 2
2018,90,d,dfe3dfe0-2179-4fb9-8f15-6bd25f763290,cd388c2a-aca8-4926-b785-d188674cd113,Neither 1 nor 2
2018,91,a,4589c026-f53a-4552-89dd-40dd43b170b8,ea870c3f-acbf-4daa-b428-c05d8d6b499d,The incentive given by a bank to a merchant for accepting payments through debit cards pertaining to that bank.
2018,91,b,5a0d1a87-6174-440e-8f82-c14982cd1c18,ea870c3f-acbf-4daa-b428-c05d8d6b499d,The amount paid back by banks to their customers when they used debit cards for financial transactions for purchasing goods or services.
2018,91,c,9a34242f-9bef-4457-be19-4563162f7284,ea870c3f-acbf-4daa-b428-c05d8d6b499d,The charge to a merchant by a bank for accepting payments from his customers through the bank’s debit cards.
2018,91,d,9e02f677-fbd9-4dcc-8209-03e7d3fadfff,ea870c3f-acbf-4daa-b428-c05d8d6b499d,The incentive given by the Government to merchants for promoting digital payments by their customers through point of Sale (PoS) machines and debit cards
2018,92,a,30a1db08-5a4e-4357-bd44-e892025c8873,78a4e69f-2e97-4caa-b6e5-8e4b86467525,1 only
2018,92,b,51d5fb6f-dc51-40a2-847f-3da0c45481af,78a4e69f-2e97-4caa-b6e5-8e4b86467525,2 only
2018,92,c,ac31e9df-9028-4cee-8dea-344dfb21d406,78a4e69f-2e97-4caa-b6e5-8e4b86467525,Both 1 and 2
2018,92,d,6a48ff01-5b3b-4037-8e99-58eef9a05466,78a4e69f-2e97-4caa-b6e5-8e4b86467525,Neither 1 nor 2
2018,93,a,5ef47932-df06-4f92-8483-460234152f93,db52acd2-ffca-400a-8bdf-0169d96f536a,1 only
2018,93,b,85a1b4c8-b04d-4aee-85f2-75834eb54e1c,db52acd2-ffca-400a-8bdf-0169d96f536a,2 only
2018,93,c,77fc9378-43f6-44b3-8b20-fb316a54083e,db52acd2-ffca-400a-8bdf-0169d96f536a,Both 1 and 2
2018,93,d,21c402a3-c0e1-40e3-aad4-ccee43df5089,db52acd2-ffca-400a-8bdf-0169d96f536a,Neither 1 nor 2
2018,94,a,d8cebdaf-6064-4f95-954d-865ef237fa15,21731f65-3895-4e49-a1bd-e6b6cc700521,1 only
2018,94,b,7d74b783-5406-4ef0-bc38-2ac98b859391,21731f65-3895-4e49-a1bd-e6b6cc700521,2 and 3 only
2018,94,c,a1b3fbe7-726b-41de-81c8-cab530c5bb36,21731f65-3895-4e49-a1bd-e6b6cc700521,1 and 3 only
2018,94,d,cd4b76f6-0aa4-4481-991e-5d17890410ff,21731f65-3895-4e49-a1bd-e6b6cc700521,"1, 2 and 3"
2018,95,a,cc422cf2-c0ae-4717-a5e1-ccd83f7167f4,ecccfb22-de5f-4095-9e6f-f93e12af8485,1 only
2018,95,b,718c996b-8e6d-42f5-85d3-f2d2b62af648,ecccfb22-de5f-4095-9e6f-f93e12af8485,2 only
2018,95,c,7eeb919f-cd0b-4031-8cf0-a975bc57b440,ecccfb22-de5f-4095-9e6f-f93e12af8485,Both 1 and 2
2018,95,d,f759e6b7-2fef-4b63-a175-6a54c68dd2ce,ecccfb22-de5f-4095-9e6f-f93e12af8485,Neither 1 nor 2
2018,96,a,0a9be283-8727-4586-ad79-4e044280aa13,dc7c1e46-358a-432a-b2da-38fd9e98ed05,Aurobindo Ghosh
2018,96,b,9b679136-fb64-474f-90ef-3e9f6fcd123a,dc7c1e46-358a-432a-b2da-38fd9e98ed05,Bipin Chandra Pal
2018,96,c,97b00c59-ebcf-43c0-908e-0326a9d40a57,dc7c1e46-358a-432a-b2da-38fd9e98ed05,Lala Lajpat Rai
2018,96,d,49f972ea-9d04-47f4-81cc-606edf718980,dc7c1e46-358a-432a-b2da-38fd9e98ed05,Motilal Nehru
2018,97,a,e069e249-5303-492a-b96a-4d509d8d1936,d16576b6-b1ad-4eb6-92e2-ef82dac51cf1,1 only
2018,97,b,f850bde0-e889-45e0-835c-71f63769c770,d16576b6-b1ad-4eb6-92e2-ef82dac51cf1,2 only
2018,97,c,5228c205-0071-45f5-8864-34ad45af23cd,d16576b6-b1ad-4eb6-92e2-ef82dac51cf1,Both 1 and 2
2018,97,d,7f791cbd-d013-4809-a429-0e8efaf77164,d16576b6-b1ad-4eb6-92e2-ef82dac51cf1,Neither 1 nor 2
2018,98,a,beb21089-c5a2-4072-b3c0-98885c5368b6,8ab9d3ad-7d22-465a-9ca9-2ab2f6a1d980,1 only
2018,98,b,758bdc81-6efe-40ec-8c01-26e721d4197b,8ab9d3ad-7d22-465a-9ca9-2ab2f6a1d980,2 and 3 only
2018,98,c,f38c6480-84b1-4612-a297-510fa89e8787,8ab9d3ad-7d22-465a-9ca9-2ab2f6a1d980,2 only
2018,98,d,ac7f17ff-deb6-443f-a703-58b1d0533d2a,8ab9d3ad-7d22-465a-9ca9-2ab2f6a1d980,1 and 3 only
2018,99,a,42ff8362-2d20-434b-89d9-9103d09c3209,6bae8fd3-a1f5-46dd-af8f-d34873d3e1c2,Amnesty International
2018,99,b,750f8705-3a92-4fe5-a287-8f3c4ead923c,6bae8fd3-a1f5-46dd-af8f-d34873d3e1c2,International Court of Justice
2018,99,c,2745df7a-cbc3-4ef9-b60e-b96b28fdefcb,6bae8fd3-a1f5-46dd-af8f-d34873d3e1c2,The Office of UN Commissioner for Human Rights
2018,99,d,a937aeaf-860a-41bc-8232-8adf3ad899e1,6bae8fd3-a1f5-46dd-af8f-d34873d3e1c2,World Justice Report
2018,100,a,8461628b-368a-4f55-ae6f-d229e03a8ca5,b5ddf59d-6034-4288-b94b-6e4fb96a7f75,Indian Banks’ Association
2018,100,b,c98e76c9-4319-4be5-a666-d152551ed1a7,b5ddf59d-6034-4288-b94b-6e4fb96a7f75,National Securities Depository Limited
2018,100,c,57a42e35-2f4b-4856-8faf-dc584c09a6c7,b5ddf59d-6034-4288-b94b-6e4fb96a7f75,National Payments Corporation of India
2018,100,d,3744f173-e44e-407c-b7f9-822bd4204824,b5ddf59d-6034-4288-b94b-6e4fb96a7f75,Reserve Bank of India 窗体顶端
2019,1,a,85cdbeb9-1fbc-42a7-88af-2c048c2cfd27,9f893d32-07de-4eca-8e9a-d918858bd432,1 and 3 only
2019,1,b,a060110e-9137-439b-b9ae-d285c6fa3a68,9f893d32-07de-4eca-8e9a-d918858bd432,2 and 3 only
2019,1,c,3d8c7bfb-6335-4062-ab3e-cbed04a07436,9f893d32-07de-4eca-8e9a-d918858bd432,2 only
2019,1,d,94ad0ceb-55c7-4670-a3ca-fbbd4af08a13,9f893d32-07de-4eca-8e9a-d918858bd432,"1, 2 and 3"
2019,2,a,cf8dad91-9b08-4435-8a0c-6df5aeb4e419,ff69d159-2b30-4746-b1c9-7fc89e34b702,Recently discovered uranium deposits
2019,2,b,0398b768-9e59-476f-9501-54f0d1c6c868,ff69d159-2b30-4746-b1c9-7fc89e34b702,Tropical rain forests
2019,2,c,29c07e02-bfef-4e44-b7b1-3acba4ef8540,ff69d159-2b30-4746-b1c9-7fc89e34b702,Underground cave systems
2019,2,d,87c805df-8aac-4457-89a2-b832ccf5fcf5,ff69d159-2b30-4746-b1c9-7fc89e34b702,Water reservoirs
2019,3,a,57d5b1c4-454a-46d2-a141-f7e6b3fb1426,3837cc50-7c89-4ffc-8f61-c40924954a29,1 only
2019,3,b,7bb10220-1b48-4cdf-9326-0ef266a6cc72,3837cc50-7c89-4ffc-8f61-c40924954a29,2 and 3 only
2019,3,c,8da49377-ae98-4263-9908-54ceeb824463,3837cc50-7c89-4ffc-8f61-c40924954a29,4 only
2019,3,d,7d4496de-6f45-4224-8bd1-aa5551b9b1b0,3837cc50-7c89-4ffc-8f61-c40924954a29,"1, 2, 3 and 4"
2019,4,a,fb1ab175-ef18-4063-9075-13de52a4b2e8,e695a870-716e-49a0-a77b-046b1d7f6349,Clouds absorb the radiation released from the Earth’s surface.
2019,4,b,3ed75c71-b6d2-466d-b623-61572f84c4c7,e695a870-716e-49a0-a77b-046b1d7f6349,Clouds reflect back the Earth’s radiation.
2019,4,c,a14f530e-fb47-456c-9067-ffce11257ca5,e695a870-716e-49a0-a77b-046b1d7f6349,The Earth’s surface would have low temperature on cloudy nights.
2019,4,d,3a76a171-3356-424e-872f-123b181d2bec,e695a870-716e-49a0-a77b-046b1d7f6349,Clouds deflect the blowing wind to ground level.
2019,5,a,17aa6cf0-4c63-4e92-b3b8-703cbf03dcd4,e638568c-53bc-4219-9fc3-db6eeade8bb7,1 only
2019,5,b,27d50bcc-79ef-47bd-a2f3-df9a6ec81bf6,e638568c-53bc-4219-9fc3-db6eeade8bb7,2 only
2019,5,c,1909c744-1666-480c-883b-059bce66c91b,e638568c-53bc-4219-9fc3-db6eeade8bb7,Both 1 and 2
2019,5,d,f7d1bf95-a992-46cf-8858-e8d4807f80bd,e638568c-53bc-4219-9fc3-db6eeade8bb7,Neither 1 nor 2
2019,6,a,fe9b85e0-e1fd-47d5-a41f-b1e0ff5890e7,96ff2c8f-77bc-47d2-b27d-3c342a0a307c,1 and 2
2019,6,b,1fc98c75-f205-4cde-bbc6-66f4cba55c7d,96ff2c8f-77bc-47d2-b27d-3c342a0a307c,3 only
2019,6,c,0a41b7bc-ee7e-4e79-90ec-60cb919f688a,96ff2c8f-77bc-47d2-b27d-3c342a0a307c,3 and 4 only
2019,6,d,1bba15e5-c214-497f-8651-a9143e0de46a,96ff2c8f-77bc-47d2-b27d-3c342a0a307c,"1, 3 and 4"
2019,7,a,c5a296cc-f2c1-4d16-8cba-155561a39902,82134561-abb5-4fba-84c9-fbc8bab9bdc0,Jawaharlal Nehru
2019,7,b,5eadd667-0fe4-457c-9d1c-28964379a5ba,82134561-abb5-4fba-84c9-fbc8bab9bdc0,Lal Bahadur Shastri
2019,7,c,89a8954b-de6f-4a91-af1a-4c4187608e89,82134561-abb5-4fba-84c9-fbc8bab9bdc0,Indira Gandhi
2019,7,d,8d61d7fb-78f3-4952-b415-57c50155750f,82134561-abb5-4fba-84c9-fbc8bab9bdc0,Morarji Desai
2019,8,a,33dd1275-40c3-4eaa-842c-62e3ea8b0f2d,d607412c-4cef-4962-a20b-66534b05d55c,1 only
2019,8,b,62afa74e-14ad-4da2-af6e-37b97cda3d65,d607412c-4cef-4962-a20b-66534b05d55c,2 and 3 only
2019,8,c,3665a80f-05d6-4e04-b342-36da5e13439c,d607412c-4cef-4962-a20b-66534b05d55c,3 only
2019,8,d,6d3305d4-9557-46d6-a121-baf503b98b2b,d607412c-4cef-4962-a20b-66534b05d55c,"1, 2 and 3"
2019,9,a,c79253d7-2502-4fc6-a156-fef780666bb1,bb24d907-98af-451d-8307-e7dd477cd53b,1 and 2 only
2019,9,b,a15b0e17-9c9c-4dd2-91be-3e093c99a8a9,bb24d907-98af-451d-8307-e7dd477cd53b,3 only
2019,9,c,265a4586-7e6a-4968-a661-550186dfb5d0,bb24d907-98af-451d-8307-e7dd477cd53b,2 and 3 only
2019,9,d,ac6a91fd-030c-406f-b372-0c900f4a6f1c,bb24d907-98af-451d-8307-e7dd477cd53b,"1, 2 and 3"
2019,10,a,da269a3c-9273-4544-a5d8-b2056350a70e,e50d632b-86ee-479f-87a1-40bb6c5134bc,Third Schedule
2019,10,b,53460e25-b96c-4be7-8a3d-03ede38254cc,e50d632b-86ee-479f-87a1-40bb6c5134bc,Fifth Schedule
2019,10,c,7e855514-7d67-4e11-9e2c-f82fe81ce151,e50d632b-86ee-479f-87a1-40bb6c5134bc,Ninth Schedule
2019,10,d,21f94a32-04df-4f0c-a5e8-e70b79f42801,e50d632b-86ee-479f-87a1-40bb6c5134bc,Twelfth Schedule
2019,11,a,aee84968-4f81-444b-9a67-634a37e46dde,ccdf2494-7526-4adb-94f4-98cd1ff8213f,anti-malarial drug
2019,11,b,8d35ed10-e3af-4ff6-95be-4766cb6a9a70,ccdf2494-7526-4adb-94f4-98cd1ff8213f,blodiesel
2019,11,c,2261f7e9-f062-4b32-8301-42ea591d0913,ccdf2494-7526-4adb-94f4-98cd1ff8213f,pulp for paper industry
2019,11,d,7c02a2d0-64ce-456f-be4d-58ce729afff4,ccdf2494-7526-4adb-94f4-98cd1ff8213f,textile fibre
2019,12,a,a54002ff-4546-40dd-8079-f0a37ac17528,bfd1f252-e1ef-4b1b-94b3-1d96f07dd7a2,1 only
2019,12,b,b17df332-238d-4882-8cb9-7a73ce19007b,bfd1f252-e1ef-4b1b-94b3-1d96f07dd7a2,2 and 3 only
2019,12,c,f9a19875-cca9-409d-b7a4-3d41eb7e339f,bfd1f252-e1ef-4b1b-94b3-1d96f07dd7a2,3 only
2019,12,d,b43f122f-b150-404a-afea-60907201de1d,bfd1f252-e1ef-4b1b-94b3-1d96f07dd7a2,"1, 2 and 3"
2019,13,a,7db6dc53-3cda-4ff9-88d8-0f3dd5c9187f,035d24c0-a682-47e7-9f7d-e29be0b93aa9,2-3-1-4
2019,13,b,ffa4b158-2f0c-418b-8ed6-d772b3147e04,035d24c0-a682-47e7-9f7d-e29be0b93aa9,2-3-4-1
2019,13,c,fe03ce87-9176-4674-bcc9-aa398b05a13f,035d24c0-a682-47e7-9f7d-e29be0b93aa9,3-2-4-1
2019,13,d,bc84a57b-80e0-4437-abc5-6c008377a567,035d24c0-a682-47e7-9f7d-e29be0b93aa9,3-2-1-4
2019,14,a,2be8cdb0-3afe-422c-a8f4-d2a460771990,2551d7e3-4bd2-4320-a93b-500670d23f68,1 and 2 only
2019,14,b,3bc33918-ea76-413a-9392-a0b392c16731,2551d7e3-4bd2-4320-a93b-500670d23f68,2 and 3 only
2019,14,c,311bc21a-ab4c-4077-a2ba-f77e9218f893,2551d7e3-4bd2-4320-a93b-500670d23f68,1 and 3 only
2019,14,d,0c7780bd-85e0-47b0-a2da-b67967b789bf,2551d7e3-4bd2-4320-a93b-500670d23f68,"1, 2 and 3"
2019,15,a,7bbf4a9b-1023-4cdd-90a8-e82d199a10d3,6146bba3-1297-430f-acac-83fa1a32897d,1 and 2 only
2019,15,b,962fa8ea-458d-4cbb-a9b5-02ccd7754011,6146bba3-1297-430f-acac-83fa1a32897d,"2, 3 and 4 only"
2019,15,c,3d003fc8-a830-47fe-a347-ffeaacbc40d9,6146bba3-1297-430f-acac-83fa1a32897d,1 and 4 ‘only
2019,15,d,35376efc-a0e4-4985-8f1b-8370ea2db106,6146bba3-1297-430f-acac-83fa1a32897d,"1, 2, 3 and 4"
2019,16,a,c2a733dd-1a81-4a3b-b81c-5b6926229a1a,1504043f-a296-488f-81d9-c385c28910cd,"1, 2 and 4 only"
2019,16,b,33f8636f-add1-47a2-bd1a-2c373c3e0441,1504043f-a296-488f-81d9-c385c28910cd,"1, 3 and 4 only"
2019,16,c,c70cefe9-30a9-410c-a1b1-9e939524fd6a,1504043f-a296-488f-81d9-c385c28910cd,2 and 5 only
2019,16,d,a71df9b2-05e0-41ac-9b11-495ae863a8a5,1504043f-a296-488f-81d9-c385c28910cd,"1, 2, 3, 4 and 5"
2019,17,a,b9f3fa5f-69c8-405f-b1d7-cb5ebe1eb0da,657d3c65-cc5b-4a99-b328-3f342f75c4d7,China
2019,17,b,73ec7337-e2dd-47d4-9310-568b8d9414d9,657d3c65-cc5b-4a99-b328-3f342f75c4d7,India
2019,17,c,1149c159-d9cf-42e4-8802-82f6855c1c4c,657d3c65-cc5b-4a99-b328-3f342f75c4d7,Myanmar
2019,17,d,fbbee7e7-a3bb-49a7-b0cb-22c7a66a284f,657d3c65-cc5b-4a99-b328-3f342f75c4d7,Vietnam
2019,18,a,20a8002c-3c13-4f9a-bcd4-59c4ce67ccd7,07e289b6-17c8-47b0-a05d-889bffdba7e0,"1, 2 and 4"
2019,18,b,9e856a81-b529-475b-841c-0a52e90083a2,07e289b6-17c8-47b0-a05d-889bffdba7e0,"1, 3 and 4"
2019,18,c,51abbd84-f9b5-4063-bdb8-334eccd1ad97,07e289b6-17c8-47b0-a05d-889bffdba7e0,2 and 5
2019,18,d,a400ec69-7472-486e-94ff-1834bf76ef37,07e289b6-17c8-47b0-a05d-889bffdba7e0,3 and 5
2019,19,a,91f6570a-604a-43fd-a0fb-09e24cebcdd3,a5bdbc46-f8bd-4df1-8a34-d89121d28b58,pesticides in agriculture
2019,19,b,348d9ae8-0b9c-45f4-9ad9-94c48b87578e,a5bdbc46-f8bd-4df1-8a34-d89121d28b58,preservatives in processed foods
2019,19,c,9875aa44-f815-431d-b8f9-ea6e57b92816,a5bdbc46-f8bd-4df1-8a34-d89121d28b58,fruit-ripening agents
2019,19,d,dc296e95-b11f-4409-b80d-c63cf0fc029e,a5bdbc46-f8bd-4df1-8a34-d89121d28b58,moisturising agents in cosmetics
2019,20,a,135959aa-b264-4882-b8cf-2f2811f4e767,a9cd1b8c-17b2-4324-80a0-d9e8fe5fda7f,1 and 2 only
2019,20,b,dbbe7cc0-0692-49b5-a1db-d4eb26a5a869,a9cd1b8c-17b2-4324-80a0-d9e8fe5fda7f,2 and 3 only
2019,20,c,1a89b600-12a5-4597-bcf7-6b6bda855247,a9cd1b8c-17b2-4324-80a0-d9e8fe5fda7f,3 only
2019,20,d,842adbb8-872c-4b8d-afd1-8ac85d708a92,a9cd1b8c-17b2-4324-80a0-d9e8fe5fda7f,"1, 2 and 3"
2019,21,a,e9b32892-d56f-47eb-9464-1ff14f162049,2e8b0829-be8e-4545-84d9-523f4a244ef5,Chalukya
2019,21,b,195c8c07-e11d-4ce6-a339-14085d3383f4,2e8b0829-be8e-4545-84d9-523f4a244ef5,Chandela
2019,21,c,e231ba91-bad1-4b6b-a04f-3c5f07102dab,2e8b0829-be8e-4545-84d9-523f4a244ef5,Rashtrakuta
2019,21,d,cf24daec-46b7-4e79-995d-68cf33fe75dd,2e8b0829-be8e-4545-84d9-523f4a244ef5,Vijayanagara
2019,22,a,8ec248b9-0c19-4141-b4bb-6c05d5b0944c,557fd94e-7bd4-4696-8c32-362bfba4d7a5,1 only
2019,22,b,f8d14731-f9bd-4974-a8e3-94a5275c37c7,557fd94e-7bd4-4696-8c32-362bfba4d7a5,1 and 2 only
2019,22,c,418804d3-f47f-41d1-a9ef-4ea320a96f89,557fd94e-7bd4-4696-8c32-362bfba4d7a5,3 only
2019,22,d,a2151562-0288-4f5e-85f0-ecc5fec10cde,557fd94e-7bd4-4696-8c32-362bfba4d7a5,"1, 2 and 3"
2019,23,a,89f88481-d629-46fa-bdc4-cf1b996f2942,e18da360-a610-4c66-b294-3b46f1202bd8,1 only
2019,23,b,2418423f-900c-4a26-9678-2154bac5c99a,e18da360-a610-4c66-b294-3b46f1202bd8,2 only
2019,23,c,3a467490-4390-4b4f-a9fd-5ee2f909b5f9,e18da360-a610-4c66-b294-3b46f1202bd8,Both 1 and 2
2019,23,d,ef57e560-c326-407f-8112-bb60a12e62ad,e18da360-a610-4c66-b294-3b46f1202bd8,Neither 1 nor 2
2019,24,a,a6cea099-58f2-44e1-b00f-55edd0cc5913,0028c6e5-41a4-41f1-888b-57915b2233bf,1 and 2 only
2019,24,b,a383b4da-073b-48ee-8aba-87826e3d95e8,0028c6e5-41a4-41f1-888b-57915b2233bf,1 and 3 only
2019,24,c,9e63fa46-2cd9-4aa7-9692-5becebc1ba06,0028c6e5-41a4-41f1-888b-57915b2233bf,2 and 3 only
2019,24,d,f2db6ce7-d357-4c69-b834-b95a0b5e6512,0028c6e5-41a4-41f1-888b-57915b2233bf,"1, 2 and 3"
2019,25,a,ab1de4b7-f47e-4fa6-baae-92762df1dbe5,bc0f1e79-5d9f-45d7-b4c2-1a80b0fa51c3,1 only
2019,25,b,3951723a-b222-449c-8af5-15c3946d29f9,bc0f1e79-5d9f-45d7-b4c2-1a80b0fa51c3,1 and 2 only
2019,25,c,494a9a70-ba32-4da6-9169-f620e82f4746,bc0f1e79-5d9f-45d7-b4c2-1a80b0fa51c3,3 only
2019,25,d,5ef571b1-8bc1-4a45-b949-d39ddd04311c,bc0f1e79-5d9f-45d7-b4c2-1a80b0fa51c3,"1, 2 and 3"
2019,26,a,03606ac2-54d7-4eb6-857c-28371943afd5,6552b9a6-396f-4d6a-a8b8-0eecd0230406,Tansen was the title given to him by Emperor Akbar.
2019,26,b,d33fa3c7-606b-460d-ab19-8db440178efd,6552b9a6-396f-4d6a-a8b8-0eecd0230406,Tansen composed Dhrupads on Hindu gods and goddesses.
2019,26,c,a3ec1642-a925-45f1-b297-957b1300830f,6552b9a6-396f-4d6a-a8b8-0eecd0230406,Tansen composed songs on his patrons.
2019,26,d,0134d722-5104-4803-9793-e436fd2aa1dd,6552b9a6-396f-4d6a-a8b8-0eecd0230406,Tansen invented many Ragas.
2019,27,a,a23fc4ec-15cc-4453-a76d-2c342a5e5fae,5b799c63-722e-47c4-b8f7-6990a4a4e3f4,Humayun
2019,27,b,31a34be6-0628-485d-84ac-fb05f23e39a3,5b799c63-722e-47c4-b8f7-6990a4a4e3f4,Akbar
2019,27,c,6e03e470-5fa0-4a4e-ad0c-890c3e8023f5,5b799c63-722e-47c4-b8f7-6990a4a4e3f4,Jahangir
2019,27,d,44408464-03e2-4e01-b8a8-04da0abacee5,5b799c63-722e-47c4-b8f7-6990a4a4e3f4,Shah Jahan
2019,28,a,eea70ce3-c797-4907-a1d2-dc0e2c74884f,2acabf6a-c753-468b-b205-452182a041d2,Manas National Park
2019,28,b,7d3689a5-94be-4cbc-b236-82eef1227bb0,2acabf6a-c753-468b-b205-452182a041d2,Namdapha National Park
2019,28,c,c65d486e-86e4-4af5-b353-a15f11a92165,2acabf6a-c753-468b-b205-452182a041d2,Neora Valley National Park
2019,28,d,b8522b08-e22b-4223-8ab3-67386323cc45,2acabf6a-c753-468b-b205-452182a041d2,Valley of Flowers National Park
2019,29,a,0eecab52-6291-49ac-8cdf-a02604258540,ec21f23b-6217-49c2-8bbc-2a093f00a96b,Department of Science and Technology
2019,29,b,446d2241-22a9-4c28-b430-8cfb5e71db2a,ec21f23b-6217-49c2-8bbc-2a093f00a96b,Ministry of Employment
2019,29,c,fd78a27c-a442-4012-b2c5-be866647b74a,ec21f23b-6217-49c2-8bbc-2a093f00a96b,NITI Aayog
2019,29,d,90c8b9ef-46a2-4d61-9246-64f3da6b42ec,ec21f23b-6217-49c2-8bbc-2a093f00a96b,Ministry of Skill Development and Entrepreneurship
2019,30,a,40101c87-5abe-415d-90a3-d9b89d653c88,f6cf8015-f117-44c0-bcca-0f8e4fd43539,does not set below the horizon at the Arctic Circle
2019,30,b,0a4e8a05-1bdd-4923-a28a-c8503d651846,f6cf8015-f117-44c0-bcca-0f8e4fd43539,does not set below the horizon at Antarctic Circle
2019,30,c,fc43169d-5c4b-4436-87e1-cd18fdf69007,f6cf8015-f117-44c0-bcca-0f8e4fd43539,shines vertically overhead at noon on the Equator
2019,30,d,7ed2d4b2-13b5-40d4-b73d-302c0de96786,f6cf8015-f117-44c0-bcca-0f8e4fd43539,shines vertically overhead at the Tropic of Capricorn
2019,31,a,ea5bce77-4259-4057-8a42-87f4509b9521,68b4da76-aec5-44d1-86fe-debafe92d203,1 only
2019,31,b,a1b80988-2120-4ffd-b70c-151fed059859,68b4da76-aec5-44d1-86fe-debafe92d203,2 only
2019,31,c,362e2d4d-b8eb-4314-9867-52eb2a9e5ebc,68b4da76-aec5-44d1-86fe-debafe92d203,Both 1 and 2
2019,31,d,63cfc813-52b1-4420-8e0f-120d49972042,68b4da76-aec5-44d1-86fe-debafe92d203,Neither 1 nor 2
2019,32,a,14bb0936-5271-47e9-b045-37e242d29c7f,8eb6bdf3-710e-4729-b9dc-51e0d983ce55,The ceiling “laws were aimed at family holdings and not individual holdings.
2019,32,b,9c0d4290-a6fa-41ee-8db0-8a571393ce2b,8eb6bdf3-710e-4729-b9dc-51e0d983ce55,The major aim of land reforms was providing agricultural land to all the landless.
2019,32,c,d4559659-9345-48ea-9884-b7227a4c6484,8eb6bdf3-710e-4729-b9dc-51e0d983ce55,It resulted in cultivation of cash crops as a predominant form of cultivation.
2019,32,d,97b8ab7c-b964-4aca-a75f-171f5b6b0494,8eb6bdf3-710e-4729-b9dc-51e0d983ce55,Land reforms permitted no exemptions to the ceiling limits.
2019,33,a,3217c58f-f532-4165-84e0-3d81b912ab47,b19eeae9-b38d-4d51-b884-ca10a764215d,International Monetary Fund
2019,33,b,672abcd4-c7b8-4033-9cb8-daf366deb661,b19eeae9-b38d-4d51-b884-ca10a764215d,United Nations Conference on Trade and Development
2019,33,c,d835638c-b5f3-4f18-a682-f8e5ac6771ac,b19eeae9-b38d-4d51-b884-ca10a764215d,World Economic Forum
2019,33,d,112e6b22-2374-4ece-80f8-51109c57f00f,b19eeae9-b38d-4d51-b884-ca10a764215d,World Bank
2019,34,a,04272a97-5a68-435e-8932-c997b92b69d4,444b746e-ed02-4cfe-819a-7279c3297635,1 and 2 only
2019,34,b,b60cf4f2-59ba-4609-854c-3797a3ad08e9,444b746e-ed02-4cfe-819a-7279c3297635,2 and 3 only
2019,34,c,2bee0626-2112-4001-916a-17f470785ad6,444b746e-ed02-4cfe-819a-7279c3297635,1 and 3 only
2019,34,d,5667715b-258c-4fa3-8533-aaf08135861f,444b746e-ed02-4cfe-819a-7279c3297635,"1, 2 and 3"
2019,35,a,fff75286-10d5-44c6-9e05-735510955799,2ca81d63-5a92-43d1-abdb-7abc861e9de7,1 only
2019,35,b,340d4928-bdf5-4276-88fa-1fccc8d5a03e,2ca81d63-5a92-43d1-abdb-7abc861e9de7,2 only
2019,35,c,cb1117a1-a321-4961-ab31-47bbf4218f65,2ca81d63-5a92-43d1-abdb-7abc861e9de7,Both 1 and 2
2019,35,d,06f447a7-9a46-4cd5-96a8-0037d42280a4,2ca81d63-5a92-43d1-abdb-7abc861e9de7,Neither 1 nor 2
2019,36,a,629cb017-499f-4bd2-8c57-607379664a08,abf55610-5c73-4b1b-8fd4-321e32859ab3,1 only
2019,36,b,79074204-87f8-4f26-9ba5-5655746a721e,abf55610-5c73-4b1b-8fd4-321e32859ab3,1 and 2 only
2019,36,c,2f1aed53-ad49-44a1-bbca-25404347316e,abf55610-5c73-4b1b-8fd4-321e32859ab3,2 and 3 only
2019,36,d,5d35b3ce-3a39-43c1-b17f-c9be0cba02a0,abf55610-5c73-4b1b-8fd4-321e32859ab3,"1, 2 and 3"
2019,37,a,535afcd2-e0f5-4d1c-ae3b-8b1fb6803577,7dba2555-e7bd-4323-8add-9aa8229c4f6f,Chanhudaro
2019,37,b,c83e8bab-f0cd-4282-9aa5-a914d53f0cdb,7dba2555-e7bd-4323-8add-9aa8229c4f6f,Kot Diji
2019,37,c,803c2cca-5ec5-4107-aee4-a6288f865100,7dba2555-e7bd-4323-8add-9aa8229c4f6f,Sohgaura
2019,37,d,e226af4b-c372-4a90-b442-8245d44f27ec,7dba2555-e7bd-4323-8add-9aa8229c4f6f,Desalpur
2019,38,a,07df6446-3991-46a6-98d1-e0ffce25416a,768cf359-4c87-4afb-bc4d-305219574f3e,Kanganahalli
2019,38,b,23bfd6d3-90d2-49f2-b64b-46e7e7b43d49,768cf359-4c87-4afb-bc4d-305219574f3e,Sanchi I
2019,38,c,a4fba41c-2784-4ba5-a7f9-9be63ee7cdb2,768cf359-4c87-4afb-bc4d-305219574f3e,Shahbazgarhi
2019,38,d,fa87cd8f-8af5-4e64-a0f6-912edc99505d,768cf359-4c87-4afb-bc4d-305219574f3e,Sohgaura
2019,39,a,c3e7f565-3933-4e9b-a1ec-216b995a0ee6,a350c3e6-25cd-49d4-87ce-912fd735c78c,1 only
2019,39,b,b2cd004a-64c7-4740-a13a-558d6c1fad7a,a350c3e6-25cd-49d4-87ce-912fd735c78c,1 and 2 only
2019,39,c,c2172187-8167-41d6-99c0-f8d2c833ebc5,a350c3e6-25cd-49d4-87ce-912fd735c78c,2 and 3 only
2019,39,d,91a7d146-0c64-4957-91f1-ff8729708e10,a350c3e6-25cd-49d4-87ce-912fd735c78c,"1, 2 and 3"
2019,40,a,f0286e0b-040b-4fb5-9467-954442689913,93b8bbc4-0f85-46a6-970c-1e3ca6449189,"It was considered a source of income for the State, a sort of tax paid by the people."
2019,40,b,72cf1bfe-cace-437b-baac-f3b760698428,93b8bbc4-0f85-46a6-970c-1e3ca6449189,It was totally absent in the Madhya Pradesh and Kathiawar regions of the Gupta Empire.
2019,40,c,7fbf7f97-bff2-49f5-8e24-48617be629a5,93b8bbc4-0f85-46a6-970c-1e3ca6449189,The forced labourer was entitled to weekly wages.
2019,40,d,5e2e4a3a-fa98-4c64-b025-432497b71315,93b8bbc4-0f85-46a6-970c-1e3ca6449189,The eldest son of the labourer was sent as the forced labourer.
2019,41,a,1f670825-58ae-43e3-b4dd-2c367fd936e9,a3a26dfe-6e5a-4e63-89d1-0f7fd3a5d028,"Tobacco, cocoa and rubber"
2019,41,b,30191de8-e7bf-4558-84f3-ebec2c60d001,a3a26dfe-6e5a-4e63-89d1-0f7fd3a5d028,"Tobacco, cotton and rubber."
2019,41,c,f1e22f54-1fe4-49ba-997a-9eb9888ea502,a3a26dfe-6e5a-4e63-89d1-0f7fd3a5d028,"Cotton, coffee and sugarcane"
2019,41,d,cb35de56-2f53-4331-8571-7d9d60f8953e,a3a26dfe-6e5a-4e63-89d1-0f7fd3a5d028,"Rubber, coffee and wheat"
2019,42,a,353c0201-1e8c-40aa-8f14-dee994c602db,3b743c48-5e98-4fbb-84cf-ff33c3d34ea4,1 only
2019,42,b,74040716-3651-4c84-ac57-e0d9b8f5ff63,3b743c48-5e98-4fbb-84cf-ff33c3d34ea4,2 only
2019,42,c,18740341-6840-40de-ab81-52509b0bca9c,3b743c48-5e98-4fbb-84cf-ff33c3d34ea4,1 and 3 only
2019,42,d,a9409ba2-5207-464d-8f62-20c5706bcc81,3b743c48-5e98-4fbb-84cf-ff33c3d34ea4,"1, 2 and 3"
2019,43,a,11bd304a-1e62-45f6-8fd5-a542d85dcb66,302d7f4d-8b09-4088-88bc-0b2562a0112c,1 and 2 only
2019,43,b,165e7db0-5781-4e36-9f69-69aeb61891f8,302d7f4d-8b09-4088-88bc-0b2562a0112c,2 and 3 only
2019,43,c,1e9f7e3f-574c-4d42-8aec-98a59ffff25f,302d7f4d-8b09-4088-88bc-0b2562a0112c,1 and 3 only
2019,43,d,a738412e-6299-4e8e-850f-08e75ae455f1,302d7f4d-8b09-4088-88bc-0b2562a0112c,"1, 2 and 3"
2019,44,a,59b01ec8-2874-4081-926e-3623937d54ee,06b21ec9-4f2e-43c3-a685-5a9deb2a6741,poverty rates vary from State to State
2019,44,b,df883c5f-277e-446f-9e7a-3bdf7a59e109,06b21ec9-4f2e-43c3-a685-5a9deb2a6741,price levels vary from State to State
2019,44,c,f0a8e549-44ab-486b-98d3-e8b93d43890b,06b21ec9-4f2e-43c3-a685-5a9deb2a6741,Gross State Product varies from State to State
2019,44,d,ee9c6569-a9b6-4783-bffa-e7e7d67205d5,06b21ec9-4f2e-43c3-a685-5a9deb2a6741,quality of public distribution varies from State to State
2019,45,a,99457e82-fe49-4380-8ba2-f406b6d4eea4,3256b83c-d784-452f-a401-7add78d79235,Creating the artificial rains in some regions
2019,45,b,75a077c7-85f3-4435-9705-66f83a0a5623,3256b83c-d784-452f-a401-7add78d79235,Reducing the frequency and intensity of tropical cyclones
2019,45,c,06f0e482-05cf-48b3-9d1e-7f90991850af,3256b83c-d784-452f-a401-7add78d79235,Reducing the adverse effects of solar wind on the Earth
2019,45,d,fc546c5d-1a2e-4bbf-b599-fb39aa588177,3256b83c-d784-452f-a401-7add78d79235,Reducing the global warming
2019,46,a,b051f8d4-653e-477e-bd37-306e55db8e26,d6544ddc-0b55-4a98-816f-9f5f0b2c15d6,Extraction of rare earth elements
2019,46,b,3de07309-8261-453b-9d01-69a0350cabf8,d6544ddc-0b55-4a98-816f-9f5f0b2c15d6,Natural gas extraction technologies
2019,46,c,fd72d5fd-d799-4777-8c39-044e2c6da367,d6544ddc-0b55-4a98-816f-9f5f0b2c15d6,Hydrogen fuel-based automobiles
2019,46,d,f39ce0cd-548f-49ed-92e5-21d086f49683,d6544ddc-0b55-4a98-816f-9f5f0b2c15d6,Waste-to-energy technologies
2019,47,a,d25c973a-352d-4f38-bf76-8688d690bce5,d3886aa8-d29a-4e9a-a6c4-0718b1b34792,"Neyyar, Peppara and Shendurney Wildlife Sanctuaries; and Kalakad Mundanthurai Tiger Reserve"
2019,47,b,8d53933b-769b-4842-bc1f-5e6a56c23e0d,d3886aa8-d29a-4e9a-a6c4-0718b1b34792,"Mudumalai, Sathyamangalam and Wayanad Wildlife Sanctuaries; and Silent Valley National Park"
2019,47,c,2d73b2d2-c5e4-4df8-b5aa-b548c0448331,d3886aa8-d29a-4e9a-a6c4-0718b1b34792,"Kaundinya, Gundla Brahme-swaram and Papikonda Wildlife Sanctuaries; and Mukurthi National Park"
2019,47,d,78116a4e-993f-4c4f-86d3-60488270d5d5,d3886aa8-d29a-4e9a-a6c4-0718b1b34792,Kawal and Sri Venkateswara Wildlife Sanctuaries; and Nagarjunasagar-Srisailam Tiger Reserve
2019,48,a,8570e380-7fdf-439f-8c97-cea497c7e975,2a1fa54a-53ef-4f7d-b21f-fb97f5ada8c3,1 and 3 only
2019,48,b,68a3a89a-1050-4975-b40e-8e8fa021f7bd,2a1fa54a-53ef-4f7d-b21f-fb97f5ada8c3,"2, 3 and 4 only"
2019,48,c,616269f4-63cd-4f8d-8241-f9c00dea5cce,2a1fa54a-53ef-4f7d-b21f-fb97f5ada8c3,2 and 4 only
2019,48,d,5a36c142-e1de-487a-9cb1-8e55b1d9c34b,2a1fa54a-53ef-4f7d-b21f-fb97f5ada8c3,"1, 2, 3 and 4"
2019,49,a,4b7fee77-6246-4d36-b447-5c40852858ba,33b34600-4448-4884-ac9d-a8b40cc6d28b,1 and 2 only
2019,49,b,5e0537d2-5491-4b71-91c4-7a9bb4825195,33b34600-4448-4884-ac9d-a8b40cc6d28b,2 and 3 only
2019,49,c,22a09829-4460-4896-815f-0d7d8c694791,33b34600-4448-4884-ac9d-a8b40cc6d28b,1 and 3 only
2019,49,d,accfda4d-d235-4875-85df-a15965b572fa,33b34600-4448-4884-ac9d-a8b40cc6d28b,"1, 2 and 3"
2019,50,a,8e1d6e44-47b6-483e-b654-5702d846e1e4,3caa4bb9-48e2-4aa6-bad2-1b6d504aed46,They are considered harmful to marine ecosystems.
2019,50,b,6c12b9f7-c23a-405a-9fb4-d68e642dae21,3caa4bb9-48e2-4aa6-bad2-1b6d504aed46,They are considered to cause skin cancer in children.
2019,50,c,b398da5f-cea3-416a-b22b-4f384c8e7e98,3caa4bb9-48e2-4aa6-bad2-1b6d504aed46,They are small enough to be absorbed by crop plants in irrigated fields.
2019,50,d,9633ffa7-f74f-4215-89af-42813269f4b9,3caa4bb9-48e2-4aa6-bad2-1b6d504aed46,They are often found to be used as food adulterants.
2019,51,a,6939d352-b2b3-42a1-9a99-2f4ccb1e7c78,b21fbaec-08d1-448c-939b-7374d0d4c261,1 and 2 only
2019,51,b,b4c188e2-d097-407d-8ffe-f9b9e82bc0ff,b21fbaec-08d1-448c-939b-7374d0d4c261,3 and 4
2019,51,c,0b5ea610-0583-4875-a278-1a631d097a86,b21fbaec-08d1-448c-939b-7374d0d4c261,"1, 2 and 3"
2019,51,d,03b9b0ec-7682-4d21-9e3b-185b7037e6ab,b21fbaec-08d1-448c-939b-7374d0d4c261,4 only
2019,52,a,d5d1aad5-2855-49a3-9bdf-ec5e4f5ffe8c,706a60bf-922e-4e36-a3ce-71f60d50cd5d,fossils of a kind of dinosaurs
2019,52,b,1fd6cce3-0199-430c-a7a1-5a922c73d534,706a60bf-922e-4e36-a3ce-71f60d50cd5d,an early human species
2019,52,c,2b5ad860-76a5-40ef-bca9-25199c3a442e,706a60bf-922e-4e36-a3ce-71f60d50cd5d,a cave system found in North-East India.
2019,52,d,ed9244b2-c015-4e1b-bead-2cdf72aaf047,706a60bf-922e-4e36-a3ce-71f60d50cd5d,a geological period in the history of Indian subcontinent
2019,53,a,7c9ba7f3-db06-421c-9ac5-e854ba10fef9,890093b0-ac6a-4f9f-8549-24a471d3ad66,Functional chromosomes can be created by joining segments of DNA taken from cells of different species.
2019,53,b,eb25d902-cc28-4075-8ddf-49cbc2ab4b6c,890093b0-ac6a-4f9f-8549-24a471d3ad66,Pieces of artificial functional DNA can be created in Laboratories.
2019,53,c,7f3683ca-7e43-42dc-9e4b-86fc97b3f2c2,890093b0-ac6a-4f9f-8549-24a471d3ad66,A piece of DNA taken out from an animal cell can be made to replicate outside a living cell in a laboratory.
2019,53,d,54fc52b3-2d67-42bb-8f62-a0af70742acb,890093b0-ac6a-4f9f-8549-24a471d3ad66,Cells taken out from plants and animals can be made to undergo cell division in laboratory petri dishes.
2019,54,a,83e03b08-43fb-4302-930a-dce02a5571f6,a9c2f12d-c3f4-41a2-b04c-2b2064a7887d,1 only
2019,54,b,a58387a4-7e54-43d5-a6b3-b66bc304d973,a9c2f12d-c3f4-41a2-b04c-2b2064a7887d,2 and 3 only
2019,54,c,35eee1db-c57d-4e4b-9d73-82a46976d39f,a9c2f12d-c3f4-41a2-b04c-2b2064a7887d,3 only
2019,54,d,d3c736ac-58e5-4220-9d06-a3011abcc3be,a9c2f12d-c3f4-41a2-b04c-2b2064a7887d,"1, 2 and 3"
2019,55,a,e0c9c43c-f27e-4838-89b0-1793a832cfc6,d127bca7-4031-40f9-a700-298abe911533,1 only
2019,55,b,e435294e-cc81-497f-9192-5dce2a286231,d127bca7-4031-40f9-a700-298abe911533,2 and 3 only
2019,55,c,a15f676d-3f65-42b8-9733-b4e18039581d,d127bca7-4031-40f9-a700-298abe911533,3 only
2019,55,d,c9dc0c43-a54a-4fc4-8a68-e9f0999c8fa5,d127bca7-4031-40f9-a700-298abe911533,"1, 2 and 3"
2019,56,a,1d8838e0-7348-43b6-8547-228737923c14,91037657-af72-4501-8c60-b6f242d04466,"1, 2 and 4"
2019,56,b,a897c7ed-8d4a-4ec5-8a9b-092d718bca74,91037657-af72-4501-8c60-b6f242d04466,2 and 3
2019,56,c,76408831-7d7e-4642-8217-91aa2f8bfb3c,91037657-af72-4501-8c60-b6f242d04466,1 and 3
2019,56,d,e174b97e-4670-46d4-b720-6d7d38d73f90,91037657-af72-4501-8c60-b6f242d04466,1 and 4 only
2019,57,a,81e8868f-1202-4f27-8851-286752cd5ec6,7334da20-a33c-4d15-9a1c-cfab19260a29,‘Higgs boson particles’ were detected.
2019,57,b,d4a601ee-0cd0-4d9f-8ab1-116af36fc4e7,7334da20-a33c-4d15-9a1c-cfab19260a29,‘Gravitational waves’ were detected.
2019,57,c,ba13da5b-7d76-4fa5-9a3c-8b11b27e69e7,7334da20-a33c-4d15-9a1c-cfab19260a29,Possibility of inter-galactic space travel through ‘wormhole’ was confirmed.
2019,57,d,e15931a2-d9f9-4872-8cdd-23bd6c4c43ec,7334da20-a33c-4d15-9a1c-cfab19260a29,It enabled the scientists to understand ‘singularity’.
2019,58,a,1a6b3206-d9f3-40d4-a6d4-0ad124090f6c,da5c5ae0-de11-4e92-a5a2-bafecf06104c,1 and 2
2019,58,b,99c85fe2-6085-47e7-8898-7ca026920cac,da5c5ae0-de11-4e92-a5a2-bafecf06104c,2 and 3 only
2019,58,c,4f889647-8169-47be-b261-5abaeca2f636,da5c5ae0-de11-4e92-a5a2-bafecf06104c,"1, 3 and 4"
2019,58,d,75f4d70d-671e-4800-b5c7-855026f03df9,da5c5ae0-de11-4e92-a5a2-bafecf06104c,"2, 3 and 4"
2019,59,a,7f293859-2d59-47a1-8aa9-92877993714d,23440a68-0391-4cb7-a4cd-3b0f7689c2ed,A molecular scissors used in targeted gene editing
2019,59,b,a1022b2c-ee66-43cc-984c-ef6cd34b3e80,23440a68-0391-4cb7-a4cd-3b0f7689c2ed,A biosensor used in the accurate detection of pathogens in patients
2019,59,c,566b58b5-a1e6-4cc6-b725-1bbb45941cce,23440a68-0391-4cb7-a4cd-3b0f7689c2ed,A gene that makes plants pest-resistant
2019,59,d,ae067f53-0f33-4fc1-84eb-9a27ab84dbe1,23440a68-0391-4cb7-a4cd-3b0f7689c2ed,A herbicidal substance synthesized in genetically modified crops
2019,60,a,11c3cd8b-e0ef-4f21-b5d2-238a9b72e8af,b367f46b-6e8c-4022-8c4c-6b820f2d1b98,Hepatitis B virus is transmitted much like HIV.
2019,60,b,20319210-f156-45be-9ef6-9b4380f8552b,b367f46b-6e8c-4022-8c4c-6b820f2d1b98,"Hepatitis B, unlike Hepatitis C, does not have a vaccine."
2019,60,c,ed07b084-0145-404d-a0b0-8f93ef00d264,b367f46b-6e8c-4022-8c4c-6b820f2d1b98,"Globally, the number of people infected with Hepatitis B and C viruses are several times more than those infected with HIV."
2019,60,d,65bcff0e-4aa9-4aa1-b965-eb73f25cb258,b367f46b-6e8c-4022-8c4c-6b820f2d1b98,Some of those infected with Hepatitis Band C viruses do not show the symptoms for many years.
2019,61,a,0370d286-a73f-4cd0-918c-3b9bb2845768,a32caf71-d121-422f-a64d-e18e8653db20,1 only
2019,61,b,64398150-1f12-41bd-9d35-5bde177fc674,a32caf71-d121-422f-a64d-e18e8653db20,2 only
2019,61,c,0eda87ec-4082-43e7-832a-a6aae381ba06,a32caf71-d121-422f-a64d-e18e8653db20,Both 1 and 2
2019,61,d,7f6865f0-f077-4b5f-818b-c32d53e55c68,a32caf71-d121-422f-a64d-e18e8653db20,Neither 1 nor 2
2019,62,a,0d8a5496-0908-4d9c-bac1-ba8e2d1e5d04,a172bc08-73a0-4cc1-b3e7-6be0da2f9adc,1 only
2019,62,b,ecc6c7c4-61ae-4537-b06f-010e8bdb6be5,a172bc08-73a0-4cc1-b3e7-6be0da2f9adc,2 only
2019,62,c,4b2596d9-af23-48b0-97a3-f68ddf18010d,a172bc08-73a0-4cc1-b3e7-6be0da2f9adc,Both 1 and 2
2019,62,d,968fae79-0d6a-436b-a5ae-9e424672c81c,a172bc08-73a0-4cc1-b3e7-6be0da2f9adc,Neither 1 nor 2
2019,63,a,20ae8797-b100-46a3-a11b-e5c0ea222d95,5cc5920e-df4f-454e-b127-a2f30811cd11,1 and 3 only
2019,63,b,86bc639e-adc4-4dba-bc00-ef7285d7b740,5cc5920e-df4f-454e-b127-a2f30811cd11,"2, 3 and 4 only"
2019,63,c,0ef65caa-88af-44d0-b95a-054a7cdc9f06,5cc5920e-df4f-454e-b127-a2f30811cd11,2 and 4 only
2019,63,d,e6ed48b7-bcdb-4b29-83ce-0aeb51776c0e,5cc5920e-df4f-454e-b127-a2f30811cd11,"1, 2, 3 and 4"
2019,64,a,eca263a9-9546-415d-9991-7d02a215ca1a,a7d7092a-efd2-4b6a-95ab-ee77960234f8,Spices
2019,64,b,1496e774-64fa-4520-bcbf-4b0c8add6e44,a7d7092a-efd2-4b6a-95ab-ee77960234f8,Fresh fruits
2019,64,c,c9bba934-46cd-4df3-bc7a-89bd7fb4669a,a7d7092a-efd2-4b6a-95ab-ee77960234f8,Pulses
2019,64,d,cf55965f-46b2-4056-8de5-53914f7393ac,a7d7092a-efd2-4b6a-95ab-ee77960234f8,Vegetable oils
2019,65,a,2a6f0bd2-5cff-474d-8d0c-5f2afc367ec2,a06edfbc-3e7b-4a28-a207-1edc97572799,Protection against the tyranny of political rulers
2019,65,b,1a75280b-d7bd-44a0-97e1-aa4423582f49,a06edfbc-3e7b-4a28-a207-1edc97572799,Absence of restraint
2019,65,c,a6fa1bf4-f501-427c-a18d-bdb7d9350010,a06edfbc-3e7b-4a28-a207-1edc97572799,Opportunity to do whatever one likes
2019,65,d,a199ad52-b823-41ec-9b3f-7c30e18f130a,a06edfbc-3e7b-4a28-a207-1edc97572799,Opportunity to develop oneself fully
2019,66,a,eb56c78d-a7bd-4b72-88da-4455906579b7,d01c5f99-f139-4969-97fa-136bc1904421,Curbing imports of non-essential goods-and promoting exports
2019,66,b,9420410c-bffd-4fa3-9ccc-f0d5d965c103,d01c5f99-f139-4969-97fa-136bc1904421,Encouraging Indian borrowers to issue rupee denominated Masala Bonds
2019,66,c,8251be30-ddcc-4d23-8ace-6fa51ab562c6,d01c5f99-f139-4969-97fa-136bc1904421,Easing conditions relating to external commercial borrowing
2019,66,d,07f8e78b-402a-4a70-9943-0b824a0e769f,d01c5f99-f139-4969-97fa-136bc1904421,Following an expansionary monetary policy
2019,67,a,bcd81521-1595-4125-b926-2aeab1e31619,06050e1a-2d02-4f55-bb1f-e17acdf2510f,1 only
2019,67,b,97fc8a57-0777-44f8-a75a-75aed59e6a93,06050e1a-2d02-4f55-bb1f-e17acdf2510f,1 and 2 only
2019,67,c,fce2fb42-e18d-4e73-b472-5ceecac65a56,06050e1a-2d02-4f55-bb1f-e17acdf2510f,3 only
2019,67,d,263cc058-b8ff-42ac-9491-12f5c94beb64,06050e1a-2d02-4f55-bb1f-e17acdf2510f,"1, 2 and 3"
2019,68,a,2af30489-a60e-4732-ac3c-0e11976237c5,0aa5fe94-8362-434d-a4fc-a7766a247f46,Australia
2019,68,b,b79c0c27-9054-46db-b143-6c446b271ed1,0aa5fe94-8362-434d-a4fc-a7766a247f46,Canada
2019,68,c,bafe34b6-f539-4db7-839e-ebc0aa0bfa6b,0aa5fe94-8362-434d-a4fc-a7766a247f46,The European Union
2019,68,d,3784651f-9d12-444d-ad30-37b889809704,0aa5fe94-8362-434d-a4fc-a7766a247f46,The United States of America
2019,69,a,f2b9b8e7-7420-4c9f-8072-7b7180c95854,b7fdc9b7-8826-446f-8b19-812924ca9c08,Japan
2019,69,b,fb33de37-aaca-4cf2-8b28-13a71bca4995,b7fdc9b7-8826-446f-8b19-812924ca9c08,Russia
2019,69,c,51448d7f-24ad-4d45-b99d-f0fd8ce7ef69,b7fdc9b7-8826-446f-8b19-812924ca9c08,The United Kingdom
2019,69,d,5bad2427-b92f-4f25-90e7-c95785073147,b7fdc9b7-8826-446f-8b19-812924ca9c08,The United States of America
2019,70,a,c1f4aebc-2fd3-4b44-b4e7-37070c53aca7,670c47d4-9df5-4381-84bf-31915ea3b03d,Increase in the cash reserve ratio
2019,70,b,1fe5c821-672d-4a38-8ab7-4167efae6d73,670c47d4-9df5-4381-84bf-31915ea3b03d,Increase in the banking habit of the population
2019,70,c,299e9286-f4ac-4fc3-b963-40e90f43f4a5,670c47d4-9df5-4381-84bf-31915ea3b03d,Increase in the statutory liquidity ratio
2019,70,d,91eeb4f4-802c-4ca0-8938-7695d866f72d,670c47d4-9df5-4381-84bf-31915ea3b03d,Increase in the population of the country
2019,71,a,c60fd2a3-5857-4629-97c7-bd55dc7229ef,f11e3b75-0082-431e-bbfa-8305db0fc2fe,Integrated Rural Programme
2019,71,b,d3b489dc-63b2-4553-b7cd-6aca4599cb9e,f11e3b75-0082-431e-bbfa-8305db0fc2fe,Lead Bank Scheme
2019,71,c,b9f26ccd-bac3-4351-8901-bd62daf46748,f11e3b75-0082-431e-bbfa-8305db0fc2fe,Mahatma Gandhi National Rural Employment Guarantee Scheme
2019,71,d,e9de6c05-0e5f-4636-a2f7-c0c59663238e,f11e3b75-0082-431e-bbfa-8305db0fc2fe,National Skill Development Mission
2019,72,a,3a1dc2f6-3985-4c86-8f4c-c5ac828fb10f,c77b04f9-c072-4577-9f04-79ccf33a705b,1 and 3 only
2019,72,b,ca7098fb-f9dc-44d4-8a07-4df90feae5f9,c77b04f9-c072-4577-9f04-79ccf33a705b,2 and 3 only
2019,72,c,a374dc60-07b4-40b8-ad6a-f4ddbad5260f,c77b04f9-c072-4577-9f04-79ccf33a705b,3 only
2019,72,d,3d8aa389-a176-4e20-b8dd-0e68dc2bfecf,c77b04f9-c072-4577-9f04-79ccf33a705b,"1, 2 and 3"
2019,73,a,0f649922-da2e-4312-96a6-c77f085e6b36,aca4bd5b-385b-40ea-84a5-8ad470e6a8cd,1 only
2019,73,b,eb6d718d-ed48-49c0-b8f8-bebb867a572f,aca4bd5b-385b-40ea-84a5-8ad470e6a8cd,2 only
2019,73,c,fc7f5d1b-87c5-4b5f-b859-69e0abd84826,aca4bd5b-385b-40ea-84a5-8ad470e6a8cd,Both 1 and 2
2019,73,d,57b06335-63e0-4676-a91d-3e6fb8d110b4,aca4bd5b-385b-40ea-84a5-8ad470e6a8cd,Neither 1 nor 2
2019,74,a,a01b42f0-b96f-43df-856d-32c81af60314,36ca0a10-0e8f-49ee-ae89-e97f889dfb92,Advances
2019,74,b,e600c97b-f79b-4884-9c53-acefe5786058,36ca0a10-0e8f-49ee-ae89-e97f889dfb92,Deposits
2019,74,c,d67588bb-5408-4880-9dc7-466ef7b97625,36ca0a10-0e8f-49ee-ae89-e97f889dfb92,Investments
2019,74,d,a5a05f0d-d3c1-4186-8fc1-4d1533abd504,36ca0a10-0e8f-49ee-ae89-e97f889dfb92,Money at call and short notice
2019,75,a,392b76b5-1e96-4829-ba80-49febad0e79c,8c7d3c27-4b43-4cc8-8750-cca4e533af01,1 only
2019,75,b,14b0d27f-d166-4c39-a138-23c2d3b7027b,8c7d3c27-4b43-4cc8-8750-cca4e533af01,1 and 3 only
2019,75,c,4144c732-a93b-4784-96a9-d707ba158239,8c7d3c27-4b43-4cc8-8750-cca4e533af01,2 only
2019,75,d,5641ed90-2711-498a-a9b7-5425449e1904,8c7d3c27-4b43-4cc8-8750-cca4e533af01,"1, 2 and 3"
2019,76,a,8d83741b-a6b5-436a-bcb2-3c057d760cd6,1368cc3f-1ed4-428a-95b0-34f1e520f34e,First Administrative Reforms Commission (1966)
2019,76,b,1b02ab43-fa3c-4a3c-8085-5c170469a96b,1368cc3f-1ed4-428a-95b0-34f1e520f34e,Rajamannar Committee (1969)
2019,76,c,bed6760e-226b-485a-8936-515fc09cbe90,1368cc3f-1ed4-428a-95b0-34f1e520f34e,Sarkaria Commission (1983)
2019,76,d,8fcc59bf-5647-4028-8b53-10aadcde5173,1368cc3f-1ed4-428a-95b0-34f1e520f34e,National Commission to Review the Working of the Constitution (2000)
2019,77,a,87c1ac66-ea75-4e83-b22c-8f4c206f370b,a9255a2b-8c49-4920-9c0b-270d20217bb3,Certificate of Deposit
2019,77,b,4eab1f2a-1b47-4b96-a62f-6524ddd2bfa1,a9255a2b-8c49-4920-9c0b-270d20217bb3,Commercial Paper
2019,77,c,71f7ad18-db1c-41bd-89a7-ca154ec3e5be,a9255a2b-8c49-4920-9c0b-270d20217bb3,Promissory Note
2019,77,d,68195882-093e-4e58-917c-09556fd17ccf,a9255a2b-8c49-4920-9c0b-270d20217bb3,Participatory Note
2019,78,a,5c59a77d-5104-4e39-aa43-19c458048d33,ae0b2864-c91c-402e-b2d4-2af7bdca29f9,1 only
2019,78,b,05c7756e-33b4-4dfe-a66e-71cb69030ec8,ae0b2864-c91c-402e-b2d4-2af7bdca29f9,2 only
2019,78,c,ca154dd4-df83-473e-a9cc-32cc3d38c7e3,ae0b2864-c91c-402e-b2d4-2af7bdca29f9,Both 1 and 2
2019,78,d,26489ebd-dfed-4657-a811-354011e4b522,ae0b2864-c91c-402e-b2d4-2af7bdca29f9,Neither 1 nor 2
2019,79,a,f6ad9fcb-9416-4ce0-af6a-1682825ae11d,ef14a4eb-1953-4a71-8701-220020517801,1 and 2
2019,79,b,9b1d07cb-1e00-48eb-84db-d09fc8ae94c5,ef14a4eb-1953-4a71-8701-220020517801,"1, 3 and 4"
2019,79,c,f3074b63-8aa7-4ebd-8242-3e9fe625ecd5,ef14a4eb-1953-4a71-8701-220020517801,"3, 4 and 5"
2019,79,d,7683a30f-f328-4ce3-86f2-aa8d8052ce03,ef14a4eb-1953-4a71-8701-220020517801,2 and 5
2019,80,a,a3f7c2cc-bb47-4ff2-a10c-30516acf7053,f1b813e8-5bfb-43e0-ae06-4d3d89ffb5e6,1 and 2 only
2019,80,b,605508fe-91e6-4b99-a82a-83b3f1b543ee,f1b813e8-5bfb-43e0-ae06-4d3d89ffb5e6,2 only
2019,80,c,6c6bbb44-54e0-4ec3-b280-64acb7e2bdb4,f1b813e8-5bfb-43e0-ae06-4d3d89ffb5e6,3 only
2019,80,d,cb5d4806-fead-49f2-a1d4-c44697d3249a,f1b813e8-5bfb-43e0-ae06-4d3d89ffb5e6,"1, 2 and 3"
2019,81,a,0eb8cccf-5700-49ec-bf38-54d5f4f3bc30,d06e4dcb-d084-48ab-842e-9d969bdfbb23,"1, 2 and 3"
2019,81,b,a20bf347-2f28-49a9-a568-baf2e4d8de95,d06e4dcb-d084-48ab-842e-9d969bdfbb23,"2, 3 and 4"
2019,81,c,194ad515-cff7-471d-9257-f3dbcbe489ac,d06e4dcb-d084-48ab-842e-9d969bdfbb23,"1, 2 and 4"
2019,81,d,95ed91a5-2d22-4e13-bf4f-447047b6538b,d06e4dcb-d084-48ab-842e-9d969bdfbb23,"1, 3 and 4"
2019,82,a,dcd7323f-796f-42ea-a8fa-10da57dff522,7df108a8-a937-4fd0-895c-5affb6a8e952,The decisions taken by the Election Commission of India while discharging its duties cannot be challenged in any court of law.
2019,82,b,29005e57-a57e-4938-98f6-b9ad0d3a30aa,7df108a8-a937-4fd0-895c-5affb6a8e952,The Supreme Court of India is not constrained in the exercise of its powers by laws made by the Parliament.
2019,82,c,29ef8521-b9de-45c7-bfec-dcca3906280a,7df108a8-a937-4fd0-895c-5affb6a8e952,"In the event of grave financial crisis in the country, the President of India can declare Financial Emergency without the counsel from the Cabinet."
2019,82,d,3ec84863-8982-4e80-89a7-e6696fd295a7,7df108a8-a937-4fd0-895c-5affb6a8e952,State Legislatures cannot make laws on certain matters without the concurrence of Union Legislature.
2019,83,a,f087a35f-c149-4bd1-9dae-32f6d32a1f09,53fce8c8-e701-4b80-84ec-bf4c5f05d4e4,1 only
2019,83,b,4083fe4c-911c-48c5-8c20-60171a95f097,53fce8c8-e701-4b80-84ec-bf4c5f05d4e4,2 only
2019,83,c,e2eee7fe-84aa-4527-a70d-329edb1c5ec7,53fce8c8-e701-4b80-84ec-bf4c5f05d4e4,Both 1 and 2
2019,83,d,9fb97eec-2982-4ce4-9d6c-a3ff160c15e9,53fce8c8-e701-4b80-84ec-bf4c5f05d4e4,Neither 1 nor 2
2019,84,a,decdd7fa-b04d-4214-861f-11bb5e2d06e5,a97444fe-76a4-4f00-8cee-12f887386996,1 and 3 only
2019,84,b,f79f05e9-49e3-4aae-8847-cca8f41671e7,a97444fe-76a4-4f00-8cee-12f887386996,"2, 3 and 4 only"
2019,84,c,9e2fd846-ac78-4e01-bffd-b4d572ef8df5,a97444fe-76a4-4f00-8cee-12f887386996,2 and 4 only
2019,84,d,23a84f63-2231-4626-a45f-76f2a49b7131,a97444fe-76a4-4f00-8cee-12f887386996,"1, 2, 3 and 4"
2019,85,a,65024d7b-4b52-46de-9ae3-3da6fed0b872,6eebf8b1-f166-4982-87d0-c445efcc4b98,1 and 2 only
2019,85,b,0df497fa-8505-4ee4-a812-e8bb649b0c8c,6eebf8b1-f166-4982-87d0-c445efcc4b98,2 and 3 only
2019,85,c,70470d17-cea7-4925-bb09-7d7a9981dd62,6eebf8b1-f166-4982-87d0-c445efcc4b98,3 only
2019,85,d,a7f53ca2-5aef-454b-b72a-639311f84cbd,6eebf8b1-f166-4982-87d0-c445efcc4b98,"1, 2 and 3"
2019,86,a,2c6fc964-a445-4d25-9eee-36b07d7e4804,ae35c91c-46de-4d85-b4a5-a5313b124a3c,Article 19
2019,86,b,d0aaa0ce-6f5e-4672-81c4-13676c40bfac,ae35c91c-46de-4d85-b4a5-a5313b124a3c,Article 21
2019,86,c,71a9e4e9-c7c3-47e1-ae0a-42d553c28a32,ae35c91c-46de-4d85-b4a5-a5313b124a3c,Article 25
2019,86,d,81057d64-354b-454a-a7ec-6676e5d10e49,ae35c91c-46de-4d85-b4a5-a5313b124a3c,Article 29
2019,87,a,d757260f-2d0b-4fdb-837c-9d44d44ed264,f9bccc32-91bd-4a1c-b919-769f1b3e9d5c,1 and 3 only
2019,87,b,8ff53a58-040b-4d48-be9e-fad16b24895c,f9bccc32-91bd-4a1c-b919-769f1b3e9d5c,2 and 3 only
2019,87,c,ace7f1ec-73ad-4753-80f8-6e90483f704b,f9bccc32-91bd-4a1c-b919-769f1b3e9d5c,3 only
2019,87,d,aeb167d5-ae2c-4b61-923f-4f3f2d6f4b9e,f9bccc32-91bd-4a1c-b919-769f1b3e9d5c,"1, 2 and 3"
2019,88,a,f044bd69-03f2-4e6d-a900-1d2fa5b6df4e,abb331f7-4e80-491e-8d78-84113a0f0055,1 only
2019,88,b,29adc7e5-e22f-4a33-adeb-ee8ef408ab8f,abb331f7-4e80-491e-8d78-84113a0f0055,2 only
2019,88,c,2cf01b21-f6d1-4c88-9500-142436c5c13d,abb331f7-4e80-491e-8d78-84113a0f0055,Both 1 and 2
2019,88,d,496c7900-88e9-4cf1-8171-a5c745c9c34b,abb331f7-4e80-491e-8d78-84113a0f0055,Neither 1 nor 2
2019,89,a,18919ba3-6cd0-42a7-a329-457c599514fe,a6b4c7f5-fbf4-4a74-b36f-5a07c8cd7a76,Waste generator has to segregate waste into five categories.
2019,89,b,4de95cc4-f7a4-43ef-81a2-11409349e371,a6b4c7f5-fbf4-4a74-b36f-5a07c8cd7a76,"The Rules are applicable to riotified urban local bodies, notified towns and all industrial townships only."
2019,89,c,de8f978e-e1b5-43c5-9e40-20f4ad0d4e0d,a6b4c7f5-fbf4-4a74-b36f-5a07c8cd7a76,The Rules provide for exact and elaborate criteria for the identification of sites for landfills and waste processing facilities.
2019,89,d,729e07a6-6061-4e85-8864-ef24d98ae171,a6b4c7f5-fbf4-4a74-b36f-5a07c8cd7a76,It is mandatory on the part of waste generator that the waste generated in one district cannot be moved to another district.
2019,90,a,360e7870-8e7c-407f-85e2-ecb834dabe42,3d2019de-9260-4e21-983f-5c606d0a59ed,1 only
2019,90,b,6acdff96-8c9f-4a7b-8408-9d8ef74ebd57,3d2019de-9260-4e21-983f-5c606d0a59ed,2 only
2019,90,c,b665a545-8a95-4857-99df-742fa3cab48a,3d2019de-9260-4e21-983f-5c606d0a59ed,Both 1 and 2
2019,90,d,069d5ff1-fcec-46bf-a301-a8ff2cfeba1c,3d2019de-9260-4e21-983f-5c606d0a59ed,Neither 1 nor 2
2019,91,a,fb23a43d-4ba7-41ec-b34c-9c9364a56968,9533b571-4edf-4a8f-b6a6-2fd86214333d,1 only
2019,91,b,683c82c7-ca78-48d7-bf4d-659764891751,9533b571-4edf-4a8f-b6a6-2fd86214333d,2 and 3 only
2019,91,c,c0983e54-c309-4e95-8e44-f8b957e47610,9533b571-4edf-4a8f-b6a6-2fd86214333d,1 and 3 only
2019,91,d,1e2bec07-551e-435f-9f3a-316ce6b50546,9533b571-4edf-4a8f-b6a6-2fd86214333d,"1, 2 and 3"
2019,92,a,fd342189-18b4-4c58-ae46-0102137b3c56,09b7b2e9-551c-4c6d-a5a0-27c986f83c88,To lessen the Government of India’s perennial burden of fiscal deficit nd current account deficit
2019,92,b,d741a856-a4dd-41a3-8e00-69713dd097c8,09b7b2e9-551c-4c6d-a5a0-27c986f83c88,To support the infrastructure projects of Central and State Governments
2019,92,c,1be5c608-76a3-4289-b036-bf68ed5ab386,09b7b2e9-551c-4c6d-a5a0-27c986f83c88,To act as independent regulator in case of applications for loans of Rs. 50 crore or more
2019,92,d,aa36d8b8-4760-4d88-8ef5-76505ced0e43,09b7b2e9-551c-4c6d-a5a0-27c986f83c88,To aim at faster resolution of stressed assets of Rs. 50 crore or more which are-under consortium lending
2019,93,a,d13aecf9-d143-479c-ac13-06433927ccbb,27206c9a-5b0c-4078-9130-6a1887f38a32,Banks Board Bureau
2019,93,b,365e58b9-246e-48f2-af91-673e1112fe5a,27206c9a-5b0c-4078-9130-6a1887f38a32,Reserve Bank of India
2019,93,c,b41404a7-f0c1-4f78-ae55-5b3d9de0434e,27206c9a-5b0c-4078-9130-6a1887f38a32,Union Ministry of Finance
2019,93,d,c594a4ed-fb06-4af1-9e80-d4a868339082,27206c9a-5b0c-4078-9130-6a1887f38a32,Management of concerned bank
2019,94,a,dbad0a01-f1c8-47c3-b48d-60aef47759e6,81937d8f-84a3-4df2-8066-07d763f82042,1 and 2 only
2019,94,b,672f1612-db87-49bf-acf2-01e752d3b4db,81937d8f-84a3-4df2-8066-07d763f82042,2 and 3 only
2019,94,c,881a202f-6fc2-4f97-b71c-d51dcd84199a,81937d8f-84a3-4df2-8066-07d763f82042,1 and 3 only
2019,94,d,a706061a-d536-4685-9dff-ed3d11217d1d,81937d8f-84a3-4df2-8066-07d763f82042,"1, 2 and 3"
2019,95,a,0e9e38e5-ece7-437b-87e2-010fa365756a,27977d36-4be6-416e-a02e-96830b002f24,1 only
2019,95,b,28f1692a-1ddb-493d-b97a-38c8df782121,27977d36-4be6-416e-a02e-96830b002f24,2 only
2019,95,c,a7c21ae6-a76a-4b04-87d2-e5d1f4523b3b,27977d36-4be6-416e-a02e-96830b002f24,Both 1 and 2
2019,95,d,5297a6e3-308c-4f97-9161-f49fe6eae40c,27977d36-4be6-416e-a02e-96830b002f24,Neither 1 nor 2
2019,96,a,52f1e6e9-49cf-4e14-9f23-22db3b916b16,7c5ef310-2945-48a2-bf44-d1e3afa74920,1 and 2 only
2019,96,b,d4652c61-ae09-4d6f-af3b-38751832d94c,7c5ef310-2945-48a2-bf44-d1e3afa74920,2 only
2019,96,c,c1f35e6c-b349-45b1-9ff3-837793cf51b3,7c5ef310-2945-48a2-bf44-d1e3afa74920,3 only
2019,96,d,81f596a1-2293-4d61-b7bf-882d025b8c25,7c5ef310-2945-48a2-bf44-d1e3afa74920,"1, 2 and 3"
2019,97,a,9e5db9b4-35e9-4a05-994b-36627f1184c5,719d35a7-c884-4929-bae4-a11d9218ffd7,Maintenance of law and order
2019,97,b,e14e05e5-10ce-47c5-98fe-f7666eb7b2ce,719d35a7-c884-4929-bae4-a11d9218ffd7,Paying taxes
2019,97,c,e26f5c4b-a602-432d-8d10-7f3757aa8cef,719d35a7-c884-4929-bae4-a11d9218ffd7,Registering property
2019,97,d,dac5d6af-387b-40dd-bb0d-1a9e84fb6bea,719d35a7-c884-4929-bae4-a11d9218ffd7,Dealing with construction permits
2019,98,a,405a43d3-32b9-49dd-8ca2-f1abd97fc511,99329876-6645-4f37-85d7-4b34d119e7bb,"The Bio-medical Waste (Management and Handling) Rules, 1998"
2019,98,b,ad7a6c7d-8430-4b8d-a94f-e65e8ad22322,99329876-6645-4f37-85d7-4b34d119e7bb,"The Recycled plastic (Manufacturing and Usage) Rules, 1999"
2019,98,c,6f2d5dd5-2e1d-4d2c-b437-4ef799106594,99329876-6645-4f37-85d7-4b34d119e7bb,"The e-Waste (Management and Handling) Rules, 2011"
2019,98,d,a2e5c46b-f352-43eb-838a-2540e31bb8b2,99329876-6645-4f37-85d7-4b34d119e7bb,"The Food Safety and Standard Regulations, 2011"
2019,99,a,7ba6bff4-5cf1-44b1-ad66-5ef79749624f,4eb0b719-6d2f-4217-8f5c-47a874c21b87,transportation cost only
2019,99,b,f12440a4-1741-4983-98c8-61eb0e9ab810,4eb0b719-6d2f-4217-8f5c-47a874c21b87,interest cost only
2019,99,c,16f0bfad-5e3c-4b44-9344-b3a2aee10aa7,4eb0b719-6d2f-4217-8f5c-47a874c21b87,procurement incidentals and distribution cost
2019,99,d,e4f8ce5c-9230-4277-97ae-a16c99993fca,4eb0b719-6d2f-4217-8f5c-47a874c21b87,procurement incidentals and charges for go downs
2019,100,a,706fdb0e-55c7-448f-80d3-3fc88f876fa8,5eb7e288-5dc7-484a-9aa9-848b2ce04ef9,The proportion of literates in the population
2019,100,b,367dc74b-6e2c-44fa-90c9-e22f2d1ac9bc,5eb7e288-5dc7-484a-9aa9-848b2ce04ef9,"The stock of its buildings, other infrastructure and machines"
2019,100,c,bb27dd08-e479-4b87-855e-59091a303dbd,5eb7e288-5dc7-484a-9aa9-848b2ce04ef9,The size of population in the working age group
2019,100,d,f4703757-cf51-44a8-b206-be45c658c31d,5eb7e288-5dc7-484a-9aa9-848b2ce04ef9,The level of mutual trust and harmony in the society
2021,1,a,d388ac29-f62b-4d7d-8729-334238a50ece,e01df207-8166-4643-8ab8-ab950078ffb6,The Right to Equality
2021,1,b,b7328133-3b64-4103-96ee-e568387e7553,e01df207-8166-4643-8ab8-ab950078ffb6,The Directive Principles of State Policy
2021,1,c,714afe6c-50b6-498c-a1da-54822feda9c2,e01df207-8166-4643-8ab8-ab950078ffb6,The Right to Freedom
2021,1,d,f6ce0e68-1e0e-4186-9220-a6a5bb03158b,e01df207-8166-4643-8ab8-ab950078ffb6,The Concept of Welfare
2021,2,a,9c369479-dd6a-4531-9979-89d697a46868,b2f28300-b5ab-4db3-a3bf-2fb5c223717c,Legal right available to citizens only
2021,2,b,a7a8d19f-6371-4569-88e2-0b3393919527,b2f28300-b5ab-4db3-a3bf-2fb5c223717c,Legal right available to any person
2021,2,c,2cd6d6f9-4773-4a8b-ae6e-06905c95fbf9,b2f28300-b5ab-4db3-a3bf-2fb5c223717c,Fundamental Right available to citizens only
2021,2,d,0ee12a8c-362b-4046-9c27-538c9f450522,b2f28300-b5ab-4db3-a3bf-2fb5c223717c,Neither Fundamental Right nor legal right
2021,3,a,2478b2b0-14eb-46e8-aeec-1fa01800da3d,ecf80b5b-304d-4982-96fd-90cceb58fb7d,A Democratic Republic
2021,3,b,683e6281-7d1a-4004-97e3-0089fa877e35,ecf80b5b-304d-4982-96fd-90cceb58fb7d,A Sovereign Democratic Republic
2021,3,c,056ecb72-0501-459f-ba65-0f3135dcd48c,ecf80b5b-304d-4982-96fd-90cceb58fb7d,A Sovereign Secular Democratic Republic
2021,3,d,dc680c56-48d4-45a3-ac28-0b4e9e7a7ec9,ecf80b5b-304d-4982-96fd-90cceb58fb7d,A Sovereign Socialist Secular Democratic Republic
2021,4,a,84cd77c3-35fd-4560-a091-433169845803,c19239a5-3d58-4363-a694-ca3bfb8d6175,a representative government of a nation with federal structure
2021,4,b,05f4e7b9-9294-4519-8a92-a4aebd7d8399,c19239a5-3d58-4363-a694-ca3bfb8d6175,a government whose Head enjoys nominal powers
2021,4,c,8a19d92f-3a12-48d3-97fb-3fe7f0e804a8,c19239a5-3d58-4363-a694-ca3bfb8d6175,a government whose Head enjoys real powers
2021,4,d,0c41e474-fb2a-4357-8e75-d5e14d96e0bb,c19239a5-3d58-4363-a694-ca3bfb8d6175,a government limited by the terms of the constitution
2021,5,a,3b2138fd-0f87-4a36-81be-2c153778cd90,fe3234fe-f081-4158-828c-bb86330b47f7,dance forms of Northwest India
2021,5,b,58912a35-100a-40c2-8119-70dc6dcbdc91,fe3234fe-f081-4158-828c-bb86330b47f7,musicial instruments
2021,5,c,84c9267e-a205-433c-ba26-9623fbe5ae3f,fe3234fe-f081-4158-828c-bb86330b47f7,pre-historic cave paintings
2021,5,d,c6d1e180-39e4-4a21-95e0-6101654961e5,fe3234fe-f081-4158-828c-bb86330b47f7,tribal languages
2021,6,a,ba8edeea-c180-4404-bdc0-2d26a3be7e62,e7f595ab-25d8-452f-aebf-6a8fdf630511,1 and 2 Only
2021,6,b,39237bbd-2045-4795-a25d-8a420f228adf,e7f595ab-25d8-452f-aebf-6a8fdf630511,2 and 3 Only
2021,6,c,ae08c18e-17db-4a25-8db1-8878ee10f3f2,e7f595ab-25d8-452f-aebf-6a8fdf630511,1 and 3 Only
2021,6,d,defa6ba1-1a54-4214-9c4b-68cce1de4b2e,e7f595ab-25d8-452f-aebf-6a8fdf630511,"1, 2 and 3"
2021,7,a,bf077b3e-5e21-49fe-81ab-8e4ee8ddbce0,b2bbe1ec-dd3a-45f6-ab2e-75e7f3c92f9d,Both Statement 1 and Statement 2 are correct and Statement 2 is the correct explanation of Statement 1
2021,7,b,a08f9903-d328-469e-ab29-d7c2ec104edf,b2bbe1ec-dd3a-45f6-ab2e-75e7f3c92f9d,Both Statement 1 and Statement 2 are correct and Statement 2 is not the correct explanation of Statement 1
2021,7,c,4464a810-e591-4e7b-8a6a-ae67e20448bf,b2bbe1ec-dd3a-45f6-ab2e-75e7f3c92f9d,Statement 1 is correct but Statement 2 is not correct
2021,7,d,7aff47f4-da3e-44d5-8878-f470e051d7c9,b2bbe1ec-dd3a-45f6-ab2e-75e7f3c92f9d,Statement 1 is not correct but Statement 2 is correct
2021,8,a,d5d5e4f5-7a48-42b2-a69e-16092f835cbc,33a70248-e307-480e-baf0-a2ced6050487,1 and 2 Only
2021,8,b,c43c3203-2c4a-49d9-9481-436cd6032cc8,33a70248-e307-480e-baf0-a2ced6050487,2 and 3 Only
2021,8,c,836e860c-8d94-4e80-8f36-44a5b4f77e65,33a70248-e307-480e-baf0-a2ced6050487,1 and 3 Only
2021,8,d,aa97c998-408e-42aa-9e34-85a0f7220979,33a70248-e307-480e-baf0-a2ced6050487,"1, 2 and 3"
2021,9,a,763382c1-c8a2-4309-9732-1d1fa0390b74,85b18d4f-66ad-498b-acbe-0be12b9cffd9,1 Only
2021,9,b,20f47b23-4a00-41bb-9e41-0b53fbb1198c,85b18d4f-66ad-498b-acbe-0be12b9cffd9,2 Only
2021,9,c,a2694cfb-6ce2-4ba9-aad1-d848bdcd39de,85b18d4f-66ad-498b-acbe-0be12b9cffd9,Both 1 and 2
2021,9,d,e68f6630-dee4-496a-baf6-81d31f9d71ee,85b18d4f-66ad-498b-acbe-0be12b9cffd9,Neither 1 nor 2
2021,10,a,3565a1dc-987b-4d34-b02b-c9e1d473f12c,7638b488-c9e4-4e47-a174-8ef6fa2beb4a,1 Only
2021,10,b,8771b6bf-549d-4a22-a2da-9e2304a508dc,7638b488-c9e4-4e47-a174-8ef6fa2beb4a,2 Only
2021,10,c,cf7fd081-5e56-4e43-b51a-dd7cd2f9412e,7638b488-c9e4-4e47-a174-8ef6fa2beb4a,Both 1 and 2
2021,10,d,3b216257-37a8-472b-bf4a-e7540a715639,7638b488-c9e4-4e47-a174-8ef6fa2beb4a,Neither 1 nor 2
2021,11,a,49551496-6917-4295-a9c8-32eb79389bc5,3f05109e-e6fc-45ac-a546-d32e5ece58ae,1 only
2021,11,b,59d60e07-2e3d-435f-b32b-590c704d16e3,3f05109e-e6fc-45ac-a546-d32e5ece58ae,3 only
2021,11,c,83e89520-4500-4808-9709-2d093d34a656,3f05109e-e6fc-45ac-a546-d32e5ece58ae,1 and 2
2021,11,d,c915c33e-5210-45bd-b8d5-5f50d30591b6,3f05109e-e6fc-45ac-a546-d32e5ece58ae,2 and 3
2021,12,a,4dfe68cd-c281-4d2b-89f8-142fd6f1cc26,71f6446b-c954-4a68-a7f9-3497c9bf32b6,1 Only
2021,12,b,7f19bae6-77b0-499a-8925-b3c4748d5866,71f6446b-c954-4a68-a7f9-3497c9bf32b6,2 Only
2021,12,c,8715ddec-c9e6-4c3a-9b71-ce7b055839ef,71f6446b-c954-4a68-a7f9-3497c9bf32b6,Both 1 and 2
2021,12,d,c4020fe1-87fa-4524-8711-1d21fdd5ead0,71f6446b-c954-4a68-a7f9-3497c9bf32b6,Neither 1 nor 2
2021,13,a,9899c02a-e96e-4f73-9331-81b7c2d60af6,99c6e664-bfdb-42fc-a6f0-99130b7855d9,1 Only
2021,13,b,427163e0-b775-469c-801f-60fe75d8357d,99c6e664-bfdb-42fc-a6f0-99130b7855d9,2 Only
2021,13,c,8bd4b111-6acc-455e-baa4-d7efcd3cd430,99c6e664-bfdb-42fc-a6f0-99130b7855d9,Both 1 and 2
2021,13,d,35ce130e-ef13-4cc0-b9f2-0a8d21def87d,99c6e664-bfdb-42fc-a6f0-99130b7855d9,Neither 1 nor 2
2021,14,a,77087ee7-b8c2-4a03-986a-ed9bc0ac94aa,dd2f416c-bebf-4476-b6a4-f419841cc6e6,"Ministry of Environment, Forest and Climate Change"
2021,14,b,d5e18d98-79c6-45e1-a48a-7a14691921da,dd2f416c-bebf-4476-b6a4-f419841cc6e6,Ministry of Panchayati Raj
2021,14,c,6af0c978-2c30-41f1-9b3b-b82914c89a9b,dd2f416c-bebf-4476-b6a4-f419841cc6e6,Ministry of Rural Development
2021,14,d,bf665890-14e8-43ec-a005-560d2b52f948,dd2f416c-bebf-4476-b6a4-f419841cc6e6,Ministry of Tribal Affairs
2021,15,a,04457925-093c-4d63-832d-508cc4a832cf,9d8c4741-543a-4498-8467-bcb2949959ca,Article 14
2021,15,b,c8407c3a-1da2-41ab-86b8-5556ec8968a1,9d8c4741-543a-4498-8467-bcb2949959ca,Article 28
2021,15,c,5a623487-1ab0-4402-88a1-6dc413f27ceb,9d8c4741-543a-4498-8467-bcb2949959ca,Article 32
2021,15,d,d613f42c-05f6-4db5-9d1d-d6f5e2d51d7b,9d8c4741-543a-4498-8467-bcb2949959ca,Article 44
2021,16,a,2ce21692-950a-4ce4-b87f-46391c41db2b,fde83f62-2144-41e8-82d7-77e29c8e5a45,The independence of judiciary is safeguarded.
2021,16,b,5fad1d0b-e94d-44f3-8aed-f45864f4fa46,fde83f62-2144-41e8-82d7-77e29c8e5a45,The Union Legislature has elected representatives from constituent units.
2021,16,c,91df0e18-4867-47a6-a197-5faed599137b,fde83f62-2144-41e8-82d7-77e29c8e5a45,The Union Cabinet can have elected representatives from regional parties.
2021,16,d,6c2fd64c-6f88-4dd2-8bab-637e9324ff78,fde83f62-2144-41e8-82d7-77e29c8e5a45,The Fundamental Rights are enforceable by Courts of Law.
2021,17,a,216e80e4-5113-49ed-9cf8-25bf0db9701f,798c7bfd-53eb-4cc2-8b08-0b5035ed08e5,A community of persons permanently occupying a definite territory independent of external control and possessing an organized government.
2021,17,b,a7b20c4f-3589-4234-afee-89c5ad735b17,798c7bfd-53eb-4cc2-8b08-0b5035ed08e5,"A politically organized people of a definite territory and possessing an authority to govern them, maintain law and order, protect their natural rights and safeguard their means of sustenance"
2021,17,c,756127c0-781c-4d36-9946-fb73bfc72332,798c7bfd-53eb-4cc2-8b08-0b5035ed08e5,"A number of persons who have been living in a definite territory for a very long time with their own culture, tradition, and government"
2021,17,d,a0473e2f-8bb6-48c5-8da2-a0f0eeebb83a,798c7bfd-53eb-4cc2-8b08-0b5035ed08e5,"A society permanently living in a definite territory with a central authority, an executive responsible to the central authority, and an independent judiciary."
2021,18,a,f43892c5-0d8b-4d08-83da-593815a349d2,17e6832e-7578-4134-8708-4957693ef6cf,1 Only
2021,18,b,29b2eaf1-c855-439b-a943-43d974e60898,17e6832e-7578-4134-8708-4957693ef6cf,2 Only
2021,18,c,a7ac202b-ae2e-42ab-b477-0ff3245528a0,17e6832e-7578-4134-8708-4957693ef6cf,Both 1 and 2
2021,18,d,3032c778-8555-44eb-87c8-92b92ddb2d69,17e6832e-7578-4134-8708-4957693ef6cf,Neither 1 nor 2
2021,19,a,1d6895ff-ec2c-4cfe-b264-20c931590f1a,98299226-e733-4408-a912-198caf97a32d,1 Only
2021,19,b,ebbd2bee-e0ad-472f-83f4-a3794b76eec4,98299226-e733-4408-a912-198caf97a32d,2 Only
2021,19,c,d67a7736-75ca-4ba5-90a3-b1d04add84e7,98299226-e733-4408-a912-198caf97a32d,1 and 3
2021,19,d,225f198d-c576-4283-bb6e-186d08fcd593,98299226-e733-4408-a912-198caf97a32d,2 and 3
2021,20,a,b360f3da-956d-4ac5-9ece-7f89e52c2f46,04058e57-203b-4a86-a60f-37e577e4770d,A committed judiciary
2021,20,b,a00e9061-95dc-4eca-9dee-1bc9b2f1b4f3,04058e57-203b-4a86-a60f-37e577e4770d,Centralization of powers
2021,20,c,ad3f4b21-c72b-4694-8ea4-436e8b9f1d76,04058e57-203b-4a86-a60f-37e577e4770d,Elected government
2021,20,d,19133d7d-db1b-4c67-ae87-5a37afa99da3,04058e57-203b-4a86-a60f-37e577e4770d,Separation of powers
2021,21,a,f8beb4f6-dad1-4c6c-8de3-13bda3005d29,16d99c98-98d7-4644-88a3-754cd1e5f6d0,it is dipolar in nature
2021,21,b,df24308c-13ff-49ef-8291-18ece356c74d,16d99c98-98d7-4644-88a3-754cd1e5f6d0,it is a good conductor of heat
2021,21,c,ad78f516-e068-42a9-b588-f6a9fb951b2f,16d99c98-98d7-4644-88a3-754cd1e5f6d0,it has high value of specific heat
2021,21,d,da62aa1c-d668-4032-8a18-0203833aff44,16d99c98-98d7-4644-88a3-754cd1e5f6d0,it is an oxide of hydrogen
2021,22,a,61f2906c-f4e7-4d17-9271-1ea63b354781,6f66291b-a492-4ff3-891e-c679e0461335,3 only
2021,22,b,834b81ea-8c71-43fa-8ec3-436b73e34f47,6f66291b-a492-4ff3-891e-c679e0461335,2 only
2021,22,c,11cca9c9-723f-49ce-89cf-a4e39a17479d,6f66291b-a492-4ff3-891e-c679e0461335,1 and 3
2021,22,d,43a4cffa-70ab-4733-bfe5-eec0e63438c8,6f66291b-a492-4ff3-891e-c679e0461335,"1, 2 and 3"
2021,23,a,953e6e3f-612d-4533-8fd4-87de5c7b40b4,7571e296-3687-4faf-b517-ffbca7435e45,genes introduced in the genetically modified plants
2021,23,b,75798dd4-7ca5-4804-af33-0fc8121d35e0,7571e296-3687-4faf-b517-ffbca7435e45,development of India’s own satellite navigation system
2021,23,c,3c0444ec-914f-412e-8cc0-f0f48150a272,7571e296-3687-4faf-b517-ffbca7435e45,radio collar for wildlife tracking
2021,23,d,7d2299fa-fd71-4039-8566-30967b954b0f,7571e296-3687-4faf-b517-ffbca7435e45,spread of viral diseases
2021,24,a,59d1cef7-366d-458c-bb48-b17e678b16b3,a7a6cd99-fbf1-4d1c-9aed-e0b5ff5c8719,Low density polyethylene
2021,24,b,01cf02e4-86f0-410c-96c7-a6635fb8be8d,a7a6cd99-fbf1-4d1c-9aed-e0b5ff5c8719,Polycarbonate
2021,24,c,7329a1ca-0f6a-4358-9ad0-30be1308cba0,a7a6cd99-fbf1-4d1c-9aed-e0b5ff5c8719,Polyethylene terephthalate
2021,24,d,3f6e9624-dd67-401e-9bb2-7c59ba3cadcb,a7a6cd99-fbf1-4d1c-9aed-e0b5ff5c8719,Polyvinyl chloride
2021,25,a,2e46d8a5-1ff8-468f-89c9-e9d87083b91f,60782e7a-aa25-4c94-9101-be2a0de892d6,Food preservatives
2021,25,b,03f68f8d-4814-4e89-b269-bff33ae71437,60782e7a-aa25-4c94-9101-be2a0de892d6,Fruit-ripening substances
2021,25,c,ef88e5fc-b8f7-4206-971b-299071451120,60782e7a-aa25-4c94-9101-be2a0de892d6,Reused plastic containers
2021,25,d,1d1764f7-97d0-427a-a6f8-3ed209f07e43,60782e7a-aa25-4c94-9101-be2a0de892d6,Toiletries
2021,26,a,aee1e54c-d5da-4193-a7a5-876976e19dca,9d51e471-a09a-494e-a82d-8300949df061,Distances among stellar bodies do not change.
2021,26,b,685ca680-a18a-42b0-8f8d-c680a04ea95c,9d51e471-a09a-494e-a82d-8300949df061,Gravity of stellar bodies does not change.
2021,26,c,a4ba4cdc-7d69-49be-bbac-6c237e0fed73,9d51e471-a09a-494e-a82d-8300949df061,Light always travels in a straight line.
2021,26,d,f9aa0f2b-b5bd-4428-b14d-b54a82ef2089,9d51e471-a09a-494e-a82d-8300949df061,Speed of light is always same.
2021,27,a,b0b80c31-ca14-4c61-90a0-b7dd44dbbc44,d38b7751-fced-4555-bb9b-0cef6c3ffd87,1 Only
2021,27,b,0155d0b2-2ae2-448c-bab5-746338d73922,d38b7751-fced-4555-bb9b-0cef6c3ffd87,2 Only
2021,27,c,d2287634-39b3-457a-83b8-be17c8971c0d,d38b7751-fced-4555-bb9b-0cef6c3ffd87,Both 1 and 2
2021,27,d,2afe31d8-12fc-4937-ab67-075b4fdaf394,d38b7751-fced-4555-bb9b-0cef6c3ffd87,Neither 1 nor 2
2021,28,a,87e6d270-256d-424e-a6c8-cd36387a491f,c4c4397f-5c02-48d8-89ff-e095760532fb,1 Only
2021,28,b,c6cf494c-301b-4a9c-85b9-956fceb31532,c4c4397f-5c02-48d8-89ff-e095760532fb,2 Only
2021,28,c,ef39e460-a137-4ce7-ad59-aa2c32c4c313,c4c4397f-5c02-48d8-89ff-e095760532fb,Both 1 and 2
2021,28,d,ef360c36-2d66-47a0-9d13-fa4fd1fbea71,c4c4397f-5c02-48d8-89ff-e095760532fb,Neither 1 nor 2
2021,29,a,609bc0cb-77f0-4fba-8730-d2ba1bb223c6,27095470-2113-4ca4-9663-faa807eae648,Article 15
2021,29,b,121fa069-0679-496e-b933-a01c4355d0a6,27095470-2113-4ca4-9663-faa807eae648,Article 19
2021,29,c,28882740-dfc2-4bff-9bc4-8dfcb9c1a654,27095470-2113-4ca4-9663-faa807eae648,Article 21
2021,29,d,170e9c6a-a9e8-4f45-a9e0-ae0ef9e57375,27095470-2113-4ca4-9663-faa807eae648,Article 29
2021,30,a,8c1a9dd0-3ad5-4636-81db-cd113f4bac02,557f3882-b268-4413-ba53-f771267d6223,1 Only
2021,30,b,a5f93413-3094-43e3-950e-8f9db637d480,557f3882-b268-4413-ba53-f771267d6223,2 Only
2021,30,c,10cb3a6f-ee53-4d0e-878d-0222881be64d,557f3882-b268-4413-ba53-f771267d6223,1 and 3
2021,30,d,fd09dddb-4c93-43c2-aecb-70f890c8394a,557f3882-b268-4413-ba53-f771267d6223,2 and 3
2021,31,a,cd9890e0-96ac-43e8-be6b-d80cc2e95f53,3b71e3ac-c264-4d80-bca3-97c20dca09fd,1 and 2
2021,31,b,6357acdf-52e3-4dea-bca3-59b3a8778151,3b71e3ac-c264-4d80-bca3-97c20dca09fd,4 and 5
2021,31,c,695f956a-c2d7-4766-a068-f061d74a1108,3b71e3ac-c264-4d80-bca3-97c20dca09fd,"2, 3 and 4"
2021,31,d,d939de74-685d-4044-9d30-2e8c6b82e0b8,3b71e3ac-c264-4d80-bca3-97c20dca09fd,"1, 3 and 5"
2021,32,a,946eb8b5-1d14-47c0-90a1-9123e62dba8d,a111c782-ecbc-4381-8bd0-dc4be3c7a6b6,1 Only
2021,32,b,a8c85208-e855-48ef-a2d1-478e8fb95035,a111c782-ecbc-4381-8bd0-dc4be3c7a6b6,2 Only
2021,32,c,fa9dc2ff-e88c-46ea-b2c8-bbd5a9a5e376,a111c782-ecbc-4381-8bd0-dc4be3c7a6b6,Both 1 and 2
2021,32,d,2cc04ee5-6917-4d8c-8443-6adbf9e79818,a111c782-ecbc-4381-8bd0-dc4be3c7a6b6,Neither 1 nor 2
2021,33,a,31753b0f-ea11-4930-8070-1d2d3754def7,215b1059-3c99-4132-9aa8-900121fc5c8a,"1, 2, 4 and 5"
2021,33,b,4097943a-7f89-453b-af95-e3a7b06be7e9,215b1059-3c99-4132-9aa8-900121fc5c8a,"3, 4 and 5"
2021,33,c,298290ae-54de-4d82-89cb-ac4ecf98f36d,215b1059-3c99-4132-9aa8-900121fc5c8a,"1, 3 and 4"
2021,33,d,a6875509-b1e2-4e6e-8480-3eb5a50dabf6,215b1059-3c99-4132-9aa8-900121fc5c8a,"1, 2, 3 and 5"
2021,34,a,881358b4-3f5d-4b89-a084-cd7c72bc57f8,91b83b78-791e-47cb-8a5b-e583376d9f90,brown forest soil
2021,34,b,6ef8e71e-df90-4180-b912-820fa7341b7d,91b83b78-791e-47cb-8a5b-e583376d9f90,fissure volcanic rock
2021,34,c,1deaa2de-7cb7-47e3-9b17-ca279d8c4683,91b83b78-791e-47cb-8a5b-e583376d9f90,granite and schist
2021,34,d,7235a376-42bb-487b-9c86-1a2b53a1ffc2,91b83b78-791e-47cb-8a5b-e583376d9f90,shale and limestone
2021,35,a,b07ed235-fb10-42cc-9cd7-dcc9c9de3bf8,48ab8006-5708-4b2b-ba91-8ced2206ad4a,1 Only
2021,35,b,2c9bdd34-ca57-4fcd-9752-eeee00910802,48ab8006-5708-4b2b-ba91-8ced2206ad4a,2 Only
2021,35,c,36ccd85e-81a8-4b49-a5bd-8424fb90cb19,48ab8006-5708-4b2b-ba91-8ced2206ad4a,Both 1 and 2
2021,35,d,7b6cf399-0cb6-4456-a2d3-f500d78c80f8,48ab8006-5708-4b2b-ba91-8ced2206ad4a,Neither 1 nor 2
2021,36,a,e850ed09-71f8-4f3b-b3c2-aefdb4b02641,acd2f4a0-8f32-4b07-bd08-a2900d5472d3,1 only
2021,36,b,920eeebd-7bdd-4d72-9a82-0a7637d5d484,acd2f4a0-8f32-4b07-bd08-a2900d5472d3,2 only
2021,36,c,de8c95d7-0edb-4f20-9bbd-8e01f1fa4465,acd2f4a0-8f32-4b07-bd08-a2900d5472d3,Both 1 and 2
2021,36,d,8f6f2f28-5fb3-43ca-9ea5-3c8758a1290b,acd2f4a0-8f32-4b07-bd08-a2900d5472d3,Neither 1 nor 2
2021,37,a,2b9bd70e-3d4e-4463-97b4-5d547fcfc5ce,1550a7a8-49a5-4704-b7f9-7692d65d512d,clonal propagation of crop plants
2021,37,b,9ba262c1-2854-4856-842b-d751404e5cde,1550a7a8-49a5-4704-b7f9-7692d65d512d,developing genetically modified crop plants
2021,37,c,3b93e900-51d4-4935-92eb-90b431e12d5b,1550a7a8-49a5-4704-b7f9-7692d65d512d,production of plant growth substances
2021,37,d,061f8937-f395-4a3c-979f-75b6abda4077,1550a7a8-49a5-4704-b7f9-7692d65d512d,production of biofertilizers
2021,38,a,79cef205-6b9e-4566-8e39-c8957c5aabe0,e99b09ac-5da0-4848-883b-b6f4e1efc489,1 and 2 Only
2021,38,b,9404b4ae-b9ac-4955-9857-a3afc420f41f,e99b09ac-5da0-4848-883b-b6f4e1efc489,2 and 3 Only
2021,38,c,4ab68024-a6ef-45b7-93d8-263e4be11f18,e99b09ac-5da0-4848-883b-b6f4e1efc489,1 and 3 Only
2021,38,d,a59f033a-6afd-4026-a40d-703b2f8605a4,e99b09ac-5da0-4848-883b-b6f4e1efc489,"1, 2 and 3"
2021,39,a,5fc57dc4-d46f-40e7-9294-0208724e9a52,f6c3b667-c801-4004-98ac-9964ecd1c421,1 and 2 Only
2021,39,b,0772b317-01b3-4c5f-835d-cecde389508a,f6c3b667-c801-4004-98ac-9964ecd1c421,2 and 3 Only
2021,39,c,9c60448a-ce79-4ed2-93b0-748e3b2e5e47,f6c3b667-c801-4004-98ac-9964ecd1c421,1 and 3 Only
2021,39,d,8efefdfa-bfb4-4264-b636-f99b177de3f0,f6c3b667-c801-4004-98ac-9964ecd1c421,"1, 2 and 3"
2021,40,a,a1fb7b20-538d-46b5-bd83-74ae7cefb054,de86aa6b-07d7-4f30-8f27-f6def0d6dea2,1 Only
2021,40,b,38e80614-a788-48fa-a052-48acc6524986,de86aa6b-07d7-4f30-8f27-f6def0d6dea2,2 Only
2021,40,c,05344a04-b6f3-43d5-8786-32eca4bb09a0,de86aa6b-07d7-4f30-8f27-f6def0d6dea2,Both 1 and 2
2021,40,d,e7b6fe29-7c74-4ac5-aed4-c1ea4e48df6f,de86aa6b-07d7-4f30-8f27-f6def0d6dea2,Neither 1 nor 2
2021,41,a,0068241b-f29d-4dc5-9557-fce8930d518b,542c7c94-881d-480f-b901-762c255b425c,1 and 3
2021,41,b,3c11bf69-c53e-4a46-ac8e-f4ea7ea8dcf3,542c7c94-881d-480f-b901-762c255b425c,"1, 2 and 4"
2021,41,c,35873637-ae83-49d1-b939-186f2a1b93aa,542c7c94-881d-480f-b901-762c255b425c,4 Only
2021,41,d,3432be4c-0492-4e81-b272-763e2dee0b02,542c7c94-881d-480f-b901-762c255b425c,2 and 3
2021,42,a,e8a39f7d-896e-408a-b686-9a1a25aa9f9c,98e402ce-05d8-4255-bb0c-e35ac597ee17,1 and 2 Only
2021,42,b,62824eba-7d96-49d8-8350-b0840f4bc0d4,98e402ce-05d8-4255-bb0c-e35ac597ee17,2 and 3 Only
2021,42,c,3c18a805-bfba-4cc9-afc6-fa593511b370,98e402ce-05d8-4255-bb0c-e35ac597ee17,1 and 3 Only
2021,42,d,7c9b5295-8d38-4d89-b4ee-e7f4efbf90ea,98e402ce-05d8-4255-bb0c-e35ac597ee17,"1, 2 and 3"
2021,43,a,21e92089-0683-45e9-9947-f5a6119102ca,ad5ecdbc-a889-4e95-be01-9b61cf3cdeec,Chenab
2021,43,b,8a59dd2a-00d3-4898-8b06-dcabfe859cc0,ad5ecdbc-a889-4e95-be01-9b61cf3cdeec,Jhelum
2021,43,c,c907af4e-c670-4f12-af10-d030910790b6,ad5ecdbc-a889-4e95-be01-9b61cf3cdeec,Ravi
2021,43,d,653af324-2fd4-432a-b10f-0cd1f9a1d1e7,ad5ecdbc-a889-4e95-be01-9b61cf3cdeec,Sutlej
2021,44,a,b854cc99-4316-4c0c-99ca-5780fa4b781c,511a8c38-982a-4e79-b914-e5cf3fc5eb02,glaciers
2021,44,b,87f13bb6-a452-4e58-87c0-f64f839b6fe7,511a8c38-982a-4e79-b914-e5cf3fc5eb02,mangrove areas
2021,44,c,c3001a6b-ce78-44ae-b0d8-16b09ba95975,511a8c38-982a-4e79-b914-e5cf3fc5eb02,Ramsar sites
2021,44,d,4c86d4f9-27e2-47d7-8154-5fbc2cacd200,511a8c38-982a-4e79-b914-e5cf3fc5eb02,saline lakes
2021,45,a,28bbc391-edc4-499d-b5d1-544041a33171,4554dd26-1b9a-4cb8-94d4-d365a9a0492c,1 and 2
2021,45,b,8978ecab-d3eb-4aae-80ae-1c612e483747,4554dd26-1b9a-4cb8-94d4-d365a9a0492c,2 and 4
2021,45,c,c744c6d6-1ec4-4c76-83a9-759e48c35c79,4554dd26-1b9a-4cb8-94d4-d365a9a0492c,3 and 4
2021,45,d,bb8d948e-e5ea-4553-aeb6-2d65085b88a5,4554dd26-1b9a-4cb8-94d4-d365a9a0492c,1 and 3
2021,46,a,14087fb3-1fe2-4d3f-9bae-20bed4d36f55,fe3c2c72-f538-4370-9cc7-183646aa4607,1 and 2 Only
2021,46,b,03204872-7415-4ca5-862d-d0a04917ccd4,fe3c2c72-f538-4370-9cc7-183646aa4607,2 and 3 Only
2021,46,c,9330e40c-6394-4eff-976c-625e123692ea,fe3c2c72-f538-4370-9cc7-183646aa4607,1 and 3 Only
2021,46,d,ac07e250-8be5-4dc1-a088-8eb33e4e413a,fe3c2c72-f538-4370-9cc7-183646aa4607,"1, 2 and 3"
2021,47,a,4030c576-a9c6-435c-9fce-438e867d7056,4da3149a-f07a-4cdb-b50c-68eb8c2a1eaa,Sugarcance
2021,47,b,f7ecd188-aeb4-4081-8cb6-e918e2e0ce35,4da3149a-f07a-4cdb-b50c-68eb8c2a1eaa,Sunflower
2021,47,c,7d609fd8-caa7-4336-974e-90c428791003,4da3149a-f07a-4cdb-b50c-68eb8c2a1eaa,Pearl Millet
2021,47,d,7d1088ba-5d30-46ef-8c93-b9fd4ab2966d,4da3149a-f07a-4cdb-b50c-68eb8c2a1eaa,Red gram
2021,48,a,65699f4a-0448-4115-aa58-4bf019bf36da,cd9b8cc7-146e-4ed4-a8f5-fe100c802ac7,1 Only
2021,48,b,9c662392-52b1-48eb-9ba2-946a243bbda0,cd9b8cc7-146e-4ed4-a8f5-fe100c802ac7,2 Only
2021,48,c,e981fdca-522d-41db-9705-6015949d539e,cd9b8cc7-146e-4ed4-a8f5-fe100c802ac7,Both 1 and 2
2021,48,d,55356e20-872e-4350-8385-c27f42af9516,cd9b8cc7-146e-4ed4-a8f5-fe100c802ac7,Neither 1 nor 2
2021,49,a,ef65954e-86fa-47ee-a9c9-80cb59968e18,00cd03f2-2d44-483a-9e05-7ecabfc273db,1 and 2 Only
2021,49,b,a295ec0e-3fd1-46e9-87f5-3ce88f9d7d47,00cd03f2-2d44-483a-9e05-7ecabfc273db,2 and 3 Only
2021,49,c,f98ebc53-95c5-46ba-9a08-a6aeb853f986,00cd03f2-2d44-483a-9e05-7ecabfc273db,1 and 3 Only
2021,49,d,3ef58b63-3cfe-41e6-a375-f4b95344651f,00cd03f2-2d44-483a-9e05-7ecabfc273db,"1, 2 and 3"
2021,50,a,8e034d57-4d80-4ac9-afc3-6954f82fa4b3,6baec086-e5d4-4653-a882-10c5eff94228,coniferous forest
2021,50,b,dec9ab11-e781-4e36-9cd6-a06128a07450,6baec086-e5d4-4653-a882-10c5eff94228,dry deciduous forest
2021,50,c,073c88c2-8f13-4e0f-9aa7-fc988ccbdbf5,6baec086-e5d4-4653-a882-10c5eff94228,mangrove forest
2021,50,d,df9809fd-2471-456f-8bb1-f1a7a7133e2c,6baec086-e5d4-4653-a882-10c5eff94228,tropical rain forest
2021,51,a,999497b6-445b-4516-9a27-b6eb9e8a64d4,8a253894-3285-4d1b-959e-9aa9bc458d31,Jain monks
2021,51,b,dd3e94c0-9481-4394-a2c8-40ef3b9476b9,8a253894-3285-4d1b-959e-9aa9bc458d31,playwrights
2021,51,c,8ea9d9b9-8992-4802-92f0-ea5a7e9bc738,8a253894-3285-4d1b-959e-9aa9bc458d31,temple architects
2021,51,d,905f0481-373d-4b7a-8edd-8593c43757ba,8a253894-3285-4d1b-959e-9aa9bc458d31,philosophers
2021,52,a,a32f7020-9770-4b9c-bdf4-228b127f65d1,7b79598c-f86b-40e4-8a42-36dbbbfc5a91,1 only
2021,52,b,098662d4-b78c-4a24-87bd-5332d856b2d9,7b79598c-f86b-40e4-8a42-36dbbbfc5a91,2 only
2021,52,c,2241c473-d0f5-4839-b180-b1fd2575d5bd,7b79598c-f86b-40e4-8a42-36dbbbfc5a91,both 1 and 2
2021,52,d,2dbfd67a-2611-4351-897b-8262772fa0de,7b79598c-f86b-40e4-8a42-36dbbbfc5a91,Neither 1 nor 2
2021,53,a,38a1fc31-9f9f-4763-a6f1-dc956a3967ca,e1cace73-0eb2-4638-afc2-bc7297ebd4cc,The Quit India Resolution was adopted by the AICC.
2021,53,b,05d02e3d-1316-4ec3-8b94-1120f1ff7dd4,e1cace73-0eb2-4638-afc2-bc7297ebd4cc,The Viceroy’s Executive council was expanded to include more Indians.
2021,53,c,485e745f-feac-4b5d-88fb-236b4c3603d0,e1cace73-0eb2-4638-afc2-bc7297ebd4cc,The Congress ministries resigned in seven provinces.
2021,53,d,4ac3fedf-b308-4e47-95dd-79cec5338153,e1cace73-0eb2-4638-afc2-bc7297ebd4cc,Cripps proposed an Indian Union with full Dominion Status once the Second World War was over.
2021,54,a,196e4271-8014-4c4d-8a13-96709cf38260,e03e5a67-3647-444f-985f-3426d8855f30,Bal Gangadhar Tilak
2021,54,b,bf46a402-695d-4335-b4b0-2d40ef34d022,e03e5a67-3647-444f-985f-3426d8855f30,Jawaharlal Nehru
2021,54,c,fed0abcf-19ef-474b-8874-5b4a40433c22,e03e5a67-3647-444f-985f-3426d8855f30,Mohandas Karamchand Gandhi
2021,54,d,49f7f6e1-12b1-4946-85f2-3cf9b01e34eb,e03e5a67-3647-444f-985f-3426d8855f30,Sarojini Naidu
2021,55,a,15201cf1-38a5-4ff3-ab6e-d12b4ef39f03,afa6b275-db04-4ac5-ad29-85815824f4d8,Paragana- Sarkar- Suba
2021,55,b,38dec637-ad25-4430-a5e8-26c2394c9e59,afa6b275-db04-4ac5-ad29-85815824f4d8,Sarkar-Paragana-Suba
2021,55,c,ef45d7fb-ffb2-4414-b342-14a7b21a5555,afa6b275-db04-4ac5-ad29-85815824f4d8,Suba-Sarkar-Paragana
2021,55,d,e239f58f-9b98-48c0-8e50-ae484d10b809,afa6b275-db04-4ac5-ad29-85815824f4d8,Paragana-Suba-Sarkar
2021,56,a,b23546fc-835c-4b26-9a43-f2c6080f5d5c,28a41ecf-124b-4d64-81da-bd12759d04e1,Annie Besant
2021,56,b,aec54a9f-b6cf-4183-8748-d76bbdee13aa,28a41ecf-124b-4d64-81da-bd12759d04e1,Debendranath Tagore
2021,56,c,d38896f9-f390-4b1f-90d5-788a0e5f3307,28a41ecf-124b-4d64-81da-bd12759d04e1,Ishwar Chandra Vidyasagar
2021,56,d,d613256d-9a6f-4544-8481-14194e4fff46,28a41ecf-124b-4d64-81da-bd12759d04e1,Sarojini Naidu
2021,57,a,720f39a8-d961-43ff-9d65-429d89c7d0cb,a575fb4d-becf-4ab2-a996-20d167b998be,leaders of Swadeshi and Boycott Movement
2021,57,b,6bcfe191-8d49-432f-88cf-e70853b1eca4,a575fb4d-becf-4ab2-a996-20d167b998be,members of the Interim Government in 1946
2021,57,c,d48a4c91-5d5a-4f80-88d4-e5cf37c85239,a575fb4d-becf-4ab2-a996-20d167b998be,members of the Drafting Committee in the Constituent Assembly
2021,57,d,690bf80a-1ec5-4a5e-9468-1637f5903c82,a575fb4d-becf-4ab2-a996-20d167b998be,officers of the Indian National Army
2021,58,a,70dce85b-fe09-445b-8826-8d0d88e79e9c,278681d1-c8ed-4567-821c-55fe91b7ccaa,1 and 2
2021,58,b,4f0fc427-e866-4a98-8123-27eaf716efd2,278681d1-c8ed-4567-821c-55fe91b7ccaa,2 Only
2021,58,c,50c71ecb-5a9b-49dd-bd4c-6e2b7970c5c6,278681d1-c8ed-4567-821c-55fe91b7ccaa,2 and 3
2021,58,d,879304c7-9a2b-4b89-8341-23cb550bcf9b,278681d1-c8ed-4567-821c-55fe91b7ccaa,3 Only
2021,59,a,32bba1a5-2328-4ea3-9d29-e3925cc8c88f,b40b3d2e-ac54-4d57-8280-f4bb62a0efb6,Ajanta Caves lie in the gorge of Waghora river.
2021,59,b,74cfe0b1-da7f-455b-a3a3-965c89202f19,b40b3d2e-ac54-4d57-8280-f4bb62a0efb6,Sanchi Stupa lies in the gorge of Chambal river.
2021,59,c,6ed26926-0b51-4010-ae4f-ef8986ec0646,b40b3d2e-ac54-4d57-8280-f4bb62a0efb6,Pandu-lena Cave shrines lie in the gorge of Narmada river.
2021,59,d,072c333a-a495-4ae8-8405-494229bc1f1f,b40b3d2e-ac54-4d57-8280-f4bb62a0efb6,Amaravati Stupa lies in the gorge of Godavari river.
2021,60,a,63503dc6-062d-419e-9c51-8d985cc5ac39,235c6d6c-4f6a-40b6-aa18-daa7c158f850,1 Only
2021,60,b,5a3dc654-308c-431b-9378-1bb4d20c8b0f,235c6d6c-4f6a-40b6-aa18-daa7c158f850,2 Only
2021,60,c,ecc0c9a2-322b-40e9-9bb3-c5440e0afa8c,235c6d6c-4f6a-40b6-aa18-daa7c158f850,Both 1 and 2
2021,60,d,f32ecd16-90fd-47f7-966e-af4fc024db29,235c6d6c-4f6a-40b6-aa18-daa7c158f850,Neither 1 nor 2
2021,61,a,838e691b-89c0-41bc-ae8a-3f7cd2d92fea,a0498f65-fd79-42de-8ca9-bb908698471c,1 and 2
2021,61,b,06329554-ff9f-4f1b-b4d0-d1d1cfd97f1d,a0498f65-fd79-42de-8ca9-bb908698471c,2 and 3 Only
2021,61,c,6daf3686-8f5f-4b83-8e86-1e55352f5382,a0498f65-fd79-42de-8ca9-bb908698471c,1 and 4
2021,61,d,4aa949f8-84b1-4e88-aa1c-d4171832bb96,a0498f65-fd79-42de-8ca9-bb908698471c,"2, 3 and 4"
2021,62,a,3ea5157f-f3ac-456e-90cb-3e76c0bf4476,3a558dd2-f455-4591-bb2d-cba21c03faf3,Dholavira
2021,62,b,2f0b0cb4-75b4-4e9f-b6c2-89a9b442196e,3a558dd2-f455-4591-bb2d-cba21c03faf3,Kalibangan
2021,62,c,70955425-c540-4bdc-82c5-9b30a1da998e,3a558dd2-f455-4591-bb2d-cba21c03faf3,Rakhigarhi
2021,62,d,48c6ec8f-81dd-4cb1-8c9e-0164a1f2666f,3a558dd2-f455-4591-bb2d-cba21c03faf3,Ropar
2021,63,a,d4909b16-098c-4307-8d0b-5dd73a71c0da,bfc43bf5-aa33-4bd8-81af-4a973a933005,1 Only
2021,63,b,07cf4292-7942-4735-b276-060d79e2a1e5,bfc43bf5-aa33-4bd8-81af-4a973a933005,1 and 2
2021,63,c,cbe717cb-f973-4011-8b6b-9c95631725be,bfc43bf5-aa33-4bd8-81af-4a973a933005,3 Only
2021,63,d,9c41724e-b429-4a80-9374-9c2542bc51df,bfc43bf5-aa33-4bd8-81af-4a973a933005,2 and 3
2021,64,a,9fad36f8-a5ed-4ebc-bf1e-740fe332a9ee,0e085ff0-4b57-4b5b-8f65-ea414b2dfccf,"1, 2 and 5"
2021,64,b,2d5b3e49-7ae8-4386-8f2a-20de185ad8c1,0e085ff0-4b57-4b5b-8f65-ea414b2dfccf,"1, 3, 4 and 6"
2021,64,c,b40feef7-a1a6-4310-b31f-3805c8b6d012,0e085ff0-4b57-4b5b-8f65-ea414b2dfccf,"2, 3 and 4"
2021,64,d,ca7319d2-716e-40b8-9439-a47a59e76078,0e085ff0-4b57-4b5b-8f65-ea414b2dfccf,5 and 6
2021,65,a,d18ead6b-21a9-4fe0-b7c6-b43f3f1382e5,ee9f53fc-584a-4d68-95e7-7417db7c7939,"1, 2 and 3 Only"
2021,65,b,1b6bd976-c57f-46d7-a782-f29aeeec09d2,ee9f53fc-584a-4d68-95e7-7417db7c7939,"1, 3 and 4 Only"
2021,65,c,ea292b87-0a49-4e63-a905-3dab6c68afe4,ee9f53fc-584a-4d68-95e7-7417db7c7939,2 and 4 Only
2021,65,d,3e7ba1dc-017b-4867-b736-75472614716a,ee9f53fc-584a-4d68-95e7-7417db7c7939,"1, 2, 3 and 4"
2021,66,a,e4b56839-9f29-4547-826b-a47ff56330d5,601f4595-11dc-452c-b603-f65b603c5352,Pingali Venkayya designed the tricolour Indian National Flag here.
2021,66,b,573c37e3-7faf-4c13-8436-a4832b8a4104,601f4595-11dc-452c-b603-f65b603c5352,Pattabhi Sitaramaiah led the Quit India Movement of Andhra region from here.
2021,66,c,960bddd1-c0eb-4804-bdb8-7dd64f02d98d,601f4595-11dc-452c-b603-f65b603c5352,Rabindranath Tagore translated the National Anthem from Bengali to English here.
2021,66,d,d029ee51-f2a5-44ad-9f4c-2321b0051d0b,601f4595-11dc-452c-b603-f65b603c5352,Madame Blavastsky and Colonel Olcott set up headquarters of Theosophical Society first here.
2021,67,a,f45778aa-92f1-4177-bd64-05c7347b78a8,636116d8-e536-493a-b3c2-1e4d8def1e02,1 only
2021,67,b,42f80f12-912e-4f6f-9c61-47c1d0ac3c97,636116d8-e536-493a-b3c2-1e4d8def1e02,1 and 2
2021,67,c,8c72dc39-3535-44ad-a6bb-55dadbf39279,636116d8-e536-493a-b3c2-1e4d8def1e02,3 only
2021,67,d,1776d534-2808-4a76-b63d-f0e79cc6c79a,636116d8-e536-493a-b3c2-1e4d8def1e02,2 and 3
2021,68,a,c2ab6c5f-f42c-42b5-bad5-42f500f9a525,2a4e18e9-1213-4e10-899b-140cdff80ae3,1 Only
2021,68,b,084db595-237c-4e65-8de5-77581a8c643a,2a4e18e9-1213-4e10-899b-140cdff80ae3,1 and 2
2021,68,c,c4f37bb0-81f5-4f8a-abea-a5b77ee68e9c,2a4e18e9-1213-4e10-899b-140cdff80ae3,3 Only
2021,68,d,32cfe5cb-907a-446e-b435-2bc259446bc7,2a4e18e9-1213-4e10-899b-140cdff80ae3,2 and 3
2021,69,a,d1d2d858-42bd-4b00-b8a0-137ff63565df,1fcf6245-d436-4f40-b023-f3ff83849a3b,1 and 2 Only
2021,69,b,20e708e3-a74a-4090-92fa-f01d03ff4f84,1fcf6245-d436-4f40-b023-f3ff83849a3b,2 and 3 Only
2021,69,c,e0df41ac-3df4-43a1-9880-d01c2250122e,1fcf6245-d436-4f40-b023-f3ff83849a3b,1 and 3 Only
2021,69,d,752939b4-d904-4261-9384-045fe1ea1df6,1fcf6245-d436-4f40-b023-f3ff83849a3b,"1, 2 and 3"
2021,70,a,c6905edd-dfec-4b32-90cf-133ba10ad042,b955cf8a-72c0-4431-9b7d-a6e0507be94d,1 and 2
2021,70,b,c85259ca-2223-47fd-89b2-f00292576f1f,b955cf8a-72c0-4431-9b7d-a6e0507be94d,2 Only
2021,70,c,52c087b5-49aa-41dd-a164-0c7906efc501,b955cf8a-72c0-4431-9b7d-a6e0507be94d,1 and 3
2021,70,d,9588aef0-f13a-4540-978d-c25c2966dc29,b955cf8a-72c0-4431-9b7d-a6e0507be94d,3 Only
2021,71,a,26f1c5ff-2ffc-4467-a817-da22dc14c102,d4646368-d6ee-4f62-961d-fec4b72e84c0,Congress grass
2021,71,b,e20ff581-c868-4fec-a425-2f2fb5681186,d4646368-d6ee-4f62-961d-fec4b72e84c0,Elephant grass
2021,71,c,1a158594-0db7-45f2-ac91-1122d3c57e95,d4646368-d6ee-4f62-961d-fec4b72e84c0,Lemongrass
2021,71,d,68e4a77e-5917-401f-b075-f1d0cfd05f1e,d4646368-d6ee-4f62-961d-fec4b72e84c0,Nut grass
2021,72,a,bfc96205-4885-4aa6-a44f-990e954fe0f3,f1b84ff6-a2f7-4adf-9866-3f4fd88c5b5c,1 and 2
2021,72,b,bfe320d2-f1a2-459d-8f35-0e8c2184eae0,f1b84ff6-a2f7-4adf-9866-3f4fd88c5b5c,2 and 3
2021,72,c,80bba7a1-aac6-45e0-9694-1ad6db9ee43f,f1b84ff6-a2f7-4adf-9866-3f4fd88c5b5c,3 and 4
2021,72,d,4cc48e97-91a2-40aa-9178-8b34a7b7d4e8,f1b84ff6-a2f7-4adf-9866-3f4fd88c5b5c,1 and 4
2021,73,a,6c27266e-87a1-4b66-aefa-105e04019eb5,aec5e766-172a-4e4f-a07f-3e860d9c4c92,1 and 2
2021,73,b,04eae82d-4567-4662-85e5-fdf057434218,aec5e766-172a-4e4f-a07f-3e860d9c4c92,2 only
2021,73,c,084d9429-1df0-499f-a805-4f69a06d71b1,aec5e766-172a-4e4f-a07f-3e860d9c4c92,3 only
2021,73,d,776f9282-a61b-47b0-a68a-d7cd44ff4541,aec5e766-172a-4e4f-a07f-3e860d9c4c92,1 and 3
2021,74,a,7f6242d6-1b91-4739-b145-c0ce88a3e315,2302d9c4-e3ab-4a89-bd92-a388a790afd8,"1,2 and 4"
2021,74,b,5f29c71c-bfb0-42e8-b876-8b7bfe675415,2302d9c4-e3ab-4a89-bd92-a388a790afd8,"1,3 and 5"
2021,74,c,98a06d8d-f0d6-4f28-99f6-f8c3c0be5ec3,2302d9c4-e3ab-4a89-bd92-a388a790afd8,3 and 4
2021,74,d,1c38f9df-0c82-4860-8a53-9bd1f3b0b572,2302d9c4-e3ab-4a89-bd92-a388a790afd8,2 and 5
2021,75,a,b1c3d883-1f63-47d5-b6a6-a92fc95a6b94,4af4fc6e-a910-4d4c-9961-c3a7d5af5a8e,"1, 2, 3 and 5 Only"
2021,75,b,b0097bb5-f773-4e3c-a141-3e23d42edfdd,4af4fc6e-a910-4d4c-9961-c3a7d5af5a8e,"1, 2 and 4 Only"
2021,75,c,5dcdae3e-ae09-425e-bf1f-c0b39632243c,4af4fc6e-a910-4d4c-9961-c3a7d5af5a8e,"3, 4 and 5 Only"
2021,75,d,c16d9e6c-348d-4a55-81e8-f600076f7151,4af4fc6e-a910-4d4c-9961-c3a7d5af5a8e,"1, 2, 3, 4 and 5"
2021,76,a,b9fdc541-c3fa-4a7e-8d01-7a30980a9271,e5f280eb-fa22-4e8a-bc33-7e470e5f632d,Catfish
2021,76,b,dfbca52a-56e2-4112-93cb-75ae761154b2,e5f280eb-fa22-4e8a-bc33-7e470e5f632d,Octopus
2021,76,c,62a30383-f5e2-4cb1-869f-674b27cd11e8,e5f280eb-fa22-4e8a-bc33-7e470e5f632d,Oyster
2021,76,d,a94bb560-b9c4-4659-98df-7c906c594746,e5f280eb-fa22-4e8a-bc33-7e470e5f632d,Pelican
2021,77,a,9562edaa-6f32-4996-9f08-2b6252f82c53,e785ebd8-40b7-45bc-b78f-2f3366ff14fe,carbon cycle
2021,77,b,2d792dd9-73a9-4afc-88a0-3ecb62c87655,e785ebd8-40b7-45bc-b78f-2f3366ff14fe,Nitrogen cycle
2021,77,c,2b39c045-eb5f-43f7-8d7b-8047aaa048e7,e785ebd8-40b7-45bc-b78f-2f3366ff14fe,Phosphorus Cycle
2021,77,d,b5dc540c-2179-4e32-8d12-042e5b02ba68,e785ebd8-40b7-45bc-b78f-2f3366ff14fe,Sulphur Cycle
2021,78,a,142d8abc-a2f8-4862-be2b-a0527067b91f,7d2696fb-c2ed-42da-b9d0-e2c7699a9b7d,"1, 2 and 4 Only"
2021,78,b,25a03382-f034-4fcb-9c17-7352f6e038be,7d2696fb-c2ed-42da-b9d0-e2c7699a9b7d,"2, 3, 4 and 5 Only"
2021,78,c,084ca0a9-487d-49d3-bc50-1daf79268f2d,7d2696fb-c2ed-42da-b9d0-e2c7699a9b7d,"1, 3 and 5 Only"
2021,78,d,010e295a-0e6e-4190-b2d1-5ffe58211ad0,7d2696fb-c2ed-42da-b9d0-e2c7699a9b7d,"1, 2, 3, 4 and 5"
2021,79,a,64396c50-2074-42eb-b9df-9d0cfa2454e0,8cbaffb5-26bd-4668-b0e0-0cfab8b89aa7,assessing the carbon footprint of building operations around the world
2021,79,b,326f47e2-4a0e-4cc6-8524-d1738eec10d6,8cbaffb5-26bd-4668-b0e0-0cfab8b89aa7,enabling commercial farming entities around the world to enter carbon emission trading
2021,79,c,24ac17f9-ad5c-4e2e-809e-3b20e6c5b2e3,8cbaffb5-26bd-4668-b0e0-0cfab8b89aa7,enabling governments to assess the overall carbon footprint caused by their countries
2021,79,d,8c72226a-fd96-4b6d-9a05-77e4852c6189,8cbaffb5-26bd-4668-b0e0-0cfab8b89aa7,assessing the overall carbon foot-print caused by the use of fossil fuels by the world in a unit time.
2021,80,a,5bba3942-af7b-45ac-8229-21fd9da2665e,f98e80cd-2652-413c-861f-1d5c99fba2e2,1 and 2 Only
2021,80,b,9b4271f7-281d-4a26-9937-887cb67a9835,f98e80cd-2652-413c-861f-1d5c99fba2e2,2 and 3 Only
2021,80,c,b1202674-5e04-4aa4-ae7a-f1a967f3188e,f98e80cd-2652-413c-861f-1d5c99fba2e2,1 and 3 Only
2021,80,d,fac7572c-b96c-4756-867c-7576f6402a90,f98e80cd-2652-413c-861f-1d5c99fba2e2,"1, 2 and 3"
2021,81,a,98abe3b8-8c33-4469-adc3-5634bf03b97f,8d1e1630-8340-4e26-be7e-63cc11051fe3,Increase in the Cash Reserve Ratio in the banks
2021,81,b,e5144895-c1d6-44a3-b12d-e183520bf5ae,8d1e1630-8340-4e26-be7e-63cc11051fe3,Increase in the Statutory Liquidity Ratio in the banks
2021,81,c,d57881c4-c8f1-4c6a-b934-0d0518c63084,8d1e1630-8340-4e26-be7e-63cc11051fe3,Increase in the banking habit of the people
2021,81,d,e7788b8f-afa9-4210-a38c-3dedfce16e13,8d1e1630-8340-4e26-be7e-63cc11051fe3,Increase in the population of the country
2021,82,a,82752828-4464-43d0-b9bd-2d6ef4e081d2,331403d5-3ce8-4b05-aa97-7af1aa34b82b,"1, 2 and 4 Only"
2021,82,b,1554934c-9ae5-4d89-8059-995962f4c279,331403d5-3ce8-4b05-aa97-7af1aa34b82b,"3, 4 and 5 Only"
2021,82,c,40fb785d-cb1d-4e73-b4ad-7618e9cbc8cd,331403d5-3ce8-4b05-aa97-7af1aa34b82b,"1, 2, 3 and 5 Only"
2021,82,d,46bd0660-18e3-49c2-b2b5-3ed929367ca0,331403d5-3ce8-4b05-aa97-7af1aa34b82b,"1, 2, 3, 4 and 5"
2021,83,a,6aa87d62-0b38-47b4-aeba-a815995f7978,faa0cb22-73c4-450a-8b70-25e3c62936e9,1 Only
2021,83,b,00a1b887-353d-466d-b6f6-a7d5b7fe072f,faa0cb22-73c4-450a-8b70-25e3c62936e9,1 and 2
2021,83,c,9d84c19f-0510-424d-ba69-ae247246c591,faa0cb22-73c4-450a-8b70-25e3c62936e9,3 Only
2021,83,d,7fb0699d-db7d-44db-9b24-4a8c4ee54bde,faa0cb22-73c4-450a-8b70-25e3c62936e9,2 and 3
2021,84,a,881793d8-7d95-47c1-8325-d707aee07e35,bce3d2a8-13ed-4094-a768-c29b94a49c13,1 and 2 Only
2021,84,b,91959bf1-26d9-4563-8deb-fa17fe08187a,bce3d2a8-13ed-4094-a768-c29b94a49c13,2 and 3 Only
2021,84,c,2c82aeb4-97df-4a93-ad53-39da1117e7c5,bce3d2a8-13ed-4094-a768-c29b94a49c13,1 and 3 Only
2021,84,d,25044b87-329e-46da-bd77-8e3028f074c3,bce3d2a8-13ed-4094-a768-c29b94a49c13,"1, 2 and 3"
2021,85,a,81f03501-917b-4f29-a805-060a023d22d0,37ecf3e5-c94b-4c01-9415-2e9d3bd64d30,1 and 2
2021,85,b,0ca2708c-8e96-45ea-b2f1-76a7f79a5869,37ecf3e5-c94b-4c01-9415-2e9d3bd64d30,2 Only
2021,85,c,d7128733-ff65-415d-84d5-a512f7787d2a,37ecf3e5-c94b-4c01-9415-2e9d3bd64d30,2 and 3
2021,85,d,00ab5d2d-a7fd-40f8-8c24-9748d5a4b9d0,37ecf3e5-c94b-4c01-9415-2e9d3bd64d30,3 Only
2021,86,a,09ce5b59-f007-4f8c-85a7-6df7e17157ad,24d469ca-7a5a-4cdb-9add-f4c10279756e,environmentally responsible practices in electronics recycling industry
2021,86,b,90e3311e-d431-4cba-8166-6e3ae34c377b,24d469ca-7a5a-4cdb-9add-f4c10279756e,ecological management of ‘wetlands of International Importance’ under the Ramsar Convention
2021,86,c,226e85c7-45d4-4c62-a40c-5c082c1457b2,24d469ca-7a5a-4cdb-9add-f4c10279756e,sustainable practices in the cultivation of agricultural crops in degraded lands
2021,86,d,70373a31-7ec6-451b-8632-cf09b31abb82,24d469ca-7a5a-4cdb-9add-f4c10279756e,‘Environmental Impact Assessment’ in the exploitation of natural resources
2021,87,a,93b61eec-3c75-4314-948e-09b4da82d012,e1bd3a61-a10b-4752-8f3f-40f5e0d7a424,1 and 2 Only
2021,87,b,f583a893-fcb6-4d80-8147-2dd412f7e6d6,e1bd3a61-a10b-4752-8f3f-40f5e0d7a424,2 and 3 Only
2021,87,c,569a5ec8-2e7d-48ac-ac0f-2dc665960327,e1bd3a61-a10b-4752-8f3f-40f5e0d7a424,1 and 3 Only
2021,87,d,f2714eda-4eea-459e-a78a-5c9afff0e739,e1bd3a61-a10b-4752-8f3f-40f5e0d7a424,"1, 2 and 3"
2021,88,a,a0d549cb-0fed-448b-8c72-d234bc5d46c3,f50eca45-e7c3-4741-98f8-85fb66a6ba3d,1 and 2 Only
2021,88,b,c07f7581-437f-4d73-b811-90a2ecd50105,f50eca45-e7c3-4741-98f8-85fb66a6ba3d,2 and 3 Only
2021,88,c,40d55ff1-46c2-4cff-85d1-f56a3ed3482c,f50eca45-e7c3-4741-98f8-85fb66a6ba3d,1 and 3 Only
2021,88,d,d4e2f44f-3087-4e3b-8de9-cf874b0b3125,f50eca45-e7c3-4741-98f8-85fb66a6ba3d,"1, 2 and 3"
2021,89,a,899589d7-1b31-45a0-b391-6c8ed87c48ce,ed5fc4d7-c0f1-4056-ac0c-b8cd76a498a3,Carbon captured by oceans and coastal ecosystems
2021,89,b,2b5806be-0edc-4867-852e-890667895d1f,ed5fc4d7-c0f1-4056-ac0c-b8cd76a498a3,Carbon sequestered in forest biomass and agricultural soils
2021,89,c,a0730339-0fed-430e-a45b-06ff87866218,ed5fc4d7-c0f1-4056-ac0c-b8cd76a498a3,Carbon contained in petroleum and natural gas.
2021,89,d,65bcf1ad-e69c-46aa-b34d-14b6c6b886e3,ed5fc4d7-c0f1-4056-ac0c-b8cd76a498a3,Carbon present in atmosphere
2021,90,a,fbf63258-de1d-4c09-a141-261c8fd53a0c,43385856-c847-4186-b219-e210241f4c91,1 and 4 Only
2021,90,b,7178baba-fea5-4bc1-b21d-9962180cb92b,43385856-c847-4186-b219-e210241f4c91,2 Only
2021,90,c,36adcdee-a4e4-4144-9c2a-5ca587fa3629,43385856-c847-4186-b219-e210241f4c91,2 and 3
2021,90,d,21b74e2c-28f2-4f1b-98ac-bf7a60df2bbf,43385856-c847-4186-b219-e210241f4c91,"1, 3 and 4"
2021,91,a,ab576535-aa75-4c82-a2aa-9e32cc155f4a,a9b515f7-fbe8-4d04-a0cc-2e8f87aa1ad3,1 and 2 only
2021,91,b,01354a6c-cd4e-468f-ae3c-07c63c74f2a0,a9b515f7-fbe8-4d04-a0cc-2e8f87aa1ad3,2 and 3 only
2021,91,c,60551638-632d-41b4-9745-57a7adf33c30,a9b515f7-fbe8-4d04-a0cc-2e8f87aa1ad3,1 and 3 only
2021,91,d,0a66a836-cdc8-42d0-aad4-64fa039bd2aa,a9b515f7-fbe8-4d04-a0cc-2e8f87aa1ad3,"1, 2 and 3"
2021,92,a,7834ec7d-3f19-494f-a7e0-7ec723c06e13,a7007755-a4c4-4b93-ac8b-b9ac727e7298,1 and 2 only
2021,92,b,34924002-e1ee-41bb-9f69-81dfd25b5762,a7007755-a4c4-4b93-ac8b-b9ac727e7298,2 and 3 only
2021,92,c,d548efb8-dddb-4f8f-a722-903ec6ed749b,a7007755-a4c4-4b93-ac8b-b9ac727e7298,1 and 3 only
2021,92,d,c2d7f36f-9979-481e-81ed-49e382144b63,a7007755-a4c4-4b93-ac8b-b9ac727e7298,"1, 2 and 3"
2021,93,a,167ab7e9-3b21-4924-83bc-42acd0923172,5061992a-9109-4be7-a57a-123c12cae280,Cut in tax rates accompanied by increase in interest rate
2021,93,b,1d5bf34c-bb2e-44c8-8815-3a77c3281364,5061992a-9109-4be7-a57a-123c12cae280,Increase in expenditure on public projects
2021,93,c,095a779d-2a4b-4f2f-bfb1-e6b781856ada,5061992a-9109-4be7-a57a-123c12cae280,Increase in tax rates accompanied by reduction of interest rate
2021,93,d,57a2cf98-228b-4ff1-b45f-d154be23b2ac,5061992a-9109-4be7-a57a-123c12cae280,Reduction of expenditure on public projects
2021,94,a,61328e0b-646f-48ea-9b2a-2c8f33c1f331,6f3bef1c-51a6-4ecc-bf55-a3ace59bff4f,1 and 4 only
2021,94,b,c40f71f4-e08a-411b-8347-635b4eba7736,6f3bef1c-51a6-4ecc-bf55-a3ace59bff4f,"2, 3 and 4"
2021,94,c,c50cacb7-bdf8-46f9-b4c7-2897e88133c8,6f3bef1c-51a6-4ecc-bf55-a3ace59bff4f,"1, 3 and 4"
2021,94,d,7bf43797-ffbd-4e02-94d9-70e0ebe09df1,6f3bef1c-51a6-4ecc-bf55-a3ace59bff4f,"1, 2 and 3"
2021,95,a,5478ddc8-6eb6-4405-92d9-b7f4124bbdfa,9fb51d2b-0a13-4780-97d6-5b1e38e7a738,1 only
2021,95,b,0e57e80e-44ef-44c2-b4cf-bbab263e181e,9fb51d2b-0a13-4780-97d6-5b1e38e7a738,2 and 3 only
2021,95,c,25753bf8-32b7-40df-9128-303c2726c2f2,9fb51d2b-0a13-4780-97d6-5b1e38e7a738,1 and 3 only
2021,95,d,e93e5122-8cd0-41ec-8294-c1f8e973d9cb,9fb51d2b-0a13-4780-97d6-5b1e38e7a738,"1, 2 and 3"
2021,96,a,e3aff7bb-1e06-47af-9f42-e85c6f294c74,c0fd875d-492f-4aa4-9792-2d57a341f8b9,1 and 2 Only
2021,96,b,95d60fa0-b184-4b72-a607-0e44cbe70670,c0fd875d-492f-4aa4-9792-2d57a341f8b9,2 Only
2021,96,c,9138694e-9672-405e-9706-925bc653c0be,c0fd875d-492f-4aa4-9792-2d57a341f8b9,3 Only
2021,96,d,ac4874b4-e963-4698-9cd7-e69947d6546b,c0fd875d-492f-4aa4-9792-2d57a341f8b9,"1, 2 and 3"
2021,97,a,931e5b7c-f5f8-48a2-ac30-09c4c5345930,0bc3b8f0-e006-4c59-a281-63f881726f45,"1, 2 and 3"
2021,97,b,c94d6c59-8302-47e9-9f6d-8da796c62068,0bc3b8f0-e006-4c59-a281-63f881726f45,3 Only
2021,97,c,0fcccd84-2c0c-4574-a209-e86d42264732,0bc3b8f0-e006-4c59-a281-63f881726f45,2 and 4
2021,97,d,af259809-d601-4f64-a4d9-d135d979c42b,0bc3b8f0-e006-4c59-a281-63f881726f45,1 and 4
2021,98,a,abf91960-ccdc-48b5-b557-aa9e9d85dc38,77486dfe-cacf-492a-8973-e8d9ab294c72,1 Only
2021,98,b,0fe4aabd-f272-44a8-a477-f1ce077e3751,77486dfe-cacf-492a-8973-e8d9ab294c72,1 and 2
2021,98,c,337b9f20-e2f6-430e-a2ad-b00696ad0e39,77486dfe-cacf-492a-8973-e8d9ab294c72,3 Only
2021,98,d,bf5830b9-23d8-4919-9561-38bfe8f3a3ad,77486dfe-cacf-492a-8973-e8d9ab294c72,2 and 3
2021,99,a,0ba92aea-7de7-4bf7-8381-e1ee018cf02d,4036b80c-dc4b-45a9-91b5-56f5b524abae,Diversion of resources to the purchase of real estate and investment in luxury housing
2021,99,b,8b346172-d739-42a9-9df1-f3ec23a636ed,4036b80c-dc4b-45a9-91b5-56f5b524abae,"Investment in unproductive activities and purchase of precious stones, jewellery, gold, etc."
2021,99,c,24af3b0b-56ae-4735-bf70-54b4efbfb614,4036b80c-dc4b-45a9-91b5-56f5b524abae,Large donations to political parties and growth of regionalism
2021,99,d,3fcc6660-7dfc-484e-8c01-07f413c09105,4036b80c-dc4b-45a9-91b5-56f5b524abae,Loss of revenue to the State Exchequer due to tax evasion
2021,100,a,426c5f6b-e329-4052-9a5f-0880594fb51f,ebe28d47-6498-40fa-a1dc-634da7ebcd2a,Repayment of Public debt
2021,100,b,041eeae5-e7ea-4b08-a254-ff416560f621,ebe28d47-6498-40fa-a1dc-634da7ebcd2a,Borrowing from the public to finance a budget deficit
2021,100,c,d7d097f8-1a96-4506-bc23-74874b6b2093,ebe28d47-6498-40fa-a1dc-634da7ebcd2a,Borrowing from the banks to finance a budget deficit
2021,100,d,3e7030a7-94e3-457b-8152-2b03e7f32acc,ebe28d47-6498-40fa-a1dc-634da7ebcd2a,Creation of new money to finance a budget deficit
2022,1,a,e391b2fa-e4e1-4946-b2ed-0a5ffd56f199,a08b4155-ef1a-4434-b97d-394d02d575d0,Asian Development Bank
2022,1,b,abe97019-9870-4e7e-85f1-6aa1fe194c58,a08b4155-ef1a-4434-b97d-394d02d575d0,International Monetary Fund
2022,1,c,c4a0d931-2d2f-4cb5-bd7a-3e640234b19e,a08b4155-ef1a-4434-b97d-394d02d575d0,United Nations Environment Programme Finance Initiative
2022,1,d,7750da00-b17a-4463-81ac-a6bb5ec5c2a0,a08b4155-ef1a-4434-b97d-394d02d575d0,World Bank
2022,2,a,8f513b32-7b13-40a6-a05d-dd079745e1b3,2280ddb8-ae5a-4d77-bb8e-57ba61ae86b5,1 and 2 only
2022,2,b,c7cfc1f2-e1bc-427d-852d-b474446eda0d,2280ddb8-ae5a-4d77-bb8e-57ba61ae86b5,2 and 3 only
2022,2,c,62da6de7-c910-4207-a15a-9b374c9820d9,2280ddb8-ae5a-4d77-bb8e-57ba61ae86b5,1 and 3 only
2022,2,d,36f1c041-7fe9-467a-97f5-f8377fc638e1,2280ddb8-ae5a-4d77-bb8e-57ba61ae86b5,"1, 2 and 3"
2022,3,a,f252a852-4208-4d4e-8927-e6fd285f408c,4033fc46-d293-4874-b225-fb5a19a9a3d6,1 and 2 only
2022,3,b,6a8504fe-68d0-4699-859e-1b4f03f18e8a,4033fc46-d293-4874-b225-fb5a19a9a3d6,2 and 3 only
2022,3,c,e2b3d61b-4a47-4ce7-9028-66c2a2988de3,4033fc46-d293-4874-b225-fb5a19a9a3d6,1 and 3 only
2022,3,d,c9df8211-9f7c-45dc-b658-68b170b2ceff,4033fc46-d293-4874-b225-fb5a19a9a3d6,"1, 2 and 3"
2022,4,a,ed00d8fe-868f-408a-836f-d59e463d294a,1bd83ede-4780-45c4-9130-6808500b4a7a,1 only
2022,4,b,b4358107-e5b7-47c7-b9c9-31fa4b59f92d,1bd83ede-4780-45c4-9130-6808500b4a7a,2 only
2022,4,c,aa62d537-1694-4761-bdf6-80cc4aa0ddc5,1bd83ede-4780-45c4-9130-6808500b4a7a,Both 1 and 2
2022,4,d,2a39c181-1e5c-4281-b6a0-fad68569983e,1bd83ede-4780-45c4-9130-6808500b4a7a,Neither 1 nor 2
2022,5,a,75fa0807-c5e6-4955-894a-744cfda9fe19,b489662a-0aeb-404b-ae37-685f918e10a1,1 and 2 only
2022,5,b,c624c672-1c9e-4939-8794-d9f443865e2a,b489662a-0aeb-404b-ae37-685f918e10a1,2 and 3 only
2022,5,c,870ffb4b-cdcf-445d-9501-7e4fe4656e2c,b489662a-0aeb-404b-ae37-685f918e10a1,1 and 3 only
2022,5,d,194c6096-1854-4356-b70a-2e4d7081c9e4,b489662a-0aeb-404b-ae37-685f918e10a1,"1, 2 and 3"
2022,6,a,b2a9cec2-14f9-4780-bfb7-22368a9fda63,e6dead21-9d52-4e13-bb23-b1e8dce69b3a,1 only
2022,6,b,98aa79e3-1ac3-4c47-a43f-dec07ec05f21,e6dead21-9d52-4e13-bb23-b1e8dce69b3a,2 only
2022,6,c,912cb7b1-eec5-4a9c-87a1-c10aaa9f6131,e6dead21-9d52-4e13-bb23-b1e8dce69b3a,Both 1 and 2
2022,6,d,5993f402-2f5d-4fe1-b7d1-45cce2acfb40,e6dead21-9d52-4e13-bb23-b1e8dce69b3a,Neither 1 nor 2
2022,7,a,d4de9c8e-7b81-4775-bbf2-3d8529ee24d1,df929d6e-98d1-44d1-be64-e921b8ea0a82,1 and 2 only
2022,7,b,9db473b2-9182-4ed2-b6f2-034a10192aaf,df929d6e-98d1-44d1-be64-e921b8ea0a82,"2,3, and 4 only"
2022,7,c,59991310-5ff8-4590-bb9b-8e6c309c3794,df929d6e-98d1-44d1-be64-e921b8ea0a82,"1, 3, and 4only"
2022,7,d,5fe9fc8b-d0f7-4685-8c1e-e33c05529cc8,df929d6e-98d1-44d1-be64-e921b8ea0a82,"1, 2, 3, and 4"
2022,8,a,8e84521a-b388-40d1-bac2-2c4654d76ac1,19e99e3c-dcf3-4283-a704-cff8526b1285,An Indian company investing in a foreign enterprise and paying taxes to the foreign country on the profits arising out of its investment
2022,8,b,d6839e87-0d3c-465d-9899-e03a396f6785,19e99e3c-dcf3-4283-a704-cff8526b1285,A foreign company investing in India and paying taxes to the country of its base on the profits arising out of its investment
2022,8,c,ca9262f6-63dd-437d-8c36-12698768913d,19e99e3c-dcf3-4283-a704-cff8526b1285,An Indian company purchases tangible assets in a foreign country and sells such assets after their value increases and transfers the proceeds to India
2022,8,d,24caab48-994b-4c2d-bdfd-b7fb0c79cde1,19e99e3c-dcf3-4283-a704-cff8526b1285,A foreign company transfers shares and such shares derive their substantial value from assets located in India
2022,9,a,f7f6f585-1f2c-4d81-ab79-43b6f991f570,11500343-5a20-49e4-8144-46fbb61eb271,1 only
2022,9,b,947d9a7f-7381-4e67-9912-463b8b3011a5,11500343-5a20-49e4-8144-46fbb61eb271,2 only
2022,9,c,fa11c9ba-f3e8-4abd-80e7-f2b8da8e8ed1,11500343-5a20-49e4-8144-46fbb61eb271,Both 1 and 2
2022,9,d,aa1398ea-b67a-46d7-b0a3-8ff96cedf879,11500343-5a20-49e4-8144-46fbb61eb271,Neither 1 nor 2
2022,10,a,25549994-c682-48e6-991c-463229d4e1bf,c2878fd6-204c-4872-8dc5-83f82c62f74e,1 only
2022,10,b,408e9ef0-9b26-4346-ad79-7a13e8d8373a,c2878fd6-204c-4872-8dc5-83f82c62f74e,2 only
2022,10,c,d8eb68ae-530a-4cf4-83a9-cb2faae80ed1,c2878fd6-204c-4872-8dc5-83f82c62f74e,Both 1 and 2
2022,10,d,d2bbe08d-2932-4f16-8b18-8c0756420b63,c2878fd6-204c-4872-8dc5-83f82c62f74e,Neither 1 nor 2
2022,11,a,066a36bf-0359-4aa1-92f6-fcf096ed4c0f,a00ba186-d4fc-4cf8-aedb-12055921cbc2,1 and 2 only
2022,11,b,42a266c1-b9e3-4412-871b-69d16fd903f8,a00ba186-d4fc-4cf8-aedb-12055921cbc2,"1, 2 and 4 only"
2022,11,c,5a7bf2f8-627b-46b0-8a5e-d67b440fdbf1,a00ba186-d4fc-4cf8-aedb-12055921cbc2,3 and 4 only
2022,11,d,262248de-d65d-4cab-b39b-4dd9a3ca7f78,a00ba186-d4fc-4cf8-aedb-12055921cbc2,3 only
2022,12,a,1041d132-cf17-4eae-bf90-7dcde85510b5,55d6290f-58f9-4c4f-8b78-77f238b2d421,1 only
2022,12,b,82edfd17-fadb-45e5-afae-1864024e7dea,55d6290f-58f9-4c4f-8b78-77f238b2d421,2 only
2022,12,c,29649201-7a78-4e3c-8c00-320758ec16c5,55d6290f-58f9-4c4f-8b78-77f238b2d421,Both 1 and 2
2022,12,d,0d3a4347-43ac-42b7-b96e-a4019f832eea,55d6290f-58f9-4c4f-8b78-77f238b2d421,Neither 1 nor 2
2022,13,a,aed1c60e-7e32-456c-97a7-52ee72158eea,58d3839e-d07a-4aff-aa81-6e18394a9c13,1 and 2 only
2022,13,b,2998a3cd-b9bb-4bfc-89fb-bd766d73b779,58d3839e-d07a-4aff-aa81-6e18394a9c13,2 and 3 only
2022,13,c,1d6ce74f-ea25-4057-a99e-bf8c42d8674a,58d3839e-d07a-4aff-aa81-6e18394a9c13,1 and 3 only
2022,13,d,ceb5d7d6-6033-4fc2-9d8d-35321850e3e3,58d3839e-d07a-4aff-aa81-6e18394a9c13,"1, 2 and 3"
2022,14,a,ff290163-3dff-4c87-9ff1-ef50ffed2fa8,78244c98-2ebe-49bc-a9f4-6e43bf1307d8,1 only
2022,14,b,11585dc4-bc06-4a36-849e-2227e24d8dd8,78244c98-2ebe-49bc-a9f4-6e43bf1307d8,2 only
2022,14,c,38b287a6-3be4-4eb9-b805-feb9c07b8a3d,78244c98-2ebe-49bc-a9f4-6e43bf1307d8,Both 1 and 2
2022,14,d,3decc83e-d8d0-49e5-be3f-27736598d3ac,78244c98-2ebe-49bc-a9f4-6e43bf1307d8,Neither 1 nor 2
2022,15,a,f2212c4f-2b22-4040-ab5a-dcb2903f75a1,826c6b41-fdd3-4680-862e-1c4485a07ff0,1 and 2
2022,15,b,93c3b70b-4196-4506-8d93-8f4d44c016f4,826c6b41-fdd3-4680-862e-1c4485a07ff0,2 only
2022,15,c,5a67790b-4c12-4adb-ae6b-8496e303304b,826c6b41-fdd3-4680-862e-1c4485a07ff0,1 and 3
2022,15,d,34c495f4-5ee7-4a53-bf2a-4a4745ff677b,826c6b41-fdd3-4680-862e-1c4485a07ff0,3 only
2022,16,a,65651d0e-379c-4cf6-a417-68194acee07a,f0b4bff7-4ed5-4eca-bcc8-057cbad4b4d1,1 only
2022,16,b,f5091262-35f8-4031-a571-b82ffdedb7c9,f0b4bff7-4ed5-4eca-bcc8-057cbad4b4d1,2 only
2022,16,c,424728f2-0cfe-4aae-999d-16c176907128,f0b4bff7-4ed5-4eca-bcc8-057cbad4b4d1,Both 1 and 2
2022,16,d,6fdf8688-eee4-4458-a700-e2954ec3633c,f0b4bff7-4ed5-4eca-bcc8-057cbad4b4d1,Neither 1 nor 2
2022,17,a,9a56b166-95ef-4e69-a333-4dee52786074,45918c20-4a39-4968-83a4-b4a3c56cb903,1 only
2022,17,b,f0910dac-b9d4-48b9-b676-b402a9146e8b,45918c20-4a39-4968-83a4-b4a3c56cb903,2 only
2022,17,c,a89495be-d0eb-434b-b55e-a669de503f46,45918c20-4a39-4968-83a4-b4a3c56cb903,Both 1 and 2
2022,17,d,e2c04382-5911-4b87-ad96-d68e7f5d8002,45918c20-4a39-4968-83a4-b4a3c56cb903,Neither 1 nor 2
2022,18,a,3a62125a-f39d-40e6-bf8d-8007e1fdb9ab,8d7a8554-fa5f-4ba8-820b-26ff5fe3430c,1 and 2 only
2022,18,b,a29540b1-6568-4238-b018-1bcde2be87c5,8d7a8554-fa5f-4ba8-820b-26ff5fe3430c,2 and 3 only
2022,18,c,995ee9a0-8ebe-449c-bf57-54e456f6a9cb,8d7a8554-fa5f-4ba8-820b-26ff5fe3430c,1 and 3 only
2022,18,d,b006c951-fe15-4891-81ff-18ef5b1847ed,8d7a8554-fa5f-4ba8-820b-26ff5fe3430c,"1, 2 and 3"
2022,19,a,5bd089bd-a3a3-42d7-a38d-b2bf7e5d2913,816c2b1b-9919-4a68-a036-795ef245212a,1 and 2 only
2022,19,b,374e7c2a-92bb-444d-9ef1-4496cbcbe2ec,816c2b1b-9919-4a68-a036-795ef245212a,3 only
2022,19,c,afcf777a-775a-4851-a3b1-7b5087c914b9,816c2b1b-9919-4a68-a036-795ef245212a,1 and 3 only
2022,19,d,1810f03d-c3b9-42e2-affd-ea8b999983fa,816c2b1b-9919-4a68-a036-795ef245212a,"1, 2 and 3"
2022,20,a,a99c59ed-2ccf-4a01-864d-0137b8051d8f,ad53614d-ab83-4945-b6ab-daacf99ca91e,1 and 3 only
2022,20,b,9886566c-0517-499b-8a7f-535d5971ffe6,ad53614d-ab83-4945-b6ab-daacf99ca91e,"1, 2 and 3"
2022,20,c,e1644c4a-2c7e-49eb-9fd0-c24cb5edb7c2,ad53614d-ab83-4945-b6ab-daacf99ca91e,3 and 4 only
2022,20,d,d227867f-2782-4795-b953-387db969f84a,ad53614d-ab83-4945-b6ab-daacf99ca91e,2 and 4 only
2022,21,a,251ff5b6-e53a-4723-950f-969689e4d18e,98bcfa77-9779-4a01-ba19-908b537aeb80,Cotton
2022,21,b,5cb42e33-5d4c-41fc-bff8-1393383999e6,98bcfa77-9779-4a01-ba19-908b537aeb80,Rice
2022,21,c,9a5d84f0-57fb-4f9c-b48a-2cff41632ec1,98bcfa77-9779-4a01-ba19-908b537aeb80,Sugarcane
2022,21,d,431260b8-18a3-4012-9708-8b21581acf22,98bcfa77-9779-4a01-ba19-908b537aeb80,Wheat
2022,22,a,2b79ac29-bcf6-4111-b5db-6ab6062fb272,08c7f16d-97d7-444c-b67b-fe8a6b9fd357,1 and 2 only
2022,22,b,cdd6157d-b397-4ef9-914d-129296a9a906,08c7f16d-97d7-444c-b67b-fe8a6b9fd357,2 and 3 only
2022,22,c,a310d206-c31a-46fd-8207-9b232866dc4c,08c7f16d-97d7-444c-b67b-fe8a6b9fd357,1 and 3 only
2022,22,d,96b481a2-bb0a-440e-98eb-3ba6614854e2,08c7f16d-97d7-444c-b67b-fe8a6b9fd357,"1, 2 and 3"
2022,23,a,5602f935-916a-4b4d-9d77-c10cb797c859,903523c4-99ea-4439-bb84-163e1ba9cc26,Lake Victoria
2022,23,b,86f1e271-ed65-43ce-92dc-f6b3234f8288,903523c4-99ea-4439-bb84-163e1ba9cc26,Lake Faguibine
2022,23,c,e0084a29-d671-42ce-b3b5-959f42459f7f,903523c4-99ea-4439-bb84-163e1ba9cc26,Lake Oguta
2022,23,d,9a3daaf7-a1b4-4254-a016-ded9b1f2cbaf,903523c4-99ea-4439-bb84-163e1ba9cc26,Lake Volta
2022,24,a,81aec298-c41e-46e3-a53c-c92b34d30e62,d47ca9ad-f7a2-4258-890b-1a9ea921d9a9,Cauvery
2022,24,b,89e4b813-ec85-4a1e-bdaf-78a25d2c55de,d47ca9ad-f7a2-4258-890b-1a9ea921d9a9,Manjira
2022,24,c,34c0811c-7839-49cb-ba0c-41f7bad890cd,d47ca9ad-f7a2-4258-890b-1a9ea921d9a9,Pennar
2022,24,d,2e144789-cc0f-4b57-aabb-247918267616,d47ca9ad-f7a2-4258-890b-1a9ea921d9a9,Tungabhadra
2022,25,a,9aa40081-5ec1-4ab4-b92d-2f23a2dca26f,42454fcd-d17a-49e3-bbea-d060a5918445,1 and 2
2022,25,b,3cd522ba-5cf0-4245-877d-52429d2c6b1d,42454fcd-d17a-49e3-bbea-d060a5918445,2 only
2022,25,c,0afe9bed-c0bc-4fed-80d9-87791882fa4b,42454fcd-d17a-49e3-bbea-d060a5918445,1 and 3
2022,25,d,7cbc5518-5350-4ea6-84dd-d29aa60f7142,42454fcd-d17a-49e3-bbea-d060a5918445,3 only
2022,26,a,2ebfd8d8-927f-45bb-be1d-1f736dd1ea3a,ff87273a-7da0-49ce-aeb9-1c1385fd3def,Region along the eastern Mediterranean shores
2022,26,b,b41e9511-1d7c-474d-9bc6-8ab4e4effca8,ff87273a-7da0-49ce-aeb9-1c1385fd3def,Region along North African shores stretching from Egypt to Morocco
2022,26,c,a9e6710c-de72-41dd-83ad-4fe5c166329f,ff87273a-7da0-49ce-aeb9-1c1385fd3def,Region along Persian Gulf and Horn of Africa
2022,26,d,73981549-4220-4719-af30-7448a8a41328,ff87273a-7da0-49ce-aeb9-1c1385fd3def,The entire coastal Mediterranean Sea of areas
2022,27,a,3fc06660-ec50-45e0-8a8e-aa71858bc60a,a99852cf-f089-45af-9826-16b682d2cb90,"1, 2 and 5 only"
2022,27,b,7687b186-5c46-40bb-954f-d1974f34190c,a99852cf-f089-45af-9826-16b682d2cb90,"1, 2, 3 and 4 only"
2022,27,c,84afb09c-0cdb-4451-9120-c0c745e0510a,a99852cf-f089-45af-9826-16b682d2cb90,"3, 4 and 5 only"
2022,27,d,711c780f-52e5-4448-8687-1960eda0f508,a99852cf-f089-45af-9826-16b682d2cb90,"1, 2, 3, 4 and 5"
2022,28,a,87227bb2-8e64-4dfd-913a-26d6e6eb071a,57bcda84-d8c2-4acc-868b-eebddeb30634,"1, 2 and 3 only"
2022,28,b,5ce17ae7-4607-4586-83e6-ad3351cf8498,57bcda84-d8c2-4acc-868b-eebddeb30634,"1, 2 and 4 only"
2022,28,c,bb45e5cd-1a15-483f-a87a-9d19b4d973a5,57bcda84-d8c2-4acc-868b-eebddeb30634,3 and 4 only
2022,28,d,6a9c1554-cbc0-4464-bd40-c25163ecef6d,57bcda84-d8c2-4acc-868b-eebddeb30634,"1, 2, 3 and 4"
2022,29,a,f97bdad0-c59a-42c6-b68c-68a85b906982,db53a9cf-39e7-418d-8e07-b606dfa36bf5,First half of the month of June
2022,29,b,0b1b28a6-43d1-4672-a6c6-32c79ddc01f5,db53a9cf-39e7-418d-8e07-b606dfa36bf5,Second half of the month of June
2022,29,c,55cc7206-db9c-4402-8afd-0a6f20128023,db53a9cf-39e7-418d-8e07-b606dfa36bf5,First half of the month of July
2022,29,d,1ab0166c-7b8d-40e1-8c1c-eaabfca6a2cd,db53a9cf-39e7-418d-8e07-b606dfa36bf5,Second half of the month of July
2022,30,a,f48167f8-e502-4bd4-b4b7-5284cc460d4a,7a1d0ace-ac1d-418c-9d8f-2f1ca757a64a,Only one pair
2022,30,b,6ca28118-043e-46f4-bf9d-649e2a805a10,7a1d0ace-ac1d-418c-9d8f-2f1ca757a64a,Only two pairs
2022,30,c,1c8a5ccb-bb6d-4f76-aaaa-e5052c20f22c,7a1d0ace-ac1d-418c-9d8f-2f1ca757a64a,Only three pairs
2022,30,d,07328254-ac97-4ed1-81db-ef8b28b3199b,7a1d0ace-ac1d-418c-9d8f-2f1ca757a64a,All four pairs
2022,31,a,a5116030-8987-41e3-99ec-843d45c3cf40,ecf8d291-b4f5-4db6-b9b8-ef9f2387b2fb,1 and 2 only
2022,31,b,fc39c9f5-73d6-4cc7-9551-332178bde50a,ecf8d291-b4f5-4db6-b9b8-ef9f2387b2fb,"2, 3 and 4 only"
2022,31,c,9880ca24-cbb7-4649-94cf-9f38ab6f3cb8,ecf8d291-b4f5-4db6-b9b8-ef9f2387b2fb,"1, 3 and 4 only"
2022,31,d,3817af5d-7895-4344-97b1-a059badff94f,ecf8d291-b4f5-4db6-b9b8-ef9f2387b2fb,"1, 2, 3 and 4"
2022,32,a,082f7315-5fcc-4267-838d-31cf6e040b73,de6e6b61-0235-48f7-8919-c38876f68601,1 and 2 only
2022,32,b,3cd8493c-98b8-425f-850e-2d680c744158,de6e6b61-0235-48f7-8919-c38876f68601,2 and 3 only
2022,32,c,a1529ca2-b1f0-4530-b467-5ee422cf67a8,de6e6b61-0235-48f7-8919-c38876f68601,1 and 3 only
2022,32,d,3dfca1a4-2ccd-4774-991d-f403755d84e0,de6e6b61-0235-48f7-8919-c38876f68601,"1, 2, and 3"
2022,33,a,5b4d8a43-776c-4671-ba61-abd4845d61bc,4036152c-c211-40e3-b460-59d2f0d85d11,1 and 2 only
2022,33,b,e0233624-4770-4be5-9928-0fddf5b04619,4036152c-c211-40e3-b460-59d2f0d85d11,2 and 3 only
2022,33,c,ef1b1842-83bb-4149-b481-7011147d3638,4036152c-c211-40e3-b460-59d2f0d85d11,1 and 3 only
2022,33,d,2e1fe054-e6b4-4bb2-b567-767060b7df07,4036152c-c211-40e3-b460-59d2f0d85d11,"1, 2 and 3"
2022,34,a,fa2c224d-d147-4eb5-b9d6-a93f564e9ddb,4c90f0e7-b09a-4cc2-89b6-853c5efa3d65,A hypersonic missile is launched into space to counter the asteroid approaching the Earth and explode it in space.
2022,34,b,31d76f24-31e0-4da0-8ab0-709bf53b7784,4c90f0e7-b09a-4cc2-89b6-853c5efa3d65,A spacecraft lands on another planet after making several orbital motions.
2022,34,c,d82e7af5-e18d-4d7e-915c-47ed83c21844,4c90f0e7-b09a-4cc2-89b6-853c5efa3d65,A missile is put into a stable orbit around the Earth and deorbits over a target on the Earth.
2022,34,d,3b73f075-ad1a-4f36-b8da-a8f121746074,4c90f0e7-b09a-4cc2-89b6-853c5efa3d65,A spacecraft moves along a comet with the same surface. speed and places a probe on its
2022,35,a,b7df7194-7195-4e4f-bbab-446b538f0755,7c739e55-56e0-4198-ae87-5b9fa1e69c5c,Cloud Services
2022,35,b,7430f432-04c1-49e6-8867-2cf307159f03,7c739e55-56e0-4198-ae87-5b9fa1e69c5c,Quantum Computing
2022,35,c,e78948d0-fc68-4e83-9cae-b599b2b3fc54,7c739e55-56e0-4198-ae87-5b9fa1e69c5c,Visible Light Communication Technologies
2022,35,d,784b3965-2fd3-4d28-bd82-5afed1797d01,7c739e55-56e0-4198-ae87-5b9fa1e69c5c,Wireless Communication Technologies
2022,36,a,134ba73d-ed4f-455d-85e8-dece37e361bc,68c5a960-1fc0-40ca-9a16-e5fa2ef4ebc4,1 and 2 only.
2022,36,b,ba5f651b-ba42-4de6-8088-e4e4456eef61,68c5a960-1fc0-40ca-9a16-e5fa2ef4ebc4,2 and 3 only
2022,36,c,e04f6405-f90b-404c-9e38-498a1657d42e,68c5a960-1fc0-40ca-9a16-e5fa2ef4ebc4,1 and 3 only
2022,36,d,0a076a7f-6206-4e55-9048-3386faeed07e,68c5a960-1fc0-40ca-9a16-e5fa2ef4ebc4,"1, 2 and 3"
2022,37,a,bf28e2fb-785d-405e-ac3e-e77a7d778257,27456924-718b-411e-b3e5-3e2780f618b8,1 and 2 only
2022,37,b,962acd02-dc66-4d7e-bac0-c089e4dbeb0d,27456924-718b-411e-b3e5-3e2780f618b8,2 and 3 only
2022,37,c,b305258d-6b19-4df4-bbd4-3922360d2cea,27456924-718b-411e-b3e5-3e2780f618b8,1 and 3 only
2022,37,d,986e80ba-f085-4fb9-a693-6ca49cf97070,27456924-718b-411e-b3e5-3e2780f618b8,"1, 2 and 3"
2022,38,a,a57247cd-7d37-4882-9c44-9fdce5524e30,0bb85111-7010-4de6-9821-ae328f7a9713,1 only
2022,38,b,e0a71c7a-457d-4394-9b82-91e9d713ca0e,0bb85111-7010-4de6-9821-ae328f7a9713,2 only
2022,38,c,e90e1097-e839-4b0c-94cb-3268b61ec876,0bb85111-7010-4de6-9821-ae328f7a9713,1 and 3
2022,38,d,ed5eb3fa-d8bd-413b-ba0e-ee4c00fad69e,0bb85111-7010-4de6-9821-ae328f7a9713,2 and 3
2022,39,a,abec3f2f-261e-4c6d-9b39-a03bb6b516c8,65fcd877-0a99-4723-a6f6-e7dbabd4afdb,1 and 2 only
2022,39,b,85ce9a20-30b6-4194-bfee-81c5239fb747,65fcd877-0a99-4723-a6f6-e7dbabd4afdb,2 and 3 only
2022,39,c,e43123a7-158f-4dc4-ac27-e81dc335020a,65fcd877-0a99-4723-a6f6-e7dbabd4afdb,1 and 3 only
2022,39,d,7e08315f-c25d-4597-b033-4055d6874146,65fcd877-0a99-4723-a6f6-e7dbabd4afdb,"1, 2 and 3"
2022,40,a,f6360825-7bc3-4232-af74-07e257012f5c,647a52a8-e873-4f72-ac64-24156a7403d3,"1, 2, 4 and 5 only"
2022,40,b,91a8d2b3-87b2-416d-8cb0-b861d543e396,647a52a8-e873-4f72-ac64-24156a7403d3,"2, 3, 5, 6 and 7 only"
2022,40,c,5232828c-f678-4e0e-9f84-0d2fcd05c6eb,647a52a8-e873-4f72-ac64-24156a7403d3,"1, 3, 4, 6 and 7 only"
2022,40,d,22a8fa19-4031-441a-bbeb-df91b6565b53,647a52a8-e873-4f72-ac64-24156a7403d3,"1, 2, 3, 4, 5, 6 and 7"
2022,41,a,c5c03957-7d7f-4407-b183-fa30074b86e6,384d501d-11a9-437b-9910-7e4bd26c3c4f,Database created by coalition of research organisations
2022,41,b,0fbd1c96-d9d7-4e15-b31d-b5c0883c143f,384d501d-11a9-437b-9910-7e4bd26c3c4f,Wings of “International panel of Climate Change”
2022,41,c,890c2473-94d7-4163-b1b2-49d9bcf64478,384d501d-11a9-437b-9910-7e4bd26c3c4f,Committee under United nations Framework Convention on Climate Change”
2022,41,d,54e70cbe-6380-4aab-b988-89479bad70f3,384d501d-11a9-437b-9910-7e4bd26c3c4f,Agency promoted and financed by United Nations Environment Programme and World Bank
2022,42,a,0194dd04-af9b-4399-ae3d-fc91a91fd231,58cb78ab-94cc-4107-a6a4-317dc76139f4,"1, 2, 4 and 5"
2022,42,b,b87a190e-302e-4b2c-8f94-d10b002c3945,58cb78ab-94cc-4107-a6a4-317dc76139f4,"1,3 and 4 only"
2022,42,c,9c9b645a-962e-4a98-b667-8f44dac5091f,58cb78ab-94cc-4107-a6a4-317dc76139f4,"2, 3 and 5 only"
2022,42,d,e4607e2e-f7d7-4121-a7d9-aa49078b5615,58cb78ab-94cc-4107-a6a4-317dc76139f4,"1, 2, 3, 4 and 5"
2022,43,a,3b9ceff9-9933-4ecb-bd25-a4dbade11ceb,85255164-4dd2-4ea7-aa0a-a4bcf24ad9ea,"The water cycle in wetlands involves surface runoff, subsoil percolation and evaporation."
2022,43,b,cd4f0971-842c-4ede-8f45-5830e45f6d7d,85255164-4dd2-4ea7-aa0a-a4bcf24ad9ea,"Algae form the nutrient base upon which fish, crustaceans, molluscs, birds, reptiles and mammals thrive."
2022,43,c,5f7584ba-7f36-4b47-8378-73866570d7b3,85255164-4dd2-4ea7-aa0a-a4bcf24ad9ea,Wetlands play a vital role in maintaining sedimentation balance and soil stabilization.
2022,43,d,ac5b113c-1b84-491f-8f54-1018f115f581,85255164-4dd2-4ea7-aa0a-a4bcf24ad9ea,Aquatic plants absorb heavy metals and excess nutrients.
2022,44,a,9fdceefb-a514-495c-af7a-20d19dff17b7,82c104ec-0ffb-4744-96bc-8b67543bc78d,"1, 3 and 4"
2022,44,b,3cd3469a-d8e1-47aa-ae1e-4b5ff8978718,82c104ec-0ffb-4744-96bc-8b67543bc78d,1 and 4 only
2022,44,c,e285c077-222b-44a9-8e59-31dc9fe4a0ec,82c104ec-0ffb-4744-96bc-8b67543bc78d,"2, 3 and 4"
2022,44,d,dd1869c9-0af2-4a64-aa50-2121058a94af,82c104ec-0ffb-4744-96bc-8b67543bc78d,1 and 2 only
2022,45,a,a4c54f1e-92d6-4eb5-bb68-bd5757df18b4,0aca2efa-ed18-4e00-83c4-22a1d66354d9,1 only
2022,45,b,cc44d441-66b6-45ec-94b5-1229199bdd3a,0aca2efa-ed18-4e00-83c4-22a1d66354d9,3 only
2022,45,c,9d914929-b384-43bf-b855-a3388c76f7fa,0aca2efa-ed18-4e00-83c4-22a1d66354d9,1 and 2
2022,45,d,7f02c8f0-190b-45b1-a3d9-02b736435360,0aca2efa-ed18-4e00-83c4-22a1d66354d9,2 and 3
2022,46,a,a669faa4-d95e-4e4b-aba3-5f5e180a1e2d,a92265f2-db7f-4cd3-a1d0-ed65cfe8204d,1 and 3
2022,46,b,27bf07d8-ecde-4711-bdc5-284147b4a655,a92265f2-db7f-4cd3-a1d0-ed65cfe8204d,2 and 4
2022,46,c,f3c9ae7e-2811-4830-83c6-12e9116ffc8e,a92265f2-db7f-4cd3-a1d0-ed65cfe8204d,1 and 4
2022,46,d,ad59ecdd-a3d1-4d37-8d76-300a183a2576,a92265f2-db7f-4cd3-a1d0-ed65cfe8204d,2 and 3
2022,47,a,de2f4d96-87b4-42ee-aeaf-bbf205ad6bf6,43d97480-adf9-4c52-bb85-31222b82dbd6,Golden Mahseer
2022,47,b,68212d61-72c5-4dcf-ab75-60d7428a5ff6,43d97480-adf9-4c52-bb85-31222b82dbd6,Indian Nightjar
2022,47,c,cdc8e805-75ae-4ecd-8460-04f6553e3fbc,43d97480-adf9-4c52-bb85-31222b82dbd6,Spoonbill
2022,47,d,fbbf12b4-8604-42c6-b09c-2a8198a93583,43d97480-adf9-4c52-bb85-31222b82dbd6,White Ibis
2022,48,a,1864674b-052b-4e62-881e-755ec6a08c81,cf27cca9-8505-4b24-8e9e-65a1f0f21a98,"1, 3 and 4 only"
2022,48,b,e859da82-aab2-4f7a-b9ef-882b29db7611,cf27cca9-8505-4b24-8e9e-65a1f0f21a98,"1, 3, 5 and 6 only"
2022,48,c,20d3b938-70d2-408d-9e82-24fd6026d955,cf27cca9-8505-4b24-8e9e-65a1f0f21a98,"2, 4, 5 and 6 only"
2022,48,d,f428e1db-46a6-49fc-9150-5227a464a70f,cf27cca9-8505-4b24-8e9e-65a1f0f21a98,"1, 2, 4, 5 and 6"
2022,49,a,b7a3f243-2bbd-48b9-8c02-9c41cc154098,a776e236-4168-4ec6-a00d-a0dd13a28edd,Restoration of damaged coral reefs
2022,49,b,aa341164-aa02-45c3-af9d-e9ed0660afaa,a776e236-4168-4ec6-a00d-a0dd13a28edd,Development of building materials using plant residues
2022,49,c,b8ba7f2c-d8e1-440e-bbf7-00c2e47f4aff,a776e236-4168-4ec6-a00d-a0dd13a28edd,Identification of areas for exploration/extraction of shale gas
2022,49,d,1053664f-f89a-442c-a498-a6bc6dd82e2b,a776e236-4168-4ec6-a00d-a0dd13a28edd,Providing salt licks for wild animals in forests/protected areas
2022,50,a,4f7f5f1a-5dc2-4868-a5f0-86f3652d721f,a45e7252-9d11-4c3e-8c30-b3afca0f1a19,Promotion of commercial farming in arid and semi-arid areas
2022,50,b,1e8734ea-0881-4016-8241-4f1fdd694aca,a45e7252-9d11-4c3e-8c30-b3afca0f1a19,. Harvesting wind energy on coastal areas and on sea surfaces
2022,50,c,075fc2c0-b6c3-4953-9a26-2807eb0edfd4,a45e7252-9d11-4c3e-8c30-b3afca0f1a19,Development of gardens genetically modified flora using
2022,50,d,ce09cb16-5b7e-4994-942c-d3cdd62063eb,a45e7252-9d11-4c3e-8c30-b3afca0f1a19,Creation of mini forests in urban areas
2022,51,a,b099bf29-1c72-42a9-88fb-851ec5dce9d2,ce7adced-ba46-41a0-acff-07b0fc127ec3,"1, 2 and 3"
2022,51,b,b19dd0af-c202-4d86-a74e-f59a00c8a78c,ce7adced-ba46-41a0-acff-07b0fc127ec3,"2, 3 and 4"
2022,51,c,ab3f3c21-a4ca-4163-a1d5-b1987a3df916,ce7adced-ba46-41a0-acff-07b0fc127ec3,"1, 3 and 4"
2022,51,d,17827c4b-5f43-4bfe-a93d-305910084126,ce7adced-ba46-41a0-acff-07b0fc127ec3,"1, 2 and 4"
2022,52,a,0ad88e7b-c529-4ea6-87c6-ae2d85a7ed35,3be6d680-5cd7-48e5-a12b-e5d345eac8f8,Clothing
2022,52,b,0291a173-1bbb-4319-9493-754cb9f45e27,3be6d680-5cd7-48e5-a12b-e5d345eac8f8,Coins
2022,52,c,0e86d94d-ee88-45b5-a132-21ffd61c8869,3be6d680-5cd7-48e5-a12b-e5d345eac8f8,Ornaments
2022,52,d,bd05bde2-0114-448e-a330-482af440c84a,3be6d680-5cd7-48e5-a12b-e5d345eac8f8,Weapons
2022,53,a,41f190bf-3405-418b-9972-ece605512b7c,0fd1f32f-f09f-4905-b795-905744ea32fc,1 and 2
2022,53,b,9eb9ad22-47bf-483c-8dba-69bd1b5794dd,0fd1f32f-f09f-4905-b795-905744ea32fc,2 only
2022,53,c,f7f04a72-2984-42ea-b4a2-5810878e1737,0fd1f32f-f09f-4905-b795-905744ea32fc,1 and 3
2022,53,d,4ff8e627-b1b5-49a4-a54c-fc6539ee6886,0fd1f32f-f09f-4905-b795-905744ea32fc,3 only
2022,54,a,876c013c-1c68-4604-8d78-0f398a785d74,0292febd-e2e0-4455-aac8-55f5d671256f,1 only
2022,54,b,a66cff22-3aed-4019-9543-720b4d083f11,0292febd-e2e0-4455-aac8-55f5d671256f,2 only
2022,54,c,580afdd9-65ae-4c92-8584-d9836d00e76f,0292febd-e2e0-4455-aac8-55f5d671256f,Both 1 and 2
2022,54,d,31537a75-d40f-470f-a3c2-db41367b83c5,0292febd-e2e0-4455-aac8-55f5d671256f,Neither 1 nor 2
2022,55,a,f5d5077b-b0e5-4987-888e-bedcace79e87,9b2875a6-2fae-4bf7-b260-f6401284ceec,"1, 2 and 3"
2022,55,b,069876c7-5169-4394-8468-4ac6cbfed293,9b2875a6-2fae-4bf7-b260-f6401284ceec,2 and 4
2022,55,c,c767349d-af3e-4ac0-ae3f-92d19293e330,9b2875a6-2fae-4bf7-b260-f6401284ceec,"1, 3 and 4"
2022,55,d,943949ec-5f43-4499-a0a7-1cd1f453850c,9b2875a6-2fae-4bf7-b260-f6401284ceec,"2, 3 and 4"
2022,56,a,266fe628-a30a-411d-9525-22cdc49a9c0e,c4ad7bf3-de75-4d7f-aaca-128e0807a9b7,None of the pairs
2022,56,b,d4ab5ae6-b5a6-4c87-b62d-55014ff2c788,c4ad7bf3-de75-4d7f-aaca-128e0807a9b7,Only one pairs
2022,56,c,824cfd31-7bb8-40f6-bfeb-a772c0bc668f,c4ad7bf3-de75-4d7f-aaca-128e0807a9b7,Only two pairs
2022,56,d,a280ebb0-7667-49b5-a054-f550ec39330b,c4ad7bf3-de75-4d7f-aaca-128e0807a9b7,All three pairs
2022,57,a,38b1d4f2-8123-49cc-81bb-790e286f4f55,20924150-b755-4757-9e7b-a50313b358c3,1 and 2
2022,57,b,ec8e81a9-9790-4316-9272-190625b930c3,20924150-b755-4757-9e7b-a50313b358c3,2 only
2022,57,c,ec974095-4aca-47b5-9412-1d456e849bf5,20924150-b755-4757-9e7b-a50313b358c3,1 and 3
2022,57,d,2f046282-492f-489c-9cb1-d8ce6f45053d,20924150-b755-4757-9e7b-a50313b358c3,3 only
2022,58,a,a335692a-e420-4f38-88ad-1e4c3be1292c,950f66e0-f586-4f7a-bb6d-67f943d54e7c,Arab merchants
2022,58,b,7c55df47-493b-472f-a2c6-0fb437b733c3,950f66e0-f586-4f7a-bb6d-67f943d54e7c,Qalandars
2022,58,c,efe2eabc-4a54-4284-8d7b-c9da0f0852c6,950f66e0-f586-4f7a-bb6d-67f943d54e7c,Persian calligraphists
2022,58,d,e3004f82-b422-412a-94d6-08933a25d886,950f66e0-f586-4f7a-bb6d-67f943d54e7c,Sayyids
2022,59,a,db092f51-e917-4d1c-83b0-57d107a65cd7,690c0633-e341-4a9a-8c66-990f97cfe6ae,1 and 2 only
2022,59,b,59980838-7cdd-411c-baf6-5c5048c69212,690c0633-e341-4a9a-8c66-990f97cfe6ae,2 and 3 only
2022,59,c,a6a0d982-6740-49c7-95e4-931bcad3ec27,690c0633-e341-4a9a-8c66-990f97cfe6ae,1 and 3 only
2022,59,d,54f0b822-70e1-4fda-b752-e31b108890db,690c0633-e341-4a9a-8c66-990f97cfe6ae,"1, 2 and 3"
2022,60,a,12883757-ab3c-444a-b7a3-4d8d5adc8102,5755484f-3834-4059-b2ec-39465464c4d8,1 and 2 only
2022,60,b,a40b090b-4aad-4929-91ab-598ffbd78793,5755484f-3834-4059-b2ec-39465464c4d8,2 and 3 only
2022,60,c,55fe86c3-4bfa-4240-b4c8-4cbd0c10a707,5755484f-3834-4059-b2ec-39465464c4d8,1 and 3 only
2022,60,d,91fc871c-05c3-4cda-b0b5-5ed9e8d80241,5755484f-3834-4059-b2ec-39465464c4d8,"1, 2 and 3"
2022,61,a,78c64ae2-0037-4972-857e-dea7e18df027,0dba293a-dfde-4bb2-831a-b088430da53f,1 and 2 only
2022,61,b,463cd2f3-ee6d-4a5f-8fed-69caf9aef4fb,0dba293a-dfde-4bb2-831a-b088430da53f,2 and 3 only
2022,61,c,2c861ee8-9503-45f4-8d86-edadcef8243d,0dba293a-dfde-4bb2-831a-b088430da53f,1 and 3 only
2022,61,d,aeb12c91-4e03-485f-bcc2-ad1ceac4d14d,0dba293a-dfde-4bb2-831a-b088430da53f,"1, 2 and 3"
2022,62,a,d6be5de4-b161-4f83-a615-236c401f93cd,4a87ffcb-4694-409b-9226-06f598aebad5,Only one State
2022,62,b,05262bf8-a53a-4ed0-be5c-2131fb391e49,4a87ffcb-4694-409b-9226-06f598aebad5,Only two States
2022,62,c,bd143c24-9338-4ec3-a801-a959f919e5b5,4a87ffcb-4694-409b-9226-06f598aebad5,Only three States
2022,62,d,0d699b21-0bfd-4d8a-96c6-b56ed46a38f9,4a87ffcb-4694-409b-9226-06f598aebad5,All four States
2022,63,a,a1197c96-8081-4340-befe-e58c941193f6,e888a5d7-65bb-4e14-84cd-bc6043107841,1 and 2 only
2022,63,b,1e196e34-786d-48b2-a3ab-71222b9d5ca7,e888a5d7-65bb-4e14-84cd-bc6043107841,2 and 3 only
2022,63,c,43048aff-13c5-4e1a-9188-05c08403942e,e888a5d7-65bb-4e14-84cd-bc6043107841,1 and 3 only
2022,63,d,f7cce3f6-0db7-40ed-8ae3-408fc2ca95ec,e888a5d7-65bb-4e14-84cd-bc6043107841,"1, 2 and 3"
2022,64,a,df3c642d-644c-454b-84f4-1b58d739118f,ecc8d731-862b-48e7-b603-b9f72792f21a,1 and 2 only
2022,64,b,e5012e75-037f-431f-a671-6289b510e3d5,ecc8d731-862b-48e7-b603-b9f72792f21a,2 and 3 only
2022,64,c,a2237d3c-07f2-4aac-a77d-550ff6f71215,ecc8d731-862b-48e7-b603-b9f72792f21a,1 and 3 only
2022,64,d,f2afb90a-9100-4e3c-b5aa-0315be434403,ecc8d731-862b-48e7-b603-b9f72792f21a,"1, 2 and 3"
2022,65,a,9d5aa4bb-13bd-492e-998e-de180e49ede8,768fe17f-67a2-4201-8e63-0192032a588f,1 only
2022,65,b,fcd87deb-2adc-4dab-8462-1e8ecb378478,768fe17f-67a2-4201-8e63-0192032a588f,2 only
2022,65,c,304d81b3-782a-40e6-8e28-e1682a9400bb,768fe17f-67a2-4201-8e63-0192032a588f,Both 1 and 2
2022,65,d,1e20f026-9ee1-4b18-9c10-c72529e945ca,768fe17f-67a2-4201-8e63-0192032a588f,Neither 1 nor 2
2022,66,a,1ecb7555-82a6-4061-994d-71a42dc440c2,19c0ca66-1b93-469a-a159-cd8b76466966,1 and 2 only
2022,66,b,363c6165-2b2c-49ba-81d0-9ffdd9d9af1e,19c0ca66-1b93-469a-a159-cd8b76466966,3 only
2022,66,c,8a2946ec-2c6a-4a93-8770-4b26c8cf09f8,19c0ca66-1b93-469a-a159-cd8b76466966,2 and 3 only
2022,66,d,588a36bf-4c96-4080-9e3c-ba4a1fe23dd7,19c0ca66-1b93-469a-a159-cd8b76466966,"1, 2 and 3"
2022,67,a,b64d4f7a-90b8-4086-b47c-0c80faac1091,6be57bb2-eb58-4056-ba3f-780b175e6370,2 and 4
2022,67,b,d3e1522d-065d-48f5-a572-02ae7926a6b7,6be57bb2-eb58-4056-ba3f-780b175e6370,3 and 5
2022,67,c,c64acf92-ebcf-49ff-95a8-cb539ef5f9c2,6be57bb2-eb58-4056-ba3f-780b175e6370,1 and 2
2022,67,d,883f81c0-b6c9-4b6b-8f4a-6169dde0711c,6be57bb2-eb58-4056-ba3f-780b175e6370,"1, 3 and 4"
2022,68,a,c60eddbf-366e-4b21-b633-05509079b25e,b4ae3371-0432-4ffa-83ab-313380f49c84,Department of Consumer Affairs
2022,68,b,7656b155-a56c-4c7a-9382-db3bc6a89f98,b4ae3371-0432-4ffa-83ab-313380f49c84,Expenditure Management Commission
2022,68,c,00a9d464-a25b-4b78-af3d-4bda4a799701,b4ae3371-0432-4ffa-83ab-313380f49c84,Financial Stability and Development Council
2022,68,d,e0e76550-b295-460a-8d7c-de1d67a84014,b4ae3371-0432-4ffa-83ab-313380f49c84,Reserve Bank of India
2022,69,a,f8e5f6bc-06ec-40c1-8c9b-83c4761efbdb,64f00407-6f52-49e2-abf1-0175e500877e,1 and 2 only
2022,69,b,b3ddc182-4be5-46ff-b155-52650ecfe550,64f00407-6f52-49e2-abf1-0175e500877e,2 and 3 only
2022,69,c,631416f9-0b09-401a-90b8-29bafaaacf10,64f00407-6f52-49e2-abf1-0175e500877e,1 and 3 only.
2022,69,d,8a09e6c3-0d01-4e41-9b38-abee5fd4be5b,64f00407-6f52-49e2-abf1-0175e500877e,"1, 2 and 3"
2022,70,a,287f1949-c92b-4090-ba4d-8e2fb4525810,1a02b6fc-0fc1-40ad-bd87-2eb6327e1383,Only one pair
2022,70,b,f717e898-9968-4a0a-82f0-af2046860380,1a02b6fc-0fc1-40ad-bd87-2eb6327e1383,Only two pairs PAY
2022,70,c,6ac9d110-66d0-4a6a-b49f-0b0b2534dc1e,1a02b6fc-0fc1-40ad-bd87-2eb6327e1383,Only three pairs
2022,70,d,751ac5f0-ad64-404a-b2f0-4b0a5f2d28c5,1a02b6fc-0fc1-40ad-bd87-2eb6327e1383,All four pairs
2022,71,a,4f9189c8-3b97-4b13-b8c0-3798cbd1d220,14c623b9-2848-4cfc-940d-6e0afdae7a00,Central Statistics office
2022,71,b,4c4632e1-157d-42c5-b09d-87b01b0c0112,14c623b9-2848-4cfc-940d-6e0afdae7a00,Department for Promotion of Industry and Internal Trade
2022,71,c,4ff3f6ba-b61f-40a8-9e30-3fb4bf53c538,14c623b9-2848-4cfc-940d-6e0afdae7a00,Labour Bureau
2022,71,d,da2f118d-64a4-4b91-a99f-7137aa960995,14c623b9-2848-4cfc-940d-6e0afdae7a00,National technical manpower Information System
2022,72,a,cdc6a0bd-8eef-4e5d-a466-7d6754578b1d,49fcc539-1105-43cb-818d-e9bd76becccf,"1, 2 and 3"
2022,72,b,d1d398ca-6f10-4e04-9164-f10ee672df8f,49fcc539-1105-43cb-818d-e9bd76becccf,3 and 4 only
2022,72,c,2016c488-2be9-4eac-8de1-c514bdec4d0a,49fcc539-1105-43cb-818d-e9bd76becccf,1 and 2 only
2022,72,d,43d2df24-6cf6-4028-8df3-45f14ed0cd46,49fcc539-1105-43cb-818d-e9bd76becccf,"1, 2 and 4"
2022,73,a,9765ff85-d469-46e3-b401-9a8018bb3343,33a90521-073d-40cf-92cb-b4e4fab9b21a,This would prevent the transfer of land of tribal people to non-tribal people.
2022,73,b,fc7ec3e2-59c7-4bb5-bc10-2d8bd8041079,33a90521-073d-40cf-92cb-b4e4fab9b21a,This would create a local self-governing body in that area.
2022,73,c,1bc6a9b1-fa1d-47f3-b006-80d5a87112e0,33a90521-073d-40cf-92cb-b4e4fab9b21a,This would convert that area into a Union Territory.
2022,73,d,d79f70d3-1c9d-4232-bd8f-b9bb849e5d4f,33a90521-073d-40cf-92cb-b4e4fab9b21a,The State having such areas would be declared a Special Category State.
2022,74,a,d02e9311-40d3-48d2-a029-dce2bf0ec878,726b67ee-5b84-449e-a4c3-f94c223bf0df,1 only
2022,74,b,349768ea-aa49-4561-90ce-4bca202a1363,726b67ee-5b84-449e-a4c3-f94c223bf0df,2 only
2022,74,c,904cdb51-2042-4759-a205-dc402b95b7ab,726b67ee-5b84-449e-a4c3-f94c223bf0df,Both 1 and 2
2022,74,d,b4524894-1a54-4d57-9e82-ac4f94ed4aeb,726b67ee-5b84-449e-a4c3-f94c223bf0df,Neither 1 nor 2
2022,75,a,5ce04615-f8cc-40d1-8596-f3a574cb3a74,a08ea356-3e67-4849-99b5-dbdc92950adb,Central Water Commission
2022,75,b,bc3aec54-acf9-43b4-a4c7-5064c908262d,a08ea356-3e67-4849-99b5-dbdc92950adb,Central Ground Water Board
2022,75,c,ac3107d8-a166-476a-92f5-0321bf0b1006,a08ea356-3e67-4849-99b5-dbdc92950adb,Central Ground Water Authority
2022,75,d,3279922e-47d5-4beb-8e81-61ad51a03031,a08ea356-3e67-4849-99b5-dbdc92950adb,National Water Development Agency
2022,76,a,cd6a9612-785e-4b27-8e97-c6d1b9b4b26f,6f66f375-0655-46bb-9daf-8dc46e89624d,3 only
2022,76,b,42adec99-1988-4fdd-9bef-d5688b32979e,6f66f375-0655-46bb-9daf-8dc46e89624d,1 and 3
2022,76,c,98f2b94c-c195-40aa-9bcd-e176ca80306c,6f66f375-0655-46bb-9daf-8dc46e89624d,2 and 3
2022,76,d,ddd73295-2f7f-4192-844d-e6fa11cb5af7,6f66f375-0655-46bb-9daf-8dc46e89624d,1 and 2
2022,77,a,f708e228-eaa3-4f69-a49e-eebdfccc9f17,a345c1a8-bf82-471f-a1f7-9cea3ccce271,It is the international code of safety for ships operating in polar waters.
2022,77,b,b055a0b4-0067-4663-a29d-d06b199c4fb9,a345c1a8-bf82-471f-a1f7-9cea3ccce271,It is the agreement of the countries around the North Pole regarding the demarcation of their territories in the polar region.
2022,77,c,4f59336e-b246-4a40-9ce5-43bd1cbbe284,a345c1a8-bf82-471f-a1f7-9cea3ccce271,It is set norms to be followed by the countries whose scientists undertake research studies in the North Pole and South Pole.
2022,77,d,18b6033b-f9ee-426c-bccc-0e5e0c2bbdf7,a345c1a8-bf82-471f-a1f7-9cea3ccce271,It is trade and security agreement of the member countries of the Arctic council.
2022,78,a,24e058d3-5489-4501-ab82-b7338a6903d2,d9ee466a-f37b-4539-bf85-f1a3860050d0,1 and 2 only
2022,78,b,d034cf0c-2551-4905-88ea-3868c9927d01,d9ee466a-f37b-4539-bf85-f1a3860050d0,2 and 3 only
2022,78,c,8e72fe54-9f64-45ad-b527-149435560e8e,d9ee466a-f37b-4539-bf85-f1a3860050d0,1 and 3 only
2022,78,d,f49fc0d3-18f7-4ecc-8f05-612bb1401a2e,d9ee466a-f37b-4539-bf85-f1a3860050d0,"1, 2 and 3"
2022,79,a,4cb542a9-1301-4cf9-b455-e43df78af20d,2b8052d5-bc25-4cd4-8969-c2c5459df7a1,1 and 3
2022,79,b,2502accd-58a9-4a09-936b-2d02e4afbf5e,2b8052d5-bc25-4cd4-8969-c2c5459df7a1,2 and 4
2022,79,c,4ee3cfbe-7801-410c-be86-e069a96e3c89,2b8052d5-bc25-4cd4-8969-c2c5459df7a1,3 and 4
2022,79,d,2bde9d51-e166-494a-bcc5-ecabaf424cea,2b8052d5-bc25-4cd4-8969-c2c5459df7a1,1 and 4
2022,80,a,e7639f50-4aac-448f-8a3c-918f916f7a8f,9968ffe7-d35c-4108-85cf-17440065c139,Conveying a false impression that a company’s products are eco-friendly and environmentally sound
2022,80,b,adb4352b-b57e-4daa-bf1f-b37f4ed28014,9968ffe7-d35c-4108-85cf-17440065c139,Non-inclusion of ecological/ environmental costs in the Annual Financial Statements of a country
2022,80,c,0858bbc1-f091-4be3-84a1-624ee1557937,9968ffe7-d35c-4108-85cf-17440065c139,Ignoring the consequences disastrous ecological while infrastructure development undertaking
2022,80,d,6fc0d96f-9fad-4fe7-b2d9-4e6c9ea9eb3f,9968ffe7-d35c-4108-85cf-17440065c139,Making mandatory provisions for environmental costs in a government project/programme
2022,81,a,8e19887f-f4bd-49bb-9fd1-fa0c4595564c,50d0338d-109d-4d4f-bb78-da7b0d06b4b7,1 only
2022,81,b,6c2700fa-a08c-431b-8b2d-845104e28a0d,50d0338d-109d-4d4f-bb78-da7b0d06b4b7,2 only
2022,81,c,0d47612b-d26f-46c3-967f-a7eba60860c2,50d0338d-109d-4d4f-bb78-da7b0d06b4b7,Both 1 and 2
2022,81,d,bb2c6422-71b8-427c-806e-4955e2152d4b,50d0338d-109d-4d4f-bb78-da7b0d06b4b7,Neither1 nor 2
2022,82,a,f37caae9-8204-4b25-a879-e5ea5e1099df,a9dfefad-1221-42e8-8248-e74dc5ff7091,1 and 2
2022,82,b,81574c80-ff68-423e-83e3-4a4c8e7abc69,a9dfefad-1221-42e8-8248-e74dc5ff7091,2 only
2022,82,c,b17d4c7e-e921-42ab-a541-1064cfe01027,a9dfefad-1221-42e8-8248-e74dc5ff7091,2 and 3
2022,82,d,c5bbbf50-4820-4c34-ab83-75f78c004191,a9dfefad-1221-42e8-8248-e74dc5ff7091,3 only
2022,83,a,11c55854-6a04-4575-8078-e15d0f9c0d16,7d3bcef4-ed0a-439f-9d2a-25a5f796bbdc,"1, 2 and 4"
2022,83,b,68a223d2-172e-4657-af56-5fba735c9f75,7d3bcef4-ed0a-439f-9d2a-25a5f796bbdc,1 and 3
2022,83,c,54fb523a-4614-4c0e-a03b-10aa04f3d248,7d3bcef4-ed0a-439f-9d2a-25a5f796bbdc,2 and 5
2022,83,d,f6da0dad-e0b3-4df6-a7de-f52a9d278fab,7d3bcef4-ed0a-439f-9d2a-25a5f796bbdc,"3, 4 and 5"
2022,84,a,b844bc52-4ae0-47fb-8c30-64b3352898a3,936cdc8f-0e1a-4041-a4b0-ea9fdc51579c,1 and 2
2022,84,b,230de40b-1cdc-40b3-9a15-3498e6e62bc5,936cdc8f-0e1a-4041-a4b0-ea9fdc51579c,2 only
2022,84,c,70fe7a4c-f5c6-4e78-9266-45cf5960a279,936cdc8f-0e1a-4041-a4b0-ea9fdc51579c,1 and 3
2022,84,d,4801716c-7127-44bc-91ce-6d8207fa4fa1,936cdc8f-0e1a-4041-a4b0-ea9fdc51579c,3 only
2022,85,a,4c582875-7154-4ef2-a62b-5b74d66f3555,3cb930cb-239d-4bfc-bd36-65a7c09493b0,1 and 2 only
2022,85,b,54a016cb-241c-415c-be30-8b34d2ee1d33,3cb930cb-239d-4bfc-bd36-65a7c09493b0,2 and 3 only
2022,85,c,430c9769-1786-4b31-b29e-ed7afde70250,3cb930cb-239d-4bfc-bd36-65a7c09493b0,1 and 3 only
2022,85,d,cd803c91-199f-44ba-831f-9d539ede9f80,3cb930cb-239d-4bfc-bd36-65a7c09493b0,"1, 2 and 3"
2022,86,a,d797c079-f699-4639-ba87-fd2e5db37cbf,c547bc18-a491-4e41-944e-16f828ba1482,It is generally believed that they are artificial islands made by a country around South China Sea.
2022,86,b,4474a51c-1397-450b-aab6-510cf156422a,c547bc18-a491-4e41-944e-16f828ba1482,China and Japan engage in maritime disputes over these islands in East China Sea.
2022,86,c,aa68646a-6f66-4c33-8084-eaa3a17b48a9,c547bc18-a491-4e41-944e-16f828ba1482,A permanent American military base has been set up there to help Taiwan to increase its defence capabilities.
2022,86,d,e03cd0bf-9d4c-4981-851d-13b715e05bd2,c547bc18-a491-4e41-944e-16f828ba1482,"Though International Court of Justice declared them as no man’s land, some South-East Asian countries claim them."
2022,87,a,50df32fe-1b21-4632-a240-dd1d2b8bd23f,6ceb30a0-3438-4e5d-ac45-01c32ccab22e,Only one pair
2022,87,b,f52a6c1f-f522-43db-9098-6ae27b12e205,6ceb30a0-3438-4e5d-ac45-01c32ccab22e,Only two pairs
2022,87,c,d0b2413b-e574-4a51-8718-0edde0e019e6,6ceb30a0-3438-4e5d-ac45-01c32ccab22e,Only three pairs
2022,87,d,79e0715c-5eec-4020-a1fb-2c35577a21dd,6ceb30a0-3438-4e5d-ac45-01c32ccab22e,All four pairs
2022,88,a,3707b984-0d33-42be-8d8e-b797cd335587,e9511f5f-cddc-42ac-9d70-28883c681076,Only one pair
2022,88,b,93474aaa-d7ad-48ab-aeef-605155e0de1d,e9511f5f-cddc-42ac-9d70-28883c681076,Only two pairs
2022,88,c,a7ea82dd-c5b9-41b5-bb21-c3f5214c8b10,e9511f5f-cddc-42ac-9d70-28883c681076,Only three pairs
2022,88,d,4f5e4f57-d924-4f3d-b812-45ec9587ebb0,e9511f5f-cddc-42ac-9d70-28883c681076,All four pairs
2022,89,a,3a136d17-5543-4511-963e-cf7185d64930,d5a9e10f-63a7-4833-b284-e75d1236bf84,1 and 2
2022,89,b,8d75211d-1ee1-4559-b7bf-694b00f11609,d5a9e10f-63a7-4833-b284-e75d1236bf84,2 only
2022,89,c,eb5d356a-a196-4506-8ebf-c9714d086f75,d5a9e10f-63a7-4833-b284-e75d1236bf84,1 and 3
2022,89,d,0ea46e25-63ad-4713-afb9-02d16c9932e3,d5a9e10f-63a7-4833-b284-e75d1236bf84,3 only
2022,90,a,c41d1e06-812c-4418-8d9f-ec94dbb6a85c,b3f93f35-2a7a-497d-892c-719b9bb6ea36,Ant
2022,90,b,dc912569-9e4a-4319-8c53-777cc313aad7,b3f93f35-2a7a-497d-892c-719b9bb6ea36,Cockroach
2022,90,c,5ad4cf57-1102-4f29-8205-4d811aec3a62,b3f93f35-2a7a-497d-892c-719b9bb6ea36,crab
2022,90,d,2b6743b1-a28e-4987-96a9-4fe86030c9ce,b3f93f35-2a7a-497d-892c-719b9bb6ea36,Spider
2022,91,a,84c2c575-af75-4672-a326-d97062689224,a7a38c33-0fbb-40a8-9982-22fd3ef67851,Only one pair
2022,91,b,16647dfd-584c-410a-8f96-821c2bb7d70a,a7a38c33-0fbb-40a8-9982-22fd3ef67851,Only two pairs
2022,91,c,471017bd-aaf2-43e4-b8a5-cd439941d92f,a7a38c33-0fbb-40a8-9982-22fd3ef67851,Only three pairs
2022,91,d,fe470aa7-84f9-4f34-a684-53bc7d87c87b,a7a38c33-0fbb-40a8-9982-22fd3ef67851,All four pairs
2022,92,a,673a2282-2228-43b9-b5af-b0ba856ad601,49bd06dc-faab-4891-8a42-35cf04cbd7b6,Only one pair
2022,92,b,c98bf5ae-172b-455f-b0c5-5e4b3321b708,49bd06dc-faab-4891-8a42-35cf04cbd7b6,Only two pairs
2022,92,c,db347d83-8441-4740-9b5d-bbdb8dfc613a,49bd06dc-faab-4891-8a42-35cf04cbd7b6,Only three pairs
2022,92,d,ba93b337-69be-4ae9-98ca-fe5f8461ed8d,49bd06dc-faab-4891-8a42-35cf04cbd7b6,All four pairs
2022,93,a,29e20ea0-fca7-476a-9d45-d2f238d19d17,9897e3fa-0f5c-49d2-a246-ec69cc6d56d9,Sangam poems are devoid of any reference to material culture.
2022,93,b,d8a6d02d-ad93-4968-be6c-90c2617a6f71,9897e3fa-0f5c-49d2-a246-ec69cc6d56d9,The social classification of Varna was known to Sangam poets.
2022,93,c,a93159f4-a41d-4ac0-8a94-be1475e6e4c7,9897e3fa-0f5c-49d2-a246-ec69cc6d56d9,Sangam poems have no reference to warrior ethic.
2022,93,d,62eec821-6da6-4e07-81e6-ac1862772aaf,9897e3fa-0f5c-49d2-a246-ec69cc6d56d9,Sangam literature refers to magical forces as irrational.
2022,94,a,bdf3310f-b18b-4059-bf7c-1dda7ff06a99,2cab776d-016c-45e2-a142-fb5da875d1c5,Akbar
2022,94,b,94c0bc74-52d0-41f9-b033-580c4f3797dc,2cab776d-016c-45e2-a142-fb5da875d1c5,Humayun
2022,94,c,55df3c77-5aa9-486f-adad-fe1dc38a6ae6,2cab776d-016c-45e2-a142-fb5da875d1c5,Shahjahan
2022,94,d,2fe55dc3-9eb2-439e-8421-c3f727aa208f,2cab776d-016c-45e2-a142-fb5da875d1c5,Aurangzeb
2022,95,a,c0542f23-ae0e-42a9-a08d-671f29cede56,25120957-35c2-41c1-82ae-7c29cbc8e513,The best means of salvation was devotion.
2022,95,b,0001851a-2f45-4826-9637-4674cadd7216,25120957-35c2-41c1-82ae-7c29cbc8e513,"Vedas are eternal, self-existent and wholly authoritative."
2022,95,c,4e933e0a-3861-49fb-8e8e-3ad74fa9dc8e,25120957-35c2-41c1-82ae-7c29cbc8e513,Logical arguments were meant for the highest bliss.
2022,95,d,82f378dc-925d-47d8-bef5-ecc6589b6a4d,25120957-35c2-41c1-82ae-7c29cbc8e513,Salvation was to be obtained through meditation.
2022,96,a,d4135059-140d-41c9-9d19-754823665fea,2180ad22-fff1-4792-9f08-f3ffa0fd4fa5,1 and 2 only
2022,96,b,93111ffd-dc10-4e93-aab5-7b0a0074811c,2180ad22-fff1-4792-9f08-f3ffa0fd4fa5,2 and 3 only
2022,96,c,3470b548-59f0-46ed-9bb9-88ad6f30c0d1,2180ad22-fff1-4792-9f08-f3ffa0fd4fa5,1 and 3 only
2022,96,d,3a5f53a5-68ee-403f-b364-0e99e0c27224,2180ad22-fff1-4792-9f08-f3ffa0fd4fa5,"1, 2 and 3"
2022,97,a,16cddc29-bce7-4aa4-8827-9968bdda5b15,483f01ff-982e-44f1-9325-fa24c7517f83,They protect the environmental allergens. body
2022,97,b,f367448b-3b2f-4a90-ae92-9f5f8c716ba8,483f01ff-982e-44f1-9325-fa24c7517f83,They alleviate the body’s pain and inflammation.
2022,97,c,de4fc267-3747-4741-bb0f-bd63e164b643,483f01ff-982e-44f1-9325-fa24c7517f83,They act as immunosuppressants in the body.
2022,97,d,491f33b7-d729-4987-9b19-83f20e6fef17,483f01ff-982e-44f1-9325-fa24c7517f83,They protect the body from the diseases caused by pathogens.
2022,98,a,72251fbf-46ca-4e3e-b09f-a65e162bd035,fe9917d1-977c-4646-b12d-39dcb4207ac9,1 only
2022,98,b,b43822e9-5355-4e5f-babe-1c2c7daa3856,fe9917d1-977c-4646-b12d-39dcb4207ac9,3 only
2022,98,c,8e428cad-3834-4800-8355-bb7696938828,fe9917d1-977c-4646-b12d-39dcb4207ac9,1 and 2
2022,98,d,cda1678a-8479-433a-963b-0639780d637e,fe9917d1-977c-4646-b12d-39dcb4207ac9,2 and 3
2022,99,a,d0a4c045-de3c-46df-9e03-a6432be0694b,2b562e35-23c4-4d0d-a6f2-56dbccc60ba1,1 only.
2022,99,b,812ccba3-4837-4f9f-b873-b8e6e8d88130,2b562e35-23c4-4d0d-a6f2-56dbccc60ba1,3 only.
2022,99,c,3aeb95e6-1429-4b70-bca0-970d88a60ea8,2b562e35-23c4-4d0d-a6f2-56dbccc60ba1,1 and 2.
2022,99,d,ecd07c8d-fa66-414e-8147-d14f65dce89f,2b562e35-23c4-4d0d-a6f2-56dbccc60ba1,2 and 3.
2022,100,a,b2975890-2196-4bc8-8206-883936f177bd,7f02750b-bef0-429c-b592-e6698cd527f3,"1, 2 and 3"
2022,100,b,7f7b3742-987d-46c5-8f8e-a24638d46418,7f02750b-bef0-429c-b592-e6698cd527f3,2 and 4 only
2022,100,c,fa141f20-1776-4d74-b69c-0e32203d678d,7f02750b-bef0-429c-b592-e6698cd527f3,4 only
2022,100,d,36e9f78a-fcee-4bb5-a104-eb897e4b97b7,7f02750b-bef0-429c-b592-e6698cd527f3,"1, 3 and 4"
2023,1,a,d4f1d88f-bf6b-4e32-9373-740297b85b62,6d1d6d7e-8e2f-4e9c-88df-e71703804f5f,Only one
2023,1,b,8958dfe9-b16f-45bc-a824-281e3418ed1c,6d1d6d7e-8e2f-4e9c-88df-e71703804f5f,Only two
2023,1,c,b57e6656-8a06-468d-92cf-1c86dc15b243,6d1d6d7e-8e2f-4e9c-88df-e71703804f5f,All three
2023,1,d,c679be97-d16d-418b-b0b3-8a43a73870f1,6d1d6d7e-8e2f-4e9c-88df-e71703804f5f,None
2023,2,a,a1dff586-c791-4d89-8d91-2b4f0222c67f,ee1a8af0-6681-411c-9145-b70b1c012b4c,Only one pair
2023,2,b,d75d504b-039f-4e4c-a9b6-dfdcf66ef0df,ee1a8af0-6681-411c-9145-b70b1c012b4c,Only two pairs
2023,2,c,065d2ef4-867f-4935-8d84-c756a83443cb,ee1a8af0-6681-411c-9145-b70b1c012b4c,All three pairs
2023,2,d,186f606b-2790-4c57-bbe2-3e2059df0137,ee1a8af0-6681-411c-9145-b70b1c012b4c,None of the pairs
2023,3,a,16aa504d-cb55-4f60-8ef6-77b5fbefb394,ad6443b7-f730-4e38-8768-aeddf898a2b9,Only one
2023,3,b,864fc8b5-756f-43d4-b823-9d33a4af912a,ad6443b7-f730-4e38-8768-aeddf898a2b9,Only two
2023,3,c,6b085f0b-6cd4-48c5-a6e7-3c6ac454cdc0,ad6443b7-f730-4e38-8768-aeddf898a2b9,All three
2023,3,d,ad2b0e3e-aa98-4e0b-b9e6-db67095dce5f,ad6443b7-f730-4e38-8768-aeddf898a2b9,None
2023,4,a,f2e2a909-6043-49b3-a401-3e744bf23439,4487fa06-1411-4206-b2b7-1e0b185a2c8a,Only one
2023,4,b,19b85c7b-9b39-497c-b0eb-0eeea0147bb6,4487fa06-1411-4206-b2b7-1e0b185a2c8a,Only two
2023,4,c,53a4a1e9-7998-44f4-b4d6-44c3f228b13b,4487fa06-1411-4206-b2b7-1e0b185a2c8a,All three
2023,4,d,8bbb7779-cca9-440d-bb71-cffb8f050914,4487fa06-1411-4206-b2b7-1e0b185a2c8a,None
2023,5,a,4be06ba1-1a99-400a-b707-58bc64e865ca,c04f8f73-da5b-4c6c-b856-161df27a973c,Bhitarkanika Mangroves
2023,5,b,5dff3f74-09fd-4728-a180-89c05878c94a,c04f8f73-da5b-4c6c-b856-161df27a973c,Marakkanam Salt Pans
2023,5,c,1e52b5eb-9f8d-4e8b-900f-95dede06817b,c04f8f73-da5b-4c6c-b856-161df27a973c,Naupada Swamp
2023,5,d,390782aa-c0f9-4e9b-b5fc-f5859ca4841a,c04f8f73-da5b-4c6c-b856-161df27a973c,Rann of Kutch
2023,6,a,dbf638c0-b8f1-49fa-a80e-59233c5f6949,d666c5b4-85aa-4f2f-9c4b-1a9f76f7f490,Aluminium
2023,6,b,fcb47060-101c-43e4-9207-6cc98bc28418,d666c5b4-85aa-4f2f-9c4b-1a9f76f7f490,Copper
2023,6,c,06db5eb4-a2ad-415a-98ab-764bd19bb1bb,d666c5b4-85aa-4f2f-9c4b-1a9f76f7f490,Iron
2023,6,d,d172ac06-e1ec-4e85-8b96-9f53f2bba150,d666c5b4-85aa-4f2f-9c4b-1a9f76f7f490,Titanium
2023,7,a,d2e4c09a-dbd7-4402-9251-5ace25d2b92e,1d148fb9-1c18-45af-97ff-ff744ff4a727,Argentina
2023,7,b,c9e507d7-dc37-4a46-a76f-773ba7f7b5ef,1d148fb9-1c18-45af-97ff-ff744ff4a727,Botswana
2023,7,c,f362a757-1d7e-496c-a166-558a19d2ca11,1d148fb9-1c18-45af-97ff-ff744ff4a727,the Democratic Republic of the Congo
2023,7,d,0fa74fbc-814f-42de-b42a-f12517ced3d6,1d148fb9-1c18-45af-97ff-ff744ff4a727,Kazakhstan
2023,8,a,ce73bf8a-cc75-42eb-90b7-ea0ae82d0f84,da6cd2eb-9204-43e6-a471-ce2c22b65e9b,Cameroon
2023,8,b,a74505bf-33f9-44bd-a0bf-607444189f30,da6cd2eb-9204-43e6-a471-ce2c22b65e9b,Nigeria
2023,8,c,a43907d7-0111-43ac-a178-e1ba8ac6f5ff,da6cd2eb-9204-43e6-a471-ce2c22b65e9b,South Sudan
2023,8,d,ab80310e-55aa-497a-811f-4f87ecba51fd,da6cd2eb-9204-43e6-a471-ce2c22b65e9b,Uganda
2023,9,a,228badf9-72e5-4fcf-91d6-868958f295db,9035182e-f97e-409f-83ef-c0ad95eceb59,Only one
2023,9,b,1e2fa255-a765-4176-b954-c1a2d3b5dc49,9035182e-f97e-409f-83ef-c0ad95eceb59,Only two
2023,9,c,535a5e59-6576-4d8a-b37d-94ac99f319ca,9035182e-f97e-409f-83ef-c0ad95eceb59,All three
2023,9,d,528b8202-4473-47a6-b0e3-ecbc46a0ac59,9035182e-f97e-409f-83ef-c0ad95eceb59,None
2023,10,a,2f9fe282-2c33-4880-9a51-08acbffd06f7,266fc191-876a-4f87-8a83-8b3c72324666,Only one
2023,10,b,19711ad0-0d49-4b9a-9f46-7e83463f98ab,266fc191-876a-4f87-8a83-8b3c72324666,Only two
2023,10,c,73e1a085-caca-4c58-9e5b-0bd6cea86c2a,266fc191-876a-4f87-8a83-8b3c72324666,All three
2023,10,d,ec170181-d359-407f-8d20-b37a2c6fb13d,266fc191-876a-4f87-8a83-8b3c72324666,None
2023,11,a,86fd4f7f-c2c8-4452-b55a-787aefade93f,e4bcdcac-0260-429f-965b-146a64d58d8e,Both Statement-I and Statement-II are correct and Statement-II is the correct explanation for Statement-I
2023,11,b,a38f10c3-fc24-4808-a38f-13b022314fc9,e4bcdcac-0260-429f-965b-146a64d58d8e,Both Statement-I and Statement-II are correct and Statement-II is not the correct explanation for Statement-I
2023,11,c,f37c386c-cca0-4d83-969f-fc89df18270b,e4bcdcac-0260-429f-965b-146a64d58d8e,Statement-I is correct but Statement-II is incorrect
2023,11,d,437cd21b-bea9-49fc-a7da-e6e70bf2537f,e4bcdcac-0260-429f-965b-146a64d58d8e,Statement-I is incorrect but Statement-II is correct
2023,12,a,ce0c95b5-848a-4d15-926a-6804298426b5,051d9a2e-4236-4b69-88ca-ea94d5599af6,Both Statement-I and Statement-II are correct and Statement-II is the correct explanation for Statement-I
2023,12,b,52159f1c-b8f8-43d5-8f72-5914adb5a795,051d9a2e-4236-4b69-88ca-ea94d5599af6,Both Statement-I and Statement-II are correct and Statement-II is not the correct explanation for Statement-I
2023,12,c,847d3097-2fd5-4f53-a5c7-598164ebe677,051d9a2e-4236-4b69-88ca-ea94d5599af6,Statement-I is correct but Statement-II is incorrect
2023,12,d,40312fd1-069b-475a-8d47-1dd75633d155,051d9a2e-4236-4b69-88ca-ea94d5599af6,Statement-I is incorrect but Statement-II is correct
2023,13,a,5e40f27c-aad0-4a24-bb2d-41bee8c535a5,ef27040e-3b9d-494e-b5a8-de8039b7e47f,The International Union for Conservation of Nature
2023,13,b,dbde5baa-202e-4ae9-8ff3-963d14c6d20e,ef27040e-3b9d-494e-b5a8-de8039b7e47f,The United Nations Environment Programme
2023,13,c,3a18230a-5465-4e1f-a472-dad45fb3e6d5,ef27040e-3b9d-494e-b5a8-de8039b7e47f,The United Nations World Commission for Environment and Development
2023,13,d,a84d7ade-e944-4e08-afe5-77a7b4e995c2,ef27040e-3b9d-494e-b5a8-de8039b7e47f,The World Wide Fund for Nature
2023,14,a,4db38d10-8de4-421d-9dc8-d57e3cd07f51,e8b1b72c-4af0-4676-a4ca-0f1b39d97eef,Only one
2023,14,b,f4646b38-e45b-4a2b-9cc7-8cb166eb6308,e8b1b72c-4af0-4676-a4ca-0f1b39d97eef,Only two
2023,14,c,074b53b9-86b0-41eb-8485-29a40a8ef01d,e8b1b72c-4af0-4676-a4ca-0f1b39d97eef,All three
2023,14,d,82da28ee-ea01-4ef9-9094-3f03881ccaca,e8b1b72c-4af0-4676-a4ca-0f1b39d97eef,None
2023,15,a,92b24710-adaf-4e9c-a0f4-8f113e1b7bd0,64e7630d-6767-479b-922f-d515b7addce7,Butterflies
2023,15,b,8fdf16d4-b5f6-49e3-9787-c1c71a2962aa,64e7630d-6767-479b-922f-d515b7addce7,Dragonflies
2023,15,c,7e074b87-b5f6-4006-b679-f450d7015a8b,64e7630d-6767-479b-922f-d515b7addce7,Honeybees
2023,15,d,ee94ea10-17f8-41cd-a929-227f596b3283,64e7630d-6767-479b-922f-d515b7addce7,Wasps
2023,16,a,a19abd42-0108-4bac-82f7-20cf4b017891,8491cacd-e93d-4320-980b-4e42c1cfc893,Only one
2023,16,b,1b7aab27-0691-4e9a-91e5-a3aa75006341,8491cacd-e93d-4320-980b-4e42c1cfc893,Only two
2023,16,c,0f9c3542-173b-4310-a315-5a9337b261f6,8491cacd-e93d-4320-980b-4e42c1cfc893,Only three
2023,16,d,bc3a874e-1b85-44db-bd37-f631ca224a0c,8491cacd-e93d-4320-980b-4e42c1cfc893,All four
2023,17,a,55140947-82f0-4de8-b4c0-e578ce1685fa,2506c911-0791-4890-8628-a38ed7e6933e,Only one
2023,17,b,25b699cc-ec4c-40f3-a6d1-81b3a916e181,2506c911-0791-4890-8628-a38ed7e6933e,Only two
2023,17,c,71129afa-59e8-4f54-9294-7e6994a56a4f,2506c911-0791-4890-8628-a38ed7e6933e,All three
2023,17,d,0c69c650-a5b2-4845-b23b-e3263477f042,2506c911-0791-4890-8628-a38ed7e6933e,None
2023,18,a,47ef0cc3-068a-4057-8e8b-ac7a9234db63,996a03d3-9a9b-4d16-b895-211a5d752efb,Only one
2023,18,b,1a19046f-f756-416d-b31c-1e99a2ea7c95,996a03d3-9a9b-4d16-b895-211a5d752efb,Only two
2023,18,c,2a797730-b708-4f0d-8642-36701aa0540b,996a03d3-9a9b-4d16-b895-211a5d752efb,All three
2023,18,d,576677ba-0a41-4f06-8f97-ab6dbb18399d,996a03d3-9a9b-4d16-b895-211a5d752efb,None
2023,19,a,fc09a3c8-a60d-429f-bd15-a1d2be9fa23e,7fd68e75-848a-4f9b-8f75-3a694a7b1b0d,Fishing cat
2023,19,b,891c3a55-7f7c-4d98-8323-a10f17d2607c,7fd68e75-848a-4f9b-8f75-3a694a7b1b0d,Orangutan
2023,19,c,eef01cb7-a8ab-4dd5-bb8c-c25203292735,7fd68e75-848a-4f9b-8f75-3a694a7b1b0d,Otter
2023,19,d,d0a8e0fd-65cd-4b8d-8f44-1e185f309a4e,7fd68e75-848a-4f9b-8f75-3a694a7b1b0d,Sloth bear
2023,20,a,878c5d4f-ebf5-4c28-81ab-6e5cb60ba634,cf4c9a99-36f6-47a6-82e6-cb78c5d2a2aa,Only one
2023,20,b,f9d270cd-8dc5-4c8c-a6da-9797549feceb,cf4c9a99-36f6-47a6-82e6-cb78c5d2a2aa,Only two
2023,20,c,6e570229-b585-44ee-a3fa-7c433d343285,cf4c9a99-36f6-47a6-82e6-cb78c5d2a2aa,Only three
2023,20,d,d25737ed-01af-49ac-8532-e1482e8a7e88,cf4c9a99-36f6-47a6-82e6-cb78c5d2a2aa,All four
2023,21,a,0c9aec5b-3570-4fb3-80f3-ca358ae1c418,47306734-32d5-416d-b540-f0d3b0350a16,Both Statement-I and Statement-II are correct and Statement-II is the correct explanation for Statement-I
2023,21,b,65ca9f58-f3d2-49f5-b221-3e655ae6a03f,47306734-32d5-416d-b540-f0d3b0350a16,Both Statement-I and Statement-II are correct and Statement-II is not the correct explanation for Statemeht-I
2023,21,c,a4a56ce3-9ad2-4f79-a3d6-85940f74aff3,47306734-32d5-416d-b540-f0d3b0350a16,Statement-I is correct but Statement-II is incorrect
2023,21,d,3caf6e85-e834-45b6-9efa-f44fdd0c9d08,47306734-32d5-416d-b540-f0d3b0350a16,Statement-I is incorrect but Statement-II is correct
2023,22,a,15432619-b987-422e-bdd7-7ee4dc7ed28f,23a7cbb8-4eae-4bdb-8318-f0d8d37810ea,Both Statement-I and Statement-II are correct and Statement-II is the correct explanation for Statement-I
2023,22,b,e7ed6fb6-d858-4967-aec8-6134db2c6bda,23a7cbb8-4eae-4bdb-8318-f0d8d37810ea,Both Statement-I and Statement-II are correct and Statement-II is not the correct explanation for Statement-I
2023,22,c,05af8c45-87bf-4b4b-8fb3-c1178ed417ca,23a7cbb8-4eae-4bdb-8318-f0d8d37810ea,Statement-I is correct but Statement-II is incorrect
2023,22,d,3fa18e40-0d38-493c-9898-c51e11445fd0,23a7cbb8-4eae-4bdb-8318-f0d8d37810ea,Statement-I is incorrect but Statement-II is correct.
2023,23,a,dd32eb19-d166-4a5e-bf09-81119511134a,51f51c48-abda-4c43-84fd-0e34fe57dbc4,Both Statement-I and Statement-II are correct and Statement-II is the correct explanation for Statement-I
2023,23,b,9a3951d0-a37b-4c92-bd4f-3fb62f24439a,51f51c48-abda-4c43-84fd-0e34fe57dbc4,Both Statement-I and Statement-II are correct and Statement-II is not the correct explanation for Statement-I
2023,23,c,53be8919-7682-4bff-9076-91de1efcd3ed,51f51c48-abda-4c43-84fd-0e34fe57dbc4,Statement-I is correct but Statement-II is incorrect
2023,23,d,288cf979-1df4-47b0-96ca-7ca2bfe5b182,51f51c48-abda-4c43-84fd-0e34fe57dbc4,Statement-I is incorrect but Statement-II is correct
2023,24,a,879ccf4f-06ef-4784-9a6c-c7849e5411a5,1d56aeef-c08a-44cd-a8dc-89fc11f7ebb2,Conducting ‘Open Market Operations’
2023,24,b,82ff5cb1-900e-48ef-bc2d-345e53cdf7f2,1d56aeef-c08a-44cd-a8dc-89fc11f7ebb2,Oversight of settlement and payment systems
2023,24,c,d9c6ec10-ea93-4826-8172-49e3d6f7443d,1d56aeef-c08a-44cd-a8dc-89fc11f7ebb2,Debt and cash management for the Central and State Governments
2023,24,d,e046fdb5-b427-4b47-a4ae-d4a4438af3c4,1d56aeef-c08a-44cd-a8dc-89fc11f7ebb2,Regulating the functions of Nonbanking Financial Institutions
2023,25,a,598538b6-6129-48e6-9cfd-03af9e6c76bf,41d3923b-50f2-40f4-8138-d2858719ecd3,Only one
2023,25,b,49dcab5f-db38-40a3-8d77-ca53b8e7b5e3,41d3923b-50f2-40f4-8138-d2858719ecd3,Only two
2023,25,c,6f605702-8f05-4b62-9142-7b7988657293,41d3923b-50f2-40f4-8138-d2858719ecd3,Only three
2023,25,d,1546a637-acf9-4d1a-a5dd-7a0557e3b06d,41d3923b-50f2-40f4-8138-d2858719ecd3,All four
2023,26,a,3d65f384-7624-4727-ae02-55ac4afaabaf,d448ab58-0a94-4671-a018-6d28089ba18d,"Resettlement of a large number of people, uprooted from their countries due to war, by giving them a large cultivable land which they cultivate collectively and share the produce"
2023,26,b,ccbf860e-d9f7-4661-bbc2-e0143b6b23d4,d448ab58-0a94-4671-a018-6d28089ba18d,Many marginal farmers in an area organize themselves into groups and synchronize and harmonize selected agricultural operations
2023,26,c,bd5989ef-b351-46ad-b166-2f8031d3269c,d448ab58-0a94-4671-a018-6d28089ba18d,Many marginal farmers in an area together make a contract with a corporate body and surrender their land to the corporate body for a fixed term for which the corporate body makes a payment of agreed amount to the farmers
2023,26,d,8efc58e6-6914-46a4-83fa-4df4b21b07b4,d448ab58-0a94-4671-a018-6d28089ba18d,"A company extends loans, technical knowledge and material inputs to a number of small farmers in an area so that they produce the agricultural commodity required by the company for its manufacturing process and commercial production."
2023,27,a,afa1a14d-f74b-4dba-906b-314058ad440c,6c1d3b27-53e3-4f8e-a339-da5bbc89d8ab,Only one
2023,27,b,e47bb400-0ea5-430a-947e-db6cc04a989c,6c1d3b27-53e3-4f8e-a339-da5bbc89d8ab,Only two
2023,27,c,ca3b4b72-477c-4096-b938-a9431a66a686,6c1d3b27-53e3-4f8e-a339-da5bbc89d8ab,All three
2023,27,d,322e7d4f-4e14-44b8-a15a-655c92f735aa,6c1d3b27-53e3-4f8e-a339-da5bbc89d8ab,None
2023,28,a,77289755-6f31-482e-8962-58e1d1194c86,d0a46ca0-205e-444c-9de2-053cc7402833,Only one
2023,28,b,74faea07-3211-49ba-8581-84aa80c1e3e6,d0a46ca0-205e-444c-9de2-053cc7402833,Only two
2023,28,c,f7b8d34b-2408-40ae-b70f-b0b5518b30ad,d0a46ca0-205e-444c-9de2-053cc7402833,Only three
2023,28,d,6aaafe15-1a93-447e-841c-9d2d104421ab,d0a46ca0-205e-444c-9de2-053cc7402833,All four
2023,29,a,864897bd-d841-4fff-9208-8c8ff1162d97,48f5b0ae-0f9b-4bd7-844c-4d4c27caa8b7,Only two
2023,29,b,3dcc6129-1717-4d12-8af8-ea1140c36299,48f5b0ae-0f9b-4bd7-844c-4d4c27caa8b7,Only three
2023,29,c,3e624d69-d626-48b2-ab5c-2cbfb1a2479e,48f5b0ae-0f9b-4bd7-844c-4d4c27caa8b7,Only four
2023,29,d,3991ed14-b4d0-455b-9ea5-d7e8dfd8d413,48f5b0ae-0f9b-4bd7-844c-4d4c27caa8b7,All five
2023,30,a,f772e868-1922-41c7-b2fc-1f77e160697f,fa5a0a97-87a9-4117-9bb4-f6e5960234d7,Only one
2023,30,b,8c8e55be-78dd-414b-bcc3-870aa42b419f,fa5a0a97-87a9-4117-9bb4-f6e5960234d7,Only two
2023,30,c,04bd8a7e-5169-41f8-8ccb-9e7aeea346aa,fa5a0a97-87a9-4117-9bb4-f6e5960234d7,Only three
2023,30,d,7e157619-c3e5-4b06-9c53-386d09fb60f1,fa5a0a97-87a9-4117-9bb4-f6e5960234d7,All four
2023,31,a,4b185e52-49c4-44d0-baee-17e970e8175a,a06f4473-049d-4145-90f4-7d0078ea2166,The principle of natural justice
2023,31,b,84b2b476-a66c-4ffa-b42d-4ce6bca9b3e4,a06f4473-049d-4145-90f4-7d0078ea2166,The procedure established by law
2023,31,c,4ecc97a9-b12f-4ebd-9ab8-de5ed1ca8f45,a06f4473-049d-4145-90f4-7d0078ea2166,Fair application of law
2023,31,d,c5d14e0d-5479-42f8-8bcd-81dd93575766,a06f4473-049d-4145-90f4-7d0078ea2166,Equality before law
2023,32,a,9ce806b9-1262-46bc-a421-4a84567a584e,88f9611f-3c1a-4516-9515-47742540a31e,Both Statement-I and Statement-II are correct and Statement-II is the correct explanation for Statement-I
2023,32,b,833548e9-e1a8-42b7-acc7-894c33e2e7a8,88f9611f-3c1a-4516-9515-47742540a31e,Both Statement-I and Statement-II are correct and Statement-II is not the correct explanation for Statement-I
2023,32,c,45998c63-1051-4672-872e-a352f2f09d74,88f9611f-3c1a-4516-9515-47742540a31e,Statement-I is correct but Statement-II is incorrect
2023,32,d,c3b0e747-362b-4c7c-9426-dea9e49d9a47,88f9611f-3c1a-4516-9515-47742540a31e,Statement-I is incorrect but Statement-II is correct
2023,33,a,3dc58aed-0723-45b3-8dc7-a5f739130de0,f77e4e70-7497-400d-b2b6-614c381c8f54,It determines the objective for the making of necessary laws.
2023,33,b,25f21674-4030-4a6e-bc49-40fe93056e4d,f77e4e70-7497-400d-b2b6-614c381c8f54,It enables the creation of political offices and a government.
2023,33,c,9417a272-b7b7-4f35-bb1f-a72a31f9af52,f77e4e70-7497-400d-b2b6-614c381c8f54,It defines and limits the powers of government.
2023,33,d,81da4d58-d4f5-4a0d-819d-e38f9683dfc9,f77e4e70-7497-400d-b2b6-614c381c8f54,"It secures social justice, social equality and social security."
2023,34,a,dfdd1a70-9516-4182-a871-6dabc47b7394,49681c80-c36e-4da5-82de-1efae2d4c18c,1st Amendment
2023,34,b,72ec2ca3-e24d-4cb8-a930-a6502d494d91,49681c80-c36e-4da5-82de-1efae2d4c18c,42nd Amendment
2023,34,c,10f0153f-6242-443f-a2a1-e64e31e0ca56,49681c80-c36e-4da5-82de-1efae2d4c18c,44th Amendment
2023,34,d,a2044c18-c162-4937-8fa6-2084598a174b,49681c80-c36e-4da5-82de-1efae2d4c18c,86th Amendment
2023,35,a,1e029bd7-803d-45a3-bd9b-9d65ebb398d2,1ce0d996-5572-4247-a3ab-aa8af46a8d01,Only one
2023,35,b,9813f142-95c9-443f-a6c5-9973a839476e,1ce0d996-5572-4247-a3ab-aa8af46a8d01,Only two
2023,35,c,542c5f15-8ea1-4fdc-bcd8-aaa37575f1b4,1ce0d996-5572-4247-a3ab-aa8af46a8d01,Only three
2023,35,d,53fbb8da-9fe0-4f3d-a7b5-04304a2f60a0,1ce0d996-5572-4247-a3ab-aa8af46a8d01,All four
2023,36,a,f0bc6d25-dc50-4517-9f08-eb91839a5ab8,a586181a-cb16-4041-93a5-8782d69390a5,Only one
2023,36,b,4afb1506-3a7a-45f4-bbda-f9292983f295,a586181a-cb16-4041-93a5-8782d69390a5,Only two
2023,36,c,60cc0dd4-491d-4f81-bccb-091989c70b7a,a586181a-cb16-4041-93a5-8782d69390a5,All three
2023,36,d,160afe2d-278e-4ff9-befe-088a86a60bd5,a586181a-cb16-4041-93a5-8782d69390a5,None
2023,37,a,09e4a548-0f45-429f-953c-86869bee646e,91674b2f-18ec-47e1-9248-d9dea9251ae6,Only one
2023,37,b,7791b3d1-5f3d-4978-bdfb-a2f174c710a7,91674b2f-18ec-47e1-9248-d9dea9251ae6,Only two
2023,37,c,5bfcfc87-c1b0-4d62-abac-40ed047870df,91674b2f-18ec-47e1-9248-d9dea9251ae6,All three
2023,37,d,4e94ef6a-09a5-405d-9f04-50ada6edd04d,91674b2f-18ec-47e1-9248-d9dea9251ae6,None
2023,38,a,d0d33040-6f91-4e9b-8049-30bcb0a0f36a,1890f66a-e656-4335-9caf-b69f0f572aed,Only one
2023,38,b,4fbdffd0-2b5c-4c38-9365-78c01344cfab,1890f66a-e656-4335-9caf-b69f0f572aed,Only two
2023,38,c,90871d59-fe1c-49c5-84cc-fe5aa92271ec,1890f66a-e656-4335-9caf-b69f0f572aed,Only three
2023,38,d,1b4fbd8c-3215-4a97-a5c7-c9de1efbf78d,1890f66a-e656-4335-9caf-b69f0f572aed,All four
2023,39,a,f202a955-5be3-4ce2-bfc6-16d0f620d069,1091665a-fdcc-40dd-83a7-f473bef33818,Only one
2023,39,b,5f01b304-fbdf-472c-a2ac-9854335a7f70,1091665a-fdcc-40dd-83a7-f473bef33818,Only two
2023,39,c,ba715efb-c517-4351-9b60-56cd124404d4,1091665a-fdcc-40dd-83a7-f473bef33818,All three
2023,39,d,f5f17e14-952a-430c-883b-1b6b2c7e5e5a,1091665a-fdcc-40dd-83a7-f473bef33818,None
2023,40,a,7ad32977-fe0e-4898-ad73-903745a7dd0e,0a3560bc-ace2-4e90-b071-63313e6a5920,Both Statement-I and Statement-II are correct and Statement-II is the correct explanation for Statement-I
2023,40,b,82075a80-bde7-4326-9ee1-f09db27f7b8c,0a3560bc-ace2-4e90-b071-63313e6a5920,Both Statement-I and Statement-II are correct and Statement-II is not the correct explanation for Statement-I
2023,40,c,e51cae99-7db3-4d2b-b08c-f2ab8fc78daa,0a3560bc-ace2-4e90-b071-63313e6a5920,Statement-I is correct but Statement-II is incorrect
2023,40,d,1598bfe0-c178-4aa6-8981-05d4f03a080b,0a3560bc-ace2-4e90-b071-63313e6a5920,Statement-I is incorrect but Statement-II is correct
2023,41,a,a4635bcd-3e41-49c0-a0cb-ba9b18fc5456,4c8e4efb-f93d-4133-8873-646f59e7977c,Andhra
2023,41,b,5636da99-3707-4ee0-b49c-ba86bd0d394b,4c8e4efb-f93d-4133-8873-646f59e7977c,Gandhara
2023,41,c,9f8834a0-5150-4f06-8c97-ec8562cf0cdd,4c8e4efb-f93d-4133-8873-646f59e7977c,Kalinga
2023,41,d,fdaef0d1-251e-4971-a2a2-e7a6d5644822,4c8e4efb-f93d-4133-8873-646f59e7977c,Magadha
2023,42,a,dd864f39-067e-40eb-bc79-6c09352638ab,da22e86c-af51-4e12-ab6f-a44c34b56066,Only one
2023,42,b,aeeb83fd-c1a0-46a2-baf7-c0b0e0f60429,da22e86c-af51-4e12-ab6f-a44c34b56066,Only two
2023,42,c,731eba25-89c6-4a5e-a18d-82e8be810458,da22e86c-af51-4e12-ab6f-a44c34b56066,All three
2023,42,d,66d677a1-10c5-4bf1-8217-d89e3011ecbf,da22e86c-af51-4e12-ab6f-a44c34b56066,None
2023,43,a,78bfedb5-5e2c-4e16-a4f7-3caec49fe28e,90df9c0a-9286-4637-b161-9bfc3f7944cb,capital cities
2023,43,b,fcca75ef-5162-42fe-aebc-6a5801d45a96,90df9c0a-9286-4637-b161-9bfc3f7944cb,ports
2023,43,c,c855770d-d644-44bd-be85-16579d6d4369,90df9c0a-9286-4637-b161-9bfc3f7944cb,centres of iron-and-steel making
2023,43,d,798b5f0c-6def-4576-829e-227cdfd7409c,90df9c0a-9286-4637-b161-9bfc3f7944cb,shrines of Jain Tirthankaras
2023,44,a,6cc25eeb-b847-48eb-8d86-5f0c8c976bdf,e8ee06e2-3c47-480d-a223-cb55a44868ba,Kings employing women body guards
2023,44,b,771d8d12-1666-45ad-8d48-af5cd6131da9,e8ee06e2-3c47-480d-a223-cb55a44868ba,Learned persons assembling in royal courts to discuss religious and philosophical matters
2023,44,c,bc21a7d5-ecc6-4a1f-9a12-39ac55a64ec1,e8ee06e2-3c47-480d-a223-cb55a44868ba,Young girls keeping watch over agricultural fields and driving away birds and animals
2023,44,d,1e02eaf9-6a48-4524-8099-1691d4e4781b,e8ee06e2-3c47-480d-a223-cb55a44868ba,A king defeated in a battle committing ritual suicide by starving himself to death
2023,45,a,87270137-2635-4f43-abd9-dd1d18126499,e5498acf-5593-4166-8093-e4affa80f885,Only one
2023,45,b,5cff9af6-b4ae-460a-a4ac-0b81f6df2a41,e5498acf-5593-4166-8093-e4affa80f885,Only two
2023,45,c,7e943e7e-45b5-45ea-b587-b4ee812ce36b,e5498acf-5593-4166-8093-e4affa80f885,Only three
2023,45,d,a4de0e38-f398-4d01-98d9-070f6e8fb2ee,e5498acf-5593-4166-8093-e4affa80f885,None
2023,46,a,9c0eae9d-e602-4852-84f6-6f0dddc6ec5f,395b3623-ab9a-4a88-aa07-4ef3a9bdc80b,Only one
2023,46,b,206c24a7-faeb-4c7a-92a4-9168dd71041c,395b3623-ab9a-4a88-aa07-4ef3a9bdc80b,Only two
2023,46,c,826dc43b-fac5-4866-9767-74bfb369c14f,395b3623-ab9a-4a88-aa07-4ef3a9bdc80b,Only three
2023,46,d,fdcd7769-92da-45e8-95c4-758e0d87e65e,395b3623-ab9a-4a88-aa07-4ef3a9bdc80b,All four
2023,47,a,811d61b0-602c-4d65-96b0-8f9f3605d035,141ae015-dae7-4c5e-996e-11097bbd57ef,Buddhism
2023,47,b,b8dc7fe7-d044-4d58-a410-b8eb860924dc,141ae015-dae7-4c5e-996e-11097bbd57ef,Jainism
2023,47,c,8eeea483-c9f5-4df7-bbf6-ba37f365f90a,141ae015-dae7-4c5e-996e-11097bbd57ef,Shaivism
2023,47,d,0f714a0a-8aee-48a8-8350-90bbeebdb185,141ae015-dae7-4c5e-996e-11097bbd57ef,Vaishnavism
2023,48,a,9e13eb57-5b8e-4c71-94d3-051b13232612,5d203d10-41df-4e55-9e91-2e3f808e8199,Devaraya I
2023,48,b,b1c44174-6163-4886-8a97-cfed7859105c,5d203d10-41df-4e55-9e91-2e3f808e8199,Mallikatjuna
2023,48,c,f013b92e-f4cb-4caa-95ff-4f92f8439e51,5d203d10-41df-4e55-9e91-2e3f808e8199,Vira Vijaya
2023,48,d,3fe678f4-1f26-45a1-85da-9aef838b9168,5d203d10-41df-4e55-9e91-2e3f808e8199,Virupaksha
2023,49,a,9911b597-697c-47d9-ba05-420995088f17,ef3018ba-6c23-4850-a2b9-60e2f023bf80,Ahmad Shah
2023,49,b,69c6f544-5ee6-41d5-b0b9-2044c355f45d,ef3018ba-6c23-4850-a2b9-60e2f023bf80,Mahmud Begarha
2023,49,c,e2460b2f-82b5-4fd5-ac63-17ed01cd9f4a,ef3018ba-6c23-4850-a2b9-60e2f023bf80,Bahadur Shah
2023,49,d,79385490-dd03-4c4c-8a89-fa6ec58bdabf,ef3018ba-6c23-4850-a2b9-60e2f023bf80,Muhammad Shah
2023,50,a,5c15bb17-b90d-48d7-8237-44b2cec982dc,490a8a76-de3a-487e-b709-94e92643a475,The Regulating Act
2023,50,b,4113ad0e-97b6-42d7-b511-dd057deeedd4,490a8a76-de3a-487e-b709-94e92643a475,The Pitt’s India Act
2023,50,c,464ba1d1-9b1a-4563-80db-256e99b8d682,490a8a76-de3a-487e-b709-94e92643a475,The Charter Act of 1793
2023,50,d,a005fec6-77dc-42ad-ab9e-52df2926a972,490a8a76-de3a-487e-b709-94e92643a475,The Charter Act of 1833
2023,51,a,2d499bb6-4cfc-4f63-a899-68d1e3f5bf01,3b7df7a9-343c-4bd9-a794-840be43534a9,Only one
2023,51,b,a0039bf0-1a3d-404f-b761-ff3f39b261e2,3b7df7a9-343c-4bd9-a794-840be43534a9,Only two
2023,51,c,26daa5b3-a7a6-47b4-8f85-9dba74407cdf,3b7df7a9-343c-4bd9-a794-840be43534a9,Only three
2023,51,d,807fb826-b3fb-4799-a047-85e5da7eaaaa,3b7df7a9-343c-4bd9-a794-840be43534a9,All four
2023,52,a,be459b47-8cd9-4a6d-8501-29b2f1c9d754,83cb4802-e822-4e6f-925a-ba4547659086,Only one
2023,52,b,28d3a341-c276-4d98-87ce-68f97270a4f5,83cb4802-e822-4e6f-925a-ba4547659086,Only two
2023,52,c,97167405-b934-4782-ad69-b552b3e5623f,83cb4802-e822-4e6f-925a-ba4547659086,Only three
2023,52,d,84c2409f-d46e-4c23-92ea-81911901be0c,83cb4802-e822-4e6f-925a-ba4547659086,All four
2023,53,a,1fbd247c-b5b6-4dab-852c-bbb8ba1d8f36,4a5e600a-0bc5-448b-898e-476aa566458b,1 only
2023,53,b,253c55cd-491d-4735-a677-05db93734949,4a5e600a-0bc5-448b-898e-476aa566458b,2 only
2023,53,c,9482da8c-299e-4acf-865d-f5f29084fe5b,4a5e600a-0bc5-448b-898e-476aa566458b,Both 1 and 2
2023,53,d,998cdbf2-4fb4-4558-a717-6b3bef7bf3c0,4a5e600a-0bc5-448b-898e-476aa566458b,Neither 1 nor 2
2023,54,a,b134b708-c4cd-475e-bae6-d0e43b0a417e,284d172e-dbc9-49d8-a4dc-f3f66f14c714,Only one
2023,54,b,d1657b3f-fca7-41af-937a-1a162e8c7c6a,284d172e-dbc9-49d8-a4dc-f3f66f14c714,Only two
2023,54,c,332af839-9a3d-48c5-83a6-65bf2c91b02d,284d172e-dbc9-49d8-a4dc-f3f66f14c714,All three
2023,54,d,9c0eb937-55f4-4ca4-b21a-486efcffe995,284d172e-dbc9-49d8-a4dc-f3f66f14c714,None
2023,55,a,9da64089-beaa-40c3-9d11-a79d1cb349e4,4b2d3629-34b5-4963-b01b-e7dc7213ba6c,Only one
2023,55,b,af5275a5-9ea2-4ff1-8f74-4f0be2f1e7bb,4b2d3629-34b5-4963-b01b-e7dc7213ba6c,Only two
2023,55,c,1fd3a51d-7244-41a7-93e8-82477905335a,4b2d3629-34b5-4963-b01b-e7dc7213ba6c,All three
2023,55,d,29a0e5af-fbc9-4258-8944-84b96300059d,4b2d3629-34b5-4963-b01b-e7dc7213ba6c,None.
2023,56,a,1bb0ace4-abf3-4e5d-b2f4-10433858f051,4f74e374-b7bf-4e0d-a286-7ddc1ca96e92,Only one
2023,56,b,7f20d9e6-95f8-4121-a463-ef4a6aab5688,4f74e374-b7bf-4e0d-a286-7ddc1ca96e92,Only two
2023,56,c,e5c16a67-1057-4e5e-a349-134462b2ace0,4f74e374-b7bf-4e0d-a286-7ddc1ca96e92,All three
2023,56,d,e8a28c41-3d90-47f7-b306-d72a882f1016,4f74e374-b7bf-4e0d-a286-7ddc1ca96e92,None
2023,57,a,f9780821-5d8d-4142-9139-db972b7f482a,b7531075-39b1-4b08-9467-74357bca9bb0,Australia
2023,57,b,863a8b2c-b0e2-4e42-812d-d02893a909e0,b7531075-39b1-4b08-9467-74357bca9bb0,Canada
2023,57,c,b661e37f-ec27-4cfc-8a37-7c732edc9d50,b7531075-39b1-4b08-9467-74357bca9bb0,Israel
2023,57,d,41d8bbdb-4899-45b9-9976-721ec347da81,b7531075-39b1-4b08-9467-74357bca9bb0,Japan
2023,58,a,6ebc526b-5850-47ba-bb7a-eed9f7760a97,2c8fa0d1-7971-4497-a3bd-9320a47ee7dc,1 only
2023,58,b,fddfad12-8f0b-48ae-9bac-247d555ec0c4,2c8fa0d1-7971-4497-a3bd-9320a47ee7dc,2 only
2023,58,c,27a0ac7a-2aaa-4bb3-b4eb-f4acb464b49d,2c8fa0d1-7971-4497-a3bd-9320a47ee7dc,Both 1 and 2
2023,58,d,cda2ae45-e0d6-4a94-8174-6bbc8a91f5b4,2c8fa0d1-7971-4497-a3bd-9320a47ee7dc,Neither 1 nor 2
2023,59,a,70b6ec22-cb56-4f78-972d-a872ccb6e0a3,258184b1-2bbd-483c-b1a7-39522d50e058,Only one
2023,59,b,848df4d8-4001-4132-b1b7-9395a2b3be18,258184b1-2bbd-483c-b1a7-39522d50e058,Only two
2023,59,c,d24989a5-6111-4187-b7ea-6676ad5aef61,258184b1-2bbd-483c-b1a7-39522d50e058,All three
2023,59,d,0384ff7c-8613-4faf-b8b0-a34a778d5fe4,258184b1-2bbd-483c-b1a7-39522d50e058,None
2023,60,a,1f6ff154-89ae-401b-a23e-ea4b7f6e43cf,01a6e025-2013-4ac4-832a-c84baa686151,Only one
2023,60,b,2e813b28-8f49-4e6f-aad7-1edca80b4766,01a6e025-2013-4ac4-832a-c84baa686151,Only two
2023,60,c,f925a403-ef3e-4ab4-a2ba-95862c7e46fb,01a6e025-2013-4ac4-832a-c84baa686151,All three
2023,60,d,e74bdbc2-6136-4146-956e-4b83eaa53912,01a6e025-2013-4ac4-832a-c84baa686151,None
2023,61,a,adadd49d-2666-4eeb-82dd-34c67218c81a,d23f18c6-41ea-4b03-a654-edf25838c691,Only two
2023,61,b,f77b89b1-405d-473d-9f13-1eaf5cbefdd2,d23f18c6-41ea-4b03-a654-edf25838c691,Only three
2023,61,c,a34bcb2b-33e9-4983-b58c-ef48b55e431a,d23f18c6-41ea-4b03-a654-edf25838c691,Only four
2023,61,d,1767e51d-8b90-4365-807e-63f58f861342,d23f18c6-41ea-4b03-a654-edf25838c691,Only five
2023,62,a,420e2702-c51e-4965-ad2b-4ab9da358d4e,cefbd77b-7a3f-4e19-b7f3-694fc9419073,The total amount of insolation received at the equator is roughly about 10 times of that received at the poles.
2023,62,b,d90e16a3-12bf-4ebc-9514-e1b5978bc996,cefbd77b-7a3f-4e19-b7f3-694fc9419073,Infrared rays constitute roughly two-thirds of insolation.
2023,62,c,202b8c11-be2d-4c9b-ace4-ce4c2770de40,cefbd77b-7a3f-4e19-b7f3-694fc9419073,Infrared waves are largely absorbed by water vapour that is concentrated in the lower atmosphere.
2023,62,d,2717f9ca-372b-44c9-9b65-789f7606e303,cefbd77b-7a3f-4e19-b7f3-694fc9419073,Infrared waves are a part of visible spectrum of electromagnetic waves of solar radiation.
2023,63,a,f8c68fcc-cc59-4fd4-9a2c-06dcca532dfd,1292af48-5cc9-411b-9b4e-72a17c87dd89,Both Statement-I and Statement-II are correct and Statement-II is the correct explanation for Statement-I
2023,63,b,50f05f74-2e39-44b7-938b-fd679f7ffce5,1292af48-5cc9-411b-9b4e-72a17c87dd89,Both Statement-I and Statement-II are correct and Statement-II is not the correct explanation for Statement-I
2023,63,c,d1e2dcc6-462b-4d85-8dd9-a92689f5ae1c,1292af48-5cc9-411b-9b4e-72a17c87dd89,Statement-I is correct but Statement-II is incorrect
2023,63,d,0cdbc4bf-bde8-40df-b0f2-0bd3486203be,1292af48-5cc9-411b-9b4e-72a17c87dd89,Statement-I is incorrect but Statement-II is correct
2023,64,a,61e9f6b1-a8ea-43c7-b0a7-d9c09c63fee4,dac8511c-1bdb-4c47-9124-195ba4a4695c,Both Statement-I and S~atement-II are correct and Statement-II is the correct explanation for Statement-I
2023,64,b,9c1f4826-37b1-4111-829a-e01aac796863,dac8511c-1bdb-4c47-9124-195ba4a4695c,Both Statement-I and Statement-II are correct and Statement-II is not the correct explanation for Statement-I
2023,64,c,a3623b44-5412-467c-93fc-1e14c2eebf56,dac8511c-1bdb-4c47-9124-195ba4a4695c,Statement-I is correct but Statement-II is incorrect
2023,64,d,d6bb55d5-da2d-47df-a6df-f520b4ab85f0,dac8511c-1bdb-4c47-9124-195ba4a4695c,Statement-I is incorrect but Statement-II is correct
2023,65,a,c5963255-df0d-4416-87a3-03376a9c65a3,f7b934d1-8bee-4434-bf75-f5e83937cb10,1 only
2023,65,b,20c2608d-2fbf-495e-ba6a-8b4c35f6c549,f7b934d1-8bee-4434-bf75-f5e83937cb10,2 only
2023,65,c,6a5fe719-2b93-42f6-9a27-4a9cce27a230,f7b934d1-8bee-4434-bf75-f5e83937cb10,Both 1 and 2
2023,65,d,27d016a8-56af-414c-b326-f6e7be3bdeef,f7b934d1-8bee-4434-bf75-f5e83937cb10,Neither 1 nor 2
2023,66,a,7f80aab1-0e55-4ab5-bf1b-17a637da524f,333a2bf7-bff2-4bd6-a5d7-9d1efb857791,Only one
2023,66,b,ea0ca2a5-2999-40dd-b287-8866129465f9,333a2bf7-bff2-4bd6-a5d7-9d1efb857791,Only two
2023,66,c,d74d9c6d-5734-4393-a6cf-ed3d53b6af80,333a2bf7-bff2-4bd6-a5d7-9d1efb857791,All three
2023,66,d,3096a2d1-274e-4078-9138-1b85a485832b,333a2bf7-bff2-4bd6-a5d7-9d1efb857791,None
2023,67,a,1a27dcfc-c6c1-4cd3-a350-f5ac430e6c0a,ed61bf01-049d-436d-9850-b5942500bea4,Controlling the viral diseases spread by mosquitoes
2023,67,b,f528c8f9-88f3-4aca-b286-62d2ea78643f,ed61bf01-049d-436d-9850-b5942500bea4,Converting crop residues into packing materia
2023,67,c,c847608e-2e4e-40e3-91ae-fabd2c395e33,ed61bf01-049d-436d-9850-b5942500bea4,Producing biodegradable plastics
2023,67,d,bd3f55fc-dea3-4257-aab6-c5a235bb4365,ed61bf01-049d-436d-9850-b5942500bea4,Producing biochar from. thennochemiceil conversion of biomass
2023,68,a,ee5004d4-33af-4f53-b491-9bfd7a68dc12,b4bb7891-ff3c-45f9-91a3-04f5bc74b0be,Only one
2023,68,b,793683ea-5b25-4432-9a15-d042bbaf056a,b4bb7891-ff3c-45f9-91a3-04f5bc74b0be,Only two
2023,68,c,b35df781-1d9e-4ecd-9a71-0c33cb25d644,b4bb7891-ff3c-45f9-91a3-04f5bc74b0be,All three
2023,68,d,f6e9128b-2902-4e84-94cc-85fddf040cca,b4bb7891-ff3c-45f9-91a3-04f5bc74b0be,None
2023,69,a,5916e163-27a3-4139-94fb-dba752b8493d,d72e2f2e-adcb-4f27-8523-bb673cbab616,Collecting DNA samples from air in a habitat at one go
2023,69,b,3a395d04-c848-4c85-b4bf-f2a23f78f883,d72e2f2e-adcb-4f27-8523-bb673cbab616,Understanding the genetic makeup of avian spedes of a habitat
2023,69,c,09d0e123-38fa-4182-b736-9552cf8f4e1f,d72e2f2e-adcb-4f27-8523-bb673cbab616,Using air-borne devices collect blood samples from moving animals
2023,69,d,4d21479f-a0b3-404d-a269-bb5ed831b713,d72e2f2e-adcb-4f27-8523-bb673cbab616,Sending drones to inaccessible areas to collect plant and animal samples from land surfaces and water bodies
2023,70,a,50c14574-b92a-4d58-88ba-e760a615b324,3f8d5d22-e2f7-4218-898c-8f8aca494427,Studying the evolutionary relationships among various species of fauna
2023,70,b,fc29f0db-8e5f-4183-8c02-ab64a945e325,3f8d5d22-e2f7-4218-898c-8f8aca494427,Stimulating ‘stem cells’ to transform into diverse functional tissues
2023,70,c,d5ec77de-c5f3-4488-b14c-834d4a173bea,3f8d5d22-e2f7-4218-898c-8f8aca494427,Promoting clonal propagation of horticultural plants
2023,70,d,2c221241-76be-4a21-b619-c01e6ff516e2,3f8d5d22-e2f7-4218-898c-8f8aca494427,Assessing the efficacy of drugs by conducting series of drug trials in a population
2023,71,a,ec27d723-18ee-43ff-99c6-c8300d5b3650,7fc0eef2-b185-4113-b3c7-ea3574853c5b,1 only
2023,71,b,ff40c6a4-9b78-4882-a39a-8d2e78196983,7fc0eef2-b185-4113-b3c7-ea3574853c5b,2 only
2023,71,c,d4bea39e-3d9d-4697-85cc-4ba075c889df,7fc0eef2-b185-4113-b3c7-ea3574853c5b,Both 1 and 2
2023,71,d,aa8b882d-f0f6-43f4-8828-256ab890393e,7fc0eef2-b185-4113-b3c7-ea3574853c5b,Neither 1 nor 2
2023,72,a,5207dfa0-716c-4c05-be5a-99830a1e35ea,a2813f1c-2888-4a92-b101-5a62aee113c3,1 only
2023,72,b,4b89509d-0467-4f6b-a9c4-cbcc96de57d1,a2813f1c-2888-4a92-b101-5a62aee113c3,2 only
2023,72,c,d1f61f90-170b-46f1-825c-8eeddb735847,a2813f1c-2888-4a92-b101-5a62aee113c3,Both 1 and 2
2023,72,d,25c8ced8-495a-4745-b2d3-6c69e8c2da6a,a2813f1c-2888-4a92-b101-5a62aee113c3,Neither 1 nor 2
2023,73,a,8b4318c5-1917-436b-8aab-d66bf3389158,7e1f182d-bfcc-4f5b-baf4-fd04812d6977,the process of simultaneous buying and selling of an asset from different platforms ·
2023,73,b,88f85e1c-d31e-4963-928e-7232480c8a33,7e1f182d-bfcc-4f5b-baf4-fd04812d6977,an investment strategy of a portfolio manager to balance risk versus reward.
2023,73,c,94a5c052-d878-4081-a98b-30ffeec60bb6,7e1f182d-bfcc-4f5b-baf4-fd04812d6977,a type of systemic risk that arises where perfect hedging is not possible.
2023,73,d,fad6114b-3b97-49a1-bc98-fe156f281c36,7e1f182d-bfcc-4f5b-baf4-fd04812d6977,a numeric value that measures the fluctuations. of a stock to changes in the overall stock market.
2023,74,a,8ad1e30e-8132-4c66-a16d-c322aaf1913d,dca0579c-f6c8-4116-a55c-b9dfb1e884e4,Only one
2023,74,b,ae644d29-2580-4452-97e4-a471a4c7992d,dca0579c-f6c8-4116-a55c-b9dfb1e884e4,Only two
2023,74,c,698f450e-b091-4816-ad65-7cae98ae4993,dca0579c-f6c8-4116-a55c-b9dfb1e884e4,All three
2023,74,d,ec0e27c0-cc6b-4211-846f-3f00d9de810d,dca0579c-f6c8-4116-a55c-b9dfb1e884e4,None
2023,75,a,ce8c0bba-6793-43e9-b6ba-aa65b6e6bd26,95159c24-4c73-4fbb-85d3-05ac3f4b534a,Both Statement-I and Statement-II are correct and Statement-II is the correct explanation for Statement-I
2023,75,b,24567fe2-e4cf-4853-9e95-219835c4be57,95159c24-4c73-4fbb-85d3-05ac3f4b534a,Both Statement-I and Statement-II are correct and Statement-II is not the correct explanation for Statement-I
2023,75,c,9bdaf45c-56cc-4309-b6da-bc0dda279565,95159c24-4c73-4fbb-85d3-05ac3f4b534a,Statement-I is correct but Statement-II is incorrect
2023,75,d,387950b8-32b7-4901-80d4-45768c4fd147,95159c24-4c73-4fbb-85d3-05ac3f4b534a,Statement-l is incorrect but Statement-II is correct
2023,76,a,37f55f23-b132-4d91-8052-3d25c02109f5,a6cafa6f-1da8-4502-99bf-1faea2677006,Both Statement-I and Statement-II are correct and Statement-II is the correct explanation for Statement-I
2023,76,b,15e36d94-b757-4a5f-93b4-b90feaf92e25,a6cafa6f-1da8-4502-99bf-1faea2677006,Both Statement-I and Statement-II are correct and Statement-II is not the correct explanation for Statement-I
2023,76,c,a1912c87-e293-46b6-9c2c-b020a0373650,a6cafa6f-1da8-4502-99bf-1faea2677006,Statement-I is correct but Statement-II is incorrect
2023,76,d,df4f8fbe-7cbb-49b5-8c79-6cb346a07647,a6cafa6f-1da8-4502-99bf-1faea2677006,Statement-I is incorrect but Statement-II is correct
2023,77,a,ae480908-df68-4b91-9438-a059b2800fe9,82f374c2-b0a1-4e23-a177-30dc95c9689a,Only one
2023,77,b,c9d281a4-62d9-498e-9c04-56f32e61363d,82f374c2-b0a1-4e23-a177-30dc95c9689a,Only two
2023,77,c,fda44762-8d74-426b-b723-d0f8d55199c9,82f374c2-b0a1-4e23-a177-30dc95c9689a,All three
2023,77,d,61b82696-37eb-4264-9142-02ff74b9a0e8,82f374c2-b0a1-4e23-a177-30dc95c9689a,None
2023,78,a,b7e6563d-c73f-4b92-be32-c342cb0b0d1f,298b6c95-6d78-406d-8561-236c114cfc64,Angola
2023,78,b,5d82cf6e-4161-446c-81b1-0537d49a78a0,298b6c95-6d78-406d-8561-236c114cfc64,Costa Rica
2023,78,c,64f11290-c503-4edc-bb2d-4b392cf9a5ef,298b6c95-6d78-406d-8561-236c114cfc64,Ecuador
2023,78,d,f8d8f0a9-185a-4312-ba50-609228a005e6,298b6c95-6d78-406d-8561-236c114cfc64,Somalia
2023,79,a,e10ce29c-2aa1-4ba5-85f1-a49afec260a9,18cfaba7-3872-4e17-b945-99c075361773,1 only
2023,79,b,ea546600-7b40-4be5-9fc0-4371ae989b6d,18cfaba7-3872-4e17-b945-99c075361773,2 only
2023,79,c,0ed1f2d1-8e79-43e3-b36d-8d12a45852f1,18cfaba7-3872-4e17-b945-99c075361773,Both 1 and 2
2023,79,d,fed529a5-2a96-45e3-8284-1656b81be30e,18cfaba7-3872-4e17-b945-99c075361773,Neither 1 nor 2
2023,80,a,ce048c5e-63b9-4fcf-8e0b-3a4018a9960b,1557cdf5-36c3-4efe-9e76-85dab01953db,Only one
2023,80,b,0e9502bf-23d0-4631-8d1d-d9f045330abe,1557cdf5-36c3-4efe-9e76-85dab01953db,Only two
2023,80,c,7acf1ab7-2681-43f2-9449-803819f80278,1557cdf5-36c3-4efe-9e76-85dab01953db,Only three
2023,80,d,66cdf7cc-44a1-402f-bc97-62632eb46767,1557cdf5-36c3-4efe-9e76-85dab01953db,All four
2023,81,a,93200b37-035e-4342-add3-b04c83c7d43e,bb393ccc-12ec-4d95-a8a5-2732a3b8f514,archaeological excavations
2023,81,b,e34b9a33-b157-4285-b7d1-a5c018a83505,bb393ccc-12ec-4d95-a8a5-2732a3b8f514,establishment of English Press in Colonial India
2023,81,c,5a73282e-180c-4008-a812-e014f738bcdf,bb393ccc-12ec-4d95-a8a5-2732a3b8f514,establishment of Churches in Princely States
2023,81,d,e0c55749-a0fd-41b1-b74e-ac7d6f833d3a,bb393ccc-12ec-4d95-a8a5-2732a3b8f514,construction of railways in Colonial India
2023,82,a,b41c61c1-4870-4fe4-8910-2c91186c33fd,32e1d3d4-8b35-4001-acdc-349807c52e31,Only one
2023,82,b,1e5a0991-fb01-4de3-97ad-0b5784dc0b9b,32e1d3d4-8b35-4001-acdc-349807c52e31,Only two
2023,82,c,38584af3-e00c-41b3-b287-cd3868ce3a69,32e1d3d4-8b35-4001-acdc-349807c52e31,All three
2023,82,d,06fa2cc7-e6eb-4f53-82b6-f606985c2f9c,32e1d3d4-8b35-4001-acdc-349807c52e31,None
2023,83,a,7c974db8-db9c-44c0-b4b9-f8cb5dc99ab7,d6c6635c-d8ce-4965-8264-688fabf9b744,Both Statement-I and Statement-II are correct and Statement-II is the correct explanation for Statement-I
2023,83,b,ba111a27-5091-4576-bed6-6f12e39f813a,d6c6635c-d8ce-4965-8264-688fabf9b744,Both Statement-I and Statement-II are correct and Statement-II is not the correct explanation for Statement-I
2023,83,c,d50aa283-3cf0-428b-8d65-21b8d93aaa97,d6c6635c-d8ce-4965-8264-688fabf9b744,Statement-I is correct but Statement-II is incorrect
2023,83,d,931a904e-c678-4243-8dce-7c34e8fd272f,d6c6635c-d8ce-4965-8264-688fabf9b744,Statement-I is incorrect but Stateinent-II is correct
2023,84,a,5e2f2a02-7e1c-403e-ae42-32ecbc7b95d6,0e73738b-aa96-455b-9011-d5ee2ce20713,Both Statement-I and Statement-II are correct and Statement-II is the correct explanation for Statement-I
2023,84,b,871c71e0-e83b-4731-830e-f539b15bbc3a,0e73738b-aa96-455b-9011-d5ee2ce20713,Both Statement-I and Statement-II are correct and Statement-II is not the correct explanation for Statement-I
2023,84,c,b969c63f-fc55-4162-859a-e9b907e85345,0e73738b-aa96-455b-9011-d5ee2ce20713,Statement-I is correct but Statement-II is incorrect
2023,84,d,117d650a-d4c1-4913-a2bf-85429993d8c0,0e73738b-aa96-455b-9011-d5ee2ce20713,Statement-I is incorrect but Statement- II is correct
2023,85,a,1292499b-9121-45e9-a925-8b3679a21605,f535d488-5223-4dc6-971b-9966682419ef,Both Statement-I and Statement-II are correct and Statement-II is the correct explanation for Statement-I
2023,85,b,29ba64fc-1f20-4df2-b4fe-95a4e79bcdc6,f535d488-5223-4dc6-971b-9966682419ef,Both Statement-I and Statement-II are correct and Statement-II is not the correct explanation for Statement-I
2023,85,c,4c613ba8-4c7f-4ca2-a017-5a0e7f1e2a67,f535d488-5223-4dc6-971b-9966682419ef,Statement-I is correct but Statement-II is incorrect
2023,85,d,a0b92f11-8183-4596-813b-4730862b9ef8,f535d488-5223-4dc6-971b-9966682419ef,Statement-I is incorrect but Statement- II is correct
2023,86,a,51c77bda-9e36-4bb5-ad4b-bff937111212,e062b164-c187-41f9-b1f1-95015deea187,Both Statement-I and Statement-II are correct and Statement-II is the correct explanation for Statement-I
2023,86,b,a5152662-6b31-46a3-a1a7-fcd03bfc9e3e,e062b164-c187-41f9-b1f1-95015deea187,Both Statement-I and Statement-II are correct and Statement-II is not the correct explanation for Statement-I
2023,86,c,cfe15944-056c-4586-8d4d-f41951ec8e90,e062b164-c187-41f9-b1f1-95015deea187,Statement-I is correct but Statement-II is incorrect
2023,86,d,652aa2e0-e46f-42e7-be9d-1bf5501a99bf,e062b164-c187-41f9-b1f1-95015deea187,Statement-I is incorrect but Statement- II is correct
2023,87,a,3650d378-5348-475a-a936-aee3eecc84d3,3db7cf87-752f-4917-82ad-ea0ea7afbfb6,Both Statement-I and Statement-II are correct and Statement-II is the correct explanation for Statement-I
2023,87,b,5a1b75f9-dbc4-47c3-b03b-825ee71edd70,3db7cf87-752f-4917-82ad-ea0ea7afbfb6,Both Statement-I and Statement-II are correct and Statement-II is not the correct explanation for Statement-I
2023,87,c,82275ec5-5566-41ae-a047-520b595453b6,3db7cf87-752f-4917-82ad-ea0ea7afbfb6,Statement-I is correct but Statement-II is incorrect
2023,87,d,df134f44-f153-4c4e-9dfa-12c778bdbc60,3db7cf87-752f-4917-82ad-ea0ea7afbfb6,Statement-I is incorrect but Statement- II is correct
2023,88,a,71f5aa16-6d9e-48d1-927b-9bde3ed1890d,6f1c9529-365c-4f05-a8ae-e13c748b064b,Both Statement-I and Statement-II are correct and Statement-II is the correct explanation for Statement-I
2023,88,b,800dd987-5157-4c4f-8569-0b915032c89a,6f1c9529-365c-4f05-a8ae-e13c748b064b,Both Statement-I and Statement-II are correct and Statement-II is not the correct explanation for Statement-I
2023,88,c,7a0e12b6-d634-4f6e-a6a5-104d74aadd6a,6f1c9529-365c-4f05-a8ae-e13c748b064b,Statement-I is correct but Statement-II is incorrect
2023,88,d,bddc63e4-16a0-4172-b52d-39517199129b,6f1c9529-365c-4f05-a8ae-e13c748b064b,Statement-I is incorrect but Statement- II is correct
2023,89,a,e93529bb-50a4-4dcc-82f5-d9ccf6ab0a07,bbf681a2-7ba7-4073-9db8-04dcde8d2e38,Only one
2023,89,b,b3b48397-5882-42ea-a017-621214887585,bbf681a2-7ba7-4073-9db8-04dcde8d2e38,Only two
2023,89,c,07502860-a43d-449e-8f47-fca9a0a5c7e1,bbf681a2-7ba7-4073-9db8-04dcde8d2e38,All three
2023,89,d,7ef32bde-0fea-4f69-a33a-be1ca65b6e30,bbf681a2-7ba7-4073-9db8-04dcde8d2e38,None
2023,90,a,d1709318-f7fd-46db-8f65-9dea6aa880a5,0d584bcf-f58e-4c42-97fa-b9fc5b4a6383,Only one
2023,90,b,0d9442e3-42ce-4640-8ca1-77c23b9f63c5,0d584bcf-f58e-4c42-97fa-b9fc5b4a6383,Only two
2023,90,c,83e617ae-7818-4867-8937-4e6a634df6e5,0d584bcf-f58e-4c42-97fa-b9fc5b4a6383,All three
2023,90,d,896e884e-5e4c-4d96-ac74-5dde5db63921,0d584bcf-f58e-4c42-97fa-b9fc5b4a6383,None
2023,91,a,424658f0-f039-4aac-bb0d-ffbe1f8d485f,bfb7dfac-0ee4-4a21-b9da-fcd662f5867f,Only one
2023,91,b,23c61cc2-9e61-4196-959d-fdc3c9009e54,bfb7dfac-0ee4-4a21-b9da-fcd662f5867f,Only two
2023,91,c,31fcca2a-bdee-44c2-8b7a-96527c728937,bfb7dfac-0ee4-4a21-b9da-fcd662f5867f,All three
2023,91,d,ab68049b-be68-4ccb-8c62-b14313112ea2,bfb7dfac-0ee4-4a21-b9da-fcd662f5867f,None
2023,92,a,64c1fc2e-de44-4223-af7c-fa9747695953,d545a468-0cc9-4312-b403-7218067190b2,Only one
2023,92,b,65b98189-9846-49ee-96bf-3f812feb26ae,d545a468-0cc9-4312-b403-7218067190b2,Only two
2023,92,c,fd6e25dc-553d-43f7-a4a8-1bc9467d15cf,d545a468-0cc9-4312-b403-7218067190b2,All three
2023,92,d,97c377f9-1afb-4de7-a10a-80dc6b501233,d545a468-0cc9-4312-b403-7218067190b2,None
2023,93,a,e022a739-dc2f-4576-a8ae-ad4925474f92,0b00a6ba-1804-4e59-b2eb-d7c233a9704f,Only one
2023,93,b,c20c9725-699b-4338-927c-3d8ad89e061c,0b00a6ba-1804-4e59-b2eb-d7c233a9704f,Only two
2023,93,c,b1724b31-17a0-4005-9f96-05855bd04b5f,0b00a6ba-1804-4e59-b2eb-d7c233a9704f,All three
2023,93,d,0367d7fb-82f4-4054-abf6-98907ef19b8c,0b00a6ba-1804-4e59-b2eb-d7c233a9704f,None
2023,94,a,0d5f2542-171e-4c0f-b380-cca03c466c74,7841291f-6c2c-4f63-a970-adeb7a969ea3,Both Statement-I and Statement-II are correct and Statement-II is the correct explanation for Statement-I
2023,94,b,2a83bd8b-7abe-4c0f-85b4-1850dfb36005,7841291f-6c2c-4f63-a970-adeb7a969ea3,Both Statement-I and Statement-II are correct and Statement-II is not the correct explanation for Statement-I
2023,94,c,ac9a082b-ada9-4b3d-bb32-9d3f0a3064d0,7841291f-6c2c-4f63-a970-adeb7a969ea3,Statement-I is correct but Statement-II is incorrect
2023,94,d,bf0898f1-85ee-48cc-a1e8-b4b384903b07,7841291f-6c2c-4f63-a970-adeb7a969ea3,Statement-I is incorrect but Statement- II is correct
2023,95,a,a4c735f1-4544-45c6-abff-00dee2994ca0,261b26be-6024-450d-bb9d-295094423309,Only one
2023,95,b,70f3de7d-24af-4055-b152-0ace0f65dfd8,261b26be-6024-450d-bb9d-295094423309,Only two
2023,95,c,717c7aa9-c3ec-49a3-abbf-c9987a93be65,261b26be-6024-450d-bb9d-295094423309,Only three
2023,95,d,03b7a25d-a288-4bd5-b57c-6d980c4bf396,261b26be-6024-450d-bb9d-295094423309,All four
2023,96,a,2800c823-4d3b-464e-9f9f-274511b3849c,2fa2a6bd-ebde-4397-b4d6-fcee813a224f,Only one
2023,96,b,1b991d0e-0767-4c2a-ac90-9a0248bb62a8,2fa2a6bd-ebde-4397-b4d6-fcee813a224f,Only two
2023,96,c,46248d67-2493-42aa-896a-b095c45a5dbc,2fa2a6bd-ebde-4397-b4d6-fcee813a224f,Only three
2023,96,d,c3c6cedb-eea5-4794-a82d-d4693832ddd1,2fa2a6bd-ebde-4397-b4d6-fcee813a224f,All four
2023,97,a,6755a1c7-8cd8-4a27-aaa8-a9de1c60929b,861ae35c-7d8e-49d8-9800-65d36ca15381,Only one
2023,97,b,03fe2cc7-88d8-4e67-bf4f-375c250d838f,861ae35c-7d8e-49d8-9800-65d36ca15381,Only two
2023,97,c,208d52a9-3cd5-434b-b01f-5d461f472e4f,861ae35c-7d8e-49d8-9800-65d36ca15381,All three
2023,97,d,f8a8c68d-2fd8-4cb8-ba28-d4373497f282,861ae35c-7d8e-49d8-9800-65d36ca15381,None
2023,98,a,d087a3bd-e179-467d-b927-2a431d77d19f,29ac47a2-0e68-4dd9-8b5b-980966d633eb,Discovery of rich deposits of rare earth elements
2023,98,b,fb64b28c-2582-4da0-86c0-006b187bffcf,29ac47a2-0e68-4dd9-8b5b-980966d633eb,Establishment of Chinese military bases.
2023,98,c,44991c79-143a-432d-af5c-526b5dbeca8f,29ac47a2-0e68-4dd9-8b5b-980966d633eb,Southward expansion of Sahara Desert
2023,98,d,8921e326-1b5e-4f10-8380-7bba9c4b3df1,29ac47a2-0e68-4dd9-8b5b-980966d633eb,Successful coups
2023,99,a,3236d376-6058-41c5-9809-68a671828aeb,c8f0d638-c8dc-403a-8487-fdbc78fa690b,Only one
2023,99,b,812200fe-f3e1-4cee-b8e6-82ff6052d8f2,c8f0d638-c8dc-403a-8487-fdbc78fa690b,Only two
2023,99,c,2bbac3ae-24a8-4348-8803-61460a378303,c8f0d638-c8dc-403a-8487-fdbc78fa690b,All three
2023,99,d,8bfdea3b-db6f-452b-b717-2558f2635afb,c8f0d638-c8dc-403a-8487-fdbc78fa690b,None
2023,100,a,62a0a770-6dc0-49df-9510-8f8fe3bab039,29ef8426-0fa6-41f1-a20a-7c77beaf762b,1 only
2023,100,b,eb5c3abe-5c97-415b-bde1-a4f50153c4af,29ef8426-0fa6-41f1-a20a-7c77beaf762b,2 only
2023,100,c,08f674c1-d1f7-4c31-b286-84457a14f3a0,29ef8426-0fa6-41f1-a20a-7c77beaf762b,Both 1 and 2
2023,100,d,92befd15-7efe-4587-9193-18d63641227c,29ef8426-0fa6-41f1-a20a-7c77beaf762b,Neither 1 nor 2
2024,1,a,97a3dc7c-659b-47da-b26d-3c4d66acf928,839ee115-0e11-4752-bf5c-0f07acab5e2e,One
2024,1,b,0a0a2048-3eb1-4247-ab5b-1e2b3abd7454,839ee115-0e11-4752-bf5c-0f07acab5e2e,Two
2024,1,c,6aac0b09-2914-41cc-bc9f-eebd96bb8ab7,839ee115-0e11-4752-bf5c-0f07acab5e2e,Three
2024,1,d,3b7f8f04-c2e9-49bb-9ee2-95ad0a136931,839ee115-0e11-4752-bf5c-0f07acab5e2e,Four
2024,2,a,6f61e6fd-ddd5-4c55-9320-b3aa14810df9,419166da-a673-47c1-b4c5-37f8fc1b8c3a,"1, 2 and 3"
2024,2,b,b1337594-959b-4722-b248-2ef112cd39f7,419166da-a673-47c1-b4c5-37f8fc1b8c3a,"1, 2 and 4"
2024,2,c,023bbe2e-e8cd-4e64-ad37-85afcbef5513,419166da-a673-47c1-b4c5-37f8fc1b8c3a,"1, 3 and 4"
2024,2,d,b26aac05-158d-4857-a971-fe3626697503,419166da-a673-47c1-b4c5-37f8fc1b8c3a,"2, 3 and 4"
2024,3,a,1c4a9f22-3a88-402f-a05e-7809beae82cd,0b121439-e875-40ee-a4b9-b3e96ff7809e,Only one
2024,3,b,5c25e53e-9841-49ec-ae85-d766577a9753,0b121439-e875-40ee-a4b9-b3e96ff7809e,Only two
2024,3,c,2c7cce2c-28b5-40b9-a310-f75a9d2e654b,0b121439-e875-40ee-a4b9-b3e96ff7809e,Only three
2024,3,d,868a621a-a7e6-490a-adb4-815870a92edb,0b121439-e875-40ee-a4b9-b3e96ff7809e,All four
2024,4,a,87761562-6372-4450-8e49-f7e08941e9a9,ecf47fe9-6523-4356-9009-9ff2a5d04ad2,1 and 2 only
2024,4,b,add8c941-025f-4606-9066-7feeb8c7db2d,ecf47fe9-6523-4356-9009-9ff2a5d04ad2,2 and 3 only
2024,4,c,5c53db7d-83af-4d24-8e0c-2e02e904053d,ecf47fe9-6523-4356-9009-9ff2a5d04ad2,1 and 3 only
2024,4,d,a4ef07dc-79a0-4726-aadb-ff65af06a5e3,ecf47fe9-6523-4356-9009-9ff2a5d04ad2,"1, 2 and 3"
2024,5,a,6dcbd226-6ee1-4169-b9fe-a28a0ea0f521,5ac5cead-d026-4622-b41d-4b95d4903459,Inter-State trade and commerce is a State subject under the State List.
2024,5,b,ed56aac8-d4a5-449a-886a-092dc6411c6d,5ac5cead-d026-4622-b41d-4b95d4903459,Inter-State migration is a State subject under the State List.
2024,5,c,4bc52042-6d52-40fb-8991-e9c5a0579137,5ac5cead-d026-4622-b41d-4b95d4903459,Inter-State quarantine is a Union subject under the Union List.
2024,5,d,9ab5848a-f6ec-4d64-bfc8-6ca9985a0392,5ac5cead-d026-4622-b41d-4b95d4903459,Corporation tax is a State subject under the State List.
2024,6,a,b9ddde30-543c-4965-be4a-23c88ac7c570,9bb3f4e6-2f1f-443c-a767-205e0e11ab96,Article 15
2024,6,b,0dc27cf2-f5ab-4012-b3e2-fcadf087b48e,9bb3f4e6-2f1f-443c-a767-205e0e11ab96,Article 16
2024,6,c,cf0931cf-8be1-4f9d-972a-9a8fa3f8441b,9bb3f4e6-2f1f-443c-a767-205e0e11ab96,Article 19
2024,6,d,e606b6cf-4bfd-44b0-ac08-7c8bbe248854,9bb3f4e6-2f1f-443c-a767-205e0e11ab96,Article 21
2024,7,a,ee1cb0e1-d4fa-46a7-831d-00fe0b4bb85d,64c264f2-89dd-4974-a7ef-41565b3d38ae,"1, 2 and 3"
2024,7,b,1d64795a-0ff0-40c9-9d1a-8309c2ba8d7e,64c264f2-89dd-4974-a7ef-41565b3d38ae,1 and 2 only
2024,7,c,28086d77-692c-47e5-b2e9-47e2e0fa24f7,64c264f2-89dd-4974-a7ef-41565b3d38ae,2 and 3 only
2024,7,d,13be550e-949a-4752-a847-b65c64d1a7a9,64c264f2-89dd-4974-a7ef-41565b3d38ae,1 and 3 only
2024,8,a,7a7c9e24-f077-4b41-addf-e0800a11894f,4092070a-0926-4f29-b728-4fc0f4c3a873,Operations Sankalp
2024,8,b,50d00719-da89-43db-8d7e-5a4e9d5ae10a,4092070a-0926-4f29-b728-4fc0f4c3a873,Operation Maitri
2024,8,c,315a70bf-2881-46d5-95e6-34b449806448,4092070a-0926-4f29-b728-4fc0f4c3a873,Operation Sadbhavana
2024,8,d,35934578-65fe-4f0a-8321-3c446fd2e9f3,4092070a-0926-4f29-b728-4fc0f4c3a873,Operation Madad
2024,9,a,228cebf0-504e-4501-aba1-fa1fa3ec7704,5d2ce052-06c0-40e5-bb91-95235e936027,Canada and the United States of America
2024,9,b,3ec46e38-5571-4415-8c23-c5eef2913388,5d2ce052-06c0-40e5-bb91-95235e936027,Chile and Argentina
2024,9,c,75a48322-7569-4b51-8c6f-84c50998aa82,5d2ce052-06c0-40e5-bb91-95235e936027,China and India
2024,9,d,4dd309b2-4d22-4143-9d96-8a2c18edebe3,5d2ce052-06c0-40e5-bb91-95235e936027,Kazakhstan and Russian Federation
2024,10,a,692f99f0-44a8-46d0-bcc0-cce8c9e8c5d9,03ddf8f8-5af1-49d6-b616-33f6dda05381,1 and 2 only
2024,10,b,efc864ee-8ef5-4709-a870-5a2545189b48,03ddf8f8-5af1-49d6-b616-33f6dda05381,2 and 3 only
2024,10,c,a23efc1e-d510-4977-8ee3-dc227be225a1,03ddf8f8-5af1-49d6-b616-33f6dda05381,1 and 3 only
2024,10,d,66f78c25-af92-49fe-a7ea-c2d6c6675abb,03ddf8f8-5af1-49d6-b616-33f6dda05381,"1, 2 and 3"
2024,11,a,cc5db76a-1a1e-4471-8c7a-860d35c4518e,7a84bbd6-b19b-427f-af1e-fee17b439ee9,C. Rajagopalachari
2024,11,b,2002d212-e88b-4aaa-8f4b-fc625a157016,7a84bbd6-b19b-427f-af1e-fee17b439ee9,Dr. B.R. Ambedkar
2024,11,c,20efeb3a-882b-45f7-8111-4f5012f3cccf,7a84bbd6-b19b-427f-af1e-fee17b439ee9,T.T. Krishnamachari
2024,11,d,19c6d54a-7aa0-42b9-afff-bd30b23ea143,7a84bbd6-b19b-427f-af1e-fee17b439ee9,Dr. Sachchidananda Sinha
2024,12,a,375ae824-7967-4d78-84a2-423e24d84574,45b67036-b975-4848-8c6f-2e9ff8d5f615,1 only
2024,12,b,56e379d3-654e-414c-b85f-531fa4965334,45b67036-b975-4848-8c6f-2e9ff8d5f615,2 only
2024,12,c,54d61574-2aa9-4a30-9485-93aac7046449,45b67036-b975-4848-8c6f-2e9ff8d5f615,Both 1 and 2
2024,12,d,35b979fd-ff6d-41f1-b669-daf0fceeb753,45b67036-b975-4848-8c6f-2e9ff8d5f615,Neither 1 nor 2
2024,13,a,b74ffa3d-0d18-42ac-9972-8d6b99ee3d4b,c5279362-2cb0-405b-9cf9-62c0b1802e71,Kavyalankara
2024,13,b,5ab7bebb-39b6-4803-bf10-63401deca6fe,c5279362-2cb0-405b-9cf9-62c0b1802e71,Natyashastra
2024,13,c,1cbe9dd9-d2f3-4762-b458-920a1021b927,c5279362-2cb0-405b-9cf9-62c0b1802e71,Madhyama vyayoga
2024,13,d,9a545623-d2d6-4835-ba5d-e769c043bcdb,c5279362-2cb0-405b-9cf9-62c0b1802e71,Mahabhashya
2024,14,a,d287edf9-0eca-43e0-b9f1-9ccc9cd6bde2,49e03c74-dd7f-4829-92ff-d914ba2982e3,Prajnaparamita Sutra
2024,14,b,7869ac5d-cea7-4ede-879c-8784f73cfd63,49e03c74-dd7f-4829-92ff-d914ba2982e3,Visuddhimagga
2024,14,c,ac09d754-f6a2-4d61-87e6-437409c70eca,49e03c74-dd7f-4829-92ff-d914ba2982e3,Sarvastivada Vinaya
2024,14,d,53a03172-fdd2-4bb3-a9bf-5d14046a1465,49e03c74-dd7f-4829-92ff-d914ba2982e3,Lalitavistara
2024,15,a,20dea81d-36a2-48ba-8aab-d6dadaabb60a,c7a15a6d-9db6-4ecf-bcdd-0964e1af810c,Only one
2024,15,b,46c23715-8aad-402f-bfef-b48cfb222542,c7a15a6d-9db6-4ecf-bcdd-0964e1af810c,Only two
2024,15,c,315ac887-5d7f-4b7b-b852-29d409e9545f,c7a15a6d-9db6-4ecf-bcdd-0964e1af810c,Only three
2024,15,d,7c01dcd1-ac17-422d-be82-83788fbf26c6,c7a15a6d-9db6-4ecf-bcdd-0964e1af810c,All four
2024,16,a,c88dee66-fd4f-423a-a0e4-3be6ef5bccc0,40529684-21c8-42fa-a8ce-4948200be6a8,1 and 2 only
2024,16,b,44ce0bb2-1e34-4eb8-91b3-79939b8618c6,40529684-21c8-42fa-a8ce-4948200be6a8,2 and 3 only
2024,16,c,6011a1db-3cca-4168-8925-26ea8f006c1a,40529684-21c8-42fa-a8ce-4948200be6a8,1 and 3 only
2024,16,d,ca3f0fbc-df67-4f8d-972c-662a4af08a97,40529684-21c8-42fa-a8ce-4948200be6a8,1 2 and 3
2024,17,a,7725d039-cc9c-4bdd-b8bb-360b786c7a0e,d6e1ee2a-7da5-45c8-8bc4-4cb22ecfe8a8,"1, 2 and 4"
2024,17,b,1a3c99fe-0fe8-4a19-81e2-54f2188aa3b0,d6e1ee2a-7da5-45c8-8bc4-4cb22ecfe8a8,"1, 3 and 5"
2024,17,c,f01c2481-cffd-4ec9-beae-0fddc38d78ba,d6e1ee2a-7da5-45c8-8bc4-4cb22ecfe8a8,2 and 4 only
2024,17,d,c459d6df-3dd1-48bf-bd03-2a32082237bc,d6e1ee2a-7da5-45c8-8bc4-4cb22ecfe8a8,3 and 5 only
2024,18,a,15e6eac7-3776-4577-b707-2490dfdc5362,95aaeb13-7786-4130-aa1f-66fe9dac4f69,1 and 2 only
2024,18,b,0754cd84-9ace-455c-a4c1-dc17cededaaf,95aaeb13-7786-4130-aa1f-66fe9dac4f69,2 and 3 only
2024,18,c,96883481-923f-4eb4-962d-073306bd8769,95aaeb13-7786-4130-aa1f-66fe9dac4f69,"1, 2 and 3"
2024,18,d,184b0dcc-997b-4fe8-b2d3-df726112ac25,95aaeb13-7786-4130-aa1f-66fe9dac4f69,"1, 3 and 4"
2024,19,a,66ad4fd3-5588-4931-9540-78cd92b56f32,10ba934c-1cab-4906-a31b-96e3fec57636,1 and 4
2024,19,b,9ba58e69-9283-4cae-b36e-bd38fb44b8fc,10ba934c-1cab-4906-a31b-96e3fec57636,1 and 3
2024,19,c,14a7e8f2-5e06-4623-b4e3-4869b5c0bee5,10ba934c-1cab-4906-a31b-96e3fec57636,"2, 3 and 4"
2024,19,d,2d5e8266-f842-415c-88d1-d6f138f66439,10ba934c-1cab-4906-a31b-96e3fec57636,3 only
2024,20,a,e74d043f-9b28-4aa8-8f70-61292a5e083f,b3305b4a-483e-441d-a71c-d26399c4d2a8,"1, 2 and 3 only"
2024,20,b,428a1339-6e2c-4c45-b987-26f420a0cbd7,b3305b4a-483e-441d-a71c-d26399c4d2a8,"1, 3 and 4 only"
2024,20,c,be2f0b29-7371-4a4d-b61d-35ed7c5e18a9,b3305b4a-483e-441d-a71c-d26399c4d2a8,2 and 4 only
2024,20,d,37b45ea8-888b-482b-be15-917babaf18e7,b3305b4a-483e-441d-a71c-d26399c4d2a8,"1, 2, 3 and 4"
2024,21,a,e7719673-ae38-4929-8433-dc31f570972d,623f2387-100b-4e2f-9896-5fe18d6767ba,"1, 2 and 3"
2024,21,b,03ea94d8-0c5c-41ba-bce4-22eb0b690004,623f2387-100b-4e2f-9896-5fe18d6767ba,1 and 2 only
2024,21,c,85c42981-22b0-45dd-8156-62d2ce2bbb96,623f2387-100b-4e2f-9896-5fe18d6767ba,2 and 3 only
2024,21,d,51499773-83c5-4d98-8442-81dace69a0bc,623f2387-100b-4e2f-9896-5fe18d6767ba,1 and 3
2024,22,a,6f7be58c-e435-40bd-b99b-6433ac79c2bd,0882c6df-1b80-4fd7-b786-7b8b48d4c265,"1, 2 and 3"
2024,22,b,d1d1596d-7dc2-4c06-8970-66fbf56a3494,0882c6df-1b80-4fd7-b786-7b8b48d4c265,"1, 2 and 4"
2024,22,c,63911e08-f416-4360-be77-505c9f67b41f,0882c6df-1b80-4fd7-b786-7b8b48d4c265,"1, 3 and 4"
2024,22,d,9ca15649-baa0-4b62-a127-b06c962bd7b6,0882c6df-1b80-4fd7-b786-7b8b48d4c265,"2, 3 and 4"
2024,23,a,3b6ef62c-b17d-47dc-8009-fcb8eac4a729,67da786c-e7a9-4989-a23f-30a78de616d3,a government officer prohibiting him from taking a particular action.
2024,23,b,e5902f3f-59a4-4da0-a8b7-86a736394594,67da786c-e7a9-4989-a23f-30a78de616d3,the parliament/Legislative Assembly to pass a law on Prohibition.
2024,23,c,00f247c4-25ed-4428-9a9a-62dfc6c0b171,67da786c-e7a9-4989-a23f-30a78de616d3,the lower court prohibiting continuation of proceedings in a case
2024,23,d,79321168-17a2-40c6-a7b5-630d0296e309,67da786c-e7a9-4989-a23f-30a78de616d3,the Government prohibiting it from following an unconstitutional policy
2024,24,a,54b5a087-721b-4008-9b75-47f63e6db38f,c514c304-1427-4fdf-94a0-e7eac77400d0,1 only
2024,24,b,58049252-d6ab-4e9a-b35c-b46e82a11c4c,c514c304-1427-4fdf-94a0-e7eac77400d0,2 only
2024,24,c,3563c0e6-249a-46c8-a839-951804149089,c514c304-1427-4fdf-94a0-e7eac77400d0,Both 1 and 2
2024,24,d,5af926b9-66a1-4a94-af76-75da0bca707d,c514c304-1427-4fdf-94a0-e7eac77400d0,Neither 1 nor 2
2024,25,a,a0f1f02e-08b9-4fda-90ea-f869758bdf54,6e88e0bb-718a-4e9a-84fe-6664204ad399,1 only
2024,25,b,b33a726b-dee6-4c87-a23a-10d7c3099403,6e88e0bb-718a-4e9a-84fe-6664204ad399,2 only
2024,25,c,f06f4d96-36ba-49d9-a54f-c10c01492e36,6e88e0bb-718a-4e9a-84fe-6664204ad399,Both 1 and 2
2024,25,d,d89ec1b4-11d3-4707-b3cb-57d96adefc64,6e88e0bb-718a-4e9a-84fe-6664204ad399,Neither 1 nor 2
2024,26,a,07c9eb00-698a-4c4a-88e2-ad96951ddf63,903bb50d-c9e6-449e-bd3f-96a68dc31d4e,Bhupender Yadav
2024,26,b,88ab39e4-407a-4520-9ffc-9c1cbd69e590,903bb50d-c9e6-449e-bd3f-96a68dc31d4e,Nalin Mehta
2024,26,c,e244ad10-e9cf-4eca-a66e-c48e3553f3cd,903bb50d-c9e6-449e-bd3f-96a68dc31d4e,Shashi Tharoor
2024,26,d,933e52f5-6c3f-4d23-b76b-f76b0b1161ea,903bb50d-c9e6-449e-bd3f-96a68dc31d4e,Subrahmanyam Jaishankar
2024,27,a,ad404a8f-4eba-45a7-8703-f9a0514fed3a,f1b31fdf-401e-4c30-8d39-13d01d566654,Only one pair
2024,27,b,1a6f5007-c966-4ecb-b069-c90d2ade6473,f1b31fdf-401e-4c30-8d39-13d01d566654,Only two pairs
2024,27,c,2be146de-863d-4708-bc7e-6944bc3dbee2,f1b31fdf-401e-4c30-8d39-13d01d566654,All three pairs
2024,27,d,65aebe06-f80b-48e8-9421-b717036a39a2,f1b31fdf-401e-4c30-8d39-13d01d566654,None of the pairs
2024,28,a,8cc013ca-bf58-42d4-9c1a-921b2aebc4f2,23c8b66b-d7ae-4c25-8fcc-5c5cee9c12d0,Both Statement-I and Statement-II are correct and Statement-II explains Statement-I
2024,28,b,35aad674-f039-4a7e-906f-09f1aec60033,23c8b66b-d7ae-4c25-8fcc-5c5cee9c12d0,"Both Statement-I and Statement-II are correct, but Statement-II does not explain Statement-I"
2024,28,c,9b19c6dd-0906-49fa-917b-9cc5cb631d98,23c8b66b-d7ae-4c25-8fcc-5c5cee9c12d0,"Statement-I is correct, but Statement-II is incorrect"
2024,28,d,7472bbfb-b5a1-41f8-9bc3-3368b5463c2f,23c8b66b-d7ae-4c25-8fcc-5c5cee9c12d0,"Statement-I is incorrect, but Statement-II is correct"
2024,29,a,058cc4ff-4dea-4ffd-94ed-dff6ae007ac9,3cc3340d-69b3-4299-9746-a0df1ce06e3c,1 only
2024,29,b,9649a292-dbcd-44df-9d8a-4acb340d048f,3cc3340d-69b3-4299-9746-a0df1ce06e3c,2 only
2024,29,c,129e28e4-e486-48ca-b7ed-4efe693db5fc,3cc3340d-69b3-4299-9746-a0df1ce06e3c,Both 1 and 2
2024,29,d,b90bcf2f-e146-47da-b347-960ebff7bfcd,3cc3340d-69b3-4299-9746-a0df1ce06e3c,Neither 1 nor 2
2024,30,a,b063746e-5ec6-461d-acea-453c812e5387,092e239a-5da3-4095-a381-1224014b7160,Locomotives using fossil fuels
2024,30,b,925728ff-2c9b-4db4-af33-2138e3f097b0,092e239a-5da3-4095-a381-1224014b7160,Ships using fossil fuels
2024,30,c,496f0b88-fcab-4b17-a0fb-de49ad7fd23e,092e239a-5da3-4095-a381-1224014b7160,Extraction of metals from ores
2024,30,d,63a35a9a-f632-4419-85ba-7462ca3be494,092e239a-5da3-4095-a381-1224014b7160,Power plants using fossil fuels.
2024,31,a,b4488391-53be-4c88-ba09-98ad661e38fe,015f825d-2ae0-4272-a518-cc7b5d83cfbc,Both Statement-I and Statement-II are correct and Statement-II explains Statement-I
2024,31,b,71590c59-236a-4ad4-bbdb-f47414e22faf,015f825d-2ae0-4272-a518-cc7b5d83cfbc,"Both Statement-I and Statement-II are correct, but Statement-II does not explain Statement-I"
2024,31,c,418f1c1f-1342-4aaa-8232-9b34475feb4c,015f825d-2ae0-4272-a518-cc7b5d83cfbc,"Statement-I is correct, but Statement-II is incorrect"
2024,31,d,04e57b3d-c3a5-49ec-8d15-4b6ba5dc20f1,015f825d-2ae0-4272-a518-cc7b5d83cfbc,"Statement-I is incorrect, but Statement-II is correct"
2024,32,a,3a7986ec-b88a-4c85-8e30-fc440ea2471f,56bfad39-9289-44d9-9da3-137cd81656a0,Both Statement-I and Statement-II are correct and Statement-II explains Statement-I
2024,32,b,6dc50de6-cb89-49a6-88cd-fbf37fff3a0d,56bfad39-9289-44d9-9da3-137cd81656a0,"Both Statement-I and Statement-II are correct, but Statement-II does not explain Statement-I"
2024,32,c,a811354d-76c3-4524-a8d3-6f12637bfcf3,56bfad39-9289-44d9-9da3-137cd81656a0,"Statement-I is correct, but Statement-II incorrect"
2024,32,d,d9b60dec-3121-4a9f-ab49-444baf024e90,56bfad39-9289-44d9-9da3-137cd81656a0,"Statement-I is incorrect, but Statement-II is correct"
2024,33,a,a1f88d49-9a4a-4a42-9cad-ad30539155c4,cc7e3897-d721-4b30-a38d-27ca54d7c15c,1 and 2 only
2024,33,b,4498e1a0-590f-4b22-ab55-39cdb1c45a28,cc7e3897-d721-4b30-a38d-27ca54d7c15c,1 and 3 only
2024,33,c,57fec558-c3bc-496b-b097-222efb3513f5,cc7e3897-d721-4b30-a38d-27ca54d7c15c,2 and 4 only
2024,33,d,af184ac2-d6d4-4c12-a4aa-2c3fd22eee7a,cc7e3897-d721-4b30-a38d-27ca54d7c15c,"1, 2 and 4"
2024,34,a,510f058d-c520-4cdb-b071-0b856ac88f0f,8c697241-5143-4e18-a401-1d3617c32740,1 only
2024,34,b,cc3fb02d-788c-44ae-8e58-f915fb5c5733,8c697241-5143-4e18-a401-1d3617c32740,2 and 3 only
2024,34,c,4a5e5129-3a72-4ae7-8fa6-81e5ec13241b,8c697241-5143-4e18-a401-1d3617c32740,"1, 2 and 3"
2024,34,d,6e4bec86-97e9-4418-9e0e-3cb1dd173b28,8c697241-5143-4e18-a401-1d3617c32740,None of the above are epithets of Gautama Buddha
2024,35,a,b84b6bcd-029d-4cbd-9353-31297944a4d4,fbca24f4-91e2-4c66-86b2-5d38e52842fa,1 and 2
2024,35,b,ec1db4d4-551e-4e86-a37c-ef294b8872a6,fbca24f4-91e2-4c66-86b2-5d38e52842fa,2 and 3
2024,35,c,df2637bf-12bd-4d26-9c2d-67887c817aec,fbca24f4-91e2-4c66-86b2-5d38e52842fa,3 and 4
2024,35,d,84810d13-4861-4993-bc9a-aace2bc5e6e1,fbca24f4-91e2-4c66-86b2-5d38e52842fa,1 and 4
2024,36,a,f3e4b9fe-8777-4f63-8165-389612e49efd,e6ba99d6-f1d7-45c2-8690-768a1f9ec1a7,Krishnadevaraya
2024,36,b,ee3d0a68-6564-4f2c-89e6-4e7d54136abe,e6ba99d6-f1d7-45c2-8690-768a1f9ec1a7,Narasimha Saluva
2024,36,c,d5acb1a4-262c-422c-b371-86dbfac6d265,e6ba99d6-f1d7-45c2-8690-768a1f9ec1a7,Muhammad Shah III
2024,36,d,72987014-f8ca-43eb-8a7a-5961e3f72ae0,e6ba99d6-f1d7-45c2-8690-768a1f9ec1a7,Yusuf Adil Shah
2024,37,a,68b8c2ea-810e-4d93-9fcb-48af1b489d3e,022ec95b-93b6-4575-951e-17434535965f,1 only
2024,37,b,bab4377c-7807-4db5-938a-d99628625845,022ec95b-93b6-4575-951e-17434535965f,2 only
2024,37,c,15335960-6853-462a-9764-fdd94732bc56,022ec95b-93b6-4575-951e-17434535965f,Both 1 and 2
2024,37,d,cbfdb199-a4cd-4585-a084-2c651459c201,022ec95b-93b6-4575-951e-17434535965f,Neither 1 nor 2
2024,38,a,842bd7d8-e927-48fa-9969-f6955c33169e,2f37036a-7941-4740-8ac1-d4520282146c,1 only
2024,38,b,cf1f506e-20d4-4892-88ba-1954bf7637ce,2f37036a-7941-4740-8ac1-d4520282146c,2 only
2024,38,c,e0b11b09-7647-463e-b6b4-484c30e654b4,2f37036a-7941-4740-8ac1-d4520282146c,Both 1 and 2
2024,38,d,0e7b4f55-e17d-466a-b111-029ebba5a402,2f37036a-7941-4740-8ac1-d4520282146c,Neither I nor 2
2024,39,a,26e1692b-7867-4fd3-89fe-45661dbb1365,8f3e1b0e-7094-4669-9df1-a884b21ae34a,1 only
2024,39,b,e0bf208b-e066-492e-9e7a-7d19247f26d8,8f3e1b0e-7094-4669-9df1-a884b21ae34a,2 only
2024,39,c,3bf35f81-aac5-4764-974a-c0d09692e9c8,8f3e1b0e-7094-4669-9df1-a884b21ae34a,Both 1 and 2
2024,39,d,162eef7b-5dfc-417d-8f4e-3dc39d6f6311,8f3e1b0e-7094-4669-9df1-a884b21ae34a,Neither 1 nor 2
2024,40,a,526ca8ca-9bda-4c46-8480-29cc8f9eee03,1e9f2a05-8180-479e-90f1-07b9c4098793,Chhau dance
2024,40,b,92733e8e-5c32-4d96-b15d-50ca36c69a18,1e9f2a05-8180-479e-90f1-07b9c4098793,Durga puja
2024,40,c,6db0b39e-02d9-4559-8905-66417e14b93e,1e9f2a05-8180-479e-90f1-07b9c4098793,Garba dance
2024,40,d,86d46f66-a271-446b-a3da-25101dfabacd,1e9f2a05-8180-479e-90f1-07b9c4098793,Kumbh mela
2024,41,a,856cb5ec-0ef3-4baf-9c4a-e58efcddd4a3,09b05d83-41b2-43fd-830d-edc8b0568cd4,Both Statement-I and Statement-II are correct and Statement-II explains Statement-I
2024,41,b,f3bec433-55cf-422a-8a75-4b26a4a2fd97,09b05d83-41b2-43fd-830d-edc8b0568cd4,"Both Statement-I and Statement-II are correct, but Statement-II does not explain Statement-I"
2024,41,c,0a681ae5-85c0-41e2-9a15-ccb24d8953d6,09b05d83-41b2-43fd-830d-edc8b0568cd4,"Statement-I is correct, but Statement-II is incorrect"
2024,41,d,cbcfb78f-2482-443c-a06a-42dbceab609c,09b05d83-41b2-43fd-830d-edc8b0568cd4,"Statement-I is incorrect, but Statement-II in correct"
2024,42,a,32091f32-4ede-409e-9433-9d8ec230aa91,4ddd91f0-ed54-487a-9653-d1df65681b66,Both Statement-I and Statement-II are correct and Statement-II explains Statement-I
2024,42,b,fc68f5b8-68f0-4a15-8b14-4608cd5cd3c3,4ddd91f0-ed54-487a-9653-d1df65681b66,"Both Statement-I and Statement-II are correct, but Statement-II does not explain Statement-I"
2024,42,c,bd4c8b30-52c8-4b11-bc8b-8ab829856554,4ddd91f0-ed54-487a-9653-d1df65681b66,"Statement-I is correct, but Statement-II is incorrect"
2024,42,d,a2494394-fb8a-4170-91f5-7d03e7c854b7,4ddd91f0-ed54-487a-9653-d1df65681b66,"Statement-I is incorrect, but Statement-II is correct"
2024,43,a,c7635755-5e11-4ec8-89e8-27c100f776ee,35c5afcd-80c8-4732-8dcb-d790df0c25f5,1 only
2024,43,b,fd6f5551-a169-40d6-9374-958e868f1bf0,35c5afcd-80c8-4732-8dcb-d790df0c25f5,1 and 2 only
2024,43,c,d5561187-d3f0-4845-b25e-61004564ec9f,35c5afcd-80c8-4732-8dcb-d790df0c25f5,2 and 3 only
2024,43,d,13e15c64-def7-45fc-a3b3-05530cf814bf,35c5afcd-80c8-4732-8dcb-d790df0c25f5,"1, 2 and 3"
2024,44,a,a7b6bfdc-8f31-4046-a113-93ce29cd06be,effcf320-7607-4940-8cf4-70fae4458a26,1 only
2024,44,b,0bee268b-9e64-45fb-8c3a-7c31f845bd9a,effcf320-7607-4940-8cf4-70fae4458a26,1 and 2
2024,44,c,009b048e-6282-4c0a-8930-c03d95ba3542,effcf320-7607-4940-8cf4-70fae4458a26,2 and 3
2024,44,d,2c6a68da-ace2-47cd-9bb7-585f012fde4b,effcf320-7607-4940-8cf4-70fae4458a26,3 only
2024,45,a,34c73e70-99c6-48fd-89ea-75cb4487e276,e955df5c-e536-4fea-856a-db9b10de5dbb,1 only
2024,45,b,6e595228-2248-4e6f-ae44-0e2f249b6426,e955df5c-e536-4fea-856a-db9b10de5dbb,1 and 2
2024,45,c,0be49cd7-06cd-4299-bdc8-a9dff401fb51,e955df5c-e536-4fea-856a-db9b10de5dbb,2 and 3
2024,45,d,cac9c6ce-71c8-4c7d-91b0-d1983633e92f,e955df5c-e536-4fea-856a-db9b10de5dbb,3 only
2024,46,a,288668f2-9c91-40a1-a2bd-7da44d21decf,b65eb979-146e-479d-8493-1a6953a18b65,Both Statement-I and Statement-II are correct and Statement-I Statement-II explains
2024,46,b,8831503b-753f-4937-a465-913ff8ba5a72,b65eb979-146e-479d-8493-1a6953a18b65,"Both Statement-I and Statement-II are correct, but Statement-II does not explain Statement-I"
2024,46,c,11d50385-1564-4832-a3ce-556a6586c9d8,b65eb979-146e-479d-8493-1a6953a18b65,"Statement-I is correct, but Statement-II is incorrect"
2024,46,d,42e34b9a-365d-4ba7-9eb1-44a1b5ffd1cd,b65eb979-146e-479d-8493-1a6953a18b65,"Statement-I is incorrect, but Statement-II is correct"
2024,47,a,e2567952-9fcd-4da6-9f0f-1c98894f8dd8,2c9a3f3e-7b88-4b01-9465-c45376f71065,Both Statement-I and Statement-II are correct and Statement-II explains Statement-I
2024,47,b,cba8e4bb-422c-4742-aaaf-92e79293de36,2c9a3f3e-7b88-4b01-9465-c45376f71065,"Both Statement-I and Statement-II are correct, but Statement-II does not explain Statement-I"
2024,47,c,c7b5d792-23c5-4556-89bb-f4f358bd0d43,2c9a3f3e-7b88-4b01-9465-c45376f71065,"Statement-I is correct, but Statement-II is incorrect"
2024,47,d,55102d14-aa4a-4b93-9f47-950b9b6cfbe9,2c9a3f3e-7b88-4b01-9465-c45376f71065,"Statement-I is incorrect, but Statement-II is correct"
2024,48,a,c4f3b29e-8818-4e10-847a-406644375830,1a3e5133-a843-41bc-819d-caa9f364d61a,1 and 2 only
2024,48,b,db242add-24e3-4a7e-b08e-819e031fab7d,1a3e5133-a843-41bc-819d-caa9f364d61a,2 and 3 only
2024,48,c,5ba2f0f0-2a0f-48bf-a1e4-43800e48a04d,1a3e5133-a843-41bc-819d-caa9f364d61a,1 and 3 only
2024,48,d,f7fb0502-5d40-4a10-acf5-da9dbc308c55,1a3e5133-a843-41bc-819d-caa9f364d61a,"1, 2 and 3"
2024,49,a,78a6ea1e-ba74-4e7e-9786-a673ea5ae843,d1e69d16-155c-45e4-87af-7e88ee2f5e4a,1 only
2024,49,b,73710d0b-b263-4b3b-bc74-eac7e29eb5a3,d1e69d16-155c-45e4-87af-7e88ee2f5e4a,2 only
2024,49,c,655ace77-c664-40b4-a5f1-785cd0032604,d1e69d16-155c-45e4-87af-7e88ee2f5e4a,Both 1 and 2
2024,49,d,483d056e-a138-4bd6-bad0-8d6afa42f77c,d1e69d16-155c-45e4-87af-7e88ee2f5e4a,Neither 1 nor 2
2024,50,a,6805e93f-488d-4de6-94f7-cd2cb61c40b6,7b6b14ca-cdd6-495d-acd8-af8d2fd24931,"1, 3 and 4"
2024,50,b,eb085385-11e2-485d-8a89-633a5d5d9b83,7b6b14ca-cdd6-495d-acd8-af8d2fd24931,2 and 3 only
2024,50,c,734a6ead-068d-40c7-a0a4-a014c41c32d2,7b6b14ca-cdd6-495d-acd8-af8d2fd24931,2 only
2024,50,d,335f1df6-0565-41ed-906a-7a5daced4053,7b6b14ca-cdd6-495d-acd8-af8d2fd24931,"1, 2 and 4"
2024,51,a,62000fa3-8abf-4f32-88f0-d1ad126b1abf,c04a4a0c-b192-4277-ac8d-5fa78b8cccaf,Both Statement-I and Statement-II are correct and Statement-II explains Statement-I
2024,51,b,a099e5e7-0f18-47e1-9f85-ce379b2115b8,c04a4a0c-b192-4277-ac8d-5fa78b8cccaf,Both Statement-I and Statement-II are correct. but Statement-II does not explain Statement-I
2024,51,c,431288ba-0f8c-468e-b04d-8883ef9b1f2e,c04a4a0c-b192-4277-ac8d-5fa78b8cccaf,"Statement-I is correct, but Statement-II is incorrect"
2024,51,d,752f6773-58c8-4c85-bf08-f9312399a5cd,c04a4a0c-b192-4277-ac8d-5fa78b8cccaf,"Statement-I is incorrect, but Statement-II is correct"
2024,52,a,4234aa8a-e00f-4e59-b986-f9f684696604,18b7adde-6b72-4ab8-aedd-9af63781ccd1,Both Statement-I and Statement-II are correct and Statement-I Statement-II explains
2024,52,b,ee1f58f6-ea68-42ae-a68c-e0b07173f1b2,18b7adde-6b72-4ab8-aedd-9af63781ccd1,"Both Statement-I and Statement-II are correct, but Statement-II does not explain Statement-I"
2024,52,c,28b8e535-777e-48ff-b000-f61177f45f22,18b7adde-6b72-4ab8-aedd-9af63781ccd1,"Statement-I is correct, but Statement-II is incorrect"
2024,52,d,09286c8f-94f0-4393-8666-ddda713678d5,18b7adde-6b72-4ab8-aedd-9af63781ccd1,"Statement-I is incorrect, but Statement-II is correct"
2024,53,a,6ac3df05-8db8-4705-a538-df16bef143e7,da459d32-01ff-4e07-a0af-0216469cf259,Only one
2024,53,b,11decc7c-1d2c-420b-84bf-ea4b8da6c630,da459d32-01ff-4e07-a0af-0216469cf259,Only two
2024,53,c,8839d910-d3e1-47fc-9377-fc8745b3c641,da459d32-01ff-4e07-a0af-0216469cf259,Only three
2024,53,d,35595d32-98f0-4a23-8a09-91af7659867d,da459d32-01ff-4e07-a0af-0216469cf259,All four
2024,54,a,89b11ac0-b83e-4ecc-9846-a29448c16104,ffd8c7fd-a5f0-46b1-9f7f-efe032cde507,1 only
2024,54,b,0ef87a96-2999-4dc0-a232-e2c8609c9548,ffd8c7fd-a5f0-46b1-9f7f-efe032cde507,2 only
2024,54,c,77bfc100-e10b-4e1b-8266-bbbb52a62769,ffd8c7fd-a5f0-46b1-9f7f-efe032cde507,Both 1 and 2
2024,54,d,11909c82-c217-4ed3-9384-52902a9a7f2c,ffd8c7fd-a5f0-46b1-9f7f-efe032cde507,Neither 1 nor 2
2024,55,a,1150fbe9-5659-47b4-89e4-1c107b540601,ae2fdad6-8dd9-4b2e-a5d7-c1850a4dc77a,Algeria and Morocco
2024,55,b,709d83a1-821c-4b18-a062-21ce0bc70c28,ae2fdad6-8dd9-4b2e-a5d7-c1850a4dc77a,Botswana and Namibia
2024,55,c,df1ed11c-738b-47a0-9764-ca34f98f1e50,ae2fdad6-8dd9-4b2e-a5d7-c1850a4dc77a,Cote d’ Ivoire Coast and Ghana
2024,55,d,3b980b0d-830b-4920-8a42-e82884d89e18,ae2fdad6-8dd9-4b2e-a5d7-c1850a4dc77a,Madagascar and Mozambique
2024,56,a,8a60dddc-01fd-4cb6-83ee-cc9a0c193c7c,e18cc3a7-2d67-419b-9d01-294efa4cf363,Ghaghara – Gomati – Gandak – Kosi
2024,56,b,d46e5068-740d-497a-9f91-62a91dd9ca03,e18cc3a7-2d67-419b-9d01-294efa4cf363,Gomati – Ghaghara – Gandak – Kosi
2024,56,c,bcd57dee-31c4-444d-81e7-93a1ed5846b1,e18cc3a7-2d67-419b-9d01-294efa4cf363,Ghaghara – Gomati – Kosi – Gandak
2024,56,d,bf49f4ad-a094-4a89-8e24-1f4eb338e2a2,e18cc3a7-2d67-419b-9d01-294efa4cf363,Gomati – Ghaghara – Kosi – Gandak
2024,57,a,4487fab9-3e67-4330-8770-0a2348496f8d,dd27636a-5d7e-4052-8f23-ad10c6ff89eb,Both Statement-II and Statement-III are correct and both of them explain Statement-I
2024,57,b,465134e8-c7e0-49bc-ae0b-5474105b09b9,dd27636a-5d7e-4052-8f23-ad10c6ff89eb,"Both Statement-II and Statement-III are correct, but only one of them explains Statement-I"
2024,57,c,c9e43340-6165-4749-b60d-278ebf385826,dd27636a-5d7e-4052-8f23-ad10c6ff89eb,Only one of the Statements II and III is correct and that explains Statement-I
2024,57,d,e00104f8-bd88-4290-8ac6-1fc98e672644,dd27636a-5d7e-4052-8f23-ad10c6ff89eb,Neither Statement-II nor Statement-III is correct
2024,58,a,c4521314-90d0-490b-aa03-052f7051ec75,a9c69e0b-c622-4d75-bdbe-f79cb030f47e,Only one
2024,58,b,d47d99c5-1380-4f21-a6dc-88deaf352b8c,a9c69e0b-c622-4d75-bdbe-f79cb030f47e,Only two
2024,58,c,00e5e420-75a0-4f29-a6fc-351d10c9dfa8,a9c69e0b-c622-4d75-bdbe-f79cb030f47e,Only three
2024,58,d,a2b65172-4baa-42fb-87b4-6ff44f9171a3,a9c69e0b-c622-4d75-bdbe-f79cb030f47e,All four
2024,59,a,fa581422-2707-4d6f-b668-15a18bd8327e,876e0cf7-4637-46f0-bbf1-fb5a935efa0b,Only one
2024,59,b,a58f470e-4962-46c8-8eb3-3b31166fd165,876e0cf7-4637-46f0-bbf1-fb5a935efa0b,Only two
2024,59,c,4f091167-bc25-49cc-80a4-a320f9cbe64c,876e0cf7-4637-46f0-bbf1-fb5a935efa0b,Only three
2024,59,d,54c918c7-37fd-4e1f-8d29-b6778c4f11de,876e0cf7-4637-46f0-bbf1-fb5a935efa0b,All four
2024,60,a,7ff1d1b0-a3d4-4491-8843-3a05b3163a78,77d98c3d-f11e-4ef9-b7d0-aa700b0739d8,Only one
2024,60,b,5347e931-9921-49e8-87ea-817a672f4240,77d98c3d-f11e-4ef9-b7d0-aa700b0739d8,Only two
2024,60,c,f6f43d57-6216-45cc-ab63-b4b5961159d4,77d98c3d-f11e-4ef9-b7d0-aa700b0739d8,Only three
2024,60,d,fed20650-d6b2-4acc-93c4-6d4b9f81f4e8,77d98c3d-f11e-4ef9-b7d0-aa700b0739d8,All four
2024,61,a,f9c68d7c-6da0-4dd4-a8bc-8b59531e4a66,d2ebbe2c-b785-4d2b-a8d7-ef10b058e368,Birds
2024,61,b,3c040361-c79e-4303-9098-c89680835f8c,d2ebbe2c-b785-4d2b-a8d7-ef10b058e368,Fish
2024,61,c,b5373d10-7d86-40ba-b07a-fce10c7604e9,d2ebbe2c-b785-4d2b-a8d7-ef10b058e368,Insects
2024,61,d,06eb858c-531b-4e81-bf77-0a6790fe08bb,d2ebbe2c-b785-4d2b-a8d7-ef10b058e368,Reptiles
2024,62,a,c0a91663-b80e-4fa2-b6cf-37510bb1bd13,582299d5-d24d-4807-bc16-3d71cd6b36ca,Both Statement-I and Statement-II are correct and Statement-II explains Statement-I
2024,62,b,b3a64cff-7fec-44f6-9c50-3ecc5c4d43c7,582299d5-d24d-4807-bc16-3d71cd6b36ca,"Both Statement-I and Statement-II are correct, but Statement-II does not explain Statement-I"
2024,62,c,72cff589-0a28-4a35-b8f2-1891aaa62ab4,582299d5-d24d-4807-bc16-3d71cd6b36ca,"Statement-I is correct, but Statement-II is incorrect"
2024,62,d,081efdee-51a0-44bb-92bf-e08b27fa533a,582299d5-d24d-4807-bc16-3d71cd6b36ca,"Statement-I is incorrect, but Statement-II is correct"
2024,63,a,c187ee0a-8d23-440c-ae34-6ef22a32c608,79eed5ad-433c-4c73-a5e1-403851e6f3f6,Only one
2024,63,b,39c3198e-affb-4661-9ef2-3b19a7e290df,79eed5ad-433c-4c73-a5e1-403851e6f3f6,Only two
2024,63,c,d7bf74e3-df6f-4a94-b004-c2013379b34c,79eed5ad-433c-4c73-a5e1-403851e6f3f6,All three
2024,63,d,cac3c4bb-14b7-44f9-ae26-7ca3416a3e31,79eed5ad-433c-4c73-a5e1-403851e6f3f6,All four
2024,64,a,f76e78ae-d00f-45fe-8fef-23859e77c6cc,37693dcb-a24d-4b61-9c55-638233e37e60,2 only
2024,64,b,584c5eaa-0aad-463a-bc6c-bb6d5a223b6c,37693dcb-a24d-4b61-9c55-638233e37e60,3 only
2024,64,c,b0218aef-6377-48a0-aa74-6a3511b94c3f,37693dcb-a24d-4b61-9c55-638233e37e60,1 and 2
2024,64,d,34a72514-12fa-45b3-9c0a-c2ad3993c250,37693dcb-a24d-4b61-9c55-638233e37e60,2 and 3
2024,65,a,f9206945-29c6-47db-ad26-3bd90150778b,d76de44b-a734-43e9-b46b-8d1207b08020,1 and 2 only
2024,65,b,0e04c0b8-7d05-4afd-9252-967fa5c98382,d76de44b-a734-43e9-b46b-8d1207b08020,2 and 3 only
2024,65,c,ae5f1eea-f8ae-4400-8ea4-8e36b4942bca,d76de44b-a734-43e9-b46b-8d1207b08020,1 and 3 only
2024,65,d,0372a676-0a12-4e39-ac54-3bf204e78d2a,d76de44b-a734-43e9-b46b-8d1207b08020,"1, 2 and 3"
2024,66,a,0a154b12-b4bd-4b51-a36b-c9ec1b690046,f96c65be-cd6c-4e31-b2ac-906a75585f1e,"It is a platform for accelerating the transition towards food and water systems that are net-zero (carbon), nature-positive and that aims to increase farmer resilience."
2024,66,b,4406df88-4627-4df9-acdd-09919208b251,f96c65be-cd6c-4e31-b2ac-906a75585f1e,It is an international alliance and a network of individuals and farming organisations interested in supporting and strengthening the development of the organic animal husbandry.
2024,66,c,ae7bd63f-9cc8-4e5e-9f96-8f054dc0a436,f96c65be-cd6c-4e31-b2ac-906a75585f1e,"It is a digital platform fully integrated with service providers and built on blockchain that lets buyers, sellers and third parties trade fertilizers quickly and securely."
2024,66,d,0342c45c-2de0-4d3f-a254-3be81048e0e6,f96c65be-cd6c-4e31-b2ac-906a75585f1e,"It is a platform with the mission of encouraging the farmers to form Farmer Product Organisations or Agribusiness Consortiums, thus facilitating the access to global open markets to sell their products."
2024,67,a,fb851acc-ef83-48f9-862c-9fb0906e4ae2,6b938cbe-c52f-4c43-84c6-8ba71e5d03f1,Only one
2024,67,b,37fc828a-cc99-4ad5-9320-909ee6932474,6b938cbe-c52f-4c43-84c6-8ba71e5d03f1,Only two
2024,67,c,dee34e78-e78b-4f75-94d3-6b0dfb319306,6b938cbe-c52f-4c43-84c6-8ba71e5d03f1,Only three
2024,67,d,f1ccab80-afcf-48c4-bc8b-198f66586ab3,6b938cbe-c52f-4c43-84c6-8ba71e5d03f1,All four
2024,68,a,4f30fd82-9234-470a-bcaf-53e8abbfba8b,bb290bf8-ffd7-448c-bd43-32c6612c32c8,Fig
2024,68,b,80cf6fb5-e4e8-4f62-a351-16467a25bcf4,bb290bf8-ffd7-448c-bd43-32c6612c32c8,Mahua
2024,68,c,4c890226-5a08-4788-852b-b8e77ce6b7e7,bb290bf8-ffd7-448c-bd43-32c6612c32c8,Sandalwood
2024,68,d,70b0d1bf-2076-48b7-b1c3-045dfd7fa7dc,bb290bf8-ffd7-448c-bd43-32c6612c32c8,Silk cotton
2024,69,a,55aa3961-b0fe-4999-bd18-da35ed4f1293,a3fc5c52-8f37-4339-9a0f-ca346c901ea9,Only one
2024,69,b,0d23452e-5dd5-40c2-bea8-2764df1d3dba,a3fc5c52-8f37-4339-9a0f-ca346c901ea9,Only two
2024,69,c,8318f716-e4fd-409b-b77c-950d9ca6686d,a3fc5c52-8f37-4339-9a0f-ca346c901ea9,All three
2024,69,d,469dad90-52b7-46fb-bb40-1fe6fa5cad62,a3fc5c52-8f37-4339-9a0f-ca346c901ea9,None
2024,70,a,29f10d40-ea87-46b6-bd71-4155fc5eef2e,57d52a3b-f232-4d4c-987e-d3b126d0296e,Only one
2024,70,b,72dd4cc5-0b87-4d94-83f5-61e6fbc60d93,57d52a3b-f232-4d4c-987e-d3b126d0296e,Only two
2024,70,c,1c8cc358-5e18-4b4c-a9bf-6d587772826f,57d52a3b-f232-4d4c-987e-d3b126d0296e,All three
2024,70,d,4e0aee0f-e2eb-44ab-8cfc-72681bc5b5f1,57d52a3b-f232-4d4c-987e-d3b126d0296e,None
2024,71,a,6b86a309-e0d9-49f2-86ea-943d46bebd97,4e703559-287a-4355-a460-1eb2ec60d1f7,1 and 2 only
2024,71,b,61b549f4-69e8-4122-98a3-bd02ef5a9775,4e703559-287a-4355-a460-1eb2ec60d1f7,2 and 3 only
2024,71,c,800dbf94-82a1-401f-9ac3-39bee4b9f17b,4e703559-287a-4355-a460-1eb2ec60d1f7,2 and 3 only
2024,71,d,0d4436ba-3b32-47d4-8ec7-501a88625817,4e703559-287a-4355-a460-1eb2ec60d1f7,"1, 2 and 3"
2024,72,a,3509ead7-d582-474d-a53a-4c850be6a471,2396cd17-b01f-45db-9ce4-90604271d68a,1 only
2024,72,b,e79dece6-8f32-4eaf-a19b-8291aa27d128,2396cd17-b01f-45db-9ce4-90604271d68a,2 only
2024,72,c,26bcede9-62a6-49f4-a2b1-0cf3072ad32b,2396cd17-b01f-45db-9ce4-90604271d68a,Both 1 and 2
2024,72,d,8edc473b-d8ed-49e8-aa8d-cfdf4fdcb60b,2396cd17-b01f-45db-9ce4-90604271d68a,Neither 1 nor 2
2024,73,a,dabe725e-7205-4569-94fa-eb9770e22e9d,fd9862f9-38fe-4e72-b9f9-3245215eb419,Equatorial climate
2024,73,b,fad1272a-3b5b-4176-b6b7-d36d5771e239,fd9862f9-38fe-4e72-b9f9-3245215eb419,China type climate
2024,73,c,05b3f339-049d-4e84-a11e-84aecf9804ef,fd9862f9-38fe-4e72-b9f9-3245215eb419,Humid subtropical climate
2024,73,d,400ef2c8-1425-453f-9633-454eb1ad1b78,fd9862f9-38fe-4e72-b9f9-3245215eb419,Marine West coast climate
2024,74,a,3fd3d272-d589-41ac-b315-f9dc6e1fd10f,7685480e-845e-41b0-bc15-86264a4cf8ff,1 only
2024,74,b,5cdce212-ae6d-40ae-a295-4ea940a196a8,7685480e-845e-41b0-bc15-86264a4cf8ff,2 only
2024,74,c,e41ad1ed-2391-4ac4-99fd-3499c6406b42,7685480e-845e-41b0-bc15-86264a4cf8ff,Both 1 and 2
2024,74,d,d9503a8e-b7de-441f-8ba1-94bb9f5fd37f,7685480e-845e-41b0-bc15-86264a4cf8ff,Neither 1 nor 2
2024,75,a,36861243-70c4-48ae-8921-c1dcc0b0eae3,8f1a11a7-26ac-4c3a-a10d-eb867872cb9c,1 only
2024,75,b,c055ed3c-028d-43e7-a3f7-6cb28b8cdef4,8f1a11a7-26ac-4c3a-a10d-eb867872cb9c,2 only
2024,75,c,c7fa6254-65e0-48bd-a731-132d4f76e1e7,8f1a11a7-26ac-4c3a-a10d-eb867872cb9c,3 and 4
2024,75,d,f1fd6224-60ad-4c14-973c-f11c6199b4c9,8f1a11a7-26ac-4c3a-a10d-eb867872cb9c,2 and 4
2024,76,a,655b036d-c33d-4489-a60f-60940c69183d,3fc5c1ce-6ae9-44b2-9ee1-ba5257fb4753,Amazon Basin
2024,76,b,a6a01d58-4235-400d-a7ab-d7daabffa0a4,3fc5c1ce-6ae9-44b2-9ee1-ba5257fb4753,Congo Basin
2024,76,c,aae4e693-e82e-4944-8935-918fb29d5dca,3fc5c1ce-6ae9-44b2-9ee1-ba5257fb4753,Kikori Basin
2024,76,d,d62f57d4-ef8a-4811-a6cb-33de3f1dd107,3fc5c1ce-6ae9-44b2-9ee1-ba5257fb4753,Rio de la Plata Basin
2024,77,a,4708e4a0-e206-4f97-8a1d-1ad662612417,8634d5c9-7fbc-4c91-8e7c-fee191ebbbf9,1 and 2 only
2024,77,b,282dbf99-712d-4cd4-9aff-e3cbaf1868f7,8634d5c9-7fbc-4c91-8e7c-fee191ebbbf9,2 and 3 only
2024,77,c,09f62213-dabc-4d84-be4c-62ae86cd8f19,8634d5c9-7fbc-4c91-8e7c-fee191ebbbf9,1 and 3 only
2024,77,d,25651693-28aa-4e9b-807f-5dc80ad14eba,8634d5c9-7fbc-4c91-8e7c-fee191ebbbf9,"1, 2 and 3"
2024,78,a,1625383a-efe9-4fc9-8881-31ecd974567f,d2370f4d-526b-414a-84a1-722186e47432,Only two
2024,78,b,f528a7c5-0097-455f-b607-bafb03bb13c7,d2370f4d-526b-414a-84a1-722186e47432,Only three
2024,78,c,55bb98be-caea-4303-bd42-a3137081c6b2,d2370f4d-526b-414a-84a1-722186e47432,Only four
2024,78,d,d50d4dfb-40d6-4cbf-b63b-e5cadc8dbdcb,d2370f4d-526b-414a-84a1-722186e47432,All five
2024,79,a,c709f7d2-ef73-4bc2-a8a9-c9a18a2d3622,34592bea-a422-483c-9343-95e4dca1a49b,Only one
2024,79,b,1690b99c-ee36-4193-a3f3-f686e90d8481,34592bea-a422-483c-9343-95e4dca1a49b,Only two
2024,79,c,09fdec4a-1b0f-46e0-9c3f-e242c1b1c8ac,34592bea-a422-483c-9343-95e4dca1a49b,Only three
2024,79,d,80946e88-7c1b-402d-8708-20d0ceba6cd0,34592bea-a422-483c-9343-95e4dca1a49b,None
2024,80,a,475cd3cb-5595-43a6-b2a2-77ddb873181f,891652f5-ab78-41aa-bdd9-4fe33f1f9dfd,Both Statement-I and Statement-II are correct and Statement-II explains Statement-I
2024,80,b,2de7b5d1-a929-4f81-9fe6-a08315ff5d78,891652f5-ab78-41aa-bdd9-4fe33f1f9dfd,"Both Statement-I and Statement-II are correct, but Statement-II does not explain Statement-I"
2024,80,c,16b26d52-e0fd-48f1-8095-46c5a3859a2d,891652f5-ab78-41aa-bdd9-4fe33f1f9dfd,"Statement-I is correct, but Statement-II is incorrect"
2024,80,d,c894d6e2-e181-490f-a844-61a5f018ab09,891652f5-ab78-41aa-bdd9-4fe33f1f9dfd,"Statement-I is incorrect, but Statement-II is correct"
2024,81,a,940a8546-eec4-4841-ab5f-9e519b947c28,c5260b80-4bc1-40a1-addd-82fe43001844,the number of children born per 1000 people in the population in a year.
2024,81,b,9fde5ec6-409b-4e9a-89aa-90cce97e6dfc,c5260b80-4bc1-40a1-addd-82fe43001844,the number of children born to a couple in their lifetime in a given population.
2024,81,c,af757fbd-29fb-47c3-85e1-8f96f3e590c7,c5260b80-4bc1-40a1-addd-82fe43001844,the birth rate minus death rate.
2024,81,d,5cc19b6b-0afa-4df2-9823-c2053fc6ec86,c5260b80-4bc1-40a1-addd-82fe43001844,the average number of live births a woman would have by the end of her child-bearing age.
2024,82,a,2ba776dc-6ed1-46da-b612-1c80252ab4bf,2e712ad3-2360-47fa-ab03-ee4e693fad35,1 and 2 only
2024,82,b,2f24c3f8-b49f-40d3-aa74-860f5b262f8b,2e712ad3-2360-47fa-ab03-ee4e693fad35,3 only
2024,82,c,c13af602-7a04-4f12-938a-63d6c442f513,2e712ad3-2360-47fa-ab03-ee4e693fad35,"1, 2 and 3"
2024,82,d,b94e064c-2833-4430-a006-1be0a3f31df1,2e712ad3-2360-47fa-ab03-ee4e693fad35,2 and 3 only
2024,83,a,aa961b56-9198-4a6f-87ab-e1e1848b86ad,459035d6-a907-48ae-a15b-ae1c87cf19c1,1 and 2 only
2024,83,b,f58f689a-5111-474a-924b-d78a3372cdd5,459035d6-a907-48ae-a15b-ae1c87cf19c1,2 and 3 only
2024,83,c,c37f57ea-40e4-46e1-b99f-43f2fe3f06e3,459035d6-a907-48ae-a15b-ae1c87cf19c1,1 and 3 only
2024,83,d,f4ed3873-c9b6-4c46-9f0e-5782c7aeac1a,459035d6-a907-48ae-a15b-ae1c87cf19c1,"1, 2 and 3"
2024,84,a,ef8f87fc-ed6b-4de2-9e42-38cb250ee7cd,ca228e0b-2318-47ab-a4c0-65c64733dba5,1 only
2024,84,b,f0269a05-20d5-4070-8e81-3a1f756fbc18,ca228e0b-2318-47ab-a4c0-65c64733dba5,2 and 3 only
2024,84,c,1f4ef9a5-3dbb-4682-beb8-ac031044db4d,ca228e0b-2318-47ab-a4c0-65c64733dba5,"1, 2 and 3"
2024,84,d,f4b48e79-3439-496a-a35b-029838b9f2c6,ca228e0b-2318-47ab-a4c0-65c64733dba5,1 and 3 only
2024,85,a,827c7e2e-9496-4d9f-a240-28ae536db7fe,e225b3e0-c610-4a34-85c7-00d01b1e9d4f,Only one
2024,85,b,c9864b0f-3f09-446b-b104-a60ed3f778bb,e225b3e0-c610-4a34-85c7-00d01b1e9d4f,Only two
2024,85,c,d3445acb-a21a-4bc7-bd86-e59d2957f0a3,e225b3e0-c610-4a34-85c7-00d01b1e9d4f,Only three
2024,85,d,11d53015-dd87-41c3-95d8-272f6d66b1ce,e225b3e0-c610-4a34-85c7-00d01b1e9d4f,All four
2024,86,a,78a53b52-4f1e-44de-ab7d-a231ece7b6b7,937b1d0f-14bb-4f36-9aad-87547456df20,1 and 2 only
2024,86,b,32815971-8eb9-4c74-bc6b-1ef9d79ce899,937b1d0f-14bb-4f36-9aad-87547456df20,2 and 4 only
2024,86,c,6b223037-97f6-4245-97eb-cebaf5f0f35c,937b1d0f-14bb-4f36-9aad-87547456df20,"1, 2, 3 and 4"
2024,86,d,4cff11aa-34cc-4bf7-ab55-96e6a72dec7b,937b1d0f-14bb-4f36-9aad-87547456df20,"1, 3 and 4 only"
2024,87,a,da368afe-737a-4829-9015-6e7418658c63,b67926f5-572e-4b8e-99c1-47f41909d1d1,Only one
2024,87,b,db537b8c-dfe5-4b16-82ed-7d985cebaf0f,b67926f5-572e-4b8e-99c1-47f41909d1d1,Only two
2024,87,c,013bbe7c-78ef-40d5-96bf-2c3c78fc536f,b67926f5-572e-4b8e-99c1-47f41909d1d1,Only three
2024,87,d,3ca6b406-7b56-455a-8f7e-2e6179b22a20,b67926f5-572e-4b8e-99c1-47f41909d1d1,All four
2024,88,a,bec09fb6-9171-4d54-8e27-3e3df06d3dd2,abdec883-f464-4f50-bf59-a15461992059,Big data analytics
2024,88,b,3bf0efc9-3a1e-44e0-ba87-8c0298a348d5,abdec883-f464-4f50-bf59-a15461992059,Cryptography
2024,88,c,79bc8888-5cc3-480f-85a4-b619bf48e7c9,abdec883-f464-4f50-bf59-a15461992059,Metaverse
2024,88,d,68710efc-2849-48ea-8cbe-561de8525d98,abdec883-f464-4f50-bf59-a15461992059,Virtual matrix
2024,89,a,dfe95152-bf76-4adc-bef6-9380dd7a8c38,535ee99c-bdcf-47b5-9437-a7a80f11181f,1 only
2024,89,b,d351c684-eb6a-4068-8162-a661574bc76c,535ee99c-bdcf-47b5-9437-a7a80f11181f,2 only
2024,89,c,71a8a024-140c-4a82-aa8b-8770843e135a,535ee99c-bdcf-47b5-9437-a7a80f11181f,Both 1 and 2
2024,89,d,986d523d-8204-47be-88e0-27db36c9d1a0,535ee99c-bdcf-47b5-9437-a7a80f11181f,Neither 1 nor 2
2024,90,a,3d40d9fe-6d69-4d74-8c43-fabadca7bac2,2b42e56f-7f32-445e-9a3b-7369b0d1bd9a,1 only
2024,90,b,62bfaf54-35fe-490e-b07d-b685907112c4,2b42e56f-7f32-445e-9a3b-7369b0d1bd9a,2 only
2024,90,c,59942565-30bd-4402-a0d4-9868be811162,2b42e56f-7f32-445e-9a3b-7369b0d1bd9a,Both 1 and 2
2024,90,d,3c20d33b-a81c-4f07-a141-d58eedc0a941,2b42e56f-7f32-445e-9a3b-7369b0d1bd9a,Neither 1 nor 2
2024,91,a,a322fbf9-ab25-4e21-a4a7-b5bf9bc5ef6d,4b2eed21-82e3-4b07-8141-97e3cfc65e98,1 and 2 only
2024,91,b,b9e257de-e8c1-4871-bf87-2f1b22bea2c5,4b2eed21-82e3-4b07-8141-97e3cfc65e98,2 and 3 only
2024,91,c,5d1d8a24-13ac-4daf-af57-cb73654825f1,4b2eed21-82e3-4b07-8141-97e3cfc65e98,1 and 3 only
2024,91,d,5d4fd157-0c6a-45c1-a6c9-34100420d62d,4b2eed21-82e3-4b07-8141-97e3cfc65e98,"1, 2 and 3"
2024,92,a,0121dc80-d4ae-4c89-8017-c804b8b6d24c,fce460bf-8c1e-4123-81b7-a34d2e93a4a4,Both Statement-I and Statement-II are correct and Statement-II explains Statement-I
2024,92,b,d33c30a2-3e80-4bc6-96b3-67050f696939,fce460bf-8c1e-4123-81b7-a34d2e93a4a4,Both Statement-I and Statement-II are correct but and Statement-II does not explains Statement-I
2024,92,c,cea5c105-a4ab-4f47-af70-7b736e463c4c,fce460bf-8c1e-4123-81b7-a34d2e93a4a4,"Statement-I is correct, but Statement-II is incorrect"
2024,92,d,4132c9fb-2cd6-4ff6-adbf-5faa49f33dc2,fce460bf-8c1e-4123-81b7-a34d2e93a4a4,"Statement-I is incorrect, but Statement-II is correct"
2024,93,a,af1f4628-a17e-44f2-b483-cfd918eff0bb,b838a908-c6e5-4ed5-9a43-4b00ba308bba,Nitric oxide
2024,93,b,305ef07f-0f1d-422e-95c4-93c5e53dab79,b838a908-c6e5-4ed5-9a43-4b00ba308bba,Nitrous oxide
2024,93,c,74414508-0700-44ab-ab0b-839b75c544be,b838a908-c6e5-4ed5-9a43-4b00ba308bba,Nitrogen dioxide
2024,93,d,456da451-f73c-4063-96c3-a5056ef62e50,b838a908-c6e5-4ed5-9a43-4b00ba308bba,Nitrogen pentoxide
2024,94,a,76eb3c96-4db0-480f-985c-959c3acdd1aa,c6083881-370e-4f05-b73a-75abf1575632,Only one
2024,94,b,74f99197-8b1b-4553-80ae-0883531c2462,c6083881-370e-4f05-b73a-75abf1575632,Only two
2024,94,c,1dd80413-21fe-4a08-9c00-5464369752e8,c6083881-370e-4f05-b73a-75abf1575632,All three
2024,94,d,a564b110-ec08-46ca-8705-9d1661b857cc,c6083881-370e-4f05-b73a-75abf1575632,None
2024,95,a,5adfe18d-ad6f-4a9c-a76d-f0ac49e0a0b7,446a88ee-d972-4db6-9434-1a0b920d1548,Only one
2024,95,b,13bfeee4-2b44-4323-88e5-71abcc98047d,446a88ee-d972-4db6-9434-1a0b920d1548,Only two
2024,95,c,7a061014-33dd-4c21-833e-a4a528aef1d9,446a88ee-d972-4db6-9434-1a0b920d1548,All three
2024,95,d,34e2f028-36b2-4580-b2fa-c56107715730,446a88ee-d972-4db6-9434-1a0b920d1548,None
2024,96,a,406ef8b0-9327-4186-91bb-0c9e3eaf3770,f41dcfd9-a42d-4fb8-80a0-a16cabf01936,1 only
2024,96,b,4d3b936c-8906-489b-bb6b-9cc32b6bf21e,f41dcfd9-a42d-4fb8-80a0-a16cabf01936,1 and 2 only
2024,96,c,3652a189-d391-46ee-a144-42aaf2d6d547,f41dcfd9-a42d-4fb8-80a0-a16cabf01936,2 and 3 only
2024,96,d,9ee3c64d-4984-4202-83e1-d2321ef4f8e3,f41dcfd9-a42d-4fb8-80a0-a16cabf01936,"1, 2 and 3"
2024,97,a,7453d743-340e-49e2-879e-f2d967818092,2be45d4e-48cc-4a90-ad0d-7733029d9307,Hydrogen peroxide
2024,97,b,98a952f3-0db7-4920-8ae5-024a58882387,2be45d4e-48cc-4a90-ad0d-7733029d9307,Hydronium
2024,97,c,687c05e9-7a43-4d7f-b32d-d87d45c58997,2be45d4e-48cc-4a90-ad0d-7733029d9307,Oxygen
2024,97,d,f8488273-fbe3-4da9-a7c1-cb4e01ee9f6c,2be45d4e-48cc-4a90-ad0d-7733029d9307,Water vapour
2024,98,a,41ff47e2-7edd-4992-a061-78bd73f8eeb2,1d4bd057-6051-45e5-a290-5b36322a97d0,Irrigation of terraced crop fields
2024,98,b,e4cc5f92-f142-4e49-a446-d6dc33ef2a75,1d4bd057-6051-45e5-a290-5b36322a97d0,Lift irrigation of cereal crops
2024,98,c,a37e4062-e14e-47a8-9b31-6b7d7a8ff6b6,1d4bd057-6051-45e5-a290-5b36322a97d0,Long duration energy storage
2024,98,d,e5836990-7c4c-4e6e-90b7-69deb2446e14,1d4bd057-6051-45e5-a290-5b36322a97d0,Rainwater harvesting system
2024,99,a,3e17cfbd-2166-4c85-9f65-e3813777f7f1,2739c4e9-3115-448a-97d6-a7013ad50d5d,Assisted reproductive technologies
2024,99,b,a5d9135e-6acf-453c-bff3-b3b1f258530d,2739c4e9-3115-448a-97d6-a7013ad50d5d,Drug delivery nanotechnologies
2024,99,c,035c1df3-f60d-4894-8fce-74baec66f698,2739c4e9-3115-448a-97d6-a7013ad50d5d,Vaccine production technologies
2024,99,d,46f43159-cdc9-4122-90a7-e789ee10b34a,2739c4e9-3115-448a-97d6-a7013ad50d5d,Wastewater treatment technologies
2024,100,a,15fecebc-94a9-4e14-84ae-e9fc0df58d09,846ebbd8-6370-4ccc-8372-f402daf513be,Bond market
2024,100,b,05a38da8-ecbd-41dd-bc6a-c861abf842c2,846ebbd8-6370-4ccc-8372-f402daf513be,Forex market
2024,100,c,1b8d2011-7626-413d-9f50-911bc8ef3d1f,846ebbd8-6370-4ccc-8372-f402daf513be,Money market
2024,100,d,75d1a094-e4e2-4a73-841d-f193644cf9bd,846ebbd8-6370-4ccc-8372-f402daf513be,Stock market
