mention_id,paper,macro_topic,level,mention_type,text,decision,notes
04bb8eb1-6040-44f8-9dca-bb3462a60066,General Studies I,Ancient India (Pre-history to Post-Mauryan),topic,derived,Indian culture / Modern history (background formation) — foundational ancient-history spine feeding GS1 culture and history questions.,verified,
54efd91c-459a-4f1d-a62f-d02ed7c96b44,General Studies I,Ancient India (Pre-history to Post-Mauryan),microtopic,derived,Growth of Jainism and Buddhism as heterodox responses to Vedic orthodoxy,verified,
ada63339-6bd4-46db-9b51-2a86cb1872f1,General Studies I,Ancient India (Pre-history to Post-Mauryan),microtopic,derived,"Harshavardhana: sources, administration, officials, economy, Huen Tsang's arrival, society and religion",verified,
3838bfad-d9d2-42b7-a2b6-8925429fbba2,General Studies I,Ancient India (Pre-history to Post-Mauryan),microtopic,derived,"Imperial Guptas: political history, Fa-hien's account, administration, development of art and culture, urban centres, and societal change; the Gupta era as a historiographical 'golden age' debate",verified,
16710ee3-4aba-4dba-b3a2-1db692ec0388,General Studies I,Ancient India (Pre-history to Post-Mauryan),microtopic,derived,"India's contacts with the rest of Asia: propagation of Buddhism, Roman trade, Chinese silk route, Kanishka's reign, spread of Indian culture to Southeast Asia",verified,
885fb747-e9e6-43c9-b7a8-ef4b39b31acf,General Studies I,Ancient India (Pre-history to Post-Mauryan),microtopic,derived,"Indus Valley Civilization: major cities and town-planning, internal/foreign trade, agriculture, domestication, crafts, weights and measures, script, society, religion, economy, burial system, and decline",verified,
c3fa3e02-e803-40c2-a57a-4ebab0998631,General Studies I,Ancient India (Pre-history to Post-Mauryan),microtopic,derived,Pastoral and farming communities: Neolithic/Chalcolithic phases and their geographic distribution,verified,
3a410dfb-52b7-4aaf-a35a-d2af321c9d8c,General Studies I,Ancient India (Pre-history to Post-Mauryan),microtopic,derived,"Post-Mauryan India (200 BC-AD 300): Indo-Greeks/Shakas/Parthians/Kushanas, commercial contacts abroad, Satavahanas and other indigenous dynasties, evolution of jatis, Sangam texts, and Gandhara/Mathura/Amravati art schools",verified,
f7f97f2c-eb5c-48d2-a096-713da2bd538d,General Studies I,Ancient India (Pre-history to Post-Mauryan),microtopic,derived,"Pre-Mauryan period: second urbanisation, sixteen Mahajanapadas, Gana-Sangha republics, rise of urban centres, evolution of coins, Haryanka/Shishunaga/Nanda dynasties",verified,
b8852d9a-67ab-43fa-b77f-6afbb248f5db,General Studies I,Ancient India (Pre-history to Post-Mauryan),microtopic,derived,"Sangam period south Indian dynasties: Cholas, Cheras, Pandyas, Sangam polity/society/culture/economy",verified,
4d51822e-9b50-43e4-aaab-acc948487468,General Studies I,Ancient India (Pre-history to Post-Mauryan),microtopic,derived,"Sources and periodization of Indian pre-history: Palaeolithic, Mesolithic, Neolithic, Chalcolithic, Iron Age and the impact of iron",verified,
98a08ca3-a9d8-4637-a103-a40e4a5dcdd7,General Studies I,Ancient India (Pre-history to Post-Mauryan),microtopic,derived,Taxila as a renowned centre of scholarship and the strategic-location factors behind its ruin,verified,
512ddf9c-a611-409f-895d-0b943616a080,General Studies I,Ancient India (Pre-history to Post-Mauryan),microtopic,derived,"The Mauryan Empire: Chandragupta, Bindusara, the Arthashastra, Megasthenes, Ashoka's inscriptions/sites/Dhamma, Mauryan administration/economy/society/art, and its decline",verified,
c4f0bc00-2cec-4871-98f1-b2fc02c81489,General Studies I,Ancient India (Pre-history to Post-Mauryan),microtopic,derived,"Vedic society: original home of Aryans, Vedic texts and Upanishads, Rig Vedic vs later Vedic geography, economy, polity, varna system, religion and thought",verified,
f038bef9-756f-4ac0-ade6-631d4e704c86,General Studies I,Geography (World Physical Geography),topic,explicit,"Salient features of world’s physical geography. Distribution of key natural resources across the world (including South Asia and the Indian sub-continent); factors responsible for the location of primary, secondary, and tertiary sector industries in various parts of the world (including India). Important Geophysical phenomena such as earthquakes, Tsunami, Volcanic activity, cyclone etc., geographical features and their location-changes in critical geographical features (including water-bodies and ice-caps) and in flora and fauna and the effects of such changes.",verified,
2693c131-c712-4d4c-9260-daa66fc0db61,General Studies I,Geography (World Physical Geography),microtopic,derived,"Atmospheric & coastal phenomena: geomagnetic storms and auroras, sea swells and rip currents, alpenglow phenomenon, atmospheric rivers, lightning in India",verified,
4a44a8ab-db9c-45d6-90ec-4d0fe5a81ce9,General Studies I,Geography (World Physical Geography),microtopic,derived,"Biogeography: soil formation processes/profiles/classification/erosion-conservation; vegetation types, forest significance (economic/ecological/cultural), forest cover, deforestation causes/patterns (tropical vs temperate), and conservation strategies (reforestation, afforestation, agro-forestry, Miyawaki method)",verified,
d7a8ca06-effe-44fb-9397-b7655c7a3d7f,General Studies I,Geography (World Physical Geography),microtopic,derived,"Climatology: atmospheric composition and structure (exosphere to troposphere), insolation and heat balance, temperature distribution and inversion, atmospheric pressure and wind systems (pressure gradient/frictional/Coriolis forces), general/global circulation (Hadley/Ferrel/Polar cells), air masses and fronts, extra-tropical cyclones and thunderstorms/tornadoes, water in the atmosphere (humidity, dew, frost, fog, cloud types, precipitation types)",verified,
98f1b454-3735-457e-bf54-a0d5365491e9,General Studies I,Geography (World Physical Geography),microtopic,derived,"Continental Drift Theory (Wegener), Pangea/Panthalassa, Laurasia/Gondwanaland, supporting evidence (jigsaw fit, rock ages, tillite, placer deposits, fossil distribution), forces of drifting, post-drift studies (convectional current theory, ocean floor mapping)",verified,
53aa9af1-e75c-4364-8c7f-e464f869f6e1,General Studies I,Geography (World Physical Geography),microtopic,derived,"Earthquakes: types, causes, effects, frequency, epicentre location, global distribution, and observatories",verified,
99e84f9e-a648-4f39-8379-68919632b6cb,General Studies I,Geography (World Physical Geography),microtopic,derived,"Geology: minerals, major crustal elements, physical characteristics of minerals, rocks (igneous/sedimentary/metamorphic), rock cycle, and rock-soil relationships",verified,
cc24a3a8-dd05-43fa-87dd-125a29ba073c,General Studies I,Geography (World Physical Geography),microtopic,derived,"Geomorphic processes: endogenic (diastrophism, orogeny, epeirogeny, plate movements, volcanism) and exogenic (denudation, weathering, mass movements, erosion-transport-deposition)",verified,
c9b72529-1658-4bcf-ac4f-875445303a96,General Studies I,Geography (World Physical Geography),microtopic,derived,"Industrial localization parameters: distribution factors for iron-steel and cotton-textile industries in India, and why petroleum refineries are often sited away from crude-producing areas",verified,
2eb4d64a-3ba0-4b81-bbe7-c990d7310c54,General Studies I,Geography (World Physical Geography),microtopic,derived,"Interior of the Earth: sources of information (direct and indirect via seismic/body/surface waves), shadow zone, and internal structure (crust, lithosphere, mantle, asthenosphere, core, seismic discontinuities)",verified,
de4610f8-b3e2-4ddb-9d04-46da0b21850f,General Studies I,Geography (World Physical Geography),microtopic,derived,"Jet streams: features, types (permanent/temporary), influence on weather and aviation",verified,
3ca1f610-3128-4ded-94ad-f6f5af6dfb15,General Studies I,Geography (World Physical Geography),microtopic,derived,"Landform evolution by agent: wind (pediments, playas, deflation hollows, barchans, seif, parabolic/transverse/longitudinal dunes), running water (erosional/depositional stages and landforms, incised meanders, river terraces, deltas, floodplains, oxbow lakes, braided channels), groundwater/karst topography (poljes, sinkholes, caves, stalactites/stalagmites), glaciers (cirques, aretes, fiords, moraines, eskers, drumlins), and waves/currents (cliffs, stacks, beaches, spits, bars)",verified,
daa8d6dc-d7e5-436e-a315-a89e08583f6b,General Studies I,Geography (World Physical Geography),microtopic,derived,"Landforms across the world: fold/block/volcanic mountains, plateau types (dissected, volcanic) and their economic significance",verified,
80c8a71e-e97f-45cd-a5ce-702045b530f0,General Studies I,Geography (World Physical Geography),microtopic,derived,"Latitude/longitude, motions of the Earth (rotation/revolution), axial inclination, local/standard time, International Date Line, calendar, eclipses, and the geological time scale",verified,
e95b6e71-ebc7-4a52-b8c1-6a19f94200fe,General Studies I,Geography (World Physical Geography),microtopic,derived,"Ocean & climate-system dynamics: mid-oceanic ridges and biodiversity, changing El Nino/La Nina patterns, Oceanic Nino Index, climate change's impact on ocean currents, slowdown in overturning circulation, marine heatwaves, cryosphere and climate change",verified,
8758971b-fdae-42af-ac68-612097d01b8f,General Studies I,Geography (World Physical Geography),microtopic,derived,"Oceanography: hydrological cycle, ocean floor relief (continental shelf/slope, deep sea plain, trenches, mid-oceanic ridges, seamounts, submarine canyons, guyots, atolls), ocean water temperature/salinity/density distribution, tides and tidal currents, ocean currents (surface/deep, warm/cold) and their global effects, desert formation linkage, Atlantic Meridional Overturning Circulation, ocean resources (deposits, deep-sea minerals, energy/biotic resources, deep ocean mission), and UNCLOS maritime zones",verified,
5617bfd9-02bb-4775-9f44-3365cec342e6,General Studies I,Geography (World Physical Geography),microtopic,derived,"Origin and evolution of the Earth: early/modern (BBT) theories, star and planet formation, layered structure, evolution of lithosphere/atmosphere/hydrosphere, and origin of life",verified,
fc6c0b05-88d3-491b-87f5-7af4d165698a,General Studies I,Geography (World Physical Geography),microtopic,derived,"Plate tectonics: lithospheric plates (major/minor), plate boundary types (divergent/convergent/transform), rates and forces of plate movement, and the Indian plate's 71-million-year movement history",verified,
883c96aa-b76a-44e2-a5e5-3898f46e976d,General Studies I,Geography (World Physical Geography),microtopic,derived,"Resource geopolitics: Arctic ice-melt causes/consequences, Arctic resource-driven geopolitical conflict, and mineral resource base as determined by geological structure",verified,
8c23d702-d14b-4daf-9932-dc548f627209,General Studies I,Geography (World Physical Geography),microtopic,derived,"Temperate cyclones, polar vortex (and its link to ozone depletion), El Nino/La Nina/ENSO and the Indian Ocean Dipole effect on regional and Indian monsoon climate",verified,
463f5433-33ce-44f0-943d-a21ff500f598,General Studies I,Geography (World Physical Geography),microtopic,derived,"Tropical cyclones: formation conditions, convective cyclogenesis, path, damage, Arabian Sea cyclones, naming conventions, and early-warning systems",verified,
7bae13f8-3241-4410-8a1d-bfbcda6409b6,General Studies I,Geography (World Physical Geography),microtopic,derived,"Tsunami mechanism, wave properties, and effects",verified,
4f365c0d-c8d4-4304-aeb8-e556ba0c0800,General Studies I,Geography (World Physical Geography),microtopic,derived,"Volcanism & tectonic phenomena: subaerial/fissure volcanic eruptions, supervolcanoes, volcanic island arcs, volcanic vortex rings, earthquake-ionosphere linkage, Africa's Rift Valley/new ocean basin formation",verified,
efb236fe-b09c-46dc-ae86-51445e40ffdc,General Studies I,Geography (World Physical Geography),microtopic,derived,"Volcanism: shield/composite/caldera/flood-basalt/mid-ocean-ridge types, lava types, intrusive landforms (batholiths, laccoliths, lapoliths, phacoliths, sills, dykes), extrusive landforms, geysers/hot springs, and global distribution (Pacific Ring of Fire)",verified,
1a8f0847-376a-41a0-9cdf-83270ba923c7,General Studies I,Geography (World Physical Geography),microtopic,derived,"Weathering: chemical (solution, carbonation, hydration, oxidation-reduction), physical/mechanical, and biological processes; significance for soil formation, biomes/biodiversity, and mass movements",verified,
f414c44d-c278-4c93-b92e-9f9221bddd44,General Studies I,Geography (World Physical Geography),microtopic,derived,"World climate types: equatorial, tropical monsoon/marine, Savanna, hot desert and mid-latitude desert, Mediterranean, temperate continental/oceanic/steppe, China-type, British-type, Siberian, Laurentian, and Arctic/Polar climates",verified,
7e27aaa1-3061-4688-b925-130ff66da43c,General Studies I,Geography (World Physical Geography),microtopic,derived,World physiographic divisions and their economic-geographic significance; wetlands' ecological/economic importance,verified,
15afbf4b-92e8-4458-a74a-232a0aad2b56,General Studies I,Indian Culture,topic,explicit,"Indian culture will cover the salient aspects of Art Forms, literature and Architecture from ancient to modern times.",verified,
13b4cd81-b2d6-4603-80e6-4cf9d64d43d7,General Studies I,Indian Culture,microtopic,derived,"Architecture in ancient India: Harappan, Mauryan, post-Mauryan/Gupta periods",verified,
a6c9d227-187d-4bc5-8c27-9e24c2afc1e7,General Studies I,Indian Culture,microtopic,derived,Bhakti and Sufi movements: reach across age/gender/religious barriers; Sri Chaitanya's re-orientation; Vaishnava Acharyas' metaphysical foundations; Maharashtra Dharma; Brahmo Samaj and Ramakrishna Mission as 19th-century reform continuities,verified,
bf95a9e3-930a-4abe-bb07-6c96f6acb930,General Studies I,Indian Culture,microtopic,derived,"Classical Temple Architecture: Nagara, Dravida, Vesara and regional sub-schools (Pallava, Chola, Pandya, Vijayanagara, Nayaka, Hoysala, Rashtrakuta, Kerala temples)",verified,
46336ec8-0a33-4e69-bb51-ca47479eee84,General Studies I,Indian Culture,microtopic,derived,Coinage of India and inscriptions/coins as sources of history; Devadasi tradition; Aadi Mahotsav and tribal cultural empowerment; Dwarka and India's ancient maritime heritage; bronze art tradition from Indus Valley to medieval times; seals of the Indus Valley,verified,
4974c4cd-803f-4cad-9d62-727abe261032,General Studies I,Indian Culture,microtopic,derived,"Cultural issues/themes in news: Kuli language, military systems in ancient India, indentured labourers, UNESCO's Prix Versailles, Abhilekh Patal, Homo Naledi, Woman Odhuvar",verified,
83370fb4-3a56-4832-935c-c56571c0dbb8,General Studies I,Indian Culture,microtopic,derived,"Dance in India: concept, Ashta Nayika, eight classical forms, folk and modern dances; Tandava as recorded in early inscriptions; Garba, Cham Lama, Kolkali, Pulikali (Tiger Dance)",verified,
8c66aa43-c3de-496c-a573-b0ee1c3e35ee,General Studies I,Indian Culture,microtopic,derived,Early Buddhist cave-art (Barabar and Nagarjuni caves) and its evolution into later western Indian cave traditions,verified,
cf5d1602-6fd9-4566-b3d5-74012e7084bb,General Studies I,Indian Culture,microtopic,derived,"Evolution of Buddhist stupas (Sanchi, Amravati) and Gandhara, Mathura, Amravati schools of art; Gandhara sculpture's dual debt to Roman/Greek traditions",verified,
385f2f2b-17f6-462f-b9c5-9d8cf0793eeb,General Studies I,Indian Culture,microtopic,derived,"Historical sites in current affairs: Keeladi, Juna Khatiya, Chebrolu, Menhirs, Thoppikkallu/Hat stones, Sundargarh Natural Arch, Sisupalgarh, Chandraketugarh, Old Fort",verified,
bd03cb95-ed51-493a-9c7e-a21629efab21,General Studies I,Indian Culture,microtopic,derived,"History through the eyes of travellers: Ayodhya's historical narratives, Chinese pilgrim travellers, Arab travellers and cultural encounters",verified,
b4fef5f1-8c39-463a-a0c5-674999e21c55,General Studies I,Indian Culture,microtopic,derived,Indian cinema: history and classification of Indian cinema film,verified,
65a3ca38-3b44-42e7-ba05-c27369a1187b,General Studies I,Indian Culture,microtopic,derived,"Indian painting traditions: mural painting, miniature painting (Rajput, Pahari, Deccan, South Indian schools), regional/modern/contemporary painting; Panamalai, Cheriyal Scroll, Mewar school, Gilgit manuscripts, Ol Chiki script, Phanigiri artefacts, Vajra Mushti Kalaga, Bagh print",verified,
5c97650c-4c51-4630-8a97-a10f42298a45,General Studies I,Indian Culture,microtopic,derived,"Indian puppetry: string, shadow, rod, glove, modern, and tribal puppetry traditions",verified,
c57f65e8-1ace-40c8-a855-d33021709db8,General Studies I,Indian Culture,microtopic,derived,"Indian theatre: classical Sanskrit, regional, modern, and its renaissance",verified,
a05cf86e-468e-426d-98d4-130d787e9637,General Studies I,Indian Culture,microtopic,derived,"Indo-Islamic architecture: Imperial (Delhi Sultanate) style, Provincial style, Mughal style, Sikh style, Rajput architecture",verified,
34cb6395-1707-4fa4-8793-e0b1aff8bcdc,General Studies I,Indian Culture,microtopic,derived,"Indus Valley Civilization town-planning, seals, bronze casting, terracottas, and sculptures",verified,
a029e97e-c620-47bf-a580-f229edf6696e,General Studies I,Indian Culture,microtopic,derived,"Languages and literature of India: Sanskrit, Pali, Prakrit, and the major regional literatures (Tamil, Telugu, Malayalam, Kannada, Odia, Assamese, Bengali, Gujarati, Rajasthani, Punjabi, Marathi, Hindi, Persian, Urdu); Sangam literature as a record of early Tamil society",verified,
7aca79cd-e55a-478b-abee-a415fe7eb139,General Studies I,Indian Culture,microtopic,derived,Martial arts of India: genesis and forms of traditional martial arts,verified,
410427d2-3bc1-4a6a-952f-672bc3e14fe6,General Studies I,Indian Culture,microtopic,derived,"Mauryan art and architecture (Ashokan pillars, polishing techniques, and rock-cut caves)",verified,
7d873372-f371-4b5b-94e3-af91394feb87,General Studies I,Indian Culture,microtopic,derived,Medieval school of sculpture and modern Indian sculpture,verified,
940a72fc-86de-4176-8dbe-fe4ba38669d1,General Studies I,Indian Culture,microtopic,derived,"Miscellaneous cultural themes: handicrafts, Indian universities, cultural personalities, places of cultural interest, fairs and festivals, cultural institutions and awards, the calendar and eras, science and technology in ancient India, UNESCO heritage listings, legal provisions protecting cultural heritage",verified,
b7c08315-05f8-4f15-b389-2d79e807603e,General Studies I,Indian Culture,microtopic,derived,"Modern architecture: European influence, Indo-Saracenic architecture, post-Independence period; Adopt-a-Heritage 2.0 and National Mission for Cultural Mapping",verified,
e3b54405-86e4-4fef-8627-82279828c576,General Studies I,Indian Culture,microtopic,derived,"Music in India: pillars, forms (Hindustani/Carnatic gharanas), instruments, and institutions related to music",verified,
ecc1e711-5409-4ad5-b160-8433b8a723f0,General Studies I,Indian Culture,microtopic,derived,"Personalities in cultural news: reformers, freedom-linked cultural icons, and regional culture-bearers (e.g., Ahilyabai Holkar, Rukmini Lakshmipathi, Srimanta Sankaradeva, Sree Narayana Guru, Raja Ravi Varma)",verified,
958b8e28-4244-40ac-83ee-211c438275a3,General Studies I,Indian Culture,microtopic,derived,Post-Mauryan and Jain sculptural traditions; Gupta-era sculpture and its 'golden age' craftsmanship,verified,
a4733687-07de-4f71-8c98-38419a4695c2,General Studies I,Indian Culture,microtopic,derived,"Pottery traditions of India: Ochre Coloured Pottery, Black-and-Red Ware, Painted Grey Ware, Northern Black Polished Ware, glazed/unglazed pottery",verified,
720a48c3-b9db-4d3c-a40a-2e915ae49b6e,General Studies I,Indian Culture,microtopic,derived,Prehistoric rock paintings and petroglyphs (Bhimbetka stylistic evolutions); socio-cultural patterns of pre-historic paintings and potteries,verified,
a65e27a0-8c12-405d-b473-9d7379477126,General Studies I,Indian Culture,microtopic,derived,"Regional temple traditions: Khajuraho, Odisha, Gwalior, Gujarat, Rajasthan, Bengal, Assam, HP, J&K temple styles",verified,
3f7f7119-9431-42c6-b780-d096cba7281f,General Studies I,Indian Culture,microtopic,derived,"Religions in India: pre-Vedic religion, Hinduism, Buddhism, Jainism, Sikhism, Islam, Christianity, Zoroastrianism, Judaism; Indian philosophy (Adi Shankaracharya, Upanishads, heterodox sects, Tantrism)",verified,
cf9f6e55-599d-4254-b9e0-acef833da635,General Studies I,Indian Culture,microtopic,derived,UNESCO World Heritage sites of India: cultural criteria and conservation issues,verified,
36561b2d-0ffe-494a-927e-cde9774293b4,General Studies I,Indian Society,topic,explicit,"Salient features of Indian Society, Diversity of India. Role of women and women’s organization, population and associated issues, poverty and developmental issues, urbanization, their problems and their remedies. Effects of globalization on Indian society. Social empowerment, communalism, regionalism & secularism.",verified,
bd0adb4c-04af-4407-a96f-6170946c3a98,General Studies I,Indian Society,microtopic,derived,'Adivasi' as a category: reasons for the term and geographic concentration of tribal populations; issues with tribal habitat in India,verified,
298d5a69-995c-4f1b-aae1-22383476e1cb,General Studies I,Indian Society,microtopic,derived,"Caste system: structural resilience as a barrier to social mobility, and its adaptation to modernization/secularization",verified,
dfbb6488-af21-4659-b2e4-fbf1437f1759,General Studies I,Indian Society,microtopic,derived,"Children and vulnerable-section issues: child labour, child adoption, Juvenile Justice Act 2015, child trafficking, age of consent; tribal welfare (denotified tribes), LGBTQIA+ rights, disability rights, manual scavenging, marginalisation of sexual minorities",verified,
42c36656-03b6-4d9f-a23a-310e3ba6f0e7,General Studies I,Indian Society,microtopic,derived,"Communalism: meaning, historicity, role of third parties in inciting/perpetrating it, and whether it can be eradicated; regionalism's theories, manifestations, and possible remedies",verified,
a8ca9df0-1236-451b-ab23-86a50983c6d1,General Studies I,Indian Society,microtopic,derived,"Demographic transition: changes in population growth rates and distribution since Independence; population problems of developing vs developed countries; Malthusian, Marxian and Demographic Transition theories",verified,
889018a3-81d6-41ad-928f-ada5021d80a1,General Studies I,Indian Society,microtopic,derived,"Development & welfare indicators: socio-economic inequality, climate change and food insecurity, One Nation One Ration Card, Human Development Index, universal social welfare",verified,
86abc5b1-e2b1-48c9-9525-d9c958221162,General Studies I,Indian Society,microtopic,derived,"Education-sector issues: public schools, NIPUN Bharat Mission, Anusandhan National Research Foundation Act 2023, National Curriculum Framework for School Education, Performance Grading Index, higher-education reforms (deemed universities, foreign HEIs, National Credit Framework, accreditation)",verified,
20f7b171-be98-44c5-b16c-1968ef0f2708,General Studies I,Indian Society,microtopic,derived,"Effects of globalization on Indian society: kinds of impact (economic, political, developmental, socio-cultural) and whether the impact is solely positive or negative",verified,
4ebb0587-ad37-4833-8928-00c61cd95f80,General Studies I,Indian Society,microtopic,derived,"Family, marriage, and kinship structural shifts in transitional Indian society; validity of Hindu marriages, live-in relationships, raising the legal age for marriage, and the menace of girl-child marriage",verified,
f0b039b4-25fd-4286-a30c-4e1b75f0984b,General Studies I,Indian Society,microtopic,derived,"Health, nutrition and sanitation: NFHS-5 findings, renewed healthcare system, One Health concept, Global Hunger Index, Open Defecation Free status, nutritional security through food fortification",verified,
34b43ce5-08ae-4e9c-96a4-21a04e8ed1ba,General Studies I,Indian Society,microtopic,derived,"Labour & livelihood security: occupational safety and health, MGNREGA payment delays, e-Shram portal",verified,
c40f3e57-a8a5-42a3-b4eb-491810507b63,General Studies I,Indian Society,microtopic,derived,"Marginalised & vulnerable-group welfare: old-age care, rag-pickers, caste-manual-scavenging linkage, migrant-worker housing",verified,
96ea56e9-1607-4531-96e2-db96b111d054,General Studies I,Indian Society,microtopic,derived,"Migration patterns: internal migration shifts, distress migration, push/pull factors, emigration across colonial/post-independence/post-liberalisation periods, and remittance economies",verified,
4906f56a-9408-4acd-88f1-8651777ea8df,General Studies I,Indian Society,microtopic,derived,"Population and associated issues: suicide deaths in India, 'great replacement theory' discourse, population crisis in Asian nations, manual scavenging as India's 'dirtiest job', caste-based violence, need for caste census, silver economy and elderly-welfare initiatives (SACRED portal, SAGE, Elder Line, RVY, IGNOAPS, MWPSC Act 2007)",verified,
36e6ac11-9636-41ce-b6bc-a5d83a3ee9c6,General Studies I,Indian Society,microtopic,derived,"Poverty and development issues: concept of development, Sen vs Bhagwati model, crisis of development",verified,
7619bcfd-b544-4653-898e-9a52d8f158e5,General Studies I,Indian Society,microtopic,derived,"Role of women's organizations and SHGs in Indian history: types, level of penetration, problems faced, and the role of microfinance institutions",verified,
775581c2-1803-4406-97dc-cea22f18c81a,General Studies I,Indian Society,microtopic,derived,Salient features and changes within Indian society and their repercussions; diversity of India and whether 'unity in diversity' is reality or a reconciled chimera,verified,
9fef473b-70f5-47f2-93c7-7dd5b95f7944,General Studies I,Indian Society,microtopic,derived,"Secularism: meaning, the Indian constitutional vantage point, comparison with the Western model, Gandhian view on religion, and threats to the secular spirit",verified,
525743cf-41b4-4233-9c92-6c9bc9171796,General Studies I,Indian Society,microtopic,derived,"Social empowerment: meaning, need, Five-Year-Plan and government initiatives, role of civil society organisations",verified,
aa6f2475-4951-4c63-afb1-f428749e7548,General Studies I,Indian Society,microtopic,derived,"Social risk & institutional conditions: state of prisons, drug abuse, social media's effect on youth",verified,
345e6ede-1b47-44a7-9da4-f726b99bda10,General Studies I,Indian Society,microtopic,derived,"Urbanization challenges: growth of the informal urban sector, smart cities as a management tool, flood vulnerability of major cities, rural-urban migration, emergence of slums, urban transport/waste/water-sanitation issues, urban poverty, and the Real Estate (Regulation & Development) Act 2016",verified,
3ff5a084-6cab-4804-b5c9-0df0b771014b,General Studies I,Indian Society,microtopic,derived,"Women-related issues: hysterectomies, workforce participation gaps, gender disparities in poverty, women in corporate roles, abortion rights, gender digital divide, menstrual hygiene, surrogacy rules, sexual harassment at workplace, domestic violence, marital rape, women in STEM, female entrepreneurship, NFHS-5 women-centric findings",verified,
6805c4b6-d39a-4145-a57c-d1e8f8f27de0,General Studies I,Medieval India,topic,derived,Indian culture / Modern history (background formation) — the medieval-history spine feeding GS1 culture and pre-1750 context questions.,verified,
aca47f1e-21e5-4901-bcc0-f04828ee6db1,General Studies I,Medieval India,microtopic,derived,"18th-century society, economy, and culture: rural society, artisans, standard of living, ruling classes, inland/overseas trade, religion, fine arts, science and technology",verified,
8cc50ab6-d53e-4ae6-8f2a-695b3150233f,General Studies I,Medieval India,microtopic,derived,"Aurangzeb: religious policy phases, temples/jizyah, territorial consolidation, popular revolts (Jats, Satnamis, Sikhs), and the climax/crisis of the empire",verified,
f9d00be7-ccb6-4716-aa30-7df2dbbdf68f,General Studies I,Medieval India,microtopic,derived,"Central Asian politics and Babur's advance: Timurids, Uzbek-Iran conflict, and the struggle for empire in north India (Panipat, Rana Sanga, Afghans)",verified,
a0b6c910-e61f-4311-a972-6fba9415924d,General Studies I,Medieval India,microtopic,derived,"Cholas and other south Indian kingdoms: administration, socio-economic life, education/literature, Cheras, Yadavas, and contact with Southeast Asia",verified,
af824af7-baeb-448b-9487-5e3c94352920,General Studies I,Medieval India,microtopic,derived,"Consolidation and expansion under Akbar: conflict with the nobility, relations with Rajputs, state/government structure (mansabdari, land revenue), and religious policy (Ibadat Khana to Din-i-Ilahi)",verified,
d8252a37-2147-4ca3-aeeb-8335354f00e7,General Studies I,Medieval India,microtopic,derived,"Early Muslim invasions: Arab conquest of Sindh, Mahmud of Ghazni, Muhammad Ghori",verified,
3090564d-52d3-49c6-8cf5-87b21afaca77,General Studies I,Medieval India,microtopic,derived,"Establishment of the Mughal empire: Humayun's struggles, the Sur dynasty and Sher Shah's administrative contributions",verified,
1bb6e540-015e-44c7-af5f-06d396ec7d98,General Studies I,Medieval India,microtopic,derived,"India in the first half of the 17th century: Jahangir, Nur Jahan's 'junta', Shah Jahan's consolidation, evolution of the mansabdari system",verified,
48026cf5-a069-4001-bf3c-cb368906343b,General Studies I,Medieval India,microtopic,derived,"Major early medieval dynasties (750-1200): Pratiharas, Palas, Rashtrakutas, tripartite conflict, Senas, Rajputs, Pallavas, Chalukyas, and the concept of Indian feudalism",verified,
c1738a0e-414e-4fa5-a5b3-6b90836bce22,General Studies I,Medieval India,microtopic,derived,"Northern India in the first half of the 18th century: struggle for Wizarat, Sayyid Brothers, rise of regional states and the beginning of foreign invasions",verified,
9f838570-6f43-451f-b687-1f7fb00b167b,General Studies I,Medieval India,microtopic,derived,"Rise of the Marathas: Shivaji's Swarajya, Treaty of Purandar, Aurangzeb and the Deccan, assessment of the Jagirdari crisis",verified,
e64b6a34-4cf9-4447-9c7a-fe82e1993387,General Studies I,Medieval India,microtopic,derived,"The Deccan and the Mughals up to 1657; foreign policy of the Mughals (Uzbeks, Qandahar, Balkh, Persia)",verified,
3ac57142-d91e-4b9c-b024-84dc60d521f4,General Studies I,Medieval India,microtopic,derived,"The Delhi Sultanate (1206-1526): Slave, Khalji, Tughlaq, Sayyid, and Lodi dynasties; Mongol/Turk attacks; administration, economy, urbanization, society, culture, science, and the causes of decline",verified,
b376524e-33ba-47b9-90aa-f95a187cc65b,General Studies I,Medieval India,microtopic,derived,The Maratha bid for supremacy and the three Anglo-Maratha/Panipat phases (1741-1761),verified,
a0c0c838-2439-461c-9093-b6e64a1d426c,General Studies I,Medieval India,microtopic,derived,"Vijayanagar Empire: sources, political history, administration, economy, decline of trade, and regional kingdoms",verified,
7e05e528-d73f-40b0-a489-814c1b998070,General Studies I,Modern Indian History,topic,explicit,"Modern Indian history from about the middle of the eighteenth century until the present- significant events, personalities, issues.",verified,
294a88cc-790e-403e-a80d-f253e54620fb,General Studies I,Modern Indian History,microtopic,derived,"Colonial land revenue systems (Permanent Settlement, Ryotwari, Mahalwari), commercialization of agriculture, and economic drain theory",verified,
3ba2e622-60c4-45e1-b9d3-b04b813645b6,General Studies I,Modern Indian History,microtopic,derived,Deindustrialization of traditional artisanal industries and British economic policy's impact on the rural economy,verified,
12037716-e94e-46df-a985-303d2d175532,General Studies I,Modern Indian History,microtopic,derived,"East India Company's administrative expansions (Regulating Act 1773; Ring Fence policy as precursor to Subsidiary Alliance; Doctrine of Lapse); the British conquest of India, Anglo-Mysore and Anglo-Punjab Wars",verified,
e531c7f1-bc7c-4f08-8ba6-28eb6f1902b1,General Studies I,Modern Indian History,microtopic,derived,"European trading companies' rivalry, the Carnatic Wars, and the Battle of Plassey (1757) as 'a great betrayal' rather than a great battle",verified,
82d8e960-8555-4939-8629-a9d0125eeb80,General Studies I,Modern Indian History,microtopic,derived,"Growth of modern education, press, and vernacular public sphere under colonial rule; important newspapers/journals of the period",verified,
7ecd845b-7634-47ea-b81d-7a9755880cf5,General Studies I,Modern Indian History,microtopic,derived,Mid-18th century fragmented polity and the decline of the Mughal empire; Panipat as a recurring site of empire-shaking battles,verified,
93f42627-c5bc-4979-b692-54caa2218891,General Studies I,Modern Indian History,microtopic,derived,"Peasant, tribal, and civil resistance pre- and during-British rule (Santhal Hul, Kol mutiny, Indigo revolt, tribal/peasant/working-class movements 1850-1900)",verified,
49524287-56f7-452c-ac34-1739ad1e259d,General Studies I,Modern Indian History,microtopic,derived,"Socio-religious reform movements of the 19th century (Raja Ram Mohan Roy, Jyotirao Phule, Ishwar Chandra Vidyasagar, Ambedkar movement)",verified,
a605f863-abca-4004-a819-898191ec0e6c,General Studies I,"Physical Geography of India, Human Geography, and Economic Geography",topic,derived,"Salient features of world’s physical geography (India-specific extension) — physiography, drainage, climate, soils, vegetation of India; population/settlement geography; resource and industrial geography relevant to GS1's world-and-India geography demand.",verified,
0903b2a2-3ceb-4e25-9a14-04001c67b3bc,General Studies I,"Physical Geography of India, Human Geography, and Economic Geography",microtopic,derived,"Agricultural geography: land-use/capability classification, land degradation, cropping seasons/patterns/regionalization, infrastructure factors (seeds, fertilizers, irrigation), agricultural revolutions, labour, price policy, marketing, insurance, agricultural census, major crop conditions-of-growth/production-pattern/trade (wheat, rice, maize, barley, tea, coffee, cocoa, tobacco, cotton, jute and substitutes, rubber, sugarcane/sugarbeet)",verified,
d9ff4f2f-bbaf-4d37-ad06-404991cdab61,General Studies I,"Physical Geography of India, Human Geography, and Economic Geography",microtopic,derived,"Census themes: literacy, sex ratio, family planning, ageing population, age structure, density, population growth, census terminology, and the caste-census debate",verified,
29a35e91-27ec-4c24-8b13-6bb7abacf054,General Studies I,"Physical Geography of India, Human Geography, and Economic Geography",microtopic,derived,"Climate of India: factors influencing climate, monsoon mechanism (classical/modern/air-mass/jet-stream theories), El Nino-La Nina impact, rhythm of seasons, and climatic regions",verified,
6493fea2-0b51-4ce4-b338-b1543bef73f8,General Studies I,"Physical Geography of India, Human Geography, and Economic Geography",microtopic,derived,"Connectivity & port-led development: Shinku La tunnel and regional connectivity, Indian ports and economic development",verified,
ed4b1f48-5acc-4c04-84cf-b47506b13c17,General Studies I,"Physical Geography of India, Human Geography, and Economic Geography",microtopic,derived,"Demographic structure & population dynamics: India's demographic profile (largest/youngest/underdeveloped paradox), changing migration dynamics, changing population-composition dynamics, illegal migration",verified,
2051a5a7-b343-4915-ac8e-63804ee71527,General Studies I,"Physical Geography of India, Human Geography, and Economic Geography",microtopic,derived,"Demography: concept of human resources, population distribution (physical/socio-cultural/demographic factors), world/continental distribution, density patterns, age/sex composition, literacy, population pyramids, theories of population growth (Malthusian, Marxian, demographic transition), population problems of developed vs developing countries, and rising youth population",verified,
16abcc13-6514-4224-b114-819b17b236a8,General Studies I,"Physical Geography of India, Human Geography, and Economic Geography",microtopic,derived,"Drainage system of India: drainage patterns, Himalayan and Peninsular river systems (Indus, Ganga, Brahmaputra systems), and small east/west-flowing rivers",verified,
1f09ea7d-d041-44ea-ab31-aed220fc6a8a,General Studies I,"Physical Geography of India, Human Geography, and Economic Geography",microtopic,derived,"Global physical-geography case studies: Sub-Saharan Africa food security, Africa's Afar Triangle",verified,
50950374-b769-4995-940c-a72d50c5b66f,General Studies I,"Physical Geography of India, Human Geography, and Economic Geography",microtopic,derived,"Himalayan geomorphology & hazards: receding Himalayan glaciers, Himalayan landslides, tectonic deformation in northern plains, Chenab Valley land subsidence, expanding Himalayan glacial lakes",verified,
27463201-ef7b-4004-b0f4-1ecc87dd5fbf,General Studies I,"Physical Geography of India, Human Geography, and Economic Geography",microtopic,derived,"Human development & regional disparity: low human development pockets, climate change and the North-South divide within India, social capital, quality-of-life paradoxes",verified,
a7d936b9-adc2-4ef7-9eb3-6c2aa7f78e04,General Studies I,"Physical Geography of India, Human Geography, and Economic Geography",microtopic,derived,"Industry and industrial geography: industrial development phases, iron-and-steel/textile/engineering/chemical/agro-based/paper/cement/petroleum-refining industries and their localization factors, principal industrial regions of the world (Anglo-America, former USSR, Eastern Asia)",verified,
2aa46378-a9fc-41a8-aac2-58fc28d7d8c5,General Studies I,"Physical Geography of India, Human Geography, and Economic Geography",microtopic,derived,"Migration and settlements: push/pull factors, internal vs world migration, functional classification of cities, boundaries vs frontiers, rural-urban fringe characteristics, national urbanisation policy, principles of urban planning, land-cover transformation, and settlement typologies (rural/urban, hierarchical/morphological classification)",verified,
c882a840-6358-426c-8e02-85b8f3293ba7,General Studies I,"Physical Geography of India, Human Geography, and Economic Geography",microtopic,derived,"Mineral and energy resources: metallic/non-metallic mineral types, distribution and mining regions, ferrous/non-ferrous metal production and trade, energy classification, conventional energy sources (coal, petroleum, natural gas, hydro-electricity), atomic energy (uranium/thorium), renewable energy (solar, wind, geothermal, tidal, wave, biomass), and alternate sources (hydrogen, microbial fuel cells)",verified,
7892551a-a44b-47c2-9e99-85918f3ffb3b,General Studies I,"Physical Geography of India, Human Geography, and Economic Geography",microtopic,derived,"Monsoon, climate & extreme-weather geography: cyclones of the Bay of Bengal and climate change, El Nino and Indian monsoon, Indian Ocean Dipole's weather impact, heat waves/anticyclones/global warming in India, changing Western Disturbances",verified,
f3937f36-cff0-4e69-923d-384d32bec23b,General Studies I,"Physical Geography of India, Human Geography, and Economic Geography",microtopic,derived,"Ocean & seabed mineral geography: Antarctica's mineral resources, mid-oceanic-ridge minerals, EEZ mineral deposits, hydrocarbon extraction prospects, India's seabed mineral exploration (Afanasy Nikitin Seamount)",verified,
3b40af4f-b8c1-40fa-a7c1-3046be7bdfbb,General Studies I,"Physical Geography of India, Human Geography, and Economic Geography",microtopic,derived,"Physiography of India: geopolitical significance of location, geological divisions, the Peninsular Block, the Himalayas and other peninsular mountains, Indo-Gangetic-Brahmaputra Plain, and physiographic divisions",verified,
a2a4434c-329c-478b-b491-159e290b2f5f,General Studies I,"Physical Geography of India, Human Geography, and Economic Geography",microtopic,derived,"Resource & energy geography: wind-energy potential, petroleum-production challenges, critical-mineral distribution, rare-earth-metal prospects, coal demand vs net-carbon-neutrality, Eastern Maritime Corridor, South China Sea geopolitics",verified,
ba63f9ca-adb7-4e26-80ea-aa3f406a0e43,General Studies I,"Physical Geography of India, Human Geography, and Economic Geography",microtopic,derived,"River-basin & water-resource management: Indus dam construction prospects/challenges, integrated river-basin management, shrinking reservoir water, declining groundwater, multipurpose projects and regional development",verified,
341557ae-73a9-4d5f-88ad-d9bab9e2d7a3,General Studies I,"Physical Geography of India, Human Geography, and Economic Geography",microtopic,derived,"Settlement geography & disaster vulnerability: urban flooding, human-settlement surge in flood-prone areas, tribal-habitat issues",verified,
55db1b27-cc94-4db8-af28-118b8aac8a1a,General Studies I,"Physical Geography of India, Human Geography, and Economic Geography",microtopic,derived,"Soils and natural vegetation of India: soil classification/texture/degradation/conservation; forest types, cover, conservation, and problems",verified,
1e9428f0-2227-4a09-8272-feeda04b6916,General Studies I,"Physical Geography of India, Human Geography, and Economic Geography",microtopic,derived,"Transport and communication: land/water/air transport modes, sea routes and shipping canals, inland waterways, pipelines, and India-specific transport developments (RRTS, Odisha's coastal highway, AERA Act amendment)",verified,
e8c4ba32-f0c0-44aa-beae-ccc5cbf1b8c9,General Studies I,"Physical Geography of India, Human Geography, and Economic Geography",microtopic,derived,"Urbanization in India: pattern, issues, rural-urban migration, slum emergence, urban transport/waste/water-sanitation, urban poverty, and inclusive/smart-city responses",verified,
4de45bb6-e863-484e-b82e-18cf3d341414,General Studies I,"Physical Geography of India, Human Geography, and Economic Geography",microtopic,derived,"Water resources: underground/surface/inland/oceanic water resources, utilization patterns, water pollution, conservation techniques, river-interlinking projects, and the problem of ageing dams",verified,
8e055dee-33b6-4373-ad17-405125bec6a5,General Studies I,Post-Independence Consolidation,topic,explicit,Post-independence consolidation and reorganization within the country.,verified,
f1a73048-5a0c-4e86-9afa-7b71f81f6237,General Studies I,Post-Independence Consolidation,microtopic,derived,"Communalism and social consolidation: secularism, causes and consequences of communalism, issue of linguistic minorities (operational inefficiency and government initiatives)",verified,
b60b921f-cd4e-4e62-a062-3791efe2a1fe,General Studies I,Post-Independence Consolidation,microtopic,derived,"Linguistic reorganization of states and the Commissions (Dhar, JVP, Fazl Ali) — and whether it strengthened or weakened Indian unity; linguistic regionalism, constitutional language policy, and recent Hindi-language controversy",verified,
087d575e-1810-47d1-9bda-fc53d9c76bf9,General Studies I,Post-Independence Consolidation,microtopic,derived,"Overview of economic development since Independence: Five Year Plans journey, agriculture (land reforms, post-Green-Revolution issues, agrarian movements, achievements/challenges), industry (public/private sector development, industrial policy, Make in India), New Economic Policy impact, and post-Independence policy of Science & Technology (institutional framework, pre-/post-reform S&T, skill training agenda)",verified,
ace078a2-a4ae-4f34-aea5-1df45e57c78c,General Studies I,Post-Independence Consolidation,microtopic,derived,"Problem of caste and social consolidation: caste practices, Ambedkar movement, constitutional provisions, recent emancipation initiatives for SCs, manual scavenging",verified,
73696379-446b-48d3-9bf1-a3bb9d9ef951,General Studies I,Post-Independence Consolidation,microtopic,derived,"Re-organisation and integration of states: constitutional provisions, factors behind the merger, accession of princely states, J&K/Hyderabad/Junagarh crises, accession of French/Portuguese enclaves, accession of Sikkim, refugee rehabilitation, federal crisis, and national integration",verified,
8cf38495-6102-4a90-b2de-0ff6c8791e32,General Studies I,Post-Independence Consolidation,microtopic,derived,Tribal issue and policy consolidation: present status of tribal issues and policy responses,verified,
dd2c634a-b37e-4be9-832a-29309df30290,General Studies I,Revolt of 1857 and Freedom Struggle,topic,explicit,The Freedom Struggle — its various stages and important contributors/contributions from different parts of the country.,verified,
5e3178bb-0d57-47a3-a1e7-72cee9569051,General Studies I,Revolt of 1857 and Freedom Struggle,microtopic,derived,"Constitutional reforms as colonial concessions (Morley-Minto, Montford, GoI Act 1935) and nationalist responses",verified,
f0dea7c4-2407-44cd-8b27-4195229500f6,General Studies I,Revolt of 1857 and Freedom Struggle,microtopic,derived,"Early nationalism: pre-Congress organisations, Indian National Congress (1858-1905), early nationalists vs Swadeshi/Extremist strategic factions, GoI Act 1909, Home Rule League",verified,
2d05e7be-c426-4d58-84a0-cffad899cb4b,General Studies I,Revolt of 1857 and Freedom Struggle,microtopic,derived,"Gandhian mass mobilization phases (Non-Cooperation, Civil Disobedience, Quit India) and the special role of women in this phase",verified,
33b36a17-15cc-4ff1-8390-90f0b7a9d1d7,General Studies I,Revolt of 1857 and Freedom Struggle,microtopic,derived,"March towards freedom: Civil Disobedience Movement, Round Table Conferences, Poona Pact, GoI Act 1935, Congress ministries, Tripuri Session, August Offer, Individual Satyagraha (1940-41)",verified,
8fc75e07-3f59-4dc9-a1b4-a4326d3881ce,General Studies I,Revolt of 1857 and Freedom Struggle,microtopic,derived,"Rise of Revolutionary Nationalism in India and abroad (Ghadar party, Abhinav Bharat, HSRA); role of Subhash Chandra Bose and the INA versus the Gandhian approach",verified,
c217ac53-0295-4c1b-85b6-b2cd8aaa8a5f,General Studies I,Revolt of 1857 and Freedom Struggle,microtopic,derived,The 1946 Naval Mutiny as 'the last nail in the coffin' of colonial rule,verified,
6ab84a31-6bfc-44bc-8926-3c73ec0e8033,General Studies I,Revolt of 1857 and Freedom Struggle,microtopic,derived,"The Revolt of 1857: causes, leaders, suppression, nature, and consequences as a watershed in British colonial policy",verified,
ee61920a-edd4-44ca-97dd-f3ae25bafac1,General Studies I,Revolt of 1857 and Freedom Struggle,microtopic,derived,"The struggle for Swaraj: Montagu's 1917 statement, Gandhi's emergence as a mass leader, Khilafat and Non-Cooperation, Swaraj Party, revolutionary terrorism phase II (1920s), Simon Commission and Nehru Report",verified,
075175a4-560e-40d4-9064-ef5d8a03ada2,General Studies I,Revolt of 1857 and Freedom Struggle,microtopic,derived,"Towards achievement of freedom: popular struggles in the princely states, WWII and nationalist response, Partition (rise of communalism, Wavell Plan, Cabinet Mission Plan, Mountbatten Plan)",verified,
1b6357a2-ae93-4786-8302-2ea3437f7c3c,General Studies I,Revolt of 1857 and Freedom Struggle,microtopic,derived,"Trends during the freedom struggle: Indian Renaissance/socio-religious movements, civil rebellions, tribal and peasant movements, working-class movement (1850-1900), growth of communalism, Left/Communist trends, press and education, role of women, Governors-General and Viceroys of India, important persons and Congress sessions",verified,
c5fda86c-e582-4db5-b5ca-cfba0b77d6c6,General Studies I,World History,topic,explicit,"History of the world will include events from 18th century such as industrial revolution, world wars, redrawal of national boundaries, colonization, decolonization, political philosophies like communism, capitalism, socialism etc.— their forms and effect on the society.",verified,
1fbd3eb8-78b1-4ceb-afca-92593a249306,General Studies I,World History,microtopic,derived,"Beginning of the modern age: disintegration of the feudal system, Renaissance (humanism, art, architecture, literature, science), Reformation, explorations/discovery/trade, colonization and the rise of the nation-state, the English Revolution",verified,
b66a58a2-c914-48fd-9e3f-fc548b833e4a,General Studies I,World History,microtopic,derived,"Cold War: reasons, development (1945-1953), the extent of post-1953 thaw, and the Nuclear Arms Race/Cuban Missile Crisis (1962)",verified,
4d2326ed-6aa5-498c-a6eb-460c20714378,General Studies I,World History,microtopic,derived,"Colonialism and Imperialism: the age of imperialism (1870-1914), imperialism in Asia, and an analysis of colonialism",verified,
a4f29cd4-b579-43d2-a3d6-548dd32e4d09,General Studies I,World History,microtopic,derived,"Communism, Socialism and Capitalism: concepts, types, examples, and the relevance of capitalism in the present era",verified,
864d44a9-8bc2-4e8e-b91e-072f27cc0922,General Studies I,World History,microtopic,derived,"Development in the Middle East: democratic reforms, Arab nationalism, and Israel",verified,
407767c9-168a-4ce4-b258-befec440ad6c,General Studies I,World History,microtopic,derived,"Emergence of the USA: American colonies, independence, the Revolutionary War and its political/global impact, the US Civil War and its global impact and impact on India",verified,
bc528602-dd66-4b1e-9d9a-fa06f91f62aa,General Studies I,World History,microtopic,derived,"French Revolution: causes, course, France under Napoleon, impact and significance for the modern world",verified,
948619da-0915-49a1-9533-123e427b93c2,General Studies I,World History,microtopic,derived,"Inter-war years (1919-1939): the Great Depression, rise of Fascism in Italy, rise of Nazism in Germany, and the Soviet Union (USSR)",verified,
9006510e-2921-46f8-8158-0a5310c280ab,General Studies I,World History,microtopic,derived,"Nationalism in Europe: rise of the nation-state system, unification of Italy and Germany",verified,
85bb7a34-9617-4970-bfd5-babdc3606916,General Studies I,World History,microtopic,derived,"Post-Cold War world: global issues since 1991, European integration (with timeline), rise of global Islamic terrorism, and the rise of China",verified,
90006833-c41f-41d0-84ea-6354380bbc1c,General Studies I,World History,microtopic,derived,"Russian Revolution: pre-revolution events, causes, course, consequences, aftermath, and post-Lenin Russia",verified,
b871cdd1-a9ec-44b2-8dad-c2f12fdf91c7,General Studies I,World History,microtopic,derived,"World War I: causes, course, major events, consequences, aftermath, and the League of Nations",verified,
ffa5c039-24cc-4264-878b-ddea5770dd08,General Studies I,World History,microtopic,derived,"World War II: foundations, course, aftermath, analysis, and the decolonization phase",verified,
4a4fc5e8-a633-4a03-91db-db41fb55d115,General Studies II,"Governance, Government Policies and Development Processes",topic,explicit,"Government policies and interventions for development in various sectors and issues arising out of their design and implementation. Development processes and the development industry—the role of NGOs, SHGs, various groups and associations, donors, charities, institutional and other stakeholders.",verified,
bd3da303-0a62-4f92-8e89-a256d2e6782e,General Studies II,"Governance, Government Policies and Development Processes",microtopic,derived,"Citizens' Charters: introduction, models, features, implementation issues in India, reform needs, and the Sevottam framework",verified,
718574c8-8d2d-4855-a96c-870b523aceb9,General Studies II,"Governance, Government Policies and Development Processes",microtopic,derived,Civil-society organisations' impact on public policy formulation; FCRA compliance tightening and civil-society funding constraints; SHG federated models scaling beyond microfinance into market linkages,verified,
81ea1c29-33de-46ae-9649-860a39235410,General Studies II,"Governance, Government Policies and Development Processes",microtopic,derived,"Delivery mechanisms & sectoral missions: co-operatives, MSME, One Nation One Ration Card/One District One Product, entitlement portability, flagship missions (Jal Jeevan, Gati Shakti)",verified,
312e9f00-74af-4825-87e1-e3db6cd17f2d,General Studies II,"Governance, Government Policies and Development Processes",microtopic,derived,"Development process and industry: growth vs development, main constraints and stakeholders, SHGs (meaning, importance, institutional structure, funding, women's development linkage, poverty/rural-development linkage), and Micro Finance (meaning, structure, importance)",verified,
1da2b1cd-2079-499d-9be4-88fc19059371,General Studies II,"Governance, Government Policies and Development Processes",microtopic,derived,"Digital Public Infrastructure: open-source stacks, data-privacy safeguards, and targeted-benefit optimization (e.g. Swachh Bharat Mission's water/sanitation/hygiene delivery synchronised with anticipated outcomes)",verified,
b97bee91-9fac-4ee1-a4c3-72de0b15eed6,General Studies II,"Governance, Government Policies and Development Processes",microtopic,derived,"Digital governance & information regimes: 'concern about democracy in the digital age', internet shutdowns, fake news/hate speech, IT rules on OTT/digital media",verified,
28f6eb56-87db-4bb6-bdb6-0d60e2d88039,General Studies II,"Governance, Government Policies and Development Processes",microtopic,derived,"Effective implementation: outcome orientation, programme impact assessment, budget/zero-base-budgeting/cost-benefit analysis, and institution-building (task forces, steering/review committees)",verified,
4a67ff96-385d-460f-82af-97f8927befb2,General Studies II,"Governance, Government Policies and Development Processes",microtopic,derived,"Elections in India: salient features of the Representation of People Acts 1950/1951, electoral reforms, criminalization of politics, negative/neutral voting, state funding of elections, irregularities in polling, and electoral bonds",verified,
2d3a3e2d-3ebf-4aef-a7cb-7cb91200c421,General Studies II,"Governance, Government Policies and Development Processes",microtopic,derived,"Governance indices & accountability: domestic/international indices and rankings (GHI, NITI Aayog reports, NIRF), aspirational districts, SDGs and India",verified,
cc69feb8-7e20-4b7a-a49d-eb85e307a0ad,General Studies II,"Governance, Government Policies and Development Processes",microtopic,derived,"Government intervention: role of institutions/bureaucrats/stakeholders, transparency and accountability, optimum resource use (targeting, plugging leakages), monitoring and evaluation of outcomes, and interventions in emerging areas (social media, data privacy, social sector)",verified,
c98194c5-166b-45ae-9db1-29a6f7ed320a,General Studies II,"Governance, Government Policies and Development Processes",microtopic,derived,"Important aspects of governance, transparency and accountability: citizen-centric governance, legislative/administrative/judicial accountability, Ombudsman, whistleblower protection, anti-corruption machinery (role of citizens/media/social audit), systemic reforms, decentralisation vs delegation, and bottom-up governance",verified,
d9719361-a846-4358-84b6-82528de728f5,General Studies II,"Governance, Government Policies and Development Processes",microtopic,derived,"Local government and governance: issues of funds/functions/functionaries, local government's interface with vulnerable sections and emerging issues (disaster management, technology), localism/neo-localism/subsidiarity",verified,
97896f15-7a99-4ae3-9d02-be28eb20ecce,General Studies II,"Governance, Government Policies and Development Processes",microtopic,derived,"NGOs: definition and distinction from INGOs, UN criteria, role in development projects/community development/relief-rehabilitation/disaster management/advocacy",verified,
a03dad22-2e4a-47f1-8881-275113b85600,General Studies II,"Governance, Government Policies and Development Processes",microtopic,derived,"Need and importance of government policies: growth/development, human capital formation, equality and social justice, unity and integrity, trust between state and citizens; governance meaning/scope and the good-governance debate",verified,
abad9b84-03b2-47c0-ac01-e55196833c6c,General Studies II,"Governance, Government Policies and Development Processes",microtopic,derived,"Political parties in India: reforms, problems in functioning, casteism and politics, anti-defection strengthening, and coalition-government dynamics",verified,
802fa1b1-9d05-42f1-b468-4596b740cbb0,General Studies II,"Governance, Government Policies and Development Processes",microtopic,derived,"Poverty, hunger and health governance: evaluation of schemes (MGNREGA, PM-POSHAN, Ayushman Bharat) and policies (NHP, NEP) against poverty/hunger/health/malnutrition/unemployment/distress-migration",verified,
a7c32c84-bbfb-4ad6-9246-03de5ab2bc1f,General Studies II,"Governance, Government Policies and Development Processes",microtopic,derived,"Pressure groups and formal/informal associations: types, significance, distinction from political parties, politicisation of pressure groups, and their evolving role via new media",verified,
24a76275-8ad9-4231-868c-80b564c3bf49,General Studies II,"Governance, Government Policies and Development Processes",microtopic,derived,"Role of civil services in a democracy: concept and need for civil services, law-making role (policy formulation/implementation/evaluation), civil services as protector of minorities and promoter of inclusive growth, emerging challenges (lateral entry, capacity building, frequent transfers, cadre policy, performance appraisal, Civil Services Board)",verified,
071e9e4e-692b-4320-85d3-1703bca73e60,General Studies II,"Governance, Government Policies and Development Processes",microtopic,derived,Vulnerable-sections governance: issues/challenges/solutions/laws/interventions for SC/ST/OBC/migrants/women/disabled/children/refugees/transgenders/LGBT/manual scavengers,verified,
b180d18b-a899-4373-a12d-12bb059bee2d,General Studies II,"Governance, Government Policies and Development Processes",microtopic,derived,"e-Governance: introduction, applications, models, successes/limitations/future prospects, dashboards/portals, democracy-and-e-governance linkage, and e-governance in the judiciary/legislature",verified,
0f62e66d-9202-42e1-b52b-3b2bb697b48b,General Studies II,Indian Constitution,topic,explicit,"Indian Constitution—historical underpinnings, evolution, features, amendments, significant provisions and basic structure. Functions and responsibilities of the Union and the States, issues and challenges pertaining to the federal structure, devolution of powers and finances up to local levels and challenges therein. Separation of powers between various organs dispute redressal mechanisms and institutions. Comparison of the Indian constitutional scheme with that of other countries.",verified,
a8a4807b-8133-4c5c-b25c-9b2a9407cadd,General Studies II,Indian Constitution,microtopic,derived,101st Amendment (GST): salient features and efficacy in building a common national market; 69th Amendment (NCT of Delhi) and federal friction; Article 311 safeguards for civil servants,verified,
faec0437-c3b3-4ea7-ac09-47e05d3ad205,General Studies II,Indian Constitution,microtopic,derived,"Amendment process: the Constitution's dynamic/'living document' nature (Article 368), Basic Structure Doctrine as a judicial 'safety valve', and different majority-types required",verified,
e37cd2ad-8034-4219-b16f-d4d1cf149df4,General Studies II,Indian Constitution,microtopic,derived,"Citizenship: constitutional provisions, modes of acquiring/losing citizenship, dual citizenship debate, J&K-specific provisions, OCI/PIO status",verified,
ed801783-6452-4cea-b0dd-e3d053ec8749,General Studies II,Indian Constitution,microtopic,derived,"Comparative constitutionalism: Indian scheme vs USA, UK, France, and neighbouring constitutions",verified,
4e2fb0ce-169a-4db4-b169-68f569c942d4,General Studies II,Indian Constitution,microtopic,derived,"Directive Principles of State Policy: basic/economic-social/Gandhian/administrative/international-peace-related DPSPs, implementation record, and the Fundamental Rights-DPSP controversy (including directives outside Part IV and the Uniform Civil Code debate)",verified,
20015930-1bc8-477e-a53c-2067bf371485,General Studies II,Indian Constitution,microtopic,derived,Fundamental Duties: features and their link to Fundamental Rights,verified,
7e78b096-fb1c-4d0c-9b2a-9e881d0d7579,General Studies II,Indian Constitution,microtopic,derived,Fundamental Rights vs DPSPs: structural tension resolved via landmark pronouncements; scope expansion via the Right to Privacy judgment,verified,
ad72ca42-8725-48ba-beb1-99684d1fb5ab,General Studies II,Indian Constitution,microtopic,derived,"Fundamental Rights: significance, definition of 'State', equality/freedom/exploitation/religion/cultural-educational/constitutional-remedies rights, Fundamental Rights and the Armed Forces, martial law, procedure-established-by-law vs due process of law, writs, restrictive limitations, rights outside Part III, Article 32's dynamic nature, and the case for revitalizing the reservation system",verified,
6c249e46-2ff8-465e-b704-d3768cc8bbc7,General Studies II,Indian Constitution,microtopic,derived,"Historical evolution: Regulating Act 1773 to Government of India Act 1935 institutional lineages; the Constituent Assembly and objectives/salient features of the Constitution (unitary and federal features, parliamentary vs presidential form)",verified,
8044a32f-6334-46d6-86c0-d755f06a279b,General Studies II,Indian Constitution,microtopic,derived,"Preamble: basic features, value premises, terminology (Democratic, Sovereign, Socialist, Secular, Republic, Justice, Equality, Liberty, Fraternity, Integrity), and amendability",verified,
f18be530-6608-4a6a-afb9-24a26937b2fe,General Studies II,Indian Constitution,microtopic,derived,"Separation of powers: features in American/UK constitutions, checks-and-balances in the Indian scheme, judicial review, and the concept's practical limits",verified,
f1c65353-7964-40d7-b584-9d4e6a2a262a,General Studies II,Indian Constitution,microtopic,derived,"Union and states: State Reorganisation Commission, components of Indian territory, formation of new states, Zonal Councils, Union Territories, special provisions for states, Scheduled and Tribal Areas (5th/6th Schedule, autonomous councils)",verified,
02a369e2-6c45-4b9c-91ed-757a9f37e6fe,General Studies II,International Relations,topic,explicit,"India and its neighborhood- relations. Bilateral, regional and global groupings and agreements involving India and/or affecting India’s interests. Effect of policies and politics of developed and developing countries on India’s interests, Indian diaspora. Important International institutions, agencies and fora- their structure, mandate.",verified,
e4d93260-acf9-43d3-9a94-54b5b5e9c35d,General Studies II,International Relations,microtopic,derived,"Connectivity, security & new-frontier diplomacy: global anti-terrorism efforts (CTTF), India-Middle-East-Europe Corridor, Red Sea crisis, Northern Ireland conflict, India's Africa renewable-energy role, Arctic-region engagement, Outer Space Treaty, World Migration Report",verified,
63246e62-33f5-49ed-9d00-fd89454fd7b2,General Studies II,International Relations,microtopic,derived,"Evolution and key principles of Indian foreign policy: determinants, NAM/NAM 2.0, Panchsheel, India's nuclear doctrine, neighbourhood-policy evolution, Look/Act East and Look/Act West policies",verified,
389d3f6e-cb8a-4c7f-bf01-c289c55d465e,General Studies II,International Relations,microtopic,derived,"Global governance & multilateral institutions: minilateralism, International Health Regulations amendment, UN peacekeeping and India, ICC and the Israel-Hamas dispute, UNSC and G4, WTO reform crises, Global South leadership, G20 and India",verified,
a316962d-6dcb-47fd-b6de-88738c8e4216,General Studies II,International Relations,microtopic,derived,"Global institutions: UN structure (UNGA, UNSC and India's candidacy, ECOSOC), ICJ, UN specialised agencies (FAO, ICAO, ILO, IMO, ITU, UNESCO, IFAD, WHO, WMO, WIPO), World Bank",verified,
676138e7-f790-4ba1-9534-205a59141cfb,General Studies II,International Relations,microtopic,derived,Important key concepts: New World Order dynamics and 'New Cold War' debates,verified,
a7441a8d-f348-4961-88c3-0958ca0a816c,General Studies II,International Relations,microtopic,derived,"India and Asian nations: Central Asian republics (Turkmenistan, Kazakhstan, Tajikistan; China's role; International North-South Transport Corridor; SCO), Mongolia, UAE, Iran (nuclear deal, US geo-economic considerations), Israel-Palestine and India-Israel relations, Saudi Arabia, Asia-Pacific groupings, Southeast Asia (ASEAN steps and security cooperation), Japan, South Korea, Vietnam",verified,
992097a8-8091-4a86-9556-8e06d05a7c30,General Studies II,International Relations,microtopic,derived,"India and neighbours: Nepal (water/hydropower cooperation, contentions, recommendations), Bhutan (economic overview, China issues), Afghanistan (development partnership, post-NATO options, Taliban presence), Bangladesh (development partnership, boundary agreements, Teesta dispute), Maldives (geostrategic importance, security risks), Sri Lanka (commercial relations, fishermen issue), Myanmar (China's role, policy shifts), Pakistan (cooperation, water dispute, terrorism and proxy wars)",verified,
5497d44b-bca9-443f-98b9-f591d5796417,General Studies II,International Relations,microtopic,derived,"India and other regions: Africa (historical connections, South-South engagement, trade/investment/security cooperation), Australia (diaspora, economic ties, nuclear cooperation), France (strategic partnership), Germany (economic relations), UK (Brexit implications)",verified,
905e22f0-a023-4d93-9320-021d455c91ab,General Studies II,International Relations,microtopic,derived,"India's neighbourhood & regional diplomacy: BIMSTEC Charter, Chabahar Port, India-China border dispute (Arunachal Pradesh), Bhutan-China relations, Neighbourhood First Policy, Gujral Doctrine, South China Sea volatility, China-Taiwan dispute and India",verified,
9707ec50-e2ae-44b9-903b-3eed415f5ea3,General Studies II,International Relations,microtopic,derived,"Indian diaspora: role played, safety of Indians abroad, and welfare schemes for overseas Indians",verified,
1f7011d7-ff6a-4dda-bb48-2c7e6c2afb70,General Studies II,International Relations,microtopic,derived,"Major powers: Russia (strategic cooperation, Russia-China impact on India), China (economic relations, water disputes, String of Pearls, Maritime Silk Route/BRI implications, border disputes, South China Sea, CBMs), USA (strategic consultations, counter-terrorism, trade, energy/climate, S&T/space, defence cooperation, IPR, Indo-Pacific/QUAD, GSP)",verified,
fb1fada2-3be8-4ba3-b356-33c5381ce786,General Studies II,International Relations,microtopic,derived,"Multilateral relations: WTO (decision-making, Nairobi Package, IPR, reforms, agriculture issues, FTAs), IMF and reforms, nuclear-security architecture (NSG, MTCR, NPT), BRICS/BIMSTEC/IBSA/SAARC, India-ASEAN economic cooperation",verified,
89424f2f-4525-415e-9728-8fc5fbff2007,General Studies II,International Relations,microtopic,derived,"Security challenges in the Indian Ocean Region: US pivot to Asia, South China Sea mistrust, Somalia piracy, neighbourhood terrorism, energy routes, fisheries/livelihood issues, environmental security, and Indian Ocean 'Zone of Peace' declaration",verified,
8f8e5215-1e6f-4983-957b-e9ca47325487,General Studies II,International Relations,microtopic,derived,"Strategic partnerships & major-power relations: NATO's 75th anniversary, India-US strategic (jet-engine) partnership, Atlantic Declaration, India-EFTA deal, Raisina Dialogue, INDUS-X Summit, India-France/UAE/Netherlands/Tanzania/Argentina/Canada/Greece relations, Saudi Arabia strategic partnership",verified,
ebc1bfd9-dbcd-414d-a32e-816f7a7500a7,General Studies II,"Social Justice: Welfare, Health, Education and Poverty",topic,explicit,"Welfare schemes for vulnerable sections of the population by the Centre and States and the performance of these schemes; mechanisms, laws, institutions and Bodies constituted for the protection and betterment of these vulnerable sections. Issues relating to development and management of Social Sector/Services relating to Health, Education, Human Resources. Issues relating to poverty and hunger.",verified,
b23a6b6f-c309-4512-910c-d494bf698f2e,General Studies II,"Social Justice: Welfare, Health, Education and Poverty",microtopic,derived,'Health for All' target vs structural health-infrastructure gaps; rising out-of-pocket health expenditure; commercialization of healthcare vs universal affordable public care,verified,
88a9bb30-e12f-4115-b5ff-dfd3e64ca694,General Studies II,"Social Justice: Welfare, Health, Education and Poverty",microtopic,derived,Citizen's Charter and RTI Act: utility/limitations as accountability instruments; RTI's role in redefining accountability beyond mere citizen empowerment; flaws in RTI and improvement recommendations,verified,
71495bc0-0ca7-4fc5-bf3d-017697157561,General Studies II,"Social Justice: Welfare, Health, Education and Poverty",microtopic,derived,"Digital-economy & platform regulation: e-pharmacy sector regulation, online-gaming regulation, OTT regulation, start-up ecosystem regulation, gig-worker rights, crypto-asset regulatory framework, digital inclusion in emerging technologies, internet shutdowns",verified,
08b46258-5a97-4308-8f03-526b8d2f6515,General Studies II,"Social Justice: Welfare, Health, Education and Poverty",microtopic,derived,"Flagship schemes: SC/ST welfare: Vanbandhu Kalyan Yojana, PM Adarsh Gram Yojana",verified,
cd4ef53f-5caa-46e7-8e9a-d63282060820,General Studies II,"Social Justice: Welfare, Health, Education and Poverty",microtopic,derived,Flagship schemes: disability welfare: Sugamya Bharat Abhiyan,verified,
abad35d7-6934-48aa-ac69-b0c79f4b3947,General Studies II,"Social Justice: Welfare, Health, Education and Poverty",microtopic,derived,"Flagship schemes: education: Padhe Bharat Badhe Bharat, Mid-Day Meal, SWAYAM",verified,
a34d0434-2803-4767-9deb-15dd3297f126,General Studies II,"Social Justice: Welfare, Health, Education and Poverty",microtopic,derived,"Flagship schemes: health: National Health/Ayush Mission, Jan Aushadhi, Mission Indradhanush",verified,
57070b24-96b8-4a7f-8aa5-0365b7d2a879,General Studies II,"Social Justice: Welfare, Health, Education and Poverty",microtopic,derived,"Flagship schemes: minorities welfare: Nai Roshni, USTAAD, Nai Manzil",verified,
385ccb13-f716-472e-b8d4-477a3b624f06,General Studies II,"Social Justice: Welfare, Health, Education and Poverty",microtopic,derived,"Flagship schemes: rural/urban development: PMGSY, Swachh Bharat, PMAY, Smart Cities Mission, AMRUT",verified,
5f265294-f1b6-4456-a120-3bc21f1b4ea8,General Studies II,"Social Justice: Welfare, Health, Education and Poverty",microtopic,derived,"Flagship schemes: social security: Atal Pension Yojana, PMJJBY, PMSBY",verified,
b43aac20-4c25-4bb3-9fdf-57922c49a726,General Studies II,"Social Justice: Welfare, Health, Education and Poverty",microtopic,derived,"Flagship schemes: start-up & skill development: Stand-Up India, National Student Startup Policy, PMKVY, Deen Dayal schemes, Atal Innovation Mission",verified,
5f8da958-ec10-46ee-823b-4e7b4304e1ae,General Studies II,"Social Justice: Welfare, Health, Education and Poverty",microtopic,derived,"Flagship schemes: women-and-child welfare: Beti Bachao Beti Padhao, Sukanya Samriddhi, Ujjawala",verified,
964eac30-4223-47f8-8615-53541bfefd8f,General Studies II,"Social Justice: Welfare, Health, Education and Poverty",microtopic,derived,"Governance, infrastructure & consumer welfare: vehicle scrappage, right to repair, land-records modernization, ULB capacity building, consumer protection, disability-inclusive urban infrastructure",verified,
afd4c33b-f295-4323-903d-146aa57a66e6,General Studies II,"Social Justice: Welfare, Health, Education and Poverty",microtopic,derived,"Health & nutrition welfare: right to health, nutrition crisis among adolescent girls/women, mid-day meal issues, child malnutrition/marriage, food fortification, universal health coverage",verified,
7749c80f-1f39-4329-94d5-a91dfe9fc5a8,General Studies II,"Social Justice: Welfare, Health, Education and Poverty",microtopic,derived,"Health, education and human-resource services: India's education structure (primary/secondary/higher), GOI education initiatives and reform recommendations, skill-development indicators, private-and-public health structure, NITI Aayog health reports, and SDGs linkage",verified,
b6036100-ebcf-4b36-b74c-60b08057c4b1,General Studies II,"Social Justice: Welfare, Health, Education and Poverty",microtopic,derived,"Inclusive growth: measurement criteria, government initiatives, basic amenities (housing/drinking water/sanitation), sustainable and rural development, panchayati raj linkage",verified,
8178142d-a4a0-49a3-a9aa-19b71091fdc7,General Studies II,"Social Justice: Welfare, Health, Education and Poverty",microtopic,derived,"Marginalised-community & rights-based welfare: forest rights, PVTG welfare, internal displacement, right-based development approaches, women's basic income proposals, workplace sexual harassment",verified,
342a4604-629c-4195-a53a-7fabbfcefeea,General Studies II,"Social Justice: Welfare, Health, Education and Poverty",microtopic,derived,"Poverty and hunger: definitional debates across committees, poverty data, causes, urban vs rural vs feminized poverty, poverty-alleviation measures and implementation problems, food-security programmes, and controversies in poverty-data estimation",verified,
10c16b5e-0882-42e8-a24f-e297ce6dba91,General Studies II,"Social Justice: Welfare, Health, Education and Poverty",microtopic,derived,Right to Education Act's access-expansion vs persistent quality challenge; MGNREGA's asset-creation and distress-migration-reduction performance; National Rural Health Mission's implementation challenges; TPDS's effectiveness in reaching 'the poorest of the poor',verified,
041cfefd-de89-4c93-b552-058f79fb40ec,General Studies II,"Social Justice: Welfare, Health, Education and Poverty",microtopic,derived,The National Commission for SCs (constitutional-reservation enforcement including in religious-minority institutions); Rights of Persons with Disabilities Act 2016's administrative-capacity adequacy; National Commission for Women's strategizing capacity; need for an objective outcome-based review of higher-education reservation,verified,
0e79e597-51b5-4130-af49-9dacc75a1723,General Studies II,"Social Justice: Welfare, Health, Education and Poverty",microtopic,derived,"The Scheduled and Tribal Areas: 5th/6th Schedule areas, autonomous-council composition/role, Governor's role, tribal sub-plan, and start-up/skill-development linkage for tribal areas",verified,
502c3db0-11e0-48b4-b3e3-235adde3f18c,General Studies II,"Social Justice: Welfare, Health, Education and Poverty",microtopic,derived,"Welfare schemes by constitutional arrangement: women welfare (gender technology gap, women in the political system, marriageable-age debate), child welfare, SC/ST/OBC welfare, caste census, minorities welfare, old-age welfare, and needed legislative reforms",verified,
2204ce76-8ead-4a10-92ec-d640c2393600,General Studies II,"Union and State Executive, Legislature and Judiciary",topic,explicit,"Parliament and State legislatures—structure, functioning, conduct of business, powers & privileges and issues arising out of these. Structure, organization and functioning of the Executive and the Judiciary—Ministries and Departments of the Government; pressure groups and formal/informal associations and their role in the Polity. Salient features of the Representation of People’s Act. Appointment to various Constitutional posts, powers, functions and responsibilities of various Constitutional Bodies.",verified,
2041f773-6632-4709-a389-c57368df1d6a,General Studies II,"Union and State Executive, Legislature and Judiciary",microtopic,derived,"Constitutional Bodies: appointment transparency (CEC/EC selection process, CAG appointment/functions/powers), tenure security, and functional independence",verified,
f5816d76-ce97-410d-bac9-20d7ca814113,General Studies II,"Union and State Executive, Legislature and Judiciary",microtopic,derived,"Constitutional bodies: Election Commission, UPSC, State PSC, Finance Commission, GST Council, National Commission for SCs/STs, Special Officer for Linguistic Minorities, National Commission for Backward Classes; Non-Constitutional Bodies: NITI Aayog",verified,
9911637d-9e5e-48b9-9f0c-f4da1d449150,General Studies II,"Union and State Executive, Legislature and Judiciary",microtopic,derived,"Council of Ministers, Attorney General of India, and Parliament: composition of Lok Sabha/Rajya Sabha, qualification/disqualification, sessions, law-making procedure, officers, motions/resolutions, powers and privileges, financial proceedings, comparison of the two Houses, women's reservation in Parliament, judicial activism vis-a-vis Parliament, and delegated legislation",verified,
eac1f7f1-f79e-4d4c-8ffa-06896f141ce3,General Studies II,"Union and State Executive, Legislature and Judiciary",microtopic,derived,"Electoral & political-process reform: NOTA, coalition politics, electoral bonds, anti-defection reforms, women's reservation act, parliamentary privileges",verified,
df3617c7-959d-4afa-ab17-3e231ecb55b5,General Studies II,"Union and State Executive, Legislature and Judiciary",microtopic,derived,"Federalism, reservation & constitutional status: Article 31C, reservation on the basis of religion/domicile, sub-categorisation of SC/OBC, reservation in J&K, Ladakh's demand for 6th Schedule status, Article 370 verdict, Citizenship Amendment Act, Uniform Civil Code, comparative secularism (Indian vs French models)",verified,
5c214ef3-f0d8-4549-bb6c-9f457aa38bac,General Studies II,"Union and State Executive, Legislature and Judiciary",microtopic,derived,"Judiciary, rights & rule of law: right to personality, right to vote for undertrials, curative petition, tribunals in India, criminal law reforms, All India Judicial Services, Supreme Court case-burden, contempt of court, freedom of press, special/local laws, ED and PMLA",verified,
14db8537-1b72-45f7-bbb5-515109e14ecf,General Studies II,"Union and State Executive, Legislature and Judiciary",microtopic,derived,"Local government: 73rd/74th Amendment provisions, functions of municipal corporations/councils/nagar panchayats, State Election/Finance Commission roles, Smart City Mission and municipal governance, Model Panchayat Citizens Charter",verified,
7d2ce753-c9be-46a7-9a18-ed41dd7b5788,General Studies II,"Union and State Executive, Legislature and Judiciary",microtopic,derived,"Ministries/Departments of government: functioning, central secretariat, cabinet secretary, field organizations, and PMO",verified,
4ec4681b-0138-43d2-985d-f60ae9696dff,General Studies II,"Union and State Executive, Legislature and Judiciary",microtopic,derived,"Political dynamics: provisions on political parties, rise of regional parties, electoral reforms, importance of NRI votes, and the Tenth Schedule (anti-defection)",verified,
dc68190a-1b59-405b-adee-00b971f214c1,General Studies II,"Union and State Executive, Legislature and Judiciary",microtopic,derived,"Representation of People's Act: disqualification triggers, criminalization of politics, electoral reform proposals, and electoral bond aftermath",verified,
f9284412-1cb1-4024-8688-6ce7b57fa3f3,General Studies II,"Union and State Executive, Legislature and Judiciary",microtopic,derived,"Statutory/regulatory/quasi-judicial bodies: CVC, CBI, NHRC ('toothless tiger' critique), SHRC, Central/State Information Commission, NGT, SEBI, IRDA, TRAI, NCLAT, National Consumer Disputes Redressal Commission, Lokpal and Lokayukta, Planning Commission legacy, PMO, Zonal Council",verified,
a590fa7f-b54f-441a-96ba-8905bdd0bb2b,General Studies II,"Union and State Executive, Legislature and Judiciary",microtopic,derived,"The Governor, Chief Minister, Advocate-General, and State Legislature: appointment, discretionary/ordinance/pardoning powers, composition of Vidhan Sabha/Parishad, legislative procedure, and inter-house relationships",verified,
95606f29-4582-43e8-bf9a-8325dc75a147,General Studies II,"Union and State Executive, Legislature and Judiciary",microtopic,derived,"The Judiciary: integrated judicial system, Supreme Court composition/independence/jurisdiction/judicial-review/curative-petition, High Courts, lower judiciary, judicial appointments (collegium system, NJAC controversy), judicial accountability and corruption issues, PIL, judicial activism, and alternative dispute-redressal fora (Lok Adalat, family courts, Gram Nyayalayas, NALSA, arbitration)",verified,
d9a487d8-83e0-487f-bbbd-5b9cc53bf6d4,General Studies II,"Union and State Executive, Legislature and Judiciary",microtopic,derived,"The President: importance, qualification, election procedure, powers (executive/legislative/emergency/financial/judicial), ordinance-making power, pardon power, impeachment, and misuse of emergency provisions",verified,
5e3373a1-c2c2-443f-b03d-4fe2c511f625,General Studies II,"Union and State Executive, Legislature and Judiciary",microtopic,derived,Various constitutional dimensions: co-operative societies and official languages under the Constitution,verified,
a1a3a05e-1868-414f-8083-05d6ea15cf61,General Studies II,"Union and State Executive, Legislature and Judiciary",microtopic,derived,"Vice-President and Prime Minister: office, functions, appointment, and role vis-a-vis Council of Ministers/President/Lok Sabha/political party/coalition government",verified,
c237168d-d151-43a2-bd42-46081fea4bc9,General Studies III,Agriculture,topic,explicit,"Major crops-cropping patterns in various parts of the country- different types of irrigation and irrigation systems storage, transport and marketing of agricultural produce and issues and remedies; e-technology in the aid of farmers. Issues related to direct and indirect farm subsidies and minimum support prices; Public Distribution System- objectives, functioning, limitations, revamping; issues of buffer stocks and food security; Technology missions; economics of animal-rearing. Food processing and related industries in India- scope and significance, location, upstream and downstream requirements, supply chain management.",verified,
7683cbfc-ad9b-4d8f-b4e3-a22dba405394,General Studies III,Agriculture,microtopic,derived,"Agricultural finance: features, criteria and sources, problems, measures to improve credit flow, co-operative credit societies, derivative trade in agri-commodities, and institutions (commercial banks, lead-bank scheme, RRBs, NABARD, RBI, KCC, SHG-bank linkage, RIDF)",verified,
e981e0b7-5d95-457a-aa83-fdb36c05d8f1,General Studies III,Agriculture,microtopic,derived,"Agricultural revolutions in India: Green, White (Operation Flood), Yellow, Blue, and Golden Fibre (jute) revolutions, and the future of Indian agriculture",verified,
b7994f58-0ef2-4f84-b927-c0b706885ace,General Studies III,Agriculture,microtopic,derived,"Agriculture marketing: process and structure in India, importance, government measures (APMC Act analysis, e-NAM)",verified,
212a0a0c-4870-46b8-8525-9bbe62db8a8c,General Studies III,Agriculture,microtopic,derived,"Animal husbandry economics: dairy cooperative scaling, livestock disease management, and the economics of animal-rearing",verified,
c21bd69c-4f3b-498e-9b2f-f783e0be72ab,General Studies III,Agriculture,microtopic,derived,Cold-chain and price-volatility management: long-term cold-chain solutions for vegetable-price volatility; MSP's role in food security and cropping-pattern impact; farm subsidies' impact on state fiscal health and environmental degradation,verified,
bf515038-3318-47cd-8ca5-d6f265b4f88e,General Studies III,Agriculture,microtopic,derived,"Crop insurance in India: historical background, issues, PMFBY, and comparison with earlier schemes",verified,
f12bfdbb-ca82-4c9a-b7ef-e1d90bbff7f7,General Studies III,Agriculture,microtopic,derived,"Food processing and related industries: scope and significance, location, upstream/downstream requirements, supply-chain management, Mega Food Parks, FDI policy, notable sector trends, and budget/policy strategies",verified,
1d497aca-68db-471e-b6f6-0d3afede08e3,General Studies III,Agriculture,microtopic,derived,"Land reforms: colonial-era ownership patterns (Zamindari, Ryotwari, Mahalwari), objectives and progress since Independence, ceiling-legislation progress, NITI Aayog's land-leasing report, and the SVAMITVA scheme",verified,
0380e2aa-aba1-42a5-b43c-053d8b16bf63,General Studies III,Agriculture,microtopic,derived,"Land resource issues: land-use and capability classification, causes/impact of land degradation, and sustainable land-management steps",verified,
aab322e2-b78b-4658-9f43-d4760ad06d04,General Studies III,Agriculture,microtopic,derived,"Public Distribution System: objectives, functioning, limitations, revamping from universal to targeted PDS, cost-benefit analysis, buffer-stock policy, and the Food Security Bill's resource-mobilization/criticism debate",verified,
3ba59372-4e21-41cf-915b-6cdabe22276d,General Studies III,Agriculture,microtopic,derived,"Role of agriculture in the Indian economy: historical background and current status, cropping systems (mono-cropping, crop rotation, sequential/inter/relay cropping), agriculture marketing, conclusive land titling, and the Biotech-KISAN programme",verified,
600aa8f7-1880-4314-a732-47fe17d2bcaa,General Studies III,Agriculture,microtopic,derived,"Subsidies: farm/fertiliser/power/irrigation subsidies, issues of direct/indirect subsidies and MSP, objectives, gainer-loser resource transfer, buffer-stock/food-security issues, and technology missions",verified,
8c1f96db-333b-48f7-9adf-1b49907da330,General Studies III,Agriculture,microtopic,derived,"Technology in agriculture: data revolution, AI applications, social-security schemes for farmers (climate-smart agriculture, precision farming for input-wastage mitigation)",verified,
6beaf43e-b161-4935-92e9-2c8688d01420,General Studies III,Agriculture,microtopic,derived,Wetland conservation and the Ramsar 'wise use' concept with Indian Ramsar-site examples; the 'Organic State' (Sikkim) model's ecological/economic benefits; NavIC's civilian-application significance for agriculture,verified,
2830705c-6f8c-41c9-b94d-b105cedae79b,General Studies III,Disaster Management,topic,explicit,Disaster and disaster management.,verified,
ccb1786d-3b2f-49bc-9ad1-0dcc2aad6f0a,General Studies III,Disaster Management,microtopic,derived,"Case studies & sector-specific disaster risk: pandemic-preparedness funding, disaster-induced displacement, urban flood management, Joshimath crisis case study, Turkiye earthquake case-study lessons",verified,
a315d5b5-143e-4316-b42f-3e82ca269d5b,General Studies III,Disaster Management,microtopic,derived,"Disaster management, preparedness and mitigation: community-based management, government initiatives, National Disaster Management Act 2005, global DRR frameworks (Sendai vs earlier Hyogo Framework), disaster insurance, media's role, gender-sensitive disaster response, disaster-management cycle, NGO role, and pre-disaster preparation",verified,
c79b4fb6-96ea-4aa4-a2d4-394b7c5cd03a,General Studies III,Disaster Management,microtopic,derived,"Early-warning & technology in disaster management: NDRF App launch, early-warning-system improvements, AI/GIS in disaster prediction, satellite-based monitoring",verified,
14c5ffe0-d346-4079-b82a-e02c94673cd1,General Studies III,Disaster Management,microtopic,derived,"Institutional & policy frameworks: National Disaster Management Plan updates, PM's Ten-Point DRR Agenda, India's Atmanirbharta in disaster management, disaster-risk financing (G20), Coalition for Disaster Resilient Infrastructure (CDRI)",verified,
75c8df02-b08a-4992-a1bf-57edc93e8e12,General Studies III,Disaster Management,microtopic,derived,Landslide vulnerability of the Western Ghats and Himalayas: causes and mitigation strategies; institutional setups for chemical/industrial disaster management in urban-fringe clusters; cloudburst phenomenon and mountain-ecosystem vulnerability; multi-hazard resource-allocation dilemmas during live disaster response,verified,
85f6c873-b0d8-4b3d-b01d-d59e0f9bbacb,General Studies III,Disaster Management,microtopic,derived,"Natural and man-made disasters: India's vulnerability profile — earthquakes, tsunamis, landslides, floods, droughts, epidemics, nuclear-reactor explosions, dam collapse, gas leakage, oil spills, volcanic eruptions, forest fires, chemical spills, hazardous-material spills, explosives, chemical/biological attacks, nuclear blasts, rail/airline crashes, groundwater poisoning",verified,
10bf89f5-cc69-40ad-afd0-bf1080cbde17,General Studies III,"Environment, Ecology and Bio-diversity",topic,explicit,"Conservation, environmental pollution and degradation, environmental impact assessment.",verified,
d6d697e9-75f2-4243-9777-a3b359a6c80d,General Studies III,"Environment, Ecology and Bio-diversity",microtopic,derived,"Air pollution & control regimes: nitrogen pollution, radioactive discharges, acid rain impact, coal-plant SO2 control, GRAP in NCR, metal-mining pollution, World Air Quality Report",verified,
c8ed51ad-6d43-4048-8c0b-d4cb23ea23bb,General Studies III,"Environment, Ecology and Bio-diversity",microtopic,derived,"Biodiversity basics: kinds and degree of diversity, keystone/indicator/invasive species, allopatric/sympatric speciation, megadiverse countries, biodiversity hotspots, biopiracy, extinction/mass-extinction, and IUCN Red List classification",verified,
a3def326-cb85-4d62-9e15-40ac204bece3,General Studies III,"Environment, Ecology and Bio-diversity",microtopic,derived,"Biodiversity conservation: ex-situ vs in-situ conservation, seed banks, zoos/botanical gardens, protected areas, UNESCO Man-and-Biosphere Programme, CBD/Cartagena/Nagoya Protocols, Aichi Targets, Important Bird Areas, Global Tiger Initiative/Project Tiger, Project Elephant, Indian Rhino Vision, and recovery programmes for critically endangered species",verified,
6eb7d3f2-2e65-4678-bb84-f1f879cded81,General Studies III,"Environment, Ecology and Bio-diversity",microtopic,derived,"Biogeochemical cycles: carbon, nitrogen, phosphorus, and sulphur cycles",verified,
1958080b-0ed3-4f0a-bc00-f8b5441120e8,General Studies III,"Environment, Ecology and Bio-diversity",microtopic,derived,"Biomes and aquatic life zones: forest/grassland/mountain/desert ecosystems, ocean/river/lake/wetland aquatic ecosystems, coral reefs (in India and globally), mangroves, freshwater resources, and the Ramsar Convention/Montreux Record",verified,
84eaec8e-6cd9-4b99-8c6e-7366de8f8ac4,General Studies III,"Environment, Ecology and Bio-diversity",microtopic,derived,"Climate change basics: greenhouse effect and global warming, international efforts to control climate change, ozone-layer depletion, acid rain, El Nino/La Nina",verified,
49a423bb-fd3d-4eed-8e1c-5f7507aced3c,General Studies III,"Environment, Ecology and Bio-diversity",microtopic,derived,"Climate mitigation & industrial transition: Anthropocene debate, green industrialisation, carbon farming, electric mobility, green hydrogen roadmap, BioCNG, climate-engineering ethics, CCUS policy, EU carbon-border-tax impact, greenwashing, IPCC, WMO, UNEP Emissions Gap, Global Methane Tracker reports",verified,
916afd4a-6fb9-45ac-b06f-8f757f4a3d05,General Studies III,"Environment, Ecology and Bio-diversity",microtopic,derived,"Coastal ecosystem management: mangroves, estuaries, coral reefs — importance, threats, and legal/regulatory protection approaches",verified,
008eefb5-22a8-4c10-b536-3747cbd2df5d,General Studies III,"Environment, Ecology and Bio-diversity",microtopic,derived,"Deforestation: causes, climate-change implications, wildlife/monsoon/people impacts, economic impacts, reduction strategies, conservation legislation, and community-participation approaches",verified,
01a8600e-e1a4-40ae-a1cd-b685461e8a66,General Studies III,"Environment, Ecology and Bio-diversity",microtopic,derived,"Ecology fundamentals: types/scope, habitat and ecological niche, ecological principles/community structure, food chains/webs, energy-flow models, ecological pyramids, biomagnification, biological control, organic farming, and ecological succession",verified,
635e6e98-4011-4af2-bc2a-1899ca5959f0,General Studies III,"Environment, Ecology and Bio-diversity",microtopic,derived,"Effect of human activities on the environment: impacts of modern agriculture, housing, power generation, river-valley/mining/transport/tourism projects on ecosystems",verified,
0a353181-dcf7-475b-820a-308e1cb68318,General Studies III,"Environment, Ecology and Bio-diversity",microtopic,derived,"Environment-related institutions and schemes: Pollution Control Boards, NGT, Forest Survey of India, National Board for Wildlife, Ecomark, National Afforestation Programme, National Mission for Clean Ganga, National Air Quality Index, UJALA, Bharat Stage norms, FAME",verified,
5c1793f5-6f35-4c4a-83b0-86c910271050,General Studies III,"Environment, Ecology and Bio-diversity",microtopic,derived,"Environmental Impact Assessment: executing body, effects analysed, EIA process, and the EIA notification of 1984 (procedural evolution)",verified,
eeb0fab9-72ca-4220-a62f-ded2e4c6dc56,General Studies III,"Environment, Ecology and Bio-diversity",microtopic,derived,"Environmental governance instruments: Biological Diversity Amendment Bill, Brazzaville Declaration",verified,
331eb37c-446f-4d49-99c2-f4612b2bc2d5,General Studies III,"Environment, Ecology and Bio-diversity",microtopic,derived,"Environmental laws: constitutional provisions and salient features of the Air Act 1981, Water Act 1974, Forest Conservation Act 1980, Wildlife Protection Act 1972, Environment (Protection) Act 1986",verified,
012aa961-9d21-4b57-95e1-9691d88cd14b,General Studies III,"Environment, Ecology and Bio-diversity",microtopic,derived,"Environmental pollution: air/water/thermal/soil/noise pollution sources-effects-control measures, National Ambient Air Quality Standards, persistent organic pollutants, toxic-substance/carcinogen classification",verified,
6caf4895-08ac-4ec9-af74-b35a95ccb7e5,General Studies III,"Environment, Ecology and Bio-diversity",microtopic,derived,"Forest & land degradation: soil-erosion crisis, forest fires, market-based forest-conservation approaches, Amazon forest fires, desertification, Aravalli mining",verified,
b6ed10f8-56e1-49bf-ac55-918547c9aeb7,General Studies III,"Environment, Ecology and Bio-diversity",microtopic,derived,"Global warming and health: health impacts, mosquito-borne diseases, and ozone-depletion health effects",verified,
6a22a875-94c6-4df0-9c6d-95d5be1a5a29,General Studies III,"Environment, Ecology and Bio-diversity",microtopic,derived,"Impact of agriculture on climate: emissions from agriculture, monoculture's biodiversity impact, chemical-fertilizer/pesticide pollution, GM-crop environmental impact, and sustainable-agriculture techniques",verified,
b5440d20-c19a-4247-a9a4-074750a98b2f,General Studies III,"Environment, Ecology and Bio-diversity",microtopic,derived,"International environmental governance: UNEP, UNDP/UNFCCC/UNCCD, IUCN, WWF, Birdlife International, and key international conventions/protocols",verified,
0b0e3920-4791-4754-a462-1ea54e8ec959,General Studies III,"Environment, Ecology and Bio-diversity",microtopic,derived,"Marine & coastal ecosystem degradation: mangrove-ecosystem IUCN reports, Great Barrier Reef coral bleaching, Arctic Ocean marine heatwaves, coastal erosion, riverine deoxygenation, El Nino's impact on world lakes",verified,
319559f7-3244-44e5-a72e-ef449e0f1657,General Studies III,"Environment, Ecology and Bio-diversity",microtopic,derived,"Minerals and environmental degradation: mining's direct/indirect impacts, international mining laws, and sustainable-mining regulation in India",verified,
f4062bd7-4a89-47af-aa49-8ac4e4dba21d,General Studies III,"Environment, Ecology and Bio-diversity",microtopic,derived,"Species conservation & wildlife management: turtle/tiger/vulture/Great-Indian-Bustard/leopard conservation, Himalayan-wolf assessment, Project Cheetah, invasive alien species threats, human-animal conflict, wildlife licensing rules, KAZA Summit and wildlife trade",verified,
9a057f37-2d1e-4def-a0ad-8f748676ba03,General Studies III,"Environment, Ecology and Bio-diversity",microtopic,derived,"Sustainable development: principles, measurement of sustainability/equitable resource use, sustainable-lifestyle role of the individual, and international sustainability efforts",verified,
50a09291-bfe6-4366-8674-aeb0b18a9151,General Studies III,"Environment, Ecology and Bio-diversity",microtopic,derived,"Urbanization and climate: metro pollution, real-estate-driven degradation, urban heat islands, plastic-bag pollution, methane generation from waste",verified,
d3672fe4-24b8-4ac7-9d60-f279cd5fcb09,General Studies III,"Environment, Ecology and Bio-diversity",microtopic,derived,"Waste & materials management: microplastics, single-use-plastics battle, e-waste/solar-waste management, plastic-to-fuel conversion, manufactured sand, Battery Waste Management Rules",verified,
31812fe4-0220-462c-ad8b-487728aca293,General Studies III,"Environment, Ecology and Bio-diversity",microtopic,derived,"Waste management: solid/hazardous/e-waste/biomedical/plastic-waste categories, management methods, poor-disposal effects, and landfill issues",verified,
89aa75bb-0c8c-4323-b064-55200cd68eb4,General Studies III,"Environment, Ecology and Bio-diversity",microtopic,derived,"Water-resource degradation: hydrological cycle, groundwater depletion, water-borne/water-induced diseases, fluoride/arsenic contamination in drinking water",verified,
12b91ce5-0d4e-4fd1-a07e-70709216bca0,General Studies III,"Environment, Ecology and Bio-diversity",microtopic,derived,"Wetlands & water security: constructed wetlands, urban water crisis",verified,
6475a787-f2c4-41f5-afbe-2d6f204d2137,General Studies III,"Indian Economy: Planning, Resource Mobilization and Inclusive Growth",topic,explicit,"Indian Economy and issues relating to planning, mobilization, of resources, growth, development and employment. Inclusive growth and issues arising from it.",verified,
60f65ba1-4cf1-4e45-8843-e7ef04360826,General Studies III,"Indian Economy: Planning, Resource Mobilization and Inclusive Growth",microtopic,derived,"Agriculture & resource economics: sugar production's groundwater impact, primary agricultural societies, e-technology in agriculture, energy security, clean-energy investment",verified,
591897a2-8dca-4fcf-9a60-931f06f72b41,General Studies III,"Indian Economy: Planning, Resource Mobilization and Inclusive Growth",microtopic,derived,"Banking: structure/functions, RBI and bank types (public/private/foreign/regional-rural/local-area/specialized/small-finance/payments banks), nationalization history, banking-sector reform committees (Narasimhan, Nachiket Mor, P J Nayak), development-finance institutions, new bank-licence criteria, financial inclusion, NPAs, neo-banks, bad-bank concept, insurance-sector reform, bank privatization, and D-SIBs",verified,
572de124-1baf-4d87-8b5b-8fc57f9ccda8,General Studies III,"Indian Economy: Planning, Resource Mobilization and Inclusive Growth",microtopic,derived,"Employment & demographic economics: GDP-employment linkage, ageing workforce, demographic dividend, gaming sector",verified,
ee812800-e4a6-4de0-ba93-4e3fbcb7b94e,General Studies III,"Indian Economy: Planning, Resource Mobilization and Inclusive Growth",microtopic,derived,"External sector & global economy: foreign-investment decline, de-dollarisation, global debt crisis, forex reserves, US-China trade war impact, India-Japan/EaEU FTAs, recession case studies (UK/Japan), Red Sea crisis, El Nino climate risk to growth",verified,
a223cac2-50d1-4f18-8315-aa1251841677,General Studies III,"Indian Economy: Planning, Resource Mobilization and Inclusive Growth",microtopic,derived,"Financial system: components, financial institutions (banking and non-banking), financial assets/markets, and the financial system's pandemic-era resilience",verified,
167ee59a-2543-4cd9-bd6a-f42d057efebc,General Studies III,"Indian Economy: Planning, Resource Mobilization and Inclusive Growth",microtopic,derived,"Fiscal policy: important budgetary/fiscal terms, government revenue/spending, revenue/fiscal/primary deficits and their financing",verified,
c7871db1-b030-4b6f-aec8-ce1d0f51e11b,General Studies III,"Indian Economy: Planning, Resource Mobilization and Inclusive Growth",microtopic,derived,"Foreign trade and international organisations: trade policy, India's Balance of Payments (current/capital account performance), exchange-rate determination and convertibility, the Bretton Woods twins (World Bank, IMF), WTO and India, regional development banks (ADB, NDB, BRICS Bank, AIIB), and bilateral/regional/global trade groupings",verified,
464cbd54-7316-48fd-9b15-d9a1eeec41e5,General Studies III,"Indian Economy: Planning, Resource Mobilization and Inclusive Growth",microtopic,derived,"Government budgeting: budget/Economic Survey terminology, types of budgets, outcome budgeting, railway-general budget merger, budgeting flaws, budget analysis, and subsidy design; the FRBM Act's effectiveness in maintaining macroeconomic stability",verified,
0b4d42ac-26d2-4c59-9c2f-b8fdcd00a3cf,General Studies III,"Indian Economy: Planning, Resource Mobilization and Inclusive Growth",microtopic,derived,"Inclusive growth: meaning and concept of inclusion, India's inclusion experience, social-sector initiatives, ground reality of flagship schemes, rural-economy-based growth, sustainable agriculture/food-security linkage, PDS as a growth tool, financial inclusion, poverty-alleviation-and-employment strategy, PPP models, industrial/sectoral/regional diversification, and flagship schemes (Jan Dhan, MUDRA, SETU, Skill India, MGNREGA, Kisan Card, PMKSY, e-NAM, PMJJBY/PMSBY, Atal Pension, Digital India)",verified,
8c887335-bc38-474f-94fe-a4a1feda9d32,General Studies III,"Indian Economy: Planning, Resource Mobilization and Inclusive Growth",microtopic,derived,"Indian economy in the pre-independence period, on the eve of Independence, and post-Independence phases of economic development; Nehruvian socialist economy and the shift via economic reforms",verified,
f8181bbb-b325-488c-b9b1-5862a4785236,General Studies III,"Indian Economy: Planning, Resource Mobilization and Inclusive Growth",microtopic,derived,"Industry, infrastructure & manufacturing economics: India's manufacturing landscape, critical-mineral economic significance, power-demand growth, coastal economy, Indian Railways overhaul, steel imports",verified,
019f9dfb-2abb-4312-9a42-2660beb82e57,General Studies III,"Indian Economy: Planning, Resource Mobilization and Inclusive Growth",microtopic,derived,"Inequality, wages & welfare economics: inequality and growth, economic redistribution, low-wage impact, wealth/income gap, minimum-vs-living-wage debate, universal basic income proposals, 'greedflation', 'pink economy'",verified,
5dd2df6e-900c-4155-8873-88ae6a8dbabb,General Studies III,"Indian Economy: Planning, Resource Mobilization and Inclusive Growth",microtopic,derived,"Investment models: need for and sources/measures of investment, domestic (public/private/PPP) and foreign (FDI/FII) investment models followed by India, and the role of the state",verified,
8daabad8-8f1b-4f3b-9303-688b383b1e4b,General Studies III,"Indian Economy: Planning, Resource Mobilization and Inclusive Growth",microtopic,derived,"Monetary & financial-sector policy: stock-market factors, RBI surplus transfer/gold reserves, RBI liquidity management, bad-loans problem, disinvestment, cryptocurrency regulation, Digital Public Infrastructure",verified,
8c01ff5f-48ce-4535-a281-5c7ef699dc94,General Studies III,"Indian Economy: Planning, Resource Mobilization and Inclusive Growth",microtopic,derived,"Monetary policy: instruments, pre- and post-1991-reform eras, Urjit Patel Committee, and the Monetary Policy Committee's inflation-targeting framework",verified,
65df0986-8ac2-4f17-94f0-e118e067a03b,General Studies III,"Indian Economy: Planning, Resource Mobilization and Inclusive Growth",microtopic,derived,"Planning in India: objectives, history, Five-Year-Plan analysis, and Growth vs Development distinction (national income determination, GDP/GNP/NDP/NNP/per-capita income, HDI, gender-development index, poverty index, MDGs/SDGs)",verified,
3ffb5a1e-b249-4332-9d90-69fb808fd28a,General Studies III,"Indian Economy: Planning, Resource Mobilization and Inclusive Growth",microtopic,derived,"Resource mobilization: physical vs finance capital, public vs private sector sources, savings-investment over the plans, budgetary (tax/non-tax) resources, role of public debt, fiscal/monetary-policy roles, and foreign-investment desirability/consequences",verified,
2bdbd451-350c-4dbd-b3e2-8f653ad2f5da,General Studies III,"Indian Economy: Planning, Resource Mobilization and Inclusive Growth",microtopic,derived,"Structural growth debates: savings rate/investment pattern/capital-output ratio as growth levers, manufacturing's limited capacity to absorb agricultural surplus labour, direct-tax reform and tax-to-GDP widening, GDP's agriculture-to-services shift without a manufacturing base, and the 'jobless growth' debate",verified,
31ebda09-4606-4a94-b15a-bef6ea19f2a4,General Studies III,"Indian Economy: Planning, Resource Mobilization and Inclusive Growth",microtopic,derived,"Taxation: principles/objectives, tax system and current policy in India, GST progress, tax reforms, and retrospective taxation debates",verified,
e2bfa2a3-3385-4b58-975e-dac55c2bc1b5,General Studies III,"Industry, Infrastructure and Investment Models",topic,explicit,"Effects of liberalization on the economy, changes in industrial policy and their effects on industrial growth.",verified,
77864c96-2e6f-4da3-af58-ea83e71bf75f,General Studies III,"Industry, Infrastructure and Investment Models",microtopic,derived,"Global economic-policy linkages: G7 corporate-tax deal, virtual-currency taxation, world inequality/employment-outlook reports, gig economy",verified,
5112e661-953c-4005-beb7-59f3cb61e405,General Studies III,"Industry, Infrastructure and Investment Models",microtopic,derived,"Important infrastructure schemes: PM Gati Shakti National Master Plan, PM MITRA textile parks, NaBFID, National Industrial Corridor Development Programme",verified,
294f7126-0ff6-4402-87da-5a1f8b54c2ac,General Studies III,"Industry, Infrastructure and Investment Models",microtopic,derived,"Industrial & sectoral policy: National Mission on Edible Oil, Zero Defect Zero Effect scheme, natural-gas-marketing reforms, telecom-sector issues, fertiliser shortage, shift to green energy",verified,
046ecd02-7007-4c68-9e00-17c48d2db37d,General Studies III,"Industry, Infrastructure and Investment Models",microtopic,derived,"Industrial policy and development: Mahalanobis strategy, Industrial Policy Resolutions 1948/1956, New Economic Policy/liberalization/privatization/globalization, phases of industrial development, and effects on different sectors",verified,
a2c123e5-5ad8-49fd-8d55-36703f350354,General Studies III,"Industry, Infrastructure and Investment Models",microtopic,derived,"Infrastructure financing & monetisation: National Monetisation Pipeline, G-SAP securities-acquisition plan, e-Gram Swaraj e-financial management",verified,
fa852695-11de-4c29-b022-cfcb89877d0a,General Studies III,"Industry, Infrastructure and Investment Models",microtopic,derived,"Infrastructure: economic/social/environmental impact of infrastructure, transport (ports, inland waterways, roads, National Infrastructure Pipeline, Bharatmala, airports, railways, energy pipelines), negative externalities of transport, ownership/financing/pricing of public utilities, PPP project delays and O&M issues in roads/railways/irrigation/power",verified,
fd64b23d-8dad-4b48-984d-63b7314153e6,General Studies III,"Industry, Infrastructure and Investment Models",microtopic,derived,"Main features of industrial development: role of private/public sectors, investment/employment/productivity trends, disinvestment/privatization strategy, MSME role and government policy, New Manufacturing Policy, industrial corridors, SEZ issues (land use, relocation, tax-income loss vs export gains), industrial sickness and exit-policy mechanisms, sub-prime/sovereign-debt-crisis impact, industrial finance (development/commercial banking, venture/angel capital), Make in India achievements, and MSME-sector transformation",verified,
095a89ae-a079-4b51-82b8-93728f88a886,General Studies III,"Industry, Infrastructure and Investment Models",microtopic,derived,Venture capital's role in tech-startup growth; IP piracy's impact on creative/tech industries; biotechnology's lab-to-commercial-scale constraints; SEZs vs Chinese industrial models; PLI-scheme execution and labour absorption; stressed-asset management via bad banks,verified,
b83bd4cb-bbad-404f-8e01-a8bde44e5e86,General Studies III,Internal Security,topic,explicit,"Linkages between development and spread of extremism. Role of external state and non-state actors in creating challenges to internal security. Challenges to internal security through communication networks, role of media and social networking sites in internal security challenges, basics of cyber security; money-laundering and its prevention. Security challenges and their management in border areas- linkages of organized crime with terrorism.",verified,
062268bc-850e-402f-8826-5c6c8b64c4fe,General Studies III,Internal Security,microtopic,derived,"Basics of cyber security: types of cyber crimes, impact and required steps, ransomware incidents, India's cyber-security infrastructure, and the National Cyber Security Policy 2013",verified,
701242cd-da90-4b7c-b93c-f3dfc19151c0,General Studies III,Internal Security,microtopic,derived,"Border & territorial security: India-China Ladakh border tensions, India-Pakistan LoC ceasefire, demographic inversion in border areas from illegal immigration, post-Article-370 J&K developments",verified,
4d3971fa-3311-486b-a09b-09be8d011230,General Studies III,Internal Security,microtopic,derived,"Cyber & information security: geospatial data and internal security, Pegasus-spyware controversy, ransomware (Akira), deepfake threats to social trust",verified,
4c68ed96-6845-44e4-bb41-7a46afff5414,General Studies III,Internal Security,microtopic,derived,Cyber warfare: factors aggravating cyber attacks and recent initiatives to tackle cyber warfare; structural/command changes needed for urban asymmetric-warfare threats,verified,
01b50dc7-53a6-487f-a52a-1ee3801c2ff9,General Studies III,Internal Security,microtopic,derived,Data security and the Justice B.N. Srikrishna Committee Report on personal data protection; drug trafficking's linkage to gunrunning/human trafficking; NPAs as a structural drag on the credit cycle for infrastructure,verified,
b28dfe20-38f0-4709-bf42-2b847e77e408,General Studies III,Internal Security,microtopic,derived,"Defence preparedness & terror financing: FATF's role in curbing terror financing, indigenization of defence production (Atmanirbhar Bharat), induction of S-400/Tejas Mk1A/indigenous missiles, biological/chemical-warfare preparedness (post-Covid), enhancements in intelligence agencies (RAW/IB/NIA)",verified,
d4516ba6-616b-49b5-9b88-be9cfb496873,General Studies III,Internal Security,microtopic,derived,"Insurgency in the North-East: issues/conflicts, Assam insurgency, and resolving the Bodo issue",verified,
3d19a6d1-ef18-46b3-997a-8c49ce66dcab,General Studies III,Internal Security,microtopic,derived,"Internal conflict & law-and-order: Naxal-Maoist major encounters, communal-tension mitigation, National Security Act applications, UAPA amendments",verified,
7df7e90d-a8a4-4ec4-9989-f8ca8d0cc59d,General Studies III,Internal Security,microtopic,derived,"Internal security challenges: social diversity as a security issue, neighbourhood-origin threats, non-state actors, global vulnerability indices, and the law-and-order vs internal-security distinction",verified,
7d9d0b93-ff48-4b8d-8f20-f9c619dadd09,General Studies III,Internal Security,microtopic,derived,"Linkage between development and extremism: Left-Wing Extremism's stated purpose, its resonance with common people, Covid-19's effect on Naxalism, why LWE is deemed the biggest internal-security threat, and its nexus with illegal mining in forest tracts",verified,
a4eeb743-af1c-494a-8572-f6435b2acb0b,General Studies III,Internal Security,microtopic,derived,"Maritime & space security: anti-maritime-piracy law, maritime-security developments in the IOR, drone attacks on merchant vessels, Gaganyaan-linked space security, Indo-Pacific/QUAD developments",verified,
9d75daf3-e1c5-4f8d-a044-176a907d8570,General Studies III,Internal Security,microtopic,derived,"Money laundering and black money: meaning and harmful effects of money laundering, PMLA 2002 provisions as a check on organized crime/terror-financing, parallel economy dimensions, demonetisation's impact on black money, and cross-border money-laundering coordination challenges",verified,
03645b52-f171-45f1-9819-8a993e0723c7,General Studies III,Internal Security,microtopic,derived,"Organized crime: types, control challenges, drug trafficking in India, combating strategies, and the terrorism-organized-crime linkage",verified,
194a921e-5b12-4395-9069-72140759ea7d,General Studies III,Internal Security,microtopic,derived,"Police reforms in India: organisational structure, duties/responsibilities, Centre's role in policing, traditional vs non-traditional security challenges, and reform recommendations for '21st-century policing'",verified,
07a8c81c-5a30-49c5-a21a-4275f0cca548,General Studies III,Internal Security,microtopic,derived,"Security challenges in border areas: challenges to border management, community-participation approaches, non-demarcated border segments, and eastern-border illegal-migration security challenges",verified,
ca811cd6-d8f9-440c-89f6-14f3f152f17b,General Studies III,Internal Security,microtopic,derived,"Social media and internal-security threats: regulation challenges, AI's dual role, and monitoring difficulties",verified,
ac442223-5b4a-4064-8930-70c583385fea,General Studies III,Internal Security,microtopic,derived,"Terrorism threat to India: changing face of terrorism, threats faced, the broader counter-terrorism framework, and drawbacks in intelligence infrastructure",verified,
002c3095-2fc5-4f75-afac-87ab21ec9a62,General Studies III,Internal Security,microtopic,derived,"Various security forces and their mandate: Assam Rifles, BSF, ITBP, CISF, CRPF, NSG, integrated theatre commands, National Maritime Security Coordinator, and paramilitary-force issues; CAPF deployment-related Centre-State tension and modernization funding gaps",verified,
00150753-62c2-41dc-98be-da028a2a144e,General Studies III,Science and Technology,topic,explicit,"Science and Technology- developments and their applications and effects in everyday life. Achievements of Indians in science & technology; indigenization of technology and developing new technology. Awareness in the fields of IT, Space, Computers, robotics, nano-technology, bio-technology and issues relating to intellectual property rights.",verified,
10348173-6bbc-4d53-bdcf-56eebbd390f1,General Studies III,Science and Technology,microtopic,derived,"AI, digital technology & recognition: AI safety/law developments, deepfakes, facial-recognition tech, recent Indian achievements in international science awards (Nobel, Shaw Prize, Blavatnik Awards, National Medal of Science)",verified,
d86ef13c-34f4-4b67-805b-cfe7406a41e9,General Studies III,Science and Technology,microtopic,derived,"Biotechnology & medical science: nano-urea, CAR T-cell therapy, gene therapy for Hemophilia A, metagenome sequencing, human pan-genome map, mitochondrial-donation treatment",verified,
c1350a96-56ed-44ac-a76d-03d2177c517d,General Studies III,Science and Technology,microtopic,derived,"Biotechnology: genetic engineering process/applications, genomics/proteomics, RNA technologies, genome sequencing, environmental applications (bioremediation, carbon-capture tech), plant/animal biotechnology (GM crops, transgenics), food/beverage-industry applications, medical applications (gene editing/therapy, molecular diagnosis, PCR, ELISA, stem cells, biopharmaceuticals), bioethics/biopiracy, biosafety protocols, and IPR in biotechnology",verified,
5f6c4e8a-4057-40ac-8758-560a1cc6a609,General Studies III,Science and Technology,microtopic,derived,"Defence technology: missile classification (ballistic/cruise), India's missile programme, Integrated Guided Missile Programme, robotics/AI in defence, cyber warfare preparedness, drone/UAV and stealth technology, hypersonic glide vehicles/cruise missiles, weapons of mass destruction, defence reforms (CDS), defence platforms (submarines, aircraft carriers, combat aircraft), and defence organisations/exercises",verified,
c1a68aec-d6ce-42bc-aeb6-656907133717,General Studies III,Science and Technology,microtopic,derived,"Electronics and telecommunications: computer generations and cloud computing, IT-enabled services, display technologies (LCD/LED/OLED/AMOLED), mobile generations, net neutrality, IoT, big-data/privacy issues, cyber-crime and security, and government digital-governance initiatives",verified,
65b5c5cb-97fc-4cb2-b3a9-d2c8b1018ba7,General Studies III,Science and Technology,microtopic,derived,"Foundational science: chemistry basics (atomic structure, bonding, metallurgy, acids/bases, electro-chemistry, polymers, pharmaceuticals, biomolecules), physics basics (fundamental forces/particles, energy types, optics, EM spectrum, relativity, thermodynamics, waves), and biology basics (cell biology, genetics, evolution, human physiology/organ systems, nutrition, plant physiology, economic zoology/botany)",verified,
88557f37-16cf-4833-97cb-dd3e871c8ec6,General Studies III,Science and Technology,microtopic,derived,"Frontier physics & materials science: LIGO/dark-matter search, National Quantum Mission, graphene applications, nuclear-fusion breakthroughs, 50 years of Pokhran-I, MIRV technology",verified,
b2ac4fdb-cd44-4ba5-843c-1f3e87a29271,General Studies III,Science and Technology,microtopic,derived,"Human health and diseases: causative agents and classification (nutrient-deficiency, molecular/chromosomal, vector/water-borne, lifestyle diseases), immunity types, vaccination programmes, antibiotics/antivirals, drug pricing, pharmacogenetics, antimicrobial resistance",verified,
158b4c6d-63c6-485c-b521-471dc77c4259,General Studies III,Science and Technology,microtopic,derived,"Institutions and S&T policy: India's S&T policy framework, DST, CSIR, Science and Engineering Research Board, Technology Development Board, NABL accreditation, and the Technology Vision Document 2035",verified,
fc96bcb9-6f03-46e8-8008-34fbfc8d0a26,General Studies III,Science and Technology,microtopic,derived,"Intellectual Property Rights: concept, types, international agreements/institutions, IPR regime in India, and the National IPR Policy",verified,
4504da29-e568-4fa0-8778-09e1d74e2ac8,General Studies III,Science and Technology,microtopic,derived,"Nanoscience and nanotechnology: basics, nanomaterials, applications (medicine, semiconductors, food, textiles, sustainable energy, environment, transport, space, agriculture) and adverse health/environmental/ethical impacts",verified,
13d5abea-30b6-4d18-af57-e39dea776a52,General Studies III,Science and Technology,microtopic,derived,"Nuclear energy: reaction types, civil/military applications, fuel cycle and centrifugation, reactor types, India's nuclear policy, radioactive-waste management, nuclear/radiological disaster preparedness, and institutions (DAE, AERB, BARC, IGCAR)",verified,
2a7de8f4-47ea-4dec-ba1f-4275b0c159e3,General Studies III,Science and Technology,microtopic,derived,"Robotics and AI: classification of robots, advantages/disadvantages, applications across sectors, neural networks, machine learning/deep learning, and AI-robotics convergence",verified,
3b58709c-e0ac-4b8d-b926-5f9a57ac95df,General Studies III,Science and Technology,microtopic,derived,"Space missions & policy: PRATUSH lunar telescope, NISAR mission, Aditya-L1, Chandrayaan-3, Indian Space Policy 2023, SSLV-D2, Artemis mission, ILMT, POEM-3 and space debris",verified,
bb551de3-404b-42d0-959b-93467d662949,General Studies III,Science and Technology,microtopic,derived,"Space technology: orbit types, launch-vehicle classification, major agencies (ISRO, NASA, ESA, Roscosmos, JAXA, CNSA) and their missions, ISRO's national-development role, private-sector/PPP participation, cryogenics/nanosatellites/electric propulsion, satellite communication, remote sensing, navigation systems (GPS, Galileo, GLONASS, NavIC/IRNSS) and outer-space geopolitics",verified,
f63a0866-c76f-4aaa-9e1a-a5cdf73af17b,General Studies IV,Applied Ethics and Case Studies,topic,explicit,Case Studies on above issues.,verified,
e7d1da72-cf3a-4e01-8158-e6500544b4d5,General Studies IV,Applied Ethics and Case Studies,microtopic,derived,"Animal ethics: research on animals, keeping animals as pets, cruelty against animals",verified,
ba13938c-c3ec-4d9f-9724-ab85d16e10b1,General Studies IV,Applied Ethics and Case Studies,microtopic,derived,"Business ethics: principles, dimensions within organisations, business ethics and corporate governance, philanthropy-to-CSR journey, and implementation issues",verified,
4868610a-dd9c-49db-9b6b-8a06efda3aab,General Studies IV,Applied Ethics and Case Studies,microtopic,derived,"Case studies: crisis & resource-allocation dilemmas: drought-relief tanker capture by a 'tanker mafia', disaster resource-allocation triage (elite vs marginalised site), law-and-order vs root-cause balancing (illicit liquor), government-doctor private-practice neglect with union-strike threat",verified,
3321a40d-16d9-454b-b80f-fd3c4be9d175,General Studies IV,Applied Ethics and Case Studies,microtopic,derived,"Case studies: development vs displacement/environment trade-offs: environmental clearance vs displacement/pollution trade-offs, court-ordered demolition vs livelihood/political pressure, factory-closure aftermath (unemployment vs environmental enforcement)",verified,
6fd9d43b-ec32-4da3-9ea3-223a962ab9cc,General Studies IV,Applied Ethics and Case Studies,microtopic,derived,"Case studies: public-safety & procurement dilemmas under pressure: infrastructure-safety cover-up under election-timeline pressure, defence-procurement L1-vs-clean-bidder dilemma, clinical-trial consent violations vs public-health urgency",verified,
054d8e8b-d04e-476e-a3af-6d6501be210a,General Studies IV,Applied Ethics and Case Studies,microtopic,derived,"Case studies: public-service integrity & corruption dilemmas: welfare-scheme 'ghost beneficiary' fraud amid caste sensitivities, law-enforcement bribery from an illegal-mining network, superior's personal-gain conflict-of-interest request, tax officer's technical-vs-substantial-compliance discretion, food/drug-safety-regulator cover-up offer",verified,
344d0904-b379-4eb5-a2a6-f9b43acd9eda,General Studies IV,Applied Ethics and Case Studies,microtopic,derived,"Case studies: welfare-access & exclusion dilemmas: digital/biometric exclusion of a genuine welfare beneficiary, biometric-mandate exclusion of poor/labour children, eligibility-criteria strict-rule-vs-humane-exception dilemmas",verified,
2d6e5d0f-e080-4e67-8f27-fbf7c7189996,General Studies IV,Applied Ethics and Case Studies,microtopic,derived,"Case studies: whistleblowing, disclosure & confidentiality dilemmas: whistleblower/suspect pleading humanitarian delay, workplace-harassment complaint with a confidentiality request, industrial-pollution complaint against a politically-connected employer",verified,
dd91bda7-5c3c-4a7d-b369-3c2edcddcc9f,General Studies IV,Applied Ethics and Case Studies,microtopic,derived,"Environmental ethics: linkage between ethics and environment, relevant theories, and the role of the individual",verified,
e5b4f633-1789-4815-a325-4c3a8703b607,General Studies IV,Applied Ethics and Case Studies,microtopic,derived,"Ethical dilemmas of globalization: free trade, criticism of the global regime, and the way forward",verified,
d582c78d-3d83-43ac-98a0-61a851b2e8bf,General Studies IV,Applied Ethics and Case Studies,microtopic,derived,"Ethical issues in biotechnology: stem cells, cloning, designer babies",verified,
9b5e7803-d1be-46cc-baf6-e453a4a810ee,General Studies IV,Applied Ethics and Case Studies,microtopic,derived,"Ethics in sports: need for sportsmanship, doping, discrimination and sexual harassment, sport-as-business ethics",verified,
64a2fca2-75eb-4793-89fc-c7615d06ee8c,General Studies IV,Applied Ethics and Case Studies,microtopic,derived,Ethics of war: war theories and the evils of war,verified,
3d05b9c7-61cc-463e-927a-627f81f99cea,General Studies IV,Applied Ethics and Case Studies,microtopic,derived,Ethics related to economic sanctions: why sanctions are placed and the ethics of imposing them,verified,
9a54ce85-7e14-4852-a74f-2744bc5cec99,General Studies IV,Applied Ethics and Case Studies,microtopic,derived,"Euthanasia: social/ethical dimensions, arguments for and against",verified,
fccf0195-99c2-4027-9e15-b3289068bc0c,General Studies IV,Applied Ethics and Case Studies,microtopic,derived,"Food adulteration and ethics; abortion (legal status in India, recent Supreme Court verdict, women's-health-vs-fetus dilemma, justification/argument-against, women's/father's rights)",verified,
1bf6396b-1d8d-4e29-ae3f-fb342019d807,General Studies IV,Applied Ethics and Case Studies,microtopic,derived,"Governance & institutional ethics (case studies): ethics of elections, parliamentary-privilege ethics, judicial ethics (recusal, majoritarianism), political conflict-of-interest, paper-leak and examination-malpractice ethics",verified,
72223b76-c733-4b72-b941-b4e02d843acb,General Studies IV,Applied Ethics and Case Studies,microtopic,derived,"Health & bio-ethics (case studies): medical ethics (organ transplant, clinical trials), student suicides, stray-dog-management ethics",verified,
4c55422a-a3dd-4c6e-87e8-4576b47d2900,General Studies IV,Applied Ethics and Case Studies,microtopic,derived,"Honour killing (why it is unethical, role of khap panchayats); marital rape (arguments for/against criminalization and the hurdles); child labour (children's rights, corporate role, solutions, consumer's role)",verified,
7ce9bf87-59cb-4eae-9a70-9d4605ea74fc,General Studies IV,Applied Ethics and Case Studies,microtopic,derived,"International & security ethics (case studies): ethics in international relations (trade, war, climate finance), arbitration ethics, peacekeeping and humanitarian intervention, ethics of grey-zone warfare",verified,
430bf4be-d272-4cff-943f-cbc3d1d57c89,General Studies IV,Applied Ethics and Case Studies,microtopic,derived,"Labour & social-welfare ethics (case studies): manual-scavenging as societal ethics, labour/worker ethics (working hours), live-in-relationship ethics, food-service safety ethics, consumerism, individual social responsibility, nudge ethics",verified,
71359404-ea0d-48c2-bd2e-394315267dd4,General Studies IV,Applied Ethics and Case Studies,microtopic,derived,"Media ethics: role of media, ethical issues faced by reporters, trial by media, media prejudice, ethical dilemmas of photo-journalists, digital-media ethics, paid news",verified,
270e8340-71aa-4d51-9566-0867ed755fef,General Studies IV,Applied Ethics and Case Studies,microtopic,derived,"Public discourse & rights ethics (case studies): internet-shutdown ethics, free speech on social media, social-media influencing, moral policing, identity politics and gender justice, sex-workers'/LGBTQIA+ rights, reproductive rights, 'wokeism' debates",verified,
9b1a3dfa-a010-4cd2-a24b-3cb6775fdbef,General Studies IV,Applied Ethics and Case Studies,microtopic,derived,"Refugees and ethics: why migration occurs, the Syria case study, dilemmas of the refugee crisis, and steps needed",verified,
07a88b53-e436-44a0-aa5a-58670a9e10a0,General Studies IV,Applied Ethics and Case Studies,microtopic,derived,Surrogacy: ethical issues and the concept of ethical surrogacy,verified,
b85444b2-e285-40c1-9b70-6f5e47f2d328,General Studies IV,Applied Ethics and Case Studies,microtopic,derived,"Technology & AI ethics (case studies): drone ethics, AI ethics (in healthcare, creativity, human rights), technological ethics (facial recognition, crypto-mining, brain-computer interfaces), ethics in Digital Public Infrastructure, online-gaming/mining ethics",verified,
040b065c-e958-4b93-916d-cc7184d34e1a,General Studies IV,Applied Ethics and Case Studies,microtopic,derived,"Treating juveniles as adults: juvenile-justice-system implications; ethics and old age (issues faced, importance of autonomy); ethics in public vs private relationships and their linkage",verified,
03d0382b-f868-4f88-8a62-cfbd7e92151c,General Studies IV,Aptitude and Foundational Values for Civil Service,topic,explicit,"Aptitude and foundational values for Civil Service, integrity, impartiality and non-partisanship, objectivity, dedication to public service, empathy, tolerance and compassion towards the weaker-sections.",verified,
4c5708d6-89a7-4613-b795-9c2dbb0b16d8,General Studies IV,Aptitude and Foundational Values for Civil Service,microtopic,derived,"Can an administrator succeed on aptitude alone, without integrity? — the integrity-vs-competence debate; impartiality maintenance under political transfer-posting pressures",verified,
a80629e6-20b5-4464-976c-93a2a81d1ddc,General Studies IV,Aptitude and Foundational Values for Civil Service,microtopic,derived,Empathy and compassion as values distinguishing a pro-poor administrator from a status-quoist one; consequences of political alignment by bureaucrats,verified,
f042be79-ec2f-4784-8d27-0a5630ccf137,General Studies IV,Aptitude and Foundational Values for Civil Service,microtopic,derived,"Essential aptitude for civil servants; foundational values of civil services: neutrality, anonymity, accountability, integrity, humility, adaptability, magnanimity, perseverance, impartiality/non-partisanship, tolerance and compassion for the weaker sections, and contribution to society",verified,
ab73f526-f645-4c4b-b104-89c954c48739,General Studies IV,Attitude,topic,explicit,"Attitude: content, structure, function; its influence and relation with thought and behaviour; moral and political attitudes; social influence and persuasion.",verified,
965ebfde-5f3e-4c57-a471-803515b2ccc5,General Studies IV,Attitude,microtopic,derived,Attitude-behaviour gap in civil-servant decision-making under political pressure; persuasion techniques in public communication and citizen behaviour-change campaigns,verified,
c3336d25-eb76-4db4-9ef6-46024a68af3a,General Studies IV,Attitude,microtopic,derived,"Attitude-formation model, impact of beliefs and values, group and social influences, persuasion tactics and tools",verified,
e4ad6919-535f-4416-8eaa-c12555703430,General Studies IV,Attitude,microtopic,derived,"Components of attitude: affective, cognitive, and behavioural components",verified,
8ce55c29-f47b-41c5-be95-5e795e72da41,General Studies IV,Attitude,microtopic,derived,"Functions of attitude: adjustive, ego-defensive, value-expressive, and knowledge functions",verified,
9f032e0b-d54b-4387-8001-7e4d75f56f0a,General Studies IV,Attitude,microtopic,derived,Moral and political attitude formation; distinguishing 'attitude' from 'belief' and how cognitive dissonance affects internal alignment,verified,
b303720f-8722-4ae6-9f39-8476bf807933,General Studies IV,Emotional Intelligence,topic,explicit,"Emotional intelligence-concepts, and their utilities and application in administration and governance.",verified,
7dcfe53e-c345-401c-b5fe-d7b5182939e3,General Studies IV,Emotional Intelligence,microtopic,derived,Importance of EI at the workplace and in civil services; components of EI applied to conflict resolution and crisis-time administrative communication,verified,
a16d180b-dcd6-4872-a380-98ccb99ab7cb,General Studies IV,Emotional Intelligence,microtopic,derived,"The self-awareness cluster (understanding feelings, accurate self-assessment) and self-management cluster (managing internal states/impulses/resources)",verified,
f90e3d73-c258-4e00-bc8a-e316dc97e662,General Studies IV,Emotional Intelligence,microtopic,derived,The social-awareness cluster (reading people/groups accurately) and relationship-management cluster (inducing desirable responses in others),verified,
19e4e905-7ad2-4c84-a773-5441e03946a4,General Studies IV,Emotional Intelligence,microtopic,derived,Theories associated with emotional intelligence and whether EI can be developed; components of emotional competence,verified,
06380aef-a19b-4eb6-ab41-21a4e7c2f99c,General Studies IV,Ethics and Human Interface,topic,explicit,"Essence, determinants and consequences of Ethics in-human actions; dimensions of ethics; ethics in private and public relationships. Human Values — lessons from the lives and teachings of great leaders, reformers and administrators; role of family, society and educational institutions in inculcating values.",verified,
c047419f-6e24-452c-8cfb-39e5a7262a0b,General Studies IV,Ethics and Human Interface,microtopic,derived,Consequentialist vs Deontological (Kantian) moral boundaries in public-administration execution; Utilitarianism's concept and its critique when applied to minority protection,verified,
da0b9681-067a-4167-b113-6297044b7845,General Studies IV,Ethics and Human Interface,microtopic,derived,"Essence, determinants and consequences of ethics in human actions; approaches to ethical study (Indian vs Western perspectives); basic concepts of morality and value",verified,
19fd7233-d0e8-4b85-85d6-fa1bed1a5a20,General Studies IV,Ethics and Human Interface,microtopic,derived,Ethics in public life vs economic life; freedom and discipline; duties and rights; virtue ethics; consequences of ethics in human actions,verified,
06626637-c9d6-4c9b-8ac1-959d0c39dbc8,General Studies IV,Ethics and Human Interface,microtopic,derived,Human values: socialization and individual personality/value formation; values and skill; fundamental vs instrumental values; democratic values,verified,
a4f62256-8df8-45ba-a3fa-805c19d80f9b,General Studies IV,Ethics and Human Interface,microtopic,derived,Role of ethical values in governance and society; significance of value in civil services; society's and educational institutions' contribution to inculcating values; aesthetic values; values in work-life and professional ethics,verified,
9a27ef9f-645e-4594-8363-d3d600b7ff95,General Studies IV,Ethics and Human Interface,microtopic,derived,"Significance of public-service values (objectivity, dedication, tolerance) in a multi-cultural society like India; corruption in public life as a systemic failure rather than purely individual moral decay",verified,
775d3536-a1be-4b80-9565-9791a28b42b8,General Studies IV,Ethics and Human Interface,microtopic,derived,Values and ethics in government; the family's contribution to value education; role of family/society/educational institutions in inculcating values,verified,
e1c6f11a-b71d-4b62-871d-582e6d819915,General Studies IV,Human Values — Contributions of Moral Thinkers and Administrative Thinkers,topic,explicit,Contributions of moral thinkers and philosophers from India and world.,verified,
280b5a0c-1ec3-40a0-978f-7d4ede8f5e8e,General Studies IV,Human Values — Contributions of Moral Thinkers and Administrative Thinkers,microtopic,derived,"Administrative-management thinkers used as case anchors: Max Weber, Elton Mayo, Peter Drucker, Chester Barnard, Mary Parker Follett",verified,
c4a16512-0517-40fa-8b99-d7c7f0676b14,General Studies IV,Human Values — Contributions of Moral Thinkers and Administrative Thinkers,microtopic,derived,"Frequently cited quotation-anchors for ethics answer-writing: Gandhi's 'Seven Sins' and 'the weak can never forgive'; Socrates' 'an unexamined life is not worth living'; Nehru on awakening women as key to awakening the nation; Jefferson's 'honesty is the first chapter in the book of wisdom' (intellectual vs functional honesty); Warren Buffett's 'integrity, intelligence, energy' hiring framework; and comparable Lincoln/Gandhi/Tirukkural anchors",verified,
b090839d-b792-47ae-9917-835ac6aaaaf3,General Studies IV,Human Values — Contributions of Moral Thinkers and Administrative Thinkers,microtopic,derived,"Global moral/civic exemplars used as case anchors: Abraham Lincoln, Nelson Mandela, Martin Luther King, Aung San Suu Kyi, Dalai Lama, Mother Teresa, Albert Einstein, J.L. Nehru, Lee Kuan Yew, Henry Ford, Abdul Kalam, Muhammad Yunus, Wangari Maathai, Kofi Annan, Desmond Tutu, Elie Wiesel",verified,
b6046056-2331-48e7-a411-5b1b8110ea8a,General Studies IV,Human Values — Contributions of Moral Thinkers and Administrative Thinkers,microtopic,derived,"Indian administrative-integrity role models used as case anchors: T.N. Seshan, E. Sreedharan",verified,
1fdac54f-ba90-4353-9368-3d5ab602d743,General Studies IV,Human Values — Contributions of Moral Thinkers and Administrative Thinkers,microtopic,derived,"Indian moral/spiritual exemplars used as case anchors: Mahatma Gandhi, Dr S. Radhakrishnan, Rabindranath Tagore, Swami Dayanand Saraswati, Mahadeva Govinda Ranade, Sri Aurobindo, Swami Vivekananda, Sardar Patel, B.R. Ambedkar, Raja Ram Mohan Roy, Chhatrapati Shahu Maharaj, Kautilya's classical administrative-ethics ideals",verified,
75db0c2b-e0ef-48ce-aa90-603b49352fcc,General Studies IV,Human Values — Contributions of Moral Thinkers and Administrative Thinkers,microtopic,derived,"Western philosophers used as ethics-paper anchors: Plato, Aristotle, Socrates, Jeremy Bentham, J.S. Mill, Thomas Hobbes, John Locke, Jean-Jacques Rousseau, John Rawls, Immanuel Kant (categorical imperative applied to public service), Carol Gilligan, Jean-Paul Sartre, Hegel, Confucius, Rene Descartes, Karl Marx, Adam Smith, Thomas Aquinas, David Hume, Montesquieu, Friedrich Nietzsche",verified,
d12e5eeb-a01f-409c-9a21-a37749a75f50,General Studies IV,Probity in Governance,topic,explicit,"Concept of public service; Philosophical basis of governance and probity; Information sharing and transparency in government, Right to Information, Codes of Ethics, Codes of Conduct, Citizen’s Charters, Work culture, Quality of service delivery, Utilization of public funds, challenges of corruption.",verified,
b386e288-5dee-43fd-927c-e126ba207e03,General Studies IV,Probity in Governance,microtopic,derived,'Constitutional morality': concept and how it is enforced in a democratic system; social auditing as more than financial verification — an instrument of ethical governance,verified,
31c45e3a-c8c7-4f18-b42f-aed89098c238,General Studies IV,Probity in Governance,microtopic,derived,Accountability vs Responsibility: distinguishing the two with a suitable example; utilisation of public funds and problems in fund release/utilisation; parliamentary control on expenditure,verified,
b0475a1d-cd10-4e27-8f49-651aa652b399,General Studies IV,Probity in Governance,microtopic,derived,"Components of a Citizen's Charter and steps in its formulation; concept of work culture, the Indian approach to work, methods of improving work culture, and quality of service delivery",verified,
5d82e6ec-6e5b-43b3-bac0-d001efd4bf5e,General Studies IV,Probity in Governance,microtopic,derived,Concept of public service and the philosophical basis of governance/probity; public servants as 'trustees' of public power and financial resources,verified,
f14750c2-4341-4744-b771-b96286208816,General Studies IV,Probity in Governance,microtopic,derived,"Corruption in India: extent, dimension, and response; corruption as a social evil; probity in public life; exposing corruption via civil-society initiatives and the Whistleblower Act; tackling and controlling corruption via various institutional approaches",verified,
a49a2b3d-b830-4813-91cb-66c090b90ef7,General Studies IV,Probity in Governance,microtopic,derived,Distinguishing a 'Code of Conduct' from a 'Code of Ethics'; code of conduct for ministers/legislators/civil servants/regulators/judiciary,verified,
aadb51d5-c4d2-42cc-9159-2015abefd72f,General Studies IV,Probity in Governance,microtopic,derived,"Information sharing, transparency and Right to Information: importance of vigilant citizens, information-sharing/participation, flaws in RTI and improvement recommendations",verified,
6390039f-5b35-4cf0-b345-8032df845386,General Studies IV,Public/Civil Service Values and Ethics in Public Administration,topic,explicit,"Status and problems; ethical concerns and dilemmas in government and private institutions; laws, rules, regulations and conscience as sources of ethical guidance; accountability and ethical governance; strengthening of ethical and moral values in governance; ethical issues in international relations and funding; corporate governance.",verified,
ce072977-d928-4bda-980e-5f6db3b2518c,General Studies IV,Public/Civil Service Values and Ethics in Public Administration,microtopic,derived,"Conflict of interest: definition, actual vs potential conflicts, with illustrative examples; administrative value conflicts in maintaining political neutrality while processing sensitive files",verified,
ef10bfde-cf18-4846-885e-86738c5dd21b,General Studies IV,Public/Civil Service Values and Ethics in Public Administration,microtopic,derived,Conscience vs conformity: whistleblowing dilemmas within rule-bound bureaucratic hierarchies (including the Edward Snowden case — legality vs moral obligation to inform the public),verified,
fc843c71-8299-46c6-850f-29491bfc2375,General Studies IV,Public/Civil Service Values and Ethics in Public Administration,microtopic,derived,Corporate ESG auditing: ethical constraints around corporate greenwashing and environmental-accounting metrics,verified,
28f4c1ee-b874-45b9-aaf9-c3e60e12b2b5,General Studies IV,Public/Civil Service Values and Ethics in Public Administration,microtopic,derived,"Corporate governance: concept, models of Corporate Social Responsibility, World Bank steps for good corporate governance, and norms for corporate governance in India; concept of business ethics",verified,
e51a4fdc-a751-4f1f-8409-7cfead436fa5,General Studies IV,Public/Civil Service Values and Ethics in Public Administration,microtopic,derived,Ethical concerns/dilemmas in public and private institutions; laws/rules/regulations vs conscience as sources of ethical guidance; accountability and ethical-governance strengthening,verified,
bed83020-4bb5-4395-b6e7-49e4608d6189,General Studies IV,Public/Civil Service Values and Ethics in Public Administration,microtopic,derived,"Judicial independence as a democratic prerequisite, and where judicial overreach threatens democratic balance",verified,
651b581f-df09-4ac8-9621-771b6128ce8c,General Studies IV,Public/Civil Service Values and Ethics in Public Administration,microtopic,derived,Moral judgements in international relations; ethical relation in funding international relations and the concept of moral responsibility; ethics in the working of international organisations,verified,
49c52bca-26ef-464e-bb91-16164cc9825b,General Studies IV,Public/Civil Service Values and Ethics in Public Administration,microtopic,derived,Structural flaws in asset-disclosure regulations for public officials and their effectiveness against illegal wealth generation; whether public asset-declaration has improved governance,verified,
