paper_code,content_hash,year,paper,official_number,sub_part,section,marks,word_limit,low_confidence,flags,best_db_score,text,approved,edited_text,edited_marks,reviewer_note
UPSC-CSE-MAINS-GS-2013-GS1,442da5bdc375ca7198364f01c9f9f03a3263b4e3b9c845a8784d924acb408edd,2013,GS1,5,,,,200,Y,low_confidence_ocr;marks_unread;numbering_unverified,0.4545,Several foreigners made India their homeland and participated in various movements. Analyze their role in the Indian struggle for freedom.,,,,
UPSC-CSE-MAINS-GS-2013-GS1,b4e1bde83a7505cf4545cbc2b37cfc1284fd51a23be84df7cb170f234948a129,2013,GS1,6,,,,200,Y,marks_unread;numbering_unverified,0.4183,"“In many ways, Lord Dalhousie was the founder of modern India.” Elaborate.",,,,
UPSC-CSE-MAINS-GS-2013-GS1,9eb6e7795b5c3aa58192e0162424ec8ff6df0392c0f39925ccb51aeca86d53f4,2013,GS1,7,,,,200,Y,low_confidence_ocr;marks_unread;numbering_unverified,0.4615,"Write a critical note on the evolution and significance of the slogan, Jai Jawan Jai Kisan’.",,,,
UPSC-CSE-MAINS-GS-2013-GS1,984957b6ded9a64c5ce1d01a990ecbf1242cb9b6b9a6682b74830d10c30c196a,2013,GS1,8,,,,200,Y,marks_unread;numbering_unverified,0.5342,Discuss the contributions of Maulana Abul Kalam Azad to pre- and _ postindependent India.,,,,
UPSC-CSE-MAINS-GS-2013-GS1,6e11775128839a064ba27c20d72e8856a489f6d47cdb104cfb93a47e8266458d,2013,GS1,9,,,,200,Y,marks_unread;numbering_unverified,0.4681,Analyze the circumstances that led to the Tashkent Agreement in 1966. Discuss the highlights of the Agreement.,,,,
UPSC-CSE-MAINS-GS-2013-GS1,f4fc247e2cdcfea242a42ec7e4183761e2722da83036ca401fd142c3f88cfe5d,2013,GS1,10,,,,200,Y,marks_unread;numbering_unverified,0.4688,Critically examine the compulsions which prompted India to play a decisive role in the emergence of Bangladesh.,,,,
UPSC-CSE-MAINS-GS-2013-GS1,a57e429f2880a88ab65eb158af94258eaaf2f81b16fde7fc693f53470444fbd9,2013,GS1,11,,,,200,Y,marks_unread;numbering_unverified,0.4015,“Tatecomer’ Industrial Revolution in Japan involved certain factors that were markedly different from what West had experienced.” Analyze.,,,,
UPSC-CSE-MAINS-GS-2013-GS1,a67949361f15952fda40782bd930a039ac7284faac71d4f0a740edf4bbb9f9ee,2013,GS1,12,,,,200,Y,marks_unread;numbering_unverified,0.4204,“Africa was chopped into States artificially created by accidents of European competition.” Analyze.,,,,
UPSC-CSE-MAINS-GS-2013-GS1,97fc93fd5ec3bcde2faad36aa4f210be265f9ac077f8b6ef148f1080e919d7c5,2013,GS1,14,,,,200,Y,marks_unread;numbering_unverified,0.392,What policy instruments were deployed to contain the Great Economic Depression?,,,,
UPSC-CSE-MAINS-GS-2013-GS1,ee365fe13d5481c6972eb14d6f116bae6be0ebc46199fdd0599b4b65c256bb89,2013,GS1,15,,,,200,Y,marks_unread;numbering_unverified,0.5714,Discuss the various social problems which originated out of the speedy process of urbanization in India.,,,,
UPSC-CSE-MAINS-GS-2013-GS1,27f4cec5d28e8519ff17c38a10a59dfa1884c61b72d1e350f42dcc5aebf9c8fd,2013,GS1,16,,,,200,Y,marks_unread;numbering_unverified,0.3938,“Male membership needs to be encouraged in order to make women’s organization free from gender bias.” Comment.,,,,
UPSC-CSE-MAINS-GS-2013-GS1,fc9ce6c4f6c90517a1994d8f17f7b9505048629ac311108be478e38704aba439,2013,GS1,18,,,,200,Y,marks_unread;numbering_unverified,0.4292,Growing feeling of regionalism is an important factor in generation of demand for a separate State. Discuss.,,,,
UPSC-CSE-MAINS-GS-2013-GS1,6900e4ce5efae0a0f0dddaedb3a0ca2e520be668310da38d834b0fb334c55787,2013,GS1,20,,,,100,Y,marks_unread;numbering_unverified,0.3814,"The recent cyclone on east coast of India was called ‘Phailin’, How are the tropical cyclones named across the world? Elaborate.",,,,
UPSC-CSE-MAINS-GS-2013-GS1,af0461ad0a4452c3b42003e60c82058e4655e8f7dfe42d807fe070a219cdc0f4,2013,GS1,21,,,,100,Y,marks_unread;numbering_unverified,0.4868,Bring out the causes for the formation of heat islands in the urban habitat of the world.,,,,
UPSC-CSE-MAINS-GS-2013-GS1,cc68cd188561d295863fd0ec222f0a7df41885728b55206bcf9848f93da9d4f6,2013,GS1,22,,,,100,Y,marks_unread;numbering_unverified,0.4803,What do you understand by the phenomenon of ‘temperature inversion’ in meteorology? How does it affect weather and the habitants of the place?,,,,
UPSC-CSE-MAINS-GS-2013-GS1,95a996163656de340a8021214958704987a09f4d3de1c0c8befbaf05baad19ab,2013,GS1,23,,,,200,Y,low_confidence_ocr;marks_unread;numbering_unverified,0.4398,Major hot deserts in northern hemisphere are located between 20-30 deg N latitudes and on the western side of the continents. Why?,,,,
UPSC-CSE-MAINS-GS-2013-GS1,32e6589595e76a64c8bee4f06e3e37b7ff5a9b2834e6a8fbb06c50f0dca25ed0,2013,GS1,24,,,,100,Y,marks_unread;numbering_unverified,0.4907,Bring out the causes for more frequent occurrence of landslides in the Himalayas than in the Western Ghats.,,,,
UPSC-CSE-MAINS-GS-2013-GS1,7097ad65d8971ef3bf83eed34303201c7152a18fb588b367230d2f76e1449cba,2013,GS1,25,,,,100,Y,marks_unread;numbering_unverified,0.5,There is no formation of deltas by rivers of the Western Ghats. Why?,,,,
UPSC-CSE-MAINS-GS-2013-GS1,6faaac89d5eab7d7b2f5f9970a05aba5a9a7c410cc1587f432bbd3f656784a25,2013,GS1,26,,,,100,Y,marks_unread;numbering_unverified,0.4206,Do you agree that there is a growing trend of opening new sugar mills in southern States of India? Discuss with justification.,,,,
UPSC-CSE-MAINS-GS-2013-GS1,3d2423c9f8a839e504ee1d8cae69ae10777af50e3f038e3b328090cbab2d5ea0,2013,GS1,28,,,,200,Y,marks_unread;numbering_unverified,0.3492,"With growing scarcity of fossil fuels, the atomic energy is gaining more and more significance in India. Discuss the availability of raw material required for the generation of atomic energy in India and in the world.",,,,
UPSC-CSE-MAINS-GS-2013-GS1,e2cdbd30d45a100c7a468d2a9ca72b04838c7e6fb17b1c86cc6482029a19f686,2013,GS1,29,,,,200,Y,marks_unread;numbering_unverified,0.3235,"It is said that India has substantial reserves of sale oil and gas, which can feed the needs of the country for quarter century. However, tapping of the resource does not appear to be high on the agenda. Discuss critically the availability and issues involved.",,,,
UPSC-CSE-MAINS-GS-2013-GS2,89a183bb640f643949cbae6a2b059d2cbfaa499ef34a7e6c8178b1c46aaaf91b,2013,GS2,1,,,10,,Y,unanchored,0.2955,The role of individual MPs (Members of Parliament) has diminished over the years and as a result healthy constructive debates on policy issues are not usually witnessed. How far can this be attributed to the anti-defection law which was legislated but with a different intention? [200 words],,,,
UPSC-CSE-MAINS-GS-2013-GS2,36d03a6664b8d2144da5e191b55d8a29fdf25c5c5aeb7d5e053b84b06c76d121,2013,GS2,2,,,10,,Y,unanchored,0.4766,"Discuss Section 66A of IT Act, with reference to its alleged violation of Article 19 of the Constitution. [200 words]",,,,
UPSC-CSE-MAINS-GS-2013-GS2,f2742465c341f5ca733aec01d997fd1e6d681ec640ef55eee83548f5be54c4dc,2013,GS2,3,,,10,,Y,unanchored;low_confidence_ocr,0.3438,Recent directives from Ministry of Petroleum and Natural Gas are perceived by the ‘Nagas’ as a threat to override the exceptional status enjoyed by the State. Discuss in light of Article 371A of the Indian Constitution. [200 words],,,,
UPSC-CSE-MAINS-GS-2013-GS2,e0405cd8c55053f589aa0ba2b0660e484ccc4ac2287db68c69cb6957da5d3d4b,2013,GS2,4,,,10,,Y,unanchored,0.4135,‘The Supreme Court of India keeps a check on arbitrary power of the Parliament in amending the Constitution.’ Discuss critically. [200 words],,,,
UPSC-CSE-MAINS-GS-2013-GS2,379a9fa692d6a6fd48ce62efcb3a4ab06e8ed52a3d9b3340f968d86cc41ed208,2013,GS2,5,,,10,,Y,unanchored,0.3256,"Many State Governments further bifurcate geographical administrative areas like Districts and Talukas for better governance. In light of the above, can it also be justified that more number of smaller States would bring in effective governance at State level? Discuss. [200 words]",,,,
UPSC-CSE-MAINS-GS-2013-GS2,70390b092716f3dce543df456f40061fa05800e5d1f35783291b792641107ac6,2013,GS2,6,,,10,,Y,unanchored,0.3493,Constitutional mechanisms to resolve the inter-state water disputes have failed to address and solve the problems. Is the failure due to structural or process inadequacy or both? Discuss. [200 words],,,,
UPSC-CSE-MAINS-GS-2013-GS2,8856d7b361dd545ca6f03bbda7fccd7a4bedd9a679b9192869244f16eacb45c9,2013,GS2,7,,,10,,Y,unanchored,0.4884,Discuss the recommendations of the 13*® Finance Commission which have been a departure from the previous commissions for strengthening the local government finances. [200 words],,,,
UPSC-CSE-MAINS-GS-2013-GS2,3e13ac9ffb4e25c085abd94e3b7fe88c0b5cb9abf95feb85eb6d4dec6cc9cdfc,2013,GS2,8,,,10,,Y,unanchored,0.3457,"The product diversification of financial institutions and insurance companies, resulting in overlapping of products and services strengthens the case for the merger of the two regulatory agencies, namely SEBI and IRDA. Justify. [200 words]",,,,
UPSC-CSE-MAINS-GS-2013-GS2,79798fd4d2947413819fa8cf4ae62a718c420092211f2efe2646a28c6d74fd39,2013,GS2,9,,,3,,Y,unanchored;low_confidence_ocr,0.314,"The concept of Mid Day Meal (MDM) scheme is almost a century old in India with early beginnings in Madras Presidency in pre-independent India. The scheme has again been given impetus in most states in the last two decades. Critically examine its twin objectives, latest mandates and success.: [200 words] 10 (A-BRL-M-HTUB]",,,,
UPSC-CSE-MAINS-GS-2013-GS2,d16e49f658c5a63446e69be4ecbad28290e1bae84cfd9a9f5b6c6b720674d122,2013,GS2,10,,,,,Y,unanchored;marks_unread,0.4,"Pressure group politics is sometimes seen as the informal face of politics. With regards to the above, assess the structure and functioning of pressure groups in India. [200 words]",,,,
UPSC-CSE-MAINS-GS-2013-GS2,1ef4988dc45fe4d818c2a31e67f1ad5a25565024cc72a8d96542ab5951d74181,2013,GS2,11,,,,,Y,unanchored;marks_unread,0.3228,"The legitimacy and accountability of Self Help Groups (SHGs) and their patrons, the micro-finance outfits, need systematic assessment and scrutiny for the sustained success of the concept. Discuss. [200 words]",,,,
UPSC-CSE-MAINS-GS-2013-GS2,f8cc27f5b70d25c59fd74280bc14c126e822fe5c3aeee0b3cf85a422a36bf433,2013,GS2,12,,,,,Y,unanchored;marks_unread,0.2918,The Central Government frequently complains on the poor performance of the State Governments in eradicating suffering of the vulnerable sections of the society. Restructuring of Centrally sponsored schemes across the sectors for ameliorating the cause of vulnerable sections of population aims at providing flexibility to the States in better implementation. Critically evaluate. [200 words],,,,
UPSC-CSE-MAINS-GS-2013-GS2,2e62fb62679d79be1b08896495d6921c860442b92ffedff744eaa82e835ef670,2013,GS2,13,,,,,Y,unanchored;marks_unread,0.4,"Electronic cash transfer system for the welfare schemes is an ambitious project to minimize corruption, eliminate wastage and facilitate reforms. Comment.",,,,
UPSC-CSE-MAINS-GS-2013-GS2,df9e1d24b7972be3cf7329b14c38d979513969080e53c65387c5ceb2b180753d,2013,GS2,14,,,10,,Y,unanchored,0.4369,The basis of providing urban amenities in rural areas (PURA) is rooted in establishing connectivity. Comment. [200 words],,,,
UPSC-CSE-MAINS-GS-2013-GS2,4f6bb719681d663e25714b81a1a2761a8cf71ed9465ca29a513e94e2fb814422,2013,GS2,15,,,10,,Y,unanchored,0.3941,Identify the Millennium Development Goals (MDGs) that are related to health. Discuss the success of the actions taken by the Government for achieving the same. [200 words],,,,
UPSC-CSE-MAINS-GS-2013-GS2,399152fedc9c5939fd23b94847171805801e773f3e1bda2766f2e6b9429eefa3,2013,GS2,16,,,10,,Y,unanchored,0.4036,"Though Citizens’ charters have been formulated by many public service delivery organizations, there is no corresponding improvement in the level of citizens’ satisfaction and quality of services being provided. Analyse. [200 words]",,,,
UPSC-CSE-MAINS-GS-2013-GS2,3f15eb14c104679f74b29f819ceb76b5f759aca35eb5b78366a3ca65b29e8ea4,2013,GS2,17,,,10,,Y,unanchored,0.4072,"‘A national Lokpal, however strong it may be, cannot resolve the problems of immorality in public affairs.’ Discuss. [200 words]",,,,
UPSC-CSE-MAINS-GS-2013-GS2,a39f4bb4ba65882958684438e8d090263efae19004bb6cf51bda73eff4ff1781,2013,GS2,18,,,5,,Y,unanchored;low_confidence_ocr,0.3063,The proposed withdrawal of International Security Assistance Force (ISAF) from Afghanistan in 2014 is fraught with major security implications for the countries of the region. Examine in light of the fact that India is faced with a plethora of challenges and needs to safeguard its own strategic interests. [200 words] 10 {A-BRL-M-HTUB],,,,
UPSC-CSE-MAINS-GS-2013-GS2,c9d3ac9ce0ee5a2e8782eadc2a4f83ca3673c56f8805186f0fc24ff3252b32ff,2013,GS2,19,,,,,Y,unanchored;marks_unread,0.5276,What do you understand by ‘The String of Pearls’? How does it impact India? Briefly outline the steps taken by India to counter this. [200 words],,,,
UPSC-CSE-MAINS-GS-2013-GS2,748d578944dd22f6d81bc9ee2702bd8fe374db0cd3ab0b35cee08d53d5ab4858,2013,GS2,20,,,,,Y,unanchored;marks_unread,0.3649,Economic ties between India and Japan while growing in the recent years are still far below their potential. Elucidate the policy constraints which are inhibiting this growth. [200 words],,,,
UPSC-CSE-MAINS-GS-2013-GS2,999f5b01637f4df16b20c8fe027255934fa786ba68afc2c60ad2f4088739aa7c,2013,GS2,21,,,,,Y,unanchored;low_confidence_ocr;marks_unread,0.3577,The protests in Shahbag Square in Dhaka in Bangladesh reveal a fundamental split in society between the nationalists and Islamic forces. What is its significance for India? [200 words],,,,
UPSC-CSE-MAINS-GS-2013-GS2,7f1d23542e3b8d3f5ab42524a4f98f6eae2a5b01bd7b472ce47b1f13afc1cd20,2013,GS2,22,,,,,Y,unanchored;marks_unread,0.4466,Discuss the political developments in Maldives in the last two years. Should they be of any cause of concern to India? [200 words],,,,
UPSC-CSE-MAINS-GS-2013-GS2,65fe5dc890e664b46e8c0a6d49c0607b82af9c51debc11079fbbb64104912a45,2013,GS2,23,,,,,Y,unanchored;marks_unread,0.4162,"In respect of India—Sri Lanka relations, discuss how domestic factors influence foreign policy. [200 words]",,,,
UPSC-CSE-MAINS-GS-2013-GS2,e91e116d66b9261c26949eba2d49eb9fd2b723963189b5e1941e7286eacd52c2,2013,GS2,24,,,,,Y,unanchored;low_confidence_ocr;marks_unread,0.4327,What is meant by Gujral doctrine? Does it have any relevance today? Discuss. [200 words] (A-BRL-M-HTUB] 6 p,,,,
UPSC-CSE-MAINS-GS-2013-GS2,991587497e6dca998fcb54039c87be8c098792a28fadcd424d62c98f5bd4d360,2013,GS2,25,,,,,Y,unanchored;low_confidence_ocr;marks_unread,0.3077,"The World Bank and the IMF, collectively known as the Bretton Woods Institutions, are the two inter-governmental pillars supporting the structure of the world’s economic and financial order. Superficially, the World Bank and the IMF exhibit many common characteristics, yet their role, functions and mandate are distinctly different. Elucidate. [200 words] 10 (a-BRL-M-HTUB] 7 i",,,,
UPSC-CSE-MAINS-GS-2013-GS3,4599cdee323ac106a53d3e3b8bee68dee17c9b4510516f0afd5cef0bf880c20e,2013,GS3,1,,,10,,Y,unanchored,0.3518,"With a consideration towards the strategy of inclusive growth, the new Companies Bill, 2013 has indirectly made CSR a mandatory obligation. Discuss the challenges expected in its implementation in right earnest. Also discuss other provisions in the Bill and their implications. [200 words]",,,,
UPSC-CSE-MAINS-GS-2013-GS3,a7acb0bed7a31ac774cec8819ad58a714cf602736a5b9347d9e9ccb61a91b0d9,2013,GS3,2,,,10,,Y,unanchored,0.427,"What were the reasons for the introduction of Fiscal Responsibility and Budget Management (FRBM) Act, 2003? Discuss critically its salient features and their effectiveness. [200 words]",,,,
UPSC-CSE-MAINS-GS-2013-GS3,25eb4d147ea71aabcceccf876c53b3ae1acd4b18c3b17f87a4e79b301cd01d27,2013,GS3,3,,,10,,Y,unanchored,0.4167,"What is the meaning of the term ‘tax expenditure’? Taking housing sector as an example, discuss how it influences the budgetary policies of the government. [200 words]",,,,
UPSC-CSE-MAINS-GS-2013-GS3,5c8f690155b8841821da33009979db87f1310ec317f89c85c72b8d432bd71779,2013,GS3,4,,,10,,Y,unanchored,0.3963,Food Security Bill is expected to eliminate hunger and malnutrition in India. Critically discuss various apprehensions in its effective implementation along with the concerns it has generated in WTO. [200 words],,,,
UPSC-CSE-MAINS-GS-2013-GS3,2027a7be583a47a80401b7890f4da178bcf5e9525d425d7e2987099d3d50c71d,2013,GS3,5,,,10,,Y,unanchored,0.3722,What are the different types of agriculture subsidies given to farmers at the national and at state levels? Critically analyse the agricultural subsidy regime with reference to the distortions created by it. [200 words],,,,
UPSC-CSE-MAINS-GS-2013-GS3,12c1c8baad1d5d4ba50c2373cbcc8437a5d3bb8b315534bd2b36c54759cccda0,2013,GS3,6,,,10,,Y,unanchored,0.3481,India needs to strengthen measures to promote the pink revolution in food industry for ensuring better nutrition and health. Critically elucidate the statement. [200 words],,,,
UPSC-CSE-MAINS-GS-2013-GS3,71d993d8d47eaf06e042528251b6ea46a0a898d733b41fb68be4a07ae0d9cddc,2013,GS3,7,,,10,,Y,unanchored,0.4653,Examine the impact of liberalization on companies owned by Indians. Are they competing with the MNCs satisfactorily? Discuss. [200 words],,,,
UPSC-CSE-MAINS-GS-2013-GS3,a15a52bde07fb1727ac31ce6833a20adb24bbee49735f7c090076ec3fb95332f,2013,GS3,8,,,10,,Y,unanchored,0.3876,"Establish relationship between land reforms, agriculture productivity and elimination of poverty in the Indian economy. Discuss the difficulties in designing and implementation of agriculturefriendly land reforms in India. [200 words]",,,,
UPSC-CSE-MAINS-GS-2013-GS3,eba632c448c69aa5320832c048bc441cd0b54c466364f6acbb86563dba124ca8,2013,GS3,9,,,5,,Y,unanchored,0.4132,Discuss the impact of FDI entry into Multi-trade retail sector on supply chain management in commodity trade pattern of the economy. [100 words],,,,
UPSC-CSE-MAINS-GS-2013-GS3,f3deda087e2337ccb8db651a46dae702bb61ba042dfb2452df0a0c2fd0ca925d,2013,GS3,10,,,5,,Y,unanchored,0.3049,"Though India allowed Foreign Direct Investment (FDI) in what is called multi-brand retail through the joint venture route in September 2012, the FDI, even after a year, has not picked up. Discuss the reasons. [100 words]",,,,
UPSC-CSE-MAINS-GS-2013-GS3,3107061959fd92a58691a80957f6ba2cd5950eaac84e1869a2ffb4a008b1ccc0,2013,GS3,11,,,10,,Y,unanchored,0.4225,Discuss the rationale for introducing Goods and Services Tax (GST) in India. Bring out critically the reasons for the delay in roll out for its regime. [200 words],,,,
UPSC-CSE-MAINS-GS-2013-GS3,f8197435cabf79c139378d1149471fb3e2a728de128c4555e21e8671f1f4d31a,2013,GS3,12,,,10,,Y,unanchored,0.402,Write a note on India’s green energy corridor to alleviate the problem of conventional energy. [200 words],,,,
UPSC-CSE-MAINS-GS-2013-GS3,9d20d553e6c07acb8aaabbad3c5bd1d4a46b9df6becf145961612c232f225146,2013,GS3,13,,,,,Y,unanchored;low_confidence_ocr;marks_unread,0.3312,Adoption of PPP model for infrastructure development of the country has not been free of criticism. Critically discuss pros and cons of the model. [200 words] 10 aredtr unet after fiat (Patent Law) 1970 #t ara 3(d) AX at 2005 A seid,,,,
UPSC-CSE-MAINS-GS-2013-GS3,64729d7077a5f67c8842eafe4de94bbb9f418712c4bc5bf8fcf9a9473ea06daf,2013,GS3,14,,,10,,Y,unanchored,0.3462,"Bringing out the circumstances in 2005 which forced amendment to the section 3(d) in Indian Patent Law, 1970, discuss how it has been utilized by the Supreme Court in its judgement in rejecting Novratis’ patent application for ‘Glivec’. Discuss briefly the pros and cons of the decision. [200 words]",,,,
UPSC-CSE-MAINS-GS-2013-GS3,e16953ef8a0ab798c3536c82e0da6a19804001067f1fb2f5d04a4f2d76f290fe,2013,GS3,15,,,10,,Y,unanchored,0.5933,What do you understand by Fixed Dose Drug Combinations (FDCs)? Discuss their merits and demerits. [200 words],,,,
UPSC-CSE-MAINS-GS-2013-GS3,f419d44195282dc3282c01bd7cc6fed0688b3f22c46c92e4c5ae934674f00e16,2013,GS3,16,,,10,,Y,unanchored;low_confidence_ocr,0.4357,What do you understand by Umpire Decision Review System in Cricket? Discuss its various components. Explain how silicone tape on the edge of a bat may fool the system? [200 words],,,,
UPSC-CSE-MAINS-GS-2013-GS3,518be69397099cd64ce8c640de8878702dc2bb78d8d7570a97c705762540048b,2013,GS3,17,,,5,,Y,unanchored,0.4069,What is a digital signature? What does its authentication mean? Give various salient built-in features of a digital signature. [100 words],,,,
UPSC-CSE-MAINS-GS-2013-GS3,eb7894f8f7dfa505e00716036c705179820988d0ade0229ba29aaf8eea13a4d8,2013,GS3,18,,,,,Y,unanchored;marks_unread,0.4301,How does the 3D printing technology work? List out the advantages and disadvantages of the technology. [100 words] S,,,,
UPSC-CSE-MAINS-GS-2013-GS3,e51df88d90235f527b5150ac20404a33fbf78b86467f8ab6c80376f0b2643889,2013,GS3,19,,,,,Y,unanchored;low_confidence_ocr;marks_unread,0.4487,What is an FRP composite material? How are they manufactured? Discuss their applications in aviation and automobile industries. [100 words] >,,,,
UPSC-CSE-MAINS-GS-2013-GS3,ea1be8e63dd52ddf3abddc6df09107e6ad7631a73398e4888c77c92dcd569d33,2013,GS3,20,,,5,,Y,unanchored,0.4854,What do you understand by Run-of-river hydroelectricity project? How is it different from any other hydroelectricity project? [100 words],,,,
UPSC-CSE-MAINS-GS-2013-GS3,099b3151f2b69b6a80aa3479be3d2f858b7a3c26cdc5734850bf429d9e01285a,2013,GS3,21,,,10,,Y,unanchored,0.3688,"How important are vulnerability and risk assessment for pre-disaster management? As an administrator, what are key areas that you would focus on in a Disaster Management System. [200 words]",,,,
UPSC-CSE-MAINS-GS-2013-GS3,f220c9b08e19d5f22994f5cf0e1a785de0948806ea38cf679b0c1357ed3a0159,2013,GS3,22,,,10,,Y,unanchored,0.4178,What are the consequences of Illegal mining? Discuss the Ministry of Environment and Forests’ concept of GO AND NO GO zones for coal mining sector. [200 words],,,,
UPSC-CSE-MAINS-GS-2013-GS3,45bb89b8449e8353ede8a27ac8709be7b76389bc5f481238c1673406d6787b76,2013,GS3,23,,,10,,Y,unanchored;low_confidence_ocr,0.3241,"Enumerate the National Water Policy of India. Taking river Ganges as an example, discuss the strategies which may be adopted for river water pollution control and management. What are the legal provisions of management and handling of hazardous wastes in India? [200 words]",,,,
UPSC-CSE-MAINS-GS-2013-GS3,a937e1b2352bbb2c8ba868f6a8f890ca2d3a7862f4228fe5518d4d95b59832c2,2013,GS3,24,,,10,,Y,unanchored,0.3699,Money laundering poses a serious security threat to a country’s economic sovereignty. What is its significance for India and what steps are required to be taken to control this menace? [200 words],,,,
UPSC-CSE-MAINS-GS-2013-GS3,b4dbf9555ca9473efd599a1b3d1f0a4219546526f31d98e81dc72ae5968574fa,2013,GS3,25,,,,,Y,unanchored;marks_unread,0.4746,What are social networking sites and what security implications do these sites present? [200 words] spare 1),,,,
UPSC-CSE-MAINS-GS-2013-GS3,5b3b3a3faaef3ef1a006f79361e1d56e486092a67bba9a16181f894dbe8c5009,2013,GS3,26,,,,,Y,unanchored;marks_unread,0.3127,Cyber warfare is considered by some defense analysts to be a larger threat than even Al Qaeda or terrorism. What do you understand by Cyber warfare? Outline the cyber threats which India is vulnerable to and bring out the state of the country’s preparedness to deal with the same. [200 words] an),,,,
UPSC-CSE-MAINS-GS-2013-GS3,2625b560debc9ded0352c8c92ee1d35d87be939e4b445d41eaf261ca7d983a09,2013,GS3,27,,,10,,Y,unanchored,0.3511,Article 244 of the Indian Constitution relates to administration of scheduled areas and tribal areas. Analyse the impact of non-implementation of the provisions of the Fifth schedule on the growth of Left Wing extremism. [200 words],,,,
UPSC-CSE-MAINS-GS-2013-GS3,75fe605bb9118004af2592e8627894c1fc93e728e31a0b47b1b4b4a60148e830,2013,GS3,28,,,10,,Y,unanchored,0.4234,How far are India’s internal security challenges linked with border management particularly in view of the long porous borders with most countries of South Asia and Myanmar? [200 words],,,,
UPSC-CSE-MAINS-GS-2013-GS4,4cba1ebe4c18016df2ca67c70a1f51a59e93720e380d7273b90a925d66f65179,2013,GS4,1,,A,10,150,Y,numbering_unverified,0.4527,What do you understand by ‘values’ and ‘ethics’? In what way is it important to be ethical along with being professionally competent?,,,,
UPSC-CSE-MAINS-GS-2013-GS4,dc0ce444662645a8111ddfa368e7493e309f56c6847228da0f468d32fd91bca3,2013,GS4,2,,A,,250,Y,low_confidence_ocr;marks_unread;numbering_unverified,0.5052,What do you understand by the following terms in the context of public service?,,,,
UPSC-CSE-MAINS-GS-2013-GS4,7f7d9f598652d68142cd107319ce1117fe7757eb69ad6a0c1317a04018b3bf28,2013,GS4,3,,A,10,100,Y,numbering_unverified,0.3895,Indicate two more attributes which you consider important for public service. Justify your answer.,,,,
UPSC-CSE-MAINS-GS-2013-GS4,90ead57861f5b241673fc2a43d6bb2eeade3c6c18f4965b6c3c7e68cc382c547,2013,GS4,4,,A,10,150,Y,numbering_unverified,0.3625,"Some people feel that values keep changing with time and situation, while others strongly believe that there are certain universal and eternal human values. Give your perception in this regard with due justification.",,,,
UPSC-CSE-MAINS-GS-2013-GS4,26f528973c6fe2e19096cdcb54e89e758a4b159af4656136833c54c95113b2e2,2013,GS4,5,,A,10,150,Y,numbering_unverified,0.5438,What is ‘emotional intelligence’ and how can it be developed in people? How does it help an individual in taking ethical decisions?,,,,
UPSC-CSE-MAINS-GS-2013-GS4,51172f64265d309a195ac5216875ee3c46f35062d3738ca7351cd7ad1b8d2f7c,2013,GS4,6,,A,,150,Y,marks_unread;numbering_unverified,0.4979,What do you understand by the term ‘voice of conscience’? How do you prepare yourself to heed to the voice of conscience?,,,,
UPSC-CSE-MAINS-GS-2013-GS4,fb0a43a662ea0d85c4b4865ca85a4dedd5b65715c66be35a0d6239d57982e8d6,2013,GS4,7,,A,10,150,Y,numbering_unverified,0.3782,What is meant by ‘crisis of conscience’? Narrate one incident in your life when you were faced with such a crisis and how you resolved the same.,,,,
UPSC-CSE-MAINS-GS-2013-GS4,35b612cd1c2585a5e185a1b97851a219e8e5182a276213e3e43d9a450f326534,2013,GS4,8,,A,10,150,Y,numbering_unverified,0.4333,“There is enough on this earth for every one’s need but for no one’s greed.” —Mahatma Gandhi,,,,
UPSC-CSE-MAINS-GS-2013-GS4,a12f8148a8ea2d4efd9661ffd97f678ebb9aae0363b72bac831b432f02e5cce7,2013,GS4,9,,A,10,150,Y,numbering_unverified,0.3774,"“Nearly all men can withstand adversity, but if you want to test a man’s character, give him power.”—Abraham Lincoln",,,,
UPSC-CSE-MAINS-GS-2013-GS4,67ec0a1b739eae8047b48a82f8cf1c0066c473d980e00bcb8f8e3e1281b90381,2013,GS4,10,,A,10,150,Y,low_confidence_ocr;numbering_unverified,0.3497,“I count him braver who overcomes his desires than him who overcomes his enemies.”—Aristotle,,,,
UPSC-CSE-MAINS-GS-2013-GS4,8519711109fe1e3fef3f30e458b4737cf25784955d93b3ba826c5f22bad81809,2013,GS4,11,,A,10,150,Y,low_confidence_ocr;possible_truncation;numbering_unverified,0.3732,a ue feat at WHat 8? (150 we) “The good of an individual is contained in the good of all.” What do you understand by this statement? How can this principle be implemented in public life?,,,,
UPSC-CSE-MAINS-GS-2013-GS4,114362b44ccb26495ac34a5df417428e24c8477cd0f84a0a17c57f2fc42261a9,2013,GS4,12,,A,10,150,Y,numbering_unverified,0.3969,It is often said that ‘politics’ and ‘ethics’ do not go together. What is your opinion in this regard? Justify your answer with illustrations.,,,,
UPSC-CSE-MAINS-GS-2013-GS4,3afe4af38c9c3545e3e30bce3acd331b47746d82e99ec923f266eb91dc1f207d,2013,GS4,13,,B,20,250,Y,numbering_unverified,0.3734,"Also please indicate (without necessarily restricting to the above options) what you would like to advise, giving proper reasons.",,,,
UPSC-CSE-MAINS-GS-2013-GS4,a9e10a2e03512ff87f302a6bba8e04dcc077307b1a4e01d637a01d437e3d6570,2013,GS4,14,,B,20,250,Y,numbering_unverified,0.2406,"You are working as an Executive Engineer in the construction cell of a Municipal Corporation and are presently in-charge of the construction of a flyover. There are two Junior Engineers under you who have the responsibility of day-to-day inspection of the site and are reporting to you, while you are finally reporting to the Chief Engineer who heads the cell. While the construction is heading towards completion, the Junior Engineers have been regularly reporting that all construction is taking place as per design specifications. However, in one of your surprise inspections, you have noticed some serious deviations and lacunae which, in your opinion, are likely to affect the safety of the flyover. Rectification of these lacunae at this stage would require a substantial amount of demolition and rework which will cause a tangible loss to the contractor and will also delay completion. There is a lot of public pressure on the Corporation to get this construction completed because of heavy traffic congestion in the area. When you brought this matter to the notice of the Chief Engineer, he advised you that in his opinion it is not a very serious lapse and may be ignored. He advised for further expediting the project for completion in time. However, you are convinced that this was a serious matter which might affect public safety and should not be left unaddressed. What will you do in such a situation? Some of the options are given below. Evaluate the merits and demerits of each of these options and finally suggest what course of action you would like to take, giving reasons.",,,,
UPSC-CSE-MAINS-GS-2013-GS4,ee38d6731d1f913b3ca74bb47f8900a389e4e2dd171f70307ab49710019d7ed7,2013,GS4,15,,B,,250,Y,marks_unread;numbering_unverified,0.4444,"Evaluate each of these options and choose the option which you would adopt, giving reasons.",,,,
UPSC-CSE-MAINS-GS-2013-GS4,ee38d6731d1f913b3ca74bb47f8900a389e4e2dd171f70307ab49710019d7ed7,2013,GS4,16,,B,,250,Y,marks_unread;numbering_unverified,0.4444,"Evaluate each of these options and choose the option which you would adopt, giving reasons.",,,,
UPSC-CSE-MAINS-GS-2013-GS4,c7c3b8f34a256ced24490f5a23234bce5679c36159b219e79471fd102179447c,2013,GS4,17,,B,20,250,Y,numbering_unverified,0.4606,"Evaluate each of these options and choose the option you would adopt, giving reasons.",,,,
UPSC-CSE-MAINS-GS-2014-GS1,5202138463a8dbb5396a2e9acc56d8c15f0858041179e076f95b121b0a8dd432,2014,GS1,9,,,,,Y,unanchored;low_confidence_ocr;marks_unread,0.3971,"~ What: were the ‘évents: that led to. the Suée Crisis in- 1956"" 2. Sibw did | it deal a.. final blow to Britain’s s self-image as a world power.: ~ PTR",,,,
UPSC-CSE-MAINS-GS-2014-GS1,6bf2adb18fb4c2f60949f4b4bd87802322868cce4d8e93fad96f52277b4e9305,2014,GS1,10,,,,,Y,unanchored;low_confidence_ocr;marks_unread,0.3549,The New Economic Policy — 1921 of. Lenin: had influenced. the policies adopted an byl India soon after independence Evaluate. we ec tf a ar fee a How does patriarchy impact the ¢ position of ' a middle class veonkings » woman. in India?,,,,
UPSC-CSE-MAINS-GS-2014-GS1,80c7242a073fd02c9c63c05584e088ab5ed92e66dc4cdbb89f5b80f9a3c4d6e8,2014,GS1,11,,,,,Y,unanchored;low_confidence_ocr;marks_unread;possible_truncation,0.4085,i CLIENT): oS 3 Why do some of the most prosperous: regions sof India have. an adverse sex Yatio: for women?? Give your arguments.,,,,
UPSC-CSE-MAINS-GS-2014-GS1,7e6ee063ee2dd2249a876d716f38d6221bd4ae807f65a6bffef64a81e00f4c27,2014,GS1,12,,,,,Y,unanchored;low_confidence_ocr;marks_unread,0.4242,=. _The life cycle. of a joint family’ depends on: economic. faciora rather than social - values. Discuss.; yo ia,,,,
UPSC-CSE-MAINS-GS-2014-GS1,ba2fab5f340a4c3f1419836d7a8d75adb38d47c0cc73a99b8ef74450da959e78,2014,GS1,13,,,,,Y,unanchored;marks_unread,0.4471,‘increasing feminization of agriculture in India.,,,,
UPSC-CSE-MAINS-GS-2014-GS1,0f33f38e783ea0f8ca2eb563ea74da7175d9215c6b871e5035c3f111f980f3ca,2014,GS1,14,,,,,Y,unanchored;marks_unread,0.4337,Discuss the various. economic. and socio-cultural forces that. are driving - ‘How do the Indian debates‘on: ‘secularism differ from the debatés in the West 7 a,,,,
UPSC-CSE-MAINS-GS-2014-GS1,e91c68269d5e2e4e8630e16b79a6fe5f023e0069d555bc9aca90415104945fc5,2014,GS1,15,,,,,Y,unanchored;low_confidence_ocr;marks_unread,0.3874,Most of the unusual climatic happenings: are e explained as an outcome of the | EL “Nino. effect. ‘Do you agree? 2,,,,
UPSC-CSE-MAINS-GS-2014-GS1,c8567e1b768699170a64d9e657e10fc542281b3f6d6e260c724e395947796e4f,2014,GS1,16,,,,,Y,unanchored;low_confidence_ocr;marks_unread,0.4029,Explain the formation of thousands of islands in Indonesian and Philippines archipelagos. symptoms of climate change in the Indian sub- continent.,,,,
UPSC-CSE-MAINS-GS-2014-GS1,4a4e00bc0a8352c29acff9665c0b4b149e80cf57f9a475cd7f3a2edd7085c7cb,2014,GS1,17,,,7,,Y,unanchored;low_confidence_ocr,0.3883,Why’ ‘are the world’s fold mountain: systems located along the margins of ~seontinents.? Bring out the association between. the global d distribution of: fold,,,,
UPSC-CSE-MAINS-GS-2014-GS1,4fe7f6a2008be33b3dfece853d4c6604ce7dd2bb6058e3fe041052b150c178cc,2014,GS1,18,,,,,Y,unanchored;low_confidence_ocr;marks_unread,0.3733,"' Tropical cyclones are largely confined to South China Sea, Bay ‘of Bengal « aad. Gulf of Mexico. Why?",,,,
UPSC-CSE-MAINS-GS-2014-GS1,3777f87f37cabef2b2021b8e7a21303ff143e7dbdbb86e61ea9cc483811b5233,2014,GS1,19,,,,,Y,unanchored;low_confidence_ocr;marks_unread,0.427,Bring out the ‘relationship between the: shrinking. Himalayan glaciers and the oS,,,,
UPSC-CSE-MAINS-GS-2014-GS1,71d46cdbb614c110350bd0c2c84f21bc1f007835417fd9f0aae47dcc843e12ea,2014,GS1,20,,,,,Y,unanchored;marks_unread,0.4596,Why ‘did the Green Revolution in. ‘India virtually by-pass ‘the eastern region =,,,,
UPSC-CSE-MAINS-GS-2014-GS1,293c82f282958208ecec41173ea6c0a3b1802b2be1fb846d08844e69b54cdb24,2014,GS1,21,,,,,Y,unanchored;low_confidence_ocr;marks_unread,0.3475,"Whereas | the British plariters had developed tea gardens all along the Shivaliks ‘ and Lesser Himalayas from Assam to Himachal Pradesh, in effect they did not | succeed beyond the Darjeeling. area. Explain.",,,,
UPSC-CSE-MAINS-GS-2014-GS1,c4dc8a7e62a110e6f3a8e62db546ac0dfe88f52603926e76f3d7df01205bd7b1,2014,GS1,22,,,,,Y,unanchored;marks_unread;possible_truncation,0.427,despite fertile soil ¢ and good availability of water?.,,,,
UPSC-CSE-MAINS-GS-2014-GS1,fcf2ecd1458570db820380e892a961eaa3bdbb553d6987f092cf690acc915458,2014,GS1,23,,,,,Y,unanchored;marks_unread,0.4457,") ‘Account for the change i in the. spatial pattern, of the Iron and Steel: industry in: 7 the world.",,,,
UPSC-CSE-MAINS-GS-2014-GS1,83eef86c12151f5bec604d776c9ea8fc88041fdc9f20c69265ac4fbd764573a1,2014,GS1,24,,,,,Y,unanchored;low_confidence_ocr;marks_unread,0.4309,Critically evaluate the various resources -of the oceans which can be hamessed ‘to meet the resource crisis in 1 the world. os,,,,
UPSC-CSE-MAINS-GS-2014-GS1,97a81b180b5ee0d2d1ecfca2f3d36ed5293f79bf8b1fd5629231d6792403e630,2014,GS1,25,,,,,Y,unanchored;marks_unread,0.4231,How. does India see its place in the economic space of rising natural resource rich Africa 7 2.,,,,
UPSC-CSE-MAINS-GS-2014-GS2,3304465e8b3429980be519bbd8a15478144e51be459d0255823aca0709318932,2014,GS2,1,,,,,Y,unanchored;marks_unread,0.4359,Though the federal principle i is dominant i in our Constitution and that principle is one of its.,,,,
UPSC-CSE-MAINS-GS-2014-GS2,6acceee3c3644a3e7aa57fe66e44a5e3fe957f3a6547212f20972020bad96b2b,2014,GS2,3,,,,,Y,unanchored;low_confidence_ocr;marks_unread,0.4889,"~ basic: features, but it is equally true that federalism under the Indian Constitution jeans in. >",,,,
UPSC-CSE-MAINS-GS-2014-GS2,28f68a6ffe14912ba33cf14a7978f0fce0a631ecdb8ee98d2f9da3e6395534a2,2014,GS2,4,,,,,Y,unanchored;marks_unread;possible_truncation,0.4299,"favour of a strong Centre, a feature that militates against the concept of strong federalism. Discuss..",,,,
UPSC-CSE-MAINS-GS-2014-GS2,6a097135137b87680f72da6d7035454a28ec4f6d4f429d5af87285e86f7581de,2014,GS2,5,,,,,Y,unanchored;marks_unread,0.3053,"The ‘Powers, Privileges and Immunities of Parliament and its Members’ as envisaged in Article 105 of the Constitution leave room for a large number of un-codified and un-enumerated — privileges to continue. Assess the reasons for the absence of legal codification of the ‘parliamentary privileges’. How can this problem be addressed 2, 12%",,,,
UPSC-CSE-MAINS-GS-2014-GS2,b848f37c4e3c5062ecead5fe704fbc4d20e1d8659c61e3a2fc2562549d7a05a3,2014,GS2,6,,,,,Y,unanchored;low_confidence_ocr;marks_unread,0.4467,What ‘do you understand by the. concept “freedom of speech and expression”? Does it cover. ~ hate speech also? Why do the films in India stand on a slightly different plane from other forms of expression? Discuss. i,,,,
UPSC-CSE-MAINS-GS-2014-GS2,228133c5306884af82de51e9f26f52dd0add7e062c43d9d17834d232c4522458,2014,GS2,7,,,,,Y,unanchored;marks_unread,0.3314,Instances of President’s delay in commuting death sentences has.come under public debate as-denial of justice. Should there be a time limit specified for the President to accept/reject such petitions? Analyse. —-:;.,,,,
UPSC-CSE-MAINS-GS-2014-GS2,5d6ac144e253ab6511a9b1dd171127ba31ae3aa08944940ec2815da6f8a8b4cf,2014,GS2,8,,,,,Y,unanchored;marks_unread,0.3516,The size of the cabinet should be as big as governmental work justifies and as big as the’ Prime Minister can. ‘manage as a team. How far is the efficacy of a government then inversely’ related to the size of the cabinet? Discuss..,,,,
UPSC-CSE-MAINS-GS-2014-GS2,c5409ccabb3972000005dbfe010f090e2efa3e42f6fd8fe821c692e6bd84aad5,2014,GS2,9,,,,,Y,unanchored;marks_unread,0.3163,"Though 100 percent EDI is already allowed in non-news media like a trade’publication and general entertainment channel, the Government is mulling over the proposal for increased FDI in news media for quite some time. What difference would an increase in FDI make? - Critically evaluate the pros and cons.",,,,
UPSC-CSE-MAINS-GS-2014-GS2,cd6580a3c7ec6c532ef4b4db340a909e91686484b0fae07170da2f5ea98aa910,2014,GS2,10,,,,,Y,unanchored;marks_unread,0.3083,"‘The setting up of a Rail Tariff Authority to regulate fares will subject the cash strapped Indian Railways to demand subsidy for obligation to operate non-profitable routes and services. Taking into account the experience in the power sector, discuss if. the proposed reform is expected to benefit the consumers, the Indian Railways or the private container operators..",,,,
UPSC-CSE-MAINS-GS-2014-GS2,174c7b5bd56cdfaec559faf630f7875c4eaa6ba5291acef56cef94e8ff73c7b2,2014,GS2,11,,,,,Y,unanchored;marks_unread,0.3298,‘National Human Rights Commission (NHRC) in India can be most effective when its tasks are adequately supported by other mechanisms that ensure: the accountability of a” government. In light of the above observation assess the role of NHRC as an effective,,,,
UPSC-CSE-MAINS-GS-2014-GS2,8c3076ebf77a87b1b3dc606686c8589a8dfa0f6d1155b73b959c9c90637fab58,2014,GS2,12,,,,,Y,unanchored;marks_unread;possible_truncation,0.4744,complement to the judiciary and other institutions in promoting and protecting human rights standards.,,,,
UPSC-CSE-MAINS-GS-2014-GS2,4956c920ddf86fb4880e87d95f2c7abd90d2d9c4575ce3fb2706cdcd73db8b83,2014,GS2,13,,,,,Y,unanchored;marks_unread,0.3985,The penetration of Self Help Groups-(SHGs) in rural areas. in promoting participation in development programmes is facing socio-cultural. hurdles. Examine. ‘12%,,,,
UPSC-CSE-MAINS-GS-2014-GS2,ce3a97a05f7957508c60fca8b6be442863d2def77b841b544dc544741e93d492,2014,GS2,14,,,,,Y,unanchored;marks_unread,0.4124,"Do government’ s schemes for up-lifting vulnerable and backward communities by protecting required social resources for them, lead to their exclusion in establishing businesses in urban economies?",,,,
UPSC-CSE-MAINS-GS-2014-GS2,6219a1189baab85a87c8c05a09ab87fffc219428303e38dea0c4f8f0015764b6,2014,GS2,15,,,,,Y,unanchored;low_confidence_ocr;marks_unread,0.3134,"An athlete participates in Olympics for personal triumph and nation’ s glory; victors are showered with cash incentives by various agencies, on their return. Discuss the merit of _ state sponsored talent hunt and its cultivation as against the rationale of a reward mechanism as encouragement. a "" “: - 2A",,,,
UPSC-CSE-MAINS-GS-2014-GS2,a015d20dafe6a137ae40066912d90649b28d9894eba873f40dec5060a055565e,2014,GS2,16,,,,,Y,unanchored;marks_unread,0.3342,"Should the premier institutes like IITs/IIMs. be allowed to retain premier status, allowed more academic independence in designing courses and also decide mode/criteria of selection of students. Discuss in light of the growing challenges.",,,,
UPSC-CSE-MAINS-GS-2014-GS2,79d60dfe40a4653a748d5b71708a67a12dd403780ae84f07a50caf9aa6de8143,2014,GS2,17,,,,,Y,unanchored;low_confidence_ocr;marks_unread,0.4669,Has the Cadre based Civil Services Organization been the cause of slow change in India? Critically examine. 12% _ C€~DRN-N-ITUB | @,,,,
UPSC-CSE-MAINS-GS-2014-GS2,1c7b1adf0c8c2544b0030ffb98d887b80d93b5669129742f861d6533ac71b0d1,2014,GS2,18,,,,,Y,unanchored;low_confidence_ocr;marks_unread;possible_truncation,0.3922,"the need for safeguarding maritime security to ensure freedom of navigation and over flight ~ throughout the region. In this context, discuss the bilateral issues between India and China.",,,,
UPSC-CSE-MAINS-GS-2014-GS2,b2892560e3675d32d8078f13934252e45c6ce0f0a4a67d68b009d5ecd87da174,2014,GS2,19,,,,,Y,unanchored;marks_unread,0.3002,"Two parallel run schemes of the Government, viz. the Adhaar Card and NPR, one as voluntary and the other as. compulsory, have led to debates at national levels and also litigations. On metits, discuss whether or not both schemes need run concurrently. Analyse the potential of the schemes to achieve developmental benefits and equitable growth..",,,,
UPSC-CSE-MAINS-GS-2014-GS2,a72eb1870aba2a7a1019234cd0d8cb558a87845f6045ad264187d72b266011fe,2014,GS2,20,,,,,Y,unanchored;marks_unread,0.4747,"With respect to the South China sea, maritime territorial disputes and rising tension affirm",,,,
UPSC-CSE-MAINS-GS-2014-GS2,3637d3aacee90e270074d5a07c9962ce102aca5bbad0efb87d16222ba02c19ad,2014,GS2,21,,,,,Y,unanchored;marks_unread,0.3576,The aim of Information Technology Agreements (ITAs) is. to lower all taxes and tariffs on - information technology products by signatories to zero. What impact would such agreements ) have on India’s interests? “12%,,,,
UPSC-CSE-MAINS-GS-2014-GS2,079964fe33b6b97dd7e7c57805bb30d3487ef7833ca5f63a395e1c551f8e4c4e,2014,GS2,22,,,,,Y,unanchored;marks_unread,0.4175,’ Some of the International funding agencies have special terms for economic participation,,,,
UPSC-CSE-MAINS-GS-2014-GS2,37f4d18fc1863d249998b8293079ba945f4bb319c85b4e3bb2d04ee2da2ef407,2014,GS2,23,,,,,Y,unanchored;marks_unread;possible_truncation,0.374,"stipulating a substantial component of the‘aid to be used for sourcing equipment from the leading countries. Discuss on merits of such terms and if, there exists a strong case not to accept such conditions in: the Indian context. 7..",,,,
UPSC-CSE-MAINS-GS-2014-GS2,8811890d448176f4d024b1619d94d8f351b2562c6e010c754541f08891893317,2014,GS2,24,,,,,Y,unanchored;low_confidence_ocr;marks_unread,0.3294,India has recently signed to become founding member-of New Development B Bank (NDB) — and also the Asian Infrastructure Investment Bank (AIIB). How will the role of the two Banks be different? Discuss the strategic significance of these two Banks for India. Q.20.: a exacts.) cee waeage set der & set fre me Protea at,,,,
UPSC-CSE-MAINS-GS-2014-GS2,a5d4e8046d160453bdedb9475c820ebe9b33e020a71ba0d0aece263a7edf78aa,2014,GS2,25,,,,,Y,unanchored;marks_unread,0.3351,WTO i is an important international institution where decisions taken affect countries in.a profound manner. What is. the’ mandate of WTO and how binding are their decisions?_. Critically analyse India’s stand on the latest round of talks on Food security. ”,,,,
UPSC-CSE-MAINS-GS-2014-GS3,285fe687c4d97e11af7e5454428a1216cb5cbe47681604049267c4840c658d50,2014,GS3,1,,,,,Y,unanchored;marks_unread,0.3461,"Normally countries shift from agriculture to industry and then later to services, but India shifted directly from agriculture to services. What are the reasons for the huge growth of services vis-a-vis industry in the country? Can India become a developed country without a strong industrial base?",,,,
UPSC-CSE-MAINS-GS-2014-GS3,95994c2b2adcd2b694b0b8be4676e2267f73555109a66b45c4348ac3ca1201d4,2014,GS3,2,,,,,Y,unanchored;marks_unread,0.3343,"“While we flaunt India’s demographic dividend, we ignore the dropping rates of employability.” What are we missing while doing so? Where will the jobs that India desperately needs come from? Explain.",,,,
UPSC-CSE-MAINS-GS-2014-GS3,522af5cd1e310dfac277926f22f2bae0d8f6e76f51f42354b7ca00115c91dd8c,2014,GS3,3,,,,,Y,unanchored;marks_unread,0.3429,There is also a point of view that Agricultural Produce Market Committees (APMCs) set up under the State Acts have not only impeded the development of agriculture but also have been the cause of food inflation in India. Critically examine.,,,,
UPSC-CSE-MAINS-GS-2014-GS3,094056651cf1bc113c9563c7bc5955e2d860025e8b628f8215bd89c87560e511,2014,GS3,4,,,,,Y,unanchored;marks_unread,0.3145,“In the villages itself no form of credit organization will be suitable except the cooperative society.” —All India Rural Credit Survey. Discuss this statement in the background of agricultural finance in India. What constraints and challenges do financial institutions supplying agricultural finance face? How can technology be used to better reach and serve rural clients?,,,,
UPSC-CSE-MAINS-GS-2014-GS3,e7f4c26e4b69d9039fb139d43fe7b526ee3955d6276a40cf90b252716a4982c3,2014,GS3,5,,,,,Y,unanchored;marks_unread,0.3256,"The Right to Fair Compensation and Transparency in Land Acquisition, Rehabilitation and Resettlement Act, 2013 has come into effect from 1st January, 2014. What are the key issues which would get addressed with the Act in place? What implications would it have on industrialization and agriculture in India?",,,,
UPSC-CSE-MAINS-GS-2014-GS3,f6b11a1216a3d000cd663ded130d239266a4f4fdec69cfdfdadff1644e507d5c,2014,GS3,6,,,,,Y,unanchored;marks_unread,0.3153,"Capitalism has guided the world economy to unprecedented prosperity. However, it often encourages short-sightedness and contributes to wide disparities between the rich and the _ poor. In this light, would it be correct to believe and adopt capitalism for bringing inclusive growth in India? Discuss.",,,,
UPSC-CSE-MAINS-GS-2014-GS3,aaa34c92042c4880a635fef5f511630255545238bd776d0d20090f5276702001,2014,GS3,7,,,,,Y,unanchored;marks_unread,0.391,"Explain how Private Public Partnership arrangements, in long gestation infrastructure projects, can transfer unsustainable liabilities to the future. What arrangements need to be put in place to ensure that successive generations’ capacities are not compromised?",,,,
UPSC-CSE-MAINS-GS-2014-GS3,b103ecdadcb571610c4398396c0033e9085190156b893ecb741b86a37a0ebd3f,2014,GS3,8,,,,,Y,unanchored;marks_unread,0.3605,National Urban Transport Policy emphasises on ‘moving people’ instead of ‘moving vehicles’. Discuss critically the success of the various strategies of the Government ‘in this regard.,,,,
UPSC-CSE-MAINS-GS-2014-GS3,106a30bc5e49513f4f7fb3fe537040bb9d8413f280a96abc39ea463b8f53af65,2014,GS3,9,,,,,Y,unanchored;low_confidence_ocr;marks_unread,0.3495,Foreign Direct Investment {FDI} in the defence sector is now set to be liberalized. What influence this is expected to have on Indian defence and economy in the short and long run?,,,,
UPSC-CSE-MAINS-GS-2014-GS3,ddb41c2ecd064973037d10a76bdd5ece7620c9d00f23335955b0c3204e8bcb62,2014,GS3,10,,,,,Y,unanchored;marks_unread,0.3497,"Scientific rescarch in Indian universities is declining, because a carecr in science is not as attractive as are business professions, engineering or administration, and the universities are becoming consumer-oriented. Critically comment.",,,,
UPSC-CSE-MAINS-GS-2014-GS3,969ab208051af5f31f45cb0d506494ffcd9f2f84ce81adca1365165638572bae,2014,GS3,11,,,,,Y,unanchored;marks_unread,0.3533,"Can overuse and free availability of antibiotics without Doctor’s prescription, be contributors to the emergence of drug-resistant diseases in India? What are the available mechanisms for monitoring and control? Critically discuss the various issues involved.",,,,
UPSC-CSE-MAINS-GS-2014-GS3,2c027901905e4a5fc3cbfbda3ba41528b4bf9595d9dcdb763e96af03da3063e1,2014,GS3,12,,,,,Y,unanchored;low_confidence_ocr;marks_unread,0.4967,"In a globalized world, Intellectual Property Rights assume significance and are a source of litigation. Broadly distinguish between the terms—Copyrights, Patents and Trade Secrets.",,,,
UPSC-CSE-MAINS-GS-2014-GS3,e74f82135c7fb538fb8c6135e5ef0df3738efdec4c721f138bbf94f9079f0a84,2014,GS3,13,,,,,Y,unanchored;low_confidence_ocr;marks_unread,0.3488,Should the pursuit of carbon-crédits and clean development mechanisms set up under UNFCCC be maintained even though there has been a massive slide in the value of a carbon credit? Discuss with respect to India’s energy needs for economic growth.,,,,
UPSC-CSE-MAINS-GS-2014-GS3,d54226f644fed80453f2c2d8a2e8dc6e917119072a40e92e372b4da8827508ef,2014,GS3,14,,,,,Y,unanchored;low_confidence_ocr;marks_unread,0.3462,"Drought has been recognized as a disaster in view of its spatial expanse, temporal duration, slow onset and lasting effects on vulnerable sections. With a focus on the September 2010 guidelines from the National Disaster’ Management Authority (NDMA}, discuss the mechanisms for preparedness to deal with likely El Nifo and La Nina fallouts in India.",,,,
UPSC-CSE-MAINS-GS-2014-GS3,1807ad8e18da45d94c84c22e5434e470771fad66b8a3b63d4e195adfbf5030a4,2014,GS3,15,,,,,Y,unanchored;marks_unread,0.3889,Environmental Impact Assessment studies are increasingly undertaken before a project is cleared by the Government. Discuss the environmental impacts of coal-fired thermal plants located at coal pitheads.,,,,
UPSC-CSE-MAINS-GS-2014-GS3,9bd817b9a786b9b8f878a21a8556ccd1c52b8077ef4f39e11f546677c17d2be5,2014,GS3,16,,,,,Y,unanchored;marks_unread,0.3871,“The diverse nature of India as a multi-religious and multi-ethnic society is not immune to the impact of radicalism which is seen in her neighbourhood.” Discuss along with strategies to be adopted to counter this environment.,,,,
UPSC-CSE-MAINS-GS-2014-GS3,ba9e2af9ea23fd8e78fc4ef7ed1d7e1d6b11c93f85ba4397faef9300636e72cf,2014,GS3,17,,,,,Y,unanchored;marks_unread,0.2857,International civil aviation laws provide all countries complete and exclusive sovereignty over the airspace above their territory. What do you understand by ‘airspace’? What are the implications of these laws on the space above this airspace? Discuss the challenges which this poses and suggest ways to contain the threat.,,,,
UPSC-CSE-MAINS-GS-2014-GS3,62b0f31bc59941199c03467847d9e04cf6f1866b1fdd7d7e8072379b54fbbd8f,2014,GS3,18,,,,,Y,unanchored;marks_unread,0.4214,"How does illegal transborder migration pose a threat to India’s security? Discuss the Strategies to curb this, bringing out the factors which give impetus to such migration.",,,,
UPSC-CSE-MAINS-GS-2014-GS3,08d0b01ed08d31c86ce5d2774102e7323af64dd030e9933176d6e8bb02086da2,2014,GS3,19,,,,,Y,unanchored;marks_unread,0.3438,"In 2012, the longitudinal marking for high-risk areas for piracy was moved from 65 degrees east to 78 degrees east in the Arabian Sea by the International Maritime Organization. What impact does this have on India’s maritime security concerns?",,,,
UPSC-CSE-MAINS-GS-2014-GS3,7d417945d4637a4900c41c372bc167a3dba5eab686224f72a4195740f0d85822,2014,GS3,20,,,,,Y,unanchored;marks_unread,0.3701,China and Pakistan have entered into an agreement for development of an economic corridor. What threat does this pose for India’s security? Critically examine.,,,,
UPSC-CSE-MAINS-GS-2014-GS4,fe58bd7218e99316e2794c33826d826e6a004ffb565042a9d0e8dcadb0832225,2014,GS4,2,,A,,150,N,marks_unread,0.4444,What does ethics seek to promote in human life? Why is it all the more important in public administration?,,,,
UPSC-CSE-MAINS-GS-2014-GS4,3a007df18d9aa9122422aef04317fb97682431ea68a583ec7b1a76b6368f6675,2014,GS4,3,,A,,150,N,marks_unread,0.3891,What do you understand by ‘probity’ in public life? What are the difficulties in practicing it in the present times? How can these difficulties be overcome?,,,,
UPSC-CSE-MAINS-GS-2014-GS4,b9e298fc3751be836b7d0181f52f93553d237061e2eabcb2baea654064f6345f,2014,GS4,4,,A,,150,N,marks_unread,0.358,"“Integrity without knowledge is weak and useless, but knowledge without integrity is dangerous and dreadful.” What do you understand by this statement? Explain your stand with illustrations from the modern context.",,,,
UPSC-CSE-MAINS-GS-2014-GS4,a85824a8e8e48e07c5473ee9eaa39ad44a52d6dc5e63616a0faa24bd0bd7c498,2014,GS4,5,,A,,150,N,marks_unread,0.395,"“Human beings should always be treated as ‘ends’ in themselves and never as merely ‘means’.” Explain the meaning and significance of this statement, giving its implications in the modern techno-economic society.",,,,
UPSC-CSE-MAINS-GS-2014-GS4,8fd204c771c837aaff86e9a17ffc9ecfe31393781b630de5a62a19871d6dd758,2014,GS4,6,,A,10,150,N,,0.3127,"Which eminent personality has inspired you the most in the context of ethical conduct in life? Give the gist of his/her teachings. Giving specific examples, describe how you have been able to apply these teachings for your own ethical development.",,,,
UPSC-CSE-MAINS-GS-2014-GS4,43c8cd6efe7311c5926e8d240467f3bf9a72a5ce31dd81fa66fa57c7c61b92f9,2014,GS4,7,,A,10,150,N,,0.3249,"There is a heavy ethical responsibility on the public servants because they occupy positions of power, handle huge amounts of public funds, and their decisions have wide-ranging impact on society and environment. What steps have you taken to improve your ethical competence to handle such responsibility?",,,,
UPSC-CSE-MAINS-GS-2014-GS4,03ec84e05a8b9a69be754de0063f2d8b73747ef2fedc288405afd7da17d6dbd6,2014,GS4,8,,A,10,150,Y,low_confidence_ocr,0.3622,The current society is plagued with widespread trust-deficit. What are the consequences of this situation for personal well-being and for societal well-being? What can you do at the personal level to make yourself trustworthy?,,,,
UPSC-CSE-MAINS-GS-2014-GS4,03e4b6bfa55803854f8cd8b8dd062f81d7f66a0583f423bb2c34a73851983dc5,2014,GS4,9,,A,10,150,N,,0.3913,"It is often said that poverty leads to corruption. However, there is no dearth of instances where affluent and powerful people indulge in corruption in a big way. What are the basic causes of corruption among people? Support your answer with examples.",,,,
UPSC-CSE-MAINS-GS-2014-GS4,bd9b5f3587b5fddadf69a816b29ab98157cc0067bb132d66fa280de5dd2f8fda,2014,GS4,10,,A,,150,N,marks_unread,0.4055,What does ‘accountability’ mean in the context of public service? What measures can be adopted to ensure individual and collective accountability of public servants?,,,,
UPSC-CSE-MAINS-GS-2014-GS4,0e2fd0c2898d16a52abd6928b5697588d23dbd601ade1b47efb36e8901ab1834,2014,GS4,11,,A,,150,N,marks_unread,0.3533,"We are witnessing increasing instances of sexual violence against women in the country. Despite existing legal provisions against it, the number of such incidences is on the rise. Suggest some innovative measures to tackle this menace.",,,,
UPSC-CSE-MAINS-GS-2014-GS4,4c0f0a073af2547cbff5c6931b20e1912608968ae37dbe6468f41e3fed57296b,2014,GS4,12,,B,20,250,Y,low_confidence_ocr,0.2747,"Suppose one of your close friends, who is also aspiring for civil services, comes to you for discussing some of the issues related to ethical conduct in public service. He raises the following points: fi) Inthe present times, when unethical environment is quite prevalent, individual attempts to stick to ethical principles may cause a lot of problems in one’s career. It may also cause hardship to the family members as well as risk to one’s life. Why should we not be pragmatic and follow the path of least resistance, and be happy with doing whatever good we can? (ii) When so many people are adopting wrong means and are grossly harming the system, what difference would it make if only a small minority tries to be ethical? They are going to be rather ineffective and are bound to get frustrated. (iii) If we become fussy about ethical considerations, will it not hamper the economic progress of our country? After all, in the present age of high competition, we cannot afford to be left behind in the race of development. {iv) It is understandable that we should not get involved in grossly unethical practices, but giving and accepting small gratifications and doing smail favours increases everybody’s motivation. It also makes the system more efficient. What is wrong in adopting such practices? Critically analyze the above viewpoints. On the basis of this analysis, what will be your advice to your friend?",,,,
UPSC-CSE-MAINS-GS-2014-GS4,e229a2fe5f023ac778fce49f6aa6ceb99e4509074bac9e22b9599c0d966dd3ca,2014,GS4,13,,B,,250,Y,low_confidence_ocr;marks_unread;possible_truncation,0.2236,"section of employees. They do not work themselves and also disrupt the working of others. You first warned the troublemakers to mend their ways or else face disciplinary action. When the warning had little effect, you issued a show cause notice to the ringleaders. As a retaliatory measure, these troublemakers instigated a woman employee amongst them to file a complaint of sexual harassment against you with the Women’s Commission. The Commission promptly seeks your explanation, The matter is also publicized in the media to embarrass you further. Some of the options to handle this situation could be as follows: fi) Give your explanation to the Commission and go soft on the disciplinary action. (ti) Ignore the Commission and proceed firmly with the disciplinary action. (ii) Brief your higher-ups, seek directions from them and act accordingly. Suggest any other possible option(s). Evaluate all of them and suggest the best course of action, giving your reasons for it.",,,,
UPSC-CSE-MAINS-GS-2014-GS4,5cf53dad0ef7d73479e475b7cd61c2b642ef4d7ea059f824ec48502fc6cda0a7,2014,GS4,14,,B,,250,N,marks_unread,0.3854,What feasible steps can you suggest which will be effective in controlling this serious problem of our country?,,,,
UPSC-CSE-MAINS-GS-2015-GS1,504788731840d057dd6681e9866aeb16a1afd44f16d2c18e0ff7752ad00280a1,2015,GS1,4,,,,,Y,unanchored;low_confidence_ocr;marks_unread,0.4506,"Mahatma Gandhi and Dr. B.R. Ambedkar, despite having divergent approaches and strategies, had a common goal of amelioration of the downtrodden. Elucidate.",,,,
UPSC-CSE-MAINS-GS-2015-GS1,426cef8a5c8043e220734e8fbee7b51c1e24712760aa3be23bf96698a9f35349,2015,GS1,5,,,,,Y,unanchored;marks_unread,0.3646,"It would have been difficult for the Constituent Assembly to complete its historic task of drafting the Constitution for Independent India in just three years but for the experience gained with the Government of India Act, 1935. Discuss.",,,,
UPSC-CSE-MAINS-GS-2015-GS1,9dfb9e37cac8075e6253a918c01f852bbc68d1b1d365cba229545b0525c8a336,2015,GS1,7,,,,,Y,unanchored;marks_unread,0.4554,To what extent can Germany be held responsible for causing the two World Wars? Discuss critically.,,,,
UPSC-CSE-MAINS-GS-2015-GS1,43aaf0f6ce05650166438b73830186308fecdd5eaf9b3853c3b3fe5a5bdd2d2c,2015,GS1,8,,,,,Y,unanchored;marks_unread,0.4167,Describe any four cultural elements of diversity in India and rate their relative significance in building a national identity.,,,,
UPSC-CSE-MAINS-GS-2015-GS1,86ff6818c159cb821d0a813edbf1ca27a80e62cca032ad3b177313741433c88d,2015,GS1,9,,,,,Y,unanchored;marks_unread,0.5646,Critically examine whether growing population is the cause of poverty OR poverty is the main cause of population increase in India.,,,,
UPSC-CSE-MAINS-GS-2015-GS1,87a73732b3e9ea7561e5951a03dff73c6c03fe629c1e60005ca3c02e3fbb6b15,2015,GS1,10,,,,,Y,unanchored;low_confidence_ocr;marks_unread,0.4078,How do you explain the statistics that show that the sex ratio in Tribes in India is more favourable to women than the sex ratio among Scheduled Castes?,,,,
UPSC-CSE-MAINS-GS-2015-GS1,46617fe6330a4a595e1398cd51250e464b527793ede169d9003a371e51e5ddd7,2015,GS1,11,,,,,Y,unanchored;low_confidence_ocr;marks_unread;possible_truncation,0.4359,we wal wife | Discuss the changes in the trends of labour migration within and outside India in the last four decades.,,,,
UPSC-CSE-MAINS-GS-2015-GS1,8c45eda2bab597a14ad226aee6cbbafaa21748c616bf08916ee6e7ba521d8571,2015,GS1,12,,,,,Y,unanchored;marks_unread,0.5935,Discuss the positive and negative effects of globalization on women in India.,,,,
UPSC-CSE-MAINS-GS-2015-GS1,47ff80d8b88fcca7e6eab26ffebf33ac3bada5198d59dbc688d48de6691f6805,2015,GS1,13,,,,,Y,unanchored;marks_unread,0.4649,Debate the issue of whether and how contemporary movements for assertion of Dalit identity work towards annihilation of caste.,,,,
UPSC-CSE-MAINS-GS-2015-GS1,738cf7c6e67d475eee9d5ccde5ae385be9a464459f1f9d75717e89794addf1e6,2015,GS1,14,,,,,Y,unanchored;marks_unread,0.484,"Explain the factors responsible for the origin of ocean currents. How do they influence regional climates, fishing and navigation? 12'4",,,,
UPSC-CSE-MAINS-GS-2015-GS1,2b8c1608a6c8699ddfc0d21d667c478d3cb7d561c0106a759cd879512b0764f3,2015,GS1,15,,,,,Y,unanchored;marks_unread,0.4069,"Mumbai, Delhi and Kolkata are the three mega cities of the country but the air pollution is much more serious problem in Delhi as compared to the other two. Why is this so?",,,,
UPSC-CSE-MAINS-GS-2015-GS1,d7f96b3c729ccc1a77343f2d418384b6bf5aaab3b39188325ea50baa77fe587d,2015,GS1,16,,,,,Y,unanchored;low_confidence_ocr;marks_unread,0.3636,India is well endowed with fresh water resources. Critically examine why it still suffers from water scarcity.,,,,
UPSC-CSE-MAINS-GS-2015-GS1,12a2f3830793544c3e1ba89f2063c9bda1abdcd846b7a537e8bfd13d58bd45b8,2015,GS1,17,,,,,Y,unanchored;marks_unread,0.4067,"The states of Jammu and Kashmir, Himachal Pradesh and Uttarakhand are reaching the limits of their ecological carrying capacity due to tourism. Critically evaluate.",,,,
UPSC-CSE-MAINS-GS-2015-GS1,e1d0d6eb60e97084af379ab2f096455e620b1700d36401b99cb8dd5057c2f639,2015,GS1,18,,,,,Y,unanchored;low_confidence_ocr;marks_unread,0.4558,How far do you agree that the behaviour of the Indian monsoon has been changing due to humanizing landscapes? Discuss.,,,,
UPSC-CSE-MAINS-GS-2015-GS1,8359a7490d2b33862462842197329424d3f79e76856b00baaa737311cf44cabb,2015,GS1,19,,,,,Y,unanchored;marks_unread,0.432,Smart cities in India cannot sustain without smart villages. Discuss this statement in the backdrop of rural urban integration.,,,,
UPSC-CSE-MAINS-GS-2015-GS1,4887edceff60307ff6673ca0b100142cff06f21e0f90e419a7f111a2d5c26c50,2015,GS1,20,,,,,Y,unanchored;marks_unread,0.4696,What are the economic significances of discovery of oil in Arctic Sea and its possible environmental consequences?,,,,
UPSC-CSE-MAINS-GS-2015-GS2,43ce9be19c329602a7866e62e46f28a14e00a5f6515ba8c058d31400c1816161,2015,GS2,1,,,,,Y,unanchored;marks_unread,0.4203,Discuss the possible factors that inhibit India from enacting for its citizens a uniform civil code as provided for in the Directive Principles of State Policy.,,,,
UPSC-CSE-MAINS-GS-2015-GS2,f90f33d4dee5c98f9e938f9f6f9c1964736a412db0476ae09d4f244ec24956c2,2015,GS2,2,,,,,Y,unanchored;marks_unread,0.3583,The concept of cooperative federalism has been increasingly emphasized in recent years. Highlight the drawbacks in the existing structure and the extent to which cooperative federalism would answer the shortcomings.,,,,
UPSC-CSE-MAINS-GS-2015-GS2,bbaf7a9a0b86a918cbfccf93f87d34bbaf44b4dde6a6dcb7636eaffc061d0fb9,2015,GS2,3,,,,,Y,unanchored;marks_unread,0.3894,"In absence of a well-educated and organized local level government system, ‘Panchayats’ and ‘SSamitis’ have remained mainly political institutions and not effective instruments of governance. Critically discuss.",,,,
UPSC-CSE-MAINS-GS-2015-GS2,9a7f6fdbd7f097d74be903f6498718c3bda5fd094c5c7a4ff15d3b5275c28a2c,2015,GS2,4,,,,,Y,unanchored;marks_unread,0.3891,"Khap Panchayats have been in the news for functioning as extra-constitutional authorities, often delivering pronouncements amounting to human rights violations. Discuss critically the actions taken by the legislative, executive and the judiciary to set the things right in this regard.",,,,
UPSC-CSE-MAINS-GS-2015-GS2,3fbb937420d2e57fad31faeb4810860639b05b0d4448942c84764b3a3df07707,2015,GS2,5,,,,,Y,unanchored;low_confidence_ocr;marks_unread,0.3348,"Resorting to ordinances has always raised concern on violation of the spirit of separation of powers doctrine. While noting the rationales justifying the power to promulgate ordinances, analyze whether the decisions of the Supreme Court on the issue have further facilitated resorting to this power. Should the power to promulgate ordinances be repealed?",,,,
UPSC-CSE-MAINS-GS-2015-GS2,084b79c389e2215d5cc00b04b9e40dfa338efe7f498e8543f4aabf64263cf0af,2015,GS2,6,,,,,Y,unanchored;marks_unread,0.3753,"What are the major changes brought in the Arbitration and Conciliation Act, 1996 through the recent Ordinance promulgated by the President? How far will it improve India’s dispute resolution mechanism? Discuss.",,,,
UPSC-CSE-MAINS-GS-2015-GS2,56257cb1d626dfbc3c6c60d5083ed6dd1a0a7b64fbf280715ac9cc2d6aabc109,2015,GS2,7,,,,,Y,unanchored;marks_unread,0.407,Does the right to clean environment entail legal regulations on burning crackers during Diwali? Discuss in the light of Article 21 of the Indian Constitution and Judgement(s) of the Apex Court in this regard.,,,,
UPSC-CSE-MAINS-GS-2015-GS2,b4fdacb83fd1f16d697809377ac2b2812b6ce638fad6aeb035fecd6e939e3af8,2015,GS2,8,,,,,Y,unanchored;low_confidence_ocr;marks_unread,0.4234,"Examine critically the recent changes in the rules governing foreign funding of NGOs under the Foreign Contribution (Regulation) Act (FCRA), 1976.",,,,
UPSC-CSE-MAINS-GS-2015-GS2,3a2f25b95a783ee96ed70c2656ce536d8c18b1f4eae54cd164363352e057a735,2015,GS2,9,,,,,Y,unanchored;marks_unread,0.3786,"The Self-Help Group (SHG) Bank Linkage Programme (SBLP), which is India’s own innovation, has proved to be one of the most effective poverty alleviation and women empowerment programmes. Elucidate.",,,,
UPSC-CSE-MAINS-GS-2015-GS2,cc5df8225b2b8814e3960f8993facdcc4cfd11d2684395f1fa7605aff303947f,2015,GS2,10,,,,,Y,unanchored;marks_unread,0.4621,How can the role of NGOs be strengthened in India for development works relating to protection of the environment? Discuss throwing light on the major constraints.,,,,
UPSC-CSE-MAINS-GS-2015-GS2,e99070dc8774990acb02697cb8f0e2295a54dcecb6dd10407ef689cbf8b9a067,2015,GS2,11,,,,,Y,unanchored;marks_unread,0.3602,The quality of higher education in India requires major improvements to make it internationally competitive. Do you think that the entry of foreign educational institutions would help improve the quality of higher and technical education in the country? Discuss.,,,,
UPSC-CSE-MAINS-GS-2015-GS2,b1338c145c3d6dcc0a5018e84016d9b3c61c5d18007a098a0b765b3d78801550,2015,GS2,12,,,,,Y,unanchored;marks_unread,0.3712,Public health system has limitations in providing universal health coverage. Do you think that the private sector could help in bridging the gap? What other viable alternatives would you suggest?,,,,
UPSC-CSE-MAINS-GS-2015-GS2,2618186255b723d4edd3cb10c68ed68f315c1a441439e3b25e415a58d7523d1e,2015,GS2,13,,,,,Y,unanchored;marks_unread,0.381,"Though there have been several different estimates of poverty in India, all indicate reduction in poverty levels over time. Do you agree? Critically examine with reference to urban and rural poverty indicators.",,,,
UPSC-CSE-MAINS-GS-2015-GS2,916f185dde338b35148040b6dde1833c15525e8a5a725c419a3ae87a54ebc6b3,2015,GS2,14,,,,,Y,unanchored;marks_unread,0.4033,"In the light of the Satyam Scandal (2009), discuss the changes brought in corporate governance to ensure transparency, accountability.",,,,
UPSC-CSE-MAINS-GS-2015-GS2,88f9f736f4b7cad7ffac1842cd65d3fd7f69c01c46c990418176157a848ba7cf,2015,GS2,15,,,,,Y,unanchored;marks_unread,0.3827,"“If amendment bill to the Whistleblowers Act, 2011 tabled in the Parliament is passed, there may be no one left to protect.” Critically evaluate.",,,,
UPSC-CSE-MAINS-GS-2015-GS2,cf92f2f821c647df8d4646cfc0842e73649c2ccd60e315ac052fcd65dde39563,2015,GS2,16,,,,,Y,unanchored;marks_unread,0.4156,"“For achieving the desired objectives, it is necessary to ensure that the regulatory institutions remain independent and autonomous.” Discuss in the light of the experiences in recent past.",,,,
UPSC-CSE-MAINS-GS-2015-GS2,5f2d6c8b8368a8c3d2bb7f3d27dff0c8b8009ec19bd29d5d1ac6f1e8aca91664,2015,GS2,17,,,,,Y,unanchored;marks_unread,0.5,Increasing interest of India in Africa has its pros and cons. Critically examine.,,,,
UPSC-CSE-MAINS-GS-2015-GS2,da06f3d84b61dd37c55b68934fa238a39c0a970801b96d092a18198537813684,2015,GS2,18,,,,,Y,unanchored;marks_unread,0.4766,Discuss the impediments India is facing in its pursuit of a permanent seat in UN Security Council.,,,,
UPSC-CSE-MAINS-GS-2015-GS2,46f59d7c61f71520cf6c7d37fd40a6d6f296757821ce5a97cf1825f0acc76423,2015,GS2,19,,,,,Y,unanchored;marks_unread,0.371,Project ‘Mausam’ is considered a unique foreign policy initiative of the Indian Government to improve relationship with its neighbours. Does the project have a strategic dimension? Discuss.,,,,
UPSC-CSE-MAINS-GS-2015-GS2,182421b1388744f1fb364a4dc32ff258dd0908054858187190cb4852a73de5fc,2015,GS2,20,,,,,Y,unanchored;marks_unread,0.3529,Terrorist activities and mutual distrust have clouded India-Pakistan relations. To what extent the use of soft power like sports and cultural exchanges could help generate goodwill between the two countries? Discuss with suitable examples.,,,,
UPSC-CSE-MAINS-GS-2016-GS1,f12e1aaedfc5fce7fd82bf725efe80efa47d62542b5f518ff72855f564174d42,2016,GS1,1,,,,,Y,unanchored;marks_unread;possible_truncation;numbering_unverified,0.381,himself but was also a great patron of learning and literature. Discuss.,,,,
UPSC-CSE-MAINS-GS-2016-GS1,35a739313ded40a2fa642f5639e855549e6a4ccd6c39030855634c40dbc5ef58,2016,GS1,10,,,,,Y,unanchored;marks_unread;numbering_unverified,0.4206,"With a brief background of quality of urban life in India, introduce the objectives and strategy of the ‘Smart City Programme’.",,,,
UPSC-CSE-MAINS-GS-2016-GS1,6cc972ee9a1efecbdbc50d508f39d7ebfb8777defad4b31da38298467dc4bd8c,2016,GS1,11,,,,,Y,unanchored;marks_unread;numbering_unverified,0.3934,What is the basis of regionalism? Is it that unequal distribution of benefits of development on regional basis eventually promotes regionalism? Substantiate your answer. 3%t+9=12%,,,,
UPSC-CSE-MAINS-GS-2016-GS1,39c340416f9a879536ad9a4fb34032a95c9e5bc1a56616cb0bb273939e299a20,2016,GS1,14,,,,,Y,unanchored;low_confidence_ocr;marks_unread;numbering_unverified,0.4216,The effective management of land and water resources will drastically reduce the human miseries. Explain.,,,,
UPSC-CSE-MAINS-GS-2016-GS1,c512d80a4677f87c7f7778d4e29dda5eb262decf085527287b4f126b183dc7de,2016,GS1,15,,,,,Y,unanchored;marks_unread;numbering_unverified,0.4257,South China Sea has assumed great geopolitical significance in the present context. Comment.,,,,
UPSC-CSE-MAINS-GS-2016-GS1,4fe1dca145aeead5580b6d8c0d0788891a82db49b96e60ff156a1c808699820b,2016,GS1,17,,,,,Y,unanchored;marks_unread;numbering_unverified,0.4286,"Present an account of the Indus Water Treaty and examine its ecological, economic and political implications in the context of changing bilateral relations.",,,,
UPSC-CSE-MAINS-GS-2016-GS2,89e75abbad561f83d41e20ca69eba011fb5096222620115c3abed42e0067dbf7,2016,GS2,1,,,,,Y,unanchored;marks_unread;numbering_unverified,0.3832,“The broader aims and objectives of WTO are to manage and promote international trade in the era of globalization. But the Doha round of negotiations seem doomed due to differences between the developed and the developing countries.” Discuss in the Indian perspective. De g,,,,
UPSC-CSE-MAINS-GS-2016-GS2,b2fa0bbf183effb7ce64585f87469045fe7dd800d80199d79d7d9975660018a7,2016,GS2,2,,,,,Y,unanchored;marks_unread;numbering_unverified,0.575,Evaluate the economic and strategic dimensions of India’s Look East Policy in the context of the post Cold War international scenario. 12,,,,
UPSC-CSE-MAINS-GS-2016-GS2,a9bdc62cda78b631583ef62a31bccc6a8f1d88125493023bf5acfc4e31b5b2fd,2016,GS2,3,,,,,Y,unanchored;marks_unread;numbering_unverified,0.3529,“Increasing cross-border terrorist attacks in India and growing interference in the internal affairs of several member-states by Pakistan are not conducive for the future of SAARC (South Asian Association for Regional Cooperation).” Explain with suitable examples. 1 2,,,,
UPSC-CSE-MAINS-GS-2016-GS2,3c3ed702881c07b9b43c37eec61d940baf60f02e3f0444e3606059d520e6b6d0,2016,GS2,4,,,,,Y,unanchored;low_confidence_ocr;marks_unread;numbering_unverified,0.459,What are the aims and objectives of the McBride Commission of the UNESCO? What is India’s position on these? es 12,,,,
UPSC-CSE-MAINS-GS-2017-GS1,3e3fb52ce791d1781e091c55da20839d7990614a65bf54fda1d2825b8012ade2,2017,GS1,9,,,,150,Y,low_confidence_ocr;marks_unread,0.4189,"In the context of the diversity of India, can it be said that the regions form cultural units rather than the States? Give reasons with examples for your viewpoint.",,,,
UPSC-CSE-MAINS-GS-2017-GS1,44ce603969b9f7419d7caf22312182433eae928865c07237ed6727ed37956ee4,2017,GS1,10,,,1,150,N,,0.4656,"What are the two major legal initiatives by the State since Independence, addressing discrimination against Scheduled Tribes (STs)?",,,,
UPSC-CSE-MAINS-GS-2017-GS1,8a1630c2b8a2f19989341f74ed01b282e25114b0d1b6109921001ae741bfc98c,2017,GS1,16,,,15,250,N,,0.4186,In what way can floods be converted into a sustainable source of irrigation and all-weather inland navigation in India?,,,,
UPSC-CSE-MAINS-GS-2017-GS1,85b6e528c8f7b11c1f37b85e221785e9c8bbedf24a99cd879800dc6d0ca8060c,2017,GS1,17,,,15,250,N,,0.4726,What characteristics can be assigned to monsoon climate that succeeds in feeding more than 50 percent of the world population residing in Monsoon Asia?,,,,
UPSC-CSE-MAINS-GS-2017-GS1,6e1aa98d00f58dbb729edb46839b17a0590bc682122cb0bc6570ae180e26d494,2017,GS1,18,,,15,250,N,,0.4242,The women’s questions arose in modern India as a part of the 19th century social reform movement. What were the major issues and debates concerning women in that period?,,,,
UPSC-CSE-MAINS-GS-2017-GS2,bb8ba128d87e5df9e79465bc34fd604e4ec50fe60306373ba061aa4d36a84d77,2017,GS2,15,,,15,250,Y,numbering_unverified,0.4126,“The emergence of the Self-Help Groups (SHGs) in contemporary times points to the slow but steady withdrawal of the State from developmental activities.” Examine the role of the SHGs in developmental activities and the measures taken by the Government of India to promote the SHGs.,,,,
UPSC-CSE-MAINS-GS-2017-GS2,4b6950b2f4d8c6d768bd518af335a00146da0afe49de119c72f43093071b285c,2017,GS2,16,,,15,250,Y,numbering_unverified,0.3896,“Poverty alleviation programmes in India remain mere showpieces until and unless they are backed up by political will.” Discuss with reference to the performance of the major poverty alleviation programmes in India.,,,,
UPSC-CSE-MAINS-GS-2017-GS2,68d6e214a9b278811011a79a73f10fda20d8533dd8d5b12bc415944c0aacc8d3,2017,GS2,17,,,15,250,Y,numbering_unverified,0.4104,"Initially Civil Services in India were designed to achieve the goals of neutrality and effectiveness, which seems to be lacking in the present context. Do you agree with the view that drastic reforms are required in Civil Services? Comment.",,,,
UPSC-CSE-MAINS-GS-2017-GS2,0e16220831a6efb88cc68896d22afd00726b00b8e5929cd6ad7b74558de9a99d,2017,GS2,18,,,15,250,Y,numbering_unverified,0.4,The question of India’s Energy Security constitutes the most important part of India’s economic progress. Analyze India’s energy policy cooperation with West Asian countries.,,,,
UPSC-CSE-MAINS-GS-2017-GS2,0ae19b016e6bdb79add7b369e51103e2a0f086e9304cf58ff64a45ba815efea9,2017,GS2,19,,,15,250,Y,numbering_unverified,0.3922,Indian diaspora has an important role to play in South-East Asian countries’ economy and society. Appraise the role of Indian diaspora in South-East Asia in this context.,,,,
UPSC-CSE-MAINS-GS-2019-GS2,6de5cd0db02cd81965ae00cf67ed637d724813142827669a0aa8751e4a854954,2019,GS2,12,,,,,Y,unanchored;low_confidence_ocr;marks_unread,0.5961,“The reservation of seats for wo ‘mited i on the patriarcha had a limited impact oe P eae tale t.,,,,
UPSC-CSE-MAINS-GS-2021-GS2,022b87421ff48c161c7559845415837e6bf06ae5ac1b2b0b2affe34206ed49a2,2021,GS2,1,,,10,150,Y,low_confidence_ocr;possible_truncation,0.4252,"challenging than the erstwhile Sider Pea pe ae a China, that!",,,,
UPSC-CSE-MAINS-GS-2021-GS2,18d8e8dcee651a46ee25e367813fa83d8700badfa337d7229debf05ba26c73dd,2021,GS2,7,,,,250,N,marks_unread,0.5267,(ICT) accessibility hindered socio-economi t? Examine with justification,,,,
UPSC-CSE-MAINS-GS-2021-GS3,416d188e5f714490c927655f34db9336b3caeade9efbd4066169ec930cc3f5a8,2021,GS3,5,,,15,250,N,,0.4734,SCuss in the light of India’s experience.,,,,
UPSC-CSE-MAINS-GS-2023-GS4,a89e7e5d1f290cc9105a3e5d1b51b2d99f84ade8e944c358bb92d46e55102581,2023,GS4,9,,A,10,150,Y,numbering_unverified,0.3663,Differentiate ‘moral intuition’ from ‘moral reasoning’ with suitable examples.,,,,
UPSC-CSE-MAINS-GS-2026-GS1,ebe489b832915c52dae096805b2282dee3ce95e869d1a186398491682cb503fd,2026,GS1,1,,,10,150,Y,low_confidence_ocr,0.0,Analyze the importance of Ashokan inscriptions for reconstructing Mauryan history.,,,,
UPSC-CSE-MAINS-GS-2026-GS1,4516d2ec6d942907efb95bf383f319c68ee89f1dc40a14bbffc3895ed05a58ea,2026,GS1,2,,,10,150,N,,0.0,Discuss the impact of Macaulay’s Minute on colonial administration and education in India.,,,,
UPSC-CSE-MAINS-GS-2026-GS1,928d9a9fbb294811458025207dd6670017a38376474ecb12c03f7f7980111c03,2026,GS1,3,,,10,150,Y,low_confidence_ocr,0.0,The significance of the Gandhian movements lay in the masses they mobilized. Elucidate.,,,,
UPSC-CSE-MAINS-GS-2026-GS1,06604d324b581d610cca455ec4ffdaf538365bda45d9fcab1fa863aeebb0269f,2026,GS1,4,,,10,150,N,,0.0,What is the Fujiwhara effect? Explain its impact on the movement and intensity of tropical cyclones.,,,,
UPSC-CSE-MAINS-GS-2026-GS1,a0406368469539cbe89ed51a3449be17e64ac4b14ccd41a0aaf608f24c0aef14,2026,GS1,5,,,10,150,N,,0.0,“Tundra regions are ecologically fragile but economically important.” Examine this statement critically.,,,,
UPSC-CSE-MAINS-GS-2026-GS1,22ff98c97e419580dc9d5afce34d951f69e3f0850e221526b0cff4f68901fa01,2026,GS1,6,,,10,150,N,,0.0,Discuss the role of aeolian processes in desertification and land degradation.,,,,
UPSC-CSE-MAINS-GS-2026-GS1,dd5c85f507c886efdf0cefc72c39367fd4aa580236872a03befe5124ea311ba0,2026,GS1,7,,,10,150,N,,0.0,“Water resources are both an asset and a source of conflict in South Asia.” Examine this statement giving examples.,,,,
UPSC-CSE-MAINS-GS-2026-GS1,51551f877c932969bb68d90be021193b3f7426d9ad3964070c28bb15031854ca,2026,GS1,8,,,10,150,N,,0.0,Unity in diversity remains the defining feature of Indian society despite the challenges from communalism and regionalism. Comment.,,,,
UPSC-CSE-MAINS-GS-2026-GS1,c3a399bb3230cde652ff6d8efa9f672d77a0a4d275261e8d2eeb35c2834f78d3,2026,GS1,9,,,10,150,N,,0.0,How do you understand disability? Substantiate the need for inclusive policy framework in India in this regard.,,,,
UPSC-CSE-MAINS-GS-2026-GS1,a59d03c0fe4aed3e7697927d27f85708297805d6a342f482525fad830ef0c65d,2026,GS1,10,,,15,150,N,,0.0,Do you think digital technology promotes social empowerment? Explain with examples.,,,,
UPSC-CSE-MAINS-GS-2026-GS1,35e918ca03ef7f9cb0df80cdbfeaff2efbad7b46458eb35bcb5f704316d2822c,2026,GS1,11,,,15,250,Y,low_confidence_ocr,0.0,Vijayanagara architecture exemplifies the amalgamation of past traditions with contemporary practices. Elucidate with examples.,,,,
UPSC-CSE-MAINS-GS-2026-GS1,aac5912e6e256a1d3a906ef3a50eff8e655411b431974089fcb3f3b453181ab4,2026,GS1,12,,,15,250,N,,0.0,Linguistic reorganization of Indian States was driven by popular pressure from below. Comment.,,,,
UPSC-CSE-MAINS-GS-2026-GS1,8be5ac1c1432d478f2310c686aff8ff274fc2cd26e78a7244c4b41a17c5c9cb9,2026,GS1,13,,,15,250,N,,0.0,The model of planned economy was adopted in India to address the regional imbalances left behind by colonial rule. Comment.,,,,
UPSC-CSE-MAINS-GS-2026-GS1,63697e2217ccd277b80d2012bd01eac30d8f19aad5b6405700dc82dfce713228,2026,GS1,14,,,10,250,N,,0.0,"Compare the Loo, Chinook and Foehn winds with respect to their regions of prevalence, their nature and climatic impacts.",,,,
UPSC-CSE-MAINS-GS-2026-GS1,1b13adec415a32601bb5d47235e934dc73bb902e9d6913cd13a6485d0e85c8ba,2026,GS1,15,,,,250,N,marks_unread,0.0,Analyze the role of satellite-based technologies in achieving climate-smart agriculture and food security in India.,,,,
UPSC-CSE-MAINS-GS-2026-GS1,917ac1615a000f597999b8b1489bb20412f12153c635e0624cdb51389a589ff7,2026,GS1,16,,,,250,N,marks_unread,0.0,“The centre of global trade is gradually shifting from the Atlantic region to the Indo-Pacific region.” Examine this statement.,,,,
UPSC-CSE-MAINS-GS-2026-GS1,fa8853558011d27682d2c6e0e1d9245bb86a4f9a309617e658f02e9b308f1526,2026,GS1,17,,,,250,N,marks_unread,0.0,Analyze the major drivers of human-induced land-use changes in India and their geographical consequences.,,,,
UPSC-CSE-MAINS-GS-2026-GS1,141117f1db783b62d1d6d86a34f9701deba08f10c7443591bde84275809dc31b,2026,GS1,18,,,,250,N,marks_unread,0.0,Is caste disappearing in urban India? Illustrate your answer with examples.,,,,
UPSC-CSE-MAINS-GS-2026-GS1,561913bd5bb5fd5036bdb246bc4d262767327cccedcf87d8c362fbd7d7a5aef3,2026,GS1,19,,,,250,N,marks_unread,0.0,Critically examine the challenges of demographic transition in contemporary India.,,,,
UPSC-CSE-MAINS-GS-2026-GS1,331847560644ff6913e62a1a29daadb49dca81f389b770a2862d081db516ed37,2026,GS1,20,,,,250,N,marks_unread,0.0,"Evaluate the impact of globalization on Indian youths with reference to social, political, economic and cultural spheres.",,,,
UPSC-CSE-MAINS-GS-2026-GS2,1e1e869c56b0651da88e961ed06bd877c8cb1d4b1cbcbde24a61a9864c9dc6d4,2026,GS2,1,,,10,150,N,,0.0,"Right to privacy relating to self-identity is very dear to every human being and well protected under Article 21 of the Constitution. In this context, examine the effect of the amendment in 2026, to the Transgender Persons (Protection of Rights) Act, 2019.",,,,
UPSC-CSE-MAINS-GS-2026-GS2,bc2b3d922882517317cb95834ed31654694c5d52cf270e1ee4f74e4bdecf5fac,2026,GS2,2,,,10,150,N,,0.0,"“Women as a class neither belong to a minority group nor are they regarded as forming a backward class.” In the light of this statement, discuss the evolution of women’s reservation from local bodies to Parliament.",,,,
UPSC-CSE-MAINS-GS-2026-GS2,396ce4062f281a9b56c860ad4c0a6c2a5086259afd90218bd9c5250ebea70767,2026,GS2,3,,,10,150,N,,0.0,Examine whether the constitutional office of the Lok Sabha Speaker has become vulnerable to partisan politics under the current anti-defection regime. What institutional changes are required to ensure the neutrality of the Lok Sabha Speaker in managing a polarised House?,,,,
UPSC-CSE-MAINS-GS-2026-GS2,06e3eb9ee8b00e2fd9c9296f55b34a13196f28b8a27feb1c55bc293a4e4e6c45,2026,GS2,4,,,10,150,N,,0.0,Is the right to vote a fundamental right? Discuss the position of the Election Commission of India while undertaking the revision of electoral rolls. Can it also examine the question of citizenship of voters?,,,,
UPSC-CSE-MAINS-GS-2026-GS2,67c96bf6bace9a9415c1081c35701471f97785154aadac0adc7d9acdc1a8467d,2026,GS2,5,,,10,150,N,,0.0,Do constitutional bodies like the National Commission for Scheduled Castes (NCSC) and the National Commission for Scheduled Tribes (NCST) possess adequate enforcement powers to secure substantive social equality? Suggest measures to enhance their institutional effectiveness.,,,,
UPSC-CSE-MAINS-GS-2026-GS2,796ce61f210cc0d3386d35558aab3c25f3ea761e5fb90bd7700d09a9d413ad32,2026,GS2,6,,,10,150,N,,0.0,Does India’s tribal development policy reflect the aspirations for a socially grounded and equity-based governance? Justify your answer.,,,,
UPSC-CSE-MAINS-GS-2026-GS2,6a28c56cca3660217235b62381712478e160360a53cdbe8d6eed84e2d7613327,2026,GS2,7,,,10,150,N,,0.0,"Malnutrition in India is not merely a public health concern; it is also a challenge of social equity, human development and effective welfare governance. Discuss.",,,,
UPSC-CSE-MAINS-GS-2026-GS2,3ddd2bde0c82c5015baf9651b8fcbf069ba4bdbdfb7319d41588b7c50b773902,2026,GS2,8,,,10,150,N,,0.0,Analyse the advantages and limitations of the generalist structure of the Indian Civil Services in contemporary governance.,,,,
UPSC-CSE-MAINS-GS-2026-GS2,ca0d8947d13374e3ddfdbc85b77a0d8341908477c5686c14f2bee884b997dd46,2026,GS2,9,,,10,150,N,,0.0,“IPMDA (Indo-Pacific Partnership for Maritime Domain Awareness) bridges the gap between India’s SAGAR (Security and Growth for All in the Region) vision and the Quad’s collective Indo-Pacific strategy.” Make a critical assessment of the statement focusing on IPMDA.,,,,
UPSC-CSE-MAINS-GS-2026-GS2,41aa0f2ad494d262434d77a7b58549c5b0a2e2c153d5a31dea33f32be6d89db8,2026,GS2,10,,,10,150,N,,0.0,"“BRICS acts as a powerful counterweight in global governance, actively amplifying the voice and influence of the Global South.” Explain the role of BRICS in projecting itself as an alternative to other groupings.",,,,
UPSC-CSE-MAINS-GS-2026-GS2,84ee0735b44845863919b43da1fe762b776b2617931b29f1e032ab0d53fdee2f,2026,GS2,11,,,15,250,N,,0.0,Discuss the position of the Governor in the federal polity of India. What is the nature of his power while giving assent to a bill passed by the State Legislature? Is he bound by the aid and advice of his Council of Ministers in all his functions?,,,,
UPSC-CSE-MAINS-GS-2026-GS2,3bf3522e03efecfb40b41164669751165b99117e433ee2010155252306c24b72,2026,GS2,12,,,15,250,N,,0.0,"What is meant by judicial legislation? In this context, discuss the verdicts of the apex court allowing “passive euthanasia” and a “living will”.",,,,
UPSC-CSE-MAINS-GS-2026-GS2,2772c4db124c19e3a84da9d334541e159ff2e88c6609b54184ad992052149f8a,2026,GS2,13,,,15,250,N,,0.0,How far has the Indian federal framework been successful in accommodating regional and cultural diversities? Highlight the role of asymmetric federalism and suggest measures to make dispute resolution mechanisms more effective.,,,,
UPSC-CSE-MAINS-GS-2026-GS2,f8cc0654dfbe8b1b5bee07010da44191cc4d53719f18e8d68c6ccda7e9ac99b1,2026,GS2,14,,,15,250,N,,0.0,"Examine how the separation of powers is practised in India compared to the rigid presidential model of the United States of America. In this context, compare the actual authority of the Indian Prime Minister with that of the President of the USA.",,,,
UPSC-CSE-MAINS-GS-2026-GS2,c744d6a12244dac2257be075fc3d36bfe98eac3bba317d658d1d762f71d331d1,2026,GS2,15,,,15,250,N,,0.0,"To what extent do pressure groups, social movements and corporate lobbies deepen pluralistic democracy in India by representing excluded interests? Analyse whether the growing convergence of corporate wealth and political power poses a threat to the autonomy of formal democratic institutions.",,,,
UPSC-CSE-MAINS-GS-2026-GS2,dd98fc7d6e0b77bdcec0f1dc4d41d7f01d9ef0502e2d471d37da4757ccf0770e,2026,GS2,16,,,15,250,N,,0.0,“Transparency and accountability in governance are not about controlling corruption but about creating the trust of stakeholders in the policy process by following the Rule of Law and Participatory Governance.” Comment.,,,,
UPSC-CSE-MAINS-GS-2026-GS2,9d035c11bd4748bd28145dd31cd97e2bf9284f4580de23246f12a6c7ef38ace3,2026,GS2,17,,,15,250,N,,0.0,Can the constitutional mandate of rights-based welfare be effectively realised in the context of non-integrated governance and minimal public investment? Examine.,,,,
UPSC-CSE-MAINS-GS-2026-GS2,dd2670625e54f43db4fb32f0b4afbdbbbb990e2ca9e2d3ff1dab58e5e798f626,2026,GS2,18,,,15,250,N,,0.0,"Should education be treated primarily as a welfare obligation of the state or as a strategic investment for building a globally competitive, knowledge-driven nation? Critically evaluate.",,,,
UPSC-CSE-MAINS-GS-2026-GS2,494bc057c6433412e847a885f2ab999331452d0246fd95099b725828319926ba,2026,GS2,19,,,15,250,N,,0.0,"“India’s global diaspora acts as a living bridge, as a critical economic factor and knowledge network in transforming cultural heritage into geopolitical influence and strategic leverage worldwide.” Critically examine this statement.",,,,
UPSC-CSE-MAINS-GS-2026-GS2,ebd0051ac070e51aeae105584f5eea88b7377601d41d70bc9532a8532325b1c7,2026,GS2,20,,,15,250,N,,0.0,“China’s Belt and Road Initiative (BRI) has transformed South Asia from a regional space into a theatre of great power competition.” Analyse the strategic implications of the BRI for India’s security and regional influence in South Asia.,,,,
UPSC-CSE-MAINS-GS-2026-GS3,5d9cc1c134985429bceb46bc2108235ccd24f8bf562c2be657efefc2f1724424,2026,GS3,1,,,10,150,N,,0.0,"What do you mean by Digital Rupee? In this context, explain the working and progress of India’s Central Bank Digital Currency (CBDC).",,,,
UPSC-CSE-MAINS-GS-2026-GS3,73fac9bcf548afdc87d0c1ca77f217e5d251534bf51a136b1ca9d1b66a65f183,2026,GS3,2,,,10,150,Y,low_confidence_ocr,0.0,Examine the view that financial inclusion is an integral part of social and economic inclusion in a country like India. Also throw light on the usefulness of the R.B.I.’s Financial Inclusion Index.,,,,
UPSC-CSE-MAINS-GS-2026-GS3,7600d4bf534d79413351b0d6956fae3b78f2f5644a95197d19dd2799f9c6c3e2,2026,GS3,3,,,10,150,N,,0.0,Describe the various Technology Missions initiated in Indian agriculture and examine their role in food security.,,,,
UPSC-CSE-MAINS-GS-2026-GS3,86459a2ecb02fc0a8a799b2c192476b76804821701a1ca035de198fd6d9decee,2026,GS3,4,,,10,150,N,,0.0,Explain the factors responsible for inefficiency of agri-produce marketing. How e-commerce helps to reduce inefficiency of agri-produce marketing? Explain.,,,,
UPSC-CSE-MAINS-GS-2026-GS3,0c41ecd0561334ded365d2009e3c5d5bffed7cf67408b01b9c3196663d389387,2026,GS3,5,,,10,150,N,,0.0,"Explain by giving two examples, how biotechnology has helped the Indian farmers in processing their perishable crops.",,,,
UPSC-CSE-MAINS-GS-2026-GS3,91aebe7af62f361424476a20f8f1abd774f3f3a75edf0329a66afa521983eac2,2026,GS3,6,,,10,150,Y,low_confidence_ocr,0.0,"Distinguish between a Fast Breeder Reactor (FBR) and a thermal nuclear reactor. In the context of first indigenously developed prototype FBR at Kalpakkam, explain the term ‘criticality’. What are its implications for ose energy future of our country?",,,,
UPSC-CSE-MAINS-GS-2026-GS3,151b16bd66068c294df5a82e0ecf2dcba66f47d87c96cd5cd4891b794ab803f8,2026,GS3,7,,,10,150,N,,0.0,"Discuss how the contradiction between ‘rapid infrastructure development’ and ‘disaster-risk reduction’ in ecologically-sensitive areas of India can be managed, with suitable examples.",,,,
UPSC-CSE-MAINS-GS-2026-GS3,c9ccdfd2514618e18ab1d594f69fa50f060d85e4ff44ec6876598330bbad0648,2026,GS3,8,,,10,150,N,,0.0,Discuss the aim and goals of Kunming-Montreal global biodiversity framework. Mention India’s commitments and initiatives to achieve the goals and targets of this framework giving suitable examples.,,,,
UPSC-CSE-MAINS-GS-2026-GS3,42f508bf92e78678374acabf487f831a3c44e2f3591996b23fbeb8442181edbc,2026,GS3,9,,,10,150,N,,0.0,"Explain how fake news and disinformation pose threat to Internal Security and Public Order in Indian context? In this regard, discuss salient features of amendments in respect of Information Technology (Intermediatory Guidelines and Digital Media Ethics Code) Rules 2021.",,,,
UPSC-CSE-MAINS-GS-2026-GS3,4bff20c26d8aca96d64d4676bde8a712c38dc1560d8e24c670f3dfbc1cea4d66,2026,GS3,10,,,10,150,Y,low_confidence_ocr,0.0,"Ladakh is strategically located between China and Pakistan. As a measure to win hearts and minds of locals, discuss the Border Area Development Programmes (BADP) by the Central Government and civic actions by the Army. Also discuss demand of promulgation of provision of the Sixth Schedule of constitution for Ladakh.",,,,
UPSC-CSE-MAINS-GS-2026-GS3,0b92502d3e3d4cd14fd29795238eb76b3c44aedfc491577318c76c0286dd0b22,2026,GS3,11,,,15,250,N,,0.0,Explain the key challenges for India’s energy security. What measures do you suggest for ensuring energy security along with economic growth and sustainability?,,,,
UPSC-CSE-MAINS-GS-2026-GS3,87c4363f36add48a5438be691cb23e22f7292972ae51f8c0eae81b2ac5da4e36,2026,GS3,12,,,,250,N,marks_unread,0.0,"How are startups in India promoting entrepreneurship, innovation and employment? Discuss the global and domestic challenges in their working and suggest suitable measures to overcome these challenges.",,,,
UPSC-CSE-MAINS-GS-2026-GS3,4223de297353184da700a8b342a1f09e0c2a76960897ee01431b26848bbf109a,2026,GS3,13,,,15,250,N,,0.0,How Indian agriculture has been transformed from food scarcity to food surplus level? Explain the various government policies implemented for diversification of Indian agriculture.,,,,
UPSC-CSE-MAINS-GS-2026-GS3,deff5cc89fb9047387ff76016d2a9aa84ba3fa9cc555a85e90f5643be1d96dfb,2026,GS3,14,,,15,250,N,,0.0,Discuss the different types of subsidies and supports provided by the Government of India to agricultural sector. Examine the related issues pertaining to Agreement on Agriculture of World Trade Organisation (WTO).,,,,
UPSC-CSE-MAINS-GS-2026-GS3,a0210f8da15ad80322d1ce6641fdc73d363f1e660c4973d46d08466cd2490ad5,2026,GS3,15,,,15,250,N,,0.0,Mention salient features of ‘Mission Drishti’. Discuss the imaging techniques used in the satellite launched on 3rd May 2026. Why it is being considered world’s first satellite of its kind?,,,,
UPSC-CSE-MAINS-GS-2026-GS3,ece0c91917ad1122ba3d05a512f67c09e3af5313766d7de11ee9ac3c030731f1,2026,GS3,16,,,15,250,N,,0.0,"What is agentic Artificial Intelligence (AI)? Explain its working. Describe its applications with suitable examples. Discuss the advantages, risks and challenges associated with agentic AI systems.",,,,
UPSC-CSE-MAINS-GS-2026-GS3,e0013f8e69907d6f901ef6659578f48e5ad644abd707875c9a5b0970f54e09f4,2026,GS3,17,,,15,250,N,,0.0,What are the challenges to solid waste management in India? Discuss the governmental policy framework on solid waste management. Discuss the success/ failure cases of Delhi and Indore cities highlighting the salient feature of their solid waste management initiatives.,,,,
UPSC-CSE-MAINS-GS-2026-GS3,30f7fb03200c79d9cc694860629b537b07af2b89c1ea5f50146559ef45031f2d,2026,GS3,18,,,15,250,N,,0.0,“Community participation is the cornerstone of effective disaster management”. Analyse this statement with suitable examples from India. Also discuss the challenges to community participation and measures to strengthen it.,,,,
UPSC-CSE-MAINS-GS-2026-GS3,dfd7322f11026b5080d99b9e58e34941a27ebfe50db325c67c4e639fc6c11eb8,2026,GS3,19,,,15,250,Y,low_confidence_ocr,0.0,Separatist movements have been one of the major factors contributing to militancy and instability in Jammu & Kashmir (J & K). Bring out actions taken by the Government to bring J&K into national mainstream. Discuss pre and post abrogation status of Articles 370 and 35A. Also bring out positive impacts of abrogation of both articles in mainstreaming the state.,,,,
UPSC-CSE-MAINS-GS-2026-GS3,f9b4043f6844a1161cfab3e25351331e67deb82c294d45e4da9221af54ba57bc,2026,GS3,20,,,15,250,N,,0.0,Discuss counterfeit currency and money laundering as major sources of terror funding in India. State the actions being taken at International level to check these menaces. Highlight the role of Financial Action Task Force (FATF) and methods of compliance by its member states in preventing terror funding.,,,,
UPSC-CSE-MAINS-GS-2026-GS4,06dd4f6e4e052b64274a98ba675eb0efa5a5ef8030d66aad52b9746f824e8908,2026,GS4,1,a,A,10,150,Y,low_confidence_ocr,0.0,"Owing to paucity of time, a university professor generates a Ph.D. evaluation report using Artificial Intelligence and submits it with some modifications. Discuss this from the perspective of accountability and integrity.",,,,
UPSC-CSE-MAINS-GS-2026-GS4,7c04f04e9ec36b9bef0730c0732a4dce30d238135f22d6baff46c32c6ee73580,2026,GS4,1,b,A,10,150,N,,0.0,"A business house is working on a project that could displace a forest community from their habitat. As the administrative officer of that district, what ethical challenges are you likely to face?",,,,
UPSC-CSE-MAINS-GS-2026-GS4,1b5a70bce86a191952b63b9c33ed9d9573a1d92530868d32d42eeb6c4ffa8ecd,2026,GS4,2,a,A,10,150,Y,low_confidence_ocr,0.0,"An endangered tribe has developed a severe skeletal deformity. A university research has identified a mineral supplement as a possible remedy, though clinical trials are yet to be conducted. Should the District Magistrate (DM) use this research on the tribe?. Discuss from the perspective of medical and administrative ethics.",,,,
UPSC-CSE-MAINS-GS-2026-GS4,c9651b3db7e408ab8f857e26dfa0632639174e1105b3896daa92f3b183554e65,2026,GS4,2,b,A,10,150,N,,0.0,Discuss how national security can be balanced with concerns of human rights.,,,,
UPSC-CSE-MAINS-GS-2026-GS4,42dc059f61c85f268801918cc0afc64fc5e4f7a3ccf19a6507f0d47cb3b48fdb,2026,GS4,3,a,A,10,150,Y,low_confidence_ocr,0.0,Dr. B. R. Ambedkar had cautioned that employing civil disobedience within a constitutional democracy equates to endorsing ‘anarchy’. How should modern democracies navigate the ethical dilemmas posed by civil disobedience movements that aim to promote social justice against policies that may raise genuine concerns?,,,,
UPSC-CSE-MAINS-GS-2026-GS4,18b859fa6731f241f3e1d8fb7a16e5f7573af40fec861e3a66c8132d37676753,2026,GS4,3,b,A,10,150,N,,0.0,In what ways can an Indian Administrative Officer apply Gandhi’s notion of ‘trusteeship’ to ensure fairness in governance?,,,,
UPSC-CSE-MAINS-GS-2026-GS4,219745b03cc21537198e6f34dced8efafc83331a06baaba77f0b717c7f7e099e,2026,GS4,3,c,A,10,150,N,,0.0,"Shakespeare in Henry IV says, “The arms are fair when the intent of bearing them is just”. What ethical implications does this have in governance?",,,,
UPSC-CSE-MAINS-GS-2026-GS4,6d276d2b7b5afc6bb02cb0605d08df0856371665cdd2e785d38d01067b863c01,2026,GS4,4,a,A,10,150,Y,low_confidence_ocr,0.0,"Citing the serious adverse effects of long-term medication, a doctor convinces the family of a female patient for surgery. This led the patient to reluctantly consent for the surgery, though her original choice was to opt for medication. Explain the concepts of paternalism and beneficence by analysing the doctor’s action.",,,,
UPSC-CSE-MAINS-GS-2026-GS4,61202d86848eee3cdf1c53a14af6f45e7c2e75dcdf49c5cb4926bf272f959763,2026,GS4,4,b,A,10,150,N,,0.0,"Efficiency is doing things right, while effectiveness is doing the right thing. How do you strike a balance between the two to enhance productivity?",,,,
UPSC-CSE-MAINS-GS-2026-GS4,0c62eb132ccfaba8785f5e3c3ffa9044d54934603e7cc465eaeb9f9408ee3887,2026,GS4,5,a,A,10,150,N,,0.0,"Usually schools, working in remote areas, do not fully comply with government regulations. However, if the rules are enforced strictly, it would lead to most schools closing down. How should an administrator strike a balance between enforcement of rules and educational rights of children?",,,,
UPSC-CSE-MAINS-GS-2026-GS4,ebe1dc9238c636907ff52004ac3975ce94c326c5ba7385bf217299996de74a0d,2026,GS4,5,b,A,10,150,N,,0.0,"In international relations, ethical considerations are often subjugated to the strategic interests of nation-states. Discuss this from an ethical perspective.",,,,
UPSC-CSE-MAINS-GS-2026-GS4,de5b35f4aefa6a4259648d8eb191a937efee9672bac05e01992b9de564fc024c,2026,GS4,6,a,A,10,150,N,,0.0,"On the request of his Personal Assistant (PA), the District Magistrate (DM) stops the transfer of a schoolteacher who takes private tuition for his daughter diagnosed with learning disability. In this context, discuss the aspects of empathy versus compliance with rules.",,,,
UPSC-CSE-MAINS-GS-2026-GS4,10563b7c3290c8a923ab6f3b70b67f1c4fee433d720ffe11d9b31364f0781923,2026,GS4,6,b,A,10,150,N,,0.0,Some moral philosophers argue that spending some of your resources— without significantly affecting your financial stability—to help other people who badly suffer is our moral duty and not merely a matter of charity. Justify this claim by explaining the distinction between duty and charity.,,,,
UPSC-CSE-MAINS-GS-2026-GS4,373683795ff2e87891abebe5c3ae8031edeb34f4bbac3587aac99eeeade3e6ef,2026,GS4,7,,B,20,250,Y,low_confidence_ocr,0.0,"Lata, a mother of two children, was admitted to a hospital for acute abdominal pain. Her sister-in-law, Sujatha, accompanied her. Dr. Mansi examined Lata and recommended a diagnostic laparoscopy. Lata’s consent was taken to conduct the medical procedure under general anesthesia. During the laparoscopy, Dr. Mansi’s team discovered a tumor in Lata’s uterus. A closer examination suggested that the tumor could be malignant. One option before Dr. Mansi was to extract a sample for biopsy. In that case, if the tumor was malignant, Lata would have to undergo another surgery for removal of the uterus. An alternative was to remove the uterus immediately. Dr. Mansi had to take a quick decision. As Lata was under general anesthesia, Dr. Mansi explained the situation to Sujatha. Sujatha agreed with Dr. Mansi’s recommendations for a hysterectomy, wherein Lata’s uterus would be removed to avoid the risk and pain of undergoing another surgery. Dr. Mansi removed Lata’s uterus after receiving Sujatha’s consent in writing. Lata was informed of this the next day. She was very upset and felt betrayed as she had not consented to the removal of her uterus. Lata complained to the police who tried to convince her that Dr. Mansi had acted with good intention to help a patient. Sujatha was of the same opinion, however Lata was not convinced and decided to approach the court. (a) Discuss the ethical issues involved in this case. (b) Discuss the moral conduct of the doctor in this situation.",,,,
UPSC-CSE-MAINS-GS-2026-GS4,c960d5bb4101a7b9103c7abc960c60efd3648bb50125d7cd46b0845e40c69e4a,2026,GS4,8,,B,20,250,Y,low_confidence_ocr,0.0,"Ravi is a senior police officer with vast experience in riot control and cyber-policing. Since one year, he has been the Superintendent of Police (SP) of a district with a history of frequent rioting. Last year, Ravi had sought installation of an AI enabled software for predictive policing. This system has been operational for approximately six months. This new system employs advanced algorithms for capturing the biometric data of persons in a crowd and swiftly relating it to a data library. This has enabled the police to identify the persons involved in various crimes. The system has identified an immigrant and low-income neighbourhood as a centre for gang violence and drug trafficking. Aided by this AI analysis, the local police has focused its patrolling, preventive detentions and establishing checkposts. Consequently, public order and law enforcement has visibly improved. Last week, some community leaders, civil rights lawyers and human rights activists visited Ravi’s office. They submitted a memorandum that the new system is faulty as it is based on incorrect historical data caused by social biases and discriminatory policing. The memorandum also alleges that the increased surveillance has created a climate of tension amongst residents. This feeling is aggravated by the fact that the residents are not aware of the data noted against their names. (a) What are the ethical issues including biases involved in the use of AI in datadriven policing? (b) Place yourself in Ravi’s role and discuss the alternatives available. Justify the action that optimises compliance with ethics.",,,,
UPSC-CSE-MAINS-GS-2026-GS4,91a0603c5571054ceeadbf3ccd7cec0b8183e9094a323534bf372c327c126124,2026,GS4,9,,B,20,250,Y,low_confidence_ocr,0.0,"Seema is a senior bureaucrat with a reputation of honesty and professional efficiency. She has recently been posted as the District Collector (DC) to Surinder Nagar, where a large industrial area is being established. The new industrial area had caused many farmers to submit applications for change of land use (CLU) to convert their farmlands into residential areas. There is an unusually large backlog of these applications awaiting processing. Seema noticed that some applications had been approved selectively with no visible chronological pattern. The case files showed a few complaints of some approvals being subject to receipt of large bribes from the applicants. On further fact-finding, Seema realized that a small group of touts was controlling this illegal activity through some subordinate officials in the Collectorate. This had created a fear in the other employees who were reluctant to process any application. The resultant backlog has been piling up thereby hindering local economic progress and causing public dissatisfaction. Seema was faced with a major moral and administrative challenge of dismantling this corruption network without hampering daily administrative operations. An aggressive internal investigation would result in institutional resistance and, possibly, a backlash from labour unions. Conversely, ignoring this situation would encourage the wrongdoers and unnecessarily continue this avoidable harassment to the populace. (a) What are the ethical issues involved in this case? (b) Discuss the options open to Seema. Identify the recommended option and justify it.",,,,
UPSC-CSE-MAINS-GS-2026-GS4,142cef075e1dc1d6c0321f57d048ed58ea0a9e4450db65a1c06e08264c1ed1c4,2026,GS4,10,,B,20,250,Y,low_confidence_ocr,0.0,"Vikas is a government officer with over a decade of service in public administration. He has recently moved as the District Collector (DC) of Nainipura, a remote hilly district bordering a forest. Due to Nainipura’s low levels of economic development, one of his major duties is to ensure proper functioning of the public distribution system (PDS) amongst the economically weaker sections (EWS). During his on-site visits, Vikas was apprised of a typical administrative challenge in operating the PDS. To prevent leakages, all distributors were required to carry out real-time biometric identification of the beneficiaries, whose fingerprints were tallied with identity card records. This was creating problems as the operating system sometimes rejected fingerprint matching in the cases of growing children, manual labourers and senior citizens. The problem was further compounded in periods of low WiFi connectivity. The distributors, in such cases, resorted to personal discretion when they could identify the recipient. Vikas had to address this problem on priority. Strictly adhering to government regulations would ensure fiscal probity but would greatly trouble the proposed beneficiary, i.e., EWS. It may even impinge on their fundamental right to life as per Article 21 of the Constitution. Conversely, leaving the resolution solely to the discretion of the distributors could lead to misuse and leakages. (a) What are the options open to Vikas? How should he balance fiscal probity with empathy towards the designated beneficiaries? (b) Discuss the ethics of using technology as a gatekeeper for welfare schemes.",,,,
UPSC-CSE-MAINS-GS-2026-GS4,2cebb6fff2ceda5e00d5ef5c5abcd02b5edc5e2cc2ee3064b3997383ab431e54,2026,GS4,11,,B,20,250,Y,low_confidence_ocr,0.0,"Rajapuram is a border district. Jhara and Biru, its two major communities are in continual conflict with each other. The social fabric is fractured and demands mending. Ethnic tensions between the two communities have erupted into violence resulting in a large number of deaths. The stated causes are conflicting land claims, uneven resource allocation and inadequate political representation in government bodies. Separate relief camps had to be created for the two communities. The situation is volatile and appears to be getting out of control. Rajan has been appointed the District Magistrate (DM) of Rajapuram and tasked to quickly get the situation under control. His immediate tasks include restoring administrative authority, reopening the highway and initiating peace talks. On taking over his appointment, Rajan realized that the inter-community rivalry had even seeped into the local administration and police. With functional neutrality being the immediate casualty, it had made both communities distrustful of the government. The neighbouring country could utilize the opportunity to spur insurgent activity and further aggravate the situation. Rajan favoured a controlled approach starting with opening the highway to restore food and medical supplies. He toyed with the idea of requisitioning CRPF units to help restore administrative control. (a) Discuss the ethical issues that need to be addressed in this case. (b) What are the options open to Rajan? Which option would ensure protection of his non-partisan image without compromising ethics?",,,,
UPSC-CSE-MAINS-GS-2026-GS4,d2f6056140e35fc6807d0fb20b2bf90a0d8a7997963e12418560ab6936927c9f,2026,GS4,12,,B,20,250,Y,low_confidence_ocr,0.0,"Ajit has been recently promoted as the Head of the Department of Weapon Sales (DWS) in the Ministry of Defence Production (MDP). His charter of duties includes international sales of weapons produced domestically by MDP. In two recent wars, MDP weapons have performed admirably, resulting in many countries showing interest in buying them, particularly long-range artillery and missiles. Country A and country B have asked for these weapons. However, production constraints restrict DWS to accept only one purchase order. Country A is a developing nation with a sound technology base. MDP is planning R&D collaboration with it for the next generation of weapons. It is not part of any security alliance and needs weapons for protection from a troublesome neighbour. It seeks a large acquisition on a long-term loan. Country B is also a developing nation. Military strength is its priority, with the military budget often ingressing into allocations for human resources and infrastructure development. It is in security alliance with a superpower who hasa large military base there and periodically allots it financial grants. It is a member of an economic bloc with which the government is currently negotiating a free trade agreement. It is not a signatory of NPT but possesses smaller nuclear weapons and delivery systems. It supports some guerrilla forces abroad. It has sought a smaller acquisition and is prepared to make some advance payment. It is currently negotiating arms purchases from another nation too. Ajit discussed this case with his counterparts in the related departments. Therein, the significant economic benefits, employment generation and stronger diplomatic relations arising from this sale were highlighted. It was also emphasized that refusing the deal could result in country B purchasing weapons from some other supplier. Ajit was aware that in arms sales, due diligence at each stage was pivotal to ensure conformity to national policy and international treaties. (a) Discuss the options available to Ajit. Which option should he select and why? (b) How can Ajit balance nation’s economic and strategic interests with ethical considerations?",,,,
UPSC-CSE-MAINS-GS-2026-ESSAY,e894814494708e505ed14fe86636aa64f9a5914a7b1d2a8fe196504de2a1ebbf,2026,ESSAY,1,,A,125,1000-1200,Y,low_confidence_ocr,0.0,Oxymorons reflect the ironies of life.,,,,
UPSC-CSE-MAINS-GS-2026-ESSAY,d3cfc7dee0cb7a5a4fc5e46eb1987c282853f977238c05b665fdc724fa2fad65,2026,ESSAY,2,,A,125,1000-1200,N,,0.0,A grateful mind is very beautiful.,,,,
UPSC-CSE-MAINS-GS-2026-ESSAY,c8f35e7b250eae6f6b723b5981ac7271677f09f4182ee0ef7355f310a18a5c3e,2026,ESSAY,3,,A,125,1000-1200,Y,low_confidence_ocr,0.0,A thorn is a changed bud.,,,,
UPSC-CSE-MAINS-GS-2026-ESSAY,98a5181c8abb32adeeb7208c6a0a7f1cff2eee405182e253ac4a6f6d56c40b8b,2026,ESSAY,4,,A,125,1000-1200,Y,low_confidence_ocr,0.0,"When two elephants fight, it is the grass that gets trampled.",,,,
UPSC-CSE-MAINS-GS-2026-ESSAY,5f274b052fecd991aca6550086f142ae42044b5e5d8052a6a7692513621b1d5f,2026,ESSAY,5,,B,125,1000-1200,N,,0.0,Nature is the symbol of the spirit.,,,,
UPSC-CSE-MAINS-GS-2026-ESSAY,be0987b1fafd8d019b2adb22e548e854acf64d3c18bd109e76e9c5c758ff62e2,2026,ESSAY,6,,B,125,1000-1200,N,,0.0,A well-educated mind will always have more questions than answers.,,,,
UPSC-CSE-MAINS-GS-2026-ESSAY,18aca00f3a163ff355aa3b3fb0b16bb3b710ae1400a26f8f0b8afe7c1326a854,2026,ESSAY,7,,B,125,1000-1200,N,,0.0,Shelving hard decisions is the least ethical course.,,,,
UPSC-CSE-MAINS-GS-2026-ESSAY,c7f9f4e5c738eb8537f1a8996e8d3bde3d832980903399b6fbcb236603000bf9,2026,ESSAY,8,,B,125,1000-1200,N,,0.0,A good leader is one who follows the followers.,,,,
