paper_code,content_hash,year,paper,official_number,sub_part,text,kind,subject_slug,status,proposed_slug,proposed_name,score,runner_up_slug,runner_up_name,runner_up_score,proposer_version,approved,edited_slug,essay_type,reviewer_note
UPSC-CSE-MAINS-GS-2013-GS1,442da5bdc375ca7198364f01c9f9f03a3263b4e3b9c845a8784d924acb408edd,2013,GS1,5,,Several foreigners made India their homeland and participated in various movements. Analyze their role in the Indian struggle for freedom.,topic,upsc-cse-mains-gs1,MAPPED,gs-1-revolt-of-1857-and-freedom-struggle-trends-during-the-freedom-struggle-indi-0122cf15,"Trends during the freedom struggle: Indian Renaissance/socio-religious movements, civil rebellions, tribal and peasant movements, working-class movement (1850-1900), growth of communalism, Left/Communist trends, press and education, role of women, Governors-General and Viceroys of India, important persons and Congress sessions",0.4795,gs-1-revolt-of-1857-and-freedom-struggle-march-towards-freedom-civil-disobedienc-bb45f693,"March towards freedom: Civil Disobedience Movement, Round Table Conferences, Poona Pact, GoI Act 1935, Congress ministries, Tripuri Session, August Offer, Individual Satyagraha (1940-41)",0.3255,gs-insert-tag-proposer-v1,,,,
UPSC-CSE-MAINS-GS-2013-GS1,b4e1bde83a7505cf4545cbc2b37cfc1284fd51a23be84df7cb170f234948a129,2013,GS1,6,,"“In many ways, Lord Dalhousie was the founder of modern India.” Elaborate.",topic,upsc-cse-mains-gs1,MAPPED,gs-1-indian-culture-indian-theatre-classical-sanskrit-regional-modern-and-its-re-9c03092f,"Indian theatre: classical Sanskrit, regional, modern, and its renaissance",0.2396,gs-1-indian-culture-medieval-school-of-sculpture-and-modern-indian-sculpture-6f3f20b0,Medieval school of sculpture and modern Indian sculpture,0.2333,gs-insert-tag-proposer-v1,,,,
UPSC-CSE-MAINS-GS-2013-GS1,9eb6e7795b5c3aa58192e0162424ec8ff6df0392c0f39925ccb51aeca86d53f4,2013,GS1,7,,"Write a critical note on the evolution and significance of the slogan, Jai Jawan Jai Kisan’.",topic,upsc-cse-mains-gs1,MAPPED,gs-1-geography-world-physical-geography-origin-and-evolution-of-the-earth-early-1303460a,"Origin and evolution of the Earth: early/modern (BBT) theories, star and planet formation, layered structure, evolution of lithosphere/atmosphere/hydrosphere, and origin of life",0.2191,gs-1-geography-world-physical-geography-world-physiographic-divisions-and-their-6cda57f1,World physiographic divisions and their economic-geographic significance; wetlands' ecological/economic importance,0.1753,gs-insert-tag-proposer-v1,,,,
UPSC-CSE-MAINS-GS-2013-GS1,984957b6ded9a64c5ce1d01a990ecbf1242cb9b6b9a6682b74830d10c30c196a,2013,GS1,8,,Discuss the contributions of Maulana Abul Kalam Azad to pre- and _ postindependent India.,topic,upsc-cse-mains-gs1,MAPPED,gs-1-medieval-india-establishment-of-the-mughal-empire-humayun-s-struggles-the-s-0d7dce2e,"Establishment of the Mughal empire: Humayun's struggles, the Sur dynasty and Sher Shah's administrative contributions",0.2157,gs-1-revolt-of-1857-and-freedom-struggle-early-nationalism-pre-congress-organisa-853097c5,"Early nationalism: pre-Congress organisations, Indian National Congress (1858-1905), early nationalists vs Swadeshi/Extremist strategic factions, GoI Act 1909, Home Rule League",0.1217,gs-insert-tag-proposer-v1,,,,
UPSC-CSE-MAINS-GS-2013-GS1,6e11775128839a064ba27c20d72e8856a489f6d47cdb104cfb93a47e8266458d,2013,GS1,9,,Analyze the circumstances that led to the Tashkent Agreement in 1966. Discuss the highlights of the Agreement.,topic,upsc-cse-mains-gs1,MAPPED,gs-1-physical-geography-of-india-human-geography-and-economic-geography-connecti-51a31f75,"Connectivity & port-led development: Shinku La tunnel and regional connectivity, Indian ports and economic development",0.2425,gs-1-ancient-india-pre-history-to-post-mauryan-growth-of-jainism-and-buddhism-as-df8b42ee,Growth of Jainism and Buddhism as heterodox responses to Vedic orthodoxy,0.0,gs-insert-tag-proposer-v1,,,,
UPSC-CSE-MAINS-GS-2013-GS1,f4fc247e2cdcfea242a42ec7e4183761e2722da83036ca401fd142c3f88cfe5d,2013,GS1,10,,Critically examine the compulsions which prompted India to play a decisive role in the emergence of Bangladesh.,topic,upsc-cse-mains-gs1,MAPPED,gs-1-world-history-emergence-of-the-usa-american-colonies-independence-the-revol-2e6fc342,"Emergence of the USA: American colonies, independence, the Revolutionary War and its political/global impact, the US Civil War and its global impact and impact on India",0.1997,gs-1-physical-geography-of-india-human-geography-and-economic-geography-urbaniza-556f64cf,"Urbanization in India: pattern, issues, rural-urban migration, slum emergence, urban transport/waste/water-sanitation, urban poverty, and inclusive/smart-city responses",0.1911,gs-insert-tag-proposer-v1,,,,
UPSC-CSE-MAINS-GS-2013-GS1,a57e429f2880a88ab65eb158af94258eaaf2f81b16fde7fc693f53470444fbd9,2013,GS1,11,,“Tatecomer’ Industrial Revolution in Japan involved certain factors that were markedly different from what West had experienced.” Analyze.,topic,upsc-cse-mains-gs1,MAPPED,gs-1-world-history-russian-revolution-pre-revolution-events-causes-course-conseq-6ae50888,"Russian Revolution: pre-revolution events, causes, course, consequences, aftermath, and post-Lenin Russia",0.2027,gs-1-physical-geography-of-india-human-geography-and-economic-geography-drainage-de3829fd,"Drainage system of India: drainage patterns, Himalayan and Peninsular river systems (Indus, Ganga, Brahmaputra systems), and small east/west-flowing rivers",0.1644,gs-insert-tag-proposer-v1,,,,
UPSC-CSE-MAINS-GS-2013-GS1,a67949361f15952fda40782bd930a039ac7284faac71d4f0a740edf4bbb9f9ee,2013,GS1,12,,“Africa was chopped into States artificially created by accidents of European competition.” Analyze.,topic,upsc-cse-mains-gs1,MAPPED,gs-1-physical-geography-of-india-human-geography-and-economic-geography-global-p-9afda12c,"Global physical-geography case studies: Sub-Saharan Africa food security, Africa's Afar Triangle",0.2841,gs-1-post-independence-consolidation-re-organisation-and-integration-of-states-c-521f778b,"Re-organisation and integration of states: constitutional provisions, factors behind the merger, accession of princely states, J&K/Hyderabad/Junagarh crises, accession of French/Portuguese enclaves, accession of Sikkim, refugee rehabilitation, federal crisis, and national integration",0.1591,gs-insert-tag-proposer-v1,,,,
UPSC-CSE-MAINS-GS-2013-GS1,97fc93fd5ec3bcde2faad36aa4f210be265f9ac077f8b6ef148f1080e919d7c5,2013,GS1,14,,What policy instruments were deployed to contain the Great Economic Depression?,topic,upsc-cse-mains-gs1,MAPPED,gs-1-world-history-inter-war-years-1919-1939-the-great-depression-rise-of-fascis-8d15c159,"Inter-war years (1919-1939): the Great Depression, rise of Fascism in Italy, rise of Nazism in Germany, and the Soviet Union (USSR)",0.2311,gs-1-modern-indian-history-european-trading-companies-rivalry-the-carnatic-wars-152627e3,"European trading companies' rivalry, the Carnatic Wars, and the Battle of Plassey (1757) as 'a great betrayal' rather than a great battle",0.1989,gs-insert-tag-proposer-v1,,,,
UPSC-CSE-MAINS-GS-2013-GS1,ee365fe13d5481c6972eb14d6f116bae6be0ebc46199fdd0599b4b65c256bb89,2013,GS1,15,,Discuss the various social problems which originated out of the speedy process of urbanization in India.,topic,upsc-cse-mains-gs1,MAPPED,gs-1-indian-society-social-risk-institutional-conditions-state-of-prisons-drug-a-5fb7870f,"Social risk & institutional conditions: state of prisons, drug abuse, social media's effect on youth",0.3055,gs-1-indian-society-caste-system-structural-resilience-as-a-barrier-to-social-mo-7f3798ca,"Caste system: structural resilience as a barrier to social mobility, and its adaptation to modernization/secularization",0.2362,gs-insert-tag-proposer-v1,,,,
UPSC-CSE-MAINS-GS-2013-GS1,27f4cec5d28e8519ff17c38a10a59dfa1884c61b72d1e350f42dcc5aebf9c8fd,2013,GS1,16,,“Male membership needs to be encouraged in order to make women’s organization free from gender bias.” Comment.,topic,upsc-cse-mains-gs1,MAPPED,gs-1-indian-society-women-related-issues-hysterectomies-workforce-participation-c85e0a69,"Women-related issues: hysterectomies, workforce participation gaps, gender disparities in poverty, women in corporate roles, abortion rights, gender digital divide, menstrual hygiene, surrogacy rules, sexual harassment at workplace, domestic violence, marital rape, women in STEM, female entrepreneurship, NFHS-5 women-centric findings",0.2482,gs-1-indian-society-social-empowerment-meaning-need-five-year-plan-and-governmen-e656d358,"Social empowerment: meaning, need, Five-Year-Plan and government initiatives, role of civil society organisations",0.1908,gs-insert-tag-proposer-v1,,,,
UPSC-CSE-MAINS-GS-2013-GS1,fc9ce6c4f6c90517a1994d8f17f7b9505048629ac311108be478e38704aba439,2013,GS1,18,,Growing feeling of regionalism is an important factor in generation of demand for a separate State. Discuss.,topic,upsc-cse-mains-gs1,MAPPED,gs-1-indian-society-social-risk-institutional-conditions-state-of-prisons-drug-a-5fb7870f,"Social risk & institutional conditions: state of prisons, drug abuse, social media's effect on youth",0.1836,gs-1-world-history-nationalism-in-europe-rise-of-the-nation-state-system-unifica-8feb50ac,"Nationalism in Europe: rise of the nation-state system, unification of Italy and Germany",0.177,gs-insert-tag-proposer-v1,,,,
UPSC-CSE-MAINS-GS-2013-GS1,6900e4ce5efae0a0f0dddaedb3a0ca2e520be668310da38d834b0fb334c55787,2013,GS1,20,,"The recent cyclone on east coast of India was called ‘Phailin’, How are the tropical cyclones named across the world? Elaborate.",topic,upsc-cse-mains-gs1,MAPPED,gs-1-geography-world-physical-geography-tropical-cyclones-formation-conditions-c-2c4c22be,"Tropical cyclones: formation conditions, convective cyclogenesis, path, damage, Arabian Sea cyclones, naming conventions, and early-warning systems",0.3136,gs-1-world-history-development-in-the-middle-east-democratic-reforms-arab-nation-6cd1637e,"Development in the Middle East: democratic reforms, Arab nationalism, and Israel",0.1773,gs-insert-tag-proposer-v1,,,,
UPSC-CSE-MAINS-GS-2013-GS1,af0461ad0a4452c3b42003e60c82058e4655e8f7dfe42d807fe070a219cdc0f4,2013,GS1,21,,Bring out the causes for the formation of heat islands in the urban habitat of the world.,topic,upsc-cse-mains-gs1,MAPPED,gs-1-physical-geography-of-india-human-geography-and-economic-geography-urbaniza-556f64cf,"Urbanization in India: pattern, issues, rural-urban migration, slum emergence, urban transport/waste/water-sanitation, urban poverty, and inclusive/smart-city responses",0.2181,gs-1-indian-society-urbanization-challenges-growth-of-the-informal-urban-sector-b11bb18c,"Urbanization challenges: growth of the informal urban sector, smart cities as a management tool, flood vulnerability of major cities, rural-urban migration, emergence of slums, urban transport/waste/water-sanitation issues, urban poverty, and the Real Estate (Regulation & Development) Act 2016",0.2037,gs-insert-tag-proposer-v1,,,,
UPSC-CSE-MAINS-GS-2013-GS1,cc68cd188561d295863fd0ec222f0a7df41885728b55206bcf9848f93da9d4f6,2013,GS1,22,,What do you understand by the phenomenon of ‘temperature inversion’ in meteorology? How does it affect weather and the habitants of the place?,topic,upsc-cse-mains-gs1,MAPPED,gs-1-physical-geography-of-india-human-geography-and-economic-geography-monsoon-09bf8afc,"Monsoon, climate & extreme-weather geography: cyclones of the Bay of Bengal and climate change, El Nino and Indian monsoon, Indian Ocean Dipole's weather impact, heat waves/anticyclones/global warming in India, changing Western Disturbances",0.1485,gs-1-geography-world-physical-geography-climatology-atmospheric-composition-and-16e0cb11,"Climatology: atmospheric composition and structure (exosphere to troposphere), insolation and heat balance, temperature distribution and inversion, atmospheric pressure and wind systems (pressure gradient/frictional/Coriolis forces), general/global circulation (Hadley/Ferrel/Polar cells), air masses and fronts, extra-tropical cyclones and thunderstorms/tornadoes, water in the atmosphere (humidity, dew, frost, fog, cloud types, precipitation types)",0.142,gs-insert-tag-proposer-v1,,,,
UPSC-CSE-MAINS-GS-2013-GS1,95a996163656de340a8021214958704987a09f4d3de1c0c8befbaf05baad19ab,2013,GS1,23,,Major hot deserts in northern hemisphere are located between 20-30 deg N latitudes and on the western side of the continents. Why?,topic,upsc-cse-mains-gs1,MAPPED,gs-1-geography-world-physical-geography-world-climate-types-equatorial-tropical-14471d14,"World climate types: equatorial, tropical monsoon/marine, Savanna, hot desert and mid-latitude desert, Mediterranean, temperate continental/oceanic/steppe, China-type, British-type, Siberian, Laurentian, and Arctic/Polar climates",0.265,gs-1-medieval-india-northern-india-in-the-first-half-of-the-18th-century-struggl-3130d5d6,"Northern India in the first half of the 18th century: struggle for Wizarat, Sayyid Brothers, rise of regional states and the beginning of foreign invasions",0.1195,gs-insert-tag-proposer-v1,,,,
UPSC-CSE-MAINS-GS-2013-GS1,32e6589595e76a64c8bee4f06e3e37b7ff5a9b2834e6a8fbb06c50f0dca25ed0,2013,GS1,24,,Bring out the causes for more frequent occurrence of landslides in the Himalayas than in the Western Ghats.,topic,upsc-cse-mains-gs1,MAPPED,gs-1-physical-geography-of-india-human-geography-and-economic-geography-physiogr-bf8786ba,"Physiography of India: geopolitical significance of location, geological divisions, the Peninsular Block, the Himalayas and other peninsular mountains, Indo-Gangetic-Brahmaputra Plain, and physiographic divisions",0.1234,gs-1-indian-society-secularism-meaning-the-indian-constitutional-vantage-point-c-f5241471,"Secularism: meaning, the Indian constitutional vantage point, comparison with the Western model, Gandhian view on religion, and threats to the secular spirit",0.1216,gs-insert-tag-proposer-v1,,,,
UPSC-CSE-MAINS-GS-2013-GS1,7097ad65d8971ef3bf83eed34303201c7152a18fb588b367230d2f76e1449cba,2013,GS1,25,,There is no formation of deltas by rivers of the Western Ghats. Why?,topic,upsc-cse-mains-gs1,MAPPED,gs-1-physical-geography-of-india-human-geography-and-economic-geography-drainage-de3829fd,"Drainage system of India: drainage patterns, Himalayan and Peninsular river systems (Indus, Ganga, Brahmaputra systems), and small east/west-flowing rivers",0.1805,gs-1-physical-geography-of-india-human-geography-and-economic-geography-river-ba-9a663b0f,"River-basin & water-resource management: Indus dam construction prospects/challenges, integrated river-basin management, shrinking reservoir water, declining groundwater, multipurpose projects and regional development",0.1578,gs-insert-tag-proposer-v1,,,,
UPSC-CSE-MAINS-GS-2013-GS1,6faaac89d5eab7d7b2f5f9970a05aba5a9a7c410cc1587f432bbd3f656784a25,2013,GS1,26,,Do you agree that there is a growing trend of opening new sugar mills in southern States of India? Discuss with justification.,topic,upsc-cse-mains-gs1,MAPPED,gs-1-revolt-of-1857-and-freedom-struggle-trends-during-the-freedom-struggle-indi-0122cf15,"Trends during the freedom struggle: Indian Renaissance/socio-religious movements, civil rebellions, tribal and peasant movements, working-class movement (1850-1900), growth of communalism, Left/Communist trends, press and education, role of women, Governors-General and Viceroys of India, important persons and Congress sessions",0.1867,gs-1-post-independence-consolidation-re-organisation-and-integration-of-states-c-521f778b,"Re-organisation and integration of states: constitutional provisions, factors behind the merger, accession of princely states, J&K/Hyderabad/Junagarh crises, accession of French/Portuguese enclaves, accession of Sikkim, refugee rehabilitation, federal crisis, and national integration",0.1283,gs-insert-tag-proposer-v1,,,,
UPSC-CSE-MAINS-GS-2013-GS1,3d2423c9f8a839e504ee1d8cae69ae10777af50e3f038e3b328090cbab2d5ea0,2013,GS1,28,,"With growing scarcity of fossil fuels, the atomic energy is gaining more and more significance in India. Discuss the availability of raw material required for the generation of atomic energy in India and in the world.",topic,upsc-cse-mains-gs1,MAPPED,gs-1-physical-geography-of-india-human-geography-and-economic-geography-mineral-44cd50ab,"Mineral and energy resources: metallic/non-metallic mineral types, distribution and mining regions, ferrous/non-ferrous metal production and trade, energy classification, conventional energy sources (coal, petroleum, natural gas, hydro-electricity), atomic energy (uranium/thorium), renewable energy (solar, wind, geothermal, tidal, wave, biomass), and alternate sources (hydrogen, microbial fuel cells)",0.4314,gs-1-physical-geography-of-india-human-geography-and-economic-geography-resource-2c36ff54,"Resource & energy geography: wind-energy potential, petroleum-production challenges, critical-mineral distribution, rare-earth-metal prospects, coal demand vs net-carbon-neutrality, Eastern Maritime Corridor, South China Sea geopolitics",0.1994,gs-insert-tag-proposer-v1,,,,
UPSC-CSE-MAINS-GS-2013-GS1,e2cdbd30d45a100c7a468d2a9ca72b04838c7e6fb17b1c86cc6482029a19f686,2013,GS1,29,,"It is said that India has substantial reserves of sale oil and gas, which can feed the needs of the country for quarter century. However, tapping of the resource does not appear to be high on the agenda. Discuss critically the availability and issues involved.",topic,upsc-cse-mains-gs1,MAPPED,gs-1-indian-society-social-empowerment-meaning-need-five-year-plan-and-governmen-e656d358,"Social empowerment: meaning, need, Five-Year-Plan and government initiatives, role of civil society organisations",0.1586,gs-1-post-independence-consolidation-overview-of-economic-development-since-inde-3aa003ac,"Overview of economic development since Independence: Five Year Plans journey, agriculture (land reforms, post-Green-Revolution issues, agrarian movements, achievements/challenges), industry (public/private sector development, industrial policy, Make in India), New Economic Policy impact, and post-Independence policy of Science & Technology (institutional framework, pre-/post-reform S&T, skill training agenda)",0.1057,gs-insert-tag-proposer-v1,,,,
UPSC-CSE-MAINS-GS-2013-GS2,89a183bb640f643949cbae6a2b059d2cbfaa499ef34a7e6c8178b1c46aaaf91b,2013,GS2,1,,The role of individual MPs (Members of Parliament) has diminished over the years and as a result healthy constructive debates on policy issues are not usually witnessed. How far can this be attributed to the anti-defection law which was legislated but with a different intention? [200 words],topic,upsc-cse-mains-gs2,MAPPED,gs-2-governance-government-policies-and-development-processes-political-parties-197eafec,"Political parties in India: reforms, problems in functioning, casteism and politics, anti-defection strengthening, and coalition-government dynamics",0.2306,gs-2-union-and-state-executive-legislature-and-judiciary-electoral-political-pro-7e501620,"Electoral & political-process reform: NOTA, coalition politics, electoral bonds, anti-defection reforms, women's reservation act, parliamentary privileges",0.1825,gs-insert-tag-proposer-v1,,,,
UPSC-CSE-MAINS-GS-2013-GS2,36d03a6664b8d2144da5e191b55d8a29fdf25c5c5aeb7d5e053b84b06c76d121,2013,GS2,2,,"Discuss Section 66A of IT Act, with reference to its alleged violation of Article 19 of the Constitution. [200 words]",topic,upsc-cse-mains-gs2,MAPPED,gs-2-indian-constitution-amendment-process-the-constitution-s-dynamic-living-doc-5c495a79,"Amendment process: the Constitution's dynamic/'living document' nature (Article 368), Basic Structure Doctrine as a judicial 'safety valve', and different majority-types required",0.2602,gs-2-union-and-state-executive-legislature-and-judiciary-federalism-reservation-d6aaaefb,"Federalism, reservation & constitutional status: Article 31C, reservation on the basis of religion/domicile, sub-categorisation of SC/OBC, reservation in J&K, Ladakh's demand for 6th Schedule status, Article 370 verdict, Citizenship Amendment Act, Uniform Civil Code, comparative secularism (Indian vs French models)",0.2322,gs-insert-tag-proposer-v1,,,,
UPSC-CSE-MAINS-GS-2013-GS2,f2742465c341f5ca733aec01d997fd1e6d681ec640ef55eee83548f5be54c4dc,2013,GS2,3,,Recent directives from Ministry of Petroleum and Natural Gas are perceived by the ‘Nagas’ as a threat to override the exceptional status enjoyed by the State. Discuss in light of Article 371A of the Indian Constitution. [200 words],topic,upsc-cse-mains-gs2,MAPPED,gs-2-union-and-state-executive-legislature-and-judiciary-federalism-reservation-d6aaaefb,"Federalism, reservation & constitutional status: Article 31C, reservation on the basis of religion/domicile, sub-categorisation of SC/OBC, reservation in J&K, Ladakh's demand for 6th Schedule status, Article 370 verdict, Citizenship Amendment Act, Uniform Civil Code, comparative secularism (Indian vs French models)",0.3083,gs-2-indian-constitution-directive-principles-of-state-policy-basic-economic-soc-e030bf23,"Directive Principles of State Policy: basic/economic-social/Gandhian/administrative/international-peace-related DPSPs, implementation record, and the Fundamental Rights-DPSP controversy (including directives outside Part IV and the Uniform Civil Code debate)",0.1829,gs-insert-tag-proposer-v1,,,,
UPSC-CSE-MAINS-GS-2013-GS2,e0405cd8c55053f589aa0ba2b0660e484ccc4ac2287db68c69cb6957da5d3d4b,2013,GS2,4,,‘The Supreme Court of India keeps a check on arbitrary power of the Parliament in amending the Constitution.’ Discuss critically. [200 words],topic,upsc-cse-mains-gs2,MAPPED,gs-2-indian-constitution-separation-of-powers-features-in-american-uk-constituti-b8f9c5e9,"Separation of powers: features in American/UK constitutions, checks-and-balances in the Indian scheme, judicial review, and the concept's practical limits",0.3045,gs-2-union-and-state-executive-legislature-and-judiciary-judiciary-rights-rule-o-86b797d1,"Judiciary, rights & rule of law: right to personality, right to vote for undertrials, curative petition, tribunals in India, criminal law reforms, All India Judicial Services, Supreme Court case-burden, contempt of court, freedom of press, special/local laws, ED and PMLA",0.2774,gs-insert-tag-proposer-v1,,,,
UPSC-CSE-MAINS-GS-2013-GS2,379a9fa692d6a6fd48ce62efcb3a4ab06e8ed52a3d9b3340f968d86cc41ed208,2013,GS2,5,,"Many State Governments further bifurcate geographical administrative areas like Districts and Talukas for better governance. In light of the above, can it also be justified that more number of smaller States would bring in effective governance at State level? Discuss. [200 words]",topic,upsc-cse-mains-gs2,MAPPED,gs-2-governance-government-policies-and-development-processes-important-aspects-ef8735ab,"Important aspects of governance, transparency and accountability: citizen-centric governance, legislative/administrative/judicial accountability, Ombudsman, whistleblower protection, anti-corruption machinery (role of citizens/media/social audit), systemic reforms, decentralisation vs delegation, and bottom-up governance",0.2031,gs-2-governance-government-policies-and-development-processes-need-and-importanc-de5fce4c,"Need and importance of government policies: growth/development, human capital formation, equality and social justice, unity and integrity, trust between state and citizens; governance meaning/scope and the good-governance debate",0.1933,gs-insert-tag-proposer-v1,,,,
UPSC-CSE-MAINS-GS-2013-GS2,70390b092716f3dce543df456f40061fa05800e5d1f35783291b792641107ac6,2013,GS2,6,,Constitutional mechanisms to resolve the inter-state water disputes have failed to address and solve the problems. Is the failure due to structural or process inadequacy or both? Discuss. [200 words],topic,upsc-cse-mains-gs2,MAPPED,gs-2-union-and-state-executive-legislature-and-judiciary-the-governor-chief-mini-446b5fc5,"The Governor, Chief Minister, Advocate-General, and State Legislature: appointment, discretionary/ordinance/pardoning powers, composition of Vidhan Sabha/Parishad, legislative procedure, and inter-house relationships",0.146,gs-2-international-relations-major-powers-russia-strategic-cooperation-russia-ch-75e82be4,"Major powers: Russia (strategic cooperation, Russia-China impact on India), China (economic relations, water disputes, String of Pearls, Maritime Silk Route/BRI implications, border disputes, South China Sea, CBMs), USA (strategic consultations, counter-terrorism, trade, energy/climate, S&T/space, defence cooperation, IPR, Indo-Pacific/QUAD, GSP)",0.1361,gs-insert-tag-proposer-v1,,,,
UPSC-CSE-MAINS-GS-2013-GS2,8856d7b361dd545ca6f03bbda7fccd7a4bedd9a679b9192869244f16eacb45c9,2013,GS2,7,,Discuss the recommendations of the 13*® Finance Commission which have been a departure from the previous commissions for strengthening the local government finances. [200 words],topic,upsc-cse-mains-gs2,MAPPED,gs-2-union-and-state-executive-legislature-and-judiciary-constitutional-bodies-e-433df162,"Constitutional bodies: Election Commission, UPSC, State PSC, Finance Commission, GST Council, National Commission for SCs/STs, Special Officer for Linguistic Minorities, National Commission for Backward Classes; Non-Constitutional Bodies: NITI Aayog",0.4107,gs-2-union-and-state-executive-legislature-and-judiciary-statutory-regulatory-qu-1f7989f9,"Statutory/regulatory/quasi-judicial bodies: CVC, CBI, NHRC ('toothless tiger' critique), SHRC, Central/State Information Commission, NGT, SEBI, IRDA, TRAI, NCLAT, National Consumer Disputes Redressal Commission, Lokpal and Lokayukta, Planning Commission legacy, PMO, Zonal Council",0.2561,gs-insert-tag-proposer-v1,,,,
UPSC-CSE-MAINS-GS-2013-GS2,3e13ac9ffb4e25c085abd94e3b7fe88c0b5cb9abf95feb85eb6d4dec6cc9cdfc,2013,GS2,8,,"The product diversification of financial institutions and insurance companies, resulting in overlapping of products and services strengthens the case for the merger of the two regulatory agencies, namely SEBI and IRDA. Justify. [200 words]",topic,upsc-cse-mains-gs2,MAPPED,gs-2-union-and-state-executive-legislature-and-judiciary-statutory-regulatory-qu-1f7989f9,"Statutory/regulatory/quasi-judicial bodies: CVC, CBI, NHRC ('toothless tiger' critique), SHRC, Central/State Information Commission, NGT, SEBI, IRDA, TRAI, NCLAT, National Consumer Disputes Redressal Commission, Lokpal and Lokayukta, Planning Commission legacy, PMO, Zonal Council",0.1429,gs-2-governance-government-policies-and-development-processes-delivery-mechanism-c98eb99c,"Delivery mechanisms & sectoral missions: co-operatives, MSME, One Nation One Ration Card/One District One Product, entitlement portability, flagship missions (Jal Jeevan, Gati Shakti)",0.1013,gs-insert-tag-proposer-v1,,,,
UPSC-CSE-MAINS-GS-2013-GS2,79798fd4d2947413819fa8cf4ae62a718c420092211f2efe2646a28c6d74fd39,2013,GS2,9,,"The concept of Mid Day Meal (MDM) scheme is almost a century old in India with early beginnings in Madras Presidency in pre-independent India. The scheme has again been given impetus in most states in the last two decades. Critically examine its twin objectives, latest mandates and success.: [200 words] 10 (A-BRL-M-HTUB]",topic,upsc-cse-mains-gs2,MAPPED,gs-2-social-justice-welfare-health-education-and-poverty-flagship-schemes-educat-4d5eb270,"Flagship schemes: education: Padhe Bharat Badhe Bharat, Mid-Day Meal, SWAYAM",0.2567,gs-2-indian-constitution-separation-of-powers-features-in-american-uk-constituti-b8f9c5e9,"Separation of powers: features in American/UK constitutions, checks-and-balances in the Indian scheme, judicial review, and the concept's practical limits",0.1888,gs-insert-tag-proposer-v1,,,,
UPSC-CSE-MAINS-GS-2013-GS2,d16e49f658c5a63446e69be4ecbad28290e1bae84cfd9a9f5b6c6b720674d122,2013,GS2,10,,"Pressure group politics is sometimes seen as the informal face of politics. With regards to the above, assess the structure and functioning of pressure groups in India. [200 words]",topic,upsc-cse-mains-gs2,MAPPED,gs-2-governance-government-policies-and-development-processes-pressure-groups-an-36f5531a,"Pressure groups and formal/informal associations: types, significance, distinction from political parties, politicisation of pressure groups, and their evolving role via new media",0.3077,gs-2-union-and-state-executive-legislature-and-judiciary-representation-of-peopl-de9986fb,"Representation of People's Act: disqualification triggers, criminalization of politics, electoral reform proposals, and electoral bond aftermath",0.222,gs-insert-tag-proposer-v1,,,,
UPSC-CSE-MAINS-GS-2013-GS2,1ef4988dc45fe4d818c2a31e67f1ad5a25565024cc72a8d96542ab5951d74181,2013,GS2,11,,"The legitimacy and accountability of Self Help Groups (SHGs) and their patrons, the micro-finance outfits, need systematic assessment and scrutiny for the sustained success of the concept. Discuss. [200 words]",topic,upsc-cse-mains-gs2,MAPPED,gs-2-governance-government-policies-and-development-processes-development-proces-d5bc13d1,"Development process and industry: growth vs development, main constraints and stakeholders, SHGs (meaning, importance, institutional structure, funding, women's development linkage, poverty/rural-development linkage), and Micro Finance (meaning, structure, importance)",0.2015,gs-2-governance-government-policies-and-development-processes-important-aspects-ef8735ab,"Important aspects of governance, transparency and accountability: citizen-centric governance, legislative/administrative/judicial accountability, Ombudsman, whistleblower protection, anti-corruption machinery (role of citizens/media/social audit), systemic reforms, decentralisation vs delegation, and bottom-up governance",0.1215,gs-insert-tag-proposer-v1,,,,
UPSC-CSE-MAINS-GS-2013-GS2,f8cc27f5b70d25c59fd74280bc14c126e822fe5c3aeee0b3cf85a422a36bf433,2013,GS2,12,,The Central Government frequently complains on the poor performance of the State Governments in eradicating suffering of the vulnerable sections of the society. Restructuring of Centrally sponsored schemes across the sectors for ameliorating the cause of vulnerable sections of population aims at providing flexibility to the States in better implementation. Critically evaluate. [200 words],topic,upsc-cse-mains-gs2,MAPPED,gs-2-union-and-state-executive-legislature-and-judiciary-ministries-departments-e81ac269,"Ministries/Departments of government: functioning, central secretariat, cabinet secretary, field organizations, and PMO",0.1908,gs-2-social-justice-welfare-health-education-and-poverty-right-to-education-act-c37cbd3c,Right to Education Act's access-expansion vs persistent quality challenge; MGNREGA's asset-creation and distress-migration-reduction performance; National Rural Health Mission's implementation challenges; TPDS's effectiveness in reaching 'the poorest of the poor',0.1884,gs-insert-tag-proposer-v1,,,,
UPSC-CSE-MAINS-GS-2013-GS2,2e62fb62679d79be1b08896495d6921c860442b92ffedff744eaa82e835ef670,2013,GS2,13,,"Electronic cash transfer system for the welfare schemes is an ambitious project to minimize corruption, eliminate wastage and facilitate reforms. Comment.",topic,upsc-cse-mains-gs2,MAPPED,gs-2-social-justice-welfare-health-education-and-poverty-welfare-schemes-by-cons-7f20efbb,"Welfare schemes by constitutional arrangement: women welfare (gender technology gap, women in the political system, marriageable-age debate), child welfare, SC/ST/OBC welfare, caste census, minorities welfare, old-age welfare, and needed legislative reforms",0.2584,gs-2-union-and-state-executive-legislature-and-judiciary-the-judiciary-integrate-66f06851,"The Judiciary: integrated judicial system, Supreme Court composition/independence/jurisdiction/judicial-review/curative-petition, High Courts, lower judiciary, judicial appointments (collegium system, NJAC controversy), judicial accountability and corruption issues, PIL, judicial activism, and alternative dispute-redressal fora (Lok Adalat, family courts, Gram Nyayalayas, NALSA, arbitration)",0.1525,gs-insert-tag-proposer-v1,,,,
UPSC-CSE-MAINS-GS-2013-GS2,df9e1d24b7972be3cf7329b14c38d979513969080e53c65387c5ceb2b180753d,2013,GS2,14,,The basis of providing urban amenities in rural areas (PURA) is rooted in establishing connectivity. Comment. [200 words],topic,upsc-cse-mains-gs2,MAPPED,gs-2-social-justice-welfare-health-education-and-poverty-the-scheduled-and-triba-f376c85d,"The Scheduled and Tribal Areas: 5th/6th Schedule areas, autonomous-council composition/role, Governor's role, tribal sub-plan, and start-up/skill-development linkage for tribal areas",0.17,gs-2-social-justice-welfare-health-education-and-poverty-inclusive-growth-measur-d66a8c0b,"Inclusive growth: measurement criteria, government initiatives, basic amenities (housing/drinking water/sanitation), sustainable and rural development, panchayati raj linkage",0.159,gs-insert-tag-proposer-v1,,,,
UPSC-CSE-MAINS-GS-2013-GS2,4f6bb719681d663e25714b81a1a2761a8cf71ed9465ca29a513e94e2fb814422,2013,GS2,15,,Identify the Millennium Development Goals (MDGs) that are related to health. Discuss the success of the actions taken by the Government for achieving the same. [200 words],topic,upsc-cse-mains-gs2,MAPPED,gs-2-social-justice-welfare-health-education-and-poverty-health-for-all-target-v-add17757,'Health for All' target vs structural health-infrastructure gaps; rising out-of-pocket health expenditure; commercialization of healthcare vs universal affordable public care,0.3546,gs-2-social-justice-welfare-health-education-and-poverty-flagship-schemes-health-1211df9f,"Flagship schemes: health: National Health/Ayush Mission, Jan Aushadhi, Mission Indradhanush",0.3545,gs-insert-tag-proposer-v1,,,,
UPSC-CSE-MAINS-GS-2013-GS2,399152fedc9c5939fd23b94847171805801e773f3e1bda2766f2e6b9429eefa3,2013,GS2,16,,"Though Citizens’ charters have been formulated by many public service delivery organizations, there is no corresponding improvement in the level of citizens’ satisfaction and quality of services being provided. Analyse. [200 words]",topic,upsc-cse-mains-gs2,MAPPED,gs-2-social-justice-welfare-health-education-and-poverty-citizen-s-charter-and-r-712c60fa,Citizen's Charter and RTI Act: utility/limitations as accountability instruments; RTI's role in redefining accountability beyond mere citizen empowerment; flaws in RTI and improvement recommendations,0.2913,gs-2-governance-government-policies-and-development-processes-citizens-charters-1731c27f,"Citizens' Charters: introduction, models, features, implementation issues in India, reform needs, and the Sevottam framework",0.2373,gs-insert-tag-proposer-v1,,,,
UPSC-CSE-MAINS-GS-2013-GS2,3f15eb14c104679f74b29f819ceb76b5f759aca35eb5b78366a3ca65b29e8ea4,2013,GS2,17,,"‘A national Lokpal, however strong it may be, cannot resolve the problems of immorality in public affairs.’ Discuss. [200 words]",topic,upsc-cse-mains-gs2,MAPPED,gs-2-governance-government-policies-and-development-processes-political-parties-197eafec,"Political parties in India: reforms, problems in functioning, casteism and politics, anti-defection strengthening, and coalition-government dynamics",0.1547,gs-2-union-and-state-executive-legislature-and-judiciary-statutory-regulatory-qu-1f7989f9,"Statutory/regulatory/quasi-judicial bodies: CVC, CBI, NHRC ('toothless tiger' critique), SHRC, Central/State Information Commission, NGT, SEBI, IRDA, TRAI, NCLAT, National Consumer Disputes Redressal Commission, Lokpal and Lokayukta, Planning Commission legacy, PMO, Zonal Council",0.1461,gs-insert-tag-proposer-v1,,,,
UPSC-CSE-MAINS-GS-2013-GS2,a39f4bb4ba65882958684438e8d090263efae19004bb6cf51bda73eff4ff1781,2013,GS2,18,,The proposed withdrawal of International Security Assistance Force (ISAF) from Afghanistan in 2014 is fraught with major security implications for the countries of the region. Examine in light of the fact that India is faced with a plethora of challenges and needs to safeguard its own strategic interests. [200 words] 10 {A-BRL-M-HTUB],topic,upsc-cse-mains-gs2,MAPPED,gs-2-international-relations-india-and-other-regions-africa-historical-connectio-aba636d2,"India and other regions: Africa (historical connections, South-South engagement, trade/investment/security cooperation), Australia (diaspora, economic ties, nuclear cooperation), France (strategic partnership), Germany (economic relations), UK (Brexit implications)",0.2851,gs-2-international-relations-security-challenges-in-the-indian-ocean-region-us-p-01aa3450,"Security challenges in the Indian Ocean Region: US pivot to Asia, South China Sea mistrust, Somalia piracy, neighbourhood terrorism, energy routes, fisheries/livelihood issues, environmental security, and Indian Ocean 'Zone of Peace' declaration",0.2557,gs-insert-tag-proposer-v1,,,,
UPSC-CSE-MAINS-GS-2013-GS2,c9d3ac9ce0ee5a2e8782eadc2a4f83ca3673c56f8805186f0fc24ff3252b32ff,2013,GS2,19,,What do you understand by ‘The String of Pearls’? How does it impact India? Briefly outline the steps taken by India to counter this. [200 words],topic,upsc-cse-mains-gs2,MAPPED,gs-2-international-relations-major-powers-russia-strategic-cooperation-russia-ch-75e82be4,"Major powers: Russia (strategic cooperation, Russia-China impact on India), China (economic relations, water disputes, String of Pearls, Maritime Silk Route/BRI implications, border disputes, South China Sea, CBMs), USA (strategic consultations, counter-terrorism, trade, energy/climate, S&T/space, defence cooperation, IPR, Indo-Pacific/QUAD, GSP)",0.2527,gs-2-governance-government-policies-and-development-processes-effective-implemen-336d2a48,"Effective implementation: outcome orientation, programme impact assessment, budget/zero-base-budgeting/cost-benefit analysis, and institution-building (task forces, steering/review committees)",0.0735,gs-insert-tag-proposer-v1,,,,
UPSC-CSE-MAINS-GS-2013-GS2,748d578944dd22f6d81bc9ee2702bd8fe374db0cd3ab0b35cee08d53d5ab4858,2013,GS2,20,,Economic ties between India and Japan while growing in the recent years are still far below their potential. Elucidate the policy constraints which are inhibiting this growth. [200 words],topic,upsc-cse-mains-gs2,MAPPED,gs-2-international-relations-india-and-other-regions-africa-historical-connectio-aba636d2,"India and other regions: Africa (historical connections, South-South engagement, trade/investment/security cooperation), Australia (diaspora, economic ties, nuclear cooperation), France (strategic partnership), Germany (economic relations), UK (Brexit implications)",0.2126,gs-2-governance-government-policies-and-development-processes-development-proces-d5bc13d1,"Development process and industry: growth vs development, main constraints and stakeholders, SHGs (meaning, importance, institutional structure, funding, women's development linkage, poverty/rural-development linkage), and Micro Finance (meaning, structure, importance)",0.1668,gs-insert-tag-proposer-v1,,,,
UPSC-CSE-MAINS-GS-2013-GS2,999f5b01637f4df16b20c8fe027255934fa786ba68afc2c60ad2f4088739aa7c,2013,GS2,21,,The protests in Shahbag Square in Dhaka in Bangladesh reveal a fundamental split in society between the nationalists and Islamic forces. What is its significance for India? [200 words],topic,upsc-cse-mains-gs2,MAPPED,gs-2-indian-constitution-fundamental-rights-significance-definition-of-state-equ-8a0d5651,"Fundamental Rights: significance, definition of 'State', equality/freedom/exploitation/religion/cultural-educational/constitutional-remedies rights, Fundamental Rights and the Armed Forces, martial law, procedure-established-by-law vs due process of law, writs, restrictive limitations, rights outside Part III, Article 32's dynamic nature, and the case for revitalizing the reservation system",0.2223,gs-2-indian-constitution-fundamental-duties-features-and-their-link-to-fundament-c6d1a254,Fundamental Duties: features and their link to Fundamental Rights,0.2198,gs-insert-tag-proposer-v1,,,,
UPSC-CSE-MAINS-GS-2013-GS2,7f1d23542e3b8d3f5ab42524a4f98f6eae2a5b01bd7b472ce47b1f13afc1cd20,2013,GS2,22,,Discuss the political developments in Maldives in the last two years. Should they be of any cause of concern to India? [200 words],topic,upsc-cse-mains-gs2,MAPPED,gs-2-governance-government-policies-and-development-processes-digital-governance-55aa8e3f,"Digital governance & information regimes: 'concern about democracy in the digital age', internet shutdowns, fake news/hate speech, IT rules on OTT/digital media",0.1409,gs-2-union-and-state-executive-legislature-and-judiciary-political-dynamics-prov-42fe8798,"Political dynamics: provisions on political parties, rise of regional parties, electoral reforms, importance of NRI votes, and the Tenth Schedule (anti-defection)",0.138,gs-insert-tag-proposer-v1,,,,
UPSC-CSE-MAINS-GS-2013-GS2,65fe5dc890e664b46e8c0a6d49c0607b82af9c51debc11079fbbb64104912a45,2013,GS2,23,,"In respect of India—Sri Lanka relations, discuss how domestic factors influence foreign policy. [200 words]",topic,upsc-cse-mains-gs2,MAPPED,gs-2-international-relations-india-and-neighbours-nepal-water-hydropower-coopera-c33a83d5,"India and neighbours: Nepal (water/hydropower cooperation, contentions, recommendations), Bhutan (economic overview, China issues), Afghanistan (development partnership, post-NATO options, Taliban presence), Bangladesh (development partnership, boundary agreements, Teesta dispute), Maldives (geostrategic importance, security risks), Sri Lanka (commercial relations, fishermen issue), Myanmar (China's role, policy shifts), Pakistan (cooperation, water dispute, terrorism and proxy wars)",0.2004,gs-2-international-relations-evolution-and-key-principles-of-indian-foreign-poli-98455602,"Evolution and key principles of Indian foreign policy: determinants, NAM/NAM 2.0, Panchsheel, India's nuclear doctrine, neighbourhood-policy evolution, Look/Act East and Look/Act West policies",0.181,gs-insert-tag-proposer-v1,,,,
UPSC-CSE-MAINS-GS-2013-GS2,e91e116d66b9261c26949eba2d49eb9fd2b723963189b5e1941e7286eacd52c2,2013,GS2,24,,What is meant by Gujral doctrine? Does it have any relevance today? Discuss. [200 words] (A-BRL-M-HTUB] 6 p,topic,upsc-cse-mains-gs2,MAPPED,gs-2-international-relations-india-s-neighbourhood-regional-diplomacy-bimstec-ch-381686f4,"India's neighbourhood & regional diplomacy: BIMSTEC Charter, Chabahar Port, India-China border dispute (Arunachal Pradesh), Bhutan-China relations, Neighbourhood First Policy, Gujral Doctrine, South China Sea volatility, China-Taiwan dispute and India",0.2324,gs-2-indian-constitution-amendment-process-the-constitution-s-dynamic-living-doc-5c495a79,"Amendment process: the Constitution's dynamic/'living document' nature (Article 368), Basic Structure Doctrine as a judicial 'safety valve', and different majority-types required",0.1296,gs-insert-tag-proposer-v1,,,,
UPSC-CSE-MAINS-GS-2013-GS2,991587497e6dca998fcb54039c87be8c098792a28fadcd424d62c98f5bd4d360,2013,GS2,25,,"The World Bank and the IMF, collectively known as the Bretton Woods Institutions, are the two inter-governmental pillars supporting the structure of the world’s economic and financial order. Superficially, the World Bank and the IMF exhibit many common characteristics, yet their role, functions and mandate are distinctly different. Elucidate. [200 words] 10 (a-BRL-M-HTUB] 7 i",topic,upsc-cse-mains-gs2,MAPPED,gs-2-international-relations-global-institutions-un-structure-unga-unsc-and-indi-ac8f607c,"Global institutions: UN structure (UNGA, UNSC and India's candidacy, ECOSOC), ICJ, UN specialised agencies (FAO, ICAO, ILO, IMO, ITU, UNESCO, IFAD, WHO, WMO, WIPO), World Bank",0.2199,gs-2-international-relations-important-key-concepts-new-world-order-dynamics-and-a8b51cfb,Important key concepts: New World Order dynamics and 'New Cold War' debates,0.2099,gs-insert-tag-proposer-v1,,,,
UPSC-CSE-MAINS-GS-2013-GS3,4599cdee323ac106a53d3e3b8bee68dee17c9b4510516f0afd5cef0bf880c20e,2013,GS3,1,,"With a consideration towards the strategy of inclusive growth, the new Companies Bill, 2013 has indirectly made CSR a mandatory obligation. Discuss the challenges expected in its implementation in right earnest. Also discuss other provisions in the Bill and their implications. [200 words]",topic,upsc-cse-mains-gs3,MAPPED,gs-3-environment-ecology-and-bio-diversity-environmental-governance-instruments-39fc5a07,"Environmental governance instruments: Biological Diversity Amendment Bill, Brazzaville Declaration",0.199,gs-3-environment-ecology-and-bio-diversity-deforestation-causes-climate-change-i-d885e93d,"Deforestation: causes, climate-change implications, wildlife/monsoon/people impacts, economic impacts, reduction strategies, conservation legislation, and community-participation approaches",0.1352,gs-insert-tag-proposer-v1,,,,
UPSC-CSE-MAINS-GS-2013-GS3,a7acb0bed7a31ac774cec8819ad58a714cf602736a5b9347d9e9ccb61a91b0d9,2013,GS3,2,,"What were the reasons for the introduction of Fiscal Responsibility and Budget Management (FRBM) Act, 2003? Discuss critically its salient features and their effectiveness. [200 words]",topic,upsc-cse-mains-gs3,MAPPED,gs-3-indian-economy-planning-resource-mobilization-and-inclusive-growth-governme-661324ff,"Government budgeting: budget/Economic Survey terminology, types of budgets, outcome budgeting, railway-general budget merger, budgeting flaws, budget analysis, and subsidy design; the FRBM Act's effectiveness in maintaining macroeconomic stability",0.4207,gs-3-environment-ecology-and-bio-diversity-environmental-laws-constitutional-pro-82b9d5dc,"Environmental laws: constitutional provisions and salient features of the Air Act 1981, Water Act 1974, Forest Conservation Act 1980, Wildlife Protection Act 1972, Environment (Protection) Act 1986",0.3175,gs-insert-tag-proposer-v1,,,,
UPSC-CSE-MAINS-GS-2013-GS3,25eb4d147ea71aabcceccf876c53b3ae1acd4b18c3b17f87a4e79b301cd01d27,2013,GS3,3,,"What is the meaning of the term ‘tax expenditure’? Taking housing sector as an example, discuss how it influences the budgetary policies of the government. [200 words]",topic,upsc-cse-mains-gs3,MAPPED,gs-3-indian-economy-planning-resource-mobilization-and-inclusive-growth-fiscal-p-4d8f15bd,"Fiscal policy: important budgetary/fiscal terms, government revenue/spending, revenue/fiscal/primary deficits and their financing",0.2477,gs-3-indian-economy-planning-resource-mobilization-and-inclusive-growth-resource-4d90916f,"Resource mobilization: physical vs finance capital, public vs private sector sources, savings-investment over the plans, budgetary (tax/non-tax) resources, role of public debt, fiscal/monetary-policy roles, and foreign-investment desirability/consequences",0.2443,gs-insert-tag-proposer-v1,,,,
UPSC-CSE-MAINS-GS-2013-GS3,5c8f690155b8841821da33009979db87f1310ec317f89c85c72b8d432bd71779,2013,GS3,4,,Food Security Bill is expected to eliminate hunger and malnutrition in India. Critically discuss various apprehensions in its effective implementation along with the concerns it has generated in WTO. [200 words],topic,upsc-cse-mains-gs3,MAPPED,gs-3-agriculture-public-distribution-system-objectives-functioning-limitations-r-00f3d33f,"Public Distribution System: objectives, functioning, limitations, revamping from universal to targeted PDS, cost-benefit analysis, buffer-stock policy, and the Food Security Bill's resource-mobilization/criticism debate",0.2477,gs-3-environment-ecology-and-bio-diversity-environmental-governance-instruments-39fc5a07,"Environmental governance instruments: Biological Diversity Amendment Bill, Brazzaville Declaration",0.202,gs-insert-tag-proposer-v1,,,,
UPSC-CSE-MAINS-GS-2013-GS3,2027a7be583a47a80401b7890f4da178bcf5e9525d425d7e2987099d3d50c71d,2013,GS3,5,,What are the different types of agriculture subsidies given to farmers at the national and at state levels? Critically analyse the agricultural subsidy regime with reference to the distortions created by it. [200 words],topic,upsc-cse-mains-gs3,MAPPED,gs-3-agriculture-subsidies-farm-fertiliser-power-irrigation-subsidies-issues-of-3b21b91f,"Subsidies: farm/fertiliser/power/irrigation subsidies, issues of direct/indirect subsidies and MSP, objectives, gainer-loser resource transfer, buffer-stock/food-security issues, and technology missions",0.2975,gs-3-agriculture-technology-in-agriculture-data-revolution-ai-applications-socia-e75fd24f,"Technology in agriculture: data revolution, AI applications, social-security schemes for farmers (climate-smart agriculture, precision farming for input-wastage mitigation)",0.224,gs-insert-tag-proposer-v1,,,,
UPSC-CSE-MAINS-GS-2013-GS3,12c1c8baad1d5d4ba50c2373cbcc8437a5d3bb8b315534bd2b36c54759cccda0,2013,GS3,6,,India needs to strengthen measures to promote the pink revolution in food industry for ensuring better nutrition and health. Critically elucidate the statement. [200 words],topic,upsc-cse-mains-gs3,MAPPED,gs-3-environment-ecology-and-bio-diversity-global-warming-and-health-health-impa-021822d0,"Global warming and health: health impacts, mosquito-borne diseases, and ozone-depletion health effects",0.2399,gs-3-agriculture-agricultural-revolutions-in-india-green-white-operation-flood-y-a779246b,"Agricultural revolutions in India: Green, White (Operation Flood), Yellow, Blue, and Golden Fibre (jute) revolutions, and the future of Indian agriculture",0.2032,gs-insert-tag-proposer-v1,,,,
UPSC-CSE-MAINS-GS-2013-GS3,71d993d8d47eaf06e042528251b6ea46a0a898d733b41fb68be4a07ae0d9cddc,2013,GS3,7,,Examine the impact of liberalization on companies owned by Indians. Are they competing with the MNCs satisfactorily? Discuss. [200 words],topic,upsc-cse-mains-gs3,MAPPED,gs-3-industry-infrastructure-and-investment-models-industrial-policy-and-develop-a31651df,"Industrial policy and development: Mahalanobis strategy, Industrial Policy Resolutions 1948/1956, New Economic Policy/liberalization/privatization/globalization, phases of industrial development, and effects on different sectors",0.1612,gs-3-environment-ecology-and-bio-diversity-impact-of-agriculture-on-climate-emis-d4e56118,"Impact of agriculture on climate: emissions from agriculture, monoculture's biodiversity impact, chemical-fertilizer/pesticide pollution, GM-crop environmental impact, and sustainable-agriculture techniques",0.1497,gs-insert-tag-proposer-v1,,,,
UPSC-CSE-MAINS-GS-2013-GS3,a15a52bde07fb1727ac31ce6833a20adb24bbee49735f7c090076ec3fb95332f,2013,GS3,8,,"Establish relationship between land reforms, agriculture productivity and elimination of poverty in the Indian economy. Discuss the difficulties in designing and implementation of agriculturefriendly land reforms in India. [200 words]",topic,upsc-cse-mains-gs3,MAPPED,gs-3-agriculture-land-resource-issues-land-use-and-capability-classification-cau-caff44aa,"Land resource issues: land-use and capability classification, causes/impact of land degradation, and sustainable land-management steps",0.3755,gs-3-agriculture-land-reforms-colonial-era-ownership-patterns-zamindari-ryotwari-c4481a2d,"Land reforms: colonial-era ownership patterns (Zamindari, Ryotwari, Mahalwari), objectives and progress since Independence, ceiling-legislation progress, NITI Aayog's land-leasing report, and the SVAMITVA scheme",0.227,gs-insert-tag-proposer-v1,,,,
UPSC-CSE-MAINS-GS-2013-GS3,eba632c448c69aa5320832c048bc441cd0b54c466364f6acbb86563dba124ca8,2013,GS3,9,,Discuss the impact of FDI entry into Multi-trade retail sector on supply chain management in commodity trade pattern of the economy. [100 words],topic,upsc-cse-mains-gs3,MAPPED,gs-3-indian-economy-planning-resource-mobilization-and-inclusive-growth-foreign-1b474061,"Foreign trade and international organisations: trade policy, India's Balance of Payments (current/capital account performance), exchange-rate determination and convertibility, the Bretton Woods twins (World Bank, IMF), WTO and India, regional development banks (ADB, NDB, BRICS Bank, AIIB), and bilateral/regional/global trade groupings",0.2471,gs-3-agriculture-food-processing-and-related-industries-scope-and-significance-l-8a4b092b,"Food processing and related industries: scope and significance, location, upstream/downstream requirements, supply-chain management, Mega Food Parks, FDI policy, notable sector trends, and budget/policy strategies",0.2042,gs-insert-tag-proposer-v1,,,,
UPSC-CSE-MAINS-GS-2013-GS3,f3deda087e2337ccb8db651a46dae702bb61ba042dfb2452df0a0c2fd0ca925d,2013,GS3,10,,"Though India allowed Foreign Direct Investment (FDI) in what is called multi-brand retail through the joint venture route in September 2012, the FDI, even after a year, has not picked up. Discuss the reasons. [100 words]",topic,upsc-cse-mains-gs3,MAPPED,gs-3-indian-economy-planning-resource-mobilization-and-inclusive-growth-investme-3cb18d0b,"Investment models: need for and sources/measures of investment, domestic (public/private/PPP) and foreign (FDI/FII) investment models followed by India, and the role of the state",0.3206,gs-3-agriculture-food-processing-and-related-industries-scope-and-significance-l-8a4b092b,"Food processing and related industries: scope and significance, location, upstream/downstream requirements, supply-chain management, Mega Food Parks, FDI policy, notable sector trends, and budget/policy strategies",0.1437,gs-insert-tag-proposer-v1,,,,
UPSC-CSE-MAINS-GS-2013-GS3,3107061959fd92a58691a80957f6ba2cd5950eaac84e1869a2ffb4a008b1ccc0,2013,GS3,11,,Discuss the rationale for introducing Goods and Services Tax (GST) in India. Bring out critically the reasons for the delay in roll out for its regime. [200 words],topic,upsc-cse-mains-gs3,MAPPED,gs-3-indian-economy-planning-resource-mobilization-and-inclusive-growth-taxation-af794a13,"Taxation: principles/objectives, tax system and current policy in India, GST progress, tax reforms, and retrospective taxation debates",0.269,gs-3-indian-economy-planning-resource-mobilization-and-inclusive-growth-structur-da66839b,"Structural growth debates: savings rate/investment pattern/capital-output ratio as growth levers, manufacturing's limited capacity to absorb agricultural surplus labour, direct-tax reform and tax-to-GDP widening, GDP's agriculture-to-services shift without a manufacturing base, and the 'jobless growth' debate",0.1631,gs-insert-tag-proposer-v1,,,,
UPSC-CSE-MAINS-GS-2013-GS3,f8197435cabf79c139378d1149471fb3e2a728de128c4555e21e8671f1f4d31a,2013,GS3,12,,Write a note on India’s green energy corridor to alleviate the problem of conventional energy. [200 words],topic,upsc-cse-mains-gs3,MAPPED,gs-3-indian-economy-planning-resource-mobilization-and-inclusive-growth-agricult-aabb2c20,"Agriculture & resource economics: sugar production's groundwater impact, primary agricultural societies, e-technology in agriculture, energy security, clean-energy investment",0.2804,gs-3-industry-infrastructure-and-investment-models-industrial-sectoral-policy-na-a3381ff7,"Industrial & sectoral policy: National Mission on Edible Oil, Zero Defect Zero Effect scheme, natural-gas-marketing reforms, telecom-sector issues, fertiliser shortage, shift to green energy",0.1858,gs-insert-tag-proposer-v1,,,,
UPSC-CSE-MAINS-GS-2013-GS3,9d20d553e6c07acb8aaabbad3c5bd1d4a46b9df6becf145961612c232f225146,2013,GS3,13,,Adoption of PPP model for infrastructure development of the country has not been free of criticism. Critically discuss pros and cons of the model. [200 words] 10 aredtr unet after fiat (Patent Law) 1970 #t ara 3(d) AX at 2005 A seid,topic,upsc-cse-mains-gs3,MAPPED,gs-3-indian-economy-planning-resource-mobilization-and-inclusive-growth-investme-3cb18d0b,"Investment models: need for and sources/measures of investment, domestic (public/private/PPP) and foreign (FDI/FII) investment models followed by India, and the role of the state",0.2441,gs-3-industry-infrastructure-and-investment-models-infrastructure-economic-socia-8d2cfe99,"Infrastructure: economic/social/environmental impact of infrastructure, transport (ports, inland waterways, roads, National Infrastructure Pipeline, Bharatmala, airports, railways, energy pipelines), negative externalities of transport, ownership/financing/pricing of public utilities, PPP project delays and O&M issues in roads/railways/irrigation/power",0.1739,gs-insert-tag-proposer-v1,,,,
UPSC-CSE-MAINS-GS-2013-GS3,64729d7077a5f67c8842eafe4de94bbb9f418712c4bc5bf8fcf9a9473ea06daf,2013,GS3,14,,"Bringing out the circumstances in 2005 which forced amendment to the section 3(d) in Indian Patent Law, 1970, discuss how it has been utilized by the Supreme Court in its judgement in rejecting Novratis’ patent application for ‘Glivec’. Discuss briefly the pros and cons of the decision. [200 words]",topic,upsc-cse-mains-gs3,MAPPED,gs-3-internal-security-internal-conflict-law-and-order-naxal-maoist-major-encoun-b60e734b,"Internal conflict & law-and-order: Naxal-Maoist major encounters, communal-tension mitigation, National Security Act applications, UAPA amendments",0.2136,gs-3-environment-ecology-and-bio-diversity-environmental-governance-instruments-39fc5a07,"Environmental governance instruments: Biological Diversity Amendment Bill, Brazzaville Declaration",0.1607,gs-insert-tag-proposer-v1,,,,
UPSC-CSE-MAINS-GS-2013-GS3,e16953ef8a0ab798c3536c82e0da6a19804001067f1fb2f5d04a4f2d76f290fe,2013,GS3,15,,What do you understand by Fixed Dose Drug Combinations (FDCs)? Discuss their merits and demerits. [200 words],topic,upsc-cse-mains-gs3,MAPPED,gs-3-internal-security-organized-crime-types-control-challenges-drug-trafficking-7375eb00,"Organized crime: types, control challenges, drug trafficking in India, combating strategies, and the terrorism-organized-crime linkage",0.2131,gs-3-internal-security-data-security-and-the-justice-b-n-srikrishna-committee-re-ed5c4bc5,Data security and the Justice B.N. Srikrishna Committee Report on personal data protection; drug trafficking's linkage to gunrunning/human trafficking; NPAs as a structural drag on the credit cycle for infrastructure,0.1688,gs-insert-tag-proposer-v1,,,,
UPSC-CSE-MAINS-GS-2013-GS3,f419d44195282dc3282c01bd7cc6fed0688b3f22c46c92e4c5ae934674f00e16,2013,GS3,16,,What do you understand by Umpire Decision Review System in Cricket? Discuss its various components. Explain how silicone tape on the edge of a bat may fool the system? [200 words],topic,upsc-cse-mains-gs3,MAPPED,gs-3-indian-economy-planning-resource-mobilization-and-inclusive-growth-financia-d4d90a56,"Financial system: components, financial institutions (banking and non-banking), financial assets/markets, and the financial system's pandemic-era resilience",0.3238,gs-3-agriculture-public-distribution-system-objectives-functioning-limitations-r-00f3d33f,"Public Distribution System: objectives, functioning, limitations, revamping from universal to targeted PDS, cost-benefit analysis, buffer-stock policy, and the Food Security Bill's resource-mobilization/criticism debate",0.1753,gs-insert-tag-proposer-v1,,,,
UPSC-CSE-MAINS-GS-2013-GS3,518be69397099cd64ce8c640de8878702dc2bb78d8d7570a97c705762540048b,2013,GS3,17,,What is a digital signature? What does its authentication mean? Give various salient built-in features of a digital signature. [100 words],topic,upsc-cse-mains-gs3,MAPPED,gs-3-environment-ecology-and-bio-diversity-environmental-laws-constitutional-pro-82b9d5dc,"Environmental laws: constitutional provisions and salient features of the Air Act 1981, Water Act 1974, Forest Conservation Act 1980, Wildlife Protection Act 1972, Environment (Protection) Act 1986",0.134,gs-3-indian-economy-planning-resource-mobilization-and-inclusive-growth-monetary-1c3ef620,"Monetary & financial-sector policy: stock-market factors, RBI surplus transfer/gold reserves, RBI liquidity management, bad-loans problem, disinvestment, cryptocurrency regulation, Digital Public Infrastructure",0.1315,gs-insert-tag-proposer-v1,,,,
UPSC-CSE-MAINS-GS-2013-GS3,eb7894f8f7dfa505e00716036c705179820988d0ade0229ba29aaf8eea13a4d8,2013,GS3,18,,How does the 3D printing technology work? List out the advantages and disadvantages of the technology. [100 words] S,topic,upsc-cse-mains-gs3,MAPPED,gs-3-science-and-technology-robotics-and-ai-classification-of-robots-advantages-a0b9cf4b,"Robotics and AI: classification of robots, advantages/disadvantages, applications across sectors, neural networks, machine learning/deep learning, and AI-robotics convergence",0.3834,gs-3-science-and-technology-institutions-and-s-t-policy-india-s-s-t-policy-frame-fddc19fe,"Institutions and S&T policy: India's S&T policy framework, DST, CSIR, Science and Engineering Research Board, Technology Development Board, NABL accreditation, and the Technology Vision Document 2035",0.2291,gs-insert-tag-proposer-v1,,,,
UPSC-CSE-MAINS-GS-2013-GS3,e51df88d90235f527b5150ac20404a33fbf78b86467f8ab6c80376f0b2643889,2013,GS3,19,,What is an FRP composite material? How are they manufactured? Discuss their applications in aviation and automobile industries. [100 words] >,topic,upsc-cse-mains-gs3,MAPPED,gs-3-indian-economy-planning-resource-mobilization-and-inclusive-growth-industry-dd13a0fb,"Industry, infrastructure & manufacturing economics: India's manufacturing landscape, critical-mineral economic significance, power-demand growth, coastal economy, Indian Railways overhaul, steel imports",0.273,gs-3-environment-ecology-and-bio-diversity-waste-materials-management-microplast-269a70a8,"Waste & materials management: microplastics, single-use-plastics battle, e-waste/solar-waste management, plastic-to-fuel conversion, manufactured sand, Battery Waste Management Rules",0.1968,gs-insert-tag-proposer-v1,,,,
UPSC-CSE-MAINS-GS-2013-GS3,ea1be8e63dd52ddf3abddc6df09107e6ad7631a73398e4888c77c92dcd569d33,2013,GS3,20,,What do you understand by Run-of-river hydroelectricity project? How is it different from any other hydroelectricity project? [100 words],topic,upsc-cse-mains-gs3,MAPPED,gs-3-environment-ecology-and-bio-diversity-effect-of-human-activities-on-the-env-1fd7196c,"Effect of human activities on the environment: impacts of modern agriculture, housing, power generation, river-valley/mining/transport/tourism projects on ecosystems",0.3224,gs-3-environment-ecology-and-bio-diversity-biodiversity-conservation-ex-situ-vs-6f8f18a3,"Biodiversity conservation: ex-situ vs in-situ conservation, seed banks, zoos/botanical gardens, protected areas, UNESCO Man-and-Biosphere Programme, CBD/Cartagena/Nagoya Protocols, Aichi Targets, Important Bird Areas, Global Tiger Initiative/Project Tiger, Project Elephant, Indian Rhino Vision, and recovery programmes for critically endangered species",0.221,gs-insert-tag-proposer-v1,,,,
UPSC-CSE-MAINS-GS-2013-GS3,099b3151f2b69b6a80aa3479be3d2f858b7a3c26cdc5734850bf429d9e01285a,2013,GS3,21,,"How important are vulnerability and risk assessment for pre-disaster management? As an administrator, what are key areas that you would focus on in a Disaster Management System. [200 words]",topic,upsc-cse-mains-gs3,MAPPED,gs-3-disaster-management-disaster-management-preparedness-and-mitigation-communi-20479bc5,"Disaster management, preparedness and mitigation: community-based management, government initiatives, National Disaster Management Act 2005, global DRR frameworks (Sendai vs earlier Hyogo Framework), disaster insurance, media's role, gender-sensitive disaster response, disaster-management cycle, NGO role, and pre-disaster preparation",0.5064,gs-3-disaster-management-institutional-policy-frameworks-national-disaster-manag-0640b32c,"Institutional & policy frameworks: National Disaster Management Plan updates, PM's Ten-Point DRR Agenda, India's Atmanirbharta in disaster management, disaster-risk financing (G20), Coalition for Disaster Resilient Infrastructure (CDRI)",0.4896,gs-insert-tag-proposer-v1,,,,
UPSC-CSE-MAINS-GS-2013-GS3,f220c9b08e19d5f22994f5cf0e1a785de0948806ea38cf679b0c1357ed3a0159,2013,GS3,22,,What are the consequences of Illegal mining? Discuss the Ministry of Environment and Forests’ concept of GO AND NO GO zones for coal mining sector. [200 words],topic,upsc-cse-mains-gs3,MAPPED,gs-3-environment-ecology-and-bio-diversity-minerals-and-environmental-degradatio-6311f09f,"Minerals and environmental degradation: mining's direct/indirect impacts, international mining laws, and sustainable-mining regulation in India",0.3909,gs-3-environment-ecology-and-bio-diversity-forest-land-degradation-soil-erosion-881be350,"Forest & land degradation: soil-erosion crisis, forest fires, market-based forest-conservation approaches, Amazon forest fires, desertification, Aravalli mining",0.2695,gs-insert-tag-proposer-v1,,,,
UPSC-CSE-MAINS-GS-2013-GS3,45bb89b8449e8353ede8a27ac8709be7b76389bc5f481238c1673406d6787b76,2013,GS3,23,,"Enumerate the National Water Policy of India. Taking river Ganges as an example, discuss the strategies which may be adopted for river water pollution control and management. What are the legal provisions of management and handling of hazardous wastes in India? [200 words]",topic,upsc-cse-mains-gs3,MAPPED,gs-3-environment-ecology-and-bio-diversity-water-resource-degradation-hydrologic-d0b0b048,"Water-resource degradation: hydrological cycle, groundwater depletion, water-borne/water-induced diseases, fluoride/arsenic contamination in drinking water",0.3328,gs-3-environment-ecology-and-bio-diversity-wetlands-water-security-constructed-w-c0c1c481,"Wetlands & water security: constructed wetlands, urban water crisis",0.2651,gs-insert-tag-proposer-v1,,,,
UPSC-CSE-MAINS-GS-2013-GS3,a937e1b2352bbb2c8ba868f6a8f890ca2d3a7862f4228fe5518d4d95b59832c2,2013,GS3,24,,Money laundering poses a serious security threat to a country’s economic sovereignty. What is its significance for India and what steps are required to be taken to control this menace? [200 words],topic,upsc-cse-mains-gs3,MAPPED,gs-3-internal-security-basics-of-cyber-security-types-of-cyber-crimes-impact-and-52e7ad4b,"Basics of cyber security: types of cyber crimes, impact and required steps, ransomware incidents, India's cyber-security infrastructure, and the National Cyber Security Policy 2013",0.301,gs-3-internal-security-money-laundering-and-black-money-meaning-and-harmful-effe-36a2ec4e,"Money laundering and black money: meaning and harmful effects of money laundering, PMLA 2002 provisions as a check on organized crime/terror-financing, parallel economy dimensions, demonetisation's impact on black money, and cross-border money-laundering coordination challenges",0.2417,gs-insert-tag-proposer-v1,,,,
UPSC-CSE-MAINS-GS-2013-GS3,b4dbf9555ca9473efd599a1b3d1f0a4219546526f31d98e81dc72ae5968574fa,2013,GS3,25,,What are social networking sites and what security implications do these sites present? [200 words] spare 1),topic,upsc-cse-mains-gs3,MAPPED,gs-3-internal-security-social-media-and-internal-security-threats-regulation-cha-5bb66803,"Social media and internal-security threats: regulation challenges, AI's dual role, and monitoring difficulties",0.2471,gs-3-internal-security-cyber-information-security-geospatial-data-and-internal-s-1c34e247,"Cyber & information security: geospatial data and internal security, Pegasus-spyware controversy, ransomware (Akira), deepfake threats to social trust",0.2321,gs-insert-tag-proposer-v1,,,,
UPSC-CSE-MAINS-GS-2013-GS3,5b3b3a3faaef3ef1a006f79361e1d56e486092a67bba9a16181f894dbe8c5009,2013,GS3,26,,Cyber warfare is considered by some defense analysts to be a larger threat than even Al Qaeda or terrorism. What do you understand by Cyber warfare? Outline the cyber threats which India is vulnerable to and bring out the state of the country’s preparedness to deal with the same. [200 words] an),topic,upsc-cse-mains-gs3,MAPPED,gs-3-internal-security-cyber-warfare-factors-aggravating-cyber-attacks-and-recen-55d7d78b,Cyber warfare: factors aggravating cyber attacks and recent initiatives to tackle cyber warfare; structural/command changes needed for urban asymmetric-warfare threats,0.5421,gs-3-internal-security-basics-of-cyber-security-types-of-cyber-crimes-impact-and-52e7ad4b,"Basics of cyber security: types of cyber crimes, impact and required steps, ransomware incidents, India's cyber-security infrastructure, and the National Cyber Security Policy 2013",0.2722,gs-insert-tag-proposer-v1,,,,
UPSC-CSE-MAINS-GS-2013-GS3,2625b560debc9ded0352c8c92ee1d35d87be939e4b445d41eaf261ca7d983a09,2013,GS3,27,,Article 244 of the Indian Constitution relates to administration of scheduled areas and tribal areas. Analyse the impact of non-implementation of the provisions of the Fifth schedule on the growth of Left Wing extremism. [200 words],topic,upsc-cse-mains-gs3,MAPPED,gs-3-internal-security-linkage-between-development-and-extremism-left-wing-extre-2836bec9,"Linkage between development and extremism: Left-Wing Extremism's stated purpose, its resonance with common people, Covid-19's effect on Naxalism, why LWE is deemed the biggest internal-security threat, and its nexus with illegal mining in forest tracts",0.2444,gs-3-internal-security-border-territorial-security-india-china-ladakh-border-ten-79a0d177,"Border & territorial security: India-China Ladakh border tensions, India-Pakistan LoC ceasefire, demographic inversion in border areas from illegal immigration, post-Article-370 J&K developments",0.1748,gs-insert-tag-proposer-v1,,,,
UPSC-CSE-MAINS-GS-2013-GS3,75fe605bb9118004af2592e8627894c1fc93e728e31a0b47b1b4b4a60148e830,2013,GS3,28,,How far are India’s internal security challenges linked with border management particularly in view of the long porous borders with most countries of South Asia and Myanmar? [200 words],topic,upsc-cse-mains-gs3,MAPPED,gs-3-internal-security-security-challenges-in-border-areas-challenges-to-border-a90ce481,"Security challenges in border areas: challenges to border management, community-participation approaches, non-demarcated border segments, and eastern-border illegal-migration security challenges",0.5082,gs-3-internal-security-border-territorial-security-india-china-ladakh-border-ten-79a0d177,"Border & territorial security: India-China Ladakh border tensions, India-Pakistan LoC ceasefire, demographic inversion in border areas from illegal immigration, post-Article-370 J&K developments",0.3834,gs-insert-tag-proposer-v1,,,,
UPSC-CSE-MAINS-GS-2013-GS4,4cba1ebe4c18016df2ca67c70a1f51a59e93720e380d7273b90a925d66f65179,2013,GS4,1,,What do you understand by ‘values’ and ‘ethics’? In what way is it important to be ethical along with being professionally competent?,topic,upsc-cse-mains-gs4,MAPPED,gs-4-ethics-and-human-interface-role-of-ethical-values-in-governance-and-society-83c32383,Role of ethical values in governance and society; significance of value in civil services; society's and educational institutions' contribution to inculcating values; aesthetic values; values in work-life and professional ethics,0.347,gs-4-public-civil-service-values-and-ethics-in-public-administration-ethical-con-d4849c2f,Ethical concerns/dilemmas in public and private institutions; laws/rules/regulations vs conscience as sources of ethical guidance; accountability and ethical-governance strengthening,0.2341,gs-insert-tag-proposer-v1,,,,
UPSC-CSE-MAINS-GS-2013-GS4,dc0ce444662645a8111ddfa368e7493e309f56c6847228da0f468d32fd91bca3,2013,GS4,2,,What do you understand by the following terms in the context of public service?,topic,upsc-cse-mains-gs4,MAPPED,gs-4-probity-in-governance-concept-of-public-service-and-the-philosophical-basis-912978f7,Concept of public service and the philosophical basis of governance/probity; public servants as 'trustees' of public power and financial resources,0.2182,gs-4-emotional-intelligence-the-self-awareness-cluster-understanding-feelings-ac-d5d2be97,"The self-awareness cluster (understanding feelings, accurate self-assessment) and self-management cluster (managing internal states/impulses/resources)",0.1752,gs-insert-tag-proposer-v1,,,,
UPSC-CSE-MAINS-GS-2013-GS4,7f7d9f598652d68142cd107319ce1117fe7757eb69ad6a0c1317a04018b3bf28,2013,GS4,3,,Indicate two more attributes which you consider important for public service. Justify your answer.,topic,upsc-cse-mains-gs4,MAPPED,gs-4-probity-in-governance-accountability-vs-responsibility-distinguishing-the-t-589a9779,Accountability vs Responsibility: distinguishing the two with a suitable example; utilisation of public funds and problems in fund release/utilisation; parliamentary control on expenditure,0.3125,gs-4-probity-in-governance-concept-of-public-service-and-the-philosophical-basis-912978f7,Concept of public service and the philosophical basis of governance/probity; public servants as 'trustees' of public power and financial resources,0.2182,gs-insert-tag-proposer-v1,,,,
UPSC-CSE-MAINS-GS-2013-GS4,90ead57861f5b241673fc2a43d6bb2eeade3c6c18f4965b6c3c7e68cc382c547,2013,GS4,4,,"Some people feel that values keep changing with time and situation, while others strongly believe that there are certain universal and eternal human values. Give your perception in this regard with due justification.",topic,upsc-cse-mains-gs4,MAPPED,gs-4-ethics-and-human-interface-human-values-socialization-and-individual-person-a9c4ba42,Human values: socialization and individual personality/value formation; values and skill; fundamental vs instrumental values; democratic values,0.2434,gs-4-ethics-and-human-interface-role-of-ethical-values-in-governance-and-society-83c32383,Role of ethical values in governance and society; significance of value in civil services; society's and educational institutions' contribution to inculcating values; aesthetic values; values in work-life and professional ethics,0.1992,gs-insert-tag-proposer-v1,,,,
UPSC-CSE-MAINS-GS-2013-GS4,26f528973c6fe2e19096cdcb54e89e758a4b159af4656136833c54c95113b2e2,2013,GS4,5,,What is ‘emotional intelligence’ and how can it be developed in people? How does it help an individual in taking ethical decisions?,topic,upsc-cse-mains-gs4,MAPPED,gs-4-emotional-intelligence-theories-associated-with-emotional-intelligence-and-a82db520,Theories associated with emotional intelligence and whether EI can be developed; components of emotional competence,0.5023,gs-4-emotional-intelligence-the-social-awareness-cluster-reading-people-groups-a-37c39c30,The social-awareness cluster (reading people/groups accurately) and relationship-management cluster (inducing desirable responses in others),0.2529,gs-insert-tag-proposer-v1,,,,
UPSC-CSE-MAINS-GS-2013-GS4,51172f64265d309a195ac5216875ee3c46f35062d3738ca7351cd7ad1b8d2f7c,2013,GS4,6,,What do you understand by the term ‘voice of conscience’? How do you prepare yourself to heed to the voice of conscience?,topic,upsc-cse-mains-gs4,MAPPED,gs-4-public-civil-service-values-and-ethics-in-public-administration-conscience-638e7bd4,Conscience vs conformity: whistleblowing dilemmas within rule-bound bureaucratic hierarchies (including the Edward Snowden case — legality vs moral obligation to inform the public),0.1838,gs-4-public-civil-service-values-and-ethics-in-public-administration-ethical-con-d4849c2f,Ethical concerns/dilemmas in public and private institutions; laws/rules/regulations vs conscience as sources of ethical guidance; accountability and ethical-governance strengthening,0.1705,gs-insert-tag-proposer-v1,,,,
UPSC-CSE-MAINS-GS-2013-GS4,fb0a43a662ea0d85c4b4865ca85a4dedd5b65715c66be35a0d6239d57982e8d6,2013,GS4,7,,What is meant by ‘crisis of conscience’? Narrate one incident in your life when you were faced with such a crisis and how you resolved the same.,topic,upsc-cse-mains-gs4,MAPPED,gs-4-applied-ethics-and-case-studies-refugees-and-ethics-why-migration-occurs-th-8bcaeab6,"Refugees and ethics: why migration occurs, the Syria case study, dilemmas of the refugee crisis, and steps needed",0.1997,gs-4-emotional-intelligence-importance-of-ei-at-the-workplace-and-in-civil-servi-8723fb7f,Importance of EI at the workplace and in civil services; components of EI applied to conflict resolution and crisis-time administrative communication,0.1927,gs-insert-tag-proposer-v1,,,,
UPSC-CSE-MAINS-GS-2013-GS4,35b612cd1c2585a5e185a1b97851a219e8e5182a276213e3e43d9a450f326534,2013,GS4,8,,“There is enough on this earth for every one’s need but for no one’s greed.” —Mahatma Gandhi,topic,upsc-cse-mains-gs4,MAPPED,gs-4-aptitude-and-foundational-values-for-civil-service-empathy-and-compassion-a-ec94a946,Empathy and compassion as values distinguishing a pro-poor administrator from a status-quoist one; consequences of political alignment by bureaucrats,0.195,gs-4-human-values-contributions-of-moral-thinkers-and-administrative-thinkers-in-3545b522,"Indian moral/spiritual exemplars used as case anchors: Mahatma Gandhi, Dr S. Radhakrishnan, Rabindranath Tagore, Swami Dayanand Saraswati, Mahadeva Govinda Ranade, Sri Aurobindo, Swami Vivekananda, Sardar Patel, B.R. Ambedkar, Raja Ram Mohan Roy, Chhatrapati Shahu Maharaj, Kautilya's classical administrative-ethics ideals",0.1169,gs-insert-tag-proposer-v1,,,,
UPSC-CSE-MAINS-GS-2013-GS4,a12f8148a8ea2d4efd9661ffd97f678ebb9aae0363b72bac831b432f02e5cce7,2013,GS4,9,,"“Nearly all men can withstand adversity, but if you want to test a man’s character, give him power.”—Abraham Lincoln",topic,upsc-cse-mains-gs4,MAPPED,gs-4-human-values-contributions-of-moral-thinkers-and-administrative-thinkers-gl-2563fd22,"Global moral/civic exemplars used as case anchors: Abraham Lincoln, Nelson Mandela, Martin Luther King, Aung San Suu Kyi, Dalai Lama, Mother Teresa, Albert Einstein, J.L. Nehru, Lee Kuan Yew, Henry Ford, Abdul Kalam, Muhammad Yunus, Wangari Maathai, Kofi Annan, Desmond Tutu, Elie Wiesel",0.1688,gs-4-probity-in-governance-concept-of-public-service-and-the-philosophical-basis-912978f7,Concept of public service and the philosophical basis of governance/probity; public servants as 'trustees' of public power and financial resources,0.1506,gs-insert-tag-proposer-v1,,,,
UPSC-CSE-MAINS-GS-2013-GS4,67ec0a1b739eae8047b48a82f8cf1c0066c473d980e00bcb8f8e3e1281b90381,2013,GS4,10,,“I count him braver who overcomes his desires than him who overcomes his enemies.”—Aristotle,topic,upsc-cse-mains-gs4,MAPPED,gs-4-human-values-contributions-of-moral-thinkers-and-administrative-thinkers-we-3e245f33,"Western philosophers used as ethics-paper anchors: Plato, Aristotle, Socrates, Jeremy Bentham, J.S. Mill, Thomas Hobbes, John Locke, Jean-Jacques Rousseau, John Rawls, Immanuel Kant (categorical imperative applied to public service), Carol Gilligan, Jean-Paul Sartre, Hegel, Confucius, Rene Descartes, Karl Marx, Adam Smith, Thomas Aquinas, David Hume, Montesquieu, Friedrich Nietzsche",0.1393,gs-4-applied-ethics-and-case-studies-animal-ethics-research-on-animals-keeping-a-233cb8de,"Animal ethics: research on animals, keeping animals as pets, cruelty against animals",0.0,gs-insert-tag-proposer-v1,,,,
UPSC-CSE-MAINS-GS-2013-GS4,8519711109fe1e3fef3f30e458b4737cf25784955d93b3ba826c5f22bad81809,2013,GS4,11,,a ue feat at WHat 8? (150 we) “The good of an individual is contained in the good of all.” What do you understand by this statement? How can this principle be implemented in public life?,topic,upsc-cse-mains-gs4,MAPPED,gs-4-public-civil-service-values-and-ethics-in-public-administration-corporate-g-a52a65a1,"Corporate governance: concept, models of Corporate Social Responsibility, World Bank steps for good corporate governance, and norms for corporate governance in India; concept of business ethics",0.161,gs-4-ethics-and-human-interface-significance-of-public-service-values-objectivit-ce1073c9,"Significance of public-service values (objectivity, dedication, tolerance) in a multi-cultural society like India; corruption in public life as a systemic failure rather than purely individual moral decay",0.1348,gs-insert-tag-proposer-v1,,,,
UPSC-CSE-MAINS-GS-2013-GS4,114362b44ccb26495ac34a5df417428e24c8477cd0f84a0a17c57f2fc42261a9,2013,GS4,12,,It is often said that ‘politics’ and ‘ethics’ do not go together. What is your opinion in this regard? Justify your answer with illustrations.,topic,upsc-cse-mains-gs4,MAPPED,gs-4-applied-ethics-and-case-studies-public-discourse-rights-ethics-case-studies-1c38c2e1,"Public discourse & rights ethics (case studies): internet-shutdown ethics, free speech on social media, social-media influencing, moral policing, identity politics and gender justice, sex-workers'/LGBTQIA+ rights, reproductive rights, 'wokeism' debates",0.2239,gs-4-applied-ethics-and-case-studies-labour-social-welfare-ethics-case-studies-m-fd5e5fca,"Labour & social-welfare ethics (case studies): manual-scavenging as societal ethics, labour/worker ethics (working hours), live-in-relationship ethics, food-service safety ethics, consumerism, individual social responsibility, nudge ethics",0.1055,gs-insert-tag-proposer-v1,,,,
UPSC-CSE-MAINS-GS-2013-GS4,3afe4af38c9c3545e3e30bce3acd331b47746d82e99ec923f266eb91dc1f207d,2013,GS4,13,,"Also please indicate (without necessarily restricting to the above options) what you would like to advise, giving proper reasons.",topic,upsc-cse-mains-gs4,MAPPED,gs-4-ethics-and-human-interface-significance-of-public-service-values-objectivit-ce1073c9,"Significance of public-service values (objectivity, dedication, tolerance) in a multi-cultural society like India; corruption in public life as a systemic failure rather than purely individual moral decay",0.1645,gs-4-aptitude-and-foundational-values-for-civil-service-can-an-administrator-suc-68315897,"Can an administrator succeed on aptitude alone, without integrity? — the integrity-vs-competence debate; impartiality maintenance under political transfer-posting pressures",0.1551,gs-insert-tag-proposer-v1,,,,
UPSC-CSE-MAINS-GS-2013-GS4,a9e10a2e03512ff87f302a6bba8e04dcc077307b1a4e01d637a01d437e3d6570,2013,GS4,14,,"You are working as an Executive Engineer in the construction cell of a Municipal Corporation and are presently in-charge of the construction of a flyover. There are two Junior Engineers under you who have the responsibility of day-to-day inspection of the site and are reporting to you, while you are finally reporting to the Chief Engineer who heads the cell. While the construction is heading towards completion, the Junior Engineers have been regularly reporting that all construction is taking place as per design specifications. However, in one of your surprise inspections, you have noticed some serious deviations and lacunae which, in your opinion, are likely to affect the safety of the flyover. Rectification of these lacunae at this stage would require a substantial amount of demolition and rework which will cause a tangible loss to the contractor and will also delay completion. There is a lot of public pressure on the Corporation to get this construction completed because of heavy traffic congestion in the area. When you brought this matter to the notice of the Chief Engineer, he advised you that in his opinion it is not a very serious lapse and may be ignored. He advised for further expediting the project for completion in time. However, you are convinced that this was a serious matter which might affect public safety and should not be left unaddressed. What will you do in such a situation? Some of the options are given below. Evaluate the merits and demerits of each of these options and finally suggest what course of action you would like to take, giving reasons.",topic,upsc-cse-mains-gs4,MAPPED,gs-4-applied-ethics-and-case-studies-case-studies-public-safety-procurement-dile-e4c66f45,"Case studies: public-safety & procurement dilemmas under pressure: infrastructure-safety cover-up under election-timeline pressure, defence-procurement L1-vs-clean-bidder dilemma, clinical-trial consent violations vs public-health urgency",0.1922,gs-4-applied-ethics-and-case-studies-ethical-issues-in-biotechnology-stem-cells-12fd823d,"Ethical issues in biotechnology: stem cells, cloning, designer babies",0.1478,gs-insert-tag-proposer-v1,,,,
UPSC-CSE-MAINS-GS-2013-GS4,ee38d6731d1f913b3ca74bb47f8900a389e4e2dd171f70307ab49710019d7ed7,2013,GS4,16,,"Evaluate each of these options and choose the option which you would adopt, giving reasons.",topic,upsc-cse-mains-gs4,UNMAPPED,,,,gs-4-applied-ethics-and-case-studies-business-ethics-principles-dimensions-withi-c27e97d6,"Business ethics: principles, dimensions within organisations, business ethics and corporate governance, philanthropy-to-CSR journey, and implementation issues",0.0,gs-insert-tag-proposer-v1,,,,
UPSC-CSE-MAINS-GS-2013-GS4,c7c3b8f34a256ced24490f5a23234bce5679c36159b219e79471fd102179447c,2013,GS4,17,,"Evaluate each of these options and choose the option you would adopt, giving reasons.",topic,upsc-cse-mains-gs4,UNMAPPED,,,,gs-4-applied-ethics-and-case-studies-business-ethics-principles-dimensions-withi-c27e97d6,"Business ethics: principles, dimensions within organisations, business ethics and corporate governance, philanthropy-to-CSR journey, and implementation issues",0.0,gs-insert-tag-proposer-v1,,,,
UPSC-CSE-MAINS-GS-2014-GS1,5202138463a8dbb5396a2e9acc56d8c15f0858041179e076f95b121b0a8dd432,2014,GS1,9,,"~ What: were the ‘évents: that led to. the Suée Crisis in- 1956"" 2. Sibw did | it deal a.. final blow to Britain’s s self-image as a world power.: ~ PTR",topic,upsc-cse-mains-gs1,MAPPED,gs-1-world-history-world-war-i-causes-course-major-events-consequences-aftermath-d143aa02,"World War I: causes, course, major events, consequences, aftermath, and the League of Nations",0.1956,gs-1-physical-geography-of-india-human-geography-and-economic-geography-connecti-51a31f75,"Connectivity & port-led development: Shinku La tunnel and regional connectivity, Indian ports and economic development",0.1923,gs-insert-tag-proposer-v1,,,,
UPSC-CSE-MAINS-GS-2014-GS1,6bf2adb18fb4c2f60949f4b4bd87802322868cce4d8e93fad96f52277b4e9305,2014,GS1,10,,The New Economic Policy — 1921 of. Lenin: had influenced. the policies adopted an byl India soon after independence Evaluate. we ec tf a ar fee a How does patriarchy impact the ¢ position of ' a middle class veonkings » woman. in India?,topic,upsc-cse-mains-gs1,MAPPED,gs-1-post-independence-consolidation-overview-of-economic-development-since-inde-3aa003ac,"Overview of economic development since Independence: Five Year Plans journey, agriculture (land reforms, post-Green-Revolution issues, agrarian movements, achievements/challenges), industry (public/private sector development, industrial policy, Make in India), New Economic Policy impact, and post-Independence policy of Science & Technology (institutional framework, pre-/post-reform S&T, skill training agenda)",0.3073,gs-1-post-independence-consolidation-tribal-issue-and-policy-consolidation-prese-71869387,Tribal issue and policy consolidation: present status of tribal issues and policy responses,0.2413,gs-insert-tag-proposer-v1,,,,
UPSC-CSE-MAINS-GS-2014-GS1,80c7242a073fd02c9c63c05584e088ab5ed92e66dc4cdbb89f5b80f9a3c4d6e8,2014,GS1,11,,i CLIENT): oS 3 Why do some of the most prosperous: regions sof India have. an adverse sex Yatio: for women?? Give your arguments.,topic,upsc-cse-mains-gs1,MAPPED,gs-1-indian-society-women-related-issues-hysterectomies-workforce-participation-c85e0a69,"Women-related issues: hysterectomies, workforce participation gaps, gender disparities in poverty, women in corporate roles, abortion rights, gender digital divide, menstrual hygiene, surrogacy rules, sexual harassment at workplace, domestic violence, marital rape, women in STEM, female entrepreneurship, NFHS-5 women-centric findings",0.1619,gs-1-physical-geography-of-india-human-geography-and-economic-geography-census-t-40e7a6fb,"Census themes: literacy, sex ratio, family planning, ageing population, age structure, density, population growth, census terminology, and the caste-census debate",0.1325,gs-insert-tag-proposer-v1,,,,
UPSC-CSE-MAINS-GS-2014-GS1,7e6ee063ee2dd2249a876d716f38d6221bd4ae807f65a6bffef64a81e00f4c27,2014,GS1,12,,=. _The life cycle. of a joint family’ depends on: economic. faciora rather than social - values. Discuss.; yo ia,topic,upsc-cse-mains-gs1,MAPPED,gs-1-medieval-india-cholas-and-other-south-indian-kingdoms-administration-socio-02338bcb,"Cholas and other south Indian kingdoms: administration, socio-economic life, education/literature, Cheras, Yadavas, and contact with Southeast Asia",0.1592,gs-1-physical-geography-of-india-human-geography-and-economic-geography-human-de-b69822be,"Human development & regional disparity: low human development pockets, climate change and the North-South divide within India, social capital, quality-of-life paradoxes",0.1379,gs-insert-tag-proposer-v1,,,,
UPSC-CSE-MAINS-GS-2014-GS1,ba2fab5f340a4c3f1419836d7a8d75adb38d47c0cc73a99b8ef74450da959e78,2014,GS1,13,,‘increasing feminization of agriculture in India.,topic,upsc-cse-mains-gs1,MAPPED,gs-1-modern-indian-history-colonial-land-revenue-systems-permanent-settlement-ry-8d4a57b9,"Colonial land revenue systems (Permanent Settlement, Ryotwari, Mahalwari), commercialization of agriculture, and economic drain theory",0.2735,gs-1-ancient-india-pre-history-to-post-mauryan-indus-valley-civilization-major-c-59500bf7,"Indus Valley Civilization: major cities and town-planning, internal/foreign trade, agriculture, domestication, crafts, weights and measures, script, society, religion, economy, burial system, and decline",0.2133,gs-insert-tag-proposer-v1,,,,
UPSC-CSE-MAINS-GS-2014-GS1,0f33f38e783ea0f8ca2eb563ea74da7175d9215c6b871e5035c3f111f980f3ca,2014,GS1,14,,Discuss the various. economic. and socio-cultural forces that. are driving - ‘How do the Indian debates‘on: ‘secularism differ from the debatés in the West 7 a,topic,upsc-cse-mains-gs1,MAPPED,gs-1-indian-society-effects-of-globalization-on-indian-society-kinds-of-impact-e-4b595d48,"Effects of globalization on Indian society: kinds of impact (economic, political, developmental, socio-cultural) and whether the impact is solely positive or negative",0.2214,gs-1-indian-culture-miscellaneous-cultural-themes-handicrafts-indian-universitie-1b19deff,"Miscellaneous cultural themes: handicrafts, Indian universities, cultural personalities, places of cultural interest, fairs and festivals, cultural institutions and awards, the calendar and eras, science and technology in ancient India, UNESCO heritage listings, legal provisions protecting cultural heritage",0.2171,gs-insert-tag-proposer-v1,,,,
UPSC-CSE-MAINS-GS-2014-GS1,e91c68269d5e2e4e8630e16b79a6fe5f023e0069d555bc9aca90415104945fc5,2014,GS1,15,,Most of the unusual climatic happenings: are e explained as an outcome of the | EL “Nino. effect. ‘Do you agree? 2,topic,upsc-cse-mains-gs1,MAPPED,gs-1-physical-geography-of-india-human-geography-and-economic-geography-climate-3f97a450,"Climate of India: factors influencing climate, monsoon mechanism (classical/modern/air-mass/jet-stream theories), El Nino-La Nina impact, rhythm of seasons, and climatic regions",0.2975,gs-1-geography-world-physical-geography-ocean-climate-system-dynamics-mid-oceani-423ada4d,"Ocean & climate-system dynamics: mid-oceanic ridges and biodiversity, changing El Nino/La Nina patterns, Oceanic Nino Index, climate change's impact on ocean currents, slowdown in overturning circulation, marine heatwaves, cryosphere and climate change",0.1958,gs-insert-tag-proposer-v1,,,,
UPSC-CSE-MAINS-GS-2014-GS1,c8567e1b768699170a64d9e657e10fc542281b3f6d6e260c724e395947796e4f,2014,GS1,16,,Explain the formation of thousands of islands in Indonesian and Philippines archipelagos. symptoms of climate change in the Indian sub- continent.,topic,upsc-cse-mains-gs1,MAPPED,gs-1-geography-world-physical-geography-ocean-climate-system-dynamics-mid-oceani-423ada4d,"Ocean & climate-system dynamics: mid-oceanic ridges and biodiversity, changing El Nino/La Nina patterns, Oceanic Nino Index, climate change's impact on ocean currents, slowdown in overturning circulation, marine heatwaves, cryosphere and climate change",0.267,gs-1-geography-world-physical-geography-volcanism-tectonic-phenomena-subaerial-f-a051e825,"Volcanism & tectonic phenomena: subaerial/fissure volcanic eruptions, supervolcanoes, volcanic island arcs, volcanic vortex rings, earthquake-ionosphere linkage, Africa's Rift Valley/new ocean basin formation",0.1708,gs-insert-tag-proposer-v1,,,,
UPSC-CSE-MAINS-GS-2014-GS1,4a4e00bc0a8352c29acff9665c0b4b149e80cf57f9a475cd7f3a2edd7085c7cb,2014,GS1,17,,Why’ ‘are the world’s fold mountain: systems located along the margins of ~seontinents.? Bring out the association between. the global d distribution of: fold,topic,upsc-cse-mains-gs1,MAPPED,gs-1-geography-world-physical-geography-landforms-across-the-world-fold-block-vo-9402d995,"Landforms across the world: fold/block/volcanic mountains, plateau types (dissected, volcanic) and their economic significance",0.3586,gs-1-world-history-post-cold-war-world-global-issues-since-1991-european-integra-53707856,"Post-Cold War world: global issues since 1991, European integration (with timeline), rise of global Islamic terrorism, and the rise of China",0.1352,gs-insert-tag-proposer-v1,,,,
UPSC-CSE-MAINS-GS-2014-GS1,4fe7f6a2008be33b3dfece853d4c6604ce7dd2bb6058e3fe041052b150c178cc,2014,GS1,18,,"' Tropical cyclones are largely confined to South China Sea, Bay ‘of Bengal « aad. Gulf of Mexico. Why?",topic,upsc-cse-mains-gs1,MAPPED,gs-1-geography-world-physical-geography-tropical-cyclones-formation-conditions-c-2c4c22be,"Tropical cyclones: formation conditions, convective cyclogenesis, path, damage, Arabian Sea cyclones, naming conventions, and early-warning systems",0.2958,gs-1-physical-geography-of-india-human-geography-and-economic-geography-monsoon-09bf8afc,"Monsoon, climate & extreme-weather geography: cyclones of the Bay of Bengal and climate change, El Nino and Indian monsoon, Indian Ocean Dipole's weather impact, heat waves/anticyclones/global warming in India, changing Western Disturbances",0.2336,gs-insert-tag-proposer-v1,,,,
UPSC-CSE-MAINS-GS-2014-GS1,3777f87f37cabef2b2021b8e7a21303ff143e7dbdbb86e61ea9cc483811b5233,2014,GS1,19,,Bring out the ‘relationship between the: shrinking. Himalayan glaciers and the oS,topic,upsc-cse-mains-gs1,MAPPED,gs-1-physical-geography-of-india-human-geography-and-economic-geography-himalaya-a08e0784,"Himalayan geomorphology & hazards: receding Himalayan glaciers, Himalayan landslides, tectonic deformation in northern plains, Chenab Valley land subsidence, expanding Himalayan glacial lakes",0.4052,gs-1-physical-geography-of-india-human-geography-and-economic-geography-river-ba-9a663b0f,"River-basin & water-resource management: Indus dam construction prospects/challenges, integrated river-basin management, shrinking reservoir water, declining groundwater, multipurpose projects and regional development",0.1039,gs-insert-tag-proposer-v1,,,,
UPSC-CSE-MAINS-GS-2014-GS1,71d46cdbb614c110350bd0c2c84f21bc1f007835417fd9f0aae47dcc843e12ea,2014,GS1,20,,Why ‘did the Green Revolution in. ‘India virtually by-pass ‘the eastern region =,topic,upsc-cse-mains-gs1,MAPPED,gs-1-physical-geography-of-india-human-geography-and-economic-geography-industry-b8c4022d,"Industry and industrial geography: industrial development phases, iron-and-steel/textile/engineering/chemical/agro-based/paper/cement/petroleum-refining industries and their localization factors, principal industrial regions of the world (Anglo-America, former USSR, Eastern Asia)",0.1805,gs-1-world-history-russian-revolution-pre-revolution-events-causes-course-conseq-6ae50888,"Russian Revolution: pre-revolution events, causes, course, consequences, aftermath, and post-Lenin Russia",0.1588,gs-insert-tag-proposer-v1,,,,
UPSC-CSE-MAINS-GS-2014-GS1,293c82f282958208ecec41173ea6c0a3b1802b2be1fb846d08844e69b54cdb24,2014,GS1,21,,"Whereas | the British plariters had developed tea gardens all along the Shivaliks ‘ and Lesser Himalayas from Assam to Himachal Pradesh, in effect they did not | succeed beyond the Darjeeling. area. Explain.",topic,upsc-cse-mains-gs1,MAPPED,gs-1-indian-society-demographic-transition-changes-in-population-growth-rates-an-ca786cf1,"Demographic transition: changes in population growth rates and distribution since Independence; population problems of developing vs developed countries; Malthusian, Marxian and Demographic Transition theories",0.1733,gs-1-physical-geography-of-india-human-geography-and-economic-geography-demograp-8ea834c8,"Demography: concept of human resources, population distribution (physical/socio-cultural/demographic factors), world/continental distribution, density patterns, age/sex composition, literacy, population pyramids, theories of population growth (Malthusian, Marxian, demographic transition), population problems of developed vs developing countries, and rising youth population",0.128,gs-insert-tag-proposer-v1,,,,
UPSC-CSE-MAINS-GS-2014-GS1,c4dc8a7e62a110e6f3a8e62db546ac0dfe88f52603926e76f3d7df01205bd7b1,2014,GS1,22,,despite fertile soil ¢ and good availability of water?.,topic,upsc-cse-mains-gs1,MAPPED,gs-1-physical-geography-of-india-human-geography-and-economic-geography-water-re-42986ae9,"Water resources: underground/surface/inland/oceanic water resources, utilization patterns, water pollution, conservation techniques, river-interlinking projects, and the problem of ageing dams",0.2788,gs-1-physical-geography-of-india-human-geography-and-economic-geography-soils-an-09af701c,"Soils and natural vegetation of India: soil classification/texture/degradation/conservation; forest types, cover, conservation, and problems",0.2646,gs-insert-tag-proposer-v1,,,,
UPSC-CSE-MAINS-GS-2014-GS1,fcf2ecd1458570db820380e892a961eaa3bdbb553d6987f092cf690acc915458,2014,GS1,23,,") ‘Account for the change i in the. spatial pattern, of the Iron and Steel: industry in: 7 the world.",topic,upsc-cse-mains-gs1,MAPPED,gs-1-geography-world-physical-geography-industrial-localization-parameters-distr-8373a882,"Industrial localization parameters: distribution factors for iron-steel and cotton-textile industries in India, and why petroleum refineries are often sited away from crude-producing areas",0.253,gs-1-physical-geography-of-india-human-geography-and-economic-geography-industry-b8c4022d,"Industry and industrial geography: industrial development phases, iron-and-steel/textile/engineering/chemical/agro-based/paper/cement/petroleum-refining industries and their localization factors, principal industrial regions of the world (Anglo-America, former USSR, Eastern Asia)",0.2258,gs-insert-tag-proposer-v1,,,,
UPSC-CSE-MAINS-GS-2014-GS1,83eef86c12151f5bec604d776c9ea8fc88041fdc9f20c69265ac4fbd764573a1,2014,GS1,24,,Critically evaluate the various resources -of the oceans which can be hamessed ‘to meet the resource crisis in 1 the world. os,topic,upsc-cse-mains-gs1,MAPPED,gs-1-geography-world-physical-geography-oceanography-hydrological-cycle-ocean-fl-4aa88438,"Oceanography: hydrological cycle, ocean floor relief (continental shelf/slope, deep sea plain, trenches, mid-oceanic ridges, seamounts, submarine canyons, guyots, atolls), ocean water temperature/salinity/density distribution, tides and tidal currents, ocean currents (surface/deep, warm/cold) and their global effects, desert formation linkage, Atlantic Meridional Overturning Circulation, ocean resources (deposits, deep-sea minerals, energy/biotic resources, deep ocean mission), and UNCLOS maritime zones",0.2987,gs-1-geography-world-physical-geography-resource-geopolitics-arctic-ice-melt-cau-b61eb452,"Resource geopolitics: Arctic ice-melt causes/consequences, Arctic resource-driven geopolitical conflict, and mineral resource base as determined by geological structure",0.2039,gs-insert-tag-proposer-v1,,,,
UPSC-CSE-MAINS-GS-2014-GS1,97a81b180b5ee0d2d1ecfca2f3d36ed5293f79bf8b1fd5629231d6792403e630,2014,GS1,25,,How. does India see its place in the economic space of rising natural resource rich Africa 7 2.,topic,upsc-cse-mains-gs1,MAPPED,gs-1-physical-geography-of-india-human-geography-and-economic-geography-global-p-9afda12c,"Global physical-geography case studies: Sub-Saharan Africa food security, Africa's Afar Triangle",0.3067,gs-1-physical-geography-of-india-human-geography-and-economic-geography-demograp-8ea834c8,"Demography: concept of human resources, population distribution (physical/socio-cultural/demographic factors), world/continental distribution, density patterns, age/sex composition, literacy, population pyramids, theories of population growth (Malthusian, Marxian, demographic transition), population problems of developed vs developing countries, and rising youth population",0.1361,gs-insert-tag-proposer-v1,,,,
UPSC-CSE-MAINS-GS-2014-GS2,3304465e8b3429980be519bbd8a15478144e51be459d0255823aca0709318932,2014,GS2,1,,Though the federal principle i is dominant i in our Constitution and that principle is one of its.,topic,upsc-cse-mains-gs2,MAPPED,gs-2-governance-government-policies-and-development-processes-delivery-mechanism-c98eb99c,"Delivery mechanisms & sectoral missions: co-operatives, MSME, One Nation One Ration Card/One District One Product, entitlement portability, flagship missions (Jal Jeevan, Gati Shakti)",0.5166,gs-2-indian-constitution-comparative-constitutionalism-indian-scheme-vs-usa-uk-f-a9aa42e5,"Comparative constitutionalism: Indian scheme vs USA, UK, France, and neighbouring constitutions",0.2227,gs-insert-tag-proposer-v1,,,,
UPSC-CSE-MAINS-GS-2014-GS2,6acceee3c3644a3e7aa57fe66e44a5e3fe957f3a6547212f20972020bad96b2b,2014,GS2,3,,"~ basic: features, but it is equally true that federalism under the Indian Constitution jeans in. >",topic,upsc-cse-mains-gs2,MAPPED,gs-2-indian-constitution-comparative-constitutionalism-indian-scheme-vs-usa-uk-f-a9aa42e5,"Comparative constitutionalism: Indian scheme vs USA, UK, France, and neighbouring constitutions",0.2313,gs-2-indian-constitution-separation-of-powers-features-in-american-uk-constituti-b8f9c5e9,"Separation of powers: features in American/UK constitutions, checks-and-balances in the Indian scheme, judicial review, and the concept's practical limits",0.23,gs-insert-tag-proposer-v1,,,,
UPSC-CSE-MAINS-GS-2014-GS2,28f68a6ffe14912ba33cf14a7978f0fce0a631ecdb8ee98d2f9da3e6395534a2,2014,GS2,4,,"favour of a strong Centre, a feature that militates against the concept of strong federalism. Discuss..",topic,upsc-cse-mains-gs2,MAPPED,gs-2-international-relations-important-key-concepts-new-world-order-dynamics-and-a8b51cfb,Important key concepts: New World Order dynamics and 'New Cold War' debates,0.1468,gs-2-indian-constitution-separation-of-powers-features-in-american-uk-constituti-b8f9c5e9,"Separation of powers: features in American/UK constitutions, checks-and-balances in the Indian scheme, judicial review, and the concept's practical limits",0.1443,gs-insert-tag-proposer-v1,,,,
UPSC-CSE-MAINS-GS-2014-GS2,6a097135137b87680f72da6d7035454a28ec4f6d4f429d5af87285e86f7581de,2014,GS2,5,,"The ‘Powers, Privileges and Immunities of Parliament and its Members’ as envisaged in Article 105 of the Constitution leave room for a large number of un-codified and un-enumerated — privileges to continue. Assess the reasons for the absence of legal codification of the ‘parliamentary privileges’. How can this problem be addressed 2, 12%",topic,upsc-cse-mains-gs2,MAPPED,gs-2-union-and-state-executive-legislature-and-judiciary-electoral-political-pro-7e501620,"Electoral & political-process reform: NOTA, coalition politics, electoral bonds, anti-defection reforms, women's reservation act, parliamentary privileges",0.2634,gs-2-union-and-state-executive-legislature-and-judiciary-council-of-ministers-at-1ea209c1,"Council of Ministers, Attorney General of India, and Parliament: composition of Lok Sabha/Rajya Sabha, qualification/disqualification, sessions, law-making procedure, officers, motions/resolutions, powers and privileges, financial proceedings, comparison of the two Houses, women's reservation in Parliament, judicial activism vis-a-vis Parliament, and delegated legislation",0.1915,gs-insert-tag-proposer-v1,,,,
UPSC-CSE-MAINS-GS-2014-GS2,b848f37c4e3c5062ecead5fe704fbc4d20e1d8659c61e3a2fc2562549d7a05a3,2014,GS2,6,,What ‘do you understand by the. concept “freedom of speech and expression”? Does it cover. ~ hate speech also? Why do the films in India stand on a slightly different plane from other forms of expression? Discuss. i,topic,upsc-cse-mains-gs2,MAPPED,gs-2-governance-government-policies-and-development-processes-digital-governance-55aa8e3f,"Digital governance & information regimes: 'concern about democracy in the digital age', internet shutdowns, fake news/hate speech, IT rules on OTT/digital media",0.2133,gs-2-social-justice-welfare-health-education-and-poverty-flagship-schemes-start-8ee75b1c,"Flagship schemes: start-up & skill development: Stand-Up India, National Student Startup Policy, PMKVY, Deen Dayal schemes, Atal Innovation Mission",0.0817,gs-insert-tag-proposer-v1,,,,
UPSC-CSE-MAINS-GS-2014-GS2,228133c5306884af82de51e9f26f52dd0add7e062c43d9d17834d232c4522458,2014,GS2,7,,Instances of President’s delay in commuting death sentences has.come under public debate as-denial of justice. Should there be a time limit specified for the President to accept/reject such petitions? Analyse. —-:;.,topic,upsc-cse-mains-gs2,MAPPED,gs-2-union-and-state-executive-legislature-and-judiciary-vice-president-and-prim-51da249d,"Vice-President and Prime Minister: office, functions, appointment, and role vis-a-vis Council of Ministers/President/Lok Sabha/political party/coalition government",0.2861,gs-2-union-and-state-executive-legislature-and-judiciary-the-president-importanc-8641a83a,"The President: importance, qualification, election procedure, powers (executive/legislative/emergency/financial/judicial), ordinance-making power, pardon power, impeachment, and misuse of emergency provisions",0.1442,gs-insert-tag-proposer-v1,,,,
UPSC-CSE-MAINS-GS-2014-GS2,5d6ac144e253ab6511a9b1dd171127ba31ae3aa08944940ec2815da6f8a8b4cf,2014,GS2,8,,The size of the cabinet should be as big as governmental work justifies and as big as the’ Prime Minister can. ‘manage as a team. How far is the efficacy of a government then inversely’ related to the size of the cabinet? Discuss..,topic,upsc-cse-mains-gs2,MAPPED,gs-2-union-and-state-executive-legislature-and-judiciary-ministries-departments-e81ac269,"Ministries/Departments of government: functioning, central secretariat, cabinet secretary, field organizations, and PMO",0.2416,gs-2-union-and-state-executive-legislature-and-judiciary-vice-president-and-prim-51da249d,"Vice-President and Prime Minister: office, functions, appointment, and role vis-a-vis Council of Ministers/President/Lok Sabha/political party/coalition government",0.216,gs-insert-tag-proposer-v1,,,,
UPSC-CSE-MAINS-GS-2014-GS2,c5409ccabb3972000005dbfe010f090e2efa3e42f6fd8fe821c692e6bd84aad5,2014,GS2,9,,"Though 100 percent EDI is already allowed in non-news media like a trade’publication and general entertainment channel, the Government is mulling over the proposal for increased FDI in news media for quite some time. What difference would an increase in FDI make? - Critically evaluate the pros and cons.",topic,upsc-cse-mains-gs2,MAPPED,gs-2-governance-government-policies-and-development-processes-digital-governance-55aa8e3f,"Digital governance & information regimes: 'concern about democracy in the digital age', internet shutdowns, fake news/hate speech, IT rules on OTT/digital media",0.226,gs-2-governance-government-policies-and-development-processes-pressure-groups-an-36f5531a,"Pressure groups and formal/informal associations: types, significance, distinction from political parties, politicisation of pressure groups, and their evolving role via new media",0.1244,gs-insert-tag-proposer-v1,,,,
UPSC-CSE-MAINS-GS-2014-GS2,cd6580a3c7ec6c532ef4b4db340a909e91686484b0fae07170da2f5ea98aa910,2014,GS2,10,,"‘The setting up of a Rail Tariff Authority to regulate fares will subject the cash strapped Indian Railways to demand subsidy for obligation to operate non-profitable routes and services. Taking into account the experience in the power sector, discuss if. the proposed reform is expected to benefit the consumers, the Indian Railways or the private container operators..",topic,upsc-cse-mains-gs2,MAPPED,gs-2-social-justice-welfare-health-education-and-poverty-governance-infrastructu-22780ce1,"Governance, infrastructure & consumer welfare: vehicle scrappage, right to repair, land-records modernization, ULB capacity building, consumer protection, disability-inclusive urban infrastructure",0.1546,gs-2-social-justice-welfare-health-education-and-poverty-health-education-and-hu-d221d473,"Health, education and human-resource services: India's education structure (primary/secondary/higher), GOI education initiatives and reform recommendations, skill-development indicators, private-and-public health structure, NITI Aayog health reports, and SDGs linkage",0.1364,gs-insert-tag-proposer-v1,,,,
UPSC-CSE-MAINS-GS-2014-GS2,174c7b5bd56cdfaec559faf630f7875c4eaa6ba5291acef56cef94e8ff73c7b2,2014,GS2,11,,‘National Human Rights Commission (NHRC) in India can be most effective when its tasks are adequately supported by other mechanisms that ensure: the accountability of a” government. In light of the above observation assess the role of NHRC as an effective,topic,upsc-cse-mains-gs2,MAPPED,gs-2-union-and-state-executive-legislature-and-judiciary-statutory-regulatory-qu-1f7989f9,"Statutory/regulatory/quasi-judicial bodies: CVC, CBI, NHRC ('toothless tiger' critique), SHRC, Central/State Information Commission, NGT, SEBI, IRDA, TRAI, NCLAT, National Consumer Disputes Redressal Commission, Lokpal and Lokayukta, Planning Commission legacy, PMO, Zonal Council",0.2147,gs-2-governance-government-policies-and-development-processes-effective-implemen-336d2a48,"Effective implementation: outcome orientation, programme impact assessment, budget/zero-base-budgeting/cost-benefit analysis, and institution-building (task forces, steering/review committees)",0.2023,gs-insert-tag-proposer-v1,,,,
UPSC-CSE-MAINS-GS-2014-GS2,8c3076ebf77a87b1b3dc606686c8589a8dfa0f6d1155b73b959c9c90637fab58,2014,GS2,12,,complement to the judiciary and other institutions in promoting and protecting human rights standards.,topic,upsc-cse-mains-gs2,MAPPED,gs-2-union-and-state-executive-legislature-and-judiciary-judiciary-rights-rule-o-86b797d1,"Judiciary, rights & rule of law: right to personality, right to vote for undertrials, curative petition, tribunals in India, criminal law reforms, All India Judicial Services, Supreme Court case-burden, contempt of court, freedom of press, special/local laws, ED and PMLA",0.3175,gs-2-social-justice-welfare-health-education-and-poverty-marginalised-community-05174854,"Marginalised-community & rights-based welfare: forest rights, PVTG welfare, internal displacement, right-based development approaches, women's basic income proposals, workplace sexual harassment",0.2669,gs-insert-tag-proposer-v1,,,,
UPSC-CSE-MAINS-GS-2014-GS2,4956c920ddf86fb4880e87d95f2c7abd90d2d9c4575ce3fb2706cdcd73db8b83,2014,GS2,13,,The penetration of Self Help Groups-(SHGs) in rural areas. in promoting participation in development programmes is facing socio-cultural. hurdles. Examine. ‘12%,topic,upsc-cse-mains-gs2,MAPPED,gs-2-social-justice-welfare-health-education-and-poverty-the-scheduled-and-triba-f376c85d,"The Scheduled and Tribal Areas: 5th/6th Schedule areas, autonomous-council composition/role, Governor's role, tribal sub-plan, and start-up/skill-development linkage for tribal areas",0.2325,gs-2-governance-government-policies-and-development-processes-development-proces-d5bc13d1,"Development process and industry: growth vs development, main constraints and stakeholders, SHGs (meaning, importance, institutional structure, funding, women's development linkage, poverty/rural-development linkage), and Micro Finance (meaning, structure, importance)",0.1877,gs-insert-tag-proposer-v1,,,,
UPSC-CSE-MAINS-GS-2014-GS2,ce3a97a05f7957508c60fca8b6be442863d2def77b841b544dc544741e93d492,2014,GS2,14,,"Do government’ s schemes for up-lifting vulnerable and backward communities by protecting required social resources for them, lead to their exclusion in establishing businesses in urban economies?",topic,upsc-cse-mains-gs2,MAPPED,gs-2-social-justice-welfare-health-education-and-poverty-flagship-schemes-rural-51cc062a,"Flagship schemes: rural/urban development: PMGSY, Swachh Bharat, PMAY, Smart Cities Mission, AMRUT",0.1871,gs-2-social-justice-welfare-health-education-and-poverty-flagship-schemes-social-17efa6e8,"Flagship schemes: social security: Atal Pension Yojana, PMJJBY, PMSBY",0.1455,gs-insert-tag-proposer-v1,,,,
UPSC-CSE-MAINS-GS-2014-GS2,6219a1189baab85a87c8c05a09ab87fffc219428303e38dea0c4f8f0015764b6,2014,GS2,15,,"An athlete participates in Olympics for personal triumph and nation’ s glory; victors are showered with cash incentives by various agencies, on their return. Discuss the merit of _ state sponsored talent hunt and its cultivation as against the rationale of a reward mechanism as encouragement. a "" “: - 2A",topic,upsc-cse-mains-gs2,MAPPED,gs-2-governance-government-policies-and-development-processes-delivery-mechanism-c98eb99c,"Delivery mechanisms & sectoral missions: co-operatives, MSME, One Nation One Ration Card/One District One Product, entitlement portability, flagship missions (Jal Jeevan, Gati Shakti)",0.1338,gs-2-international-relations-india-and-asian-nations-central-asian-republics-tur-3b2df521,"India and Asian nations: Central Asian republics (Turkmenistan, Kazakhstan, Tajikistan; China's role; International North-South Transport Corridor; SCO), Mongolia, UAE, Iran (nuclear deal, US geo-economic considerations), Israel-Palestine and India-Israel relations, Saudi Arabia, Asia-Pacific groupings, Southeast Asia (ASEAN steps and security cooperation), Japan, South Korea, Vietnam",0.1199,gs-insert-tag-proposer-v1,,,,
UPSC-CSE-MAINS-GS-2014-GS2,a015d20dafe6a137ae40066912d90649b28d9894eba873f40dec5060a055565e,2014,GS2,16,,"Should the premier institutes like IITs/IIMs. be allowed to retain premier status, allowed more academic independence in designing courses and also decide mode/criteria of selection of students. Discuss in light of the growing challenges.",topic,upsc-cse-mains-gs2,MAPPED,gs-2-union-and-state-executive-legislature-and-judiciary-constitutional-bodies-a-6dd19b16,"Constitutional Bodies: appointment transparency (CEC/EC selection process, CAG appointment/functions/powers), tenure security, and functional independence",0.1932,gs-2-indian-constitution-citizenship-constitutional-provisions-modes-of-acquirin-53c3488d,"Citizenship: constitutional provisions, modes of acquiring/losing citizenship, dual citizenship debate, J&K-specific provisions, OCI/PIO status",0.1878,gs-insert-tag-proposer-v1,,,,
UPSC-CSE-MAINS-GS-2014-GS2,79d60dfe40a4653a748d5b71708a67a12dd403780ae84f07a50caf9aa6de8143,2014,GS2,17,,Has the Cadre based Civil Services Organization been the cause of slow change in India? Critically examine. 12% _ C€~DRN-N-ITUB | @,topic,upsc-cse-mains-gs2,MAPPED,gs-2-governance-government-policies-and-development-processes-role-of-civil-serv-900d4921,"Role of civil services in a democracy: concept and need for civil services, law-making role (policy formulation/implementation/evaluation), civil services as protector of minorities and promoter of inclusive growth, emerging challenges (lateral entry, capacity building, frequent transfers, cadre policy, performance appraisal, Civil Services Board)",0.4179,gs-2-social-justice-welfare-health-education-and-poverty-marginalised-community-05174854,"Marginalised-community & rights-based welfare: forest rights, PVTG welfare, internal displacement, right-based development approaches, women's basic income proposals, workplace sexual harassment",0.2093,gs-insert-tag-proposer-v1,,,,
UPSC-CSE-MAINS-GS-2014-GS2,1c7b1adf0c8c2544b0030ffb98d887b80d93b5669129742f861d6533ac71b0d1,2014,GS2,18,,"the need for safeguarding maritime security to ensure freedom of navigation and over flight ~ throughout the region. In this context, discuss the bilateral issues between India and China.",topic,upsc-cse-mains-gs2,MAPPED,gs-2-international-relations-security-challenges-in-the-indian-ocean-region-us-p-01aa3450,"Security challenges in the Indian Ocean Region: US pivot to Asia, South China Sea mistrust, Somalia piracy, neighbourhood terrorism, energy routes, fisheries/livelihood issues, environmental security, and Indian Ocean 'Zone of Peace' declaration",0.2085,gs-2-international-relations-india-s-neighbourhood-regional-diplomacy-bimstec-ch-381686f4,"India's neighbourhood & regional diplomacy: BIMSTEC Charter, Chabahar Port, India-China border dispute (Arunachal Pradesh), Bhutan-China relations, Neighbourhood First Policy, Gujral Doctrine, South China Sea volatility, China-Taiwan dispute and India",0.1922,gs-insert-tag-proposer-v1,,,,
UPSC-CSE-MAINS-GS-2014-GS2,b2892560e3675d32d8078f13934252e45c6ce0f0a4a67d68b009d5ecd87da174,2014,GS2,19,,"Two parallel run schemes of the Government, viz. the Adhaar Card and NPR, one as voluntary and the other as. compulsory, have led to debates at national levels and also litigations. On metits, discuss whether or not both schemes need run concurrently. Analyse the potential of the schemes to achieve developmental benefits and equitable growth..",topic,upsc-cse-mains-gs2,MAPPED,gs-2-governance-government-policies-and-development-processes-delivery-mechanism-c98eb99c,"Delivery mechanisms & sectoral missions: co-operatives, MSME, One Nation One Ration Card/One District One Product, entitlement portability, flagship missions (Jal Jeevan, Gati Shakti)",0.2915,gs-2-social-justice-welfare-health-education-and-poverty-flagship-schemes-start-8ee75b1c,"Flagship schemes: start-up & skill development: Stand-Up India, National Student Startup Policy, PMKVY, Deen Dayal schemes, Atal Innovation Mission",0.2066,gs-insert-tag-proposer-v1,,,,
UPSC-CSE-MAINS-GS-2014-GS2,a72eb1870aba2a7a1019234cd0d8cb558a87845f6045ad264187d72b266011fe,2014,GS2,20,,"With respect to the South China sea, maritime territorial disputes and rising tension affirm",topic,upsc-cse-mains-gs2,MAPPED,gs-2-international-relations-major-powers-russia-strategic-cooperation-russia-ch-75e82be4,"Major powers: Russia (strategic cooperation, Russia-China impact on India), China (economic relations, water disputes, String of Pearls, Maritime Silk Route/BRI implications, border disputes, South China Sea, CBMs), USA (strategic consultations, counter-terrorism, trade, energy/climate, S&T/space, defence cooperation, IPR, Indo-Pacific/QUAD, GSP)",0.3504,gs-2-international-relations-india-s-neighbourhood-regional-diplomacy-bimstec-ch-381686f4,"India's neighbourhood & regional diplomacy: BIMSTEC Charter, Chabahar Port, India-China border dispute (Arunachal Pradesh), Bhutan-China relations, Neighbourhood First Policy, Gujral Doctrine, South China Sea volatility, China-Taiwan dispute and India",0.2651,gs-insert-tag-proposer-v1,,,,
UPSC-CSE-MAINS-GS-2014-GS2,3637d3aacee90e270074d5a07c9962ce102aca5bbad0efb87d16222ba02c19ad,2014,GS2,21,,The aim of Information Technology Agreements (ITAs) is. to lower all taxes and tariffs on - information technology products by signatories to zero. What impact would such agreements ) have on India’s interests? “12%,topic,upsc-cse-mains-gs2,MAPPED,gs-2-governance-government-policies-and-development-processes-effective-implemen-336d2a48,"Effective implementation: outcome orientation, programme impact assessment, budget/zero-base-budgeting/cost-benefit analysis, and institution-building (task forces, steering/review committees)",0.1111,gs-2-governance-government-policies-and-development-processes-digital-governance-55aa8e3f,"Digital governance & information regimes: 'concern about democracy in the digital age', internet shutdowns, fake news/hate speech, IT rules on OTT/digital media",0.1063,gs-insert-tag-proposer-v1,,,,
UPSC-CSE-MAINS-GS-2014-GS2,079964fe33b6b97dd7e7c57805bb30d3487ef7833ca5f63a395e1c551f8e4c4e,2014,GS2,22,,’ Some of the International funding agencies have special terms for economic participation,topic,upsc-cse-mains-gs2,MAPPED,gs-2-international-relations-india-and-other-regions-africa-historical-connectio-aba636d2,"India and other regions: Africa (historical connections, South-South engagement, trade/investment/security cooperation), Australia (diaspora, economic ties, nuclear cooperation), France (strategic partnership), Germany (economic relations), UK (Brexit implications)",0.1954,gs-2-international-relations-multilateral-relations-wto-decision-making-nairobi-a57628fa,"Multilateral relations: WTO (decision-making, Nairobi Package, IPR, reforms, agriculture issues, FTAs), IMF and reforms, nuclear-security architecture (NSG, MTCR, NPT), BRICS/BIMSTEC/IBSA/SAARC, India-ASEAN economic cooperation",0.1259,gs-insert-tag-proposer-v1,,,,
UPSC-CSE-MAINS-GS-2014-GS2,37f4d18fc1863d249998b8293079ba945f4bb319c85b4e3bb2d04ee2da2ef407,2014,GS2,23,,"stipulating a substantial component of the‘aid to be used for sourcing equipment from the leading countries. Discuss on merits of such terms and if, there exists a strong case not to accept such conditions in: the Indian context. 7..",topic,upsc-cse-mains-gs2,MAPPED,gs-2-indian-constitution-union-and-states-state-reorganisation-commission-compon-678f3e67,"Union and states: State Reorganisation Commission, components of Indian territory, formation of new states, Zonal Councils, Union Territories, special provisions for states, Scheduled and Tribal Areas (5th/6th Schedule, autonomous councils)",0.1574,gs-2-union-and-state-executive-legislature-and-judiciary-judiciary-rights-rule-o-86b797d1,"Judiciary, rights & rule of law: right to personality, right to vote for undertrials, curative petition, tribunals in India, criminal law reforms, All India Judicial Services, Supreme Court case-burden, contempt of court, freedom of press, special/local laws, ED and PMLA",0.1071,gs-insert-tag-proposer-v1,,,,
UPSC-CSE-MAINS-GS-2014-GS2,8811890d448176f4d024b1619d94d8f351b2562c6e010c754541f08891893317,2014,GS2,24,,India has recently signed to become founding member-of New Development B Bank (NDB) — and also the Asian Infrastructure Investment Bank (AIIB). How will the role of the two Banks be different? Discuss the strategic significance of these two Banks for India. Q.20.: a exacts.) cee waeage set der & set fre me Protea at,topic,upsc-cse-mains-gs2,MAPPED,gs-2-international-relations-global-institutions-un-structure-unga-unsc-and-indi-ac8f607c,"Global institutions: UN structure (UNGA, UNSC and India's candidacy, ECOSOC), ICJ, UN specialised agencies (FAO, ICAO, ILO, IMO, ITU, UNESCO, IFAD, WHO, WMO, WIPO), World Bank",0.1712,gs-2-governance-government-policies-and-development-processes-pressure-groups-an-36f5531a,"Pressure groups and formal/informal associations: types, significance, distinction from political parties, politicisation of pressure groups, and their evolving role via new media",0.0965,gs-insert-tag-proposer-v1,,,,
UPSC-CSE-MAINS-GS-2014-GS2,a5d4e8046d160453bdedb9475c820ebe9b33e020a71ba0d0aece263a7edf78aa,2014,GS2,25,,WTO i is an important international institution where decisions taken affect countries in.a profound manner. What is. the’ mandate of WTO and how binding are their decisions?_. Critically analyse India’s stand on the latest round of talks on Food security. ”,topic,upsc-cse-mains-gs2,MAPPED,gs-2-international-relations-multilateral-relations-wto-decision-making-nairobi-a57628fa,"Multilateral relations: WTO (decision-making, Nairobi Package, IPR, reforms, agriculture issues, FTAs), IMF and reforms, nuclear-security architecture (NSG, MTCR, NPT), BRICS/BIMSTEC/IBSA/SAARC, India-ASEAN economic cooperation",0.3009,gs-2-international-relations-global-governance-multilateral-institutions-minilat-be35869c,"Global governance & multilateral institutions: minilateralism, International Health Regulations amendment, UN peacekeeping and India, ICC and the Israel-Hamas dispute, UNSC and G4, WTO reform crises, Global South leadership, G20 and India",0.2078,gs-insert-tag-proposer-v1,,,,
UPSC-CSE-MAINS-GS-2014-GS3,285fe687c4d97e11af7e5454428a1216cb5cbe47681604049267c4840c658d50,2014,GS3,1,,"Normally countries shift from agriculture to industry and then later to services, but India shifted directly from agriculture to services. What are the reasons for the huge growth of services vis-a-vis industry in the country? Can India become a developed country without a strong industrial base?",topic,upsc-cse-mains-gs3,MAPPED,gs-3-indian-economy-planning-resource-mobilization-and-inclusive-growth-structur-da66839b,"Structural growth debates: savings rate/investment pattern/capital-output ratio as growth levers, manufacturing's limited capacity to absorb agricultural surplus labour, direct-tax reform and tax-to-GDP widening, GDP's agriculture-to-services shift without a manufacturing base, and the 'jobless growth' debate",0.3104,gs-3-industry-infrastructure-and-investment-models-industrial-sectoral-policy-na-a3381ff7,"Industrial & sectoral policy: National Mission on Edible Oil, Zero Defect Zero Effect scheme, natural-gas-marketing reforms, telecom-sector issues, fertiliser shortage, shift to green energy",0.1356,gs-insert-tag-proposer-v1,,,,
UPSC-CSE-MAINS-GS-2014-GS3,95994c2b2adcd2b694b0b8be4676e2267f73555109a66b45c4348ac3ca1201d4,2014,GS3,2,,"“While we flaunt India’s demographic dividend, we ignore the dropping rates of employability.” What are we missing while doing so? Where will the jobs that India desperately needs come from? Explain.",topic,upsc-cse-mains-gs3,MAPPED,gs-3-indian-economy-planning-resource-mobilization-and-inclusive-growth-employme-0a6e0c26,"Employment & demographic economics: GDP-employment linkage, ageing workforce, demographic dividend, gaming sector",0.3976,gs-3-indian-economy-planning-resource-mobilization-and-inclusive-growth-investme-3cb18d0b,"Investment models: need for and sources/measures of investment, domestic (public/private/PPP) and foreign (FDI/FII) investment models followed by India, and the role of the state",0.1144,gs-insert-tag-proposer-v1,,,,
UPSC-CSE-MAINS-GS-2014-GS3,522af5cd1e310dfac277926f22f2bae0d8f6e76f51f42354b7ca00115c91dd8c,2014,GS3,3,,There is also a point of view that Agricultural Produce Market Committees (APMCs) set up under the State Acts have not only impeded the development of agriculture but also have been the cause of food inflation in India. Critically examine.,topic,upsc-cse-mains-gs3,MAPPED,gs-3-agriculture-agriculture-marketing-process-and-structure-in-india-importance-37e81b3b,"Agriculture marketing: process and structure in India, importance, government measures (APMC Act analysis, e-NAM)",0.3218,gs-3-agriculture-technology-in-agriculture-data-revolution-ai-applications-socia-e75fd24f,"Technology in agriculture: data revolution, AI applications, social-security schemes for farmers (climate-smart agriculture, precision farming for input-wastage mitigation)",0.1627,gs-insert-tag-proposer-v1,,,,
UPSC-CSE-MAINS-GS-2014-GS3,094056651cf1bc113c9563c7bc5955e2d860025e8b628f8215bd89c87560e511,2014,GS3,4,,“In the villages itself no form of credit organization will be suitable except the cooperative society.” —All India Rural Credit Survey. Discuss this statement in the background of agricultural finance in India. What constraints and challenges do financial institutions supplying agricultural finance face? How can technology be used to better reach and serve rural clients?,topic,upsc-cse-mains-gs3,MAPPED,gs-3-agriculture-agricultural-finance-features-criteria-and-sources-problems-mea-7563b5e3,"Agricultural finance: features, criteria and sources, problems, measures to improve credit flow, co-operative credit societies, derivative trade in agri-commodities, and institutions (commercial banks, lead-bank scheme, RRBs, NABARD, RBI, KCC, SHG-bank linkage, RIDF)",0.2872,gs-3-indian-economy-planning-resource-mobilization-and-inclusive-growth-banking-0a274947,"Banking: structure/functions, RBI and bank types (public/private/foreign/regional-rural/local-area/specialized/small-finance/payments banks), nationalization history, banking-sector reform committees (Narasimhan, Nachiket Mor, P J Nayak), development-finance institutions, new bank-licence criteria, financial inclusion, NPAs, neo-banks, bad-bank concept, insurance-sector reform, bank privatization, and D-SIBs",0.1565,gs-insert-tag-proposer-v1,,,,
UPSC-CSE-MAINS-GS-2014-GS3,e7f4c26e4b69d9039fb139d43fe7b526ee3955d6276a40cf90b252716a4982c3,2014,GS3,5,,"The Right to Fair Compensation and Transparency in Land Acquisition, Rehabilitation and Resettlement Act, 2013 has come into effect from 1st January, 2014. What are the key issues which would get addressed with the Act in place? What implications would it have on industrialization and agriculture in India?",topic,upsc-cse-mains-gs3,MAPPED,gs-3-environment-ecology-and-bio-diversity-environmental-laws-constitutional-pro-82b9d5dc,"Environmental laws: constitutional provisions and salient features of the Air Act 1981, Water Act 1974, Forest Conservation Act 1980, Wildlife Protection Act 1972, Environment (Protection) Act 1986",0.3803,gs-3-agriculture-land-resource-issues-land-use-and-capability-classification-cau-caff44aa,"Land resource issues: land-use and capability classification, causes/impact of land degradation, and sustainable land-management steps",0.2227,gs-insert-tag-proposer-v1,,,,
UPSC-CSE-MAINS-GS-2014-GS3,f6b11a1216a3d000cd663ded130d239266a4f4fdec69cfdfdadff1644e507d5c,2014,GS3,6,,"Capitalism has guided the world economy to unprecedented prosperity. However, it often encourages short-sightedness and contributes to wide disparities between the rich and the _ poor. In this light, would it be correct to believe and adopt capitalism for bringing inclusive growth in India? Discuss.",topic,upsc-cse-mains-gs3,MAPPED,gs-3-indian-economy-planning-resource-mobilization-and-inclusive-growth-industry-dd13a0fb,"Industry, infrastructure & manufacturing economics: India's manufacturing landscape, critical-mineral economic significance, power-demand growth, coastal economy, Indian Railways overhaul, steel imports",0.167,gs-3-industry-infrastructure-and-investment-models-global-economic-policy-linkag-622c13ce,"Global economic-policy linkages: G7 corporate-tax deal, virtual-currency taxation, world inequality/employment-outlook reports, gig economy",0.1649,gs-insert-tag-proposer-v1,,,,
UPSC-CSE-MAINS-GS-2014-GS3,aaa34c92042c4880a635fef5f511630255545238bd776d0d20090f5276702001,2014,GS3,7,,"Explain how Private Public Partnership arrangements, in long gestation infrastructure projects, can transfer unsustainable liabilities to the future. What arrangements need to be put in place to ensure that successive generations’ capacities are not compromised?",topic,upsc-cse-mains-gs3,MAPPED,gs-3-indian-economy-planning-resource-mobilization-and-inclusive-growth-investme-3cb18d0b,"Investment models: need for and sources/measures of investment, domestic (public/private/PPP) and foreign (FDI/FII) investment models followed by India, and the role of the state",0.163,gs-3-environment-ecology-and-bio-diversity-effect-of-human-activities-on-the-env-1fd7196c,"Effect of human activities on the environment: impacts of modern agriculture, housing, power generation, river-valley/mining/transport/tourism projects on ecosystems",0.1511,gs-insert-tag-proposer-v1,,,,
UPSC-CSE-MAINS-GS-2014-GS3,b103ecdadcb571610c4398396c0033e9085190156b893ecb741b86a37a0ebd3f,2014,GS3,8,,National Urban Transport Policy emphasises on ‘moving people’ instead of ‘moving vehicles’. Discuss critically the success of the various strategies of the Government ‘in this regard.,topic,upsc-cse-mains-gs3,MAPPED,gs-3-environment-ecology-and-bio-diversity-deforestation-causes-climate-change-i-d885e93d,"Deforestation: causes, climate-change implications, wildlife/monsoon/people impacts, economic impacts, reduction strategies, conservation legislation, and community-participation approaches",0.1782,gs-3-industry-infrastructure-and-investment-models-industrial-policy-and-develop-a31651df,"Industrial policy and development: Mahalanobis strategy, Industrial Policy Resolutions 1948/1956, New Economic Policy/liberalization/privatization/globalization, phases of industrial development, and effects on different sectors",0.1463,gs-insert-tag-proposer-v1,,,,
UPSC-CSE-MAINS-GS-2014-GS3,106a30bc5e49513f4f7fb3fe537040bb9d8413f280a96abc39ea463b8f53af65,2014,GS3,9,,Foreign Direct Investment {FDI} in the defence sector is now set to be liberalized. What influence this is expected to have on Indian defence and economy in the short and long run?,topic,upsc-cse-mains-gs3,MAPPED,gs-3-science-and-technology-defence-technology-missile-classification-ballistic-8aa05c34,"Defence technology: missile classification (ballistic/cruise), India's missile programme, Integrated Guided Missile Programme, robotics/AI in defence, cyber warfare preparedness, drone/UAV and stealth technology, hypersonic glide vehicles/cruise missiles, weapons of mass destruction, defence reforms (CDS), defence platforms (submarines, aircraft carriers, combat aircraft), and defence organisations/exercises",0.3626,gs-3-indian-economy-planning-resource-mobilization-and-inclusive-growth-investme-3cb18d0b,"Investment models: need for and sources/measures of investment, domestic (public/private/PPP) and foreign (FDI/FII) investment models followed by India, and the role of the state",0.2572,gs-insert-tag-proposer-v1,,,,
UPSC-CSE-MAINS-GS-2014-GS3,ddb41c2ecd064973037d10a76bdd5ece7620c9d00f23335955b0c3204e8bcb62,2014,GS3,10,,"Scientific rescarch in Indian universities is declining, because a carecr in science is not as attractive as are business professions, engineering or administration, and the universities are becoming consumer-oriented. Critically comment.",topic,upsc-cse-mains-gs3,MAPPED,gs-3-science-and-technology-institutions-and-s-t-policy-india-s-s-t-policy-frame-fddc19fe,"Institutions and S&T policy: India's S&T policy framework, DST, CSIR, Science and Engineering Research Board, Technology Development Board, NABL accreditation, and the Technology Vision Document 2035",0.3125,gs-3-science-and-technology-ai-digital-technology-recognition-ai-safety-law-deve-259e913c,"AI, digital technology & recognition: AI safety/law developments, deepfakes, facial-recognition tech, recent Indian achievements in international science awards (Nobel, Shaw Prize, Blavatnik Awards, National Medal of Science)",0.2082,gs-insert-tag-proposer-v1,,,,
UPSC-CSE-MAINS-GS-2014-GS3,969ab208051af5f31f45cb0d506494ffcd9f2f84ce81adca1365165638572bae,2014,GS3,11,,"Can overuse and free availability of antibiotics without Doctor’s prescription, be contributors to the emergence of drug-resistant diseases in India? What are the available mechanisms for monitoring and control? Critically discuss the various issues involved.",topic,upsc-cse-mains-gs3,MAPPED,gs-3-science-and-technology-human-health-and-diseases-causative-agents-and-class-8d79f666,"Human health and diseases: causative agents and classification (nutrient-deficiency, molecular/chromosomal, vector/water-borne, lifestyle diseases), immunity types, vaccination programmes, antibiotics/antivirals, drug pricing, pharmacogenetics, antimicrobial resistance",0.2545,gs-3-internal-security-organized-crime-types-control-challenges-drug-trafficking-7375eb00,"Organized crime: types, control challenges, drug trafficking in India, combating strategies, and the terrorism-organized-crime linkage",0.1317,gs-insert-tag-proposer-v1,,,,
UPSC-CSE-MAINS-GS-2014-GS3,2c027901905e4a5fc3cbfbda3ba41528b4bf9595d9dcdb763e96af03da3063e1,2014,GS3,12,,"In a globalized world, Intellectual Property Rights assume significance and are a source of litigation. Broadly distinguish between the terms—Copyrights, Patents and Trade Secrets.",topic,upsc-cse-mains-gs3,MAPPED,gs-3-indian-economy-planning-resource-mobilization-and-inclusive-growth-foreign-1b474061,"Foreign trade and international organisations: trade policy, India's Balance of Payments (current/capital account performance), exchange-rate determination and convertibility, the Bretton Woods twins (World Bank, IMF), WTO and India, regional development banks (ADB, NDB, BRICS Bank, AIIB), and bilateral/regional/global trade groupings",0.2001,gs-3-science-and-technology-intellectual-property-rights-concept-types-internati-c0a693d7,"Intellectual Property Rights: concept, types, international agreements/institutions, IPR regime in India, and the National IPR Policy",0.1877,gs-insert-tag-proposer-v1,,,,
UPSC-CSE-MAINS-GS-2014-GS3,e74f82135c7fb538fb8c6135e5ef0df3738efdec4c721f138bbf94f9079f0a84,2014,GS3,13,,Should the pursuit of carbon-crédits and clean development mechanisms set up under UNFCCC be maintained even though there has been a massive slide in the value of a carbon credit? Discuss with respect to India’s energy needs for economic growth.,topic,upsc-cse-mains-gs3,MAPPED,gs-3-indian-economy-planning-resource-mobilization-and-inclusive-growth-agricult-aabb2c20,"Agriculture & resource economics: sugar production's groundwater impact, primary agricultural societies, e-technology in agriculture, energy security, clean-energy investment",0.2062,gs-3-agriculture-agricultural-finance-features-criteria-and-sources-problems-mea-7563b5e3,"Agricultural finance: features, criteria and sources, problems, measures to improve credit flow, co-operative credit societies, derivative trade in agri-commodities, and institutions (commercial banks, lead-bank scheme, RRBs, NABARD, RBI, KCC, SHG-bank linkage, RIDF)",0.1694,gs-insert-tag-proposer-v1,,,,
UPSC-CSE-MAINS-GS-2014-GS3,d54226f644fed80453f2c2d8a2e8dc6e917119072a40e92e372b4da8827508ef,2014,GS3,14,,"Drought has been recognized as a disaster in view of its spatial expanse, temporal duration, slow onset and lasting effects on vulnerable sections. With a focus on the September 2010 guidelines from the National Disaster’ Management Authority (NDMA}, discuss the mechanisms for preparedness to deal with likely El Nifo and La Nina fallouts in India.",topic,upsc-cse-mains-gs3,MAPPED,gs-3-disaster-management-disaster-management-preparedness-and-mitigation-communi-20479bc5,"Disaster management, preparedness and mitigation: community-based management, government initiatives, National Disaster Management Act 2005, global DRR frameworks (Sendai vs earlier Hyogo Framework), disaster insurance, media's role, gender-sensitive disaster response, disaster-management cycle, NGO role, and pre-disaster preparation",0.4825,gs-3-disaster-management-institutional-policy-frameworks-national-disaster-manag-0640b32c,"Institutional & policy frameworks: National Disaster Management Plan updates, PM's Ten-Point DRR Agenda, India's Atmanirbharta in disaster management, disaster-risk financing (G20), Coalition for Disaster Resilient Infrastructure (CDRI)",0.4352,gs-insert-tag-proposer-v1,,,,
UPSC-CSE-MAINS-GS-2014-GS3,1807ad8e18da45d94c84c22e5434e470771fad66b8a3b63d4e195adfbf5030a4,2014,GS3,15,,Environmental Impact Assessment studies are increasingly undertaken before a project is cleared by the Government. Discuss the environmental impacts of coal-fired thermal plants located at coal pitheads.,topic,upsc-cse-mains-gs3,MAPPED,gs-3-environment-ecology-and-bio-diversity-air-pollution-control-regimes-nitroge-a3a7902b,"Air pollution & control regimes: nitrogen pollution, radioactive discharges, acid rain impact, coal-plant SO2 control, GRAP in NCR, metal-mining pollution, World Air Quality Report",0.257,gs-3-environment-ecology-and-bio-diversity-impact-of-agriculture-on-climate-emis-d4e56118,"Impact of agriculture on climate: emissions from agriculture, monoculture's biodiversity impact, chemical-fertilizer/pesticide pollution, GM-crop environmental impact, and sustainable-agriculture techniques",0.1727,gs-insert-tag-proposer-v1,,,,
UPSC-CSE-MAINS-GS-2014-GS3,9bd817b9a786b9b8f878a21a8556ccd1c52b8077ef4f39e11f546677c17d2be5,2014,GS3,16,,“The diverse nature of India as a multi-religious and multi-ethnic society is not immune to the impact of radicalism which is seen in her neighbourhood.” Discuss along with strategies to be adopted to counter this environment.,topic,upsc-cse-mains-gs3,MAPPED,gs-3-disaster-management-landslide-vulnerability-of-the-western-ghats-and-himala-3ca7070b,Landslide vulnerability of the Western Ghats and Himalayas: causes and mitigation strategies; institutional setups for chemical/industrial disaster management in urban-fringe clusters; cloudburst phenomenon and mountain-ecosystem vulnerability; multi-hazard resource-allocation dilemmas during live disaster response,0.1608,gs-3-indian-economy-planning-resource-mobilization-and-inclusive-growth-agricult-aabb2c20,"Agriculture & resource economics: sugar production's groundwater impact, primary agricultural societies, e-technology in agriculture, energy security, clean-energy investment",0.1028,gs-insert-tag-proposer-v1,,,,
UPSC-CSE-MAINS-GS-2014-GS3,ba9e2af9ea23fd8e78fc4ef7ed1d7e1d6b11c93f85ba4397faef9300636e72cf,2014,GS3,17,,International civil aviation laws provide all countries complete and exclusive sovereignty over the airspace above their territory. What do you understand by ‘airspace’? What are the implications of these laws on the space above this airspace? Discuss the challenges which this poses and suggest ways to contain the threat.,topic,upsc-cse-mains-gs3,MAPPED,gs-3-environment-ecology-and-bio-diversity-minerals-and-environmental-degradatio-6311f09f,"Minerals and environmental degradation: mining's direct/indirect impacts, international mining laws, and sustainable-mining regulation in India",0.2396,gs-3-environment-ecology-and-bio-diversity-international-environmental-governanc-b5ea26f1,"International environmental governance: UNEP, UNDP/UNFCCC/UNCCD, IUCN, WWF, Birdlife International, and key international conventions/protocols",0.1454,gs-insert-tag-proposer-v1,,,,
UPSC-CSE-MAINS-GS-2014-GS3,62b0f31bc59941199c03467847d9e04cf6f1866b1fdd7d7e8072379b54fbbd8f,2014,GS3,18,,"How does illegal transborder migration pose a threat to India’s security? Discuss the Strategies to curb this, bringing out the factors which give impetus to such migration.",topic,upsc-cse-mains-gs3,MAPPED,gs-3-internal-security-security-challenges-in-border-areas-challenges-to-border-a90ce481,"Security challenges in border areas: challenges to border management, community-participation approaches, non-demarcated border segments, and eastern-border illegal-migration security challenges",0.2374,gs-3-internal-security-linkage-between-development-and-extremism-left-wing-extre-2836bec9,"Linkage between development and extremism: Left-Wing Extremism's stated purpose, its resonance with common people, Covid-19's effect on Naxalism, why LWE is deemed the biggest internal-security threat, and its nexus with illegal mining in forest tracts",0.1297,gs-insert-tag-proposer-v1,,,,
UPSC-CSE-MAINS-GS-2014-GS3,08d0b01ed08d31c86ce5d2774102e7323af64dd030e9933176d6e8bb02086da2,2014,GS3,19,,"In 2012, the longitudinal marking for high-risk areas for piracy was moved from 65 degrees east to 78 degrees east in the Arabian Sea by the International Maritime Organization. What impact does this have on India’s maritime security concerns?",topic,upsc-cse-mains-gs3,MAPPED,gs-3-internal-security-maritime-space-security-anti-maritime-piracy-law-maritime-85f830a1,"Maritime & space security: anti-maritime-piracy law, maritime-security developments in the IOR, drone attacks on merchant vessels, Gaganyaan-linked space security, Indo-Pacific/QUAD developments",0.3748,gs-3-internal-security-insurgency-in-the-north-east-issues-conflicts-assam-insur-c2f0f4e6,"Insurgency in the North-East: issues/conflicts, Assam insurgency, and resolving the Bodo issue",0.202,gs-insert-tag-proposer-v1,,,,
UPSC-CSE-MAINS-GS-2014-GS3,7d417945d4637a4900c41c372bc167a3dba5eab686224f72a4195740f0d85822,2014,GS3,20,,China and Pakistan have entered into an agreement for development of an economic corridor. What threat does this pose for India’s security? Critically examine.,topic,upsc-cse-mains-gs3,MAPPED,gs-3-internal-security-border-territorial-security-india-china-ladakh-border-ten-79a0d177,"Border & territorial security: India-China Ladakh border tensions, India-Pakistan LoC ceasefire, demographic inversion in border areas from illegal immigration, post-Article-370 J&K developments",0.2499,gs-3-internal-security-terrorism-threat-to-india-changing-face-of-terrorism-thre-0f1e0ba9,"Terrorism threat to India: changing face of terrorism, threats faced, the broader counter-terrorism framework, and drawbacks in intelligence infrastructure",0.1626,gs-insert-tag-proposer-v1,,,,
UPSC-CSE-MAINS-GS-2014-GS4,fe58bd7218e99316e2794c33826d826e6a004ffb565042a9d0e8dcadb0832225,2014,GS4,2,,What does ethics seek to promote in human life? Why is it all the more important in public administration?,topic,upsc-cse-mains-gs4,MAPPED,gs-4-ethics-and-human-interface-ethics-in-public-life-vs-economic-life-freedom-a-cd5f677f,Ethics in public life vs economic life; freedom and discipline; duties and rights; virtue ethics; consequences of ethics in human actions,0.5284,gs-4-ethics-and-human-interface-significance-of-public-service-values-objectivit-ce1073c9,"Significance of public-service values (objectivity, dedication, tolerance) in a multi-cultural society like India; corruption in public life as a systemic failure rather than purely individual moral decay",0.3018,gs-insert-tag-proposer-v1,,,,
UPSC-CSE-MAINS-GS-2014-GS4,3a007df18d9aa9122422aef04317fb97682431ea68a583ec7b1a76b6368f6675,2014,GS4,3,,What do you understand by ‘probity’ in public life? What are the difficulties in practicing it in the present times? How can these difficulties be overcome?,topic,upsc-cse-mains-gs4,MAPPED,gs-4-probity-in-governance-concept-of-public-service-and-the-philosophical-basis-912978f7,Concept of public service and the philosophical basis of governance/probity; public servants as 'trustees' of public power and financial resources,0.2183,gs-4-ethics-and-human-interface-ethics-in-public-life-vs-economic-life-freedom-a-cd5f677f,Ethics in public life vs economic life; freedom and discipline; duties and rights; virtue ethics; consequences of ethics in human actions,0.1915,gs-insert-tag-proposer-v1,,,,
UPSC-CSE-MAINS-GS-2014-GS4,b9e298fc3751be836b7d0181f52f93553d237061e2eabcb2baea654064f6345f,2014,GS4,4,,"“Integrity without knowledge is weak and useless, but knowledge without integrity is dangerous and dreadful.” What do you understand by this statement? Explain your stand with illustrations from the modern context.",topic,upsc-cse-mains-gs4,MAPPED,gs-4-aptitude-and-foundational-values-for-civil-service-can-an-administrator-suc-68315897,"Can an administrator succeed on aptitude alone, without integrity? — the integrity-vs-competence debate; impartiality maintenance under political transfer-posting pressures",0.2911,gs-4-attitude-functions-of-attitude-adjustive-ego-defensive-value-expressive-and-6487b841,"Functions of attitude: adjustive, ego-defensive, value-expressive, and knowledge functions",0.1587,gs-insert-tag-proposer-v1,,,,
UPSC-CSE-MAINS-GS-2014-GS4,a85824a8e8e48e07c5473ee9eaa39ad44a52d6dc5e63616a0faa24bd0bd7c498,2014,GS4,5,,"“Human beings should always be treated as ‘ends’ in themselves and never as merely ‘means’.” Explain the meaning and significance of this statement, giving its implications in the modern techno-economic society.",topic,upsc-cse-mains-gs4,MAPPED,gs-4-applied-ethics-and-case-studies-treating-juveniles-as-adults-juvenile-justi-3bde82e7,"Treating juveniles as adults: juvenile-justice-system implications; ethics and old age (issues faced, importance of autonomy); ethics in public vs private relationships and their linkage",0.2308,gs-4-ethics-and-human-interface-role-of-ethical-values-in-governance-and-society-83c32383,Role of ethical values in governance and society; significance of value in civil services; society's and educational institutions' contribution to inculcating values; aesthetic values; values in work-life and professional ethics,0.2272,gs-insert-tag-proposer-v1,,,,
UPSC-CSE-MAINS-GS-2014-GS4,8fd204c771c837aaff86e9a17ffc9ecfe31393781b630de5a62a19871d6dd758,2014,GS4,6,,"Which eminent personality has inspired you the most in the context of ethical conduct in life? Give the gist of his/her teachings. Giving specific examples, describe how you have been able to apply these teachings for your own ethical development.",topic,upsc-cse-mains-gs4,MAPPED,gs-4-public-civil-service-values-and-ethics-in-public-administration-ethical-con-d4849c2f,Ethical concerns/dilemmas in public and private institutions; laws/rules/regulations vs conscience as sources of ethical guidance; accountability and ethical-governance strengthening,0.2635,gs-4-public-civil-service-values-and-ethics-in-public-administration-corporate-e-ac219839,Corporate ESG auditing: ethical constraints around corporate greenwashing and environmental-accounting metrics,0.1958,gs-insert-tag-proposer-v1,,,,
UPSC-CSE-MAINS-GS-2014-GS4,43c8cd6efe7311c5926e8d240467f3bf9a72a5ce31dd81fa66fa57c7c61b92f9,2014,GS4,7,,"There is a heavy ethical responsibility on the public servants because they occupy positions of power, handle huge amounts of public funds, and their decisions have wide-ranging impact on society and environment. What steps have you taken to improve your ethical competence to handle such responsibility?",topic,upsc-cse-mains-gs4,MAPPED,gs-4-public-civil-service-values-and-ethics-in-public-administration-moral-judge-a6a666fb,Moral judgements in international relations; ethical relation in funding international relations and the concept of moral responsibility; ethics in the working of international organisations,0.2656,gs-4-public-civil-service-values-and-ethics-in-public-administration-ethical-con-d4849c2f,Ethical concerns/dilemmas in public and private institutions; laws/rules/regulations vs conscience as sources of ethical guidance; accountability and ethical-governance strengthening,0.2431,gs-insert-tag-proposer-v1,,,,
UPSC-CSE-MAINS-GS-2014-GS4,03ec84e05a8b9a69be754de0063f2d8b73747ef2fedc288405afd7da17d6dbd6,2014,GS4,8,,The current society is plagued with widespread trust-deficit. What are the consequences of this situation for personal well-being and for societal well-being? What can you do at the personal level to make yourself trustworthy?,topic,upsc-cse-mains-gs4,MAPPED,gs-4-applied-ethics-and-case-studies-case-studies-public-service-integrity-corru-7b1cbb9a,"Case studies: public-service integrity & corruption dilemmas: welfare-scheme 'ghost beneficiary' fraud amid caste sensitivities, law-enforcement bribery from an illegal-mining network, superior's personal-gain conflict-of-interest request, tax officer's technical-vs-substantial-compliance discretion, food/drug-safety-regulator cover-up offer",0.146,gs-4-ethics-and-human-interface-role-of-ethical-values-in-governance-and-society-83c32383,Role of ethical values in governance and society; significance of value in civil services; society's and educational institutions' contribution to inculcating values; aesthetic values; values in work-life and professional ethics,0.1179,gs-insert-tag-proposer-v1,,,,
UPSC-CSE-MAINS-GS-2014-GS4,03e4b6bfa55803854f8cd8b8dd062f81d7f66a0583f423bb2c34a73851983dc5,2014,GS4,9,,"It is often said that poverty leads to corruption. However, there is no dearth of instances where affluent and powerful people indulge in corruption in a big way. What are the basic causes of corruption among people? Support your answer with examples.",topic,upsc-cse-mains-gs4,MAPPED,gs-4-probity-in-governance-corruption-in-india-extent-dimension-and-response-cor-c8a51d5f,"Corruption in India: extent, dimension, and response; corruption as a social evil; probity in public life; exposing corruption via civil-society initiatives and the Whistleblower Act; tackling and controlling corruption via various institutional approaches",0.3445,gs-4-emotional-intelligence-the-social-awareness-cluster-reading-people-groups-a-37c39c30,The social-awareness cluster (reading people/groups accurately) and relationship-management cluster (inducing desirable responses in others),0.1753,gs-insert-tag-proposer-v1,,,,
UPSC-CSE-MAINS-GS-2014-GS4,bd9b5f3587b5fddadf69a816b29ab98157cc0067bb132d66fa280de5dd2f8fda,2014,GS4,10,,What does ‘accountability’ mean in the context of public service? What measures can be adopted to ensure individual and collective accountability of public servants?,topic,upsc-cse-mains-gs4,MAPPED,gs-4-probity-in-governance-concept-of-public-service-and-the-philosophical-basis-912978f7,Concept of public service and the philosophical basis of governance/probity; public servants as 'trustees' of public power and financial resources,0.2955,gs-4-public-civil-service-values-and-ethics-in-public-administration-ethical-con-d4849c2f,Ethical concerns/dilemmas in public and private institutions; laws/rules/regulations vs conscience as sources of ethical guidance; accountability and ethical-governance strengthening,0.207,gs-insert-tag-proposer-v1,,,,
UPSC-CSE-MAINS-GS-2014-GS4,0e2fd0c2898d16a52abd6928b5697588d23dbd601ade1b47efb36e8901ab1834,2014,GS4,11,,"We are witnessing increasing instances of sexual violence against women in the country. Despite existing legal provisions against it, the number of such incidences is on the rise. Suggest some innovative measures to tackle this menace.",topic,upsc-cse-mains-gs4,MAPPED,gs-4-applied-ethics-and-case-studies-food-adulteration-and-ethics-abortion-legal-00d15037,"Food adulteration and ethics; abortion (legal status in India, recent Supreme Court verdict, women's-health-vs-fetus dilemma, justification/argument-against, women's/father's rights)",0.385,gs-4-applied-ethics-and-case-studies-ethics-in-sports-need-for-sportsmanship-dop-3ab83b0b,"Ethics in sports: need for sportsmanship, doping, discrimination and sexual harassment, sport-as-business ethics",0.1774,gs-insert-tag-proposer-v1,,,,
UPSC-CSE-MAINS-GS-2014-GS4,4c0f0a073af2547cbff5c6931b20e1912608968ae37dbe6468f41e3fed57296b,2014,GS4,12,,"Suppose one of your close friends, who is also aspiring for civil services, comes to you for discussing some of the issues related to ethical conduct in public service. He raises the following points: fi) Inthe present times, when unethical environment is quite prevalent, individual attempts to stick to ethical principles may cause a lot of problems in one’s career. It may also cause hardship to the family members as well as risk to one’s life. Why should we not be pragmatic and follow the path of least resistance, and be happy with doing whatever good we can? (ii) When so many people are adopting wrong means and are grossly harming the system, what difference would it make if only a small minority tries to be ethical? They are going to be rather ineffective and are bound to get frustrated. (iii) If we become fussy about ethical considerations, will it not hamper the economic progress of our country? After all, in the present age of high competition, we cannot afford to be left behind in the race of development. {iv) It is understandable that we should not get involved in grossly unethical practices, but giving and accepting small gratifications and doing smail favours increases everybody’s motivation. It also makes the system more efficient. What is wrong in adopting such practices? Critically analyze the above viewpoints. On the basis of this analysis, what will be your advice to your friend?",topic,upsc-cse-mains-gs4,MAPPED,gs-4-public-civil-service-values-and-ethics-in-public-administration-ethical-con-d4849c2f,Ethical concerns/dilemmas in public and private institutions; laws/rules/regulations vs conscience as sources of ethical guidance; accountability and ethical-governance strengthening,0.23,gs-4-public-civil-service-values-and-ethics-in-public-administration-corporate-e-ac219839,Corporate ESG auditing: ethical constraints around corporate greenwashing and environmental-accounting metrics,0.1767,gs-insert-tag-proposer-v1,,,,
UPSC-CSE-MAINS-GS-2014-GS4,e229a2fe5f023ac778fce49f6aa6ceb99e4509074bac9e22b9599c0d966dd3ca,2014,GS4,13,,"section of employees. They do not work themselves and also disrupt the working of others. You first warned the troublemakers to mend their ways or else face disciplinary action. When the warning had little effect, you issued a show cause notice to the ringleaders. As a retaliatory measure, these troublemakers instigated a woman employee amongst them to file a complaint of sexual harassment against you with the Women’s Commission. The Commission promptly seeks your explanation, The matter is also publicized in the media to embarrass you further. Some of the options to handle this situation could be as follows: fi) Give your explanation to the Commission and go soft on the disciplinary action. (ti) Ignore the Commission and proceed firmly with the disciplinary action. (ii) Brief your higher-ups, seek directions from them and act accordingly. Suggest any other possible option(s). Evaluate all of them and suggest the best course of action, giving your reasons for it.",topic,upsc-cse-mains-gs4,MAPPED,gs-4-applied-ethics-and-case-studies-media-ethics-role-of-media-ethical-issues-f-14b4cd44,"Media ethics: role of media, ethical issues faced by reporters, trial by media, media prejudice, ethical dilemmas of photo-journalists, digital-media ethics, paid news",0.1748,gs-4-ethics-and-human-interface-essence-determinants-and-consequences-of-ethics-7c8ae33d,"Essence, determinants and consequences of ethics in human actions; approaches to ethical study (Indian vs Western perspectives); basic concepts of morality and value",0.1717,gs-insert-tag-proposer-v1,,,,
UPSC-CSE-MAINS-GS-2014-GS4,5cf53dad0ef7d73479e475b7cd61c2b642ef4d7ea059f824ec48502fc6cda0a7,2014,GS4,14,,What feasible steps can you suggest which will be effective in controlling this serious problem of our country?,topic,upsc-cse-mains-gs4,MAPPED,gs-4-applied-ethics-and-case-studies-refugees-and-ethics-why-migration-occurs-th-8bcaeab6,"Refugees and ethics: why migration occurs, the Syria case study, dilemmas of the refugee crisis, and steps needed",0.1635,gs-4-public-civil-service-values-and-ethics-in-public-administration-corporate-g-a52a65a1,"Corporate governance: concept, models of Corporate Social Responsibility, World Bank steps for good corporate governance, and norms for corporate governance in India; concept of business ethics",0.1289,gs-insert-tag-proposer-v1,,,,
UPSC-CSE-MAINS-GS-2015-GS1,504788731840d057dd6681e9866aeb16a1afd44f16d2c18e0ff7752ad00280a1,2015,GS1,4,,"Mahatma Gandhi and Dr. B.R. Ambedkar, despite having divergent approaches and strategies, had a common goal of amelioration of the downtrodden. Elucidate.",topic,upsc-cse-mains-gs1,MAPPED,gs-1-revolt-of-1857-and-freedom-struggle-rise-of-revolutionary-nationalism-in-in-a5dc822d,"Rise of Revolutionary Nationalism in India and abroad (Ghadar party, Abhinav Bharat, HSRA); role of Subhash Chandra Bose and the INA versus the Gandhian approach",0.1142,gs-1-post-independence-consolidation-problem-of-caste-and-social-consolidation-c-47af36bc,"Problem of caste and social consolidation: caste practices, Ambedkar movement, constitutional provisions, recent emancipation initiatives for SCs, manual scavenging",0.1009,gs-insert-tag-proposer-v1,,,,
UPSC-CSE-MAINS-GS-2015-GS1,426cef8a5c8043e220734e8fbee7b51c1e24712760aa3be23bf96698a9f35349,2015,GS1,5,,"It would have been difficult for the Constituent Assembly to complete its historic task of drafting the Constitution for Independent India in just three years but for the experience gained with the Government of India Act, 1935. Discuss.",topic,upsc-cse-mains-gs1,MAPPED,gs-1-indian-society-social-empowerment-meaning-need-five-year-plan-and-governmen-e656d358,"Social empowerment: meaning, need, Five-Year-Plan and government initiatives, role of civil society organisations",0.2027,gs-1-revolt-of-1857-and-freedom-struggle-constitutional-reforms-as-colonial-conc-bea7440a,"Constitutional reforms as colonial concessions (Morley-Minto, Montford, GoI Act 1935) and nationalist responses",0.185,gs-insert-tag-proposer-v1,,,,
UPSC-CSE-MAINS-GS-2015-GS1,9dfb9e37cac8075e6253a918c01f852bbc68d1b1d365cba229545b0525c8a336,2015,GS1,7,,To what extent can Germany be held responsible for causing the two World Wars? Discuss critically.,topic,upsc-cse-mains-gs1,MAPPED,gs-1-world-history-nationalism-in-europe-rise-of-the-nation-state-system-unifica-8feb50ac,"Nationalism in Europe: rise of the nation-state system, unification of Italy and Germany",0.2351,gs-1-world-history-world-war-i-causes-course-major-events-consequences-aftermath-d143aa02,"World War I: causes, course, major events, consequences, aftermath, and the League of Nations",0.2009,gs-insert-tag-proposer-v1,,,,
UPSC-CSE-MAINS-GS-2015-GS1,43aaf0f6ce05650166438b73830186308fecdd5eaf9b3853c3b3fe5a5bdd2d2c,2015,GS1,8,,Describe any four cultural elements of diversity in India and rate their relative significance in building a national identity.,topic,upsc-cse-mains-gs1,MAPPED,gs-1-indian-culture-miscellaneous-cultural-themes-handicrafts-indian-universitie-1b19deff,"Miscellaneous cultural themes: handicrafts, Indian universities, cultural personalities, places of cultural interest, fairs and festivals, cultural institutions and awards, the calendar and eras, science and technology in ancient India, UNESCO heritage listings, legal provisions protecting cultural heritage",0.2093,gs-1-world-history-french-revolution-causes-course-france-under-napoleon-impact-26b5e64a,"French Revolution: causes, course, France under Napoleon, impact and significance for the modern world",0.1368,gs-insert-tag-proposer-v1,,,,
UPSC-CSE-MAINS-GS-2015-GS1,86ff6818c159cb821d0a813edbf1ca27a80e62cca032ad3b177313741433c88d,2015,GS1,9,,Critically examine whether growing population is the cause of poverty OR poverty is the main cause of population increase in India.,topic,upsc-cse-mains-gs1,MAPPED,gs-1-physical-geography-of-india-human-geography-and-economic-geography-demograp-8ea834c8,"Demography: concept of human resources, population distribution (physical/socio-cultural/demographic factors), world/continental distribution, density patterns, age/sex composition, literacy, population pyramids, theories of population growth (Malthusian, Marxian, demographic transition), population problems of developed vs developing countries, and rising youth population",0.2497,gs-1-indian-society-poverty-and-development-issues-concept-of-development-sen-vs-05f65efb,"Poverty and development issues: concept of development, Sen vs Bhagwati model, crisis of development",0.2306,gs-insert-tag-proposer-v1,,,,
UPSC-CSE-MAINS-GS-2015-GS1,87a73732b3e9ea7561e5951a03dff73c6c03fe629c1e60005ca3c02e3fbb6b15,2015,GS1,10,,How do you explain the statistics that show that the sex ratio in Tribes in India is more favourable to women than the sex ratio among Scheduled Castes?,topic,upsc-cse-mains-gs1,MAPPED,gs-1-physical-geography-of-india-human-geography-and-economic-geography-census-t-40e7a6fb,"Census themes: literacy, sex ratio, family planning, ageing population, age structure, density, population growth, census terminology, and the caste-census debate",0.2542,gs-1-indian-culture-indus-valley-civilization-town-planning-seals-bronze-casting-715ec2a7,"Indus Valley Civilization town-planning, seals, bronze casting, terracottas, and sculptures",0.107,gs-insert-tag-proposer-v1,,,,
UPSC-CSE-MAINS-GS-2015-GS1,46617fe6330a4a595e1398cd51250e464b527793ede169d9003a371e51e5ddd7,2015,GS1,11,,we wal wife | Discuss the changes in the trends of labour migration within and outside India in the last four decades.,topic,upsc-cse-mains-gs1,MAPPED,gs-1-indian-society-migration-patterns-internal-migration-shifts-distress-migrat-2c55e202,"Migration patterns: internal migration shifts, distress migration, push/pull factors, emigration across colonial/post-independence/post-liberalisation periods, and remittance economies",0.2135,gs-1-revolt-of-1857-and-freedom-struggle-trends-during-the-freedom-struggle-indi-0122cf15,"Trends during the freedom struggle: Indian Renaissance/socio-religious movements, civil rebellions, tribal and peasant movements, working-class movement (1850-1900), growth of communalism, Left/Communist trends, press and education, role of women, Governors-General and Viceroys of India, important persons and Congress sessions",0.1723,gs-insert-tag-proposer-v1,,,,
UPSC-CSE-MAINS-GS-2015-GS1,8c45eda2bab597a14ad226aee6cbbafaa21748c616bf08916ee6e7ba521d8571,2015,GS1,12,,Discuss the positive and negative effects of globalization on women in India.,topic,upsc-cse-mains-gs1,MAPPED,gs-1-indian-society-effects-of-globalization-on-indian-society-kinds-of-impact-e-4b595d48,"Effects of globalization on Indian society: kinds of impact (economic, political, developmental, socio-cultural) and whether the impact is solely positive or negative",0.5175,gs-1-indian-society-women-related-issues-hysterectomies-workforce-participation-c85e0a69,"Women-related issues: hysterectomies, workforce participation gaps, gender disparities in poverty, women in corporate roles, abortion rights, gender digital divide, menstrual hygiene, surrogacy rules, sexual harassment at workplace, domestic violence, marital rape, women in STEM, female entrepreneurship, NFHS-5 women-centric findings",0.156,gs-insert-tag-proposer-v1,,,,
UPSC-CSE-MAINS-GS-2015-GS1,47ff80d8b88fcca7e6eab26ffebf33ac3bada5198d59dbc688d48de6691f6805,2015,GS1,13,,Debate the issue of whether and how contemporary movements for assertion of Dalit identity work towards annihilation of caste.,topic,upsc-cse-mains-gs1,MAPPED,gs-1-post-independence-consolidation-problem-of-caste-and-social-consolidation-c-47af36bc,"Problem of caste and social consolidation: caste practices, Ambedkar movement, constitutional provisions, recent emancipation initiatives for SCs, manual scavenging",0.1924,gs-1-revolt-of-1857-and-freedom-struggle-trends-during-the-freedom-struggle-indi-0122cf15,"Trends during the freedom struggle: Indian Renaissance/socio-religious movements, civil rebellions, tribal and peasant movements, working-class movement (1850-1900), growth of communalism, Left/Communist trends, press and education, role of women, Governors-General and Viceroys of India, important persons and Congress sessions",0.1695,gs-insert-tag-proposer-v1,,,,
UPSC-CSE-MAINS-GS-2015-GS1,738cf7c6e67d475eee9d5ccde5ae385be9a464459f1f9d75717e89794addf1e6,2015,GS1,14,,"Explain the factors responsible for the origin of ocean currents. How do they influence regional climates, fishing and navigation? 12'4",topic,upsc-cse-mains-gs1,MAPPED,gs-1-geography-world-physical-geography-origin-and-evolution-of-the-earth-early-1303460a,"Origin and evolution of the Earth: early/modern (BBT) theories, star and planet formation, layered structure, evolution of lithosphere/atmosphere/hydrosphere, and origin of life",0.222,gs-1-geography-world-physical-geography-oceanography-hydrological-cycle-ocean-fl-4aa88438,"Oceanography: hydrological cycle, ocean floor relief (continental shelf/slope, deep sea plain, trenches, mid-oceanic ridges, seamounts, submarine canyons, guyots, atolls), ocean water temperature/salinity/density distribution, tides and tidal currents, ocean currents (surface/deep, warm/cold) and their global effects, desert formation linkage, Atlantic Meridional Overturning Circulation, ocean resources (deposits, deep-sea minerals, energy/biotic resources, deep ocean mission), and UNCLOS maritime zones",0.2087,gs-insert-tag-proposer-v1,,,,
UPSC-CSE-MAINS-GS-2015-GS1,2b8c1608a6c8699ddfc0d21d667c478d3cb7d561c0106a759cd879512b0764f3,2015,GS1,15,,"Mumbai, Delhi and Kolkata are the three mega cities of the country but the air pollution is much more serious problem in Delhi as compared to the other two. Why is this so?",topic,upsc-cse-mains-gs1,MAPPED,gs-1-medieval-india-the-delhi-sultanate-1206-1526-slave-khalji-tughlaq-sayyid-an-c03fc27c,"The Delhi Sultanate (1206-1526): Slave, Khalji, Tughlaq, Sayyid, and Lodi dynasties; Mongol/Turk attacks; administration, economy, urbanization, society, culture, science, and the causes of decline",0.151,gs-1-indian-culture-indo-islamic-architecture-imperial-delhi-sultanate-style-pro-8ca3cbfb,"Indo-Islamic architecture: Imperial (Delhi Sultanate) style, Provincial style, Mughal style, Sikh style, Rajput architecture",0.1236,gs-insert-tag-proposer-v1,,,,
UPSC-CSE-MAINS-GS-2015-GS1,d7f96b3c729ccc1a77343f2d418384b6bf5aaab3b39188325ea50baa77fe587d,2015,GS1,16,,India is well endowed with fresh water resources. Critically examine why it still suffers from water scarcity.,topic,upsc-cse-mains-gs1,MAPPED,gs-1-physical-geography-of-india-human-geography-and-economic-geography-water-re-42986ae9,"Water resources: underground/surface/inland/oceanic water resources, utilization patterns, water pollution, conservation techniques, river-interlinking projects, and the problem of ageing dams",0.41,gs-1-physical-geography-of-india-human-geography-and-economic-geography-river-ba-9a663b0f,"River-basin & water-resource management: Indus dam construction prospects/challenges, integrated river-basin management, shrinking reservoir water, declining groundwater, multipurpose projects and regional development",0.1712,gs-insert-tag-proposer-v1,,,,
UPSC-CSE-MAINS-GS-2015-GS1,12a2f3830793544c3e1ba89f2063c9bda1abdcd846b7a537e8bfd13d58bd45b8,2015,GS1,17,,"The states of Jammu and Kashmir, Himachal Pradesh and Uttarakhand are reaching the limits of their ecological carrying capacity due to tourism. Critically evaluate.",topic,upsc-cse-mains-gs1,MAPPED,gs-1-geography-world-physical-geography-world-physiographic-divisions-and-their-6cda57f1,World physiographic divisions and their economic-geographic significance; wetlands' ecological/economic importance,0.1525,gs-1-post-independence-consolidation-re-organisation-and-integration-of-states-c-521f778b,"Re-organisation and integration of states: constitutional provisions, factors behind the merger, accession of princely states, J&K/Hyderabad/Junagarh crises, accession of French/Portuguese enclaves, accession of Sikkim, refugee rehabilitation, federal crisis, and national integration",0.1515,gs-insert-tag-proposer-v1,,,,
UPSC-CSE-MAINS-GS-2015-GS1,e1d0d6eb60e97084af379ab2f096455e620b1700d36401b99cb8dd5057c2f639,2015,GS1,18,,How far do you agree that the behaviour of the Indian monsoon has been changing due to humanizing landscapes? Discuss.,topic,upsc-cse-mains-gs1,MAPPED,gs-1-physical-geography-of-india-human-geography-and-economic-geography-monsoon-09bf8afc,"Monsoon, climate & extreme-weather geography: cyclones of the Bay of Bengal and climate change, El Nino and Indian monsoon, Indian Ocean Dipole's weather impact, heat waves/anticyclones/global warming in India, changing Western Disturbances",0.3405,gs-1-geography-world-physical-geography-temperate-cyclones-polar-vortex-and-its-a766437a,"Temperate cyclones, polar vortex (and its link to ozone depletion), El Nino/La Nina/ENSO and the Indian Ocean Dipole effect on regional and Indian monsoon climate",0.2398,gs-insert-tag-proposer-v1,,,,
UPSC-CSE-MAINS-GS-2015-GS1,8359a7490d2b33862462842197329424d3f79e76856b00baaa737311cf44cabb,2015,GS1,19,,Smart cities in India cannot sustain without smart villages. Discuss this statement in the backdrop of rural urban integration.,topic,upsc-cse-mains-gs1,MAPPED,gs-1-indian-society-urbanization-challenges-growth-of-the-informal-urban-sector-b11bb18c,"Urbanization challenges: growth of the informal urban sector, smart cities as a management tool, flood vulnerability of major cities, rural-urban migration, emergence of slums, urban transport/waste/water-sanitation issues, urban poverty, and the Real Estate (Regulation & Development) Act 2016",0.4307,gs-1-physical-geography-of-india-human-geography-and-economic-geography-urbaniza-556f64cf,"Urbanization in India: pattern, issues, rural-urban migration, slum emergence, urban transport/waste/water-sanitation, urban poverty, and inclusive/smart-city responses",0.3787,gs-insert-tag-proposer-v1,,,,
UPSC-CSE-MAINS-GS-2015-GS1,4887edceff60307ff6673ca0b100142cff06f21e0f90e419a7f111a2d5c26c50,2015,GS1,20,,What are the economic significances of discovery of oil in Arctic Sea and its possible environmental consequences?,topic,upsc-cse-mains-gs1,MAPPED,gs-1-geography-world-physical-geography-resource-geopolitics-arctic-ice-melt-cau-b61eb452,"Resource geopolitics: Arctic ice-melt causes/consequences, Arctic resource-driven geopolitical conflict, and mineral resource base as determined by geological structure",0.2463,gs-1-indian-society-communalism-meaning-historicity-role-of-third-parties-in-inc-a29120fe,"Communalism: meaning, historicity, role of third parties in inciting/perpetrating it, and whether it can be eradicated; regionalism's theories, manifestations, and possible remedies",0.1336,gs-insert-tag-proposer-v1,,,,
UPSC-CSE-MAINS-GS-2015-GS2,43ce9be19c329602a7866e62e46f28a14e00a5f6515ba8c058d31400c1816161,2015,GS2,1,,Discuss the possible factors that inhibit India from enacting for its citizens a uniform civil code as provided for in the Directive Principles of State Policy.,topic,upsc-cse-mains-gs2,MAPPED,gs-2-indian-constitution-directive-principles-of-state-policy-basic-economic-soc-e030bf23,"Directive Principles of State Policy: basic/economic-social/Gandhian/administrative/international-peace-related DPSPs, implementation record, and the Fundamental Rights-DPSP controversy (including directives outside Part IV and the Uniform Civil Code debate)",0.4208,gs-2-governance-government-policies-and-development-processes-role-of-civil-serv-900d4921,"Role of civil services in a democracy: concept and need for civil services, law-making role (policy formulation/implementation/evaluation), civil services as protector of minorities and promoter of inclusive growth, emerging challenges (lateral entry, capacity building, frequent transfers, cadre policy, performance appraisal, Civil Services Board)",0.2109,gs-insert-tag-proposer-v1,,,,
UPSC-CSE-MAINS-GS-2015-GS2,f90f33d4dee5c98f9e938f9f6f9c1964736a412db0476ae09d4f244ec24956c2,2015,GS2,2,,The concept of cooperative federalism has been increasingly emphasized in recent years. Highlight the drawbacks in the existing structure and the extent to which cooperative federalism would answer the shortcomings.,topic,upsc-cse-mains-gs2,MAPPED,gs-2-union-and-state-executive-legislature-and-judiciary-federalism-reservation-d6aaaefb,"Federalism, reservation & constitutional status: Article 31C, reservation on the basis of religion/domicile, sub-categorisation of SC/OBC, reservation in J&K, Ladakh's demand for 6th Schedule status, Article 370 verdict, Citizenship Amendment Act, Uniform Civil Code, comparative secularism (Indian vs French models)",0.1618,gs-2-indian-constitution-separation-of-powers-features-in-american-uk-constituti-b8f9c5e9,"Separation of powers: features in American/UK constitutions, checks-and-balances in the Indian scheme, judicial review, and the concept's practical limits",0.1068,gs-insert-tag-proposer-v1,,,,
UPSC-CSE-MAINS-GS-2015-GS2,bbaf7a9a0b86a918cbfccf93f87d34bbaf44b4dde6a6dcb7636eaffc061d0fb9,2015,GS2,3,,"In absence of a well-educated and organized local level government system, ‘Panchayats’ and ‘SSamitis’ have remained mainly political institutions and not effective instruments of governance. Critically discuss.",topic,upsc-cse-mains-gs2,MAPPED,gs-2-union-and-state-executive-legislature-and-judiciary-local-government-73rd-7-4f61ba0a,"Local government: 73rd/74th Amendment provisions, functions of municipal corporations/councils/nagar panchayats, State Election/Finance Commission roles, Smart City Mission and municipal governance, Model Panchayat Citizens Charter",0.2198,gs-2-governance-government-policies-and-development-processes-local-government-a-2591a79a,"Local government and governance: issues of funds/functions/functionaries, local government's interface with vulnerable sections and emerging issues (disaster management, technology), localism/neo-localism/subsidiarity",0.1313,gs-insert-tag-proposer-v1,,,,
UPSC-CSE-MAINS-GS-2015-GS2,9a7f6fdbd7f097d74be903f6498718c3bda5fd094c5c7a4ff15d3b5275c28a2c,2015,GS2,4,,"Khap Panchayats have been in the news for functioning as extra-constitutional authorities, often delivering pronouncements amounting to human rights violations. Discuss critically the actions taken by the legislative, executive and the judiciary to set the things right in this regard.",topic,upsc-cse-mains-gs2,MAPPED,gs-2-union-and-state-executive-legislature-and-judiciary-judiciary-rights-rule-o-86b797d1,"Judiciary, rights & rule of law: right to personality, right to vote for undertrials, curative petition, tribunals in India, criminal law reforms, All India Judicial Services, Supreme Court case-burden, contempt of court, freedom of press, special/local laws, ED and PMLA",0.2645,gs-2-indian-constitution-fundamental-rights-vs-dpsps-structural-tension-resolved-7720d596,Fundamental Rights vs DPSPs: structural tension resolved via landmark pronouncements; scope expansion via the Right to Privacy judgment,0.2568,gs-insert-tag-proposer-v1,,,,
UPSC-CSE-MAINS-GS-2015-GS2,3fbb937420d2e57fad31faeb4810860639b05b0d4448942c84764b3a3df07707,2015,GS2,5,,"Resorting to ordinances has always raised concern on violation of the spirit of separation of powers doctrine. While noting the rationales justifying the power to promulgate ordinances, analyze whether the decisions of the Supreme Court on the issue have further facilitated resorting to this power. Should the power to promulgate ordinances be repealed?",topic,upsc-cse-mains-gs2,MAPPED,gs-2-union-and-state-executive-legislature-and-judiciary-the-president-importanc-8641a83a,"The President: importance, qualification, election procedure, powers (executive/legislative/emergency/financial/judicial), ordinance-making power, pardon power, impeachment, and misuse of emergency provisions",0.2117,gs-2-union-and-state-executive-legislature-and-judiciary-judiciary-rights-rule-o-86b797d1,"Judiciary, rights & rule of law: right to personality, right to vote for undertrials, curative petition, tribunals in India, criminal law reforms, All India Judicial Services, Supreme Court case-burden, contempt of court, freedom of press, special/local laws, ED and PMLA",0.2007,gs-insert-tag-proposer-v1,,,,
UPSC-CSE-MAINS-GS-2015-GS2,084b79c389e2215d5cc00b04b9e40dfa338efe7f498e8543f4aabf64263cf0af,2015,GS2,6,,"What are the major changes brought in the Arbitration and Conciliation Act, 1996 through the recent Ordinance promulgated by the President? How far will it improve India’s dispute resolution mechanism? Discuss.",topic,upsc-cse-mains-gs2,MAPPED,gs-2-union-and-state-executive-legislature-and-judiciary-the-president-importanc-8641a83a,"The President: importance, qualification, election procedure, powers (executive/legislative/emergency/financial/judicial), ordinance-making power, pardon power, impeachment, and misuse of emergency provisions",0.1866,gs-2-union-and-state-executive-legislature-and-judiciary-vice-president-and-prim-51da249d,"Vice-President and Prime Minister: office, functions, appointment, and role vis-a-vis Council of Ministers/President/Lok Sabha/political party/coalition government",0.1851,gs-insert-tag-proposer-v1,,,,
UPSC-CSE-MAINS-GS-2015-GS2,56257cb1d626dfbc3c6c60d5083ed6dd1a0a7b64fbf280715ac9cc2d6aabc109,2015,GS2,7,,Does the right to clean environment entail legal regulations on burning crackers during Diwali? Discuss in the light of Article 21 of the Indian Constitution and Judgement(s) of the Apex Court in this regard.,topic,upsc-cse-mains-gs2,MAPPED,gs-2-social-justice-welfare-health-education-and-poverty-digital-economy-platfor-0461501e,"Digital-economy & platform regulation: e-pharmacy sector regulation, online-gaming regulation, OTT regulation, start-up ecosystem regulation, gig-worker rights, crypto-asset regulatory framework, digital inclusion in emerging technologies, internet shutdowns",0.39,gs-2-union-and-state-executive-legislature-and-judiciary-judiciary-rights-rule-o-86b797d1,"Judiciary, rights & rule of law: right to personality, right to vote for undertrials, curative petition, tribunals in India, criminal law reforms, All India Judicial Services, Supreme Court case-burden, contempt of court, freedom of press, special/local laws, ED and PMLA",0.2965,gs-insert-tag-proposer-v1,,,,
UPSC-CSE-MAINS-GS-2015-GS2,b4fdacb83fd1f16d697809377ac2b2812b6ce638fad6aeb035fecd6e939e3af8,2015,GS2,8,,"Examine critically the recent changes in the rules governing foreign funding of NGOs under the Foreign Contribution (Regulation) Act (FCRA), 1976.",topic,upsc-cse-mains-gs2,MAPPED,gs-2-social-justice-welfare-health-education-and-poverty-digital-economy-platfor-0461501e,"Digital-economy & platform regulation: e-pharmacy sector regulation, online-gaming regulation, OTT regulation, start-up ecosystem regulation, gig-worker rights, crypto-asset regulatory framework, digital inclusion in emerging technologies, internet shutdowns",0.2232,gs-2-international-relations-evolution-and-key-principles-of-indian-foreign-poli-98455602,"Evolution and key principles of Indian foreign policy: determinants, NAM/NAM 2.0, Panchsheel, India's nuclear doctrine, neighbourhood-policy evolution, Look/Act East and Look/Act West policies",0.1841,gs-insert-tag-proposer-v1,,,,
UPSC-CSE-MAINS-GS-2015-GS2,3a2f25b95a783ee96ed70c2656ce536d8c18b1f4eae54cd164363352e057a735,2015,GS2,9,,"The Self-Help Group (SHG) Bank Linkage Programme (SBLP), which is India’s own innovation, has proved to be one of the most effective poverty alleviation and women empowerment programmes. Elucidate.",topic,upsc-cse-mains-gs2,MAPPED,gs-2-governance-government-policies-and-development-processes-delivery-mechanism-c98eb99c,"Delivery mechanisms & sectoral missions: co-operatives, MSME, One Nation One Ration Card/One District One Product, entitlement portability, flagship missions (Jal Jeevan, Gati Shakti)",0.213,gs-2-social-justice-welfare-health-education-and-poverty-poverty-and-hunger-defi-9beb93c5,"Poverty and hunger: definitional debates across committees, poverty data, causes, urban vs rural vs feminized poverty, poverty-alleviation measures and implementation problems, food-security programmes, and controversies in poverty-data estimation",0.1935,gs-insert-tag-proposer-v1,,,,
UPSC-CSE-MAINS-GS-2015-GS2,cc5df8225b2b8814e3960f8993facdcc4cfd11d2684395f1fa7605aff303947f,2015,GS2,10,,How can the role of NGOs be strengthened in India for development works relating to protection of the environment? Discuss throwing light on the major constraints.,topic,upsc-cse-mains-gs2,MAPPED,gs-2-governance-government-policies-and-development-processes-political-parties-197eafec,"Political parties in India: reforms, problems in functioning, casteism and politics, anti-defection strengthening, and coalition-government dynamics",0.2685,gs-2-governance-government-policies-and-development-processes-development-proces-d5bc13d1,"Development process and industry: growth vs development, main constraints and stakeholders, SHGs (meaning, importance, institutional structure, funding, women's development linkage, poverty/rural-development linkage), and Micro Finance (meaning, structure, importance)",0.2163,gs-insert-tag-proposer-v1,,,,
UPSC-CSE-MAINS-GS-2015-GS2,e99070dc8774990acb02697cb8f0e2295a54dcecb6dd10407ef689cbf8b9a067,2015,GS2,11,,The quality of higher education in India requires major improvements to make it internationally competitive. Do you think that the entry of foreign educational institutions would help improve the quality of higher and technical education in the country? Discuss.,topic,upsc-cse-mains-gs2,MAPPED,gs-2-social-justice-welfare-health-education-and-poverty-health-education-and-hu-d221d473,"Health, education and human-resource services: India's education structure (primary/secondary/higher), GOI education initiatives and reform recommendations, skill-development indicators, private-and-public health structure, NITI Aayog health reports, and SDGs linkage",0.1925,gs-2-social-justice-welfare-health-education-and-poverty-right-to-education-act-c37cbd3c,Right to Education Act's access-expansion vs persistent quality challenge; MGNREGA's asset-creation and distress-migration-reduction performance; National Rural Health Mission's implementation challenges; TPDS's effectiveness in reaching 'the poorest of the poor',0.1678,gs-insert-tag-proposer-v1,,,,
UPSC-CSE-MAINS-GS-2015-GS2,b1338c145c3d6dcc0a5018e84016d9b3c61c5d18007a098a0b765b3d78801550,2015,GS2,12,,Public health system has limitations in providing universal health coverage. Do you think that the private sector could help in bridging the gap? What other viable alternatives would you suggest?,topic,upsc-cse-mains-gs2,MAPPED,gs-2-social-justice-welfare-health-education-and-poverty-health-for-all-target-v-add17757,'Health for All' target vs structural health-infrastructure gaps; rising out-of-pocket health expenditure; commercialization of healthcare vs universal affordable public care,0.2943,gs-2-social-justice-welfare-health-education-and-poverty-health-nutrition-welfar-8d4429ae,"Health & nutrition welfare: right to health, nutrition crisis among adolescent girls/women, mid-day meal issues, child malnutrition/marriage, food fortification, universal health coverage",0.2797,gs-insert-tag-proposer-v1,,,,
UPSC-CSE-MAINS-GS-2015-GS2,2618186255b723d4edd3cb10c68ed68f315c1a441439e3b25e415a58d7523d1e,2015,GS2,13,,"Though there have been several different estimates of poverty in India, all indicate reduction in poverty levels over time. Do you agree? Critically examine with reference to urban and rural poverty indicators.",topic,upsc-cse-mains-gs2,MAPPED,gs-2-social-justice-welfare-health-education-and-poverty-poverty-and-hunger-defi-9beb93c5,"Poverty and hunger: definitional debates across committees, poverty data, causes, urban vs rural vs feminized poverty, poverty-alleviation measures and implementation problems, food-security programmes, and controversies in poverty-data estimation",0.383,gs-2-social-justice-welfare-health-education-and-poverty-flagship-schemes-rural-51cc062a,"Flagship schemes: rural/urban development: PMGSY, Swachh Bharat, PMAY, Smart Cities Mission, AMRUT",0.2153,gs-insert-tag-proposer-v1,,,,
UPSC-CSE-MAINS-GS-2015-GS2,916f185dde338b35148040b6dde1833c15525e8a5a725c419a3ae87a54ebc6b3,2015,GS2,14,,"In the light of the Satyam Scandal (2009), discuss the changes brought in corporate governance to ensure transparency, accountability.",topic,upsc-cse-mains-gs2,MAPPED,gs-2-governance-government-policies-and-development-processes-important-aspects-ef8735ab,"Important aspects of governance, transparency and accountability: citizen-centric governance, legislative/administrative/judicial accountability, Ombudsman, whistleblower protection, anti-corruption machinery (role of citizens/media/social audit), systemic reforms, decentralisation vs delegation, and bottom-up governance",0.4344,gs-2-governance-government-policies-and-development-processes-government-interve-31528692,"Government intervention: role of institutions/bureaucrats/stakeholders, transparency and accountability, optimum resource use (targeting, plugging leakages), monitoring and evaluation of outcomes, and interventions in emerging areas (social media, data privacy, social sector)",0.2615,gs-insert-tag-proposer-v1,,,,
UPSC-CSE-MAINS-GS-2015-GS2,88f9f736f4b7cad7ffac1842cd65d3fd7f69c01c46c990418176157a848ba7cf,2015,GS2,15,,"“If amendment bill to the Whistleblowers Act, 2011 tabled in the Parliament is passed, there may be no one left to protect.” Critically evaluate.",topic,upsc-cse-mains-gs2,MAPPED,gs-2-governance-government-policies-and-development-processes-delivery-mechanism-c98eb99c,"Delivery mechanisms & sectoral missions: co-operatives, MSME, One Nation One Ration Card/One District One Product, entitlement portability, flagship missions (Jal Jeevan, Gati Shakti)",0.3999,gs-2-governance-government-policies-and-development-processes-important-aspects-ef8735ab,"Important aspects of governance, transparency and accountability: citizen-centric governance, legislative/administrative/judicial accountability, Ombudsman, whistleblower protection, anti-corruption machinery (role of citizens/media/social audit), systemic reforms, decentralisation vs delegation, and bottom-up governance",0.118,gs-insert-tag-proposer-v1,,,,
UPSC-CSE-MAINS-GS-2015-GS2,cf92f2f821c647df8d4646cfc0842e73649c2ccd60e315ac052fcd65dde39563,2015,GS2,16,,"“For achieving the desired objectives, it is necessary to ensure that the regulatory institutions remain independent and autonomous.” Discuss in the light of the experiences in recent past.",topic,upsc-cse-mains-gs2,MAPPED,gs-2-indian-constitution-historical-evolution-regulating-act-1773-to-government-c7ed298b,"Historical evolution: Regulating Act 1773 to Government of India Act 1935 institutional lineages; the Constituent Assembly and objectives/salient features of the Constitution (unitary and federal features, parliamentary vs presidential form)",0.1427,gs-2-indian-constitution-union-and-states-state-reorganisation-commission-compon-678f3e67,"Union and states: State Reorganisation Commission, components of Indian territory, formation of new states, Zonal Councils, Union Territories, special provisions for states, Scheduled and Tribal Areas (5th/6th Schedule, autonomous councils)",0.1087,gs-insert-tag-proposer-v1,,,,
UPSC-CSE-MAINS-GS-2015-GS2,5f2d6c8b8368a8c3d2bb7f3d27dff0c8b8009ec19bd29d5d1ac6f1e8aca91664,2015,GS2,17,,Increasing interest of India in Africa has its pros and cons. Critically examine.,topic,upsc-cse-mains-gs2,MAPPED,gs-2-international-relations-india-and-other-regions-africa-historical-connectio-aba636d2,"India and other regions: Africa (historical connections, South-South engagement, trade/investment/security cooperation), Australia (diaspora, economic ties, nuclear cooperation), France (strategic partnership), Germany (economic relations), UK (Brexit implications)",0.2176,gs-2-international-relations-connectivity-security-new-frontier-diplomacy-global-aba00cd6,"Connectivity, security & new-frontier diplomacy: global anti-terrorism efforts (CTTF), India-Middle-East-Europe Corridor, Red Sea crisis, Northern Ireland conflict, India's Africa renewable-energy role, Arctic-region engagement, Outer Space Treaty, World Migration Report",0.1982,gs-insert-tag-proposer-v1,,,,
UPSC-CSE-MAINS-GS-2015-GS2,da06f3d84b61dd37c55b68934fa238a39c0a970801b96d092a18198537813684,2015,GS2,18,,Discuss the impediments India is facing in its pursuit of a permanent seat in UN Security Council.,topic,upsc-cse-mains-gs2,MAPPED,gs-2-indian-constitution-union-and-states-state-reorganisation-commission-compon-678f3e67,"Union and states: State Reorganisation Commission, components of Indian territory, formation of new states, Zonal Councils, Union Territories, special provisions for states, Scheduled and Tribal Areas (5th/6th Schedule, autonomous councils)",0.2113,gs-2-international-relations-security-challenges-in-the-indian-ocean-region-us-p-01aa3450,"Security challenges in the Indian Ocean Region: US pivot to Asia, South China Sea mistrust, Somalia piracy, neighbourhood terrorism, energy routes, fisheries/livelihood issues, environmental security, and Indian Ocean 'Zone of Peace' declaration",0.1811,gs-insert-tag-proposer-v1,,,,
UPSC-CSE-MAINS-GS-2015-GS2,46f59d7c61f71520cf6c7d37fd40a6d6f296757821ce5a97cf1825f0acc76423,2015,GS2,19,,Project ‘Mausam’ is considered a unique foreign policy initiative of the Indian Government to improve relationship with its neighbours. Does the project have a strategic dimension? Discuss.,topic,upsc-cse-mains-gs2,MAPPED,gs-2-governance-government-policies-and-development-processes-ngos-definition-an-31b5bd8f,"NGOs: definition and distinction from INGOs, UN criteria, role in development projects/community development/relief-rehabilitation/disaster management/advocacy",0.2004,gs-2-international-relations-strategic-partnerships-major-power-relations-nato-s-0c0ea0a2,"Strategic partnerships & major-power relations: NATO's 75th anniversary, India-US strategic (jet-engine) partnership, Atlantic Declaration, India-EFTA deal, Raisina Dialogue, INDUS-X Summit, India-France/UAE/Netherlands/Tanzania/Argentina/Canada/Greece relations, Saudi Arabia strategic partnership",0.115,gs-insert-tag-proposer-v1,,,,
UPSC-CSE-MAINS-GS-2015-GS2,182421b1388744f1fb364a4dc32ff258dd0908054858187190cb4852a73de5fc,2015,GS2,20,,Terrorist activities and mutual distrust have clouded India-Pakistan relations. To what extent the use of soft power like sports and cultural exchanges could help generate goodwill between the two countries? Discuss with suitable examples.,topic,upsc-cse-mains-gs2,MAPPED,gs-2-international-relations-india-and-neighbours-nepal-water-hydropower-coopera-c33a83d5,"India and neighbours: Nepal (water/hydropower cooperation, contentions, recommendations), Bhutan (economic overview, China issues), Afghanistan (development partnership, post-NATO options, Taliban presence), Bangladesh (development partnership, boundary agreements, Teesta dispute), Maldives (geostrategic importance, security risks), Sri Lanka (commercial relations, fishermen issue), Myanmar (China's role, policy shifts), Pakistan (cooperation, water dispute, terrorism and proxy wars)",0.1195,gs-2-union-and-state-executive-legislature-and-judiciary-council-of-ministers-at-1ea209c1,"Council of Ministers, Attorney General of India, and Parliament: composition of Lok Sabha/Rajya Sabha, qualification/disqualification, sessions, law-making procedure, officers, motions/resolutions, powers and privileges, financial proceedings, comparison of the two Houses, women's reservation in Parliament, judicial activism vis-a-vis Parliament, and delegated legislation",0.1046,gs-insert-tag-proposer-v1,,,,
UPSC-CSE-MAINS-GS-2016-GS1,f12e1aaedfc5fce7fd82bf725efe80efa47d62542b5f518ff72855f564174d42,2016,GS1,1,,himself but was also a great patron of learning and literature. Discuss.,topic,upsc-cse-mains-gs1,MAPPED,gs-1-modern-indian-history-european-trading-companies-rivalry-the-carnatic-wars-152627e3,"European trading companies' rivalry, the Carnatic Wars, and the Battle of Plassey (1757) as 'a great betrayal' rather than a great battle",0.3701,gs-1-world-history-inter-war-years-1919-1939-the-great-depression-rise-of-fascis-8d15c159,"Inter-war years (1919-1939): the Great Depression, rise of Fascism in Italy, rise of Nazism in Germany, and the Soviet Union (USSR)",0.1858,gs-insert-tag-proposer-v1,,,,
UPSC-CSE-MAINS-GS-2016-GS1,35a739313ded40a2fa642f5639e855549e6a4ccd6c39030855634c40dbc5ef58,2016,GS1,10,,"With a brief background of quality of urban life in India, introduce the objectives and strategy of the ‘Smart City Programme’.",topic,upsc-cse-mains-gs1,MAPPED,gs-1-physical-geography-of-india-human-geography-and-economic-geography-urbaniza-556f64cf,"Urbanization in India: pattern, issues, rural-urban migration, slum emergence, urban transport/waste/water-sanitation, urban poverty, and inclusive/smart-city responses",0.3572,gs-1-indian-society-urbanization-challenges-growth-of-the-informal-urban-sector-b11bb18c,"Urbanization challenges: growth of the informal urban sector, smart cities as a management tool, flood vulnerability of major cities, rural-urban migration, emergence of slums, urban transport/waste/water-sanitation issues, urban poverty, and the Real Estate (Regulation & Development) Act 2016",0.2383,gs-insert-tag-proposer-v1,,,,
UPSC-CSE-MAINS-GS-2016-GS1,6cc972ee9a1efecbdbc50d508f39d7ebfb8777defad4b31da38298467dc4bd8c,2016,GS1,11,,What is the basis of regionalism? Is it that unequal distribution of benefits of development on regional basis eventually promotes regionalism? Substantiate your answer. 3%t+9=12%,topic,upsc-cse-mains-gs1,MAPPED,gs-1-indian-society-poverty-and-development-issues-concept-of-development-sen-vs-05f65efb,"Poverty and development issues: concept of development, Sen vs Bhagwati model, crisis of development",0.3137,gs-1-physical-geography-of-india-human-geography-and-economic-geography-connecti-51a31f75,"Connectivity & port-led development: Shinku La tunnel and regional connectivity, Indian ports and economic development",0.2071,gs-insert-tag-proposer-v1,,,,
UPSC-CSE-MAINS-GS-2016-GS1,39c340416f9a879536ad9a4fb34032a95c9e5bc1a56616cb0bb273939e299a20,2016,GS1,14,,The effective management of land and water resources will drastically reduce the human miseries. Explain.,topic,upsc-cse-mains-gs1,MAPPED,gs-1-physical-geography-of-india-human-geography-and-economic-geography-river-ba-9a663b0f,"River-basin & water-resource management: Indus dam construction prospects/challenges, integrated river-basin management, shrinking reservoir water, declining groundwater, multipurpose projects and regional development",0.3101,gs-1-physical-geography-of-india-human-geography-and-economic-geography-water-re-42986ae9,"Water resources: underground/surface/inland/oceanic water resources, utilization patterns, water pollution, conservation techniques, river-interlinking projects, and the problem of ageing dams",0.2135,gs-insert-tag-proposer-v1,,,,
UPSC-CSE-MAINS-GS-2016-GS1,c512d80a4677f87c7f7778d4e29dda5eb262decf085527287b4f126b183dc7de,2016,GS1,15,,South China Sea has assumed great geopolitical significance in the present context. Comment.,topic,upsc-cse-mains-gs1,MAPPED,gs-1-modern-indian-history-european-trading-companies-rivalry-the-carnatic-wars-152627e3,"European trading companies' rivalry, the Carnatic Wars, and the Battle of Plassey (1757) as 'a great betrayal' rather than a great battle",0.1882,gs-1-physical-geography-of-india-human-geography-and-economic-geography-physiogr-bf8786ba,"Physiography of India: geopolitical significance of location, geological divisions, the Peninsular Block, the Himalayas and other peninsular mountains, Indo-Gangetic-Brahmaputra Plain, and physiographic divisions",0.1644,gs-insert-tag-proposer-v1,,,,
UPSC-CSE-MAINS-GS-2016-GS1,4fe1dca145aeead5580b6d8c0d0788891a82db49b96e60ff156a1c808699820b,2016,GS1,17,,"Present an account of the Indus Water Treaty and examine its ecological, economic and political implications in the context of changing bilateral relations.",topic,upsc-cse-mains-gs1,MAPPED,gs-1-geography-world-physical-geography-world-physiographic-divisions-and-their-6cda57f1,World physiographic divisions and their economic-geographic significance; wetlands' ecological/economic importance,0.2032,gs-1-ancient-india-pre-history-to-post-mauryan-imperial-guptas-political-history-2cf2fcd1,"Imperial Guptas: political history, Fa-hien's account, administration, development of art and culture, urban centres, and societal change; the Gupta era as a historiographical 'golden age' debate",0.1392,gs-insert-tag-proposer-v1,,,,
UPSC-CSE-MAINS-GS-2016-GS2,89e75abbad561f83d41e20ca69eba011fb5096222620115c3abed42e0067dbf7,2016,GS2,1,,“The broader aims and objectives of WTO are to manage and promote international trade in the era of globalization. But the Doha round of negotiations seem doomed due to differences between the developed and the developing countries.” Discuss in the Indian perspective. De g,topic,upsc-cse-mains-gs2,MAPPED,gs-2-international-relations-global-governance-multilateral-institutions-minilat-be35869c,"Global governance & multilateral institutions: minilateralism, International Health Regulations amendment, UN peacekeeping and India, ICC and the Israel-Hamas dispute, UNSC and G4, WTO reform crises, Global South leadership, G20 and India",0.2165,gs-2-international-relations-india-and-other-regions-africa-historical-connectio-aba636d2,"India and other regions: Africa (historical connections, South-South engagement, trade/investment/security cooperation), Australia (diaspora, economic ties, nuclear cooperation), France (strategic partnership), Germany (economic relations), UK (Brexit implications)",0.1634,gs-insert-tag-proposer-v1,,,,
UPSC-CSE-MAINS-GS-2016-GS2,b2fa0bbf183effb7ce64585f87469045fe7dd800d80199d79d7d9975660018a7,2016,GS2,2,,Evaluate the economic and strategic dimensions of India’s Look East Policy in the context of the post Cold War international scenario. 12,topic,upsc-cse-mains-gs2,MAPPED,gs-2-international-relations-evolution-and-key-principles-of-indian-foreign-poli-98455602,"Evolution and key principles of Indian foreign policy: determinants, NAM/NAM 2.0, Panchsheel, India's nuclear doctrine, neighbourhood-policy evolution, Look/Act East and Look/Act West policies",0.2892,gs-2-international-relations-important-key-concepts-new-world-order-dynamics-and-a8b51cfb,Important key concepts: New World Order dynamics and 'New Cold War' debates,0.2562,gs-insert-tag-proposer-v1,,,,
UPSC-CSE-MAINS-GS-2016-GS2,a9bdc62cda78b631583ef62a31bccc6a8f1d88125493023bf5acfc4e31b5b2fd,2016,GS2,3,,“Increasing cross-border terrorist attacks in India and growing interference in the internal affairs of several member-states by Pakistan are not conducive for the future of SAARC (South Asian Association for Regional Cooperation).” Explain with suitable examples. 1 2,topic,upsc-cse-mains-gs2,MAPPED,gs-2-international-relations-india-and-asian-nations-central-asian-republics-tur-3b2df521,"India and Asian nations: Central Asian republics (Turkmenistan, Kazakhstan, Tajikistan; China's role; International North-South Transport Corridor; SCO), Mongolia, UAE, Iran (nuclear deal, US geo-economic considerations), Israel-Palestine and India-Israel relations, Saudi Arabia, Asia-Pacific groupings, Southeast Asia (ASEAN steps and security cooperation), Japan, South Korea, Vietnam",0.2082,gs-2-international-relations-india-and-other-regions-africa-historical-connectio-aba636d2,"India and other regions: Africa (historical connections, South-South engagement, trade/investment/security cooperation), Australia (diaspora, economic ties, nuclear cooperation), France (strategic partnership), Germany (economic relations), UK (Brexit implications)",0.1772,gs-insert-tag-proposer-v1,,,,
UPSC-CSE-MAINS-GS-2016-GS2,3c3ed702881c07b9b43c37eec61d940baf60f02e3f0444e3606059d520e6b6d0,2016,GS2,4,,What are the aims and objectives of the McBride Commission of the UNESCO? What is India’s position on these? es 12,topic,upsc-cse-mains-gs2,MAPPED,gs-2-union-and-state-executive-legislature-and-judiciary-constitutional-bodies-e-433df162,"Constitutional bodies: Election Commission, UPSC, State PSC, Finance Commission, GST Council, National Commission for SCs/STs, Special Officer for Linguistic Minorities, National Commission for Backward Classes; Non-Constitutional Bodies: NITI Aayog",0.2593,gs-2-union-and-state-executive-legislature-and-judiciary-statutory-regulatory-qu-1f7989f9,"Statutory/regulatory/quasi-judicial bodies: CVC, CBI, NHRC ('toothless tiger' critique), SHRC, Central/State Information Commission, NGT, SEBI, IRDA, TRAI, NCLAT, National Consumer Disputes Redressal Commission, Lokpal and Lokayukta, Planning Commission legacy, PMO, Zonal Council",0.1853,gs-insert-tag-proposer-v1,,,,
UPSC-CSE-MAINS-GS-2017-GS1,3e3fb52ce791d1781e091c55da20839d7990614a65bf54fda1d2825b8012ade2,2017,GS1,9,,"In the context of the diversity of India, can it be said that the regions form cultural units rather than the States? Give reasons with examples for your viewpoint.",topic,upsc-cse-mains-gs1,MAPPED,gs-1-indian-culture-miscellaneous-cultural-themes-handicrafts-indian-universitie-1b19deff,"Miscellaneous cultural themes: handicrafts, Indian universities, cultural personalities, places of cultural interest, fairs and festivals, cultural institutions and awards, the calendar and eras, science and technology in ancient India, UNESCO heritage listings, legal provisions protecting cultural heritage",0.1975,gs-1-indian-society-adivasi-as-a-category-reasons-for-the-term-and-geographic-co-9891876f,'Adivasi' as a category: reasons for the term and geographic concentration of tribal populations; issues with tribal habitat in India,0.1449,gs-insert-tag-proposer-v1,,,,
UPSC-CSE-MAINS-GS-2017-GS1,44ce603969b9f7419d7caf22312182433eae928865c07237ed6727ed37956ee4,2017,GS1,10,,"What are the two major legal initiatives by the State since Independence, addressing discrimination against Scheduled Tribes (STs)?",topic,upsc-cse-mains-gs1,MAPPED,gs-1-post-independence-consolidation-overview-of-economic-development-since-inde-3aa003ac,"Overview of economic development since Independence: Five Year Plans journey, agriculture (land reforms, post-Green-Revolution issues, agrarian movements, achievements/challenges), industry (public/private sector development, industrial policy, Make in India), New Economic Policy impact, and post-Independence policy of Science & Technology (institutional framework, pre-/post-reform S&T, skill training agenda)",0.1617,gs-1-post-independence-consolidation-communalism-and-social-consolidation-secula-7f1b3954,"Communalism and social consolidation: secularism, causes and consequences of communalism, issue of linguistic minorities (operational inefficiency and government initiatives)",0.1591,gs-insert-tag-proposer-v1,,,,
UPSC-CSE-MAINS-GS-2017-GS1,8a1630c2b8a2f19989341f74ed01b282e25114b0d1b6109921001ae741bfc98c,2017,GS1,16,,In what way can floods be converted into a sustainable source of irrigation and all-weather inland navigation in India?,topic,upsc-cse-mains-gs1,MAPPED,gs-1-physical-geography-of-india-human-geography-and-economic-geography-settleme-a3664c8b,"Settlement geography & disaster vulnerability: urban flooding, human-settlement surge in flood-prone areas, tribal-habitat issues",0.2065,gs-1-physical-geography-of-india-human-geography-and-economic-geography-monsoon-09bf8afc,"Monsoon, climate & extreme-weather geography: cyclones of the Bay of Bengal and climate change, El Nino and Indian monsoon, Indian Ocean Dipole's weather impact, heat waves/anticyclones/global warming in India, changing Western Disturbances",0.1561,gs-insert-tag-proposer-v1,,,,
UPSC-CSE-MAINS-GS-2017-GS1,85b6e528c8f7b11c1f37b85e221785e9c8bbedf24a99cd879800dc6d0ca8060c,2017,GS1,17,,What characteristics can be assigned to monsoon climate that succeeds in feeding more than 50 percent of the world population residing in Monsoon Asia?,topic,upsc-cse-mains-gs1,MAPPED,gs-1-physical-geography-of-india-human-geography-and-economic-geography-monsoon-09bf8afc,"Monsoon, climate & extreme-weather geography: cyclones of the Bay of Bengal and climate change, El Nino and Indian monsoon, Indian Ocean Dipole's weather impact, heat waves/anticyclones/global warming in India, changing Western Disturbances",0.3404,gs-1-physical-geography-of-india-human-geography-and-economic-geography-climate-3f97a450,"Climate of India: factors influencing climate, monsoon mechanism (classical/modern/air-mass/jet-stream theories), El Nino-La Nina impact, rhythm of seasons, and climatic regions",0.248,gs-insert-tag-proposer-v1,,,,
UPSC-CSE-MAINS-GS-2017-GS1,6e1aa98d00f58dbb729edb46839b17a0590bc682122cb0bc6570ae180e26d494,2017,GS1,18,,The women’s questions arose in modern India as a part of the 19th century social reform movement. What were the major issues and debates concerning women in that period?,topic,upsc-cse-mains-gs1,MAPPED,gs-1-modern-indian-history-socio-religious-reform-movements-of-the-19th-century-994b0662,"Socio-religious reform movements of the 19th century (Raja Ram Mohan Roy, Jyotirao Phule, Ishwar Chandra Vidyasagar, Ambedkar movement)",0.3384,gs-1-indian-society-women-related-issues-hysterectomies-workforce-participation-c85e0a69,"Women-related issues: hysterectomies, workforce participation gaps, gender disparities in poverty, women in corporate roles, abortion rights, gender digital divide, menstrual hygiene, surrogacy rules, sexual harassment at workplace, domestic violence, marital rape, women in STEM, female entrepreneurship, NFHS-5 women-centric findings",0.2395,gs-insert-tag-proposer-v1,,,,
UPSC-CSE-MAINS-GS-2017-GS2,bb8ba128d87e5df9e79465bc34fd604e4ec50fe60306373ba061aa4d36a84d77,2017,GS2,15,,“The emergence of the Self-Help Groups (SHGs) in contemporary times points to the slow but steady withdrawal of the State from developmental activities.” Examine the role of the SHGs in developmental activities and the measures taken by the Government of India to promote the SHGs.,topic,upsc-cse-mains-gs2,MAPPED,gs-2-governance-government-policies-and-development-processes-development-proces-d5bc13d1,"Development process and industry: growth vs development, main constraints and stakeholders, SHGs (meaning, importance, institutional structure, funding, women's development linkage, poverty/rural-development linkage), and Micro Finance (meaning, structure, importance)",0.1434,gs-2-governance-government-policies-and-development-processes-need-and-importanc-de5fce4c,"Need and importance of government policies: growth/development, human capital formation, equality and social justice, unity and integrity, trust between state and citizens; governance meaning/scope and the good-governance debate",0.1209,gs-insert-tag-proposer-v1,,,,
UPSC-CSE-MAINS-GS-2017-GS2,4b6950b2f4d8c6d768bd518af335a00146da0afe49de119c72f43093071b285c,2017,GS2,16,,“Poverty alleviation programmes in India remain mere showpieces until and unless they are backed up by political will.” Discuss with reference to the performance of the major poverty alleviation programmes in India.,topic,upsc-cse-mains-gs2,MAPPED,gs-2-social-justice-welfare-health-education-and-poverty-poverty-and-hunger-defi-9beb93c5,"Poverty and hunger: definitional debates across committees, poverty data, causes, urban vs rural vs feminized poverty, poverty-alleviation measures and implementation problems, food-security programmes, and controversies in poverty-data estimation",0.388,gs-2-social-justice-welfare-health-education-and-poverty-citizen-s-charter-and-r-712c60fa,Citizen's Charter and RTI Act: utility/limitations as accountability instruments; RTI's role in redefining accountability beyond mere citizen empowerment; flaws in RTI and improvement recommendations,0.0914,gs-insert-tag-proposer-v1,,,,
UPSC-CSE-MAINS-GS-2017-GS2,68d6e214a9b278811011a79a73f10fda20d8533dd8d5b12bc415944c0aacc8d3,2017,GS2,17,,"Initially Civil Services in India were designed to achieve the goals of neutrality and effectiveness, which seems to be lacking in the present context. Do you agree with the view that drastic reforms are required in Civil Services? Comment.",topic,upsc-cse-mains-gs2,MAPPED,gs-2-governance-government-policies-and-development-processes-role-of-civil-serv-900d4921,"Role of civil services in a democracy: concept and need for civil services, law-making role (policy formulation/implementation/evaluation), civil services as protector of minorities and promoter of inclusive growth, emerging challenges (lateral entry, capacity building, frequent transfers, cadre policy, performance appraisal, Civil Services Board)",0.4619,gs-2-governance-government-policies-and-development-processes-civil-society-orga-c817b54e,Civil-society organisations' impact on public policy formulation; FCRA compliance tightening and civil-society funding constraints; SHG federated models scaling beyond microfinance into market linkages,0.2146,gs-insert-tag-proposer-v1,,,,
UPSC-CSE-MAINS-GS-2017-GS2,0e16220831a6efb88cc68896d22afd00726b00b8e5929cd6ad7b74558de9a99d,2017,GS2,18,,The question of India’s Energy Security constitutes the most important part of India’s economic progress. Analyze India’s energy policy cooperation with West Asian countries.,topic,upsc-cse-mains-gs2,MAPPED,gs-2-international-relations-india-and-other-regions-africa-historical-connectio-aba636d2,"India and other regions: Africa (historical connections, South-South engagement, trade/investment/security cooperation), Australia (diaspora, economic ties, nuclear cooperation), France (strategic partnership), Germany (economic relations), UK (Brexit implications)",0.2132,gs-2-international-relations-india-and-asian-nations-central-asian-republics-tur-3b2df521,"India and Asian nations: Central Asian republics (Turkmenistan, Kazakhstan, Tajikistan; China's role; International North-South Transport Corridor; SCO), Mongolia, UAE, Iran (nuclear deal, US geo-economic considerations), Israel-Palestine and India-Israel relations, Saudi Arabia, Asia-Pacific groupings, Southeast Asia (ASEAN steps and security cooperation), Japan, South Korea, Vietnam",0.2037,gs-insert-tag-proposer-v1,,,,
UPSC-CSE-MAINS-GS-2017-GS2,0ae19b016e6bdb79add7b369e51103e2a0f086e9304cf58ff64a45ba815efea9,2017,GS2,19,,Indian diaspora has an important role to play in South-East Asian countries’ economy and society. Appraise the role of Indian diaspora in South-East Asia in this context.,topic,upsc-cse-mains-gs2,MAPPED,gs-2-international-relations-india-and-asian-nations-central-asian-republics-tur-3b2df521,"India and Asian nations: Central Asian republics (Turkmenistan, Kazakhstan, Tajikistan; China's role; International North-South Transport Corridor; SCO), Mongolia, UAE, Iran (nuclear deal, US geo-economic considerations), Israel-Palestine and India-Israel relations, Saudi Arabia, Asia-Pacific groupings, Southeast Asia (ASEAN steps and security cooperation), Japan, South Korea, Vietnam",0.2776,gs-2-international-relations-india-and-other-regions-africa-historical-connectio-aba636d2,"India and other regions: Africa (historical connections, South-South engagement, trade/investment/security cooperation), Australia (diaspora, economic ties, nuclear cooperation), France (strategic partnership), Germany (economic relations), UK (Brexit implications)",0.1987,gs-insert-tag-proposer-v1,,,,
UPSC-CSE-MAINS-GS-2019-GS2,6de5cd0db02cd81965ae00cf67ed637d724813142827669a0aa8751e4a854954,2019,GS2,12,,“The reservation of seats for wo ‘mited i on the patriarcha had a limited impact oe P eae tale t.,topic,upsc-cse-mains-gs2,MAPPED,gs-2-union-and-state-executive-legislature-and-judiciary-federalism-reservation-d6aaaefb,"Federalism, reservation & constitutional status: Article 31C, reservation on the basis of religion/domicile, sub-categorisation of SC/OBC, reservation in J&K, Ladakh's demand for 6th Schedule status, Article 370 verdict, Citizenship Amendment Act, Uniform Civil Code, comparative secularism (Indian vs French models)",0.2123,gs-2-social-justice-welfare-health-education-and-poverty-the-national-commission-3d9d68a3,The National Commission for SCs (constitutional-reservation enforcement including in religious-minority institutions); Rights of Persons with Disabilities Act 2016's administrative-capacity adequacy; National Commission for Women's strategizing capacity; need for an objective outcome-based review of higher-education reservation,0.1548,gs-insert-tag-proposer-v1,,,,
UPSC-CSE-MAINS-GS-2021-GS2,022b87421ff48c161c7559845415837e6bf06ae5ac1b2b0b2affe34206ed49a2,2021,GS2,1,,"challenging than the erstwhile Sider Pea pe ae a China, that!",topic,upsc-cse-mains-gs2,MAPPED,gs-2-international-relations-india-s-neighbourhood-regional-diplomacy-bimstec-ch-381686f4,"India's neighbourhood & regional diplomacy: BIMSTEC Charter, Chabahar Port, India-China border dispute (Arunachal Pradesh), Bhutan-China relations, Neighbourhood First Policy, Gujral Doctrine, South China Sea volatility, China-Taiwan dispute and India",0.442,gs-2-international-relations-major-powers-russia-strategic-cooperation-russia-ch-75e82be4,"Major powers: Russia (strategic cooperation, Russia-China impact on India), China (economic relations, water disputes, String of Pearls, Maritime Silk Route/BRI implications, border disputes, South China Sea, CBMs), USA (strategic consultations, counter-terrorism, trade, energy/climate, S&T/space, defence cooperation, IPR, Indo-Pacific/QUAD, GSP)",0.2764,gs-insert-tag-proposer-v1,,,,
UPSC-CSE-MAINS-GS-2021-GS2,18d8e8dcee651a46ee25e367813fa83d8700badfa337d7229debf05ba26c73dd,2021,GS2,7,,(ICT) accessibility hindered socio-economi t? Examine with justification,topic,upsc-cse-mains-gs2,UNMAPPED,,,,gs-2-governance-government-policies-and-development-processes-civil-society-orga-c817b54e,Civil-society organisations' impact on public policy formulation; FCRA compliance tightening and civil-society funding constraints; SHG federated models scaling beyond microfinance into market linkages,0.0,gs-insert-tag-proposer-v1,,,,
UPSC-CSE-MAINS-GS-2021-GS3,416d188e5f714490c927655f34db9336b3caeade9efbd4066169ec930cc3f5a8,2021,GS3,5,,SCuss in the light of India’s experience.,topic,upsc-cse-mains-gs3,MAPPED,gs-3-indian-economy-planning-resource-mobilization-and-inclusive-growth-inclusiv-af5bdfb0,"Inclusive growth: meaning and concept of inclusion, India's inclusion experience, social-sector initiatives, ground reality of flagship schemes, rural-economy-based growth, sustainable agriculture/food-security linkage, PDS as a growth tool, financial inclusion, poverty-alleviation-and-employment strategy, PPP models, industrial/sectoral/regional diversification, and flagship schemes (Jan Dhan, MUDRA, SETU, Skill India, MGNREGA, Kisan Card, PMKSY, e-NAM, PMJJBY/PMSBY, Atal Pension, Digital India)",0.1353,gs-3-agriculture-agricultural-finance-features-criteria-and-sources-problems-mea-7563b5e3,"Agricultural finance: features, criteria and sources, problems, measures to improve credit flow, co-operative credit societies, derivative trade in agri-commodities, and institutions (commercial banks, lead-bank scheme, RRBs, NABARD, RBI, KCC, SHG-bank linkage, RIDF)",0.0,gs-insert-tag-proposer-v1,,,,
UPSC-CSE-MAINS-GS-2023-GS4,a89e7e5d1f290cc9105a3e5d1b51b2d99f84ade8e944c358bb92d46e55102581,2023,GS4,9,,Differentiate ‘moral intuition’ from ‘moral reasoning’ with suitable examples.,topic,upsc-cse-mains-gs4,MAPPED,gs-4-public-civil-service-values-and-ethics-in-public-administration-moral-judge-a6a666fb,Moral judgements in international relations; ethical relation in funding international relations and the concept of moral responsibility; ethics in the working of international organisations,0.2564,gs-4-attitude-moral-and-political-attitude-formation-distinguishing-attitude-fro-215538a3,Moral and political attitude formation; distinguishing 'attitude' from 'belief' and how cognitive dissonance affects internal alignment,0.1791,gs-insert-tag-proposer-v1,,,,
UPSC-CSE-MAINS-GS-2026-ESSAY,e894814494708e505ed14fe86636aa64f9a5914a7b1d2a8fe196504de2a1ebbf,2026,ESSAY,1,,Oxymorons reflect the ironies of life.,essay_theme,,UNMAPPED,,,,,,,gs-insert-tag-proposer-v1,,,,
UPSC-CSE-MAINS-GS-2026-ESSAY,d3cfc7dee0cb7a5a4fc5e46eb1987c282853f977238c05b665fdc724fa2fad65,2026,ESSAY,2,,A grateful mind is very beautiful.,essay_theme,,UNMAPPED,,,,,,,gs-insert-tag-proposer-v1,,,,
UPSC-CSE-MAINS-GS-2026-ESSAY,c8f35e7b250eae6f6b723b5981ac7271677f09f4182ee0ef7355f310a18a5c3e,2026,ESSAY,3,,A thorn is a changed bud.,essay_theme,,UNMAPPED,,,,,,,gs-insert-tag-proposer-v1,,,,
UPSC-CSE-MAINS-GS-2026-ESSAY,98a5181c8abb32adeeb7208c6a0a7f1cff2eee405182e253ac4a6f6d56c40b8b,2026,ESSAY,4,,"When two elephants fight, it is the grass that gets trampled.",essay_theme,,UNMAPPED,,,,,,,gs-insert-tag-proposer-v1,,,,
UPSC-CSE-MAINS-GS-2026-ESSAY,5f274b052fecd991aca6550086f142ae42044b5e5d8052a6a7692513621b1d5f,2026,ESSAY,5,,Nature is the symbol of the spirit.,essay_theme,,UNMAPPED,,,,,,,gs-insert-tag-proposer-v1,,,,
UPSC-CSE-MAINS-GS-2026-ESSAY,be0987b1fafd8d019b2adb22e548e854acf64d3c18bd109e76e9c5c758ff62e2,2026,ESSAY,6,,A well-educated mind will always have more questions than answers.,essay_theme,,UNMAPPED,,,,,,,gs-insert-tag-proposer-v1,,,,
UPSC-CSE-MAINS-GS-2026-ESSAY,18aca00f3a163ff355aa3b3fb0b16bb3b710ae1400a26f8f0b8afe7c1326a854,2026,ESSAY,7,,Shelving hard decisions is the least ethical course.,essay_theme,,UNMAPPED,,,,,,,gs-insert-tag-proposer-v1,,,,
UPSC-CSE-MAINS-GS-2026-ESSAY,c7f9f4e5c738eb8537f1a8996e8d3bde3d832980903399b6fbcb236603000bf9,2026,ESSAY,8,,A good leader is one who follows the followers.,essay_theme,,UNMAPPED,,,,,,,gs-insert-tag-proposer-v1,,,,
UPSC-CSE-MAINS-GS-2026-GS1,ebe489b832915c52dae096805b2282dee3ce95e869d1a186398491682cb503fd,2026,GS1,1,,Analyze the importance of Ashokan inscriptions for reconstructing Mauryan history.,topic,upsc-cse-mains-gs1,MAPPED,gs-1-ancient-india-pre-history-to-post-mauryan-the-mauryan-empire-chandragupta-b-c77fc0e7,"The Mauryan Empire: Chandragupta, Bindusara, the Arthashastra, Megasthenes, Ashoka's inscriptions/sites/Dhamma, Mauryan administration/economy/society/art, and its decline",0.293,gs-1-indian-culture-mauryan-art-and-architecture-ashokan-pillars-polishing-techn-7da561bb,"Mauryan art and architecture (Ashokan pillars, polishing techniques, and rock-cut caves)",0.2681,gs-insert-tag-proposer-v1,,,,
UPSC-CSE-MAINS-GS-2026-GS1,4516d2ec6d942907efb95bf383f319c68ee89f1dc40a14bbffc3895ed05a58ea,2026,GS1,2,,Discuss the impact of Macaulay’s Minute on colonial administration and education in India.,topic,upsc-cse-mains-gs1,MAPPED,gs-1-medieval-india-cholas-and-other-south-indian-kingdoms-administration-socio-02338bcb,"Cholas and other south Indian kingdoms: administration, socio-economic life, education/literature, Cheras, Yadavas, and contact with Southeast Asia",0.2663,gs-1-modern-indian-history-growth-of-modern-education-press-and-vernacular-publi-f71c1957,"Growth of modern education, press, and vernacular public sphere under colonial rule; important newspapers/journals of the period",0.2595,gs-insert-tag-proposer-v1,,,,
UPSC-CSE-MAINS-GS-2026-GS1,928d9a9fbb294811458025207dd6670017a38376474ecb12c03f7f7980111c03,2026,GS1,3,,The significance of the Gandhian movements lay in the masses they mobilized. Elucidate.,topic,upsc-cse-mains-gs1,MAPPED,gs-1-revolt-of-1857-and-freedom-struggle-gandhian-mass-mobilization-phases-non-c-69cbed9f,"Gandhian mass mobilization phases (Non-Cooperation, Civil Disobedience, Quit India) and the special role of women in this phase",0.3865,gs-1-geography-world-physical-geography-weathering-chemical-solution-carbonation-845adb4c,"Weathering: chemical (solution, carbonation, hydration, oxidation-reduction), physical/mechanical, and biological processes; significance for soil formation, biomes/biodiversity, and mass movements",0.2086,gs-insert-tag-proposer-v1,,,,
UPSC-CSE-MAINS-GS-2026-GS1,06604d324b581d610cca455ec4ffdaf538365bda45d9fcab1fa863aeebb0269f,2026,GS1,4,,What is the Fujiwhara effect? Explain its impact on the movement and intensity of tropical cyclones.,topic,upsc-cse-mains-gs1,MAPPED,gs-1-geography-world-physical-geography-tropical-cyclones-formation-conditions-c-2c4c22be,"Tropical cyclones: formation conditions, convective cyclogenesis, path, damage, Arabian Sea cyclones, naming conventions, and early-warning systems",0.3137,gs-1-world-history-emergence-of-the-usa-american-colonies-independence-the-revol-2e6fc342,"Emergence of the USA: American colonies, independence, the Revolutionary War and its political/global impact, the US Civil War and its global impact and impact on India",0.2367,gs-insert-tag-proposer-v1,,,,
UPSC-CSE-MAINS-GS-2026-GS1,a0406368469539cbe89ed51a3449be17e64ac4b14ccd41a0aaf608f24c0aef14,2026,GS1,5,,“Tundra regions are ecologically fragile but economically important.” Examine this statement critically.,topic,upsc-cse-mains-gs1,MAPPED,gs-1-geography-world-physical-geography-world-physiographic-divisions-and-their-6cda57f1,World physiographic divisions and their economic-geographic significance; wetlands' ecological/economic importance,0.2022,gs-1-physical-geography-of-india-human-geography-and-economic-geography-climate-3f97a450,"Climate of India: factors influencing climate, monsoon mechanism (classical/modern/air-mass/jet-stream theories), El Nino-La Nina impact, rhythm of seasons, and climatic regions",0.1338,gs-insert-tag-proposer-v1,,,,
UPSC-CSE-MAINS-GS-2026-GS1,22ff98c97e419580dc9d5afce34d951f69e3f0850e221526b0cff4f68901fa01,2026,GS1,6,,Discuss the role of aeolian processes in desertification and land degradation.,topic,upsc-cse-mains-gs1,MAPPED,gs-1-physical-geography-of-india-human-geography-and-economic-geography-agricult-278be327,"Agricultural geography: land-use/capability classification, land degradation, cropping seasons/patterns/regionalization, infrastructure factors (seeds, fertilizers, irrigation), agricultural revolutions, labour, price policy, marketing, insurance, agricultural census, major crop conditions-of-growth/production-pattern/trade (wheat, rice, maize, barley, tea, coffee, cocoa, tobacco, cotton, jute and substitutes, rubber, sugarcane/sugarbeet)",0.1863,gs-1-physical-geography-of-india-human-geography-and-economic-geography-soils-an-09af701c,"Soils and natural vegetation of India: soil classification/texture/degradation/conservation; forest types, cover, conservation, and problems",0.1622,gs-insert-tag-proposer-v1,,,,
UPSC-CSE-MAINS-GS-2026-GS1,dd5c85f507c886efdf0cefc72c39367fd4aa580236872a03befe5124ea311ba0,2026,GS1,7,,“Water resources are both an asset and a source of conflict in South Asia.” Examine this statement giving examples.,topic,upsc-cse-mains-gs1,MAPPED,gs-1-physical-geography-of-india-human-geography-and-economic-geography-water-re-42986ae9,"Water resources: underground/surface/inland/oceanic water resources, utilization patterns, water pollution, conservation techniques, river-interlinking projects, and the problem of ageing dams",0.2188,gs-1-geography-world-physical-geography-resource-geopolitics-arctic-ice-melt-cau-b61eb452,"Resource geopolitics: Arctic ice-melt causes/consequences, Arctic resource-driven geopolitical conflict, and mineral resource base as determined by geological structure",0.1998,gs-insert-tag-proposer-v1,,,,
UPSC-CSE-MAINS-GS-2026-GS1,51551f877c932969bb68d90be021193b3f7426d9ad3964070c28bb15031854ca,2026,GS1,8,,Unity in diversity remains the defining feature of Indian society despite the challenges from communalism and regionalism. Comment.,topic,upsc-cse-mains-gs1,MAPPED,gs-1-indian-society-salient-features-and-changes-within-indian-society-and-their-12667df4,Salient features and changes within Indian society and their repercussions; diversity of India and whether 'unity in diversity' is reality or a reconciled chimera,0.4486,gs-1-indian-society-communalism-meaning-historicity-role-of-third-parties-in-inc-a29120fe,"Communalism: meaning, historicity, role of third parties in inciting/perpetrating it, and whether it can be eradicated; regionalism's theories, manifestations, and possible remedies",0.2222,gs-insert-tag-proposer-v1,,,,
UPSC-CSE-MAINS-GS-2026-GS1,c3a399bb3230cde652ff6d8efa9f672d77a0a4d275261e8d2eeb35c2834f78d3,2026,GS1,9,,How do you understand disability? Substantiate the need for inclusive policy framework in India in this regard.,topic,upsc-cse-mains-gs1,MAPPED,gs-1-post-independence-consolidation-overview-of-economic-development-since-inde-3aa003ac,"Overview of economic development since Independence: Five Year Plans journey, agriculture (land reforms, post-Green-Revolution issues, agrarian movements, achievements/challenges), industry (public/private sector development, industrial policy, Make in India), New Economic Policy impact, and post-Independence policy of Science & Technology (institutional framework, pre-/post-reform S&T, skill training agenda)",0.1699,gs-1-post-independence-consolidation-tribal-issue-and-policy-consolidation-prese-71869387,Tribal issue and policy consolidation: present status of tribal issues and policy responses,0.1421,gs-insert-tag-proposer-v1,,,,
UPSC-CSE-MAINS-GS-2026-GS1,a59d03c0fe4aed3e7697927d27f85708297805d6a342f482525fad830ef0c65d,2026,GS1,10,,Do you think digital technology promotes social empowerment? Explain with examples.,topic,upsc-cse-mains-gs1,MAPPED,gs-1-indian-society-social-empowerment-meaning-need-five-year-plan-and-governmen-e656d358,"Social empowerment: meaning, need, Five-Year-Plan and government initiatives, role of civil society organisations",0.1718,gs-1-indian-society-social-risk-institutional-conditions-state-of-prisons-drug-a-5fb7870f,"Social risk & institutional conditions: state of prisons, drug abuse, social media's effect on youth",0.158,gs-insert-tag-proposer-v1,,,,
UPSC-CSE-MAINS-GS-2026-GS1,35e918ca03ef7f9cb0df80cdbfeaff2efbad7b46458eb35bcb5f704316d2822c,2026,GS1,11,,Vijayanagara architecture exemplifies the amalgamation of past traditions with contemporary practices. Elucidate with examples.,topic,upsc-cse-mains-gs1,MAPPED,gs-1-indian-culture-classical-temple-architecture-nagara-dravida-vesara-and-regi-a8a2f408,"Classical Temple Architecture: Nagara, Dravida, Vesara and regional sub-schools (Pallava, Chola, Pandya, Vijayanagara, Nayaka, Hoysala, Rashtrakuta, Kerala temples)",0.1803,gs-1-indian-culture-indian-painting-traditions-mural-painting-miniature-painting-e30679a1,"Indian painting traditions: mural painting, miniature painting (Rajput, Pahari, Deccan, South Indian schools), regional/modern/contemporary painting; Panamalai, Cheriyal Scroll, Mewar school, Gilgit manuscripts, Ol Chiki script, Phanigiri artefacts, Vajra Mushti Kalaga, Bagh print",0.1394,gs-insert-tag-proposer-v1,,,,
UPSC-CSE-MAINS-GS-2026-GS1,aac5912e6e256a1d3a906ef3a50eff8e655411b431974089fcb3f3b453181ab4,2026,GS1,12,,Linguistic reorganization of Indian States was driven by popular pressure from below. Comment.,topic,upsc-cse-mains-gs1,MAPPED,gs-1-post-independence-consolidation-linguistic-reorganization-of-states-and-the-b5bd4f7e,"Linguistic reorganization of states and the Commissions (Dhar, JVP, Fazl Ali) — and whether it strengthened or weakened Indian unity; linguistic regionalism, constitutional language policy, and recent Hindi-language controversy",0.313,gs-1-post-independence-consolidation-communalism-and-social-consolidation-secula-7f1b3954,"Communalism and social consolidation: secularism, causes and consequences of communalism, issue of linguistic minorities (operational inefficiency and government initiatives)",0.1493,gs-insert-tag-proposer-v1,,,,
UPSC-CSE-MAINS-GS-2026-GS1,8be5ac1c1432d478f2310c686aff8ff274fc2cd26e78a7244c4b41a17c5c9cb9,2026,GS1,13,,The model of planned economy was adopted in India to address the regional imbalances left behind by colonial rule. Comment.,topic,upsc-cse-mains-gs1,MAPPED,gs-1-revolt-of-1857-and-freedom-struggle-the-1946-naval-mutiny-as-the-last-nail-3d7005f5,The 1946 Naval Mutiny as 'the last nail in the coffin' of colonial rule,0.1619,gs-1-modern-indian-history-growth-of-modern-education-press-and-vernacular-publi-f71c1957,"Growth of modern education, press, and vernacular public sphere under colonial rule; important newspapers/journals of the period",0.1499,gs-insert-tag-proposer-v1,,,,
UPSC-CSE-MAINS-GS-2026-GS1,63697e2217ccd277b80d2012bd01eac30d8f19aad5b6405700dc82dfce713228,2026,GS1,14,,"Compare the Loo, Chinook and Foehn winds with respect to their regions of prevalence, their nature and climatic impacts.",topic,upsc-cse-mains-gs1,MAPPED,gs-1-physical-geography-of-india-human-geography-and-economic-geography-climate-3f97a450,"Climate of India: factors influencing climate, monsoon mechanism (classical/modern/air-mass/jet-stream theories), El Nino-La Nina impact, rhythm of seasons, and climatic regions",0.2699,gs-1-world-history-emergence-of-the-usa-american-colonies-independence-the-revol-2e6fc342,"Emergence of the USA: American colonies, independence, the Revolutionary War and its political/global impact, the US Civil War and its global impact and impact on India",0.1795,gs-insert-tag-proposer-v1,,,,
UPSC-CSE-MAINS-GS-2026-GS1,1b13adec415a32601bb5d47235e934dc73bb902e9d6913cd13a6485d0e85c8ba,2026,GS1,15,,Analyze the role of satellite-based technologies in achieving climate-smart agriculture and food security in India.,topic,upsc-cse-mains-gs1,MAPPED,gs-1-physical-geography-of-india-human-geography-and-economic-geography-global-p-9afda12c,"Global physical-geography case studies: Sub-Saharan Africa food security, Africa's Afar Triangle",0.186,gs-1-indian-society-health-nutrition-and-sanitation-nfhs-5-findings-renewed-heal-93a542de,"Health, nutrition and sanitation: NFHS-5 findings, renewed healthcare system, One Health concept, Global Hunger Index, Open Defecation Free status, nutritional security through food fortification",0.1436,gs-insert-tag-proposer-v1,,,,
UPSC-CSE-MAINS-GS-2026-GS1,917ac1615a000f597999b8b1489bb20412f12153c635e0624cdb51389a589ff7,2026,GS1,16,,“The centre of global trade is gradually shifting from the Atlantic region to the Indo-Pacific region.” Examine this statement.,topic,upsc-cse-mains-gs1,MAPPED,gs-1-physical-geography-of-india-human-geography-and-economic-geography-climate-3f97a450,"Climate of India: factors influencing climate, monsoon mechanism (classical/modern/air-mass/jet-stream theories), El Nino-La Nina impact, rhythm of seasons, and climatic regions",0.1231,gs-1-ancient-india-pre-history-to-post-mauryan-taxila-as-a-renowned-centre-of-sc-1da5d9f0,Taxila as a renowned centre of scholarship and the strategic-location factors behind its ruin,0.1147,gs-insert-tag-proposer-v1,,,,
UPSC-CSE-MAINS-GS-2026-GS1,fa8853558011d27682d2c6e0e1d9245bb86a4f9a309617e658f02e9b308f1526,2026,GS1,17,,Analyze the major drivers of human-induced land-use changes in India and their geographical consequences.,topic,upsc-cse-mains-gs1,MAPPED,gs-1-physical-geography-of-india-human-geography-and-economic-geography-agricult-278be327,"Agricultural geography: land-use/capability classification, land degradation, cropping seasons/patterns/regionalization, infrastructure factors (seeds, fertilizers, irrigation), agricultural revolutions, labour, price policy, marketing, insurance, agricultural census, major crop conditions-of-growth/production-pattern/trade (wheat, rice, maize, barley, tea, coffee, cocoa, tobacco, cotton, jute and substitutes, rubber, sugarcane/sugarbeet)",0.1819,gs-1-geography-world-physical-geography-resource-geopolitics-arctic-ice-melt-cau-b61eb452,"Resource geopolitics: Arctic ice-melt causes/consequences, Arctic resource-driven geopolitical conflict, and mineral resource base as determined by geological structure",0.1458,gs-insert-tag-proposer-v1,,,,
UPSC-CSE-MAINS-GS-2026-GS1,141117f1db783b62d1d6d86a34f9701deba08f10c7443591bde84275809dc31b,2026,GS1,18,,Is caste disappearing in urban India? Illustrate your answer with examples.,topic,upsc-cse-mains-gs1,MAPPED,gs-1-indian-society-urbanization-challenges-growth-of-the-informal-urban-sector-b11bb18c,"Urbanization challenges: growth of the informal urban sector, smart cities as a management tool, flood vulnerability of major cities, rural-urban migration, emergence of slums, urban transport/waste/water-sanitation issues, urban poverty, and the Real Estate (Regulation & Development) Act 2016",0.3693,gs-1-physical-geography-of-india-human-geography-and-economic-geography-urbaniza-556f64cf,"Urbanization in India: pattern, issues, rural-urban migration, slum emergence, urban transport/waste/water-sanitation, urban poverty, and inclusive/smart-city responses",0.3684,gs-insert-tag-proposer-v1,,,,
UPSC-CSE-MAINS-GS-2026-GS1,561913bd5bb5fd5036bdb246bc4d262767327cccedcf87d8c362fbd7d7a5aef3,2026,GS1,19,,Critically examine the challenges of demographic transition in contemporary India.,topic,upsc-cse-mains-gs1,MAPPED,gs-1-indian-society-demographic-transition-changes-in-population-growth-rates-an-ca786cf1,"Demographic transition: changes in population growth rates and distribution since Independence; population problems of developing vs developed countries; Malthusian, Marxian and Demographic Transition theories",0.4054,gs-1-physical-geography-of-india-human-geography-and-economic-geography-demograp-8ea834c8,"Demography: concept of human resources, population distribution (physical/socio-cultural/demographic factors), world/continental distribution, density patterns, age/sex composition, literacy, population pyramids, theories of population growth (Malthusian, Marxian, demographic transition), population problems of developed vs developing countries, and rising youth population",0.2289,gs-insert-tag-proposer-v1,,,,
UPSC-CSE-MAINS-GS-2026-GS1,331847560644ff6913e62a1a29daadb49dca81f389b770a2862d081db516ed37,2026,GS1,20,,"Evaluate the impact of globalization on Indian youths with reference to social, political, economic and cultural spheres.",topic,upsc-cse-mains-gs1,MAPPED,gs-1-indian-society-effects-of-globalization-on-indian-society-kinds-of-impact-e-4b595d48,"Effects of globalization on Indian society: kinds of impact (economic, political, developmental, socio-cultural) and whether the impact is solely positive or negative",0.4424,gs-1-world-history-emergence-of-the-usa-american-colonies-independence-the-revol-2e6fc342,"Emergence of the USA: American colonies, independence, the Revolutionary War and its political/global impact, the US Civil War and its global impact and impact on India",0.2832,gs-insert-tag-proposer-v1,,,,
UPSC-CSE-MAINS-GS-2026-GS2,1e1e869c56b0651da88e961ed06bd877c8cb1d4b1cbcbde24a61a9864c9dc6d4,2026,GS2,1,,"Right to privacy relating to self-identity is very dear to every human being and well protected under Article 21 of the Constitution. In this context, examine the effect of the amendment in 2026, to the Transgender Persons (Protection of Rights) Act, 2019.",topic,upsc-cse-mains-gs2,MAPPED,gs-2-indian-constitution-fundamental-rights-vs-dpsps-structural-tension-resolved-7720d596,Fundamental Rights vs DPSPs: structural tension resolved via landmark pronouncements; scope expansion via the Right to Privacy judgment,0.2529,gs-2-indian-constitution-fundamental-rights-significance-definition-of-state-equ-8a0d5651,"Fundamental Rights: significance, definition of 'State', equality/freedom/exploitation/religion/cultural-educational/constitutional-remedies rights, Fundamental Rights and the Armed Forces, martial law, procedure-established-by-law vs due process of law, writs, restrictive limitations, rights outside Part III, Article 32's dynamic nature, and the case for revitalizing the reservation system",0.2479,gs-insert-tag-proposer-v1,,,,
UPSC-CSE-MAINS-GS-2026-GS2,bc2b3d922882517317cb95834ed31654694c5d52cf270e1ee4f74e4bdecf5fac,2026,GS2,2,,"“Women as a class neither belong to a minority group nor are they regarded as forming a backward class.” In the light of this statement, discuss the evolution of women’s reservation from local bodies to Parliament.",topic,upsc-cse-mains-gs2,MAPPED,gs-2-social-justice-welfare-health-education-and-poverty-the-national-commission-3d9d68a3,The National Commission for SCs (constitutional-reservation enforcement including in religious-minority institutions); Rights of Persons with Disabilities Act 2016's administrative-capacity adequacy; National Commission for Women's strategizing capacity; need for an objective outcome-based review of higher-education reservation,0.2063,gs-2-union-and-state-executive-legislature-and-judiciary-council-of-ministers-at-1ea209c1,"Council of Ministers, Attorney General of India, and Parliament: composition of Lok Sabha/Rajya Sabha, qualification/disqualification, sessions, law-making procedure, officers, motions/resolutions, powers and privileges, financial proceedings, comparison of the two Houses, women's reservation in Parliament, judicial activism vis-a-vis Parliament, and delegated legislation",0.1825,gs-insert-tag-proposer-v1,,,,
UPSC-CSE-MAINS-GS-2026-GS2,396ce4062f281a9b56c860ad4c0a6c2a5086259afd90218bd9c5250ebea70767,2026,GS2,3,,Examine whether the constitutional office of the Lok Sabha Speaker has become vulnerable to partisan politics under the current anti-defection regime. What institutional changes are required to ensure the neutrality of the Lok Sabha Speaker in managing a polarised House?,topic,upsc-cse-mains-gs2,MAPPED,gs-2-union-and-state-executive-legislature-and-judiciary-vice-president-and-prim-51da249d,"Vice-President and Prime Minister: office, functions, appointment, and role vis-a-vis Council of Ministers/President/Lok Sabha/political party/coalition government",0.2653,gs-2-union-and-state-executive-legislature-and-judiciary-council-of-ministers-at-1ea209c1,"Council of Ministers, Attorney General of India, and Parliament: composition of Lok Sabha/Rajya Sabha, qualification/disqualification, sessions, law-making procedure, officers, motions/resolutions, powers and privileges, financial proceedings, comparison of the two Houses, women's reservation in Parliament, judicial activism vis-a-vis Parliament, and delegated legislation",0.229,gs-insert-tag-proposer-v1,,,,
UPSC-CSE-MAINS-GS-2026-GS2,06e3eb9ee8b00e2fd9c9296f55b34a13196f28b8a27feb1c55bc293a4e4e6c45,2026,GS2,4,,Is the right to vote a fundamental right? Discuss the position of the Election Commission of India while undertaking the revision of electoral rolls. Can it also examine the question of citizenship of voters?,topic,upsc-cse-mains-gs2,MAPPED,gs-2-indian-constitution-fundamental-duties-features-and-their-link-to-fundament-c6d1a254,Fundamental Duties: features and their link to Fundamental Rights,0.2977,gs-2-indian-constitution-fundamental-rights-significance-definition-of-state-equ-8a0d5651,"Fundamental Rights: significance, definition of 'State', equality/freedom/exploitation/religion/cultural-educational/constitutional-remedies rights, Fundamental Rights and the Armed Forces, martial law, procedure-established-by-law vs due process of law, writs, restrictive limitations, rights outside Part III, Article 32's dynamic nature, and the case for revitalizing the reservation system",0.2794,gs-insert-tag-proposer-v1,,,,
UPSC-CSE-MAINS-GS-2026-GS2,67c96bf6bace9a9415c1081c35701471f97785154aadac0adc7d9acdc1a8467d,2026,GS2,5,,Do constitutional bodies like the National Commission for Scheduled Castes (NCSC) and the National Commission for Scheduled Tribes (NCST) possess adequate enforcement powers to secure substantive social equality? Suggest measures to enhance their institutional effectiveness.,topic,upsc-cse-mains-gs2,MAPPED,gs-2-union-and-state-executive-legislature-and-judiciary-constitutional-bodies-e-433df162,"Constitutional bodies: Election Commission, UPSC, State PSC, Finance Commission, GST Council, National Commission for SCs/STs, Special Officer for Linguistic Minorities, National Commission for Backward Classes; Non-Constitutional Bodies: NITI Aayog",0.3912,gs-2-social-justice-welfare-health-education-and-poverty-the-national-commission-3d9d68a3,The National Commission for SCs (constitutional-reservation enforcement including in religious-minority institutions); Rights of Persons with Disabilities Act 2016's administrative-capacity adequacy; National Commission for Women's strategizing capacity; need for an objective outcome-based review of higher-education reservation,0.3042,gs-insert-tag-proposer-v1,,,,
UPSC-CSE-MAINS-GS-2026-GS2,796ce61f210cc0d3386d35558aab3c25f3ea761e5fb90bd7700d09a9d413ad32,2026,GS2,6,,Does India’s tribal development policy reflect the aspirations for a socially grounded and equity-based governance? Justify your answer.,topic,upsc-cse-mains-gs2,MAPPED,gs-2-social-justice-welfare-health-education-and-poverty-the-scheduled-and-triba-f376c85d,"The Scheduled and Tribal Areas: 5th/6th Schedule areas, autonomous-council composition/role, Governor's role, tribal sub-plan, and start-up/skill-development linkage for tribal areas",0.3592,gs-2-social-justice-welfare-health-education-and-poverty-marginalised-community-05174854,"Marginalised-community & rights-based welfare: forest rights, PVTG welfare, internal displacement, right-based development approaches, women's basic income proposals, workplace sexual harassment",0.2694,gs-insert-tag-proposer-v1,,,,
UPSC-CSE-MAINS-GS-2026-GS2,6a28c56cca3660217235b62381712478e160360a53cdbe8d6eed84e2d7613327,2026,GS2,7,,"Malnutrition in India is not merely a public health concern; it is also a challenge of social equity, human development and effective welfare governance. Discuss.",topic,upsc-cse-mains-gs2,MAPPED,gs-2-social-justice-welfare-health-education-and-poverty-health-nutrition-welfar-8d4429ae,"Health & nutrition welfare: right to health, nutrition crisis among adolescent girls/women, mid-day meal issues, child malnutrition/marriage, food fortification, universal health coverage",0.1973,gs-2-social-justice-welfare-health-education-and-poverty-health-for-all-target-v-add17757,'Health for All' target vs structural health-infrastructure gaps; rising out-of-pocket health expenditure; commercialization of healthcare vs universal affordable public care,0.1923,gs-insert-tag-proposer-v1,,,,
UPSC-CSE-MAINS-GS-2026-GS2,3ddd2bde0c82c5015baf9651b8fcbf069ba4bdbdfb7319d41588b7c50b773902,2026,GS2,8,,Analyse the advantages and limitations of the generalist structure of the Indian Civil Services in contemporary governance.,topic,upsc-cse-mains-gs2,MAPPED,gs-2-governance-government-policies-and-development-processes-role-of-civil-serv-900d4921,"Role of civil services in a democracy: concept and need for civil services, law-making role (policy formulation/implementation/evaluation), civil services as protector of minorities and promoter of inclusive growth, emerging challenges (lateral entry, capacity building, frequent transfers, cadre policy, performance appraisal, Civil Services Board)",0.4222,gs-2-governance-government-policies-and-development-processes-e-governance-intro-a7117603,"e-Governance: introduction, applications, models, successes/limitations/future prospects, dashboards/portals, democracy-and-e-governance linkage, and e-governance in the judiciary/legislature",0.282,gs-insert-tag-proposer-v1,,,,
UPSC-CSE-MAINS-GS-2026-GS2,ca0d8947d13374e3ddfdbc85b77a0d8341908477c5686c14f2bee884b997dd46,2026,GS2,9,,“IPMDA (Indo-Pacific Partnership for Maritime Domain Awareness) bridges the gap between India’s SAGAR (Security and Growth for All in the Region) vision and the Quad’s collective Indo-Pacific strategy.” Make a critical assessment of the statement focusing on IPMDA.,topic,upsc-cse-mains-gs2,MAPPED,gs-2-international-relations-major-powers-russia-strategic-cooperation-russia-ch-75e82be4,"Major powers: Russia (strategic cooperation, Russia-China impact on India), China (economic relations, water disputes, String of Pearls, Maritime Silk Route/BRI implications, border disputes, South China Sea, CBMs), USA (strategic consultations, counter-terrorism, trade, energy/climate, S&T/space, defence cooperation, IPR, Indo-Pacific/QUAD, GSP)",0.2242,gs-2-international-relations-india-and-other-regions-africa-historical-connectio-aba636d2,"India and other regions: Africa (historical connections, South-South engagement, trade/investment/security cooperation), Australia (diaspora, economic ties, nuclear cooperation), France (strategic partnership), Germany (economic relations), UK (Brexit implications)",0.1024,gs-insert-tag-proposer-v1,,,,
UPSC-CSE-MAINS-GS-2026-GS2,41aa0f2ad494d262434d77a7b58549c5b0a2e2c153d5a31dea33f32be6d89db8,2026,GS2,10,,"“BRICS acts as a powerful counterweight in global governance, actively amplifying the voice and influence of the Global South.” Explain the role of BRICS in projecting itself as an alternative to other groupings.",topic,upsc-cse-mains-gs2,MAPPED,gs-2-international-relations-global-governance-multilateral-institutions-minilat-be35869c,"Global governance & multilateral institutions: minilateralism, International Health Regulations amendment, UN peacekeeping and India, ICC and the Israel-Hamas dispute, UNSC and G4, WTO reform crises, Global South leadership, G20 and India",0.1882,gs-2-international-relations-multilateral-relations-wto-decision-making-nairobi-a57628fa,"Multilateral relations: WTO (decision-making, Nairobi Package, IPR, reforms, agriculture issues, FTAs), IMF and reforms, nuclear-security architecture (NSG, MTCR, NPT), BRICS/BIMSTEC/IBSA/SAARC, India-ASEAN economic cooperation",0.1566,gs-insert-tag-proposer-v1,,,,
UPSC-CSE-MAINS-GS-2026-GS2,84ee0735b44845863919b43da1fe762b776b2617931b29f1e032ab0d53fdee2f,2026,GS2,11,,Discuss the position of the Governor in the federal polity of India. What is the nature of his power while giving assent to a bill passed by the State Legislature? Is he bound by the aid and advice of his Council of Ministers in all his functions?,topic,upsc-cse-mains-gs2,MAPPED,gs-2-union-and-state-executive-legislature-and-judiciary-the-governor-chief-mini-446b5fc5,"The Governor, Chief Minister, Advocate-General, and State Legislature: appointment, discretionary/ordinance/pardoning powers, composition of Vidhan Sabha/Parishad, legislative procedure, and inter-house relationships",0.3403,gs-2-union-and-state-executive-legislature-and-judiciary-vice-president-and-prim-51da249d,"Vice-President and Prime Minister: office, functions, appointment, and role vis-a-vis Council of Ministers/President/Lok Sabha/political party/coalition government",0.319,gs-insert-tag-proposer-v1,,,,
UPSC-CSE-MAINS-GS-2026-GS2,3bf3522e03efecfb40b41164669751165b99117e433ee2010155252306c24b72,2026,GS2,12,,"What is meant by judicial legislation? In this context, discuss the verdicts of the apex court allowing “passive euthanasia” and a “living will”.",topic,upsc-cse-mains-gs2,MAPPED,gs-2-union-and-state-executive-legislature-and-judiciary-the-judiciary-integrate-66f06851,"The Judiciary: integrated judicial system, Supreme Court composition/independence/jurisdiction/judicial-review/curative-petition, High Courts, lower judiciary, judicial appointments (collegium system, NJAC controversy), judicial accountability and corruption issues, PIL, judicial activism, and alternative dispute-redressal fora (Lok Adalat, family courts, Gram Nyayalayas, NALSA, arbitration)",0.3247,gs-2-union-and-state-executive-legislature-and-judiciary-judiciary-rights-rule-o-86b797d1,"Judiciary, rights & rule of law: right to personality, right to vote for undertrials, curative petition, tribunals in India, criminal law reforms, All India Judicial Services, Supreme Court case-burden, contempt of court, freedom of press, special/local laws, ED and PMLA",0.1886,gs-insert-tag-proposer-v1,,,,
UPSC-CSE-MAINS-GS-2026-GS2,2772c4db124c19e3a84da9d334541e159ff2e88c6609b54184ad992052149f8a,2026,GS2,13,,How far has the Indian federal framework been successful in accommodating regional and cultural diversities? Highlight the role of asymmetric federalism and suggest measures to make dispute resolution mechanisms more effective.,topic,upsc-cse-mains-gs2,MAPPED,gs-2-governance-government-policies-and-development-processes-citizens-charters-1731c27f,"Citizens' Charters: introduction, models, features, implementation issues in India, reform needs, and the Sevottam framework",0.1115,gs-2-governance-government-policies-and-development-processes-effective-implemen-336d2a48,"Effective implementation: outcome orientation, programme impact assessment, budget/zero-base-budgeting/cost-benefit analysis, and institution-building (task forces, steering/review committees)",0.083,gs-insert-tag-proposer-v1,,,,
UPSC-CSE-MAINS-GS-2026-GS2,f8cc0654dfbe8b1b5bee07010da44191cc4d53719f18e8d68c6ccda7e9ac99b1,2026,GS2,14,,"Examine how the separation of powers is practised in India compared to the rigid presidential model of the United States of America. In this context, compare the actual authority of the Indian Prime Minister with that of the President of the USA.",topic,upsc-cse-mains-gs2,MAPPED,gs-2-union-and-state-executive-legislature-and-judiciary-vice-president-and-prim-51da249d,"Vice-President and Prime Minister: office, functions, appointment, and role vis-a-vis Council of Ministers/President/Lok Sabha/political party/coalition government",0.3893,gs-2-indian-constitution-comparative-constitutionalism-indian-scheme-vs-usa-uk-f-a9aa42e5,"Comparative constitutionalism: Indian scheme vs USA, UK, France, and neighbouring constitutions",0.1773,gs-insert-tag-proposer-v1,,,,
UPSC-CSE-MAINS-GS-2026-GS2,c744d6a12244dac2257be075fc3d36bfe98eac3bba317d658d1d762f71d331d1,2026,GS2,15,,"To what extent do pressure groups, social movements and corporate lobbies deepen pluralistic democracy in India by representing excluded interests? Analyse whether the growing convergence of corporate wealth and political power poses a threat to the autonomy of formal democratic institutions.",topic,upsc-cse-mains-gs2,MAPPED,gs-2-governance-government-policies-and-development-processes-pressure-groups-an-36f5531a,"Pressure groups and formal/informal associations: types, significance, distinction from political parties, politicisation of pressure groups, and their evolving role via new media",0.2348,gs-2-union-and-state-executive-legislature-and-judiciary-political-dynamics-prov-42fe8798,"Political dynamics: provisions on political parties, rise of regional parties, electoral reforms, importance of NRI votes, and the Tenth Schedule (anti-defection)",0.2114,gs-insert-tag-proposer-v1,,,,
UPSC-CSE-MAINS-GS-2026-GS2,dd98fc7d6e0b77bdcec0f1dc4d41d7f01d9ef0502e2d471d37da4757ccf0770e,2026,GS2,16,,“Transparency and accountability in governance are not about controlling corruption but about creating the trust of stakeholders in the policy process by following the Rule of Law and Participatory Governance.” Comment.,topic,upsc-cse-mains-gs2,MAPPED,gs-2-governance-government-policies-and-development-processes-important-aspects-ef8735ab,"Important aspects of governance, transparency and accountability: citizen-centric governance, legislative/administrative/judicial accountability, Ombudsman, whistleblower protection, anti-corruption machinery (role of citizens/media/social audit), systemic reforms, decentralisation vs delegation, and bottom-up governance",0.3601,gs-2-governance-government-policies-and-development-processes-need-and-importanc-de5fce4c,"Need and importance of government policies: growth/development, human capital formation, equality and social justice, unity and integrity, trust between state and citizens; governance meaning/scope and the good-governance debate",0.2454,gs-insert-tag-proposer-v1,,,,
UPSC-CSE-MAINS-GS-2026-GS2,9d035c11bd4748bd28145dd31cd97e2bf9284f4580de23246f12a6c7ef38ace3,2026,GS2,17,,Can the constitutional mandate of rights-based welfare be effectively realised in the context of non-integrated governance and minimal public investment? Examine.,topic,upsc-cse-mains-gs2,MAPPED,gs-2-social-justice-welfare-health-education-and-poverty-marginalised-community-05174854,"Marginalised-community & rights-based welfare: forest rights, PVTG welfare, internal displacement, right-based development approaches, women's basic income proposals, workplace sexual harassment",0.2712,gs-2-social-justice-welfare-health-education-and-poverty-welfare-schemes-by-cons-7f20efbb,"Welfare schemes by constitutional arrangement: women welfare (gender technology gap, women in the political system, marriageable-age debate), child welfare, SC/ST/OBC welfare, caste census, minorities welfare, old-age welfare, and needed legislative reforms",0.1171,gs-insert-tag-proposer-v1,,,,
UPSC-CSE-MAINS-GS-2026-GS2,dd2670625e54f43db4fb32f0b4afbdbbbb990e2ca9e2d3ff1dab58e5e798f626,2026,GS2,18,,"Should education be treated primarily as a welfare obligation of the state or as a strategic investment for building a globally competitive, knowledge-driven nation? Critically evaluate.",topic,upsc-cse-mains-gs2,MAPPED,gs-2-international-relations-india-and-other-regions-africa-historical-connectio-aba636d2,"India and other regions: Africa (historical connections, South-South engagement, trade/investment/security cooperation), Australia (diaspora, economic ties, nuclear cooperation), France (strategic partnership), Germany (economic relations), UK (Brexit implications)",0.185,gs-2-international-relations-strategic-partnerships-major-power-relations-nato-s-0c0ea0a2,"Strategic partnerships & major-power relations: NATO's 75th anniversary, India-US strategic (jet-engine) partnership, Atlantic Declaration, India-EFTA deal, Raisina Dialogue, INDUS-X Summit, India-France/UAE/Netherlands/Tanzania/Argentina/Canada/Greece relations, Saudi Arabia strategic partnership",0.182,gs-insert-tag-proposer-v1,,,,
UPSC-CSE-MAINS-GS-2026-GS2,494bc057c6433412e847a885f2ab999331452d0246fd95099b725828319926ba,2026,GS2,19,,"“India’s global diaspora acts as a living bridge, as a critical economic factor and knowledge network in transforming cultural heritage into geopolitical influence and strategic leverage worldwide.” Critically examine this statement.",topic,upsc-cse-mains-gs2,MAPPED,gs-2-international-relations-india-and-other-regions-africa-historical-connectio-aba636d2,"India and other regions: Africa (historical connections, South-South engagement, trade/investment/security cooperation), Australia (diaspora, economic ties, nuclear cooperation), France (strategic partnership), Germany (economic relations), UK (Brexit implications)",0.2245,gs-2-international-relations-strategic-partnerships-major-power-relations-nato-s-0c0ea0a2,"Strategic partnerships & major-power relations: NATO's 75th anniversary, India-US strategic (jet-engine) partnership, Atlantic Declaration, India-EFTA deal, Raisina Dialogue, INDUS-X Summit, India-France/UAE/Netherlands/Tanzania/Argentina/Canada/Greece relations, Saudi Arabia strategic partnership",0.1809,gs-insert-tag-proposer-v1,,,,
UPSC-CSE-MAINS-GS-2026-GS2,ebd0051ac070e51aeae105584f5eea88b7377601d41d70bc9532a8532325b1c7,2026,GS2,20,,“China’s Belt and Road Initiative (BRI) has transformed South Asia from a regional space into a theatre of great power competition.” Analyse the strategic implications of the BRI for India’s security and regional influence in South Asia.,topic,upsc-cse-mains-gs2,MAPPED,gs-2-international-relations-major-powers-russia-strategic-cooperation-russia-ch-75e82be4,"Major powers: Russia (strategic cooperation, Russia-China impact on India), China (economic relations, water disputes, String of Pearls, Maritime Silk Route/BRI implications, border disputes, South China Sea, CBMs), USA (strategic consultations, counter-terrorism, trade, energy/climate, S&T/space, defence cooperation, IPR, Indo-Pacific/QUAD, GSP)",0.3295,gs-2-international-relations-india-and-asian-nations-central-asian-republics-tur-3b2df521,"India and Asian nations: Central Asian republics (Turkmenistan, Kazakhstan, Tajikistan; China's role; International North-South Transport Corridor; SCO), Mongolia, UAE, Iran (nuclear deal, US geo-economic considerations), Israel-Palestine and India-Israel relations, Saudi Arabia, Asia-Pacific groupings, Southeast Asia (ASEAN steps and security cooperation), Japan, South Korea, Vietnam",0.2706,gs-insert-tag-proposer-v1,,,,
UPSC-CSE-MAINS-GS-2026-GS3,5d9cc1c134985429bceb46bc2108235ccd24f8bf562c2be657efefc2f1724424,2026,GS3,1,,"What do you mean by Digital Rupee? In this context, explain the working and progress of India’s Central Bank Digital Currency (CBDC).",topic,upsc-cse-mains-gs3,MAPPED,gs-3-indian-economy-planning-resource-mobilization-and-inclusive-growth-banking-0a274947,"Banking: structure/functions, RBI and bank types (public/private/foreign/regional-rural/local-area/specialized/small-finance/payments banks), nationalization history, banking-sector reform committees (Narasimhan, Nachiket Mor, P J Nayak), development-finance institutions, new bank-licence criteria, financial inclusion, NPAs, neo-banks, bad-bank concept, insurance-sector reform, bank privatization, and D-SIBs",0.2098,gs-3-agriculture-land-reforms-colonial-era-ownership-patterns-zamindari-ryotwari-c4481a2d,"Land reforms: colonial-era ownership patterns (Zamindari, Ryotwari, Mahalwari), objectives and progress since Independence, ceiling-legislation progress, NITI Aayog's land-leasing report, and the SVAMITVA scheme",0.1326,gs-insert-tag-proposer-v1,,,,
UPSC-CSE-MAINS-GS-2026-GS3,73fac9bcf548afdc87d0c1ca77f217e5d251534bf51a136b1ca9d1b66a65f183,2026,GS3,2,,Examine the view that financial inclusion is an integral part of social and economic inclusion in a country like India. Also throw light on the usefulness of the R.B.I.’s Financial Inclusion Index.,topic,upsc-cse-mains-gs3,MAPPED,gs-3-indian-economy-planning-resource-mobilization-and-inclusive-growth-inclusiv-af5bdfb0,"Inclusive growth: meaning and concept of inclusion, India's inclusion experience, social-sector initiatives, ground reality of flagship schemes, rural-economy-based growth, sustainable agriculture/food-security linkage, PDS as a growth tool, financial inclusion, poverty-alleviation-and-employment strategy, PPP models, industrial/sectoral/regional diversification, and flagship schemes (Jan Dhan, MUDRA, SETU, Skill India, MGNREGA, Kisan Card, PMKSY, e-NAM, PMJJBY/PMSBY, Atal Pension, Digital India)",0.3539,gs-3-indian-economy-planning-resource-mobilization-and-inclusive-growth-financia-d4d90a56,"Financial system: components, financial institutions (banking and non-banking), financial assets/markets, and the financial system's pandemic-era resilience",0.3083,gs-insert-tag-proposer-v1,,,,
UPSC-CSE-MAINS-GS-2026-GS3,7600d4bf534d79413351b0d6956fae3b78f2f5644a95197d19dd2799f9c6c3e2,2026,GS3,3,,Describe the various Technology Missions initiated in Indian agriculture and examine their role in food security.,topic,upsc-cse-mains-gs3,MAPPED,gs-3-agriculture-technology-in-agriculture-data-revolution-ai-applications-socia-e75fd24f,"Technology in agriculture: data revolution, AI applications, social-security schemes for farmers (climate-smart agriculture, precision farming for input-wastage mitigation)",0.3904,gs-3-agriculture-subsidies-farm-fertiliser-power-irrigation-subsidies-issues-of-3b21b91f,"Subsidies: farm/fertiliser/power/irrigation subsidies, issues of direct/indirect subsidies and MSP, objectives, gainer-loser resource transfer, buffer-stock/food-security issues, and technology missions",0.3394,gs-insert-tag-proposer-v1,,,,
UPSC-CSE-MAINS-GS-2026-GS3,86459a2ecb02fc0a8a799b2c192476b76804821701a1ca035de198fd6d9decee,2026,GS3,4,,Explain the factors responsible for inefficiency of agri-produce marketing. How e-commerce helps to reduce inefficiency of agri-produce marketing? Explain.,topic,upsc-cse-mains-gs3,MAPPED,gs-3-agriculture-agricultural-finance-features-criteria-and-sources-problems-mea-7563b5e3,"Agricultural finance: features, criteria and sources, problems, measures to improve credit flow, co-operative credit societies, derivative trade in agri-commodities, and institutions (commercial banks, lead-bank scheme, RRBs, NABARD, RBI, KCC, SHG-bank linkage, RIDF)",0.1641,gs-3-agriculture-agriculture-marketing-process-and-structure-in-india-importance-37e81b3b,"Agriculture marketing: process and structure in India, importance, government measures (APMC Act analysis, e-NAM)",0.1314,gs-insert-tag-proposer-v1,,,,
UPSC-CSE-MAINS-GS-2026-GS3,0c41ecd0561334ded365d2009e3c5d5bffed7cf67408b01b9c3196663d389387,2026,GS3,5,,"Explain by giving two examples, how biotechnology has helped the Indian farmers in processing their perishable crops.",topic,upsc-cse-mains-gs3,MAPPED,gs-3-science-and-technology-biotechnology-genetic-engineering-process-applicatio-91f34ebc,"Biotechnology: genetic engineering process/applications, genomics/proteomics, RNA technologies, genome sequencing, environmental applications (bioremediation, carbon-capture tech), plant/animal biotechnology (GM crops, transgenics), food/beverage-industry applications, medical applications (gene editing/therapy, molecular diagnosis, PCR, ELISA, stem cells, biopharmaceuticals), bioethics/biopiracy, biosafety protocols, and IPR in biotechnology",0.2751,gs-3-agriculture-crop-insurance-in-india-historical-background-issues-pmfby-and-66fb7aa9,"Crop insurance in India: historical background, issues, PMFBY, and comparison with earlier schemes",0.1808,gs-insert-tag-proposer-v1,,,,
UPSC-CSE-MAINS-GS-2026-GS3,91aebe7af62f361424476a20f8f1abd774f3f3a75edf0329a66afa521983eac2,2026,GS3,6,,"Distinguish between a Fast Breeder Reactor (FBR) and a thermal nuclear reactor. In the context of first indigenously developed prototype FBR at Kalpakkam, explain the term ‘criticality’. What are its implications for ose energy future of our country?",topic,upsc-cse-mains-gs3,MAPPED,gs-3-science-and-technology-nuclear-energy-reaction-types-civil-military-applica-fe7dbcc0,"Nuclear energy: reaction types, civil/military applications, fuel cycle and centrifugation, reactor types, India's nuclear policy, radioactive-waste management, nuclear/radiological disaster preparedness, and institutions (DAE, AERB, BARC, IGCAR)",0.2851,gs-3-disaster-management-natural-and-man-made-disasters-india-s-vulnerability-pr-0cd3c015,"Natural and man-made disasters: India's vulnerability profile — earthquakes, tsunamis, landslides, floods, droughts, epidemics, nuclear-reactor explosions, dam collapse, gas leakage, oil spills, volcanic eruptions, forest fires, chemical spills, hazardous-material spills, explosives, chemical/biological attacks, nuclear blasts, rail/airline crashes, groundwater poisoning",0.1514,gs-insert-tag-proposer-v1,,,,
UPSC-CSE-MAINS-GS-2026-GS3,151b16bd66068c294df5a82e0ecf2dcba66f47d87c96cd5cd4891b794ab803f8,2026,GS3,7,,"Discuss how the contradiction between ‘rapid infrastructure development’ and ‘disaster-risk reduction’ in ecologically-sensitive areas of India can be managed, with suitable examples.",topic,upsc-cse-mains-gs3,MAPPED,gs-3-disaster-management-institutional-policy-frameworks-national-disaster-manag-0640b32c,"Institutional & policy frameworks: National Disaster Management Plan updates, PM's Ten-Point DRR Agenda, India's Atmanirbharta in disaster management, disaster-risk financing (G20), Coalition for Disaster Resilient Infrastructure (CDRI)",0.3282,gs-3-disaster-management-disaster-management-preparedness-and-mitigation-communi-20479bc5,"Disaster management, preparedness and mitigation: community-based management, government initiatives, National Disaster Management Act 2005, global DRR frameworks (Sendai vs earlier Hyogo Framework), disaster insurance, media's role, gender-sensitive disaster response, disaster-management cycle, NGO role, and pre-disaster preparation",0.309,gs-insert-tag-proposer-v1,,,,
UPSC-CSE-MAINS-GS-2026-GS3,c9ccdfd2514618e18ab1d594f69fa50f060d85e4ff44ec6876598330bbad0648,2026,GS3,8,,Discuss the aim and goals of Kunming-Montreal global biodiversity framework. Mention India’s commitments and initiatives to achieve the goals and targets of this framework giving suitable examples.,topic,upsc-cse-mains-gs3,MAPPED,gs-3-disaster-management-disaster-management-preparedness-and-mitigation-communi-20479bc5,"Disaster management, preparedness and mitigation: community-based management, government initiatives, National Disaster Management Act 2005, global DRR frameworks (Sendai vs earlier Hyogo Framework), disaster insurance, media's role, gender-sensitive disaster response, disaster-management cycle, NGO role, and pre-disaster preparation",0.2185,gs-3-indian-economy-planning-resource-mobilization-and-inclusive-growth-monetary-00df1bf6,"Monetary policy: instruments, pre- and post-1991-reform eras, Urjit Patel Committee, and the Monetary Policy Committee's inflation-targeting framework",0.2037,gs-insert-tag-proposer-v1,,,,
UPSC-CSE-MAINS-GS-2026-GS3,42f508bf92e78678374acabf487f831a3c44e2f3591996b23fbeb8442181edbc,2026,GS3,9,,"Explain how fake news and disinformation pose threat to Internal Security and Public Order in Indian context? In this regard, discuss salient features of amendments in respect of Information Technology (Intermediatory Guidelines and Digital Media Ethics Code) Rules 2021.",topic,upsc-cse-mains-gs3,MAPPED,gs-3-internal-security-internal-conflict-law-and-order-naxal-maoist-major-encoun-b60e734b,"Internal conflict & law-and-order: Naxal-Maoist major encounters, communal-tension mitigation, National Security Act applications, UAPA amendments",0.2616,gs-3-internal-security-cyber-information-security-geospatial-data-and-internal-s-1c34e247,"Cyber & information security: geospatial data and internal security, Pegasus-spyware controversy, ransomware (Akira), deepfake threats to social trust",0.2474,gs-insert-tag-proposer-v1,,,,
UPSC-CSE-MAINS-GS-2026-GS3,4bff20c26d8aca96d64d4676bde8a712c38dc1560d8e24c670f3dfbc1cea4d66,2026,GS3,10,,"Ladakh is strategically located between China and Pakistan. As a measure to win hearts and minds of locals, discuss the Border Area Development Programmes (BADP) by the Central Government and civic actions by the Army. Also discuss demand of promulgation of provision of the Sixth Schedule of constitution for Ladakh.",topic,upsc-cse-mains-gs3,MAPPED,gs-3-internal-security-border-territorial-security-india-china-ladakh-border-ten-79a0d177,"Border & territorial security: India-China Ladakh border tensions, India-Pakistan LoC ceasefire, demographic inversion in border areas from illegal immigration, post-Article-370 J&K developments",0.3345,gs-3-internal-security-security-challenges-in-border-areas-challenges-to-border-a90ce481,"Security challenges in border areas: challenges to border management, community-participation approaches, non-demarcated border segments, and eastern-border illegal-migration security challenges",0.1004,gs-insert-tag-proposer-v1,,,,
UPSC-CSE-MAINS-GS-2026-GS3,0b92502d3e3d4cd14fd29795238eb76b3c44aedfc491577318c76c0286dd0b22,2026,GS3,11,,Explain the key challenges for India’s energy security. What measures do you suggest for ensuring energy security along with economic growth and sustainability?,topic,upsc-cse-mains-gs3,MAPPED,gs-3-indian-economy-planning-resource-mobilization-and-inclusive-growth-agricult-aabb2c20,"Agriculture & resource economics: sugar production's groundwater impact, primary agricultural societies, e-technology in agriculture, energy security, clean-energy investment",0.344,gs-3-internal-security-security-challenges-in-border-areas-challenges-to-border-a90ce481,"Security challenges in border areas: challenges to border management, community-participation approaches, non-demarcated border segments, and eastern-border illegal-migration security challenges",0.2376,gs-insert-tag-proposer-v1,,,,
UPSC-CSE-MAINS-GS-2026-GS3,87c4363f36add48a5438be691cb23e22f7292972ae51f8c0eae81b2ac5da4e36,2026,GS3,12,,"How are startups in India promoting entrepreneurship, innovation and employment? Discuss the global and domestic challenges in their working and suggest suitable measures to overcome these challenges.",topic,upsc-cse-mains-gs3,MAPPED,gs-3-internal-security-security-challenges-in-border-areas-challenges-to-border-a90ce481,"Security challenges in border areas: challenges to border management, community-participation approaches, non-demarcated border segments, and eastern-border illegal-migration security challenges",0.2606,gs-3-indian-economy-planning-resource-mobilization-and-inclusive-growth-investme-3cb18d0b,"Investment models: need for and sources/measures of investment, domestic (public/private/PPP) and foreign (FDI/FII) investment models followed by India, and the role of the state",0.2145,gs-insert-tag-proposer-v1,,,,
UPSC-CSE-MAINS-GS-2026-GS3,4223de297353184da700a8b342a1f09e0c2a76960897ee01431b26848bbf109a,2026,GS3,13,,How Indian agriculture has been transformed from food scarcity to food surplus level? Explain the various government policies implemented for diversification of Indian agriculture.,topic,upsc-cse-mains-gs3,MAPPED,gs-3-agriculture-agriculture-marketing-process-and-structure-in-india-importance-37e81b3b,"Agriculture marketing: process and structure in India, importance, government measures (APMC Act analysis, e-NAM)",0.2333,gs-3-agriculture-food-processing-and-related-industries-scope-and-significance-l-8a4b092b,"Food processing and related industries: scope and significance, location, upstream/downstream requirements, supply-chain management, Mega Food Parks, FDI policy, notable sector trends, and budget/policy strategies",0.2242,gs-insert-tag-proposer-v1,,,,
UPSC-CSE-MAINS-GS-2026-GS3,deff5cc89fb9047387ff76016d2a9aa84ba3fa9cc555a85e90f5643be1d96dfb,2026,GS3,14,,Discuss the different types of subsidies and supports provided by the Government of India to agricultural sector. Examine the related issues pertaining to Agreement on Agriculture of World Trade Organisation (WTO).,topic,upsc-cse-mains-gs3,MAPPED,gs-3-indian-economy-planning-resource-mobilization-and-inclusive-growth-foreign-1b474061,"Foreign trade and international organisations: trade policy, India's Balance of Payments (current/capital account performance), exchange-rate determination and convertibility, the Bretton Woods twins (World Bank, IMF), WTO and India, regional development banks (ADB, NDB, BRICS Bank, AIIB), and bilateral/regional/global trade groupings",0.2785,gs-3-agriculture-agriculture-marketing-process-and-structure-in-india-importance-37e81b3b,"Agriculture marketing: process and structure in India, importance, government measures (APMC Act analysis, e-NAM)",0.2202,gs-insert-tag-proposer-v1,,,,
UPSC-CSE-MAINS-GS-2026-GS3,a0210f8da15ad80322d1ce6641fdc73d363f1e660c4973d46d08466cd2490ad5,2026,GS3,15,,Mention salient features of ‘Mission Drishti’. Discuss the imaging techniques used in the satellite launched on 3rd May 2026. Why it is being considered world’s first satellite of its kind?,topic,upsc-cse-mains-gs3,MAPPED,gs-3-disaster-management-early-warning-technology-in-disaster-management-ndrf-ap-815513ac,"Early-warning & technology in disaster management: NDRF App launch, early-warning-system improvements, AI/GIS in disaster prediction, satellite-based monitoring",0.1744,gs-3-science-and-technology-space-technology-orbit-types-launch-vehicle-classifi-de66f56b,"Space technology: orbit types, launch-vehicle classification, major agencies (ISRO, NASA, ESA, Roscosmos, JAXA, CNSA) and their missions, ISRO's national-development role, private-sector/PPP participation, cryogenics/nanosatellites/electric propulsion, satellite communication, remote sensing, navigation systems (GPS, Galileo, GLONASS, NavIC/IRNSS) and outer-space geopolitics",0.1492,gs-insert-tag-proposer-v1,,,,
UPSC-CSE-MAINS-GS-2026-GS3,ece0c91917ad1122ba3d05a512f67c09e3af5313766d7de11ee9ac3c030731f1,2026,GS3,16,,"What is agentic Artificial Intelligence (AI)? Explain its working. Describe its applications with suitable examples. Discuss the advantages, risks and challenges associated with agentic AI systems.",topic,upsc-cse-mains-gs3,MAPPED,gs-3-internal-security-terrorism-threat-to-india-changing-face-of-terrorism-thre-0f1e0ba9,"Terrorism threat to India: changing face of terrorism, threats faced, the broader counter-terrorism framework, and drawbacks in intelligence infrastructure",0.1775,gs-3-science-and-technology-robotics-and-ai-classification-of-robots-advantages-a0b9cf4b,"Robotics and AI: classification of robots, advantages/disadvantages, applications across sectors, neural networks, machine learning/deep learning, and AI-robotics convergence",0.1715,gs-insert-tag-proposer-v1,,,,
UPSC-CSE-MAINS-GS-2026-GS3,e0013f8e69907d6f901ef6659578f48e5ad644abd707875c9a5b0970f54e09f4,2026,GS3,17,,What are the challenges to solid waste management in India? Discuss the governmental policy framework on solid waste management. Discuss the success/ failure cases of Delhi and Indore cities highlighting the salient feature of their solid waste management initiatives.,topic,upsc-cse-mains-gs3,MAPPED,gs-3-environment-ecology-and-bio-diversity-waste-management-solid-hazardous-e-wa-a2e94ba6,"Waste management: solid/hazardous/e-waste/biomedical/plastic-waste categories, management methods, poor-disposal effects, and landfill issues",0.5492,gs-3-environment-ecology-and-bio-diversity-waste-materials-management-microplast-269a70a8,"Waste & materials management: microplastics, single-use-plastics battle, e-waste/solar-waste management, plastic-to-fuel conversion, manufactured sand, Battery Waste Management Rules",0.4044,gs-insert-tag-proposer-v1,,,,
UPSC-CSE-MAINS-GS-2026-GS3,30f7fb03200c79d9cc694860629b537b07af2b89c1ea5f50146559ef45031f2d,2026,GS3,18,,“Community participation is the cornerstone of effective disaster management”. Analyse this statement with suitable examples from India. Also discuss the challenges to community participation and measures to strengthen it.,topic,upsc-cse-mains-gs3,MAPPED,gs-3-internal-security-security-challenges-in-border-areas-challenges-to-border-a90ce481,"Security challenges in border areas: challenges to border management, community-participation approaches, non-demarcated border segments, and eastern-border illegal-migration security challenges",0.3102,gs-3-disaster-management-disaster-management-preparedness-and-mitigation-communi-20479bc5,"Disaster management, preparedness and mitigation: community-based management, government initiatives, National Disaster Management Act 2005, global DRR frameworks (Sendai vs earlier Hyogo Framework), disaster insurance, media's role, gender-sensitive disaster response, disaster-management cycle, NGO role, and pre-disaster preparation",0.3048,gs-insert-tag-proposer-v1,,,,
UPSC-CSE-MAINS-GS-2026-GS3,dfd7322f11026b5080d99b9e58e34941a27ebfe50db325c67c4e639fc6c11eb8,2026,GS3,19,,Separatist movements have been one of the major factors contributing to militancy and instability in Jammu & Kashmir (J & K). Bring out actions taken by the Government to bring J&K into national mainstream. Discuss pre and post abrogation status of Articles 370 and 35A. Also bring out positive impacts of abrogation of both articles in mainstreaming the state.,topic,upsc-cse-mains-gs3,MAPPED,gs-3-internal-security-border-territorial-security-india-china-ladakh-border-ten-79a0d177,"Border & territorial security: India-China Ladakh border tensions, India-Pakistan LoC ceasefire, demographic inversion in border areas from illegal immigration, post-Article-370 J&K developments",0.1655,gs-3-indian-economy-planning-resource-mobilization-and-inclusive-growth-monetary-00df1bf6,"Monetary policy: instruments, pre- and post-1991-reform eras, Urjit Patel Committee, and the Monetary Policy Committee's inflation-targeting framework",0.139,gs-insert-tag-proposer-v1,,,,
UPSC-CSE-MAINS-GS-2026-GS3,f9b4043f6844a1161cfab3e25351331e67deb82c294d45e4da9221af54ba57bc,2026,GS3,20,,Discuss counterfeit currency and money laundering as major sources of terror funding in India. State the actions being taken at International level to check these menaces. Highlight the role of Financial Action Task Force (FATF) and methods of compliance by its member states in preventing terror funding.,topic,upsc-cse-mains-gs3,MAPPED,gs-3-internal-security-money-laundering-and-black-money-meaning-and-harmful-effe-36a2ec4e,"Money laundering and black money: meaning and harmful effects of money laundering, PMLA 2002 provisions as a check on organized crime/terror-financing, parallel economy dimensions, demonetisation's impact on black money, and cross-border money-laundering coordination challenges",0.2318,gs-3-internal-security-defence-preparedness-terror-financing-fatf-s-role-in-curb-7272f8b9,"Defence preparedness & terror financing: FATF's role in curbing terror financing, indigenization of defence production (Atmanirbhar Bharat), induction of S-400/Tejas Mk1A/indigenous missiles, biological/chemical-warfare preparedness (post-Covid), enhancements in intelligence agencies (RAW/IB/NIA)",0.2075,gs-insert-tag-proposer-v1,,,,
UPSC-CSE-MAINS-GS-2026-GS4,06dd4f6e4e052b64274a98ba675eb0efa5a5ef8030d66aad52b9746f824e8908,2026,GS4,1,a,"Owing to paucity of time, a university professor generates a Ph.D. evaluation report using Artificial Intelligence and submits it with some modifications. Discuss this from the perspective of accountability and integrity.",topic,upsc-cse-mains-gs4,MAPPED,gs-4-emotional-intelligence-importance-of-ei-at-the-workplace-and-in-civil-servi-8723fb7f,Importance of EI at the workplace and in civil services; components of EI applied to conflict resolution and crisis-time administrative communication,0.3206,gs-4-emotional-intelligence-theories-associated-with-emotional-intelligence-and-a82db520,Theories associated with emotional intelligence and whether EI can be developed; components of emotional competence,0.204,gs-insert-tag-proposer-v1,,,,
UPSC-CSE-MAINS-GS-2026-GS4,7c04f04e9ec36b9bef0730c0732a4dce30d238135f22d6baff46c32c6ee73580,2026,GS4,1,b,"A business house is working on a project that could displace a forest community from their habitat. As the administrative officer of that district, what ethical challenges are you likely to face?",topic,upsc-cse-mains-gs4,MAPPED,gs-4-applied-ethics-and-case-studies-business-ethics-principles-dimensions-withi-c27e97d6,"Business ethics: principles, dimensions within organisations, business ethics and corporate governance, philanthropy-to-CSR journey, and implementation issues",0.2025,gs-4-probity-in-governance-components-of-a-citizen-s-charter-and-steps-in-its-fo-482aca05,"Components of a Citizen's Charter and steps in its formulation; concept of work culture, the Indian approach to work, methods of improving work culture, and quality of service delivery",0.1669,gs-insert-tag-proposer-v1,,,,
UPSC-CSE-MAINS-GS-2026-GS4,1b5a70bce86a191952b63b9c33ed9d9573a1d92530868d32d42eeb6c4ffa8ecd,2026,GS4,2,a,"An endangered tribe has developed a severe skeletal deformity. A university research has identified a mineral supplement as a possible remedy, though clinical trials are yet to be conducted. Should the District Magistrate (DM) use this research on the tribe?. Discuss from the perspective of medical and administrative ethics.",topic,upsc-cse-mains-gs4,MAPPED,gs-4-applied-ethics-and-case-studies-health-bio-ethics-case-studies-medical-ethi-c30d8eb2,"Health & bio-ethics (case studies): medical ethics (organ transplant, clinical trials), student suicides, stray-dog-management ethics",0.2652,gs-4-applied-ethics-and-case-studies-animal-ethics-research-on-animals-keeping-a-233cb8de,"Animal ethics: research on animals, keeping animals as pets, cruelty against animals",0.1595,gs-insert-tag-proposer-v1,,,,
UPSC-CSE-MAINS-GS-2026-GS4,c9651b3db7e408ab8f857e26dfa0632639174e1105b3896daa92f3b183554e65,2026,GS4,2,b,Discuss how national security can be balanced with concerns of human rights.,topic,upsc-cse-mains-gs4,MAPPED,gs-4-ethics-and-human-interface-ethics-in-public-life-vs-economic-life-freedom-a-cd5f677f,Ethics in public life vs economic life; freedom and discipline; duties and rights; virtue ethics; consequences of ethics in human actions,0.1588,gs-4-applied-ethics-and-case-studies-international-security-ethics-case-studies-76d5799b,"International & security ethics (case studies): ethics in international relations (trade, war, climate finance), arbitration ethics, peacekeeping and humanitarian intervention, ethics of grey-zone warfare",0.1411,gs-insert-tag-proposer-v1,,,,
UPSC-CSE-MAINS-GS-2026-GS4,42dc059f61c85f268801918cc0afc64fc5e4f7a3ccf19a6507f0d47cb3b48fdb,2026,GS4,3,a,Dr. B. R. Ambedkar had cautioned that employing civil disobedience within a constitutional democracy equates to endorsing ‘anarchy’. How should modern democracies navigate the ethical dilemmas posed by civil disobedience movements that aim to promote social justice against policies that may raise genuine concerns?,topic,upsc-cse-mains-gs4,MAPPED,gs-4-public-civil-service-values-and-ethics-in-public-administration-ethical-con-d4849c2f,Ethical concerns/dilemmas in public and private institutions; laws/rules/regulations vs conscience as sources of ethical guidance; accountability and ethical-governance strengthening,0.2293,gs-4-public-civil-service-values-and-ethics-in-public-administration-conscience-638e7bd4,Conscience vs conformity: whistleblowing dilemmas within rule-bound bureaucratic hierarchies (including the Edward Snowden case — legality vs moral obligation to inform the public),0.2084,gs-insert-tag-proposer-v1,,,,
UPSC-CSE-MAINS-GS-2026-GS4,18b859fa6731f241f3e1d8fb7a16e5f7573af40fec861e3a66c8132d37676753,2026,GS4,3,b,In what ways can an Indian Administrative Officer apply Gandhi’s notion of ‘trusteeship’ to ensure fairness in governance?,topic,upsc-cse-mains-gs4,MAPPED,gs-4-human-values-contributions-of-moral-thinkers-and-administrative-thinkers-fr-ba807afb,"Frequently cited quotation-anchors for ethics answer-writing: Gandhi's 'Seven Sins' and 'the weak can never forgive'; Socrates' 'an unexamined life is not worth living'; Nehru on awakening women as key to awakening the nation; Jefferson's 'honesty is the first chapter in the book of wisdom' (intellectual vs functional honesty); Warren Buffett's 'integrity, intelligence, energy' hiring framework; and comparable Lincoln/Gandhi/Tirukkural anchors",0.1708,gs-4-human-values-contributions-of-moral-thinkers-and-administrative-thinkers-in-3545b522,"Indian moral/spiritual exemplars used as case anchors: Mahatma Gandhi, Dr S. Radhakrishnan, Rabindranath Tagore, Swami Dayanand Saraswati, Mahadeva Govinda Ranade, Sri Aurobindo, Swami Vivekananda, Sardar Patel, B.R. Ambedkar, Raja Ram Mohan Roy, Chhatrapati Shahu Maharaj, Kautilya's classical administrative-ethics ideals",0.1566,gs-insert-tag-proposer-v1,,,,
UPSC-CSE-MAINS-GS-2026-GS4,219745b03cc21537198e6f34dced8efafc83331a06baaba77f0b717c7f7e099e,2026,GS4,3,c,"Shakespeare in Henry IV says, “The arms are fair when the intent of bearing them is just”. What ethical implications does this have in governance?",topic,upsc-cse-mains-gs4,MAPPED,gs-4-public-civil-service-values-and-ethics-in-public-administration-ethical-con-d4849c2f,Ethical concerns/dilemmas in public and private institutions; laws/rules/regulations vs conscience as sources of ethical guidance; accountability and ethical-governance strengthening,0.2775,gs-4-public-civil-service-values-and-ethics-in-public-administration-corporate-g-a52a65a1,"Corporate governance: concept, models of Corporate Social Responsibility, World Bank steps for good corporate governance, and norms for corporate governance in India; concept of business ethics",0.2127,gs-insert-tag-proposer-v1,,,,
UPSC-CSE-MAINS-GS-2026-GS4,6d276d2b7b5afc6bb02cb0605d08df0856371665cdd2e785d38d01067b863c01,2026,GS4,4,a,"Citing the serious adverse effects of long-term medication, a doctor convinces the family of a female patient for surgery. This led the patient to reluctantly consent for the surgery, though her original choice was to opt for medication. Explain the concepts of paternalism and beneficence by analysing the doctor’s action.",topic,upsc-cse-mains-gs4,MAPPED,gs-4-ethics-and-human-interface-values-and-ethics-in-government-the-family-s-con-d2b048fc,Values and ethics in government; the family's contribution to value education; role of family/society/educational institutions in inculcating values,0.1559,gs-4-applied-ethics-and-case-studies-case-studies-crisis-resource-allocation-dil-cd93ac63,"Case studies: crisis & resource-allocation dilemmas: drought-relief tanker capture by a 'tanker mafia', disaster resource-allocation triage (elite vs marginalised site), law-and-order vs root-cause balancing (illicit liquor), government-doctor private-practice neglect with union-strike threat",0.1325,gs-insert-tag-proposer-v1,,,,
UPSC-CSE-MAINS-GS-2026-GS4,61202d86848eee3cdf1c53a14af6f45e7c2e75dcdf49c5cb4926bf272f959763,2026,GS4,4,b,"Efficiency is doing things right, while effectiveness is doing the right thing. How do you strike a balance between the two to enhance productivity?",topic,upsc-cse-mains-gs4,MAPPED,gs-4-applied-ethics-and-case-studies-public-discourse-rights-ethics-case-studies-1c38c2e1,"Public discourse & rights ethics (case studies): internet-shutdown ethics, free speech on social media, social-media influencing, moral policing, identity politics and gender justice, sex-workers'/LGBTQIA+ rights, reproductive rights, 'wokeism' debates",0.1737,gs-4-probity-in-governance-accountability-vs-responsibility-distinguishing-the-t-589a9779,Accountability vs Responsibility: distinguishing the two with a suitable example; utilisation of public funds and problems in fund release/utilisation; parliamentary control on expenditure,0.1405,gs-insert-tag-proposer-v1,,,,
UPSC-CSE-MAINS-GS-2026-GS4,0c62eb132ccfaba8785f5e3c3ffa9044d54934603e7cc465eaeb9f9408ee3887,2026,GS4,5,a,"Usually schools, working in remote areas, do not fully comply with government regulations. However, if the rules are enforced strictly, it would lead to most schools closing down. How should an administrator strike a balance between enforcement of rules and educational rights of children?",topic,upsc-cse-mains-gs4,MAPPED,gs-4-applied-ethics-and-case-studies-case-studies-welfare-access-exclusion-dilem-89b6022e,"Case studies: welfare-access & exclusion dilemmas: digital/biometric exclusion of a genuine welfare beneficiary, biometric-mandate exclusion of poor/labour children, eligibility-criteria strict-rule-vs-humane-exception dilemmas",0.1547,gs-4-public-civil-service-values-and-ethics-in-public-administration-judicial-in-e58f5ced,"Judicial independence as a democratic prerequisite, and where judicial overreach threatens democratic balance",0.1431,gs-insert-tag-proposer-v1,,,,
UPSC-CSE-MAINS-GS-2026-GS4,ebe1dc9238c636907ff52004ac3975ce94c326c5ba7385bf217299996de74a0d,2026,GS4,5,b,"In international relations, ethical considerations are often subjugated to the strategic interests of nation-states. Discuss this from an ethical perspective.",topic,upsc-cse-mains-gs4,MAPPED,gs-4-public-civil-service-values-and-ethics-in-public-administration-moral-judge-a6a666fb,Moral judgements in international relations; ethical relation in funding international relations and the concept of moral responsibility; ethics in the working of international organisations,0.4675,gs-4-public-civil-service-values-and-ethics-in-public-administration-ethical-con-d4849c2f,Ethical concerns/dilemmas in public and private institutions; laws/rules/regulations vs conscience as sources of ethical guidance; accountability and ethical-governance strengthening,0.3408,gs-insert-tag-proposer-v1,,,,
UPSC-CSE-MAINS-GS-2026-GS4,de5b35f4aefa6a4259648d8eb191a937efee9672bac05e01992b9de564fc024c,2026,GS4,6,a,"On the request of his Personal Assistant (PA), the District Magistrate (DM) stops the transfer of a schoolteacher who takes private tuition for his daughter diagnosed with learning disability. In this context, discuss the aspects of empathy versus compliance with rules.",topic,upsc-cse-mains-gs4,MAPPED,gs-4-applied-ethics-and-case-studies-case-studies-public-service-integrity-corru-7b1cbb9a,"Case studies: public-service integrity & corruption dilemmas: welfare-scheme 'ghost beneficiary' fraud amid caste sensitivities, law-enforcement bribery from an illegal-mining network, superior's personal-gain conflict-of-interest request, tax officer's technical-vs-substantial-compliance discretion, food/drug-safety-regulator cover-up offer",0.2186,gs-4-aptitude-and-foundational-values-for-civil-service-can-an-administrator-suc-68315897,"Can an administrator succeed on aptitude alone, without integrity? — the integrity-vs-competence debate; impartiality maintenance under political transfer-posting pressures",0.1303,gs-insert-tag-proposer-v1,,,,
UPSC-CSE-MAINS-GS-2026-GS4,10563b7c3290c8a923ab6f3b70b67f1c4fee433d720ffe11d9b31364f0781923,2026,GS4,6,b,Some moral philosophers argue that spending some of your resources— without significantly affecting your financial stability—to help other people who badly suffer is our moral duty and not merely a matter of charity. Justify this claim by explaining the distinction between duty and charity.,topic,upsc-cse-mains-gs4,MAPPED,gs-4-attitude-moral-and-political-attitude-formation-distinguishing-attitude-fro-215538a3,Moral and political attitude formation; distinguishing 'attitude' from 'belief' and how cognitive dissonance affects internal alignment,0.1728,gs-4-probity-in-governance-concept-of-public-service-and-the-philosophical-basis-912978f7,Concept of public service and the philosophical basis of governance/probity; public servants as 'trustees' of public power and financial resources,0.171,gs-insert-tag-proposer-v1,,,,
UPSC-CSE-MAINS-GS-2026-GS4,373683795ff2e87891abebe5c3ae8031edeb34f4bbac3587aac99eeeade3e6ef,2026,GS4,7,,"Lata, a mother of two children, was admitted to a hospital for acute abdominal pain. Her sister-in-law, Sujatha, accompanied her. Dr. Mansi examined Lata and recommended a diagnostic laparoscopy. Lata’s consent was taken to conduct the medical procedure under general anesthesia. During the laparoscopy, Dr. Mansi’s team discovered a tumor in Lata’s uterus. A closer examination suggested that the tumor could be malignant. One option before Dr. Mansi was to extract a sample for biopsy. In that case, if the tumor was malignant, Lata would have to undergo another surgery for removal of the uterus. An alternative was to remove the uterus immediately. Dr. Mansi had to take a quick decision. As Lata was under general anesthesia, Dr. Mansi explained the situation to Sujatha. Sujatha agreed with Dr. Mansi’s recommendations for a hysterectomy, wherein Lata’s uterus would be removed to avoid the risk and pain of undergoing another surgery. Dr. Mansi removed Lata’s uterus after receiving Sujatha’s consent in writing. Lata was informed of this the next day. She was very upset and felt betrayed as she had not consented to the removal of her uterus. Lata complained to the police who tried to convince her that Dr. Mansi had acted with good intention to help a patient. Sujatha was of the same opinion, however Lata was not convinced and decided to approach the court. (a) Discuss the ethical issues involved in this case. (b) Discuss the moral conduct of the doctor in this situation.",topic,upsc-cse-mains-gs4,MAPPED,gs-4-probity-in-governance-information-sharing-transparency-and-right-to-informa-81491ff7,"Information sharing, transparency and Right to Information: importance of vigilant citizens, information-sharing/participation, flaws in RTI and improvement recommendations",0.1592,gs-4-applied-ethics-and-case-studies-case-studies-public-safety-procurement-dile-e4c66f45,"Case studies: public-safety & procurement dilemmas under pressure: infrastructure-safety cover-up under election-timeline pressure, defence-procurement L1-vs-clean-bidder dilemma, clinical-trial consent violations vs public-health urgency",0.1307,gs-insert-tag-proposer-v1,,,,
UPSC-CSE-MAINS-GS-2026-GS4,c960d5bb4101a7b9103c7abc960c60efd3648bb50125d7cd46b0845e40c69e4a,2026,GS4,8,,"Ravi is a senior police officer with vast experience in riot control and cyber-policing. Since one year, he has been the Superintendent of Police (SP) of a district with a history of frequent rioting. Last year, Ravi had sought installation of an AI enabled software for predictive policing. This system has been operational for approximately six months. This new system employs advanced algorithms for capturing the biometric data of persons in a crowd and swiftly relating it to a data library. This has enabled the police to identify the persons involved in various crimes. The system has identified an immigrant and low-income neighbourhood as a centre for gang violence and drug trafficking. Aided by this AI analysis, the local police has focused its patrolling, preventive detentions and establishing checkposts. Consequently, public order and law enforcement has visibly improved. Last week, some community leaders, civil rights lawyers and human rights activists visited Ravi’s office. They submitted a memorandum that the new system is faulty as it is based on incorrect historical data caused by social biases and discriminatory policing. The memorandum also alleges that the increased surveillance has created a climate of tension amongst residents. This feeling is aggravated by the fact that the residents are not aware of the data noted against their names. (a) What are the ethical issues including biases involved in the use of AI in datadriven policing? (b) Place yourself in Ravi’s role and discuss the alternatives available. Justify the action that optimises compliance with ethics.",topic,upsc-cse-mains-gs4,MAPPED,gs-4-applied-ethics-and-case-studies-public-discourse-rights-ethics-case-studies-1c38c2e1,"Public discourse & rights ethics (case studies): internet-shutdown ethics, free speech on social media, social-media influencing, moral policing, identity politics and gender justice, sex-workers'/LGBTQIA+ rights, reproductive rights, 'wokeism' debates",0.2026,gs-4-probity-in-governance-constitutional-morality-concept-and-how-it-is-enforce-3d3ec0b2,'Constitutional morality': concept and how it is enforced in a democratic system; social auditing as more than financial verification — an instrument of ethical governance,0.1746,gs-insert-tag-proposer-v1,,,,
UPSC-CSE-MAINS-GS-2026-GS4,91a0603c5571054ceeadbf3ccd7cec0b8183e9094a323534bf372c327c126124,2026,GS4,9,,"Seema is a senior bureaucrat with a reputation of honesty and professional efficiency. She has recently been posted as the District Collector (DC) to Surinder Nagar, where a large industrial area is being established. The new industrial area had caused many farmers to submit applications for change of land use (CLU) to convert their farmlands into residential areas. There is an unusually large backlog of these applications awaiting processing. Seema noticed that some applications had been approved selectively with no visible chronological pattern. The case files showed a few complaints of some approvals being subject to receipt of large bribes from the applicants. On further fact-finding, Seema realized that a small group of touts was controlling this illegal activity through some subordinate officials in the Collectorate. This had created a fear in the other employees who were reluctant to process any application. The resultant backlog has been piling up thereby hindering local economic progress and causing public dissatisfaction. Seema was faced with a major moral and administrative challenge of dismantling this corruption network without hampering daily administrative operations. An aggressive internal investigation would result in institutional resistance and, possibly, a backlash from labour unions. Conversely, ignoring this situation would encourage the wrongdoers and unnecessarily continue this avoidable harassment to the populace. (a) What are the ethical issues involved in this case? (b) Discuss the options open to Seema. Identify the recommended option and justify it.",topic,upsc-cse-mains-gs4,MAPPED,gs-4-applied-ethics-and-case-studies-case-studies-whistleblowing-disclosure-conf-e72e58a3,"Case studies: whistleblowing, disclosure & confidentiality dilemmas: whistleblower/suspect pleading humanitarian delay, workplace-harassment complaint with a confidentiality request, industrial-pollution complaint against a politically-connected employer",0.1838,gs-4-public-civil-service-values-and-ethics-in-public-administration-conflict-of-9db537a4,"Conflict of interest: definition, actual vs potential conflicts, with illustrative examples; administrative value conflicts in maintaining political neutrality while processing sensitive files",0.1351,gs-insert-tag-proposer-v1,,,,
UPSC-CSE-MAINS-GS-2026-GS4,142cef075e1dc1d6c0321f57d048ed58ea0a9e4450db65a1c06e08264c1ed1c4,2026,GS4,10,,"Vikas is a government officer with over a decade of service in public administration. He has recently moved as the District Collector (DC) of Nainipura, a remote hilly district bordering a forest. Due to Nainipura’s low levels of economic development, one of his major duties is to ensure proper functioning of the public distribution system (PDS) amongst the economically weaker sections (EWS). During his on-site visits, Vikas was apprised of a typical administrative challenge in operating the PDS. To prevent leakages, all distributors were required to carry out real-time biometric identification of the beneficiaries, whose fingerprints were tallied with identity card records. This was creating problems as the operating system sometimes rejected fingerprint matching in the cases of growing children, manual labourers and senior citizens. The problem was further compounded in periods of low WiFi connectivity. The distributors, in such cases, resorted to personal discretion when they could identify the recipient. Vikas had to address this problem on priority. Strictly adhering to government regulations would ensure fiscal probity but would greatly trouble the proposed beneficiary, i.e., EWS. It may even impinge on their fundamental right to life as per Article 21 of the Constitution. Conversely, leaving the resolution solely to the discretion of the distributors could lead to misuse and leakages. (a) What are the options open to Vikas? How should he balance fiscal probity with empathy towards the designated beneficiaries? (b) Discuss the ethics of using technology as a gatekeeper for welfare schemes.",topic,upsc-cse-mains-gs4,MAPPED,gs-4-applied-ethics-and-case-studies-case-studies-welfare-access-exclusion-dilem-89b6022e,"Case studies: welfare-access & exclusion dilemmas: digital/biometric exclusion of a genuine welfare beneficiary, biometric-mandate exclusion of poor/labour children, eligibility-criteria strict-rule-vs-humane-exception dilemmas",0.2187,gs-4-applied-ethics-and-case-studies-case-studies-public-service-integrity-corru-7b1cbb9a,"Case studies: public-service integrity & corruption dilemmas: welfare-scheme 'ghost beneficiary' fraud amid caste sensitivities, law-enforcement bribery from an illegal-mining network, superior's personal-gain conflict-of-interest request, tax officer's technical-vs-substantial-compliance discretion, food/drug-safety-regulator cover-up offer",0.2126,gs-insert-tag-proposer-v1,,,,
UPSC-CSE-MAINS-GS-2026-GS4,2cebb6fff2ceda5e00d5ef5c5abcd02b5edc5e2cc2ee3064b3997383ab431e54,2026,GS4,11,,"Rajapuram is a border district. Jhara and Biru, its two major communities are in continual conflict with each other. The social fabric is fractured and demands mending. Ethnic tensions between the two communities have erupted into violence resulting in a large number of deaths. The stated causes are conflicting land claims, uneven resource allocation and inadequate political representation in government bodies. Separate relief camps had to be created for the two communities. The situation is volatile and appears to be getting out of control. Rajan has been appointed the District Magistrate (DM) of Rajapuram and tasked to quickly get the situation under control. His immediate tasks include restoring administrative authority, reopening the highway and initiating peace talks. On taking over his appointment, Rajan realized that the inter-community rivalry had even seeped into the local administration and police. With functional neutrality being the immediate casualty, it had made both communities distrustful of the government. The neighbouring country could utilize the opportunity to spur insurgent activity and further aggravate the situation. Rajan favoured a controlled approach starting with opening the highway to restore food and medical supplies. He toyed with the idea of requisitioning CRPF units to help restore administrative control. (a) Discuss the ethical issues that need to be addressed in this case. (b) What are the options open to Rajan? Which option would ensure protection of his non-partisan image without compromising ethics?",topic,upsc-cse-mains-gs4,MAPPED,gs-4-public-civil-service-values-and-ethics-in-public-administration-conflict-of-9db537a4,"Conflict of interest: definition, actual vs potential conflicts, with illustrative examples; administrative value conflicts in maintaining political neutrality while processing sensitive files",0.2512,gs-4-probity-in-governance-accountability-vs-responsibility-distinguishing-the-t-589a9779,Accountability vs Responsibility: distinguishing the two with a suitable example; utilisation of public funds and problems in fund release/utilisation; parliamentary control on expenditure,0.2483,gs-insert-tag-proposer-v1,,,,
UPSC-CSE-MAINS-GS-2026-GS4,d2f6056140e35fc6807d0fb20b2bf90a0d8a7997963e12418560ab6936927c9f,2026,GS4,12,,"Ajit has been recently promoted as the Head of the Department of Weapon Sales (DWS) in the Ministry of Defence Production (MDP). His charter of duties includes international sales of weapons produced domestically by MDP. In two recent wars, MDP weapons have performed admirably, resulting in many countries showing interest in buying them, particularly long-range artillery and missiles. Country A and country B have asked for these weapons. However, production constraints restrict DWS to accept only one purchase order. Country A is a developing nation with a sound technology base. MDP is planning R&D collaboration with it for the next generation of weapons. It is not part of any security alliance and needs weapons for protection from a troublesome neighbour. It seeks a large acquisition on a long-term loan. Country B is also a developing nation. Military strength is its priority, with the military budget often ingressing into allocations for human resources and infrastructure development. It is in security alliance with a superpower who hasa large military base there and periodically allots it financial grants. It is a member of an economic bloc with which the government is currently negotiating a free trade agreement. It is not a signatory of NPT but possesses smaller nuclear weapons and delivery systems. It supports some guerrilla forces abroad. It has sought a smaller acquisition and is prepared to make some advance payment. It is currently negotiating arms purchases from another nation too. Ajit discussed this case with his counterparts in the related departments. Therein, the significant economic benefits, employment generation and stronger diplomatic relations arising from this sale were highlighted. It was also emphasized that refusing the deal could result in country B purchasing weapons from some other supplier. Ajit was aware that in arms sales, due diligence at each stage was pivotal to ensure conformity to national policy and international treaties. (a) Discuss the options available to Ajit. Which option should he select and why? (b) How can Ajit balance nation’s economic and strategic interests with ethical considerations?",topic,upsc-cse-mains-gs4,MAPPED,gs-4-applied-ethics-and-case-studies-international-security-ethics-case-studies-76d5799b,"International & security ethics (case studies): ethics in international relations (trade, war, climate finance), arbitration ethics, peacekeeping and humanitarian intervention, ethics of grey-zone warfare",0.1524,gs-4-applied-ethics-and-case-studies-ethics-related-to-economic-sanctions-why-sa-196512cb,Ethics related to economic sanctions: why sanctions are placed and the ethics of imposing them,0.1519,gs-insert-tag-proposer-v1,,,,
